record_id,split
train_0,train
train_1,train
train_10,train
train_100,train
train_1000,train
train_10000,train
train_10001,train
train_10005,train
train_10006,train
train_10007,train
train_10008,train
train_10009,train
train_1001,train
train_10010,train
train_10012,train
train_10014,train
train_10015,train
train_10016,train
train_10018,train
train_10019,train
train_1002,train
train_10021,train
train_10022,train
train_10023,train
train_10024,train
train_10025,train
train_10026,train
train_10027,train
train_10029,train
train_1003,train
train_10030,train
train_10032,train
train_10033,train
train_10034,train
train_10035,train
train_10036,train
train_10038,train
train_10039,train
train_10040,train
train_10041,train
train_10044,train
train_10045,train
train_10046,train
train_10047,train
train_10048,train
train_10049,train
train_1005,train
train_10050,train
train_10051,train
train_10052,train
train_10053,train
train_10056,train
train_10057,train
train_10058,train
train_10059,train
train_1006,train
train_10060,train
train_10061,train
train_10062,train
train_10063,train
train_10064,train
train_10065,train
train_10066,train
train_10068,train
train_10069,train
train_1007,train
train_10070,train
train_10071,train
train_10072,train
train_10073,train
train_10074,train
train_10075,train
train_10076,train
train_10077,train
train_10078,train
train_10079,train
train_1008,train
train_10080,train
train_10081,train
train_10082,train
train_10083,train
train_10084,train
train_10085,train
train_10086,train
train_10087,train
train_10088,train
train_10089,train
train_1009,train
train_10090,train
train_10092,train
train_10093,train
train_10094,train
train_10095,train
train_10096,train
train_10097,train
train_10098,train
train_10099,train
train_1010,train
train_10100,train
train_10103,train
train_10104,train
train_10105,train
train_10109,train
train_1011,train
train_10111,train
train_10112,train
train_10113,train
train_10114,train
train_10115,train
train_10116,train
train_10117,train
train_10118,train
train_10119,train
train_10121,train
train_10122,train
train_10124,train
train_10125,train
train_10126,train
train_10127,train
train_10128,train
train_10129,train
train_1013,train
train_10130,train
train_10131,train
train_10132,train
train_10133,train
train_10134,train
train_10136,train
train_10137,train
train_10139,train
train_10140,train
train_10141,train
train_10142,train
train_10143,train
train_10144,train
train_10145,train
train_10146,train
train_10147,train
train_1015,train
train_10150,train
train_10151,train
train_10152,train
train_10153,train
train_10154,train
train_10155,train
train_10156,train
train_10157,train
train_10158,train
train_10159,train
train_1016,train
train_10163,train
train_10164,train
train_10166,train
train_10167,train
train_10168,train
train_1017,train
train_10170,train
train_10171,train
train_10172,train
train_10173,train
train_10174,train
train_10175,train
train_10176,train
train_10177,train
train_10178,train
train_10179,train
train_10180,train
train_10181,train
train_10182,train
train_10184,train
train_10186,train
train_10187,train
train_10188,train
train_10189,train
train_1019,train
train_10190,train
train_10191,train
train_10192,train
train_10193,train
train_10194,train
train_10195,train
train_10196,train
train_10197,train
train_10198,train
train_10199,train
train_102,train
train_1020,train
train_10200,train
train_10202,train
train_10203,train
train_10204,train
train_10206,train
train_10207,train
train_10208,train
train_10209,train
train_1021,train
train_10210,train
train_10211,train
train_10212,train
train_10213,train
train_10214,train
train_10215,train
train_10216,train
train_10218,train
train_10219,train
train_1022,train
train_10221,train
train_10222,train
train_10226,train
train_10227,train
train_10228,train
train_10229,train
train_1023,train
train_10231,train
train_10233,train
train_10235,train
train_10236,train
train_10237,train
train_10238,train
train_10239,train
train_1024,train
train_10240,train
train_10241,train
train_10242,train
train_10243,train
train_10244,train
train_10245,train
train_10246,train
train_10247,train
train_10248,train
train_10249,train
train_1025,train
train_10251,train
train_10252,train
train_10254,train
train_10255,train
train_10256,train
train_10257,train
train_10258,train
train_1026,train
train_10260,train
train_10261,train
train_10262,train
train_10263,train
train_10266,train
train_10267,train
train_10268,train
train_10269,train
train_1027,train
train_10270,train
train_10273,train
train_10274,train
train_10275,train
train_10276,train
train_10277,train
train_10278,train
train_10279,train
train_1028,train
train_10280,train
train_10281,train
train_10284,train
train_10285,train
train_10288,train
train_10289,train
train_1029,train
train_10290,train
train_10291,train
train_10293,train
train_10294,train
train_10295,train
train_10296,train
train_10297,train
train_10298,train
train_10299,train
train_103,train
train_10300,train
train_10301,train
train_10302,train
train_10303,train
train_10304,train
train_10305,train
train_10306,train
train_10307,train
train_10308,train
train_10309,train
train_1031,train
train_10312,train
train_10313,train
train_10314,train
train_10315,train
train_10316,train
train_10317,train
train_10318,train
train_10319,train
train_1032,train
train_10320,train
train_10321,train
train_10322,train
train_10323,train
train_10325,train
train_10326,train
train_10328,train
train_10329,train
train_1033,train
train_10330,train
train_10331,train
train_10332,train
train_10333,train
train_10334,train
train_10335,train
train_10336,train
train_10337,train
train_10338,train
train_10339,train
train_1034,train
train_10340,train
train_10341,train
train_10342,train
train_10343,train
train_10344,train
train_10346,train
train_10347,train
train_10348,train
train_10349,train
train_1035,train
train_10350,train
train_10351,train
train_10352,train
train_10353,train
train_10356,train
train_10357,train
train_10358,train
train_10359,train
train_1036,train
train_10360,train
train_10361,train
train_10362,train
train_10363,train
train_10365,train
train_10366,train
train_10367,train
train_10368,train
train_10369,train
train_10370,train
train_10371,train
train_10372,train
train_10373,train
train_10374,train
train_10375,train
train_10376,train
train_10377,train
train_10378,train
train_10380,train
train_10381,train
train_10382,train
train_10383,train
train_10385,train
train_10386,train
train_10388,train
train_10389,train
train_1039,train
train_10391,train
train_10392,train
train_10395,train
train_10396,train
train_104,train
train_1040,train
train_10400,train
train_10402,train
train_10403,train
train_10404,train
train_10405,train
train_10406,train
train_10407,train
train_10408,train
train_10409,train
train_1041,train
train_10410,train
train_10412,train
train_10413,train
train_10414,train
train_10416,train
train_10417,train
train_10418,train
train_10419,train
train_1042,train
train_10420,train
train_10421,train
train_10422,train
train_10424,train
train_10425,train
train_10426,train
train_10427,train
train_10428,train
train_1043,train
train_10430,train
train_10431,train
train_10433,train
train_10434,train
train_10435,train
train_10436,train
train_10437,train
train_10438,train
train_10439,train
train_1044,train
train_10440,train
train_10441,train
train_10442,train
train_10444,train
train_10445,train
train_10446,train
train_10448,train
train_10449,train
train_1045,train
train_10450,train
train_10451,train
train_10453,train
train_10454,train
train_10455,train
train_10456,train
train_10457,train
train_10458,train
train_1046,train
train_10460,train
train_10461,train
train_10462,train
train_10463,train
train_10464,train
train_10465,train
train_10466,train
train_10467,train
train_10468,train
train_10469,train
train_1047,train
train_10470,train
train_10471,train
train_10472,train
train_10473,train
train_10475,train
train_10476,train
train_10477,train
train_10478,train
train_10479,train
train_1048,train
train_10480,train
train_10482,train
train_10483,train
train_10485,train
train_10488,train
train_10489,train
train_1049,train
train_10491,train
train_10492,train
train_10494,train
train_10495,train
train_10496,train
train_10497,train
train_10498,train
train_10499,train
train_105,train
train_1050,train
train_10500,train
train_10501,train
train_10502,train
train_10503,train
train_10505,train
train_10506,train
train_10507,train
train_10509,train
train_10510,train
train_10512,train
train_10516,train
train_10517,train
train_10518,train
train_1052,train
train_10521,train
train_10522,train
train_10525,train
train_10527,train
train_10528,train
train_10529,train
train_1053,train
train_10530,train
train_10531,train
train_10532,train
train_10533,train
train_10535,train
train_10536,train
train_10538,train
train_1054,train
train_10540,train
train_10541,train
train_10542,train
train_10543,train
train_10544,train
train_10545,train
train_10546,train
train_10547,train
train_10548,train
train_10549,train
train_10551,train
train_10552,train
train_10553,train
train_10554,train
train_10556,train
train_10558,train
train_10559,train
train_1056,train
train_10560,train
train_10561,train
train_10562,train
train_10563,train
train_10565,train
train_10567,train
train_10568,train
train_10569,train
train_10570,train
train_10571,train
train_10574,train
train_10575,train
train_10578,train
train_10579,train
train_1058,train
train_10581,train
train_10582,train
train_10583,train
train_10584,train
train_10586,train
train_10587,train
train_10588,train
train_10589,train
train_1059,train
train_10590,train
train_10591,train
train_10592,train
train_10593,train
train_10594,train
train_10595,train
train_10598,train
train_10599,train
train_106,train
train_1060,train
train_10601,train
train_10603,train
train_10604,train
train_10605,train
train_10606,train
train_10607,train
train_10608,train
train_10609,train
train_1061,train
train_10610,train
train_10611,train
train_10612,train
train_10613,train
train_10615,train
train_10617,train
train_10618,train
train_10619,train
train_1062,train
train_10620,train
train_10621,train
train_10622,train
train_10623,train
train_10624,train
train_10625,train
train_10626,train
train_10627,train
train_1063,train
train_10630,train
train_10631,train
train_10632,train
train_10633,train
train_10636,train
train_10638,train
train_1064,train
train_10640,train
train_10641,train
train_10642,train
train_10643,train
train_10645,train
train_10648,train
train_10649,train
train_1065,train
train_10650,train
train_10651,train
train_10653,train
train_10656,train
train_10657,train
train_10658,train
train_10659,train
train_1066,train
train_10660,train
train_10661,train
train_10662,train
train_10663,train
train_10664,train
train_10665,train
train_10666,train
train_10668,train
train_10669,train
train_10671,train
train_10672,train
train_10673,train
train_10674,train
train_10677,train
train_10678,train
train_10679,train
train_10680,train
train_10681,train
train_10682,train
train_10683,train
train_10685,train
train_10686,train
train_10687,train
train_10688,train
train_10690,train
train_10691,train
train_10692,train
train_10693,train
train_10694,train
train_10696,train
train_10697,train
train_10698,train
train_10699,train
train_107,train
train_1070,train
train_10700,train
train_10702,train
train_10703,train
train_10704,train
train_10705,train
train_10706,train
train_10707,train
train_10708,train
train_10709,train
train_10710,train
train_10711,train
train_10712,train
train_10713,train
train_10715,train
train_10716,train
train_10717,train
train_10718,train
train_1072,train
train_10723,train
train_10724,train
train_10725,train
train_10726,train
train_10727,train
train_10728,train
train_10729,train
train_10730,train
train_10731,train
train_10732,train
train_10733,train
train_10734,train
train_10735,train
train_10737,train
train_10738,train
train_10739,train
train_1074,train
train_10740,train
train_10741,train
train_10742,train
train_10743,train
train_10744,train
train_10745,train
train_10746,train
train_10747,train
train_10748,train
train_10749,train
train_1075,train
train_10750,train
train_10751,train
train_10753,train
train_10754,train
train_10755,train
train_10756,train
train_10759,train
train_1076,train
train_10760,train
train_10761,train
train_10762,train
train_10763,train
train_10765,train
train_10767,train
train_10768,train
train_10769,train
train_1077,train
train_10770,train
train_10771,train
train_10772,train
train_10773,train
train_10774,train
train_10775,train
train_10776,train
train_10777,train
train_10779,train
train_10780,train
train_10781,train
train_10782,train
train_10783,train
train_10784,train
train_10785,train
train_10786,train
train_10787,train
train_10788,train
train_10789,train
train_1079,train
train_10790,train
train_10791,train
train_10792,train
train_10793,train
train_10795,train
train_10796,train
train_10797,train
train_10799,train
train_1080,train
train_10800,train
train_10801,train
train_10802,train
train_10803,train
train_10804,train
train_10806,train
train_10807,train
train_10809,train
train_1081,train
train_10811,train
train_10813,train
train_10815,train
train_10816,train
train_10817,train
train_10818,train
train_10819,train
train_10820,train
train_10821,train
train_10822,train
train_10823,train
train_10824,train
train_10826,train
train_10827,train
train_10828,train
train_10829,train
train_1083,train
train_10830,train
train_10832,train
train_10833,train
train_10835,train
train_10837,train
train_10838,train
train_10839,train
train_1084,train
train_10840,train
train_10841,train
train_10842,train
train_10845,train
train_10846,train
train_10847,train
train_10849,train
train_1085,train
train_10850,train
train_10851,train
train_10852,train
train_10853,train
train_10856,train
train_10857,train
train_10858,train
train_10859,train
train_1086,train
train_10861,train
train_10863,train
train_10864,train
train_10865,train
train_10866,train
train_10867,train
train_10868,train
train_1087,train
train_10871,train
train_10872,train
train_10873,train
train_10875,train
train_10876,train
train_10878,train
train_10879,train
train_1088,train
train_10880,train
train_10881,train
train_10882,train
train_10883,train
train_10884,train
train_10885,train
train_10886,train
train_10888,train
train_1089,train
train_10890,train
train_10891,train
train_10892,train
train_10893,train
train_10894,train
train_10895,train
train_10896,train
train_10897,train
train_10898,train
train_10899,train
train_109,train
train_10900,train
train_10901,train
train_10902,train
train_10903,train
train_10904,train
train_10905,train
train_10906,train
train_10907,train
train_10908,train
train_10909,train
train_1091,train
train_10910,train
train_10911,train
train_10912,train
train_10913,train
train_10914,train
train_10915,train
train_10916,train
train_10917,train
train_10918,train
train_10919,train
train_1092,train
train_10920,train
train_10921,train
train_10922,train
train_10923,train
train_10924,train
train_10925,train
train_10926,train
train_10928,train
train_10929,train
train_1093,train
train_10930,train
train_10931,train
train_10933,train
train_10934,train
train_10935,train
train_10936,train
train_10937,train
train_10938,train
train_10939,train
train_1094,train
train_10940,train
train_10941,train
train_10942,train
train_10943,train
train_10944,train
train_10945,train
train_10946,train
train_10947,train
train_10949,train
train_1095,train
train_10951,train
train_10952,train
train_10954,train
train_10955,train
train_10956,train
train_10957,train
train_10958,train
train_10959,train
train_1096,train
train_10960,train
train_10961,train
train_10962,train
train_10963,train
train_10964,train
train_10966,train
train_10967,train
train_10968,train
train_10969,train
train_1097,train
train_10970,train
train_10971,train
train_10973,train
train_10974,train
train_10975,train
train_10976,train
train_10977,train
train_10978,train
train_10979,train
train_10980,train
train_10981,train
train_10982,train
train_10984,train
train_10985,train
train_10987,train
train_10988,train
train_10989,train
train_1099,train
train_10990,train
train_10991,train
train_10993,train
train_10994,train
train_10995,train
train_10996,train
train_10997,train
train_10998,train
train_10999,train
train_110,train
train_1100,train
train_11000,train
train_11001,train
train_11003,train
train_11005,train
train_11006,train
train_11007,train
train_11008,train
train_11009,train
train_1101,train
train_11010,train
train_11011,train
train_11012,train
train_11013,train
train_11014,train
train_11015,train
train_11016,train
train_11017,train
train_11018,train
train_11019,train
train_1102,train
train_11020,train
train_11021,train
train_11022,train
train_11023,train
train_11024,train
train_11025,train
train_11026,train
train_11028,train
train_1103,train
train_11031,train
train_11032,train
train_11034,train
train_11035,train
train_11037,train
train_11039,train
train_1104,train
train_11041,train
train_11042,train
train_11044,train
train_11045,train
train_11046,train
train_11047,train
train_11048,train
train_11049,train
train_1105,train
train_11050,train
train_11051,train
train_11052,train
train_11053,train
train_11054,train
train_11056,train
train_11057,train
train_11058,train
train_11059,train
train_11060,train
train_11062,train
train_11063,train
train_11064,train
train_11065,train
train_11066,train
train_11067,train
train_11068,train
train_11069,train
train_1107,train
train_11070,train
train_11071,train
train_11073,train
train_11075,train
train_11076,train
train_11077,train
train_11079,train
train_1108,train
train_11080,train
train_11082,train
train_11083,train
train_11085,train
train_11086,train
train_11087,train
train_11088,train
train_11089,train
train_1109,train
train_11090,train
train_11092,train
train_11093,train
train_11094,train
train_11095,train
train_11096,train
train_11097,train
train_11098,train
train_11099,train
train_111,train
train_1110,train
train_11100,train
train_11101,train
train_11102,train
train_11103,train
train_11104,train
train_11105,train
train_11106,train
train_11107,train
train_11108,train
train_11109,train
train_1111,train
train_11110,train
train_11111,train
train_11112,train
train_11113,train
train_11114,train
train_11115,train
train_11116,train
train_11117,train
train_11118,train
train_11119,train
train_1112,train
train_11120,train
train_11121,train
train_11123,train
train_11125,train
train_11126,train
train_11127,train
train_11129,train
train_11130,train
train_11131,train
train_11132,train
train_11133,train
train_11134,train
train_11135,train
train_11136,train
train_11137,train
train_1114,train
train_11140,train
train_11141,train
train_11143,train
train_11144,train
train_11145,train
train_11147,train
train_11148,train
train_11149,train
train_1115,train
train_11150,train
train_11151,train
train_11152,train
train_11155,train
train_11159,train
train_1116,train
train_11160,train
train_11161,train
train_11162,train
train_11163,train
train_11164,train
train_11165,train
train_11166,train
train_11167,train
train_11169,train
train_1117,train
train_11170,train
train_11171,train
train_11172,train
train_11173,train
train_11174,train
train_11175,train
train_11176,train
train_11177,train
train_1118,train
train_11180,train
train_11183,train
train_11184,train
train_11185,train
train_11186,train
train_11187,train
train_11188,train
train_1119,train
train_11190,train
train_11191,train
train_11192,train
train_11193,train
train_11194,train
train_11197,train
train_11198,train
train_112,train
train_1120,train
train_11200,train
train_11201,train
train_11202,train
train_11203,train
train_11204,train
train_11205,train
train_11206,train
train_11207,train
train_11208,train
train_11209,train
train_1121,train
train_11210,train
train_11211,train
train_11212,train
train_11213,train
train_11214,train
train_11215,train
train_11216,train
train_11217,train
train_11218,train
train_11219,train
train_1122,train
train_11220,train
train_11221,train
train_11222,train
train_11223,train
train_11224,train
train_11225,train
train_11226,train
train_11228,train
train_1123,train
train_11230,train
train_11232,train
train_11233,train
train_11234,train
train_11235,train
train_11236,train
train_11237,train
train_11239,train
train_1124,train
train_11240,train
train_11241,train
train_11242,train
train_11243,train
train_11244,train
train_11245,train
train_11246,train
train_11247,train
train_11248,train
train_11249,train
train_1125,train
train_11250,train
train_11251,train
train_11252,train
train_11253,train
train_11254,train
train_11255,train
train_11256,train
train_11257,train
train_11258,train
train_11259,train
train_1126,train
train_11260,train
train_11261,train
train_11263,train
train_11265,train
train_11266,train
train_11267,train
train_11268,train
train_11269,train
train_1127,train
train_11272,train
train_11273,train
train_11274,train
train_11279,train
train_1128,train
train_11280,train
train_11281,train
train_11283,train
train_11284,train
train_11285,train
train_11286,train
train_11287,train
train_11288,train
train_1129,train
train_11290,train
train_11292,train
train_11293,train
train_11294,train
train_11295,train
train_11296,train
train_11297,train
train_11298,train
train_11299,train
train_113,train
train_1130,train
train_11300,train
train_11301,train
train_11303,train
train_11304,train
train_11305,train
train_11306,train
train_11308,train
train_11309,train
train_1131,train
train_11310,train
train_11311,train
train_11312,train
train_11314,train
train_11315,train
train_11318,train
train_11319,train
train_1132,train
train_11320,train
train_11321,train
train_11322,train
train_11323,train
train_11324,train
train_11325,train
train_11326,train
train_11327,train
train_11328,train
train_11329,train
train_11330,train
train_11331,train
train_11332,train
train_11333,train
train_11334,train
train_11335,train
train_11336,train
train_11337,train
train_11338,train
train_11339,train
train_11340,train
train_11345,train
train_11346,train
train_11347,train
train_11348,train
train_11349,train
train_1135,train
train_11350,train
train_11351,train
train_11352,train
train_11353,train
train_11355,train
train_11356,train
train_11357,train
train_11358,train
train_11359,train
train_1136,train
train_11360,train
train_11361,train
train_11362,train
train_11363,train
train_11364,train
train_11365,train
train_11366,train
train_11367,train
train_11368,train
train_11369,train
train_1137,train
train_11370,train
train_11371,train
train_11372,train
train_11373,train
train_11375,train
train_11376,train
train_11377,train
train_11378,train
train_11379,train
train_1138,train
train_11380,train
train_11381,train
train_11382,train
train_11384,train
train_11385,train
train_11386,train
train_11387,train
train_11388,train
train_11389,train
train_1139,train
train_11390,train
train_11391,train
train_11392,train
train_11394,train
train_11396,train
train_11397,train
train_11398,train
train_11399,train
train_114,train
train_11400,train
train_11402,train
train_11403,train
train_11405,train
train_11406,train
train_11407,train
train_11408,train
train_1141,train
train_11410,train
train_11412,train
train_11413,train
train_11414,train
train_11415,train
train_11416,train
train_1142,train
train_11421,train
train_11423,train
train_11424,train
train_11425,train
train_11427,train
train_11428,train
train_1143,train
train_11430,train
train_11431,train
train_11432,train
train_11433,train
train_11434,train
train_11435,train
train_11436,train
train_11437,train
train_11439,train
train_1144,train
train_11440,train
train_11441,train
train_11442,train
train_11443,train
train_11444,train
train_11446,train
train_11447,train
train_11449,train
train_11450,train
train_11451,train
train_11452,train
train_11453,train
train_11454,train
train_11455,train
train_11458,train
train_11459,train
train_1146,train
train_11460,train
train_11461,train
train_11462,train
train_11464,train
train_11465,train
train_11468,train
train_11469,train
train_1147,train
train_11470,train
train_11471,train
train_11473,train
train_11474,train
train_11476,train
train_11477,train
train_11479,train
train_1148,train
train_11480,train
train_11481,train
train_11482,train
train_11483,train
train_11484,train
train_11485,train
train_11486,train
train_11487,train
train_11488,train
train_1149,train
train_11490,train
train_11491,train
train_11492,train
train_11493,train
train_11496,train
train_11498,train
train_115,train
train_1150,train
train_11500,train
train_11501,train
train_11502,train
train_11503,train
train_11504,train
train_11505,train
train_11506,train
train_11509,train
train_1151,train
train_11510,train
train_11512,train
train_11513,train
train_11514,train
train_11515,train
train_11517,train
train_11518,train
train_11520,train
train_11521,train
train_11522,train
train_11523,train
train_11525,train
train_11526,train
train_11527,train
train_11529,train
train_1153,train
train_11530,train
train_11531,train
train_11533,train
train_11534,train
train_11535,train
train_11536,train
train_11537,train
train_11538,train
train_11539,train
train_1154,train
train_11540,train
train_11541,train
train_11542,train
train_11543,train
train_11545,train
train_11546,train
train_11547,train
train_11548,train
train_11549,train
train_1155,train
train_11550,train
train_11553,train
train_11554,train
train_11555,train
train_11557,train
train_11558,train
train_11559,train
train_1156,train
train_11560,train
train_11561,train
train_11562,train
train_11563,train
train_11564,train
train_11565,train
train_11566,train
train_11567,train
train_11568,train
train_11569,train
train_1157,train
train_11570,train
train_11571,train
train_11572,train
train_11574,train
train_11575,train
train_11577,train
train_11579,train
train_11580,train
train_11582,train
train_11583,train
train_11584,train
train_11586,train
train_11587,train
train_11588,train
train_11589,train
train_1159,train
train_11592,train
train_11593,train
train_11594,train
train_11595,train
train_11596,train
train_11599,train
train_116,train
train_1160,train
train_11600,train
train_11602,train
train_11604,train
train_11605,train
train_11606,train
train_11607,train
train_11608,train
train_11609,train
train_1161,train
train_11610,train
train_11611,train
train_11612,train
train_11614,train
train_11615,train
train_11618,train
train_11619,train
train_1162,train
train_11620,train
train_11621,train
train_11622,train
train_11623,train
train_11624,train
train_11626,train
train_11627,train
train_11628,train
train_11629,train
train_1163,train
train_11630,train
train_11631,train
train_11632,train
train_11633,train
train_11634,train
train_11635,train
train_11636,train
train_11638,train
train_1164,train
train_11640,train
train_11641,train
train_11643,train
train_11644,train
train_11645,train
train_11646,train
train_11647,train
train_11648,train
train_11649,train
train_1165,train
train_11653,train
train_11654,train
train_11655,train
train_11656,train
train_11657,train
train_11658,train
train_11659,train
train_11660,train
train_11661,train
train_11662,train
train_11663,train
train_11664,train
train_11665,train
train_11666,train
train_11668,train
train_11669,train
train_1167,train
train_11670,train
train_11671,train
train_11672,train
train_11673,train
train_11674,train
train_11675,train
train_11676,train
train_11677,train
train_11678,train
train_11679,train
train_11680,train
train_11681,train
train_11682,train
train_11683,train
train_11685,train
train_11687,train
train_11688,train
train_11689,train
train_11692,train
train_11694,train
train_11695,train
train_11696,train
train_11698,train
train_11699,train
train_1170,train
train_11700,train
train_11701,train
train_11702,train
train_11703,train
train_11704,train
train_11705,train
train_11706,train
train_11707,train
train_11708,train
train_11709,train
train_11710,train
train_11711,train
train_11712,train
train_11713,train
train_11714,train
train_11715,train
train_11716,train
train_11717,train
train_11718,train
train_11719,train
train_1172,train
train_11720,train
train_11722,train
train_11723,train
train_11724,train
train_11725,train
train_11726,train
train_11727,train
train_11728,train
train_11729,train
train_1173,train
train_11730,train
train_11731,train
train_11732,train
train_11733,train
train_11734,train
train_11736,train
train_11737,train
train_11738,train
train_11739,train
train_11740,train
train_11742,train
train_11743,train
train_11744,train
train_11745,train
train_11746,train
train_11747,train
train_11748,train
train_11749,train
train_1175,train
train_11751,train
train_11753,train
train_11754,train
train_11755,train
train_11756,train
train_11757,train
train_11758,train
train_11759,train
train_1176,train
train_11760,train
train_11761,train
train_11762,train
train_11763,train
train_11764,train
train_11765,train
train_11767,train
train_11768,train
train_11769,train
train_1177,train
train_11770,train
train_11771,train
train_11772,train
train_11774,train
train_11775,train
train_11776,train
train_11777,train
train_11778,train
train_11779,train
train_1178,train
train_11780,train
train_11781,train
train_11783,train
train_11784,train
train_11785,train
train_11786,train
train_11788,train
train_1179,train
train_11790,train
train_11791,train
train_11793,train
train_11794,train
train_11796,train
train_11797,train
train_11798,train
train_118,train
train_1180,train
train_11800,train
train_11801,train
train_11803,train
train_11804,train
train_11805,train
train_11806,train
train_11807,train
train_11808,train
train_11809,train
train_11811,train
train_11812,train
train_11813,train
train_11815,train
train_11817,train
train_11818,train
train_1182,train
train_11820,train
train_11821,train
train_11822,train
train_11823,train
train_11826,train
train_11827,train
train_11829,train
train_1183,train
train_11830,train
train_11832,train
train_11833,train
train_11834,train
train_11835,train
train_11836,train
train_11838,train
train_11839,train
train_1184,train
train_11840,train
train_11841,train
train_11842,train
train_11843,train
train_11844,train
train_11845,train
train_11846,train
train_11847,train
train_11848,train
train_11849,train
train_1185,train
train_11851,train
train_11852,train
train_11853,train
train_11856,train
train_11857,train
train_11858,train
train_11859,train
train_1186,train
train_11861,train
train_11862,train
train_11863,train
train_11864,train
train_11865,train
train_11866,train
train_11867,train
train_11868,train
train_11869,train
train_1187,train
train_11871,train
train_11874,train
train_11875,train
train_11876,train
train_11877,train
train_11878,train
train_11879,train
train_1188,train
train_11881,train
train_11882,train
train_11883,train
train_11884,train
train_11885,train
train_11887,train
train_11889,train
train_1189,train
train_11890,train
train_11892,train
train_11893,train
train_11894,train
train_11896,train
train_11897,train
train_11898,train
train_11899,train
train_119,train
train_1190,train
train_11900,train
train_11901,train
train_11903,train
train_11904,train
train_11905,train
train_11906,train
train_11907,train
train_11908,train
train_11909,train
train_1191,train
train_11910,train
train_11911,train
train_11912,train
train_11913,train
train_11914,train
train_11915,train
train_11916,train
train_11917,train
train_11918,train
train_11919,train
train_1192,train
train_11920,train
train_11921,train
train_11922,train
train_11923,train
train_11925,train
train_11926,train
train_11927,train
train_11928,train
train_11929,train
train_1193,train
train_11930,train
train_11932,train
train_11934,train
train_11935,train
train_11937,train
train_11938,train
train_11939,train
train_1194,train
train_11940,train
train_11941,train
train_11942,train
train_11943,train
train_11945,train
train_11946,train
train_11948,train
train_11949,train
train_1195,train
train_11951,train
train_11952,train
train_11953,train
train_11955,train
train_11956,train
train_11957,train
train_11958,train
train_11959,train
train_1196,train
train_11960,train
train_11961,train
train_11962,train
train_11964,train
train_11965,train
train_11967,train
train_11968,train
train_11969,train
train_1197,train
train_11970,train
train_11971,train
train_11972,train
train_11973,train
train_11974,train
train_11976,train
train_11977,train
train_1198,train
train_11980,train
train_11982,train
train_11984,train
train_11985,train
train_11987,train
train_11988,train
train_11989,train
train_11990,train
train_11991,train
train_11992,train
train_11993,train
train_11995,train
train_11996,train
train_11997,train
train_11998,train
train_11999,train
train_12,train
train_120,train
train_1200,train
train_12000,train
train_12003,train
train_12004,train
train_12005,train
train_12006,train
train_12007,train
train_12008,train
train_12009,train
train_1201,train
train_12010,train
train_12011,train
train_12012,train
train_12013,train
train_12014,train
train_12015,train
train_12016,train
train_12017,train
train_12019,train
train_1202,train
train_12020,train
train_12021,train
train_12022,train
train_12023,train
train_12024,train
train_12025,train
train_12026,train
train_12028,train
train_12029,train
train_1203,train
train_12030,train
train_12031,train
train_12032,train
train_12033,train
train_12034,train
train_12035,train
train_12037,train
train_12039,train
train_1204,train
train_12040,train
train_12041,train
train_12042,train
train_12044,train
train_12045,train
train_12046,train
train_12047,train
train_12048,train
train_12049,train
train_1205,train
train_12050,train
train_12051,train
train_12052,train
train_12053,train
train_12054,train
train_12055,train
train_12056,train
train_12058,train
train_12059,train
train_1206,train
train_12060,train
train_12061,train
train_12062,train
train_12063,train
train_12064,train
train_12065,train
train_12066,train
train_12067,train
train_12068,train
train_12069,train
train_1207,train
train_12070,train
train_12071,train
train_12073,train
train_12074,train
train_12075,train
train_12076,train
train_12077,train
train_12078,train
train_12079,train
train_1208,train
train_12081,train
train_12082,train
train_12083,train
train_12084,train
train_12085,train
train_12086,train
train_12087,train
train_12088,train
train_12089,train
train_12090,train
train_12092,train
train_12093,train
train_12095,train
train_12096,train
train_12097,train
train_12098,train
train_12099,train
train_1210,train
train_12100,train
train_12101,train
train_12102,train
train_12103,train
train_12104,train
train_12105,train
train_12107,train
train_12108,train
train_12109,train
train_1211,train
train_12110,train
train_12111,train
train_12113,train
train_12114,train
train_12118,train
train_12119,train
train_12120,train
train_12121,train
train_12123,train
train_12124,train
train_12125,train
train_12126,train
train_12127,train
train_12128,train
train_12129,train
train_12130,train
train_12131,train
train_12132,train
train_12133,train
train_12135,train
train_12136,train
train_12137,train
train_12139,train
train_1214,train
train_12140,train
train_12141,train
train_12142,train
train_12143,train
train_12146,train
train_12148,train
train_12149,train
train_1215,train
train_12150,train
train_12152,train
train_12153,train
train_12154,train
train_12156,train
train_12157,train
train_12159,train
train_1216,train
train_12160,train
train_12161,train
train_12162,train
train_12163,train
train_12164,train
train_12165,train
train_12166,train
train_12167,train
train_12168,train
train_1217,train
train_12170,train
train_12172,train
train_12173,train
train_12174,train
train_12178,train
train_12179,train
train_1218,train
train_12181,train
train_12182,train
train_12183,train
train_12184,train
train_12185,train
train_12186,train
train_12187,train
train_12189,train
train_1219,train
train_12190,train
train_12191,train
train_12192,train
train_12193,train
train_12194,train
train_12197,train
train_12198,train
train_1220,train
train_12200,train
train_12201,train
train_12202,train
train_12203,train
train_12204,train
train_12206,train
train_12207,train
train_12208,train
train_1221,train
train_12211,train
train_12212,train
train_12213,train
train_12216,train
train_12217,train
train_1222,train
train_12220,train
train_12221,train
train_12222,train
train_12223,train
train_12226,train
train_12228,train
train_12229,train
train_1223,train
train_12230,train
train_12231,train
train_12233,train
train_12234,train
train_12235,train
train_12236,train
train_12238,train
train_12239,train
train_1224,train
train_12240,train
train_12241,train
train_12242,train
train_12243,train
train_12244,train
train_12246,train
train_12247,train
train_12248,train
train_12249,train
train_12250,train
train_12251,train
train_12253,train
train_12254,train
train_12256,train
train_12257,train
train_12258,train
train_12259,train
train_1226,train
train_12260,train
train_12261,train
train_12262,train
train_12263,train
train_12265,train
train_12266,train
train_12267,train
train_12268,train
train_12269,train
train_1227,train
train_12270,train
train_12271,train
train_12273,train
train_12274,train
train_12276,train
train_12277,train
train_12278,train
train_12279,train
train_1228,train
train_12280,train
train_12282,train
train_12283,train
train_12284,train
train_12286,train
train_12288,train
train_12289,train
train_1229,train
train_12290,train
train_12291,train
train_12293,train
train_12294,train
train_12295,train
train_12296,train
train_12298,train
train_123,train
train_1230,train
train_12301,train
train_12302,train
train_12304,train
train_12305,train
train_12306,train
train_12307,train
train_12309,train
train_1231,train
train_12310,train
train_12311,train
train_12313,train
train_12314,train
train_12315,train
train_12316,train
train_12317,train
train_12318,train
train_12319,train
train_12320,train
train_12321,train
train_12322,train
train_12323,train
train_12324,train
train_12325,train
train_12326,train
train_12328,train
train_12329,train
train_1233,train
train_12330,train
train_12333,train
train_12335,train
train_12336,train
train_12337,train
train_12339,train
train_12340,train
train_12341,train
train_12342,train
train_12344,train
train_12345,train
train_12347,train
train_12348,train
train_12349,train
train_1235,train
train_12350,train
train_12351,train
train_12352,train
train_12353,train
train_12354,train
train_12355,train
train_12356,train
train_12357,train
train_12358,train
train_12359,train
train_1236,train
train_12360,train
train_12362,train
train_12363,train
train_12364,train
train_12365,train
train_12366,train
train_12367,train
train_12368,train
train_12369,train
train_12370,train
train_12371,train
train_12372,train
train_12373,train
train_12375,train
train_12376,train
train_12377,train
train_12378,train
train_1238,train
train_12380,train
train_12381,train
train_12383,train
train_12384,train
train_12385,train
train_12386,train
train_12387,train
train_12388,train
train_12389,train
train_1239,train
train_12390,train
train_12391,train
train_12392,train
train_12393,train
train_12395,train
train_12396,train
train_12397,train
train_12398,train
train_12399,train
train_1240,train
train_12400,train
train_12402,train
train_12404,train
train_12405,train
train_12407,train
train_12408,train
train_12409,train
train_1241,train
train_12411,train
train_12413,train
train_12415,train
train_12416,train
train_12418,train
train_12419,train
train_1242,train
train_12421,train
train_12423,train
train_12424,train
train_12425,train
train_12426,train
train_12427,train
train_12428,train
train_12429,train
train_1243,train
train_12430,train
train_12431,train
train_12432,train
train_12434,train
train_12435,train
train_12437,train
train_12438,train
train_1244,train
train_12440,train
train_12441,train
train_12444,train
train_12445,train
train_12446,train
train_12447,train
train_12448,train
train_12449,train
train_1245,train
train_12450,train
train_12451,train
train_12453,train
train_12457,train
train_12458,train
train_12459,train
train_1246,train
train_12461,train
train_12462,train
train_12464,train
train_12465,train
train_12466,train
train_12467,train
train_12468,train
train_12469,train
train_1247,train
train_12470,train
train_12471,train
train_12472,train
train_12473,train
train_12474,train
train_12475,train
train_12476,train
train_12478,train
train_12480,train
train_12481,train
train_12482,train
train_12483,train
train_12484,train
train_12485,train
train_12486,train
train_12487,train
train_12488,train
train_12489,train
train_1249,train
train_12490,train
train_12491,train
train_12492,train
train_12494,train
train_12495,train
train_12496,train
train_12497,train
train_125,train
train_1250,train
train_12501,train
train_12502,train
train_12503,train
train_12505,train
train_12506,train
train_12507,train
train_12508,train
train_12509,train
train_1251,train
train_12510,train
train_12511,train
train_12512,train
train_12513,train
train_12516,train
train_12517,train
train_12518,train
train_1252,train
train_12520,train
train_12521,train
train_12522,train
train_12524,train
train_12525,train
train_12526,train
train_12527,train
train_12528,train
train_12530,train
train_12531,train
train_12532,train
train_12533,train
train_12534,train
train_12535,train
train_12536,train
train_12537,train
train_12539,train
train_1254,train
train_12540,train
train_12541,train
train_12542,train
train_12543,train
train_12544,train
train_12545,train
train_12546,train
train_12549,train
train_1255,train
train_12550,train
train_12551,train
train_12554,train
train_12555,train
train_12556,train
train_12558,train
train_12559,train
train_1256,train
train_12560,train
train_12561,train
train_12562,train
train_12563,train
train_12564,train
train_12565,train
train_12566,train
train_12568,train
train_12569,train
train_1257,train
train_12571,train
train_12572,train
train_12573,train
train_12575,train
train_12576,train
train_12577,train
train_12578,train
train_12579,train
train_1258,train
train_12580,train
train_12581,train
train_12582,train
train_12583,train
train_12584,train
train_12586,train
train_12587,train
train_12589,train
train_1259,train
train_12590,train
train_12591,train
train_12592,train
train_12593,train
train_12594,train
train_12595,train
train_12596,train
train_12597,train
train_12599,train
train_1260,train
train_12600,train
train_12601,train
train_12602,train
train_12603,train
train_12604,train
train_12605,train
train_12606,train
train_12608,train
train_12609,train
train_1261,train
train_12610,train
train_12611,train
train_12612,train
train_12613,train
train_12614,train
train_12615,train
train_12616,train
train_12617,train
train_12618,train
train_12620,train
train_12621,train
train_12622,train
train_12623,train
train_12624,train
train_12625,train
train_12626,train
train_12628,train
train_12629,train
train_12630,train
train_12631,train
train_12632,train
train_12634,train
train_12635,train
train_12637,train
train_12638,train
train_12639,train
train_12640,train
train_12641,train
train_12643,train
train_12644,train
train_12645,train
train_12646,train
train_12649,train
train_1265,train
train_12652,train
train_12654,train
train_12655,train
train_12656,train
train_12658,train
train_12659,train
train_12660,train
train_12663,train
train_12664,train
train_12665,train
train_12666,train
train_12667,train
train_12668,train
train_12669,train
train_1267,train
train_12670,train
train_12671,train
train_12672,train
train_12673,train
train_12674,train
train_12675,train
train_12676,train
train_12677,train
train_12679,train
train_12681,train
train_12683,train
train_12684,train
train_12685,train
train_12686,train
train_12687,train
train_12688,train
train_12689,train
train_1269,train
train_12690,train
train_12691,train
train_12692,train
train_12693,train
train_12695,train
train_12696,train
train_12697,train
train_12698,train
train_12699,train
train_127,train
train_1270,train
train_12700,train
train_12701,train
train_12703,train
train_12704,train
train_12706,train
train_12709,train
train_1271,train
train_12710,train
train_12711,train
train_12712,train
train_12714,train
train_12715,train
train_12716,train
train_12717,train
train_12718,train
train_12719,train
train_12724,train
train_12725,train
train_12726,train
train_12727,train
train_12728,train
train_1273,train
train_12730,train
train_12731,train
train_12733,train
train_12735,train
train_12736,train
train_12737,train
train_12738,train
train_12739,train
train_12740,train
train_12741,train
train_12742,train
train_12743,train
train_12745,train
train_12747,train
train_12748,train
train_12749,train
train_1275,train
train_12750,train
train_12752,train
train_12753,train
train_12754,train
train_12755,train
train_12756,train
train_12757,train
train_12758,train
train_12759,train
train_1276,train
train_12761,train
train_12762,train
train_12763,train
train_12764,train
train_12765,train
train_12766,train
train_12768,train
train_12769,train
train_1277,train
train_12770,train
train_12771,train
train_12772,train
train_12774,train
train_12775,train
train_12776,train
train_12777,train
train_12778,train
train_1278,train
train_12780,train
train_12781,train
train_12782,train
train_12783,train
train_12785,train
train_12786,train
train_12788,train
train_12789,train
train_1279,train
train_12791,train
train_12792,train
train_12793,train
train_12795,train
train_12797,train
train_12799,train
train_128,train
train_1280,train
train_12800,train
train_12802,train
train_12804,train
train_12805,train
train_12806,train
train_12808,train
train_1281,train
train_12810,train
train_12811,train
train_12812,train
train_12813,train
train_12814,train
train_12815,train
train_12817,train
train_12818,train
train_12819,train
train_12820,train
train_12821,train
train_12823,train
train_12824,train
train_12825,train
train_12826,train
train_1283,train
train_12830,train
train_12833,train
train_12835,train
train_12836,train
train_12839,train
train_1284,train
train_12840,train
train_12842,train
train_12843,train
train_12844,train
train_12848,train
train_1285,train
train_12853,train
train_12854,train
train_12855,train
train_12856,train
train_12857,train
train_12859,train
train_12860,train
train_12861,train
train_12862,train
train_12863,train
train_12864,train
train_12865,train
train_12868,train
train_1287,train
train_12871,train
train_12873,train
train_12874,train
train_12876,train
train_12877,train
train_12879,train
train_1288,train
train_12880,train
train_12881,train
train_12883,train
train_12884,train
train_12885,train
train_12886,train
train_12889,train
train_12890,train
train_12891,train
train_12893,train
train_12894,train
train_12896,train
train_12897,train
train_12899,train
train_129,train
train_1290,train
train_12900,train
train_12904,train
train_12905,train
train_12906,train
train_12908,train
train_12909,train
train_1291,train
train_12911,train
train_12914,train
train_12915,train
train_12916,train
train_12917,train
train_12919,train
train_1292,train
train_12921,train
train_12922,train
train_12923,train
train_12925,train
train_12926,train
train_12927,train
train_12928,train
train_12929,train
train_1293,train
train_12930,train
train_12931,train
train_12932,train
train_12933,train
train_12934,train
train_12935,train
train_12936,train
train_12939,train
train_1294,train
train_12940,train
train_12941,train
train_12942,train
train_12943,train
train_12946,train
train_12949,train
train_1295,train
train_12952,train
train_12955,train
train_12957,train
train_12959,train
train_12961,train
train_12962,train
train_12964,train
train_12965,train
train_12966,train
train_12967,train
train_12968,train
train_12969,train
train_12972,train
train_12973,train
train_12974,train
train_12977,train
train_12978,train
train_12979,train
train_1298,train
train_12980,train
train_12982,train
train_12985,train
train_12986,train
train_12987,train
train_1299,train
train_12990,train
train_12991,train
train_12992,train
train_12993,train
train_12994,train
train_12996,train
train_12997,train
train_12998,train
train_12999,train
train_13,train
train_130,train
train_13004,train
train_13005,train
train_13006,train
train_13007,train
train_13008,train
train_13009,train
train_1301,train
train_13013,train
train_13014,train
train_13015,train
train_13017,train
train_13018,train
train_13019,train
train_13021,train
train_13022,train
train_13023,train
train_13024,train
train_13026,train
train_13027,train
train_13028,train
train_1303,train
train_13030,train
train_13032,train
train_13033,train
train_13034,train
train_13035,train
train_13036,train
train_13038,train
train_13039,train
train_13040,train
train_13041,train
train_13043,train
train_13044,train
train_13046,train
train_13048,train
train_1305,train
train_13050,train
train_13051,train
train_13052,train
train_13053,train
train_13055,train
train_13056,train
train_1306,train
train_13060,train
train_13061,train
train_13062,train
train_13063,train
train_13064,train
train_13066,train
train_13067,train
train_13068,train
train_13069,train
train_1307,train
train_13070,train
train_13071,train
train_13072,train
train_13074,train
train_13076,train
train_13077,train
train_13078,train
train_1308,train
train_13081,train
train_13082,train
train_13083,train
train_13084,train
train_13088,train
train_1309,train
train_13090,train
train_13091,train
train_13092,train
train_13094,train
train_13095,train
train_13097,train
train_13098,train
train_131,train
train_1310,train
train_13100,train
train_13101,train
train_13102,train
train_13103,train
train_13104,train
train_13105,train
train_13106,train
train_13107,train
train_13109,train
train_1311,train
train_13110,train
train_13112,train
train_13114,train
train_13115,train
train_13116,train
train_13117,train
train_13118,train
train_13119,train
train_1312,train
train_13121,train
train_13122,train
train_13126,train
train_13127,train
train_13128,train
train_13129,train
train_13133,train
train_13135,train
train_13136,train
train_13137,train
train_13138,train
train_13139,train
train_1314,train
train_13140,train
train_13141,train
train_13142,train
train_13143,train
train_13144,train
train_13145,train
train_13146,train
train_13147,train
train_13148,train
train_13149,train
train_1315,train
train_13150,train
train_13151,train
train_13153,train
train_13154,train
train_13157,train
train_13159,train
train_13163,train
train_13164,train
train_13165,train
train_13166,train
train_13167,train
train_13168,train
train_1317,train
train_13171,train
train_13174,train
train_13175,train
train_13176,train
train_13177,train
train_13178,train
train_13179,train
train_1318,train
train_13184,train
train_13185,train
train_13186,train
train_13187,train
train_13188,train
train_13189,train
train_1319,train
train_13190,train
train_13191,train
train_13192,train
train_13193,train
train_13195,train
train_13196,train
train_132,train
train_1320,train
train_13200,train
train_13202,train
train_13203,train
train_13204,train
train_13205,train
train_13206,train
train_13207,train
train_13208,train
train_13209,train
train_1321,train
train_13210,train
train_13211,train
train_13212,train
train_13213,train
train_13214,train
train_13215,train
train_13216,train
train_13218,train
train_13219,train
train_1322,train
train_13220,train
train_13221,train
train_13222,train
train_13223,train
train_13225,train
train_13228,train
train_13229,train
train_1323,train
train_13230,train
train_13231,train
train_13232,train
train_13235,train
train_13236,train
train_13238,train
train_13239,train
train_1324,train
train_13240,train
train_13241,train
train_13244,train
train_13245,train
train_13246,train
train_13247,train
train_13248,train
train_13249,train
train_13250,train
train_13251,train
train_13252,train
train_13253,train
train_13254,train
train_13258,train
train_13259,train
train_13260,train
train_13262,train
train_13263,train
train_13265,train
train_13267,train
train_13268,train
train_13269,train
train_13270,train
train_13272,train
train_13274,train
train_13275,train
train_13276,train
train_13277,train
train_13278,train
train_1328,train
train_13281,train
train_13283,train
train_13284,train
train_13285,train
train_13286,train
train_13289,train
train_1329,train
train_13291,train
train_13293,train
train_13294,train
train_13295,train
train_13296,train
train_13297,train
train_13298,train
train_13299,train
train_133,train
train_1330,train
train_13300,train
train_13302,train
train_13304,train
train_13305,train
train_13306,train
train_13307,train
train_13309,train
train_1331,train
train_13310,train
train_13312,train
train_13313,train
train_13314,train
train_13316,train
train_13317,train
train_13319,train
train_1332,train
train_13320,train
train_13321,train
train_13323,train
train_13324,train
train_13325,train
train_13326,train
train_13327,train
train_13329,train
train_1333,train
train_13330,train
train_13331,train
train_13334,train
train_13335,train
train_13338,train
train_13339,train
train_1334,train
train_13340,train
train_13341,train
train_13343,train
train_13344,train
train_13347,train
train_13348,train
train_13349,train
train_1335,train
train_13351,train
train_13352,train
train_13353,train
train_13356,train
train_13358,train
train_13359,train
train_1336,train
train_13360,train
train_13361,train
train_13362,train
train_13363,train
train_13364,train
train_13365,train
train_13366,train
train_13367,train
train_13368,train
train_1337,train
train_13370,train
train_13372,train
train_13373,train
train_13374,train
train_13375,train
train_13377,train
train_13378,train
train_1338,train
train_13380,train
train_13382,train
train_13383,train
train_13384,train
train_13386,train
train_13387,train
train_13388,train
train_13389,train
train_13390,train
train_13391,train
train_13392,train
train_13393,train
train_13395,train
train_13397,train
train_134,train
train_1340,train
train_13401,train
train_13402,train
train_13404,train
train_13405,train
train_13406,train
train_13407,train
train_13408,train
train_13409,train
train_1341,train
train_13410,train
train_13411,train
train_13412,train
train_13413,train
train_13414,train
train_13415,train
train_13416,train
train_13417,train
train_13419,train
train_1342,train
train_13422,train
train_13426,train
train_13427,train
train_13429,train
train_1343,train
train_13430,train
train_13431,train
train_13432,train
train_13435,train
train_13436,train
train_13437,train
train_13438,train
train_13439,train
train_1344,train
train_13440,train
train_13441,train
train_13443,train
train_13446,train
train_13447,train
train_13448,train
train_13449,train
train_13450,train
train_13454,train
train_13455,train
train_13456,train
train_13457,train
train_13458,train
train_13459,train
train_1346,train
train_13460,train
train_13461,train
train_13462,train
train_13463,train
train_13466,train
train_13467,train
train_13468,train
train_13469,train
train_1347,train
train_13471,train
train_13472,train
train_13473,train
train_13474,train
train_13475,train
train_13476,train
train_13477,train
train_13478,train
train_13479,train
train_1348,train
train_13481,train
train_13482,train
train_13483,train
train_13485,train
train_13486,train
train_13487,train
train_13488,train
train_13489,train
train_1349,train
train_13490,train
train_13492,train
train_13493,train
train_13494,train
train_13495,train
train_13496,train
train_13497,train
train_13498,train
train_13499,train
train_13502,train
train_13505,train
train_13507,train
train_13508,train
train_13509,train
train_1351,train
train_13510,train
train_13511,train
train_13512,train
train_13513,train
train_13514,train
train_13517,train
train_13518,train
train_13519,train
train_1352,train
train_13520,train
train_13521,train
train_13522,train
train_13523,train
train_13525,train
train_13526,train
train_13527,train
train_13530,train
train_13531,train
train_13532,train
train_13534,train
train_13537,train
train_13538,train
train_13539,train
train_1354,train
train_13541,train
train_13542,train
train_13543,train
train_13544,train
train_13545,train
train_13546,train
train_13547,train
train_13548,train
train_13549,train
train_1355,train
train_13550,train
train_13554,train
train_13555,train
train_13556,train
train_13557,train
train_13558,train
train_13559,train
train_1356,train
train_13561,train
train_13565,train
train_13566,train
train_13567,train
train_13568,train
train_13569,train
train_1357,train
train_13570,train
train_13571,train
train_13572,train
train_13574,train
train_13575,train
train_13576,train
train_13577,train
train_13578,train
train_13579,train
train_1358,train
train_13581,train
train_13584,train
train_13585,train
train_13586,train
train_13587,train
train_13588,train
train_1359,train
train_13590,train
train_13594,train
train_13595,train
train_13597,train
train_136,train
train_1360,train
train_13600,train
train_13601,train
train_13602,train
train_13603,train
train_13604,train
train_13605,train
train_13606,train
train_13608,train
train_1361,train
train_13611,train
train_13612,train
train_13613,train
train_13615,train
train_13617,train
train_13619,train
train_13620,train
train_13623,train
train_13624,train
train_13625,train
train_13628,train
train_13629,train
train_1363,train
train_13630,train
train_13631,train
train_13632,train
train_13633,train
train_13634,train
train_13635,train
train_13636,train
train_13637,train
train_1364,train
train_13640,train
train_13641,train
train_13642,train
train_13643,train
train_13646,train
train_13648,train
train_1365,train
train_13651,train
train_13652,train
train_13653,train
train_13654,train
train_13655,train
train_13656,train
train_13658,train
train_13659,train
train_13661,train
train_13662,train
train_13664,train
train_13665,train
train_13666,train
train_13667,train
train_13668,train
train_13669,train
train_13671,train
train_13674,train
train_13675,train
train_13676,train
train_13677,train
train_13678,train
train_13679,train
train_1368,train
train_13684,train
train_13685,train
train_13686,train
train_13688,train
train_13690,train
train_13691,train
train_13692,train
train_13693,train
train_13694,train
train_13696,train
train_13697,train
train_13698,train
train_13699,train
train_137,train
train_13700,train
train_13701,train
train_13703,train
train_13704,train
train_13705,train
train_13706,train
train_13707,train
train_13708,train
train_13710,train
train_13711,train
train_13712,train
train_13713,train
train_13714,train
train_13715,train
train_13716,train
train_13717,train
train_13718,train
train_13719,train
train_1372,train
train_13720,train
train_13722,train
train_13724,train
train_13726,train
train_13727,train
train_13728,train
train_1373,train
train_13731,train
train_13733,train
train_13734,train
train_13735,train
train_13736,train
train_13738,train
train_1374,train
train_13740,train
train_13741,train
train_13742,train
train_13744,train
train_13747,train
train_13748,train
train_13749,train
train_1375,train
train_13750,train
train_13751,train
train_13752,train
train_13754,train
train_13757,train
train_13758,train
train_13759,train
train_1376,train
train_13760,train
train_13761,train
train_13762,train
train_13764,train
train_13766,train
train_13768,train
train_13769,train
train_1377,train
train_13770,train
train_13771,train
train_13772,train
train_13773,train
train_13774,train
train_13775,train
train_13776,train
train_13777,train
train_13778,train
train_13779,train
train_1378,train
train_13781,train
train_13783,train
train_13784,train
train_13785,train
train_13786,train
train_13789,train
train_1379,train
train_13790,train
train_13791,train
train_13792,train
train_13793,train
train_13795,train
train_13797,train
train_13798,train
train_13799,train
train_138,train
train_1380,train
train_13801,train
train_13802,train
train_13803,train
train_13804,train
train_13807,train
train_13808,train
train_13809,train
train_13810,train
train_13811,train
train_13812,train
train_13813,train
train_13814,train
train_13815,train
train_13816,train
train_13817,train
train_13819,train
train_13820,train
train_13821,train
train_13823,train
train_13824,train
train_13825,train
train_13826,train
train_13827,train
train_13828,train
train_13830,train
train_13831,train
train_13832,train
train_13833,train
train_13835,train
train_13836,train
train_1384,train
train_13840,train
train_13841,train
train_13842,train
train_13844,train
train_13848,train
train_13850,train
train_13852,train
train_13853,train
train_13854,train
train_13855,train
train_13857,train
train_13858,train
train_1386,train
train_13862,train
train_13863,train
train_13864,train
train_13867,train
train_13868,train
train_13869,train
train_13871,train
train_13872,train
train_13878,train
train_13879,train
train_1388,train
train_13880,train
train_13882,train
train_13883,train
train_13884,train
train_13885,train
train_13886,train
train_13887,train
train_13888,train
train_13889,train
train_1389,train
train_13891,train
train_13894,train
train_13895,train
train_13897,train
train_13898,train
train_13899,train
train_139,train
train_1390,train
train_13900,train
train_13901,train
train_13902,train
train_13903,train
train_13904,train
train_13905,train
train_13908,train
train_13909,train
train_1391,train
train_13910,train
train_13911,train
train_13912,train
train_13913,train
train_13914,train
train_13915,train
train_13916,train
train_13917,train
train_13918,train
train_1392,train
train_13920,train
train_13921,train
train_13922,train
train_13926,train
train_13929,train
train_1393,train
train_13930,train
train_13931,train
train_13932,train
train_13933,train
train_13934,train
train_13936,train
train_13937,train
train_13938,train
train_13939,train
train_13940,train
train_13941,train
train_13943,train
train_13945,train
train_13948,train
train_13949,train
train_1395,train
train_13950,train
train_13951,train
train_13952,train
train_13955,train
train_13957,train
train_13958,train
train_13959,train
train_1396,train
train_13960,train
train_13962,train
train_13965,train
train_13966,train
train_13967,train
train_13968,train
train_13969,train
train_1397,train
train_13970,train
train_13972,train
train_13974,train
train_13975,train
train_13976,train
train_13978,train
train_13979,train
train_1398,train
train_13981,train
train_13982,train
train_13983,train
train_13984,train
train_13985,train
train_13986,train
train_13987,train
train_13988,train
train_1399,train
train_13990,train
train_13991,train
train_13992,train
train_13995,train
train_13997,train
train_13998,train
train_14,train
train_140,train
train_1400,train
train_14000,train
train_14001,train
train_14002,train
train_14003,train
train_14004,train
train_14005,train
train_14007,train
train_14009,train
train_1401,train
train_14010,train
train_14011,train
train_14012,train
train_14014,train
train_14016,train
train_14017,train
train_14019,train
train_14020,train
train_14022,train
train_14023,train
train_14024,train
train_14027,train
train_14028,train
train_14029,train
train_1403,train
train_14030,train
train_14031,train
train_14032,train
train_14033,train
train_14035,train
train_14037,train
train_14039,train
train_1404,train
train_14040,train
train_14042,train
train_14043,train
train_14044,train
train_14045,train
train_14046,train
train_14048,train
train_14049,train
train_1405,train
train_14050,train
train_14051,train
train_14053,train
train_14054,train
train_14055,train
train_14056,train
train_14057,train
train_14059,train
train_1406,train
train_14061,train
train_14063,train
train_14064,train
train_14065,train
train_14066,train
train_14067,train
train_14068,train
train_1407,train
train_14070,train
train_14071,train
train_14072,train
train_14073,train
train_14074,train
train_14075,train
train_14076,train
train_14079,train
train_14080,train
train_14083,train
train_14084,train
train_14085,train
train_14086,train
train_14087,train
train_14088,train
train_1409,train
train_14090,train
train_14091,train
train_14092,train
train_14093,train
train_14094,train
train_14095,train
train_14096,train
train_14099,train
train_141,train
train_1410,train
train_14100,train
train_14101,train
train_14102,train
train_14103,train
train_14105,train
train_14106,train
train_14108,train
train_14109,train
train_1411,train
train_14110,train
train_14114,train
train_14115,train
train_14116,train
train_14118,train
train_14119,train
train_1412,train
train_14120,train
train_14122,train
train_14123,train
train_14125,train
train_14126,train
train_14127,train
train_14128,train
train_14129,train
train_1413,train
train_14131,train
train_14132,train
train_14133,train
train_14134,train
train_14135,train
train_14136,train
train_14137,train
train_14138,train
train_1414,train
train_14140,train
train_14141,train
train_14142,train
train_14143,train
train_14144,train
train_14145,train
train_14146,train
train_14147,train
train_14148,train
train_1415,train
train_14150,train
train_14151,train
train_14153,train
train_14154,train
train_14155,train
train_14157,train
train_14158,train
train_14159,train
train_1416,train
train_14160,train
train_14161,train
train_14164,train
train_14166,train
train_14167,train
train_14168,train
train_14169,train
train_1417,train
train_14170,train
train_14172,train
train_14174,train
train_14177,train
train_14178,train
train_14179,train
train_1418,train
train_14182,train
train_14183,train
train_14184,train
train_14185,train
train_14186,train
train_14187,train
train_14188,train
train_14190,train
train_14191,train
train_14192,train
train_14193,train
train_14194,train
train_14195,train
train_14196,train
train_14197,train
train_14199,train
train_14200,train
train_14203,train
train_14205,train
train_14206,train
train_14207,train
train_1421,train
train_14210,train
train_14211,train
train_14213,train
train_14216,train
train_14217,train
train_14218,train
train_14219,train
train_1422,train
train_14220,train
train_14221,train
train_14226,train
train_14228,train
train_14229,train
train_1423,train
train_14230,train
train_14231,train
train_14233,train
train_14235,train
train_14237,train
train_14239,train
train_14240,train
train_14241,train
train_14242,train
train_14245,train
train_14246,train
train_14247,train
train_14249,train
train_1425,train
train_14250,train
train_14252,train
train_14253,train
train_14254,train
train_14255,train
train_14256,train
train_14257,train
train_14258,train
train_1426,train
train_14260,train
train_14262,train
train_14264,train
train_14265,train
train_14266,train
train_14267,train
train_14269,train
train_1427,train
train_14270,train
train_14271,train
train_14272,train
train_14273,train
train_14274,train
train_14275,train
train_14277,train
train_14278,train
train_1428,train
train_14280,train
train_14281,train
train_14282,train
train_14284,train
train_14285,train
train_14287,train
train_14288,train
train_14289,train
train_1429,train
train_14290,train
train_14291,train
train_14293,train
train_14295,train
train_14296,train
train_14297,train
train_14299,train
train_143,train
train_1430,train
train_14301,train
train_14303,train
train_14304,train
train_14309,train
train_1431,train
train_14310,train
train_14311,train
train_14313,train
train_14315,train
train_14319,train
train_14320,train
train_14321,train
train_14322,train
train_14324,train
train_14326,train
train_14327,train
train_14328,train
train_14329,train
train_1433,train
train_14330,train
train_14331,train
train_14334,train
train_14335,train
train_14336,train
train_14337,train
train_14338,train
train_14339,train
train_14340,train
train_14342,train
train_14343,train
train_14344,train
train_14345,train
train_14346,train
train_14349,train
train_14350,train
train_14352,train
train_14353,train
train_14355,train
train_14357,train
train_14359,train
train_14360,train
train_14361,train
train_14362,train
train_14364,train
train_14365,train
train_14366,train
train_14369,train
train_1437,train
train_14370,train
train_14371,train
train_14374,train
train_14375,train
train_14377,train
train_14379,train
train_1438,train
train_14380,train
train_14381,train
train_14383,train
train_14386,train
train_14387,train
train_14390,train
train_14391,train
train_14392,train
train_14394,train
train_14395,train
train_14398,train
train_14399,train
train_144,train
train_14400,train
train_14402,train
train_14403,train
train_14405,train
train_14407,train
train_14408,train
train_14411,train
train_14412,train
train_14413,train
train_14414,train
train_14415,train
train_14416,train
train_14417,train
train_14420,train
train_14421,train
train_14422,train
train_14423,train
train_14425,train
train_14426,train
train_14427,train
train_14429,train
train_1443,train
train_14430,train
train_14431,train
train_14432,train
train_14433,train
train_14434,train
train_14436,train
train_14437,train
train_14439,train
train_1444,train
train_14440,train
train_14441,train
train_14442,train
train_14443,train
train_14444,train
train_14445,train
train_14446,train
train_14448,train
train_14449,train
train_14450,train
train_14451,train
train_14452,train
train_14454,train
train_14455,train
train_14456,train
train_14458,train
train_14459,train
train_1446,train
train_14460,train
train_14461,train
train_14462,train
train_14463,train
train_14464,train
train_14465,train
train_14466,train
train_14467,train
train_14469,train
train_1447,train
train_14470,train
train_14471,train
train_14472,train
train_14474,train
train_14475,train
train_14476,train
train_14477,train
train_14478,train
train_14479,train
train_1448,train
train_14480,train
train_14481,train
train_14483,train
train_14484,train
train_14486,train
train_14487,train
train_14488,train
train_14489,train
train_1449,train
train_14490,train
train_14491,train
train_14493,train
train_14494,train
train_14495,train
train_14497,train
train_14499,train
train_145,train
train_14501,train
train_14503,train
train_14504,train
train_14505,train
train_14507,train
train_14508,train
train_14509,train
train_14510,train
train_14512,train
train_14515,train
train_14517,train
train_14518,train
train_14519,train
train_1452,train
train_14521,train
train_14522,train
train_14523,train
train_14524,train
train_14525,train
train_14526,train
train_14527,train
train_1453,train
train_14530,train
train_14531,train
train_14532,train
train_14534,train
train_14535,train
train_14536,train
train_14538,train
train_1454,train
train_14540,train
train_14541,train
train_14542,train
train_14544,train
train_14546,train
train_14547,train
train_14548,train
train_14549,train
train_14550,train
train_14551,train
train_14552,train
train_14553,train
train_14554,train
train_14555,train
train_1456,train
train_14560,train
train_14561,train
train_14562,train
train_14563,train
train_14564,train
train_14565,train
train_14566,train
train_14568,train
train_1457,train
train_14570,train
train_14571,train
train_14572,train
train_14574,train
train_14575,train
train_14576,train
train_14577,train
train_14578,train
train_14579,train
train_1458,train
train_14581,train
train_14583,train
train_14584,train
train_14587,train
train_14588,train
train_1459,train
train_14590,train
train_14591,train
train_14592,train
train_14593,train
train_14594,train
train_14595,train
train_14596,train
train_14597,train
train_14598,train
train_14599,train
train_146,train
train_1460,train
train_14600,train
train_14601,train
train_14602,train
train_14603,train
train_14604,train
train_14605,train
train_14606,train
train_14607,train
train_14608,train
train_1461,train
train_14612,train
train_14614,train
train_14615,train
train_14616,train
train_14617,train
train_14618,train
train_14619,train
train_1462,train
train_14621,train
train_14623,train
train_14624,train
train_14625,train
train_14626,train
train_14627,train
train_14628,train
train_14629,train
train_1463,train
train_14630,train
train_14631,train
train_14632,train
train_14633,train
train_14635,train
train_14636,train
train_14638,train
train_14639,train
train_1464,train
train_14640,train
train_14642,train
train_14643,train
train_14644,train
train_14645,train
train_14646,train
train_14650,train
train_14651,train
train_14654,train
train_14656,train
train_14658,train
train_14659,train
train_1466,train
train_14660,train
train_14661,train
train_14662,train
train_14665,train
train_14666,train
train_14668,train
train_1467,train
train_14670,train
train_14671,train
train_14673,train
train_14675,train
train_14676,train
train_14677,train
train_14679,train
train_1468,train
train_14680,train
train_14681,train
train_14683,train
train_14684,train
train_14685,train
train_14686,train
train_14687,train
train_14688,train
train_1469,train
train_14690,train
train_14691,train
train_14692,train
train_14694,train
train_14695,train
train_14697,train
train_14698,train
train_14699,train
train_147,train
train_1470,train
train_14700,train
train_14701,train
train_14702,train
train_14703,train
train_14704,train
train_14706,train
train_14707,train
train_1471,train
train_14711,train
train_14712,train
train_14715,train
train_14717,train
train_14718,train
train_14719,train
train_1472,train
train_14721,train
train_14722,train
train_14723,train
train_14725,train
train_14727,train
train_14728,train
train_14729,train
train_1473,train
train_14730,train
train_14731,train
train_14732,train
train_14733,train
train_14734,train
train_14735,train
train_14736,train
train_14738,train
train_14739,train
train_14740,train
train_14741,train
train_14742,train
train_14743,train
train_14745,train
train_14747,train
train_1475,train
train_14750,train
train_14751,train
train_14752,train
train_14755,train
train_14757,train
train_14758,train
train_14759,train
train_1476,train
train_14761,train
train_14763,train
train_14765,train
train_14766,train
train_14769,train
train_1477,train
train_14771,train
train_14772,train
train_14773,train
train_14775,train
train_14776,train
train_14778,train
train_14779,train
train_14780,train
train_14781,train
train_14782,train
train_14783,train
train_14786,train
train_14789,train
train_1479,train
train_14790,train
train_14791,train
train_14792,train
train_14793,train
train_14795,train
train_14796,train
train_14797,train
train_14798,train
train_14799,train
train_148,train
train_1480,train
train_14800,train
train_14801,train
train_14804,train
train_14805,train
train_14807,train
train_14808,train
train_1481,train
train_14811,train
train_14812,train
train_14813,train
train_14814,train
train_14815,train
train_14817,train
train_14818,train
train_14819,train
train_14820,train
train_14821,train
train_14822,train
train_14823,train
train_14824,train
train_14825,train
train_14827,train
train_14828,train
train_14829,train
train_1483,train
train_14830,train
train_14831,train
train_14832,train
train_14834,train
train_14835,train
train_14836,train
train_14838,train
train_14839,train
train_14840,train
train_14841,train
train_14843,train
train_14844,train
train_14845,train
train_14846,train
train_14849,train
train_1485,train
train_14850,train
train_14851,train
train_14853,train
train_14854,train
train_14855,train
train_14856,train
train_14857,train
train_14858,train
train_14859,train
train_1486,train
train_14860,train
train_14862,train
train_14863,train
train_14864,train
train_14866,train
train_14867,train
train_14868,train
train_14869,train
train_1487,train
train_14871,train
train_14872,train
train_14874,train
train_14875,train
train_14876,train
train_14877,train
train_1488,train
train_14880,train
train_14882,train
train_14883,train
train_14884,train
train_14886,train
train_14887,train
train_14888,train
train_14889,train
train_1489,train
train_14890,train
train_14891,train
train_14892,train
train_14893,train
train_14894,train
train_14895,train
train_14896,train
train_14898,train
train_149,train
train_1490,train
train_14902,train
train_14903,train
train_14904,train
train_14905,train
train_14906,train
train_14907,train
train_14909,train
train_1491,train
train_14911,train
train_14912,train
train_14915,train
train_14917,train
train_14918,train
train_14919,train
train_1492,train
train_14920,train
train_14921,train
train_14922,train
train_14923,train
train_14924,train
train_14925,train
train_14926,train
train_14927,train
train_14928,train
train_14929,train
train_14930,train
train_14931,train
train_14932,train
train_14933,train
train_14934,train
train_14935,train
train_14936,train
train_14937,train
train_14939,train
train_1494,train
train_14940,train
train_14941,train
train_14942,train
train_14943,train
train_14945,train
train_14946,train
train_14947,train
train_14948,train
train_14949,train
train_1495,train
train_14952,train
train_14953,train
train_14954,train
train_14955,train
train_14957,train
train_14958,train
train_14959,train
train_1496,train
train_14962,train
train_14963,train
train_14964,train
train_14965,train
train_14966,train
train_14967,train
train_14968,train
train_14969,train
train_14970,train
train_14972,train
train_14973,train
train_14974,train
train_14976,train
train_14977,train
train_14979,train
train_1498,train
train_14980,train
train_14981,train
train_14982,train
train_14983,train
train_14985,train
train_14986,train
train_14987,train
train_14988,train
train_14989,train
train_1499,train
train_14990,train
train_14992,train
train_14993,train
train_14994,train
train_14995,train
train_14998,train
train_14999,train
train_15,train
train_150,train
train_1500,train
train_15001,train
train_15002,train
train_15003,train
train_15005,train
train_15006,train
train_15007,train
train_15008,train
train_15009,train
train_1501,train
train_15010,train
train_15011,train
train_15012,train
train_15013,train
train_15015,train
train_15016,train
train_15017,train
train_15019,train
train_1502,train
train_15020,train
train_15021,train
train_15022,train
train_15026,train
train_15027,train
train_15028,train
train_15029,train
train_1503,train
train_15031,train
train_15032,train
train_15033,train
train_15034,train
train_15035,train
train_15037,train
train_15039,train
train_1504,train
train_15040,train
train_15041,train
train_15042,train
train_15044,train
train_15045,train
train_15047,train
train_15048,train
train_1505,train
train_15050,train
train_15053,train
train_15054,train
train_15055,train
train_1506,train
train_15060,train
train_15062,train
train_15063,train
train_15064,train
train_15065,train
train_15067,train
train_15068,train
train_15069,train
train_1507,train
train_15070,train
train_15073,train
train_15074,train
train_15077,train
train_15078,train
train_15079,train
train_1508,train
train_15080,train
train_15081,train
train_15083,train
train_15084,train
train_15085,train
train_15087,train
train_15088,train
train_15089,train
train_15090,train
train_15091,train
train_15092,train
train_15093,train
train_15094,train
train_15095,train
train_15096,train
train_15097,train
train_15098,train
train_15099,train
train_151,train
train_1510,train
train_15100,train
train_15102,train
train_15103,train
train_15104,train
train_15105,train
train_15106,train
train_15107,train
train_15109,train
train_15110,train
train_15111,train
train_15112,train
train_15113,train
train_15114,train
train_15116,train
train_15117,train
train_1512,train
train_15120,train
train_15121,train
train_15122,train
train_15126,train
train_15128,train
train_1513,train
train_15130,train
train_15131,train
train_15132,train
train_15133,train
train_15134,train
train_15135,train
train_15136,train
train_15137,train
train_15138,train
train_15139,train
train_15140,train
train_15141,train
train_15142,train
train_15143,train
train_15144,train
train_15145,train
train_15146,train
train_15147,train
train_15148,train
train_1515,train
train_15151,train
train_15153,train
train_15154,train
train_15155,train
train_15156,train
train_15157,train
train_15158,train
train_1516,train
train_15161,train
train_15162,train
train_15163,train
train_15164,train
train_15165,train
train_15166,train
train_15167,train
train_15168,train
train_1517,train
train_15171,train
train_15172,train
train_15175,train
train_15176,train
train_15177,train
train_15178,train
train_15179,train
train_1518,train
train_15180,train
train_15184,train
train_15185,train
train_15186,train
train_15187,train
train_15188,train
train_15189,train
train_1519,train
train_15190,train
train_15191,train
train_15194,train
train_15196,train
train_15197,train
train_15198,train
train_152,train
train_15200,train
train_15202,train
train_15204,train
train_15205,train
train_15206,train
train_15207,train
train_15209,train
train_15210,train
train_15212,train
train_15213,train
train_15216,train
train_15217,train
train_15218,train
train_15220,train
train_15221,train
train_15225,train
train_15226,train
train_15227,train
train_1523,train
train_15230,train
train_15232,train
train_15233,train
train_15234,train
train_15236,train
train_15237,train
train_15239,train
train_15241,train
train_15242,train
train_15244,train
train_15245,train
train_15246,train
train_15247,train
train_15248,train
train_15249,train
train_1525,train
train_15250,train
train_15251,train
train_15252,train
train_15254,train
train_15257,train
train_15258,train
train_15259,train
train_1526,train
train_15260,train
train_15261,train
train_15264,train
train_15265,train
train_15266,train
train_15267,train
train_15269,train
train_1527,train
train_15270,train
train_15272,train
train_15273,train
train_15275,train
train_15276,train
train_15277,train
train_15279,train
train_15280,train
train_15281,train
train_15282,train
train_15284,train
train_15286,train
train_15287,train
train_15288,train
train_15289,train
train_1529,train
train_15291,train
train_15292,train
train_15295,train
train_15296,train
train_15297,train
train_15298,train
train_15299,train
train_153,train
train_1530,train
train_15300,train
train_15303,train
train_15304,train
train_15305,train
train_15306,train
train_15307,train
train_15308,train
train_15309,train
train_1531,train
train_15311,train
train_15313,train
train_15314,train
train_15317,train
train_15318,train
train_15320,train
train_15321,train
train_15322,train
train_15323,train
train_15324,train
train_15325,train
train_15326,train
train_15327,train
train_15329,train
train_15330,train
train_15331,train
train_15332,train
train_15333,train
train_15335,train
train_15336,train
train_15338,train
train_15339,train
train_1534,train
train_15340,train
train_15343,train
train_15344,train
train_15345,train
train_15346,train
train_15348,train
train_1535,train
train_15350,train
train_15351,train
train_15352,train
train_15353,train
train_15354,train
train_15355,train
train_15356,train
train_1536,train
train_15360,train
train_15361,train
train_15365,train
train_15367,train
train_15368,train
train_1537,train
train_15370,train
train_15371,train
train_15372,train
train_15373,train
train_15374,train
train_15375,train
train_15376,train
train_15378,train
train_15379,train
train_1538,train
train_15380,train
train_15381,train
train_15382,train
train_15387,train
train_15388,train
train_15389,train
train_1539,train
train_15390,train
train_15393,train
train_15394,train
train_15395,train
train_15396,train
train_15397,train
train_15398,train
train_15399,train
train_15400,train
train_15401,train
train_15404,train
train_15405,train
train_15406,train
train_15407,train
train_15408,train
train_15409,train
train_15410,train
train_15411,train
train_15412,train
train_15413,train
train_15414,train
train_15415,train
train_15416,train
train_15417,train
train_15419,train
train_1542,train
train_15420,train
train_15421,train
train_15423,train
train_15424,train
train_15425,train
train_15426,train
train_15427,train
train_15428,train
train_15429,train
train_1543,train
train_15431,train
train_15432,train
train_15433,train
train_15434,train
train_15435,train
train_15436,train
train_15437,train
train_15438,train
train_15439,train
train_1544,train
train_15440,train
train_15441,train
train_15442,train
train_15446,train
train_15448,train
train_15449,train
train_15451,train
train_15452,train
train_15453,train
train_15454,train
train_15455,train
train_15456,train
train_15457,train
train_15459,train
train_1546,train
train_15460,train
train_15461,train
train_15462,train
train_15464,train
train_15465,train
train_15466,train
train_15467,train
train_15468,train
train_15469,train
train_1547,train
train_15470,train
train_15472,train
train_15473,train
train_15474,train
train_15475,train
train_15476,train
train_15477,train
train_15478,train
train_1548,train
train_15480,train
train_15482,train
train_15484,train
train_15487,train
train_1549,train
train_15490,train
train_15491,train
train_15492,train
train_15494,train
train_15497,train
train_15498,train
train_15499,train
train_1550,train
train_15500,train
train_15501,train
train_15502,train
train_15503,train
train_15504,train
train_15507,train
train_15509,train
train_1551,train
train_15510,train
train_15511,train
train_15513,train
train_15514,train
train_15516,train
train_15517,train
train_15518,train
train_1552,train
train_15521,train
train_15522,train
train_15523,train
train_15525,train
train_15526,train
train_15528,train
train_1553,train
train_15530,train
train_15531,train
train_15534,train
train_15536,train
train_15537,train
train_15538,train
train_15539,train
train_1554,train
train_15540,train
train_15541,train
train_15542,train
train_15545,train
train_15547,train
train_15548,train
train_1555,train
train_15551,train
train_15552,train
train_15554,train
train_15555,train
train_15556,train
train_15560,train
train_15562,train
train_15563,train
train_15565,train
train_15566,train
train_15567,train
train_15568,train
train_1557,train
train_15570,train
train_15571,train
train_15573,train
train_15574,train
train_15576,train
train_15577,train
train_15578,train
train_15579,train
train_15580,train
train_15581,train
train_15582,train
train_15583,train
train_15585,train
train_15586,train
train_15587,train
train_1559,train
train_15591,train
train_15595,train
train_15596,train
train_15597,train
train_15599,train
train_156,train
train_1560,train
train_15600,train
train_15602,train
train_15603,train
train_15604,train
train_15606,train
train_15608,train
train_1561,train
train_15610,train
train_15612,train
train_15613,train
train_15614,train
train_15615,train
train_15616,train
train_1562,train
train_15620,train
train_15621,train
train_15622,train
train_15623,train
train_15624,train
train_15625,train
train_15627,train
train_15629,train
train_1563,train
train_15630,train
train_15631,train
train_15633,train
train_15634,train
train_15636,train
train_15637,train
train_15638,train
train_15639,train
train_1564,train
train_15640,train
train_15642,train
train_15643,train
train_15644,train
train_15645,train
train_15646,train
train_15647,train
train_15648,train
train_15649,train
train_1565,train
train_15651,train
train_15653,train
train_15654,train
train_15655,train
train_15657,train
train_15658,train
train_1566,train
train_15660,train
train_15661,train
train_15664,train
train_15667,train
train_15668,train
train_1567,train
train_15670,train
train_15671,train
train_15672,train
train_15674,train
train_15675,train
train_15676,train
train_15677,train
train_1568,train
train_15680,train
train_15682,train
train_15683,train
train_15684,train
train_15686,train
train_15687,train
train_15688,train
train_1569,train
train_15690,train
train_15691,train
train_15692,train
train_15694,train
train_15696,train
train_15697,train
train_15698,train
train_15699,train
train_157,train
train_1570,train
train_15700,train
train_15701,train
train_15703,train
train_15705,train
train_15706,train
train_15707,train
train_15708,train
train_15709,train
train_1571,train
train_15711,train
train_15712,train
train_15713,train
train_15714,train
train_15715,train
train_15716,train
train_15717,train
train_15718,train
train_1572,train
train_15720,train
train_15721,train
train_15722,train
train_15725,train
train_15729,train
train_1573,train
train_15730,train
train_15731,train
train_15732,train
train_15733,train
train_15734,train
train_15736,train
train_15737,train
train_15738,train
train_15740,train
train_15741,train
train_15742,train
train_15743,train
train_15744,train
train_15746,train
train_15748,train
train_15749,train
train_1575,train
train_15750,train
train_15752,train
train_15754,train
train_15755,train
train_15756,train
train_15757,train
train_15758,train
train_1576,train
train_15761,train
train_15762,train
train_15764,train
train_15765,train
train_15766,train
train_15767,train
train_15768,train
train_15769,train
train_1577,train
train_15770,train
train_15771,train
train_15773,train
train_15774,train
train_15778,train
train_15779,train
train_1578,train
train_15780,train
train_15781,train
train_15782,train
train_15783,train
train_15784,train
train_15786,train
train_15787,train
train_1579,train
train_15791,train
train_15792,train
train_15793,train
train_15795,train
train_15796,train
train_15797,train
train_15799,train
train_158,train
train_1580,train
train_15801,train
train_15802,train
train_15803,train
train_15804,train
train_15805,train
train_15806,train
train_15809,train
train_1581,train
train_15810,train
train_15811,train
train_15812,train
train_15813,train
train_15815,train
train_15816,train
train_15817,train
train_15818,train
train_15819,train
train_1582,train
train_15820,train
train_15822,train
train_15823,train
train_15824,train
train_15825,train
train_15826,train
train_15827,train
train_15828,train
train_15829,train
train_1583,train
train_15830,train
train_15831,train
train_15832,train
train_15833,train
train_15834,train
train_15835,train
train_15837,train
train_15839,train
train_1584,train
train_15840,train
train_15841,train
train_15843,train
train_15845,train
train_15847,train
train_15848,train
train_15849,train
train_15850,train
train_15852,train
train_15853,train
train_1586,train
train_15860,train
train_15861,train
train_15862,train
train_15863,train
train_15864,train
train_15866,train
train_15867,train
train_15868,train
train_15869,train
train_1587,train
train_15870,train
train_15871,train
train_15874,train
train_15876,train
train_15877,train
train_15881,train
train_15882,train
train_15883,train
train_15884,train
train_15885,train
train_15888,train
train_15889,train
train_1589,train
train_15890,train
train_15891,train
train_15892,train
train_15894,train
train_15895,train
train_15896,train
train_15898,train
train_159,train
train_1590,train
train_15900,train
train_15901,train
train_15902,train
train_15903,train
train_15909,train
train_1591,train
train_15910,train
train_15912,train
train_15913,train
train_15914,train
train_15915,train
train_15918,train
train_15920,train
train_15922,train
train_15923,train
train_15924,train
train_15925,train
train_15926,train
train_15927,train
train_15928,train
train_15931,train
train_15932,train
train_15933,train
train_15934,train
train_15936,train
train_15937,train
train_15939,train
train_1594,train
train_15940,train
train_15941,train
train_15942,train
train_15943,train
train_15944,train
train_15945,train
train_15946,train
train_15948,train
train_15949,train
train_15950,train
train_15952,train
train_15954,train
train_15955,train
train_15956,train
train_15957,train
train_15958,train
train_15959,train
train_15960,train
train_15961,train
train_15962,train
train_15963,train
train_15964,train
train_15965,train
train_15967,train
train_15968,train
train_1597,train
train_15970,train
train_15971,train
train_15975,train
train_15976,train
train_15977,train
train_15979,train
train_1598,train
train_15980,train
train_15981,train
train_15982,train
train_15983,train
train_15984,train
train_15985,train
train_15986,train
train_15987,train
train_15988,train
train_15989,train
train_1599,train
train_15990,train
train_15991,train
train_15992,train
train_15995,train
train_15996,train
train_15998,train
train_160,train
train_16000,train
train_16001,train
train_16003,train
train_16004,train
train_16005,train
train_16007,train
train_16010,train
train_16012,train
train_16014,train
train_16015,train
train_16016,train
train_16017,train
train_16018,train
train_16019,train
train_16020,train
train_16022,train
train_16023,train
train_16024,train
train_16025,train
train_16026,train
train_16027,train
train_16028,train
train_1603,train
train_16030,train
train_16031,train
train_16032,train
train_16033,train
train_16034,train
train_16036,train
train_16037,train
train_16038,train
train_16039,train
train_1604,train
train_16040,train
train_16041,train
train_16042,train
train_16043,train
train_16045,train
train_16046,train
train_16048,train
train_1605,train
train_16050,train
train_16051,train
train_16052,train
train_16053,train
train_16054,train
train_16055,train
train_1606,train
train_16060,train
train_16065,train
train_16066,train
train_16067,train
train_1607,train
train_16070,train
train_16073,train
train_16075,train
train_16076,train
train_16077,train
train_16078,train
train_16079,train
train_1608,train
train_16080,train
train_16081,train
train_16082,train
train_16083,train
train_16087,train
train_16088,train
train_16089,train
train_1609,train
train_16092,train
train_16093,train
train_16094,train
train_16095,train
train_16096,train
train_16097,train
train_16098,train
train_161,train
train_1610,train
train_16100,train
train_16101,train
train_16102,train
train_16103,train
train_16104,train
train_16106,train
train_16107,train
train_16108,train
train_16109,train
train_1611,train
train_16110,train
train_16112,train
train_16113,train
train_16114,train
train_16116,train
train_16117,train
train_1612,train
train_16120,train
train_16121,train
train_16122,train
train_16123,train
train_16124,train
train_16127,train
train_16129,train
train_1613,train
train_16130,train
train_16131,train
train_16133,train
train_16134,train
train_16139,train
train_1614,train
train_16140,train
train_16141,train
train_16143,train
train_16144,train
train_16146,train
train_16147,train
train_16148,train
train_16149,train
train_1615,train
train_16150,train
train_16151,train
train_16152,train
train_16153,train
train_16154,train
train_16155,train
train_16156,train
train_16157,train
train_16158,train
train_16159,train
train_1616,train
train_16161,train
train_16162,train
train_16163,train
train_16165,train
train_16166,train
train_16168,train
train_1617,train
train_16172,train
train_16173,train
train_16175,train
train_16176,train
train_16177,train
train_1618,train
train_16180,train
train_16182,train
train_16183,train
train_16185,train
train_16187,train
train_16189,train
train_16191,train
train_16192,train
train_16193,train
train_16194,train
train_16195,train
train_16196,train
train_16197,train
train_16198,train
train_16199,train
train_1620,train
train_16200,train
train_16201,train
train_16202,train
train_16203,train
train_16205,train
train_16207,train
train_16208,train
train_16209,train
train_1621,train
train_16211,train
train_16212,train
train_16213,train
train_16214,train
train_16216,train
train_16217,train
train_16218,train
train_1622,train
train_16220,train
train_16221,train
train_16222,train
train_16223,train
train_16224,train
train_16225,train
train_16226,train
train_16227,train
train_16228,train
train_16229,train
train_1623,train
train_16230,train
train_16232,train
train_16233,train
train_16234,train
train_16236,train
train_16237,train
train_16238,train
train_1624,train
train_16240,train
train_16244,train
train_16245,train
train_16246,train
train_16248,train
train_16249,train
train_1625,train
train_16250,train
train_16251,train
train_16252,train
train_16253,train
train_16254,train
train_16255,train
train_16256,train
train_16257,train
train_16259,train
train_1626,train
train_16260,train
train_16261,train
train_16262,train
train_16263,train
train_16265,train
train_16267,train
train_16268,train
train_16269,train
train_1627,train
train_16271,train
train_16273,train
train_16275,train
train_16276,train
train_16277,train
train_16278,train
train_16279,train
train_16281,train
train_16282,train
train_16283,train
train_16284,train
train_16285,train
train_16286,train
train_16289,train
train_1629,train
train_16291,train
train_16292,train
train_16293,train
train_16294,train
train_16295,train
train_16296,train
train_16298,train
train_16299,train
train_163,train
train_16301,train
train_16302,train
train_16303,train
train_16306,train
train_16308,train
train_16309,train
train_1631,train
train_16310,train
train_16311,train
train_16312,train
train_16313,train
train_16316,train
train_16319,train
train_16322,train
train_16323,train
train_16324,train
train_16325,train
train_16326,train
train_16328,train
train_16329,train
train_1633,train
train_16330,train
train_16331,train
train_16332,train
train_16336,train
train_16337,train
train_16339,train
train_1634,train
train_16340,train
train_16342,train
train_16343,train
train_16344,train
train_16345,train
train_16346,train
train_16347,train
train_16348,train
train_16349,train
train_1635,train
train_16350,train
train_16351,train
train_16352,train
train_16354,train
train_16355,train
train_16358,train
train_1636,train
train_16360,train
train_16365,train
train_16367,train
train_16368,train
train_1637,train
train_16370,train
train_16371,train
train_16372,train
train_16374,train
train_16375,train
train_16376,train
train_16377,train
train_16378,train
train_1638,train
train_16380,train
train_16382,train
train_16383,train
train_16384,train
train_16385,train
train_16387,train
train_16388,train
train_1639,train
train_16390,train
train_16391,train
train_16392,train
train_16393,train
train_16395,train
train_16396,train
train_16397,train
train_16399,train
train_164,train
train_16400,train
train_16401,train
train_16403,train
train_16404,train
train_16406,train
train_16407,train
train_16408,train
train_16409,train
train_16410,train
train_16411,train
train_16412,train
train_16414,train
train_16415,train
train_16416,train
train_16417,train
train_16418,train
train_1642,train
train_16420,train
train_16422,train
train_16424,train
train_16426,train
train_16428,train
train_16429,train
train_1643,train
train_16430,train
train_16432,train
train_16434,train
train_16435,train
train_16436,train
train_16437,train
train_16438,train
train_1644,train
train_16440,train
train_16443,train
train_16444,train
train_16448,train
train_16449,train
train_1645,train
train_16450,train
train_16452,train
train_16453,train
train_16455,train
train_16456,train
train_16457,train
train_16459,train
train_1646,train
train_16460,train
train_16462,train
train_16463,train
train_16464,train
train_16466,train
train_16469,train
train_1647,train
train_16471,train
train_16474,train
train_16475,train
train_16477,train
train_16478,train
train_16479,train
train_1648,train
train_16480,train
train_16482,train
train_16483,train
train_16484,train
train_16485,train
train_16487,train
train_16488,train
train_16489,train
train_1649,train
train_16490,train
train_16491,train
train_16492,train
train_16494,train
train_16495,train
train_16498,train
train_16499,train
train_165,train
train_1650,train
train_16500,train
train_16501,train
train_16503,train
train_16504,train
train_16506,train
train_1651,train
train_16510,train
train_16511,train
train_16512,train
train_16515,train
train_16516,train
train_16517,train
train_16518,train
train_16519,train
train_16520,train
train_16521,train
train_16522,train
train_16523,train
train_16524,train
train_16525,train
train_16526,train
train_16527,train
train_16528,train
train_16529,train
train_1653,train
train_16530,train
train_16531,train
train_16533,train
train_16534,train
train_16536,train
train_16537,train
train_16538,train
train_16539,train
train_1654,train
train_16541,train
train_16542,train
train_16543,train
train_16544,train
train_16546,train
train_16547,train
train_16548,train
train_16549,train
train_1655,train
train_16551,train
train_16553,train
train_16554,train
train_16555,train
train_16557,train
train_16558,train
train_16559,train
train_1656,train
train_16560,train
train_16564,train
train_16567,train
train_16569,train
train_1657,train
train_16571,train
train_16572,train
train_16573,train
train_16575,train
train_16576,train
train_16577,train
train_16578,train
train_16579,train
train_1658,train
train_16580,train
train_16583,train
train_16584,train
train_16585,train
train_16586,train
train_16587,train
train_16588,train
train_16589,train
train_1659,train
train_16591,train
train_16592,train
train_16593,train
train_16594,train
train_16595,train
train_16596,train
train_16597,train
train_16598,train
train_16599,train
train_166,train
train_1660,train
train_16600,train
train_16601,train
train_16602,train
train_16603,train
train_16604,train
train_16605,train
train_16606,train
train_16608,train
train_1661,train
train_16610,train
train_16611,train
train_16612,train
train_16613,train
train_16614,train
train_16616,train
train_16617,train
train_16618,train
train_16619,train
train_1662,train
train_16620,train
train_16621,train
train_16622,train
train_16623,train
train_16624,train
train_16625,train
train_16626,train
train_16628,train
train_16629,train
train_1663,train
train_16632,train
train_16633,train
train_16634,train
train_16635,train
train_16636,train
train_16637,train
train_16639,train
train_1664,train
train_16641,train
train_16642,train
train_16643,train
train_16644,train
train_16645,train
train_16646,train
train_16647,train
train_16648,train
train_16649,train
train_16652,train
train_16653,train
train_16654,train
train_16655,train
train_16656,train
train_16657,train
train_16658,train
train_16659,train
train_1666,train
train_16660,train
train_16661,train
train_16662,train
train_16663,train
train_16664,train
train_16666,train
train_16667,train
train_16668,train
train_16669,train
train_1667,train
train_16670,train
train_16671,train
train_16672,train
train_16673,train
train_16675,train
train_16676,train
train_16678,train
train_16679,train
train_1668,train
train_16680,train
train_16681,train
train_16685,train
train_16686,train
train_16688,train
train_16689,train
train_1669,train
train_16690,train
train_16691,train
train_16692,train
train_16693,train
train_16694,train
train_16695,train
train_16696,train
train_16698,train
train_16699,train
train_1670,train
train_16701,train
train_16703,train
train_16705,train
train_16707,train
train_16708,train
train_1671,train
train_16711,train
train_16712,train
train_16714,train
train_16715,train
train_16716,train
train_16718,train
train_16719,train
train_1672,train
train_16720,train
train_16721,train
train_16722,train
train_16723,train
train_16725,train
train_16726,train
train_16728,train
train_16730,train
train_16731,train
train_16733,train
train_16734,train
train_16737,train
train_16738,train
train_16739,train
train_1674,train
train_16743,train
train_16744,train
train_16745,train
train_16746,train
train_16747,train
train_16748,train
train_16749,train
train_1675,train
train_16750,train
train_16751,train
train_16752,train
train_16753,train
train_16754,train
train_16755,train
train_16756,train
train_16757,train
train_16759,train
train_1676,train
train_16760,train
train_16761,train
train_16763,train
train_16764,train
train_16765,train
train_16766,train
train_16767,train
train_16769,train
train_16770,train
train_16771,train
train_16773,train
train_16774,train
train_16775,train
train_16776,train
train_16777,train
train_16778,train
train_16779,train
train_1678,train
train_16781,train
train_16782,train
train_16783,train
train_16784,train
train_16785,train
train_16786,train
train_16787,train
train_1679,train
train_16792,train
train_16794,train
train_16795,train
train_16798,train
train_16799,train
train_168,train
train_1680,train
train_16800,train
train_16802,train
train_16805,train
train_16806,train
train_16807,train
train_16809,train
train_1681,train
train_16810,train
train_16811,train
train_16812,train
train_16815,train
train_16816,train
train_16817,train
train_16818,train
train_16819,train
train_1682,train
train_16820,train
train_16822,train
train_16823,train
train_16825,train
train_16826,train
train_16827,train
train_16829,train
train_1683,train
train_16831,train
train_16832,train
train_16833,train
train_16834,train
train_16835,train
train_16836,train
train_16837,train
train_16838,train
train_16839,train
train_1684,train
train_16841,train
train_16842,train
train_16843,train
train_16844,train
train_16847,train
train_16848,train
train_16849,train
train_16851,train
train_16852,train
train_16853,train
train_16854,train
train_16857,train
train_16858,train
train_16859,train
train_16861,train
train_16862,train
train_16865,train
train_16867,train
train_16868,train
train_1687,train
train_16870,train
train_16871,train
train_16872,train
train_16875,train
train_16879,train
train_1688,train
train_16880,train
train_16882,train
train_16884,train
train_16885,train
train_16886,train
train_16888,train
train_16889,train
train_1689,train
train_16890,train
train_16891,train
train_16892,train
train_16893,train
train_16894,train
train_16895,train
train_16896,train
train_16897,train
train_16898,train
train_16899,train
train_169,train
train_1690,train
train_16900,train
train_16901,train
train_16903,train
train_16904,train
train_16906,train
train_16907,train
train_16908,train
train_16909,train
train_16910,train
train_16911,train
train_16913,train
train_16916,train
train_16917,train
train_16918,train
train_16919,train
train_1692,train
train_16921,train
train_16925,train
train_16926,train
train_16927,train
train_16928,train
train_16929,train
train_1693,train
train_16930,train
train_16931,train
train_16932,train
train_16933,train
train_16936,train
train_16937,train
train_16938,train
train_16939,train
train_16940,train
train_16941,train
train_16942,train
train_16943,train
train_16945,train
train_16947,train
train_16949,train
train_1695,train
train_16950,train
train_16951,train
train_16952,train
train_16953,train
train_16954,train
train_16955,train
train_16957,train
train_16958,train
train_16959,train
train_1696,train
train_16960,train
train_16962,train
train_16963,train
train_16964,train
train_16965,train
train_16966,train
train_16967,train
train_16969,train
train_1697,train
train_16970,train
train_16971,train
train_16972,train
train_16973,train
train_16974,train
train_16975,train
train_16976,train
train_16979,train
train_1698,train
train_16980,train
train_16981,train
train_16982,train
train_16983,train
train_16985,train
train_16987,train
train_16988,train
train_16989,train
train_1699,train
train_16990,train
train_16993,train
train_16995,train
train_16996,train
train_16997,train
train_17,train
train_170,train
train_1700,train
train_17000,train
train_17001,train
train_17002,train
train_17003,train
train_17004,train
train_17005,train
train_17006,train
train_17007,train
train_1701,train
train_17014,train
train_17016,train
train_17017,train
train_17019,train
train_1702,train
train_17020,train
train_17021,train
train_17023,train
train_17024,train
train_17025,train
train_17027,train
train_1703,train
train_17030,train
train_17035,train
train_17036,train
train_17037,train
train_1704,train
train_17040,train
train_17041,train
train_17042,train
train_17043,train
train_17044,train
train_17045,train
train_17046,train
train_17048,train
train_17049,train
train_1705,train
train_17050,train
train_17052,train
train_17054,train
train_17056,train
train_17057,train
train_17058,train
train_1706,train
train_17060,train
train_17063,train
train_17065,train
train_17067,train
train_17068,train
train_1707,train
train_17070,train
train_17071,train
train_17072,train
train_17073,train
train_17076,train
train_17077,train
train_17078,train
train_1708,train
train_17080,train
train_17082,train
train_17083,train
train_17084,train
train_17086,train
train_17087,train
train_17088,train
train_17089,train
train_1709,train
train_17092,train
train_17093,train
train_17095,train
train_17099,train
train_171,train
train_1710,train
train_17100,train
train_17101,train
train_17102,train
train_17105,train
train_17106,train
train_17108,train
train_17109,train
train_1711,train
train_17110,train
train_17111,train
train_17112,train
train_17114,train
train_17115,train
train_17116,train
train_17120,train
train_17121,train
train_17122,train
train_17123,train
train_17125,train
train_17126,train
train_17127,train
train_1713,train
train_17130,train
train_17131,train
train_17133,train
train_17134,train
train_17135,train
train_17136,train
train_17137,train
train_17138,train
train_17139,train
train_1714,train
train_17140,train
train_17141,train
train_17142,train
train_17144,train
train_17145,train
train_17146,train
train_17149,train
train_1715,train
train_17150,train
train_17152,train
train_17153,train
train_17157,train
train_17159,train
train_1716,train
train_17160,train
train_17161,train
train_17163,train
train_17167,train
train_17169,train
train_1717,train
train_17170,train
train_17171,train
train_17172,train
train_17173,train
train_17176,train
train_17178,train
train_17179,train
train_1718,train
train_17181,train
train_17182,train
train_17183,train
train_17186,train
train_17187,train
train_17188,train
train_17189,train
train_1719,train
train_17190,train
train_17191,train
train_17192,train
train_17193,train
train_17195,train
train_17196,train
train_1720,train
train_17202,train
train_17203,train
train_17204,train
train_17205,train
train_17206,train
train_17207,train
train_17213,train
train_17214,train
train_17215,train
train_17216,train
train_17217,train
train_17218,train
train_17220,train
train_17222,train
train_17223,train
train_17225,train
train_17226,train
train_17227,train
train_17228,train
train_17229,train
train_17230,train
train_17231,train
train_17234,train
train_17236,train
train_17238,train
train_1724,train
train_17240,train
train_17241,train
train_17242,train
train_17243,train
train_17245,train
train_17246,train
train_17247,train
train_17248,train
train_1725,train
train_17251,train
train_17252,train
train_17253,train
train_17254,train
train_17255,train
train_17256,train
train_17257,train
train_17258,train
train_17259,train
train_17260,train
train_17261,train
train_17262,train
train_17263,train
train_17267,train
train_17268,train
train_17269,train
train_1727,train
train_17270,train
train_17271,train
train_17272,train
train_17273,train
train_17275,train
train_17276,train
train_17277,train
train_17278,train
train_17279,train
train_17281,train
train_17285,train
train_17287,train
train_17289,train
train_1729,train
train_17290,train
train_17291,train
train_17293,train
train_17295,train
train_17296,train
train_17297,train
train_17298,train
train_173,train
train_1730,train
train_17300,train
train_17301,train
train_17302,train
train_17303,train
train_17304,train
train_17305,train
train_17306,train
train_17307,train
train_17308,train
train_17309,train
train_1731,train
train_17310,train
train_17311,train
train_17312,train
train_17315,train
train_17316,train
train_17318,train
train_17319,train
train_1732,train
train_17321,train
train_17322,train
train_17324,train
train_17325,train
train_17326,train
train_17327,train
train_17328,train
train_1733,train
train_17330,train
train_17331,train
train_17333,train
train_17334,train
train_17335,train
train_17336,train
train_17337,train
train_17338,train
train_17339,train
train_1734,train
train_17340,train
train_17341,train
train_17342,train
train_17343,train
train_17345,train
train_17346,train
train_17349,train
train_1735,train
train_17350,train
train_17352,train
train_17353,train
train_17354,train
train_17356,train
train_17357,train
train_17360,train
train_17362,train
train_17363,train
train_17364,train
train_17365,train
train_17366,train
train_17367,train
train_17368,train
train_17369,train
train_1737,train
train_17371,train
train_17372,train
train_17373,train
train_17376,train
train_17377,train
train_17378,train
train_1738,train
train_17380,train
train_17381,train
train_17382,train
train_17383,train
train_17384,train
train_17386,train
train_17387,train
train_17388,train
train_17389,train
train_17391,train
train_17392,train
train_17393,train
train_17394,train
train_17395,train
train_17396,train
train_17398,train
train_17399,train
train_1740,train
train_17400,train
train_17401,train
train_17404,train
train_17405,train
train_17406,train
train_17407,train
train_17408,train
train_17409,train
train_1741,train
train_17411,train
train_17412,train
train_17414,train
train_17415,train
train_17416,train
train_17417,train
train_17418,train
train_17419,train
train_1742,train
train_17420,train
train_17422,train
train_17423,train
train_17425,train
train_17426,train
train_17427,train
train_17429,train
train_1743,train
train_17430,train
train_17431,train
train_17432,train
train_17433,train
train_17434,train
train_17435,train
train_17436,train
train_17437,train
train_17438,train
train_17439,train
train_17440,train
train_17441,train
train_17442,train
train_17443,train
train_17444,train
train_17445,train
train_17446,train
train_17448,train
train_17449,train
train_17450,train
train_17452,train
train_17453,train
train_17454,train
train_17455,train
train_17456,train
train_17457,train
train_17459,train
train_1746,train
train_17460,train
train_17461,train
train_17462,train
train_17463,train
train_17464,train
train_17465,train
train_17466,train
train_17467,train
train_17468,train
train_17470,train
train_17471,train
train_17472,train
train_17473,train
train_17474,train
train_17475,train
train_17476,train
train_17477,train
train_17478,train
train_17480,train
train_17481,train
train_17482,train
train_17483,train
train_17484,train
train_17487,train
train_17488,train
train_17489,train
train_1749,train
train_17490,train
train_17491,train
train_17493,train
train_17494,train
train_17495,train
train_17496,train
train_17497,train
train_17498,train
train_17499,train
train_1750,train
train_17500,train
train_17501,train
train_17502,train
train_17503,train
train_17505,train
train_17506,train
train_17507,train
train_17508,train
train_17509,train
train_1751,train
train_17510,train
train_17511,train
train_17516,train
train_17517,train
train_17519,train
train_1752,train
train_17520,train
train_17521,train
train_17522,train
train_17523,train
train_17525,train
train_17526,train
train_17527,train
train_17528,train
train_17529,train
train_1753,train
train_17530,train
train_17533,train
train_17534,train
train_17535,train
train_17536,train
train_17538,train
train_17539,train
train_1754,train
train_17541,train
train_17542,train
train_17543,train
train_17544,train
train_17545,train
train_17546,train
train_17547,train
train_17549,train
train_1755,train
train_17550,train
train_17551,train
train_17552,train
train_17553,train
train_17554,train
train_17555,train
train_17556,train
train_17557,train
train_17558,train
train_17559,train
train_1756,train
train_17560,train
train_17562,train
train_17563,train
train_17564,train
train_17565,train
train_17566,train
train_17567,train
train_17568,train
train_17569,train
train_1757,train
train_17573,train
train_17574,train
train_17575,train
train_17576,train
train_17577,train
train_17578,train
train_17579,train
train_1758,train
train_17580,train
train_17581,train
train_17582,train
train_17583,train
train_17584,train
train_17585,train
train_17586,train
train_17587,train
train_17589,train
train_1759,train
train_17591,train
train_17592,train
train_17594,train
train_17595,train
train_17596,train
train_17597,train
train_17598,train
train_17599,train
train_176,train
train_1760,train
train_17600,train
train_17601,train
train_17603,train
train_17604,train
train_17606,train
train_17607,train
train_17609,train
train_1761,train
train_17610,train
train_17611,train
train_17613,train
train_17614,train
train_17615,train
train_17616,train
train_17617,train
train_17618,train
train_1762,train
train_17620,train
train_17621,train
train_17622,train
train_17624,train
train_17627,train
train_17628,train
train_1763,train
train_17631,train
train_17632,train
train_17636,train
train_17637,train
train_17638,train
train_1764,train
train_17640,train
train_17645,train
train_17646,train
train_17647,train
train_17648,train
train_17649,train
train_1765,train
train_17650,train
train_17651,train
train_17653,train
train_17654,train
train_17655,train
train_17657,train
train_17658,train
train_17659,train
train_17663,train
train_17665,train
train_17669,train
train_17670,train
train_17671,train
train_17672,train
train_17674,train
train_17675,train
train_17676,train
train_17677,train
train_17678,train
train_1768,train
train_17680,train
train_17681,train
train_17682,train
train_17683,train
train_17684,train
train_17685,train
train_17686,train
train_17688,train
train_17689,train
train_17691,train
train_17693,train
train_17694,train
train_17695,train
train_17697,train
train_17698,train
train_17699,train
train_1770,train
train_17700,train
train_17701,train
train_17702,train
train_17703,train
train_17704,train
train_17705,train
train_17706,train
train_17707,train
train_17709,train
train_17710,train
train_17712,train
train_17715,train
train_17716,train
train_17718,train
train_17719,train
train_1772,train
train_17720,train
train_17721,train
train_17723,train
train_17724,train
train_17727,train
train_17728,train
train_17729,train
train_17731,train
train_17732,train
train_17733,train
train_17734,train
train_17735,train
train_17736,train
train_17738,train
train_17739,train
train_1774,train
train_17740,train
train_17741,train
train_17742,train
train_17743,train
train_17744,train
train_17745,train
train_17748,train
train_17749,train
train_1775,train
train_17750,train
train_17752,train
train_17753,train
train_17755,train
train_17756,train
train_17757,train
train_17758,train
train_17759,train
train_1776,train
train_17762,train
train_17763,train
train_17764,train
train_17765,train
train_17766,train
train_17768,train
train_17769,train
train_1777,train
train_17771,train
train_17772,train
train_17773,train
train_17774,train
train_17775,train
train_17776,train
train_17777,train
train_17778,train
train_1778,train
train_17781,train
train_17782,train
train_17783,train
train_17784,train
train_17785,train
train_17787,train
train_17789,train
train_1779,train
train_17790,train
train_17791,train
train_17792,train
train_17793,train
train_17794,train
train_17795,train
train_17796,train
train_17797,train
train_17798,train
train_17799,train
train_178,train
train_1780,train
train_17800,train
train_17802,train
train_17804,train
train_17806,train
train_17807,train
train_1781,train
train_17810,train
train_17812,train
train_17813,train
train_17814,train
train_17815,train
train_17816,train
train_17817,train
train_17818,train
train_1782,train
train_17820,train
train_17822,train
train_17824,train
train_17825,train
train_17827,train
train_17828,train
train_17829,train
train_1783,train
train_17830,train
train_17831,train
train_17834,train
train_17835,train
train_17836,train
train_17838,train
train_1784,train
train_17840,train
train_17841,train
train_17843,train
train_17844,train
train_17845,train
train_17846,train
train_17848,train
train_17849,train
train_1785,train
train_17850,train
train_17851,train
train_17852,train
train_17853,train
train_17854,train
train_17857,train
train_17858,train
train_17859,train
train_1786,train
train_17861,train
train_17862,train
train_17864,train
train_17865,train
train_17866,train
train_17867,train
train_1787,train
train_17870,train
train_17872,train
train_17873,train
train_17874,train
train_17876,train
train_17878,train
train_1788,train
train_17881,train
train_17882,train
train_17883,train
train_17884,train
train_17885,train
train_17886,train
train_17888,train
train_17889,train
train_1789,train
train_17890,train
train_17891,train
train_17893,train
train_17894,train
train_17895,train
train_17896,train
train_17897,train
train_17898,train
train_17899,train
train_1790,train
train_17900,train
train_17901,train
train_17903,train
train_17904,train
train_17905,train
train_17906,train
train_17907,train
train_17908,train
train_17910,train
train_17911,train
train_17912,train
train_17914,train
train_17915,train
train_17916,train
train_17917,train
train_1792,train
train_17920,train
train_17922,train
train_17923,train
train_17924,train
train_17925,train
train_17927,train
train_17928,train
train_17929,train
train_17931,train
train_17932,train
train_17933,train
train_17934,train
train_17936,train
train_17937,train
train_17938,train
train_17939,train
train_1794,train
train_17940,train
train_17941,train
train_17942,train
train_17944,train
train_17947,train
train_17948,train
train_17949,train
train_1795,train
train_17950,train
train_17951,train
train_17952,train
train_17953,train
train_17954,train
train_17955,train
train_17956,train
train_17957,train
train_17958,train
train_17959,train
train_1796,train
train_17960,train
train_17961,train
train_17962,train
train_17963,train
train_17964,train
train_17965,train
train_17968,train
train_1797,train
train_17970,train
train_17971,train
train_17972,train
train_17973,train
train_17974,train
train_17975,train
train_17978,train
train_1798,train
train_17980,train
train_17981,train
train_17982,train
train_17984,train
train_17985,train
train_17987,train
train_17988,train
train_17989,train
train_1799,train
train_17991,train
train_17992,train
train_17993,train
train_17994,train
train_17995,train
train_17996,train
train_17997,train
train_18,train
train_180,train
train_1800,train
train_18000,train
train_18001,train
train_18002,train
train_18003,train
train_18004,train
train_18006,train
train_18007,train
train_18009,train
train_1801,train
train_18011,train
train_18012,train
train_18014,train
train_18015,train
train_18016,train
train_18017,train
train_18020,train
train_18021,train
train_18022,train
train_18024,train
train_18025,train
train_18027,train
train_18028,train
train_18029,train
train_1803,train
train_18030,train
train_18031,train
train_18032,train
train_18035,train
train_18036,train
train_18037,train
train_18038,train
train_1804,train
train_18040,train
train_18041,train
train_18043,train
train_18044,train
train_18045,train
train_18046,train
train_18047,train
train_1805,train
train_18050,train
train_18052,train
train_18053,train
train_18054,train
train_18057,train
train_18058,train
train_18059,train
train_1806,train
train_18060,train
train_18061,train
train_18063,train
train_18066,train
train_18067,train
train_18068,train
train_1807,train
train_18070,train
train_18071,train
train_18072,train
train_18073,train
train_18074,train
train_18075,train
train_18076,train
train_18078,train
train_18079,train
train_1808,train
train_18080,train
train_18081,train
train_18082,train
train_18084,train
train_18085,train
train_18086,train
train_18087,train
train_18088,train
train_18089,train
train_1809,train
train_18090,train
train_18091,train
train_18092,train
train_18094,train
train_18095,train
train_18096,train
train_18097,train
train_18098,train
train_18099,train
train_181,train
train_18101,train
train_18102,train
train_18103,train
train_18104,train
train_18106,train
train_18107,train
train_18108,train
train_18109,train
train_1811,train
train_18112,train
train_18113,train
train_18114,train
train_18115,train
train_18116,train
train_18117,train
train_18118,train
train_18119,train
train_1812,train
train_18123,train
train_18124,train
train_18125,train
train_18126,train
train_18127,train
train_18128,train
train_18129,train
train_1813,train
train_18130,train
train_18131,train
train_18132,train
train_18134,train
train_18135,train
train_18136,train
train_18137,train
train_18138,train
train_18139,train
train_1814,train
train_18140,train
train_18142,train
train_18143,train
train_18144,train
train_18145,train
train_18146,train
train_18147,train
train_18148,train
train_18149,train
train_1815,train
train_18151,train
train_18153,train
train_18154,train
train_18155,train
train_18156,train
train_18157,train
train_18158,train
train_18159,train
train_1816,train
train_18160,train
train_18161,train
train_18162,train
train_18163,train
train_18164,train
train_18165,train
train_18166,train
train_18167,train
train_18168,train
train_18169,train
train_1817,train
train_18170,train
train_18172,train
train_18173,train
train_18175,train
train_18176,train
train_18177,train
train_1818,train
train_18180,train
train_18182,train
train_18183,train
train_18184,train
train_18186,train
train_18187,train
train_18189,train
train_1819,train
train_18190,train
train_18192,train
train_18193,train
train_18194,train
train_18195,train
train_18196,train
train_18199,train
train_182,train
train_1820,train
train_18200,train
train_18201,train
train_18203,train
train_18204,train
train_18205,train
train_18206,train
train_18208,train
train_18209,train
train_1821,train
train_18211,train
train_18216,train
train_18217,train
train_18218,train
train_18219,train
train_1822,train
train_18220,train
train_18221,train
train_18222,train
train_18223,train
train_18224,train
train_18225,train
train_18226,train
train_18228,train
train_18230,train
train_18231,train
train_18232,train
train_18233,train
train_18234,train
train_18235,train
train_18236,train
train_18237,train
train_18238,train
train_18239,train
train_1824,train
train_18240,train
train_18242,train
train_18244,train
train_18245,train
train_1825,train
train_18252,train
train_18254,train
train_18255,train
train_18256,train
train_18257,train
train_18262,train
train_18263,train
train_18264,train
train_18265,train
train_18266,train
train_18267,train
train_18268,train
train_18269,train
train_1827,train
train_18273,train
train_18275,train
train_18277,train
train_1828,train
train_18281,train
train_18284,train
train_18285,train
train_18286,train
train_1829,train
train_18290,train
train_18291,train
train_18292,train
train_18293,train
train_18296,train
train_18298,train
train_18299,train
train_183,train
train_1830,train
train_18300,train
train_18302,train
train_18303,train
train_18304,train
train_18305,train
train_18306,train
train_18310,train
train_18311,train
train_18312,train
train_18315,train
train_18316,train
train_18317,train
train_18318,train
train_18319,train
train_18320,train
train_18322,train
train_18323,train
train_18325,train
train_18326,train
train_18327,train
train_18328,train
train_18330,train
train_18332,train
train_18333,train
train_18334,train
train_18335,train
train_18337,train
train_1834,train
train_18340,train
train_18342,train
train_18343,train
train_18344,train
train_18345,train
train_18346,train
train_18347,train
train_18348,train
train_18349,train
train_1835,train
train_18351,train
train_18353,train
train_18354,train
train_18356,train
train_18358,train
train_18359,train
train_1836,train
train_18361,train
train_18362,train
train_18363,train
train_18364,train
train_18365,train
train_18366,train
train_18367,train
train_18368,train
train_1837,train
train_18370,train
train_18373,train
train_18374,train
train_18375,train
train_18376,train
train_18377,train
train_18378,train
train_18379,train
train_18380,train
train_18382,train
train_18383,train
train_18384,train
train_18385,train
train_18387,train
train_18388,train
train_18389,train
train_18390,train
train_18391,train
train_18392,train
train_18393,train
train_18394,train
train_18397,train
train_18398,train
train_18399,train
train_184,train
train_1840,train
train_18400,train
train_18402,train
train_18403,train
train_18405,train
train_18409,train
train_1841,train
train_18410,train
train_18411,train
train_18412,train
train_18413,train
train_18415,train
train_18416,train
train_18417,train
train_18418,train
train_1842,train
train_18420,train
train_18421,train
train_18423,train
train_18424,train
train_18425,train
train_18429,train
train_1843,train
train_18430,train
train_18432,train
train_18433,train
train_18434,train
train_18435,train
train_18437,train
train_18438,train
train_18439,train
train_18442,train
train_18443,train
train_18446,train
train_18448,train
train_18450,train
train_18452,train
train_18454,train
train_18455,train
train_18456,train
train_18457,train
train_1846,train
train_18460,train
train_18462,train
train_18463,train
train_18464,train
train_18465,train
train_18466,train
train_18468,train
train_18469,train
train_18470,train
train_18471,train
train_18472,train
train_18474,train
train_18475,train
train_18476,train
train_18478,train
train_18479,train
train_1848,train
train_18480,train
train_18482,train
train_18483,train
train_18484,train
train_18486,train
train_18487,train
train_18488,train
train_18489,train
train_1849,train
train_18490,train
train_18491,train
train_18493,train
train_18494,train
train_18495,train
train_18496,train
train_18498,train
train_185,train
train_1850,train
train_18501,train
train_18502,train
train_18504,train
train_18505,train
train_18506,train
train_18507,train
train_18509,train
train_1851,train
train_18510,train
train_18511,train
train_18512,train
train_18518,train
train_18519,train
train_18520,train
train_18521,train
train_18523,train
train_18526,train
train_18529,train
train_1853,train
train_18530,train
train_18531,train
train_18533,train
train_18536,train
train_18537,train
train_18538,train
train_18539,train
train_1854,train
train_18540,train
train_18541,train
train_18544,train
train_18546,train
train_18547,train
train_18548,train
train_1855,train
train_18550,train
train_18551,train
train_18552,train
train_18553,train
train_18554,train
train_18555,train
train_18556,train
train_18557,train
train_18558,train
train_18559,train
train_1856,train
train_18560,train
train_18561,train
train_18562,train
train_18563,train
train_18564,train
train_18565,train
train_18566,train
train_18568,train
train_18569,train
train_1857,train
train_18570,train
train_18571,train
train_18572,train
train_18573,train
train_18574,train
train_18576,train
train_18577,train
train_18579,train
train_1858,train
train_18580,train
train_18581,train
train_18582,train
train_18583,train
train_18584,train
train_18585,train
train_18587,train
train_18588,train
train_18589,train
train_1859,train
train_18590,train
train_18591,train
train_18594,train
train_18595,train
train_18596,train
train_18597,train
train_18598,train
train_18599,train
train_186,train
train_1860,train
train_18601,train
train_18603,train
train_18605,train
train_18606,train
train_18608,train
train_18609,train
train_1861,train
train_18611,train
train_18612,train
train_18613,train
train_18614,train
train_18615,train
train_18616,train
train_18617,train
train_18618,train
train_18619,train
train_1862,train
train_18620,train
train_18621,train
train_18622,train
train_18623,train
train_18625,train
train_18626,train
train_18627,train
train_18628,train
train_18629,train
train_1863,train
train_18630,train
train_18631,train
train_18632,train
train_18633,train
train_18634,train
train_18635,train
train_18636,train
train_18637,train
train_18638,train
train_18639,train
train_18642,train
train_18643,train
train_18644,train
train_18645,train
train_18647,train
train_18648,train
train_18649,train
train_1865,train
train_18650,train
train_18652,train
train_18653,train
train_18654,train
train_18657,train
train_18659,train
train_1866,train
train_18661,train
train_18662,train
train_18664,train
train_18665,train
train_18666,train
train_18668,train
train_18669,train
train_1867,train
train_18671,train
train_18672,train
train_18673,train
train_18674,train
train_18675,train
train_18677,train
train_18678,train
train_1868,train
train_18681,train
train_18682,train
train_18683,train
train_18684,train
train_18686,train
train_18687,train
train_18688,train
train_18689,train
train_1869,train
train_18690,train
train_18691,train
train_18692,train
train_18693,train
train_18694,train
train_18696,train
train_18697,train
train_187,train
train_1870,train
train_18700,train
train_18701,train
train_18702,train
train_18703,train
train_18704,train
train_18706,train
train_18707,train
train_18708,train
train_1871,train
train_18710,train
train_18713,train
train_18716,train
train_18717,train
train_18718,train
train_18719,train
train_1872,train
train_18721,train
train_18722,train
train_18723,train
train_18724,train
train_18725,train
train_18726,train
train_18728,train
train_18729,train
train_1873,train
train_18730,train
train_18731,train
train_18732,train
train_18734,train
train_18737,train
train_18738,train
train_18739,train
train_1874,train
train_18740,train
train_18741,train
train_18744,train
train_18745,train
train_18746,train
train_18747,train
train_1875,train
train_18751,train
train_18752,train
train_18756,train
train_18759,train
train_1876,train
train_18760,train
train_18765,train
train_18766,train
train_18767,train
train_18768,train
train_18769,train
train_1877,train
train_18770,train
train_18771,train
train_18772,train
train_18773,train
train_18775,train
train_18776,train
train_18777,train
train_18778,train
train_1878,train
train_18780,train
train_18781,train
train_18782,train
train_18783,train
train_18784,train
train_18785,train
train_18786,train
train_18787,train
train_18789,train
train_1879,train
train_18790,train
train_18792,train
train_18793,train
train_18794,train
train_18795,train
train_18796,train
train_18797,train
train_188,train
train_1880,train
train_18800,train
train_18801,train
train_18802,train
train_18803,train
train_18804,train
train_18805,train
train_18807,train
train_18808,train
train_18809,train
train_18810,train
train_18812,train
train_18814,train
train_18815,train
train_18818,train
train_1882,train
train_18820,train
train_18821,train
train_18822,train
train_18823,train
train_18824,train
train_18825,train
train_18826,train
train_18827,train
train_18828,train
train_18829,train
train_1883,train
train_18830,train
train_18831,train
train_18832,train
train_18834,train
train_18835,train
train_18836,train
train_18837,train
train_18838,train
train_18839,train
train_1884,train
train_18840,train
train_18841,train
train_18842,train
train_18843,train
train_18844,train
train_18846,train
train_18849,train
train_1885,train
train_18850,train
train_18851,train
train_18852,train
train_18853,train
train_18854,train
train_18855,train
train_18860,train
train_18861,train
train_18862,train
train_18863,train
train_18864,train
train_18865,train
train_18868,train
train_1887,train
train_18870,train
train_18871,train
train_18872,train
train_18874,train
train_18875,train
train_18877,train
train_18878,train
train_18879,train
train_1888,train
train_18880,train
train_18881,train
train_18882,train
train_18883,train
train_18885,train
train_18888,train
train_18889,train
train_1889,train
train_18890,train
train_18891,train
train_18892,train
train_18893,train
train_18894,train
train_18895,train
train_18896,train
train_18897,train
train_18899,train
train_189,train
train_18901,train
train_18902,train
train_18904,train
train_18905,train
train_18908,train
train_18909,train
train_18910,train
train_18911,train
train_18912,train
train_18913,train
train_18914,train
train_18916,train
train_18917,train
train_18919,train
train_1892,train
train_18920,train
train_18921,train
train_18923,train
train_18924,train
train_18925,train
train_18926,train
train_18927,train
train_18928,train
train_18929,train
train_1893,train
train_18930,train
train_18932,train
train_18934,train
train_18935,train
train_18937,train
train_18938,train
train_18939,train
train_1894,train
train_18941,train
train_18942,train
train_18944,train
train_18945,train
train_18946,train
train_18948,train
train_18949,train
train_1895,train
train_18950,train
train_18951,train
train_18952,train
train_18953,train
train_18954,train
train_18955,train
train_18956,train
train_18957,train
train_18958,train
train_18959,train
train_1896,train
train_18960,train
train_18962,train
train_18965,train
train_18966,train
train_18968,train
train_18969,train
train_1897,train
train_18970,train
train_18971,train
train_18972,train
train_18974,train
train_18975,train
train_18977,train
train_18978,train
train_1898,train
train_18980,train
train_18981,train
train_18982,train
train_18983,train
train_18984,train
train_18985,train
train_18987,train
train_18989,train
train_18991,train
train_18992,train
train_18993,train
train_18994,train
train_18998,train
train_18999,train
train_19,train
train_190,train
train_1900,train
train_19000,train
train_19001,train
train_19002,train
train_19004,train
train_19005,train
train_19006,train
train_19008,train
train_19009,train
train_1901,train
train_19010,train
train_19011,train
train_19012,train
train_19013,train
train_19014,train
train_19015,train
train_19016,train
train_19018,train
train_1902,train
train_19020,train
train_19021,train
train_19023,train
train_19024,train
train_19025,train
train_19026,train
train_19027,train
train_19030,train
train_19031,train
train_19032,train
train_19035,train
train_19036,train
train_19038,train
train_19039,train
train_1904,train
train_19040,train
train_19045,train
train_19046,train
train_19048,train
train_19049,train
train_1905,train
train_19050,train
train_19052,train
train_19053,train
train_19059,train
train_1906,train
train_19061,train
train_19063,train
train_19066,train
train_19068,train
train_19069,train
train_1907,train
train_19070,train
train_19071,train
train_19072,train
train_19074,train
train_19076,train
train_19077,train
train_19079,train
train_19080,train
train_19083,train
train_19085,train
train_19087,train
train_19088,train
train_19089,train
train_1909,train
train_19090,train
train_19091,train
train_19092,train
train_19093,train
train_19094,train
train_19095,train
train_19096,train
train_19097,train
train_191,train
train_1910,train
train_19101,train
train_19102,train
train_19103,train
train_19104,train
train_19105,train
train_19106,train
train_19108,train
train_19111,train
train_19113,train
train_19116,train
train_19117,train
train_19118,train
train_19120,train
train_19122,train
train_19124,train
train_19125,train
train_19126,train
train_19129,train
train_1913,train
train_19130,train
train_19131,train
train_19132,train
train_19133,train
train_19134,train
train_19137,train
train_19138,train
train_19139,train
train_1914,train
train_19140,train
train_19141,train
train_19142,train
train_19143,train
train_19145,train
train_19146,train
train_19147,train
train_19148,train
train_1915,train
train_19151,train
train_19152,train
train_19154,train
train_19155,train
train_19156,train
train_19159,train
train_1916,train
train_19160,train
train_19161,train
train_19163,train
train_19164,train
train_19166,train
train_19168,train
train_19169,train
train_1917,train
train_19170,train
train_19171,train
train_19173,train
train_19174,train
train_19175,train
train_19177,train
train_19178,train
train_1918,train
train_19180,train
train_19182,train
train_19183,train
train_19186,train
train_19187,train
train_19188,train
train_1919,train
train_19190,train
train_19192,train
train_19193,train
train_19196,train
train_19197,train
train_19198,train
train_19199,train
train_192,train
train_1920,train
train_19200,train
train_19201,train
train_19202,train
train_19204,train
train_19205,train
train_19206,train
train_19207,train
train_19208,train
train_19209,train
train_1921,train
train_19210,train
train_19211,train
train_19213,train
train_19214,train
train_19215,train
train_19216,train
train_19218,train
train_19219,train
train_1922,train
train_19220,train
train_19221,train
train_19222,train
train_19224,train
train_19225,train
train_19226,train
train_19229,train
train_19232,train
train_19233,train
train_19234,train
train_19236,train
train_19237,train
train_19239,train
train_19240,train
train_19241,train
train_19242,train
train_19243,train
train_19244,train
train_19246,train
train_19247,train
train_19248,train
train_19249,train
train_1925,train
train_19252,train
train_19253,train
train_19254,train
train_19256,train
train_19257,train
train_19259,train
train_1926,train
train_19260,train
train_19262,train
train_19264,train
train_19265,train
train_19266,train
train_19268,train
train_19269,train
train_1927,train
train_19273,train
train_19275,train
train_19277,train
train_19279,train
train_1928,train
train_19281,train
train_19283,train
train_19284,train
train_19288,train
train_19289,train
train_1929,train
train_19290,train
train_19291,train
train_19292,train
train_19294,train
train_19295,train
train_19298,train
train_19299,train
train_193,train
train_1930,train
train_19301,train
train_19302,train
train_19303,train
train_19305,train
train_19307,train
train_19308,train
train_19309,train
train_1931,train
train_19310,train
train_19311,train
train_19314,train
train_19317,train
train_19318,train
train_19319,train
train_19320,train
train_19322,train
train_19324,train
train_19325,train
train_19326,train
train_19328,train
train_19329,train
train_1933,train
train_19330,train
train_19332,train
train_19333,train
train_19334,train
train_19335,train
train_19336,train
train_19337,train
train_19338,train
train_19339,train
train_1934,train
train_19340,train
train_19341,train
train_19342,train
train_19343,train
train_19346,train
train_19347,train
train_19349,train
train_19350,train
train_19351,train
train_19353,train
train_19354,train
train_19356,train
train_19357,train
train_1936,train
train_19360,train
train_19361,train
train_19362,train
train_19363,train
train_19364,train
train_19366,train
train_19367,train
train_19368,train
train_19369,train
train_19370,train
train_19371,train
train_19372,train
train_19373,train
train_19374,train
train_19375,train
train_19376,train
train_19377,train
train_19378,train
train_1938,train
train_19380,train
train_19381,train
train_19382,train
train_19383,train
train_19385,train
train_19387,train
train_19388,train
train_19389,train
train_1939,train
train_19390,train
train_19395,train
train_19397,train
train_19399,train
train_194,train
train_19400,train
train_19401,train
train_19402,train
train_19403,train
train_19404,train
train_19405,train
train_19406,train
train_19407,train
train_19409,train
train_1941,train
train_19411,train
train_19414,train
train_19415,train
train_19418,train
train_19419,train
train_1942,train
train_19420,train
train_19423,train
train_19424,train
train_19425,train
train_19426,train
train_19427,train
train_19428,train
train_19429,train
train_1943,train
train_19431,train
train_19433,train
train_19434,train
train_19435,train
train_19436,train
train_19437,train
train_19439,train
train_1944,train
train_19441,train
train_19442,train
train_19443,train
train_19444,train
train_19446,train
train_19448,train
train_19449,train
train_1945,train
train_19452,train
train_19454,train
train_19456,train
train_19457,train
train_19458,train
train_19459,train
train_1946,train
train_19460,train
train_19461,train
train_19462,train
train_19466,train
train_19467,train
train_1947,train
train_19470,train
train_19471,train
train_19472,train
train_19473,train
train_19474,train
train_19476,train
train_19477,train
train_19478,train
train_19479,train
train_19480,train
train_19481,train
train_19482,train
train_19484,train
train_19485,train
train_19486,train
train_19487,train
train_19488,train
train_19490,train
train_19491,train
train_19492,train
train_19493,train
train_19495,train
train_19496,train
train_19497,train
train_19498,train
train_19499,train
train_1950,train
train_19500,train
train_19502,train
train_19503,train
train_19504,train
train_19505,train
train_19506,train
train_19507,train
train_19508,train
train_19509,train
train_1951,train
train_19510,train
train_19511,train
train_19512,train
train_19513,train
train_19514,train
train_19515,train
train_19518,train
train_1952,train
train_19520,train
train_19521,train
train_19523,train
train_19525,train
train_19526,train
train_19527,train
train_19528,train
train_1953,train
train_19530,train
train_19533,train
train_19534,train
train_19536,train
train_19538,train
train_19539,train
train_1954,train
train_19541,train
train_19542,train
train_19543,train
train_19544,train
train_19545,train
train_19547,train
train_19548,train
train_19549,train
train_1955,train
train_19550,train
train_19551,train
train_19552,train
train_19554,train
train_19555,train
train_19557,train
train_19559,train
train_1956,train
train_19563,train
train_19565,train
train_19566,train
train_19567,train
train_19568,train
train_19569,train
train_1957,train
train_19570,train
train_19571,train
train_19572,train
train_19576,train
train_19577,train
train_19578,train
train_19579,train
train_1958,train
train_19580,train
train_19583,train
train_19584,train
train_19586,train
train_19587,train
train_19588,train
train_19589,train
train_1959,train
train_19590,train
train_19591,train
train_19592,train
train_19593,train
train_19594,train
train_19595,train
train_19596,train
train_19597,train
train_19598,train
train_19599,train
train_196,train
train_19600,train
train_19601,train
train_19602,train
train_19604,train
train_19605,train
train_19607,train
train_19609,train
train_1961,train
train_19610,train
train_19611,train
train_19612,train
train_19614,train
train_19616,train
train_19617,train
train_19618,train
train_19619,train
train_1962,train
train_19620,train
train_19621,train
train_19622,train
train_19624,train
train_19625,train
train_19626,train
train_19627,train
train_19628,train
train_19629,train
train_1963,train
train_19630,train
train_19631,train
train_19632,train
train_19635,train
train_19636,train
train_19637,train
train_19640,train
train_19641,train
train_19642,train
train_19644,train
train_19646,train
train_19648,train
train_1965,train
train_19650,train
train_19651,train
train_19652,train
train_19653,train
train_19654,train
train_19655,train
train_19656,train
train_19657,train
train_1966,train
train_19660,train
train_19663,train
train_19665,train
train_19667,train
train_19668,train
train_19669,train
train_1967,train
train_19670,train
train_19671,train
train_19673,train
train_19674,train
train_19675,train
train_19676,train
train_19678,train
train_19679,train
train_1968,train
train_19681,train
train_19682,train
train_19683,train
train_19684,train
train_19685,train
train_19687,train
train_19688,train
train_19689,train
train_1969,train
train_19690,train
train_19691,train
train_19693,train
train_19694,train
train_19695,train
train_19696,train
train_19697,train
train_19698,train
train_19699,train
train_197,train
train_1970,train
train_19701,train
train_19702,train
train_19703,train
train_19705,train
train_19706,train
train_19707,train
train_19708,train
train_19709,train
train_1971,train
train_19711,train
train_19712,train
train_19713,train
train_19714,train
train_19716,train
train_19717,train
train_19718,train
train_19719,train
train_1972,train
train_19721,train
train_19722,train
train_19724,train
train_19725,train
train_19726,train
train_19727,train
train_19728,train
train_1973,train
train_19730,train
train_19732,train
train_19733,train
train_19734,train
train_19735,train
train_19739,train
train_19742,train
train_19743,train
train_19744,train
train_19746,train
train_19748,train
train_19749,train
train_1975,train
train_19750,train
train_19752,train
train_19754,train
train_19755,train
train_19756,train
train_19757,train
train_19758,train
train_19762,train
train_19763,train
train_19764,train
train_19765,train
train_19766,train
train_19767,train
train_19769,train
train_1977,train
train_19770,train
train_19772,train
train_19773,train
train_19774,train
train_19775,train
train_19776,train
train_19777,train
train_19778,train
train_19779,train
train_1978,train
train_19780,train
train_19781,train
train_19786,train
train_19787,train
train_1979,train
train_19790,train
train_19791,train
train_19792,train
train_19794,train
train_19796,train
train_19797,train
train_198,train
train_1980,train
train_19800,train
train_19801,train
train_19802,train
train_19804,train
train_19805,train
train_19809,train
train_1981,train
train_19812,train
train_19813,train
train_19815,train
train_19816,train
train_19817,train
train_19818,train
train_19819,train
train_1982,train
train_19820,train
train_19821,train
train_19822,train
train_19823,train
train_19825,train
train_19826,train
train_19828,train
train_1983,train
train_19830,train
train_19831,train
train_19834,train
train_19835,train
train_19837,train
train_19838,train
train_19839,train
train_1984,train
train_19840,train
train_19841,train
train_19843,train
train_19844,train
train_19845,train
train_19846,train
train_19847,train
train_19848,train
train_19849,train
train_1985,train
train_19850,train
train_19851,train
train_19853,train
train_19855,train
train_19856,train
train_19857,train
train_19858,train
train_1986,train
train_19860,train
train_19861,train
train_19863,train
train_19864,train
train_19865,train
train_19866,train
train_19867,train
train_19868,train
train_19869,train
train_1987,train
train_19872,train
train_19873,train
train_19874,train
train_19875,train
train_19876,train
train_19877,train
train_19878,train
train_19879,train
train_1988,train
train_19880,train
train_19881,train
train_19882,train
train_19884,train
train_19885,train
train_19886,train
train_19888,train
train_19889,train
train_19890,train
train_19892,train
train_19893,train
train_19894,train
train_19895,train
train_19896,train
train_19897,train
train_19898,train
train_19899,train
train_199,train
train_1990,train
train_19900,train
train_19901,train
train_19902,train
train_19903,train
train_19904,train
train_19908,train
train_19909,train
train_1991,train
train_19912,train
train_19914,train
train_19915,train
train_19916,train
train_19917,train
train_19918,train
train_1992,train
train_19922,train
train_19923,train
train_19924,train
train_19925,train
train_19926,train
train_19927,train
train_19928,train
train_19929,train
train_1993,train
train_19930,train
train_19931,train
train_19932,train
train_19933,train
train_19934,train
train_19935,train
train_19936,train
train_19939,train
train_1994,train
train_19940,train
train_19941,train
train_19942,train
train_19943,train
train_19946,train
train_19947,train
train_19948,train
train_1995,train
train_19950,train
train_19951,train
train_19952,train
train_19953,train
train_19954,train
train_19956,train
train_19958,train
train_1996,train
train_19960,train
train_19961,train
train_19962,train
train_19964,train
train_19966,train
train_19967,train
train_19968,train
train_19969,train
train_1997,train
train_19971,train
train_19972,train
train_19973,train
train_19974,train
train_19977,train
train_19978,train
train_19979,train
train_19980,train
train_19981,train
train_19982,train
train_19983,train
train_19984,train
train_19985,train
train_19986,train
train_19989,train
train_1999,train
train_19990,train
train_19992,train
train_19993,train
train_19994,train
train_19995,train
train_19997,train
train_19999,train
train_2,train
train_200,train
train_2000,train
train_20000,train
train_20002,train
train_20004,train
train_20005,train
train_20007,train
train_20009,train
train_20010,train
train_20011,train
train_20012,train
train_20013,train
train_20014,train
train_20017,train
train_20018,train
train_20019,train
train_2002,train
train_20020,train
train_20022,train
train_20024,train
train_20025,train
train_20026,train
train_20028,train
train_20029,train
train_2003,train
train_20030,train
train_20031,train
train_20034,train
train_20035,train
train_20036,train
train_20037,train
train_20038,train
train_20039,train
train_20043,train
train_20045,train
train_20046,train
train_20047,train
train_20048,train
train_20049,train
train_2005,train
train_20050,train
train_20051,train
train_20053,train
train_20054,train
train_20056,train
train_20057,train
train_20058,train
train_2006,train
train_20060,train
train_20062,train
train_20064,train
train_20065,train
train_20067,train
train_20068,train
train_2007,train
train_20070,train
train_20071,train
train_20072,train
train_20074,train
train_20076,train
train_20077,train
train_20079,train
train_2008,train
train_20080,train
train_20082,train
train_20083,train
train_20085,train
train_20086,train
train_20087,train
train_20089,train
train_2009,train
train_20091,train
train_20092,train
train_20093,train
train_20094,train
train_20097,train
train_20098,train
train_20099,train
train_201,train
train_2010,train
train_20100,train
train_20102,train
train_20103,train
train_20104,train
train_20106,train
train_20107,train
train_20108,train
train_20109,train
train_2011,train
train_20111,train
train_20113,train
train_20114,train
train_20115,train
train_20116,train
train_20117,train
train_20119,train
train_2012,train
train_20121,train
train_20122,train
train_20123,train
train_20125,train
train_20126,train
train_20127,train
train_20128,train
train_20129,train
train_2013,train
train_20131,train
train_20132,train
train_20133,train
train_20135,train
train_20136,train
train_20138,train
train_2014,train
train_20140,train
train_20142,train
train_20143,train
train_20145,train
train_20146,train
train_20147,train
train_20148,train
train_20149,train
train_2015,train
train_20150,train
train_20151,train
train_20152,train
train_20153,train
train_20154,train
train_20155,train
train_20157,train
train_20159,train
train_20160,train
train_20161,train
train_20162,train
train_20163,train
train_20164,train
train_20166,train
train_20167,train
train_20169,train
train_2017,train
train_20170,train
train_20171,train
train_20173,train
train_20174,train
train_20175,train
train_20176,train
train_20177,train
train_20179,train
train_2018,train
train_20180,train
train_20181,train
train_20182,train
train_20183,train
train_20184,train
train_20185,train
train_20187,train
train_20188,train
train_20189,train
train_20190,train
train_20191,train
train_20192,train
train_20195,train
train_20196,train
train_20197,train
train_20199,train
train_202,train
train_2020,train
train_20200,train
train_20202,train
train_20203,train
train_20205,train
train_20207,train
train_20208,train
train_20209,train
train_20210,train
train_20213,train
train_20217,train
train_20219,train
train_2022,train
train_20222,train
train_20223,train
train_20224,train
train_20225,train
train_20227,train
train_20228,train
train_2023,train
train_20230,train
train_20231,train
train_20232,train
train_20233,train
train_20234,train
train_20235,train
train_20236,train
train_20238,train
train_20239,train
train_2024,train
train_20240,train
train_20241,train
train_20242,train
train_20243,train
train_20244,train
train_20245,train
train_20246,train
train_20247,train
train_20248,train
train_2025,train
train_20250,train
train_20251,train
train_20252,train
train_20253,train
train_20254,train
train_20255,train
train_20257,train
train_20261,train
train_20262,train
train_20263,train
train_20264,train
train_20265,train
train_20266,train
train_20267,train
train_2027,train
train_20270,train
train_20271,train
train_20272,train
train_20273,train
train_20274,train
train_20276,train
train_20278,train
train_20279,train
train_20280,train
train_20282,train
train_20283,train
train_20285,train
train_20289,train
train_20290,train
train_20292,train
train_20294,train
train_20295,train
train_20298,train
train_20299,train
train_2030,train
train_20300,train
train_20301,train
train_20303,train
train_20308,train
train_20309,train
train_2031,train
train_20310,train
train_20311,train
train_20312,train
train_20313,train
train_20315,train
train_20316,train
train_20317,train
train_20318,train
train_20319,train
train_2032,train
train_20320,train
train_20321,train
train_20322,train
train_20323,train
train_20326,train
train_20327,train
train_20329,train
train_2033,train
train_20330,train
train_20331,train
train_20332,train
train_20333,train
train_20335,train
train_20336,train
train_20337,train
train_20338,train
train_2034,train
train_20340,train
train_20341,train
train_20342,train
train_20344,train
train_20346,train
train_20349,train
train_2035,train
train_20350,train
train_20351,train
train_20352,train
train_20353,train
train_20354,train
train_20356,train
train_20357,train
train_20359,train
train_2036,train
train_20360,train
train_20362,train
train_20364,train
train_20366,train
train_20368,train
train_20369,train
train_2037,train
train_20370,train
train_20371,train
train_20372,train
train_20373,train
train_20375,train
train_20376,train
train_20377,train
train_20379,train
train_2038,train
train_20380,train
train_20381,train
train_20383,train
train_20384,train
train_20385,train
train_20388,train
train_20389,train
train_2039,train
train_20390,train
train_20391,train
train_20395,train
train_20396,train
train_204,train
train_2040,train
train_20400,train
train_20401,train
train_20402,train
train_20403,train
train_20406,train
train_20407,train
train_20408,train
train_20409,train
train_20410,train
train_20411,train
train_20412,train
train_20414,train
train_20415,train
train_20416,train
train_20417,train
train_20418,train
train_20419,train
train_2042,train
train_20420,train
train_20422,train
train_20423,train
train_20425,train
train_20426,train
train_20427,train
train_20428,train
train_20429,train
train_20432,train
train_20433,train
train_20434,train
train_20435,train
train_20436,train
train_20438,train
train_20439,train
train_2044,train
train_20440,train
train_20441,train
train_20443,train
train_20444,train
train_20447,train
train_20452,train
train_20454,train
train_20456,train
train_20457,train
train_20458,train
train_20459,train
train_2046,train
train_20460,train
train_20461,train
train_20462,train
train_20464,train
train_20465,train
train_20466,train
train_20467,train
train_20468,train
train_20469,train
train_2047,train
train_20471,train
train_20472,train
train_20474,train
train_20475,train
train_20479,train
train_2048,train
train_20481,train
train_20484,train
train_20485,train
train_20486,train
train_20487,train
train_20488,train
train_20491,train
train_20492,train
train_20493,train
train_20496,train
train_20499,train
train_2050,train
train_20500,train
train_20501,train
train_20502,train
train_20503,train
train_20504,train
train_20505,train
train_20506,train
train_20507,train
train_20508,train
train_20509,train
train_2051,train
train_20510,train
train_20511,train
train_20513,train
train_20515,train
train_20516,train
train_20518,train
train_2052,train
train_20520,train
train_20521,train
train_20522,train
train_20523,train
train_20524,train
train_20525,train
train_20527,train
train_20529,train
train_2053,train
train_20530,train
train_20531,train
train_20532,train
train_20534,train
train_20535,train
train_20536,train
train_20537,train
train_20538,train
train_2054,train
train_20541,train
train_20543,train
train_20544,train
train_20545,train
train_20546,train
train_20547,train
train_20548,train
train_20549,train
train_2055,train
train_20550,train
train_20551,train
train_20552,train
train_20553,train
train_20557,train
train_20558,train
train_20559,train
train_2056,train
train_20561,train
train_20562,train
train_20563,train
train_20564,train
train_20565,train
train_2057,train
train_20571,train
train_20572,train
train_20574,train
train_20577,train
train_20578,train
train_2058,train
train_20580,train
train_20582,train
train_20583,train
train_20584,train
train_20585,train
train_20587,train
train_20588,train
train_20590,train
train_20591,train
train_20595,train
train_20596,train
train_20597,train
train_20598,train
train_20599,train
train_206,train
train_2060,train
train_20601,train
train_20603,train
train_20604,train
train_20605,train
train_20606,train
train_20607,train
train_20608,train
train_20609,train
train_20610,train
train_20611,train
train_20612,train
train_20613,train
train_20614,train
train_20615,train
train_20616,train
train_20618,train
train_20619,train
train_20621,train
train_20622,train
train_20623,train
train_20624,train
train_20625,train
train_20626,train
train_20628,train
train_20629,train
train_2063,train
train_20630,train
train_20631,train
train_20633,train
train_20634,train
train_20635,train
train_20636,train
train_20638,train
train_20639,train
train_2064,train
train_20640,train
train_20641,train
train_20642,train
train_20646,train
train_20649,train
train_2065,train
train_20650,train
train_20651,train
train_20653,train
train_20654,train
train_20655,train
train_20656,train
train_20657,train
train_20659,train
train_2066,train
train_20661,train
train_20662,train
train_20663,train
train_20664,train
train_20665,train
train_20666,train
train_20667,train
train_20668,train
train_20669,train
train_20670,train
train_20671,train
train_20672,train
train_20673,train
train_20674,train
train_20676,train
train_20678,train
train_20679,train
train_2068,train
train_20680,train
train_20682,train
train_20683,train
train_20684,train
train_20685,train
train_20686,train
train_20687,train
train_20688,train
train_20689,train
train_20690,train
train_20691,train
train_20692,train
train_20693,train
train_20694,train
train_20695,train
train_20698,train
train_20699,train
train_207,train
train_2070,train
train_20700,train
train_20701,train
train_20702,train
train_20705,train
train_20706,train
train_20707,train
train_20708,train
train_2071,train
train_20712,train
train_20713,train
train_20715,train
train_20716,train
train_2072,train
train_20720,train
train_20722,train
train_20723,train
train_20724,train
train_20725,train
train_20727,train
train_20728,train
train_20729,train
train_2073,train
train_20730,train
train_20732,train
train_20733,train
train_20734,train
train_20735,train
train_20736,train
train_20737,train
train_2074,train
train_20740,train
train_20742,train
train_20743,train
train_20746,train
train_20751,train
train_20752,train
train_20753,train
train_20754,train
train_20755,train
train_20756,train
train_20757,train
train_2076,train
train_20760,train
train_20761,train
train_20762,train
train_20763,train
train_20764,train
train_20765,train
train_20766,train
train_20767,train
train_20768,train
train_20769,train
train_2077,train
train_20770,train
train_20771,train
train_20773,train
train_20774,train
train_20776,train
train_20777,train
train_20779,train
train_2078,train
train_20781,train
train_20782,train
train_20783,train
train_20784,train
train_20786,train
train_20787,train
train_20788,train
train_2079,train
train_20790,train
train_20792,train
train_20794,train
train_20795,train
train_20796,train
train_20797,train
train_20798,train
train_20800,train
train_20801,train
train_20802,train
train_20803,train
train_20804,train
train_20805,train
train_20806,train
train_20807,train
train_20808,train
train_20809,train
train_20810,train
train_20811,train
train_20812,train
train_20813,train
train_20814,train
train_20815,train
train_20817,train
train_20818,train
train_20819,train
train_2082,train
train_20821,train
train_20823,train
train_20825,train
train_20826,train
train_20827,train
train_20828,train
train_20829,train
train_2083,train
train_20830,train
train_20831,train
train_20832,train
train_20833,train
train_20834,train
train_20835,train
train_20836,train
train_20837,train
train_20838,train
train_20839,train
train_20840,train
train_20841,train
train_20843,train
train_20844,train
train_20845,train
train_20846,train
train_20847,train
train_20848,train
train_20849,train
train_2085,train
train_20852,train
train_20853,train
train_20854,train
train_20855,train
train_20857,train
train_20859,train
train_2086,train
train_20860,train
train_20862,train
train_20863,train
train_20864,train
train_20865,train
train_20866,train
train_20867,train
train_20868,train
train_20869,train
train_20870,train
train_20871,train
train_20873,train
train_20874,train
train_20875,train
train_20878,train
train_20879,train
train_2088,train
train_20880,train
train_20882,train
train_20883,train
train_20884,train
train_20885,train
train_20886,train
train_20888,train
train_20889,train
train_2089,train
train_20890,train
train_20892,train
train_20893,train
train_20894,train
train_20895,train
train_20896,train
train_20897,train
train_20898,train
train_20899,train
train_209,train
train_2090,train
train_20900,train
train_20902,train
train_20903,train
train_20904,train
train_20905,train
train_20907,train
train_20910,train
train_20911,train
train_20914,train
train_20916,train
train_20917,train
train_20918,train
train_20919,train
train_2092,train
train_20920,train
train_20922,train
train_20923,train
train_20924,train
train_20925,train
train_20926,train
train_20927,train
train_20928,train
train_2093,train
train_20930,train
train_20934,train
train_20935,train
train_20936,train
train_20937,train
train_20938,train
train_20939,train
train_2094,train
train_20940,train
train_20941,train
train_20942,train
train_20943,train
train_20944,train
train_20946,train
train_20948,train
train_2095,train
train_20952,train
train_20954,train
train_20956,train
train_20958,train
train_20959,train
train_2096,train
train_20961,train
train_20962,train
train_20964,train
train_20965,train
train_20966,train
train_20967,train
train_20969,train
train_20970,train
train_20974,train
train_20975,train
train_20977,train
train_20978,train
train_20979,train
train_20980,train
train_20982,train
train_20983,train
train_20984,train
train_20986,train
train_20987,train
train_20988,train
train_20989,train
train_2099,train
train_20990,train
train_20991,train
train_20992,train
train_20993,train
train_20996,train
train_20997,train
train_20998,train
train_21,train
train_210,train
train_2100,train
train_21000,train
train_21002,train
train_21003,train
train_21004,train
train_21005,train
train_21006,train
train_21009,train
train_21010,train
train_21011,train
train_21014,train
train_21015,train
train_21018,train
train_2102,train
train_21020,train
train_21022,train
train_21023,train
train_21024,train
train_21026,train
train_21027,train
train_21029,train
train_2103,train
train_21030,train
train_21031,train
train_21032,train
train_21034,train
train_21035,train
train_21036,train
train_21037,train
train_21038,train
train_2104,train
train_21040,train
train_21041,train
train_21044,train
train_21045,train
train_21046,train
train_21048,train
train_21049,train
train_21052,train
train_21054,train
train_21057,train
train_21058,train
train_21059,train
train_2106,train
train_21060,train
train_21061,train
train_21062,train
train_21063,train
train_21064,train
train_21065,train
train_21066,train
train_21068,train
train_21069,train
train_2107,train
train_21071,train
train_21073,train
train_21074,train
train_21076,train
train_21077,train
train_21078,train
train_21079,train
train_21080,train
train_21084,train
train_21085,train
train_21086,train
train_21087,train
train_21088,train
train_21089,train
train_2109,train
train_21090,train
train_21091,train
train_21093,train
train_21094,train
train_21095,train
train_21096,train
train_21097,train
train_21099,train
train_211,train
train_2110,train
train_21101,train
train_21103,train
train_21104,train
train_21105,train
train_21106,train
train_21107,train
train_21108,train
train_21109,train
train_2111,train
train_21110,train
train_21112,train
train_21114,train
train_21117,train
train_21118,train
train_21119,train
train_21120,train
train_21121,train
train_21123,train
train_21124,train
train_21125,train
train_21126,train
train_21127,train
train_21128,train
train_21129,train
train_2113,train
train_21130,train
train_21132,train
train_21134,train
train_21135,train
train_21136,train
train_21140,train
train_21141,train
train_21142,train
train_21143,train
train_21144,train
train_21145,train
train_21146,train
train_21147,train
train_21148,train
train_21149,train
train_2115,train
train_21150,train
train_21151,train
train_21152,train
train_21153,train
train_21158,train
train_21159,train
train_2116,train
train_21160,train
train_21161,train
train_21163,train
train_21164,train
train_21165,train
train_21167,train
train_21168,train
train_21169,train
train_2117,train
train_21170,train
train_21171,train
train_21172,train
train_21173,train
train_21174,train
train_21175,train
train_21177,train
train_2118,train
train_21181,train
train_21182,train
train_21183,train
train_21184,train
train_21185,train
train_21186,train
train_21187,train
train_21188,train
train_21189,train
train_2119,train
train_21190,train
train_21191,train
train_21192,train
train_21193,train
train_21194,train
train_21197,train
train_21198,train
train_21199,train
train_212,train
train_2120,train
train_21200,train
train_21203,train
train_21206,train
train_21207,train
train_21208,train
train_2121,train
train_21210,train
train_21211,train
train_21212,train
train_21213,train
train_21214,train
train_21215,train
train_21216,train
train_21219,train
train_21220,train
train_21221,train
train_21223,train
train_21224,train
train_21225,train
train_21227,train
train_21228,train
train_21229,train
train_2123,train
train_21230,train
train_21231,train
train_21232,train
train_21235,train
train_21236,train
train_21238,train
train_21239,train
train_2124,train
train_21241,train
train_21242,train
train_21244,train
train_21245,train
train_21247,train
train_21248,train
train_21249,train
train_2125,train
train_21250,train
train_21253,train
train_21255,train
train_21256,train
train_2126,train
train_21260,train
train_21262,train
train_21263,train
train_21265,train
train_21266,train
train_21267,train
train_21268,train
train_21269,train
train_2127,train
train_21270,train
train_21272,train
train_21274,train
train_21277,train
train_21278,train
train_21279,train
train_21280,train
train_21281,train
train_21282,train
train_21284,train
train_21285,train
train_21286,train
train_21287,train
train_21288,train
train_21289,train
train_2129,train
train_21290,train
train_21292,train
train_21293,train
train_21294,train
train_21295,train
train_21296,train
train_21297,train
train_213,train
train_2130,train
train_21302,train
train_21303,train
train_21304,train
train_21306,train
train_21308,train
train_21309,train
train_2131,train
train_21311,train
train_21313,train
train_21315,train
train_21316,train
train_21317,train
train_21318,train
train_2132,train
train_21324,train
train_21325,train
train_21326,train
train_21327,train
train_21328,train
train_21329,train
train_2133,train
train_21331,train
train_21332,train
train_21333,train
train_21334,train
train_21335,train
train_21336,train
train_21337,train
train_21339,train
train_21340,train
train_21342,train
train_21343,train
train_21344,train
train_21345,train
train_21346,train
train_21347,train
train_21348,train
train_21349,train
train_2135,train
train_21351,train
train_21352,train
train_21353,train
train_21354,train
train_21355,train
train_21356,train
train_21358,train
train_2136,train
train_21361,train
train_21362,train
train_21363,train
train_21364,train
train_21365,train
train_21366,train
train_21367,train
train_21369,train
train_2137,train
train_21370,train
train_21371,train
train_21373,train
train_21374,train
train_21375,train
train_21376,train
train_21377,train
train_21378,train
train_21379,train
train_2138,train
train_21383,train
train_21384,train
train_21385,train
train_21386,train
train_21387,train
train_21388,train
train_2139,train
train_21391,train
train_21392,train
train_21393,train
train_21396,train
train_21397,train
train_21398,train
train_21399,train
train_214,train
train_2140,train
train_21400,train
train_21401,train
train_21402,train
train_21404,train
train_21405,train
train_21406,train
train_21407,train
train_21408,train
train_21409,train
train_2141,train
train_21410,train
train_21412,train
train_21413,train
train_21414,train
train_21415,train
train_21417,train
train_21418,train
train_21419,train
train_2142,train
train_21421,train
train_21422,train
train_21425,train
train_21426,train
train_21428,train
train_2143,train
train_21431,train
train_21433,train
train_21434,train
train_21435,train
train_21436,train
train_21437,train
train_21439,train
train_2144,train
train_21440,train
train_21444,train
train_21445,train
train_21447,train
train_21449,train
train_2145,train
train_21450,train
train_21452,train
train_21453,train
train_21454,train
train_21456,train
train_21457,train
train_21458,train
train_2146,train
train_21460,train
train_21462,train
train_21463,train
train_21464,train
train_21465,train
train_21466,train
train_21467,train
train_21469,train
train_2147,train
train_21470,train
train_21471,train
train_21473,train
train_21474,train
train_21475,train
train_21477,train
train_21479,train
train_2148,train
train_21481,train
train_21482,train
train_21483,train
train_21484,train
train_21486,train
train_21488,train
train_21489,train
train_21490,train
train_21491,train
train_21492,train
train_21493,train
train_21495,train
train_21496,train
train_21498,train
train_215,train
train_2150,train
train_21502,train
train_21503,train
train_21504,train
train_21507,train
train_21508,train
train_21509,train
train_2151,train
train_21510,train
train_21512,train
train_21513,train
train_21515,train
train_21517,train
train_21518,train
train_21519,train
train_2152,train
train_21520,train
train_21521,train
train_21522,train
train_21523,train
train_21524,train
train_21525,train
train_21526,train
train_21528,train
train_21529,train
train_2153,train
train_21530,train
train_21531,train
train_21532,train
train_21533,train
train_21534,train
train_21536,train
train_21537,train
train_21538,train
train_2154,train
train_21540,train
train_21545,train
train_21546,train
train_21547,train
train_21549,train
train_2155,train
train_21550,train
train_21559,train
train_2156,train
train_21560,train
train_21561,train
train_21562,train
train_21563,train
train_21566,train
train_21568,train
train_21569,train
train_21570,train
train_21571,train
train_21573,train
train_21574,train
train_21575,train
train_21577,train
train_21578,train
train_21579,train
train_2158,train
train_21580,train
train_21582,train
train_21583,train
train_21585,train
train_21587,train
train_21588,train
train_21589,train
train_2159,train
train_21591,train
train_21592,train
train_21593,train
train_21595,train
train_216,train
train_2160,train
train_21600,train
train_21601,train
train_21602,train
train_21603,train
train_21604,train
train_21605,train
train_21607,train
train_2161,train
train_21610,train
train_21611,train
train_21612,train
train_21613,train
train_21614,train
train_21615,train
train_21616,train
train_21617,train
train_21618,train
train_21619,train
train_2162,train
train_21620,train
train_21621,train
train_21622,train
train_21623,train
train_21625,train
train_21626,train
train_21629,train
train_2163,train
train_21630,train
train_21631,train
train_21632,train
train_21635,train
train_21636,train
train_21637,train
train_21638,train
train_21639,train
train_21642,train
train_21643,train
train_21644,train
train_21645,train
train_21646,train
train_21647,train
train_21649,train
train_2165,train
train_21650,train
train_21651,train
train_21652,train
train_21653,train
train_21655,train
train_21656,train
train_21657,train
train_21658,train
train_2166,train
train_21660,train
train_21662,train
train_21663,train
train_21664,train
train_21665,train
train_21666,train
train_21667,train
train_21668,train
train_21669,train
train_2167,train
train_21670,train
train_21671,train
train_21673,train
train_21674,train
train_21675,train
train_21676,train
train_21677,train
train_21678,train
train_21679,train
train_2168,train
train_21680,train
train_21682,train
train_21683,train
train_21684,train
train_21685,train
train_21686,train
train_21687,train
train_21688,train
train_21689,train
train_21691,train
train_21693,train
train_21695,train
train_21696,train
train_21698,train
train_217,train
train_2170,train
train_21700,train
train_21701,train
train_21702,train
train_21703,train
train_21705,train
train_21706,train
train_21708,train
train_21709,train
train_2171,train
train_21710,train
train_21712,train
train_21713,train
train_21716,train
train_21719,train
train_21724,train
train_21725,train
train_21727,train
train_2173,train
train_21730,train
train_21731,train
train_21736,train
train_21738,train
train_21739,train
train_2174,train
train_21740,train
train_21743,train
train_21745,train
train_21746,train
train_21748,train
train_21750,train
train_21751,train
train_21753,train
train_21755,train
train_21756,train
train_21758,train
train_21759,train
train_21762,train
train_21764,train
train_21765,train
train_21766,train
train_21767,train
train_21768,train
train_21769,train
train_21770,train
train_21774,train
train_21776,train
train_21777,train
train_21778,train
train_21779,train
train_21780,train
train_21782,train
train_21784,train
train_21786,train
train_21787,train
train_21789,train
train_2179,train
train_21790,train
train_21792,train
train_21794,train
train_21796,train
train_21798,train
train_2180,train
train_21800,train
train_21802,train
train_21804,train
train_21805,train
train_21806,train
train_21808,train
train_21809,train
train_2181,train
train_21810,train
train_21811,train
train_21812,train
train_21815,train
train_21817,train
train_21818,train
train_21819,train
train_21822,train
train_21823,train
train_21825,train
train_21828,train
train_21829,train
train_2183,train
train_21830,train
train_21831,train
train_21834,train
train_21836,train
train_21839,train
train_21840,train
train_21841,train
train_21842,train
train_21843,train
train_21844,train
train_21845,train
train_21846,train
train_21847,train
train_21849,train
train_2185,train
train_21851,train
train_21855,train
train_21856,train
train_21857,train
train_21858,train
train_21859,train
train_2186,train
train_21861,train
train_21862,train
train_21863,train
train_21865,train
train_21867,train
train_21868,train
train_2187,train
train_21870,train
train_21871,train
train_21873,train
train_21874,train
train_21875,train
train_21876,train
train_21878,train
train_21879,train
train_2188,train
train_21880,train
train_21881,train
train_21882,train
train_21883,train
train_21885,train
train_21889,train
train_2189,train
train_21891,train
train_21893,train
train_21894,train
train_21895,train
train_21896,train
train_21899,train
train_219,train
train_2190,train
train_21900,train
train_21902,train
train_21903,train
train_21904,train
train_21907,train
train_21908,train
train_2191,train
train_21911,train
train_21912,train
train_21915,train
train_21917,train
train_21918,train
train_21919,train
train_2192,train
train_21920,train
train_21921,train
train_21922,train
train_21923,train
train_21925,train
train_21926,train
train_21929,train
train_2193,train
train_21930,train
train_21931,train
train_21932,train
train_21933,train
train_21938,train
train_2194,train
train_21940,train
train_21943,train
train_21944,train
train_21948,train
train_21949,train
train_2195,train
train_21950,train
train_21951,train
train_21952,train
train_21954,train
train_21955,train
train_21957,train
train_21958,train
train_21959,train
train_2196,train
train_21961,train
train_21962,train
train_21963,train
train_21964,train
train_21966,train
train_21967,train
train_21968,train
train_21969,train
train_2197,train
train_21970,train
train_21973,train
train_21975,train
train_21976,train
train_21977,train
train_21978,train
train_21979,train
train_2198,train
train_21981,train
train_21988,train
train_21989,train
train_2199,train
train_21990,train
train_21991,train
train_21992,train
train_21994,train
train_21995,train
train_21997,train
train_21998,train
train_22,train
train_220,train
train_2200,train
train_22000,train
train_22001,train
train_22003,train
train_22004,train
train_22005,train
train_22006,train
train_22007,train
train_22010,train
train_22011,train
train_22012,train
train_22014,train
train_22015,train
train_22016,train
train_22017,train
train_22019,train
train_2202,train
train_22022,train
train_22023,train
train_22025,train
train_22027,train
train_22028,train
train_22029,train
train_2203,train
train_22030,train
train_22031,train
train_22033,train
train_22036,train
train_22037,train
train_22039,train
train_2204,train
train_22041,train
train_22043,train
train_22044,train
train_22045,train
train_22048,train
train_22049,train
train_2205,train
train_22050,train
train_22053,train
train_22054,train
train_22058,train
train_22062,train
train_22063,train
train_22064,train
train_22067,train
train_22068,train
train_22069,train
train_2207,train
train_22070,train
train_22073,train
train_22076,train
train_22078,train
train_22079,train
train_2208,train
train_22080,train
train_22082,train
train_22083,train
train_22084,train
train_22085,train
train_22089,train
train_2209,train
train_22091,train
train_22092,train
train_22093,train
train_22094,train
train_22096,train
train_22097,train
train_22099,train
train_2210,train
train_22101,train
train_22102,train
train_22103,train
train_22104,train
train_22106,train
train_22108,train
train_22110,train
train_22111,train
train_22114,train
train_22116,train
train_22117,train
train_22120,train
train_22121,train
train_22122,train
train_22123,train
train_22125,train
train_22126,train
train_22127,train
train_22129,train
train_2213,train
train_22130,train
train_22132,train
train_22133,train
train_22134,train
train_22137,train
train_22139,train
train_2214,train
train_22140,train
train_22142,train
train_22145,train
train_22146,train
train_2215,train
train_22151,train
train_22152,train
train_22153,train
train_22154,train
train_22155,train
train_22156,train
train_22158,train
train_2216,train
train_22160,train
train_22164,train
train_22165,train
train_22166,train
train_22167,train
train_22168,train
train_22169,train
train_22176,train
train_22177,train
train_22178,train
train_22181,train
train_22183,train
train_22188,train
train_22189,train
train_22192,train
train_22193,train
train_22194,train
train_22196,train
train_22197,train
train_22198,train
train_222,train
train_2220,train
train_22200,train
train_22201,train
train_22204,train
train_22205,train
train_22206,train
train_2221,train
train_22212,train
train_22213,train
train_22215,train
train_22216,train
train_22217,train
train_22218,train
train_22219,train
train_2222,train
train_22220,train
train_22223,train
train_22224,train
train_22225,train
train_22226,train
train_22228,train
train_22229,train
train_2223,train
train_22233,train
train_22236,train
train_22237,train
train_22238,train
train_22239,train
train_2224,train
train_22242,train
train_22243,train
train_22244,train
train_22246,train
train_22247,train
train_22249,train
train_2225,train
train_22251,train
train_22254,train
train_22255,train
train_22256,train
train_22258,train
train_22259,train
train_2226,train
train_22262,train
train_22264,train
train_22265,train
train_22266,train
train_22268,train
train_22269,train
train_2227,train
train_22270,train
train_22271,train
train_22272,train
train_22274,train
train_22277,train
train_22279,train
train_2228,train
train_22280,train
train_22281,train
train_22282,train
train_22283,train
train_22286,train
train_22287,train
train_22289,train
train_2229,train
train_22292,train
train_22294,train
train_22296,train
train_22297,train
train_22298,train
train_223,train
train_2230,train
train_22307,train
train_22308,train
train_2231,train
train_22310,train
train_22311,train
train_22312,train
train_22313,train
train_22315,train
train_22316,train
train_22317,train
train_22318,train
train_2232,train
train_22321,train
train_22323,train
train_22324,train
train_22325,train
train_22326,train
train_22327,train
train_22328,train
train_2233,train
train_22333,train
train_22334,train
train_22337,train
train_22338,train
train_22339,train
train_2234,train
train_22340,train
train_22341,train
train_22342,train
train_22345,train
train_22346,train
train_22347,train
train_22352,train
train_22354,train
train_22355,train
train_22356,train
train_22357,train
train_22358,train
train_2236,train
train_22361,train
train_22362,train
train_22364,train
train_22365,train
train_22366,train
train_22367,train
train_22368,train
train_22369,train
train_2237,train
train_22370,train
train_22373,train
train_22374,train
train_22375,train
train_22376,train
train_22377,train
train_22378,train
train_22379,train
train_2238,train
train_22380,train
train_22382,train
train_22390,train
train_22391,train
train_22394,train
train_22395,train
train_22396,train
train_22399,train
train_2240,train
train_22400,train
train_22401,train
train_22404,train
train_22406,train
train_22407,train
train_22409,train
train_2241,train
train_22411,train
train_22412,train
train_22413,train
train_2242,train
train_22420,train
train_22422,train
train_22423,train
train_22425,train
train_22427,train
train_22429,train
train_2243,train
train_22433,train
train_22436,train
train_22438,train
train_22439,train
train_2244,train
train_22442,train
train_22445,train
train_22447,train
train_22448,train
train_2245,train
train_22451,train
train_22452,train
train_22454,train
train_22455,train
train_22456,train
train_22457,train
train_22458,train
train_2246,train
train_22461,train
train_22466,train
train_22467,train
train_22468,train
train_22469,train
train_22470,train
train_22472,train
train_22473,train
train_22474,train
train_22475,train
train_22476,train
train_22477,train
train_22478,train
train_22479,train
train_2248,train
train_22481,train
train_22482,train
train_22483,train
train_22484,train
train_22485,train
train_22486,train
train_22489,train
train_22493,train
train_22494,train
train_22497,train
train_22499,train
train_225,train
train_2250,train
train_22500,train
train_22501,train
train_22503,train
train_22506,train
train_22507,train
train_22508,train
train_22509,train
train_2251,train
train_22510,train
train_22512,train
train_22513,train
train_22517,train
train_2252,train
train_22520,train
train_22521,train
train_22522,train
train_22525,train
train_22526,train
train_22529,train
train_2253,train
train_22532,train
train_22533,train
train_22534,train
train_22535,train
train_22536,train
train_22537,train
train_22538,train
train_22539,train
train_2254,train
train_22544,train
train_22547,train
train_22548,train
train_22549,train
train_22550,train
train_22551,train
train_22552,train
train_22553,train
train_22559,train
train_2256,train
train_22560,train
train_22561,train
train_22562,train
train_22563,train
train_22564,train
train_22567,train
train_2257,train
train_22570,train
train_22571,train
train_22572,train
train_22573,train
train_22575,train
train_22576,train
train_22577,train
train_22579,train
train_2258,train
train_22581,train
train_22582,train
train_22583,train
train_22586,train
train_22588,train
train_22589,train
train_2259,train
train_22590,train
train_22591,train
train_22592,train
train_22594,train
train_22596,train
train_22597,train
train_226,train
train_2260,train
train_22601,train
train_22603,train
train_22605,train
train_22606,train
train_22608,train
train_22610,train
train_22611,train
train_22613,train
train_22614,train
train_22615,train
train_22617,train
train_22620,train
train_22623,train
train_22624,train
train_22625,train
train_22626,train
train_22628,train
train_2263,train
train_22630,train
train_22631,train
train_22634,train
train_22635,train
train_22637,train
train_22639,train
train_22641,train
train_22642,train
train_22645,train
train_22646,train
train_22647,train
train_22648,train
train_22649,train
train_2265,train
train_22650,train
train_22652,train
train_22653,train
train_22655,train
train_22658,train
train_22659,train
train_2266,train
train_22660,train
train_22661,train
train_22662,train
train_22663,train
train_22664,train
train_22665,train
train_22666,train
train_22667,train
train_22669,train
train_2267,train
train_22670,train
train_22671,train
train_22676,train
train_22677,train
train_22678,train
train_22679,train
train_2268,train
train_22682,train
train_22684,train
train_22685,train
train_22686,train
train_22687,train
train_22688,train
train_2269,train
train_22691,train
train_22692,train
train_22693,train
train_22695,train
train_22696,train
train_22697,train
train_22699,train
train_227,train
train_22700,train
train_22701,train
train_22702,train
train_22706,train
train_22707,train
train_22708,train
train_22709,train
train_2271,train
train_22710,train
train_22711,train
train_22712,train
train_22713,train
train_22714,train
train_22715,train
train_22716,train
train_22717,train
train_22718,train
train_2272,train
train_22720,train
train_22722,train
train_22723,train
train_22725,train
train_22727,train
train_22728,train
train_2273,train
train_22730,train
train_22734,train
train_22735,train
train_22736,train
train_22737,train
train_22738,train
train_22739,train
train_2274,train
train_22741,train
train_22744,train
train_22745,train
train_22747,train
train_22749,train
train_2275,train
train_22750,train
train_22751,train
train_22752,train
train_22753,train
train_22757,train
train_22758,train
train_22759,train
train_2276,train
train_22760,train
train_22765,train
train_22766,train
train_22767,train
train_2277,train
train_22771,train
train_22773,train
train_22777,train
train_22778,train
train_2278,train
train_22780,train
train_22782,train
train_22784,train
train_22785,train
train_22787,train
train_2279,train
train_22792,train
train_22795,train
train_22796,train
train_22797,train
train_228,train
train_2280,train
train_22800,train
train_22801,train
train_22802,train
train_22804,train
train_22807,train
train_22808,train
train_22809,train
train_2281,train
train_22810,train
train_22811,train
train_22812,train
train_22814,train
train_22816,train
train_22817,train
train_2282,train
train_22820,train
train_22821,train
train_22822,train
train_22823,train
train_22824,train
train_22825,train
train_22829,train
train_2283,train
train_22831,train
train_22833,train
train_22835,train
train_22836,train
train_22837,train
train_2284,train
train_22840,train
train_22842,train
train_22844,train
train_22849,train
train_2285,train
train_22850,train
train_22851,train
train_22852,train
train_22853,train
train_22855,train
train_22856,train
train_2286,train
train_22860,train
train_22862,train
train_22864,train
train_22866,train
train_22867,train
train_22868,train
train_2287,train
train_22871,train
train_22873,train
train_22874,train
train_22875,train
train_22876,train
train_22878,train
train_2288,train
train_22880,train
train_22882,train
train_22884,train
train_22886,train
train_22887,train
train_2289,train
train_22891,train
train_22893,train
train_22894,train
train_22895,train
train_22896,train
train_22897,train
train_229,train
train_2290,train
train_22900,train
train_22901,train
train_22902,train
train_22905,train
train_22907,train
train_22908,train
train_22909,train
train_22912,train
train_22913,train
train_22914,train
train_22915,train
train_22916,train
train_22918,train
train_22919,train
train_2292,train
train_22922,train
train_22923,train
train_22924,train
train_22927,train
train_22929,train
train_22931,train
train_22932,train
train_22933,train
train_22934,train
train_22937,train
train_2294,train
train_22940,train
train_22941,train
train_22947,train
train_22948,train
train_2295,train
train_22950,train
train_22951,train
train_22953,train
train_22954,train
train_22957,train
train_2296,train
train_22960,train
train_22963,train
train_22964,train
train_22965,train
train_22966,train
train_22968,train
train_22969,train
train_2297,train
train_22971,train
train_22972,train
train_22976,train
train_22977,train
train_22979,train
train_2298,train
train_22980,train
train_22984,train
train_22985,train
train_22986,train
train_22989,train
train_22996,train
train_22999,train
train_23,train
train_230,train
train_2300,train
train_23001,train
train_23002,train
train_23007,train
train_23009,train
train_2301,train
train_23010,train
train_23012,train
train_23014,train
train_23015,train
train_23017,train
train_23018,train
train_23019,train
train_2302,train
train_23020,train
train_23021,train
train_23024,train
train_23025,train
train_23027,train
train_23029,train
train_2303,train
train_23030,train
train_23031,train
train_23032,train
train_23033,train
train_23034,train
train_23036,train
train_23037,train
train_23039,train
train_2304,train
train_23040,train
train_23041,train
train_23043,train
train_23044,train
train_23045,train
train_23049,train
train_2305,train
train_23050,train
train_23052,train
train_23056,train
train_23057,train
train_23058,train
train_23059,train
train_2306,train
train_23062,train
train_23063,train
train_23064,train
train_23065,train
train_23066,train
train_23067,train
train_23068,train
train_2307,train
train_23070,train
train_23071,train
train_23075,train
train_23076,train
train_23078,train
train_23081,train
train_23082,train
train_23085,train
train_23087,train
train_23088,train
train_23089,train
train_2309,train
train_23090,train
train_23091,train
train_23094,train
train_23098,train
train_23099,train
train_2310,train
train_23100,train
train_23102,train
train_23103,train
train_23106,train
train_23107,train
train_23108,train
train_23109,train
train_23110,train
train_23111,train
train_23113,train
train_23114,train
train_23115,train
train_23118,train
train_23119,train
train_23121,train
train_23122,train
train_23125,train
train_23126,train
train_23127,train
train_23129,train
train_2313,train
train_23130,train
train_23131,train
train_23132,train
train_23134,train
train_23135,train
train_23136,train
train_23137,train
train_23139,train
train_2314,train
train_23141,train
train_23144,train
train_23146,train
train_23148,train
train_2315,train
train_23152,train
train_23154,train
train_23155,train
train_23156,train
train_23157,train
train_23158,train
train_2316,train
train_23162,train
train_23165,train
train_23166,train
train_23168,train
train_23169,train
train_2317,train
train_23172,train
train_23173,train
train_23174,train
train_23176,train
train_23178,train
train_2318,train
train_23180,train
train_23182,train
train_23183,train
train_23184,train
train_23188,train
train_2319,train
train_23191,train
train_23192,train
train_23195,train
train_23197,train
train_23198,train
train_232,train
train_2320,train
train_23202,train
train_23203,train
train_23204,train
train_23205,train
train_23206,train
train_23207,train
train_2321,train
train_23210,train
train_23211,train
train_23213,train
train_23214,train
train_23217,train
train_23218,train
train_23219,train
train_2322,train
train_23220,train
train_23222,train
train_23223,train
train_23224,train
train_23225,train
train_23226,train
train_23227,train
train_23229,train
train_2323,train
train_23231,train
train_23234,train
train_23235,train
train_23236,train
train_23240,train
train_23243,train
train_23244,train
train_23245,train
train_23246,train
train_23247,train
train_23250,train
train_23254,train
train_23256,train
train_23257,train
train_23258,train
train_23259,train
train_23264,train
train_23265,train
train_23267,train
train_23269,train
train_2327,train
train_23271,train
train_23272,train
train_23273,train
train_23274,train
train_23276,train
train_23280,train
train_23281,train
train_23282,train
train_23283,train
train_23286,train
train_23287,train
train_23288,train
train_23291,train
train_23292,train
train_23293,train
train_23295,train
train_23296,train
train_23297,train
train_23298,train
train_233,train
train_2330,train
train_23302,train
train_23303,train
train_23305,train
train_23306,train
train_23307,train
train_23308,train
train_23309,train
train_2331,train
train_23310,train
train_23311,train
train_23318,train
train_2332,train
train_23320,train
train_23321,train
train_23323,train
train_23326,train
train_23327,train
train_2333,train
train_23330,train
train_23331,train
train_23332,train
train_23333,train
train_23334,train
train_23335,train
train_23336,train
train_23339,train
train_23340,train
train_23341,train
train_23342,train
train_23344,train
train_23345,train
train_23348,train
train_23351,train
train_23352,train
train_23354,train
train_23356,train
train_23359,train
train_2336,train
train_23360,train
train_23361,train
train_23365,train
train_23367,train
train_23368,train
train_2337,train
train_23370,train
train_23371,train
train_23372,train
train_23373,train
train_23374,train
train_23378,train
train_23379,train
train_2338,train
train_23382,train
train_23383,train
train_23385,train
train_23386,train
train_23389,train
train_2339,train
train_23390,train
train_23391,train
train_23392,train
train_23394,train
train_23395,train
train_23396,train
train_23397,train
train_23398,train
train_234,train
train_2340,train
train_23403,train
train_23404,train
train_23408,train
train_2341,train
train_23411,train
train_23413,train
train_23414,train
train_23416,train
train_23417,train
train_23418,train
train_2342,train
train_23421,train
train_23422,train
train_23424,train
train_23426,train
train_23429,train
train_2343,train
train_23430,train
train_23434,train
train_23436,train
train_23438,train
train_23439,train
train_2344,train
train_23440,train
train_23442,train
train_23443,train
train_23446,train
train_23447,train
train_2345,train
train_23450,train
train_23454,train
train_23456,train
train_23457,train
train_2346,train
train_23460,train
train_23461,train
train_23462,train
train_23463,train
train_23468,train
train_23469,train
train_2347,train
train_23470,train
train_23471,train
train_23472,train
train_23476,train
train_23477,train
train_23478,train
train_2348,train
train_23480,train
train_23481,train
train_23482,train
train_23484,train
train_23487,train
train_2349,train
train_23490,train
train_23491,train
train_23492,train
train_23494,train
train_23495,train
train_23497,train
train_23498,train
train_23499,train
train_235,train
train_23503,train
train_23505,train
train_23506,train
train_23507,train
train_23511,train
train_23513,train
train_23516,train
train_23517,train
train_23518,train
train_2352,train
train_23520,train
train_23521,train
train_23522,train
train_23526,train
train_23527,train
train_23528,train
train_23529,train
train_2353,train
train_23530,train
train_23531,train
train_23532,train
train_23533,train
train_23534,train
train_23535,train
train_23536,train
train_23537,train
train_2354,train
train_23540,train
train_23541,train
train_23542,train
train_23543,train
train_23544,train
train_23548,train
train_2355,train
train_23551,train
train_23552,train
train_23554,train
train_23555,train
train_23556,train
train_23557,train
train_23558,train
train_2356,train
train_23560,train
train_23562,train
train_23565,train
train_23566,train
train_23567,train
train_23568,train
train_23569,train
train_2357,train
train_23570,train
train_23571,train
train_23572,train
train_23574,train
train_23576,train
train_23577,train
train_2358,train
train_23581,train
train_23583,train
train_23591,train
train_23592,train
train_23593,train
train_23596,train
train_23597,train
train_23598,train
train_23599,train
train_236,train
train_2360,train
train_23601,train
train_23604,train
train_23605,train
train_23607,train
train_23608,train
train_2361,train
train_23611,train
train_23614,train
train_23616,train
train_23618,train
train_23619,train
train_23621,train
train_23626,train
train_23628,train
train_23630,train
train_23631,train
train_23632,train
train_23634,train
train_23635,train
train_23637,train
train_23639,train
train_2364,train
train_23647,train
train_2365,train
train_23651,train
train_23652,train
train_23654,train
train_23655,train
train_23656,train
train_23658,train
train_2366,train
train_23660,train
train_23661,train
train_23665,train
train_23667,train
train_2367,train
train_23674,train
train_23676,train
train_23677,train
train_2368,train
train_23680,train
train_23681,train
train_23682,train
train_23684,train
train_23685,train
train_23688,train
train_23689,train
train_2369,train
train_23691,train
train_23695,train
train_23696,train
train_2370,train
train_23700,train
train_23702,train
train_23703,train
train_23704,train
train_23705,train
train_23707,train
train_23708,train
train_23709,train
train_23712,train
train_23713,train
train_23714,train
train_23715,train
train_23716,train
train_23717,train
train_23719,train
train_23720,train
train_23721,train
train_23722,train
train_23723,train
train_23725,train
train_23726,train
train_23728,train
train_2373,train
train_23731,train
train_23734,train
train_23735,train
train_23736,train
train_23737,train
train_23739,train
train_23741,train
train_23742,train
train_23745,train
train_23746,train
train_23747,train
train_23748,train
train_23749,train
train_2375,train
train_23752,train
train_23753,train
train_23755,train
train_23756,train
train_23757,train
train_23759,train
train_2376,train
train_23762,train
train_23764,train
train_23765,train
train_23767,train
train_23769,train
train_23770,train
train_23771,train
train_23775,train
train_23776,train
train_23778,train
train_23779,train
train_2378,train
train_23780,train
train_23781,train
train_23782,train
train_23784,train
train_23786,train
train_23787,train
train_23788,train
train_23790,train
train_23791,train
train_23793,train
train_23794,train
train_23797,train
train_23798,train
train_238,train
train_23800,train
train_23801,train
train_23804,train
train_23806,train
train_23808,train
train_23811,train
train_23814,train
train_23815,train
train_2382,train
train_23820,train
train_23821,train
train_23822,train
train_23824,train
train_23825,train
train_23826,train
train_23827,train
train_23828,train
train_23829,train
train_2383,train
train_23830,train
train_23831,train
train_23832,train
train_23836,train
train_23838,train
train_23839,train
train_23842,train
train_23843,train
train_23845,train
train_23846,train
train_23847,train
train_2385,train
train_23851,train
train_23853,train
train_23854,train
train_23855,train
train_23856,train
train_2386,train
train_23861,train
train_23862,train
train_23863,train
train_23864,train
train_2387,train
train_23870,train
train_23872,train
train_23874,train
train_23876,train
train_23877,train
train_23879,train
train_23880,train
train_23881,train
train_23884,train
train_23886,train
train_23887,train
train_23889,train
train_2389,train
train_23891,train
train_23893,train
train_23894,train
train_239,train
train_2390,train
train_23900,train
train_23901,train
train_23902,train
train_23903,train
train_23904,train
train_23906,train
train_23909,train
train_23912,train
train_23913,train
train_23915,train
train_2392,train
train_23920,train
train_23921,train
train_23924,train
train_23927,train
train_23935,train
train_23939,train
train_2394,train
train_23943,train
train_23944,train
train_23947,train
train_23948,train
train_23949,train
train_2395,train
train_23951,train
train_23953,train
train_23954,train
train_23959,train
train_2396,train
train_23961,train
train_23963,train
train_23964,train
train_23965,train
train_23966,train
train_23967,train
train_23968,train
train_2397,train
train_23970,train
train_23971,train
train_23972,train
train_23973,train
train_23974,train
train_23975,train
train_23978,train
train_23979,train
train_2398,train
train_23980,train
train_23981,train
train_23984,train
train_23989,train
train_2399,train
train_23990,train
train_23993,train
train_23994,train
train_23996,train
train_23997,train
train_23998,train
train_24,train
train_240,train
train_2400,train
train_24000,train
train_24001,train
train_24003,train
train_24004,train
train_24005,train
train_24006,train
train_24008,train
train_24009,train
train_2401,train
train_24013,train
train_24015,train
train_24018,train
train_24019,train
train_2402,train
train_24020,train
train_24021,train
train_2403,train
train_24032,train
train_24034,train
train_24037,train
train_24038,train
train_2404,train
train_24040,train
train_24042,train
train_24044,train
train_24045,train
train_24047,train
train_24048,train
train_2405,train
train_24051,train
train_24052,train
train_24053,train
train_24054,train
train_24055,train
train_24056,train
train_24060,train
train_24061,train
train_24064,train
train_24066,train
train_24068,train
train_2407,train
train_24070,train
train_24071,train
train_24073,train
train_24075,train
train_24078,train
train_2408,train
train_24080,train
train_24081,train
train_24082,train
train_24083,train
train_24084,train
train_24085,train
train_24088,train
train_24089,train
train_2409,train
train_24090,train
train_24091,train
train_24093,train
train_24094,train
train_24096,train
train_24097,train
train_24098,train
train_24099,train
train_241,train
train_2410,train
train_24100,train
train_24102,train
train_24104,train
train_24106,train
train_24107,train
train_24108,train
train_24109,train
train_2411,train
train_24110,train
train_24111,train
train_24113,train
train_24116,train
train_24118,train
train_24119,train
train_24122,train
train_24123,train
train_24124,train
train_24125,train
train_24126,train
train_24128,train
train_2413,train
train_24131,train
train_24133,train
train_24136,train
train_24137,train
train_24138,train
train_24139,train
train_2414,train
train_24140,train
train_24141,train
train_24142,train
train_24143,train
train_24144,train
train_24145,train
train_24146,train
train_24147,train
train_24149,train
train_24150,train
train_24151,train
train_24152,train
train_24153,train
train_24154,train
train_24155,train
train_24156,train
train_24157,train
train_24158,train
train_24159,train
train_24160,train
train_24162,train
train_24165,train
train_24167,train
train_24168,train
train_24169,train
train_2417,train
train_24171,train
train_24174,train
train_24178,train
train_24179,train
train_24180,train
train_24181,train
train_24182,train
train_24183,train
train_24186,train
train_24187,train
train_24188,train
train_2419,train
train_24190,train
train_24191,train
train_24192,train
train_24193,train
train_24194,train
train_24196,train
train_24197,train
train_24198,train
train_24199,train
train_242,train
train_2420,train
train_24200,train
train_24202,train
train_24203,train
train_24204,train
train_24205,train
train_24206,train
train_24208,train
train_24209,train
train_2421,train
train_24210,train
train_24211,train
train_24212,train
train_24214,train
train_24215,train
train_24216,train
train_2422,train
train_24220,train
train_24221,train
train_24222,train
train_24224,train
train_24228,train
train_2423,train
train_24230,train
train_24231,train
train_24232,train
train_24234,train
train_24237,train
train_24238,train
train_24239,train
train_2424,train
train_24241,train
train_24242,train
train_24243,train
train_24244,train
train_24246,train
train_24247,train
train_24248,train
train_2425,train
train_24250,train
train_24251,train
train_24253,train
train_24254,train
train_24255,train
train_24259,train
train_2426,train
train_24262,train
train_24264,train
train_24265,train
train_24266,train
train_24267,train
train_24268,train
train_2427,train
train_24270,train
train_24271,train
train_24273,train
train_24274,train
train_24275,train
train_24276,train
train_24279,train
train_2428,train
train_24280,train
train_24283,train
train_24285,train
train_24287,train
train_24288,train
train_2429,train
train_24290,train
train_24291,train
train_24293,train
train_24294,train
train_24295,train
train_24297,train
train_24298,train
train_243,train
train_24301,train
train_24303,train
train_24305,train
train_24306,train
train_24307,train
train_24314,train
train_24315,train
train_24316,train
train_24317,train
train_24318,train
train_2432,train
train_24320,train
train_24321,train
train_24323,train
train_24324,train
train_24327,train
train_24329,train
train_2433,train
train_24331,train
train_24333,train
train_24336,train
train_24338,train
train_24339,train
train_24341,train
train_24342,train
train_24343,train
train_24345,train
train_24346,train
train_24349,train
train_2435,train
train_24353,train
train_24355,train
train_24356,train
train_24357,train
train_24358,train
train_2436,train
train_24363,train
train_24366,train
train_24367,train
train_24368,train
train_24369,train
train_2437,train
train_24372,train
train_24373,train
train_24374,train
train_24375,train
train_24376,train
train_24378,train
train_2438,train
train_24381,train
train_24382,train
train_24383,train
train_24384,train
train_24385,train
train_24386,train
train_24388,train
train_24389,train
train_2439,train
train_24391,train
train_24392,train
train_24394,train
train_24395,train
train_24396,train
train_24398,train
train_244,train
train_2440,train
train_24400,train
train_24401,train
train_24404,train
train_24407,train
train_24409,train
train_24410,train
train_24412,train
train_24414,train
train_24416,train
train_24417,train
train_24419,train
train_24420,train
train_24425,train
train_24427,train
train_24429,train
train_24431,train
train_24432,train
train_24433,train
train_24435,train
train_24437,train
train_24439,train
train_2444,train
train_24440,train
train_24441,train
train_24442,train
train_24443,train
train_24444,train
train_24445,train
train_24446,train
train_24448,train
train_24449,train
train_2445,train
train_24451,train
train_24452,train
train_24453,train
train_24455,train
train_24456,train
train_24457,train
train_24458,train
train_2446,train
train_24460,train
train_24461,train
train_24463,train
train_24464,train
train_24466,train
train_24469,train
train_2447,train
train_24473,train
train_24474,train
train_24475,train
train_24476,train
train_24479,train
train_2448,train
train_24480,train
train_24486,train
train_24487,train
train_24489,train
train_24491,train
train_24494,train
train_24498,train
train_24499,train
train_245,train
train_2450,train
train_24503,train
train_24504,train
train_24506,train
train_24507,train
train_24508,train
train_2451,train
train_24510,train
train_24511,train
train_24512,train
train_24513,train
train_24514,train
train_24516,train
train_24517,train
train_24518,train
train_2452,train
train_24524,train
train_24526,train
train_24529,train
train_2453,train
train_24533,train
train_24535,train
train_24538,train
train_24540,train
train_24544,train
train_24545,train
train_24547,train
train_24548,train
train_24549,train
train_2455,train
train_24550,train
train_24553,train
train_24554,train
train_24555,train
train_24557,train
train_24559,train
train_2456,train
train_24560,train
train_24562,train
train_24563,train
train_24565,train
train_24566,train
train_24567,train
train_24568,train
train_2457,train
train_24570,train
train_24573,train
train_24575,train
train_24576,train
train_24579,train
train_2458,train
train_24580,train
train_24582,train
train_24584,train
train_24586,train
train_24587,train
train_2459,train
train_24592,train
train_24593,train
train_24594,train
train_24596,train
train_24598,train
train_24599,train
train_246,train
train_24600,train
train_24601,train
train_24604,train
train_24607,train
train_24609,train
train_24610,train
train_24611,train
train_24612,train
train_24613,train
train_24615,train
train_24616,train
train_24617,train
train_24619,train
train_2462,train
train_24620,train
train_24622,train
train_24623,train
train_24624,train
train_24627,train
train_24629,train
train_24631,train
train_24632,train
train_24633,train
train_24634,train
train_24635,train
train_24637,train
train_24639,train
train_2464,train
train_24640,train
train_24642,train
train_24643,train
train_24644,train
train_24645,train
train_24646,train
train_24649,train
train_2465,train
train_24650,train
train_24652,train
train_24653,train
train_24654,train
train_24655,train
train_24656,train
train_24657,train
train_24658,train
train_24659,train
train_2466,train
train_24660,train
train_24661,train
train_24662,train
train_24664,train
train_24665,train
train_24666,train
train_24668,train
train_24669,train
train_2467,train
train_24670,train
train_24671,train
train_24672,train
train_24673,train
train_24674,train
train_24675,train
train_24678,train
train_24683,train
train_24685,train
train_24688,train
train_24689,train
train_2469,train
train_24690,train
train_24692,train
train_24694,train
train_24696,train
train_24697,train
train_24698,train
train_24699,train
train_247,train
train_2470,train
train_24700,train
train_24701,train
train_24705,train
train_24707,train
train_24708,train
train_24709,train
train_2471,train
train_24710,train
train_24711,train
train_24713,train
train_24717,train
train_24718,train
train_2472,train
train_24721,train
train_24722,train
train_24723,train
train_24726,train
train_24727,train
train_24728,train
train_2473,train
train_24731,train
train_24732,train
train_24734,train
train_24736,train
train_24740,train
train_24741,train
train_24747,train
train_2475,train
train_24750,train
train_24751,train
train_24753,train
train_24756,train
train_24757,train
train_24758,train
train_2476,train
train_24763,train
train_24764,train
train_24766,train
train_24770,train
train_24772,train
train_24773,train
train_24775,train
train_24776,train
train_24779,train
train_2478,train
train_24780,train
train_24781,train
train_24782,train
train_24783,train
train_24785,train
train_24786,train
train_24787,train
train_24789,train
train_2479,train
train_24790,train
train_24792,train
train_24793,train
train_24795,train
train_24798,train
train_24799,train
train_248,train
train_2480,train
train_24803,train
train_24804,train
train_24806,train
train_24807,train
train_24808,train
train_24809,train
train_24811,train
train_24812,train
train_24814,train
train_24817,train
train_24818,train
train_24824,train
train_24825,train
train_24826,train
train_24827,train
train_24828,train
train_2483,train
train_24830,train
train_24831,train
train_24833,train
train_24835,train
train_24836,train
train_24837,train
train_24839,train
train_2484,train
train_24840,train
train_24841,train
train_24843,train
train_24844,train
train_24846,train
train_24847,train
train_24849,train
train_2485,train
train_24851,train
train_24853,train
train_24856,train
train_24857,train
train_24858,train
train_24861,train
train_24862,train
train_24864,train
train_24867,train
train_2487,train
train_24870,train
train_24872,train
train_24873,train
train_24876,train
train_24877,train
train_24878,train
train_24879,train
train_2488,train
train_24880,train
train_24881,train
train_24882,train
train_24883,train
train_24885,train
train_24886,train
train_24887,train
train_24888,train
train_24889,train
train_2489,train
train_24890,train
train_24893,train
train_24894,train
train_24895,train
train_24897,train
train_24900,train
train_24902,train
train_24903,train
train_24904,train
train_24907,train
train_24908,train
train_24909,train
train_2491,train
train_24910,train
train_24911,train
train_24912,train
train_24913,train
train_24914,train
train_24915,train
train_24916,train
train_24919,train
train_2492,train
train_24920,train
train_24921,train
train_24923,train
train_24925,train
train_24928,train
train_2493,train
train_24931,train
train_24932,train
train_24933,train
train_24934,train
train_24936,train
train_24939,train
train_2494,train
train_24940,train
train_24942,train
train_24943,train
train_24944,train
train_24947,train
train_24948,train
train_24949,train
train_2495,train
train_24952,train
train_24954,train
train_24955,train
train_24959,train
train_2496,train
train_24961,train
train_24962,train
train_24966,train
train_2497,train
train_24970,train
train_24971,train
train_24972,train
train_24973,train
train_24976,train
train_24977,train
train_2498,train
train_24980,train
train_24981,train
train_24983,train
train_24985,train
train_24986,train
train_2499,train
train_24992,train
train_24995,train
train_24997,train
train_24998,train
train_250,train
train_25003,train
train_25004,train
train_25006,train
train_25007,train
train_25008,train
train_25009,train
train_2501,train
train_25013,train
train_25014,train
train_25017,train
train_2502,train
train_25022,train
train_25023,train
train_25026,train
train_25028,train
train_25030,train
train_25031,train
train_25032,train
train_25033,train
train_25034,train
train_25037,train
train_25038,train
train_2504,train
train_25041,train
train_25042,train
train_25043,train
train_25044,train
train_25045,train
train_25046,train
train_25047,train
train_25048,train
train_2505,train
train_25051,train
train_25052,train
train_25055,train
train_25056,train
train_25057,train
train_2506,train
train_25061,train
train_25062,train
train_25065,train
train_25066,train
train_25067,train
train_25068,train
train_2507,train
train_25071,train
train_25074,train
train_25075,train
train_25078,train
train_25079,train
train_25081,train
train_25082,train
train_25083,train
train_25084,train
train_25086,train
train_25087,train
train_2509,train
train_25090,train
train_25094,train
train_25098,train
train_25099,train
train_2510,train
train_25102,train
train_25103,train
train_25104,train
train_25105,train
train_25106,train
train_25107,train
train_25108,train
train_25109,train
train_2511,train
train_25111,train
train_25112,train
train_25113,train
train_25114,train
train_25116,train
train_25118,train
train_2512,train
train_25120,train
train_25121,train
train_25123,train
train_25124,train
train_25125,train
train_25126,train
train_25128,train
train_25129,train
train_2513,train
train_25130,train
train_25131,train
train_25132,train
train_25133,train
train_25134,train
train_25136,train
train_25137,train
train_25138,train
train_25139,train
train_2514,train
train_25141,train
train_25142,train
train_25144,train
train_25148,train
train_25149,train
train_2515,train
train_25151,train
train_25154,train
train_25155,train
train_25156,train
train_2516,train
train_25161,train
train_25163,train
train_25164,train
train_25165,train
train_25166,train
train_25167,train
train_25168,train
train_25169,train
train_25170,train
train_25171,train
train_25172,train
train_25173,train
train_25175,train
train_25176,train
train_25177,train
train_2518,train
train_25180,train
train_25182,train
train_25183,train
train_25184,train
train_25185,train
train_25187,train
train_2519,train
train_25192,train
train_25194,train
train_25195,train
train_25196,train
train_25198,train
train_25199,train
train_252,train
train_2520,train
train_25200,train
train_25201,train
train_25205,train
train_25206,train
train_25207,train
train_25208,train
train_25209,train
train_2521,train
train_25211,train
train_25214,train
train_25215,train
train_25216,train
train_25217,train
train_2522,train
train_25220,train
train_25221,train
train_25222,train
train_25223,train
train_25224,train
train_25225,train
train_25228,train
train_2523,train
train_25231,train
train_25233,train
train_25235,train
train_25236,train
train_25237,train
train_25238,train
train_2524,train
train_25240,train
train_25243,train
train_25244,train
train_25245,train
train_25248,train
train_25249,train
train_25250,train
train_25254,train
train_25255,train
train_25256,train
train_25257,train
train_25258,train
train_2526,train
train_25261,train
train_25262,train
train_25263,train
train_25264,train
train_25265,train
train_25268,train
train_25269,train
train_25270,train
train_25271,train
train_25272,train
train_25274,train
train_25277,train
train_2528,train
train_25280,train
train_25285,train
train_25287,train
train_25288,train
train_2529,train
train_25290,train
train_25292,train
train_25294,train
train_25295,train
train_25296,train
train_25301,train
train_25304,train
train_25307,train
train_25309,train
train_25310,train
train_25311,train
train_25312,train
train_25314,train
train_25315,train
train_25316,train
train_25317,train
train_25318,train
train_25319,train
train_2532,train
train_25321,train
train_25322,train
train_25323,train
train_25324,train
train_25325,train
train_25328,train
train_25329,train
train_2533,train
train_25331,train
train_25332,train
train_25334,train
train_25335,train
train_25336,train
train_25340,train
train_25341,train
train_25342,train
train_25343,train
train_25344,train
train_25346,train
train_25347,train
train_25348,train
train_2535,train
train_25350,train
train_25352,train
train_25353,train
train_25354,train
train_25355,train
train_25358,train
train_25359,train
train_25360,train
train_25362,train
train_25363,train
train_25365,train
train_25366,train
train_25368,train
train_2537,train
train_25376,train
train_25377,train
train_25378,train
train_25379,train
train_2538,train
train_25380,train
train_25384,train
train_25386,train
train_25387,train
train_25389,train
train_2539,train
train_25390,train
train_25392,train
train_25394,train
train_2540,train
train_25400,train
train_25401,train
train_25403,train
train_25404,train
train_25405,train
train_25406,train
train_25407,train
train_25408,train
train_25409,train
train_2541,train
train_25411,train
train_25412,train
train_25417,train
train_25418,train
train_2542,train
train_25422,train
train_25423,train
train_25424,train
train_25425,train
train_25426,train
train_25428,train
train_2543,train
train_25431,train
train_25432,train
train_25434,train
train_25435,train
train_25438,train
train_25439,train
train_2544,train
train_25441,train
train_25442,train
train_25445,train
train_25447,train
train_25448,train
train_2545,train
train_25451,train
train_25454,train
train_25456,train
train_25458,train
train_25459,train
train_2546,train
train_25460,train
train_25461,train
train_25463,train
train_25465,train
train_25466,train
train_25467,train
train_25469,train
train_2547,train
train_25471,train
train_25472,train
train_25473,train
train_25475,train
train_25478,train
train_2548,train
train_25480,train
train_25482,train
train_25484,train
train_25485,train
train_25487,train
train_25489,train
train_2549,train
train_25491,train
train_25492,train
train_25493,train
train_25494,train
train_25495,train
train_25496,train
train_25498,train
train_25499,train
train_255,train
train_2550,train
train_25500,train
train_25501,train
train_25503,train
train_25504,train
train_25506,train
train_25507,train
train_2551,train
train_25511,train
train_25512,train
train_25513,train
train_25514,train
train_25515,train
train_25516,train
train_25518,train
train_2552,train
train_25520,train
train_25521,train
train_25524,train
train_25525,train
train_25526,train
train_25527,train
train_25528,train
train_25529,train
train_2553,train
train_25530,train
train_25531,train
train_25532,train
train_25533,train
train_25534,train
train_25539,train
train_2554,train
train_25540,train
train_25541,train
train_25544,train
train_25546,train
train_25549,train
train_2555,train
train_25551,train
train_25554,train
train_25555,train
train_25556,train
train_25559,train
train_2556,train
train_25561,train
train_25562,train
train_25565,train
train_25569,train
train_2557,train
train_25570,train
train_25572,train
train_25573,train
train_25578,train
train_25579,train
train_2558,train
train_25581,train
train_25582,train
train_25584,train
train_25585,train
train_25586,train
train_25587,train
train_25588,train
train_25589,train
train_2559,train
train_25591,train
train_25592,train
train_25594,train
train_25595,train
train_25597,train
train_25599,train
train_256,train
train_25602,train
train_25609,train
train_2561,train
train_25610,train
train_25611,train
train_25614,train
train_25615,train
train_25616,train
train_25617,train
train_25620,train
train_25621,train
train_25622,train
train_25627,train
train_25628,train
train_2563,train
train_25630,train
train_25631,train
train_25632,train
train_25633,train
train_25634,train
train_25636,train
train_25639,train
train_2564,train
train_25641,train
train_25643,train
train_25644,train
train_25645,train
train_25647,train
train_25648,train
train_25649,train
train_25650,train
train_25653,train
train_25654,train
train_25656,train
train_25658,train
train_2566,train
train_25662,train
train_25663,train
train_25665,train
train_25666,train
train_25667,train
train_25668,train
train_25669,train
train_2567,train
train_25671,train
train_25672,train
train_25673,train
train_25674,train
train_25675,train
train_25676,train
train_25679,train
train_2568,train
train_25680,train
train_25681,train
train_25687,train
train_25689,train
train_2569,train
train_25690,train
train_25694,train
train_25695,train
train_25696,train
train_25698,train
train_2570,train
train_25700,train
train_25702,train
train_25704,train
train_25705,train
train_25706,train
train_25707,train
train_25708,train
train_2571,train
train_25710,train
train_25711,train
train_25712,train
train_25713,train
train_25715,train
train_25718,train
train_25720,train
train_25721,train
train_25722,train
train_25725,train
train_25726,train
train_25728,train
train_25729,train
train_2573,train
train_25730,train
train_25732,train
train_25734,train
train_25735,train
train_25736,train
train_25737,train
train_25738,train
train_2574,train
train_25741,train
train_25742,train
train_25745,train
train_25746,train
train_25748,train
train_25749,train
train_2575,train
train_25750,train
train_25752,train
train_25753,train
train_25754,train
train_25755,train
train_25757,train
train_25758,train
train_25759,train
train_2576,train
train_25760,train
train_25761,train
train_25762,train
train_25765,train
train_25766,train
train_25767,train
train_25768,train
train_25769,train
train_2577,train
train_25770,train
train_25773,train
train_25774,train
train_25775,train
train_25776,train
train_25777,train
train_2578,train
train_25780,train
train_25781,train
train_25782,train
train_25783,train
train_25784,train
train_25786,train
train_25788,train
train_2579,train
train_25791,train
train_25792,train
train_25794,train
train_25795,train
train_25796,train
train_25797,train
train_25798,train
train_25799,train
train_2580,train
train_25802,train
train_25805,train
train_25807,train
train_25808,train
train_25810,train
train_25812,train
train_25815,train
train_25816,train
train_2582,train
train_25820,train
train_25821,train
train_25823,train
train_25825,train
train_25827,train
train_25828,train
train_2583,train
train_25830,train
train_25831,train
train_25833,train
train_25837,train
train_2584,train
train_25840,train
train_25843,train
train_25844,train
train_25846,train
train_25852,train
train_25853,train
train_25854,train
train_25855,train
train_25856,train
train_25858,train
train_2586,train
train_25861,train
train_25862,train
train_25863,train
train_25866,train
train_25868,train
train_25869,train
train_2587,train
train_25870,train
train_25872,train
train_25873,train
train_25878,train
train_25879,train
train_2588,train
train_25881,train
train_25882,train
train_25885,train
train_25886,train
train_25887,train
train_25889,train
train_2589,train
train_25890,train
train_25891,train
train_25892,train
train_25894,train
train_25896,train
train_25899,train
train_259,train
train_2590,train
train_25900,train
train_25901,train
train_25902,train
train_25904,train
train_25905,train
train_25906,train
train_25908,train
train_2591,train
train_25910,train
train_25911,train
train_25912,train
train_25913,train
train_25916,train
train_25919,train
train_25925,train
train_25926,train
train_2593,train
train_25930,train
train_25931,train
train_25936,train
train_25937,train
train_2594,train
train_25940,train
train_25941,train
train_25942,train
train_25944,train
train_25945,train
train_25948,train
train_25949,train
train_2595,train
train_25950,train
train_25952,train
train_25953,train
train_25956,train
train_25957,train
train_25958,train
train_25959,train
train_2596,train
train_25960,train
train_25961,train
train_25966,train
train_25967,train
train_25968,train
train_25970,train
train_25973,train
train_25974,train
train_2598,train
train_25980,train
train_25983,train
train_25987,train
train_25989,train
train_25990,train
train_25993,train
train_25996,train
train_25997,train
train_25998,train
train_260,train
train_2600,train
train_26002,train
train_26003,train
train_26004,train
train_26006,train
train_26008,train
train_2601,train
train_26012,train
train_26013,train
train_26014,train
train_26016,train
train_26017,train
train_26019,train
train_2602,train
train_26022,train
train_26025,train
train_26026,train
train_26027,train
train_2603,train
train_26032,train
train_26034,train
train_26035,train
train_2604,train
train_26041,train
train_26042,train
train_26043,train
train_26045,train
train_26046,train
train_26047,train
train_26049,train
train_2605,train
train_26050,train
train_26054,train
train_26058,train
train_26059,train
train_2606,train
train_26060,train
train_26061,train
train_26062,train
train_26065,train
train_26066,train
train_26068,train
train_26070,train
train_26076,train
train_26077,train
train_26078,train
train_2608,train
train_26080,train
train_26087,train
train_2609,train
train_26093,train
train_26095,train
train_2610,train
train_26100,train
train_26102,train
train_26105,train
train_26107,train
train_26109,train
train_2611,train
train_26115,train
train_26119,train
train_2612,train
train_26120,train
train_26124,train
train_26126,train
train_2613,train
train_26130,train
train_26131,train
train_26136,train
train_26138,train
train_26139,train
train_2614,train
train_26140,train
train_26144,train
train_26146,train
train_26149,train
train_2615,train
train_26151,train
train_26152,train
train_26153,train
train_26157,train
train_26159,train
train_2616,train
train_26162,train
train_26163,train
train_26164,train
train_26165,train
train_26166,train
train_2617,train
train_26170,train
train_26177,train
train_26178,train
train_2618,train
train_26180,train
train_26182,train
train_26184,train
train_26185,train
train_2619,train
train_26192,train
train_26193,train
train_26198,train
train_26199,train
train_262,train
train_2620,train
train_26201,train
train_26202,train
train_26206,train
train_26207,train
train_26208,train
train_2621,train
train_26214,train
train_26215,train
train_2622,train
train_26222,train
train_26226,train
train_2623,train
train_26231,train
train_26232,train
train_26237,train
train_26239,train
train_2624,train
train_26240,train
train_26242,train
train_26243,train
train_26244,train
train_26245,train
train_26246,train
train_26247,train
train_26252,train
train_26253,train
train_26256,train
train_2626,train
train_26266,train
train_2627,train
train_26270,train
train_26275,train
train_26277,train
train_26279,train
train_2628,train
train_26281,train
train_26284,train
train_26289,train
train_2629,train
train_26290,train
train_26291,train
train_26293,train
train_26295,train
train_26296,train
train_26299,train
train_2630,train
train_26300,train
train_26301,train
train_26307,train
train_26308,train
train_2631,train
train_26315,train
train_26316,train
train_26325,train
train_26326,train
train_26327,train
train_26328,train
train_26329,train
train_2633,train
train_26330,train
train_26334,train
train_26335,train
train_26336,train
train_26337,train
train_2634,train
train_26341,train
train_26342,train
train_26347,train
train_26348,train
train_26350,train
train_26354,train
train_26356,train
train_26357,train
train_2636,train
train_26360,train
train_26363,train
train_26366,train
train_26369,train
train_26370,train
train_26371,train
train_26372,train
train_26373,train
train_26382,train
train_26385,train
train_26388,train
train_2639,train
train_26391,train
train_26392,train
train_26393,train
train_26394,train
train_26395,train
train_26397,train
train_26399,train
train_264,train
train_2640,train
train_26405,train
train_26406,train
train_2641,train
train_26411,train
train_26412,train
train_26415,train
train_26416,train
train_26417,train
train_26418,train
train_26419,train
train_2642,train
train_26421,train
train_26425,train
train_26428,train
train_26429,train
train_2643,train
train_26432,train
train_26434,train
train_26437,train
train_2644,train
train_26440,train
train_26441,train
train_26444,train
train_26446,train
train_26456,train
train_26458,train
train_2646,train
train_26461,train
train_26462,train
train_26463,train
train_26467,train
train_26469,train
train_26471,train
train_26472,train
train_26473,train
train_26475,train
train_26476,train
train_2648,train
train_26482,train
train_26485,train
train_26487,train
train_26489,train
train_2649,train
train_26490,train
train_26491,train
train_26493,train
train_26494,train
train_26496,train
train_26499,train
train_265,train
train_2650,train
train_26500,train
train_26501,train
train_26502,train
train_26504,train
train_26506,train
train_26507,train
train_26508,train
train_2651,train
train_26511,train
train_26512,train
train_26513,train
train_26515,train
train_26521,train
train_26522,train
train_26523,train
train_26529,train
train_26530,train
train_26533,train
train_26536,train
train_26537,train
train_26539,train
train_26543,train
train_26547,train
train_2655,train
train_26553,train
train_26554,train
train_26556,train
train_26559,train
train_2656,train
train_26561,train
train_26566,train
train_26567,train
train_26568,train
train_26569,train
train_2657,train
train_26571,train
train_26572,train
train_26573,train
train_26575,train
train_26577,train
train_26578,train
train_2658,train
train_26582,train
train_26585,train
train_2659,train
train_26592,train
train_26593,train
train_26594,train
train_26596,train
train_26597,train
train_2660,train
train_26601,train
train_26603,train
train_2661,train
train_26615,train
train_26617,train
train_2662,train
train_26623,train
train_2663,train
train_26633,train
train_26634,train
train_26637,train
train_2664,train
train_26645,train
train_26654,train
train_26655,train
train_26657,train
train_26658,train
train_2666,train
train_26661,train
train_26667,train
train_26668,train
train_2667,train
train_26674,train
train_26675,train
train_26676,train
train_26677,train
train_26678,train
train_26679,train
train_26681,train
train_26683,train
train_2669,train
train_26690,train
train_26692,train
train_26693,train
train_26697,train
train_26698,train
train_267,train
train_26705,train
train_26715,train
train_26719,train
train_2672,train
train_26722,train
train_26723,train
train_26724,train
train_2673,train
train_26730,train
train_26732,train
train_26734,train
train_2674,train
train_26744,train
train_26748,train
train_2675,train
train_26752,train
train_2676,train
train_26762,train
train_26765,train
train_26766,train
train_26767,train
train_2677,train
train_26774,train
train_26776,train
train_26779,train
train_2678,train
train_26784,train
train_26786,train
train_26788,train
train_26789,train
train_26791,train
train_26797,train
train_2680,train
train_26800,train
train_26801,train
train_26808,train
train_26809,train
train_2681,train
train_26816,train
train_26818,train
train_26819,train
train_2682,train
train_26821,train
train_26824,train
train_26827,train
train_2683,train
train_26832,train
train_26833,train
train_26834,train
train_26836,train
train_2684,train
train_26842,train
train_26845,train
train_2685,train
train_26854,train
train_26858,train
train_2686,train
train_26862,train
train_26865,train
train_26868,train
train_26870,train
train_26875,train
train_26877,train
train_2688,train
train_26884,train
train_26887,train
train_2689,train
train_26894,train
train_26897,train
train_26899,train
train_269,train
train_2690,train
train_26906,train
train_2691,train
train_26913,train
train_26915,train
train_26917,train
train_26919,train
train_26920,train
train_26921,train
train_26923,train
train_26929,train
train_2693,train
train_26930,train
train_26939,train
train_2694,train
train_26940,train
train_26941,train
train_26946,train
train_26952,train
train_26957,train
train_26958,train
train_2696,train
train_26965,train
train_26971,train
train_26973,train
train_26978,train
train_2698,train
train_26980,train
train_26985,train
train_26987,train
train_26988,train
train_2699,train
train_26991,train
train_26992,train
train_27,train
train_270,train
train_2700,train
train_27002,train
train_27006,train
train_27009,train
train_2701,train
train_27017,train
train_2702,train
train_27021,train
train_27023,train
train_27025,train
train_27028,train
train_2703,train
train_27030,train
train_27032,train
train_2704,train
train_27040,train
train_27041,train
train_2705,train
train_27050,train
train_27053,train
train_27056,train
train_27057,train
train_2706,train
train_27063,train
train_27069,train
train_2707,train
train_27070,train
train_27074,train
train_27078,train
train_2708,train
train_27082,train
train_27090,train
train_27097,train
train_27099,train
train_271,train
train_2710,train
train_27100,train
train_27108,train
train_2711,train
train_27114,train
train_27116,train
train_27117,train
train_2712,train
train_27120,train
train_27126,train
train_27129,train
train_2713,train
train_27135,train
train_27139,train
train_2714,train
train_27140,train
train_27146,train
train_27147,train
train_27148,train
train_27151,train
train_27156,train
train_27157,train
train_27158,train
train_27159,train
train_27160,train
train_27163,train
train_27164,train
train_2717,train
train_27170,train
train_27174,train
train_27176,train
train_27177,train
train_27178,train
train_2718,train
train_27182,train
train_27185,train
train_27188,train
train_2719,train
train_27193,train
train_27194,train
train_27197,train
train_2720,train
train_27201,train
train_27207,train
train_27208,train
train_2721,train
train_27212,train
train_27216,train
train_27217,train
train_2722,train
train_27220,train
train_27223,train
train_27224,train
train_27225,train
train_2723,train
train_27230,train
train_27235,train
train_27236,train
train_27239,train
train_27246,train
train_27249,train
train_27252,train
train_27256,train
train_2726,train
train_2727,train
train_27273,train
train_27275,train
train_27276,train
train_2728,train
train_27280,train
train_27286,train
train_27291,train
train_27295,train
train_273,train
train_27302,train
train_27304,train
train_27306,train
train_27307,train
train_2731,train
train_27316,train
train_2732,train
train_27322,train
train_27327,train
train_2733,train
train_27331,train
train_27332,train
train_27339,train
train_2734,train
train_27341,train
train_27346,train
train_2735,train
train_27352,train
train_27359,train
train_2736,train
train_27361,train
train_27372,train
train_27374,train
train_27375,train
train_27376,train
train_27380,train
train_27382,train
train_27385,train
train_27388,train
train_27389,train
train_2739,train
train_27392,train
train_27393,train
train_27394,train
train_27395,train
train_27397,train
train_27398,train
train_274,train
train_2741,train
train_27410,train
train_27412,train
train_27415,train
train_2742,train
train_27422,train
train_27423,train
train_27429,train
train_2743,train
train_27436,train
train_2744,train
train_27441,train
train_27442,train
train_27446,train
train_27448,train
train_27451,train
train_27459,train
train_27463,train
train_27468,train
train_2747,train
train_27472,train
train_27474,train
train_27475,train
train_27477,train
train_27480,train
train_27484,train
train_27486,train
train_27488,train
train_27492,train
train_27495,train
train_27496,train
train_27497,train
train_275,train
train_2750,train
train_2751,train
train_27511,train
train_27512,train
train_27515,train
train_27516,train
train_2752,train
train_27522,train
train_27527,train
train_27529,train
train_2753,train
train_27535,train
train_27537,train
train_2754,train
train_27540,train
train_27545,train
train_27548,train
train_27549,train
train_2755,train
train_27552,train
train_27557,train
train_27558,train
train_27559,train
train_2756,train
train_27561,train
train_27562,train
train_27569,train
train_2757,train
train_27572,train
train_27574,train
train_27579,train
train_2758,train
train_27580,train
train_27582,train
train_27587,train
train_2759,train
train_27593,train
train_27598,train
train_276,train
train_2760,train
train_27607,train
train_2761,train
train_27610,train
train_27611,train
train_27613,train
train_27614,train
train_27616,train
train_2762,train
train_27623,train
train_2763,train
train_27634,train
train_27638,train
train_27640,train
train_27641,train
train_27643,train
train_27656,train
train_27658,train
train_2766,train
train_27660,train
train_2767,train
train_27670,train
train_27671,train
train_27673,train
train_27679,train
train_2768,train
train_27683,train
train_2769,train
train_277,train
train_2770,train
train_27701,train
train_27702,train
train_27710,train
train_27715,train
train_27718,train
train_27719,train
train_2772,train
train_2773,train
train_27733,train
train_27734,train
train_27736,train
train_27741,train
train_27743,train
train_27747,train
train_27748,train
train_27753,train
train_27756,train
train_27757,train
train_27759,train
train_2776,train
train_27760,train
train_27761,train
train_2777,train
train_27772,train
train_27776,train
train_27777,train
train_27779,train
train_2779,train
train_27792,train
train_27795,train
train_27797,train
train_278,train
train_2780,train
train_27801,train
train_27802,train
train_27806,train
train_27807,train
train_27809,train
train_2781,train
train_27813,train
train_27815,train
train_2782,train
train_27820,train
train_27825,train
train_27826,train
train_27827,train
train_27828,train
train_2783,train
train_27830,train
train_27836,train
train_27837,train
train_27839,train
train_2784,train
train_27840,train
train_27844,train
train_27846,train
train_27849,train
train_2785,train
train_27850,train
train_27851,train
train_27855,train
train_27856,train
train_27858,train
train_27859,train
train_2786,train
train_27862,train
train_2787,train
train_27870,train
train_27872,train
train_27873,train
train_27874,train
train_2788,train
train_27881,train
train_27882,train
train_27885,train
train_27887,train
train_2789,train
train_27890,train
train_27891,train
train_27894,train
train_27896,train
train_27898,train
train_279,train
train_2790,train
train_27900,train
train_27901,train
train_27903,train
train_2791,train
train_27917,train
train_27918,train
train_27919,train
train_2792,train
train_27921,train
train_27927,train
train_27928,train
train_2793,train
train_27937,train
train_2794,train
train_27948,train
train_2795,train
train_27954,train
train_2796,train
train_27962,train
train_2797,train
train_27971,train
train_27974,train
train_27977,train
train_27981,train
train_27985,train
train_2799,train
train_280,train
train_2800,train
train_28009,train
train_2801,train
train_28013,train
train_28014,train
train_28017,train
train_28018,train
train_2802,train
train_28020,train
train_28021,train
train_28027,train
train_2803,train
train_28032,train
train_28034,train
train_28035,train
train_28037,train
train_28038,train
train_2804,train
train_28041,train
train_28043,train
train_28044,train
train_28045,train
train_28048,train
train_2805,train
train_2806,train
train_28061,train
train_2807,train
train_28077,train
train_2808,train
train_28083,train
train_28084,train
train_28086,train
train_28087,train
train_2809,train
train_28096,train
train_28098,train
train_281,train
train_2810,train
train_28103,train
train_28109,train
train_2811,train
train_28111,train
train_28112,train
train_28115,train
train_2812,train
train_28122,train
train_28124,train
train_2813,train
train_28130,train
train_28137,train
train_28144,train
train_28146,train
train_28156,train
train_28159,train
train_2816,train
train_28162,train
train_28164,train
train_28165,train
train_28166,train
train_28167,train
train_2817,train
train_28171,train
train_28177,train
train_28181,train
train_28182,train
train_28185,train
train_2819,train
train_28191,train
train_28193,train
train_28195,train
train_28199,train
train_282,train
train_2820,train
train_28210,train
train_28211,train
train_28215,train
train_2822,train
train_28224,train
train_28229,train
train_2823,train
train_28230,train
train_28232,train
train_28235,train
train_28236,train
train_2824,train
train_28240,train
train_28249,train
train_2825,train
train_28251,train
train_28252,train
train_2826,train
train_28262,train
train_28265,train
train_2828,train
train_28280,train
train_28283,train
train_2829,train
train_28290,train
train_28292,train
train_28294,train
train_28295,train
train_28297,train
train_28298,train
train_283,train
train_2830,train
train_28300,train
train_28303,train
train_28306,train
train_28308,train
train_2831,train
train_28313,train
train_28317,train
train_2832,train
train_28320,train
train_28325,train
train_28327,train
train_28328,train
train_28329,train
train_2833,train
train_28335,train
train_28336,train
train_28337,train
train_28338,train
train_28339,train
train_2834,train
train_28344,train
train_2835,train
train_28351,train
train_28353,train
train_28355,train
train_28357,train
train_28359,train
train_2836,train
train_28360,train
train_28362,train
train_28364,train
train_28365,train
train_28366,train
train_28368,train
train_2837,train
train_28370,train
train_2838,train
train_28380,train
train_28383,train
train_28384,train
train_2839,train
train_28390,train
train_28397,train
train_28399,train
train_284,train
train_28401,train
train_28402,train
train_28404,train
train_28413,train
train_28414,train
train_28415,train
train_2842,train
train_28422,train
train_28423,train
train_2843,train
train_28431,train
train_28436,train
train_28440,train
train_28441,train
train_28442,train
train_28447,train
train_28448,train
train_28449,train
train_28450,train
train_28453,train
train_28456,train
train_2846,train
train_28460,train
train_28467,train
train_28468,train
train_28470,train
train_28471,train
train_28472,train
train_28475,train
train_28476,train
train_2848,train
train_28480,train
train_28483,train
train_28486,train
train_28487,train
train_28488,train
train_28489,train
train_2849,train
train_28491,train
train_28493,train
train_28498,train
train_28499,train
train_285,train
train_2850,train
train_28500,train
train_28502,train
train_28509,train
train_2851,train
train_28514,train
train_28515,train
train_2852,train
train_28523,train
train_28525,train
train_28526,train
train_28527,train
train_2853,train
train_28530,train
train_28533,train
train_28534,train
train_28539,train
train_2854,train
train_28543,train
train_2855,train
train_28550,train
train_28553,train
train_28558,train
train_2856,train
train_28560,train
train_28564,train
train_28566,train
train_2857,train
train_28574,train
train_28578,train
train_2858,train
train_28587,train
train_28597,train
train_28599,train
train_2860,train
train_28603,train
train_2861,train
train_28612,train
train_28615,train
train_28618,train
train_2862,train
train_28627,train
train_2863,train
train_28640,train
train_28644,train
train_28645,train
train_28649,train
train_2865,train
train_28653,train
train_28654,train
train_2866,train
train_28661,train
train_28665,train
train_28668,train
train_28670,train
train_28678,train
train_2868,train
train_28681,train
train_28688,train
train_2869,train
train_28698,train
train_287,train
train_2870,train
train_28706,train
train_28707,train
train_28709,train
train_2871,train
train_28712,train
train_28713,train
train_2872,train
train_28721,train
train_28722,train
train_28723,train
train_2873,train
train_28732,train
train_28737,train
train_28742,train
train_28744,train
train_28746,train
train_28747,train
train_28749,train
train_2875,train
train_28753,train
train_28754,train
train_28758,train
train_2876,train
train_28762,train
train_28764,train
train_28765,train
train_28766,train
train_2877,train
train_28775,train
train_28776,train
train_2878,train
train_28785,train
train_28786,train
train_28789,train
train_2879,train
train_28790,train
train_28791,train
train_28795,train
train_28796,train
train_28799,train
train_288,train
train_2880,train
train_28801,train
train_28806,train
train_2881,train
train_28811,train
train_28812,train
train_28819,train
train_2882,train
train_28827,train
train_28831,train
train_2884,train
train_28840,train
train_28846,train
train_2885,train
train_28851,train
train_28852,train
train_28857,train
train_28859,train
train_2886,train
train_28861,train
train_28864,train
train_28878,train
train_2888,train
train_28880,train
train_28881,train
train_28883,train
train_28884,train
train_28887,train
train_28894,train
train_28898,train
train_28899,train
train_289,train
train_2890,train
train_28901,train
train_2891,train
train_28910,train
train_28918,train
train_28921,train
train_2893,train
train_28939,train
train_28940,train
train_2895,train
train_28953,train
train_28955,train
train_28957,train
train_2896,train
train_28964,train
train_28965,train
train_28967,train
train_2897,train
train_28973,train
train_28976,train
train_2898,train
train_28983,train
train_2899,train
train_28990,train
train_28992,train
train_28996,train
train_28997,train
train_28998,train
train_29,train
train_290,train
train_2900,train
train_29000,train
train_29003,train
train_2901,train
train_29011,train
train_29013,train
train_29017,train
train_29019,train
train_2902,train
train_29023,train
train_29026,train
train_29027,train
train_29028,train
train_2903,train
train_29033,train
train_29035,train
train_29037,train
train_29039,train
train_2904,train
train_29041,train
train_29049,train
train_2905,train
train_29050,train
train_29052,train
train_29059,train
train_29061,train
train_29063,train
train_29069,train
train_2907,train
train_29071,train
train_29079,train
train_29081,train
train_29084,train
train_29090,train
train_29092,train
train_29098,train
train_291,train
train_2910,train
train_29101,train
train_29103,train
train_29110,train
train_29111,train
train_29114,train
train_29115,train
train_29119,train
train_2912,train
train_29127,train
train_2913,train
train_29130,train
train_29131,train
train_2914,train
train_29141,train
train_29142,train
train_29143,train
train_2915,train
train_29153,train
train_29155,train
train_29157,train
train_29165,train
train_2917,train
train_29173,train
train_29174,train
train_2918,train
train_29180,train
train_29185,train
train_29186,train
train_29188,train
train_2919,train
train_29190,train
train_292,train
train_29200,train
train_29201,train
train_29203,train
train_29205,train
train_29212,train
train_29213,train
train_29216,train
train_29218,train
train_29219,train
train_29226,train
train_29228,train
train_2923,train
train_29231,train
train_29232,train
train_29239,train
train_2924,train
train_29241,train
train_29242,train
train_29245,train
train_29248,train
train_2925,train
train_29250,train
train_29259,train
train_2926,train
train_29261,train
train_29264,train
train_29267,train
train_2927,train
train_29272,train
train_29281,train
train_29282,train
train_29287,train
train_2929,train
train_29292,train
train_29296,train
train_29297,train
train_29298,train
train_2930,train
train_29301,train
train_29302,train
train_29306,train
train_29309,train
train_2931,train
train_29311,train
train_29315,train
train_29317,train
train_2932,train
train_29320,train
train_29322,train
train_29324,train
train_2933,train
train_29330,train
train_2934,train
train_29341,train
train_29344,train
train_29345,train
train_29346,train
train_29347,train
train_29353,train
train_29363,train
train_29366,train
train_2937,train
train_29373,train
train_29375,train
train_2938,train
train_29381,train
train_29383,train
train_29386,train
train_29388,train
train_2939,train
train_29396,train
train_29399,train
train_294,train
train_2940,train
train_29406,train
train_29408,train
train_29412,train
train_29414,train
train_29416,train
train_29417,train
train_29418,train
train_29419,train
train_2942,train
train_29421,train
train_29427,train
train_2943,train
train_29431,train
train_2944,train
train_29441,train
train_29444,train
train_29448,train
train_2945,train
train_29460,train
train_29461,train
train_29463,train
train_2947,train
train_29471,train
train_29475,train
train_29479,train
train_2948,train
train_29485,train
train_29492,train
train_29496,train
train_29498,train
train_295,train
train_2950,train
train_29503,train
train_29504,train
train_29506,train
train_29507,train
train_2951,train
train_29510,train
train_29518,train
train_29520,train
train_29528,train
train_2954,train
train_29548,train
train_2955,train
train_29562,train
train_2957,train
train_29575,train
train_29576,train
train_2958,train
train_29580,train
train_29581,train
train_2959,train
train_29594,train
train_29597,train
train_29599,train
train_296,train
train_2960,train
train_29600,train
train_29601,train
train_29604,train
train_29608,train
train_29609,train
train_2961,train
train_29611,train
train_29613,train
train_29616,train
train_29619,train
train_2962,train
train_29628,train
train_2963,train
train_29634,train
train_29637,train
train_29638,train
train_29639,train
train_2964,train
train_29640,train
train_29641,train
train_29648,train
train_2965,train
train_29654,train
train_29656,train
train_2966,train
train_29660,train
train_29664,train
train_29666,train
train_2967,train
train_29670,train
train_29672,train
train_29679,train
train_2968,train
train_29684,train
train_29686,train
train_29688,train
train_2969,train
train_29693,train
train_2970,train
train_29700,train
train_29701,train
train_2971,train
train_29710,train
train_29715,train
train_29719,train
train_29727,train
train_29729,train
train_2973,train
train_29731,train
train_29735,train
train_2974,train
train_29741,train
train_29744,train
train_29745,train
train_29746,train
train_2975,train
train_29754,train
train_29755,train
train_29758,train
train_29768,train
train_29769,train
train_29775,train
train_29780,train
train_29781,train
train_29783,train
train_29788,train
train_29789,train
train_2979,train
train_29790,train
train_29793,train
train_29794,train
train_29795,train
train_29798,train
train_29802,train
train_29809,train
train_2981,train
train_29813,train
train_29815,train
train_29818,train
train_29819,train
train_2982,train
train_29825,train
train_29826,train
train_2983,train
train_29836,train
train_29837,train
train_29839,train
train_29842,train
train_29843,train
train_29847,train
train_2985,train
train_29859,train
train_2986,train
train_29865,train
train_29866,train
train_29867,train
train_29868,train
train_2987,train
train_2988,train
train_2989,train
train_29897,train
train_2990,train
train_29905,train
train_29906,train
train_29909,train
train_2991,train
train_29913,train
train_29922,train
train_29923,train
train_29926,train
train_2993,train
train_29930,train
train_29932,train
train_29933,train
train_29937,train
train_29938,train
train_2994,train
train_29944,train
train_29946,train
train_2995,train
train_2996,train
train_29961,train
train_29965,train
train_29967,train
train_2997,train
train_29971,train
train_29972,train
train_29974,train
train_29975,train
train_2998,train
train_29983,train
train_29986,train
train_29987,train
train_29988,train
train_2999,train
train_29998,train
train_29999,train
train_30,train
train_300,train
train_3000,train
train_30002,train
train_30004,train
train_3001,train
train_30012,train
train_30013,train
train_30014,train
train_30015,train
train_30019,train
train_3002,train
train_30020,train
train_30021,train
train_30029,train
train_30033,train
train_30035,train
train_30036,train
train_30038,train
train_3004,train
train_30041,train
train_30046,train
train_3005,train
train_30051,train
train_30052,train
train_3006,train
train_30062,train
train_30067,train
train_3007,train
train_30071,train
train_30074,train
train_30075,train
train_30076,train
train_30077,train
train_30081,train
train_30085,train
train_30088,train
train_3009,train
train_30093,train
train_30098,train
train_30099,train
train_301,train
train_3010,train
train_30100,train
train_30101,train
train_30102,train
train_30103,train
train_30104,train
train_3011,train
train_30110,train
train_30111,train
train_30112,train
train_30113,train
train_30115,train
train_30116,train
train_30117,train
train_3013,train
train_30131,train
train_30136,train
train_30137,train
train_30144,train
train_30145,train
train_3015,train
train_30151,train
train_30152,train
train_30154,train
train_30155,train
train_30159,train
train_3016,train
train_30160,train
train_30165,train
train_30168,train
train_3017,train
train_30173,train
train_30175,train
train_30176,train
train_30181,train
train_30182,train
train_30183,train
train_30186,train
train_30190,train
train_30193,train
train_30194,train
train_30195,train
train_30198,train
train_3020,train
train_30200,train
train_3021,train
train_30217,train
train_3022,train
train_30221,train
train_30226,train
train_30228,train
train_30229,train
train_30233,train
train_30235,train
train_30238,train
train_3024,train
train_30240,train
train_30242,train
train_3025,train
train_30250,train
train_30254,train
train_30258,train
train_30259,train
train_3026,train
train_30263,train
train_30264,train
train_3027,train
train_30271,train
train_30274,train
train_30277,train
train_30278,train
train_3028,train
train_30288,train
train_30293,train
train_30297,train
train_303,train
train_3030,train
train_3031,train
train_30311,train
train_3032,train
train_30323,train
train_30325,train
train_30327,train
train_30329,train
train_3033,train
train_30330,train
train_30332,train
train_30334,train
train_3034,train
train_30343,train
train_3035,train
train_30352,train
train_30355,train
train_3036,train
train_30361,train
train_30365,train
train_3037,train
train_30372,train
train_30374,train
train_3038,train
train_30380,train
train_30382,train
train_30386,train
train_3039,train
train_304,train
train_3040,train
train_30401,train
train_3041,train
train_30411,train
train_30412,train
train_30413,train
train_3042,train
train_30420,train
train_30421,train
train_30429,train
train_3043,train
train_30438,train
train_3044,train
train_30442,train
train_30449,train
train_3045,train
train_30452,train
train_30460,train
train_30462,train
train_30463,train
train_30465,train
train_30466,train
train_30467,train
train_30468,train
train_30469,train
train_3047,train
train_30471,train
train_3048,train
train_30483,train
train_3049,train
train_30490,train
train_30495,train
train_305,train
train_30504,train
train_30509,train
train_3051,train
train_30510,train
train_30514,train
train_3052,train
train_30523,train
train_30525,train
train_30528,train
train_3053,train
train_30530,train
train_30531,train
train_30534,train
train_30536,train
train_30539,train
train_3054,train
train_30540,train
train_30541,train
train_30542,train
train_30547,train
train_30548,train
train_3055,train
train_30550,train
train_30553,train
train_30559,train
train_3056,train
train_30560,train
train_30561,train
train_30562,train
train_30566,train
train_30572,train
train_30573,train
train_30575,train
train_30579,train
train_3058,train
train_30582,train
train_30583,train
train_30585,train
train_30588,train
train_3059,train
train_30594,train
train_306,train
train_3060,train
train_30603,train
train_30604,train
train_30605,train
train_3061,train
train_30614,train
train_30615,train
train_3062,train
train_30621,train
train_30623,train
train_30624,train
train_30625,train
train_30628,train
train_3063,train
train_30631,train
train_30632,train
train_30634,train
train_30636,train
train_30638,train
train_30645,train
train_30646,train
train_30649,train
train_30651,train
train_30656,train
train_30658,train
train_30664,train
train_3067,train
train_30672,train
train_30673,train
train_3068,train
train_30681,train
train_30683,train
train_30684,train
train_30693,train
train_307,train
train_3070,train
train_30700,train
train_30705,train
train_3071,train
train_30710,train
train_30712,train
train_30715,train
train_30716,train
train_30718,train
train_3073,train
train_30730,train
train_30737,train
train_30745,train
train_30749,train
train_3075,train
train_30759,train
train_30760,train
train_30763,train
train_30767,train
train_30768,train
train_3077,train
train_30770,train
train_30772,train
train_30773,train
train_30776,train
train_30778,train
train_30779,train
train_3078,train
train_30781,train
train_30782,train
train_30784,train
train_30785,train
train_3079,train
train_30795,train
train_30798,train
train_30799,train
train_308,train
train_30801,train
train_30804,train
train_30809,train
train_3081,train
train_30818,train
train_30819,train
train_3082,train
train_30822,train
train_30825,train
train_30828,train
train_3083,train
train_30834,train
train_30837,train
train_30842,train
train_30843,train
train_30846,train
train_3085,train
train_30852,train
train_30854,train
train_30855,train
train_30856,train
train_30860,train
train_30863,train
train_3087,train
train_30871,train
train_30872,train
train_3088,train
train_30882,train
train_30883,train
train_30887,train
train_30888,train
train_3089,train
train_30890,train
train_30891,train
train_30894,train
train_309,train
train_3090,train
train_30901,train
train_30903,train
train_30904,train
train_30906,train
train_30908,train
train_30909,train
train_3091,train
train_30914,train
train_30919,train
train_3092,train
train_30926,train
train_3093,train
train_30930,train
train_30933,train
train_30937,train
train_30943,train
train_3095,train
train_30959,train
train_3096,train
train_30964,train
train_30965,train
train_30967,train
train_3097,train
train_30971,train
train_30975,train
train_30977,train
train_3098,train
train_30989,train
train_3099,train
train_30991,train
train_30993,train
train_30997,train
train_30998,train
train_31,train
train_310,train
train_3100,train
train_31003,train
train_3101,train
train_31014,train
train_31015,train
train_31018,train
train_31019,train
train_3102,train
train_31029,train
train_3103,train
train_31032,train
train_3104,train
train_31041,train
train_31048,train
train_31049,train
train_3105,train
train_31057,train
train_3106,train
train_31069,train
train_3107,train
train_31071,train
train_31074,train
train_3108,train
train_31081,train
train_31083,train
train_31087,train
train_31089,train
train_3109,train
train_31094,train
train_31097,train
train_31098,train
train_311,train
train_31104,train
train_31106,train
train_31107,train
train_3111,train
train_31115,train
train_31120,train
train_31122,train
train_31123,train
train_31125,train
train_31126,train
train_31129,train
train_3113,train
train_31135,train
train_31136,train
train_31142,train
train_31146,train
train_31147,train
train_3115,train
train_31153,train
train_31156,train
train_31159,train
train_31162,train
train_31168,train
train_3117,train
train_31171,train
train_3118,train
train_31180,train
train_31182,train
train_31185,train
train_3119,train
train_31190,train
train_31191,train
train_31192,train
train_31196,train
train_31199,train
train_3120,train
train_31200,train
train_31206,train
train_31207,train
train_3121,train
train_31210,train
train_31211,train
train_31213,train
train_31215,train
train_3122,train
train_31228,train
train_3123,train
train_31230,train
train_31233,train
train_31236,train
train_31238,train
train_3124,train
train_31246,train
train_3125,train
train_31253,train
train_31258,train
train_3126,train
train_31260,train
train_31263,train
train_31264,train
train_3127,train
train_31276,train
train_3128,train
train_31280,train
train_31282,train
train_31284,train
train_31287,train
train_31288,train
train_3129,train
train_31294,train
train_31295,train
train_31296,train
train_31299,train
train_313,train
train_3130,train
train_31300,train
train_31305,train
train_31307,train
train_31309,train
train_3131,train
train_31312,train
train_31315,train
train_31316,train
train_3132,train
train_31325,train
train_31326,train
train_3133,train
train_31333,train
train_31337,train
train_31338,train
train_3134,train
train_31340,train
train_31342,train
train_31343,train
train_31348,train
train_31350,train
train_31352,train
train_31356,train
train_3136,train
train_31361,train
train_31365,train
train_31368,train
train_3137,train
train_31372,train
train_31373,train
train_31375,train
train_31380,train
train_31382,train
train_31387,train
train_31388,train
train_31389,train
train_31390,train
train_31395,train
train_31398,train
train_314,train
train_3140,train
train_31401,train
train_31405,train
train_31406,train
train_3141,train
train_31414,train
train_31417,train
train_3142,train
train_31421,train
train_3143,train
train_31430,train
train_31432,train
train_31434,train
train_31436,train
train_3144,train
train_31447,train
train_31449,train
train_3145,train
train_31451,train
train_31452,train
train_31454,train
train_31457,train
train_3146,train
train_31462,train
train_31470,train
train_31471,train
train_31475,train
train_3148,train
train_31481,train
train_31487,train
train_31489,train
train_3149,train
train_31491,train
train_31493,train
train_31496,train
train_31499,train
train_315,train
train_3150,train
train_31505,train
train_31508,train
train_3151,train
train_31514,train
train_31515,train
train_3152,train
train_31521,train
train_31523,train
train_31524,train
train_3153,train
train_31532,train
train_31534,train
train_31535,train
train_31538,train
train_31540,train
train_31541,train
train_31543,train
train_31546,train
train_3155,train
train_31551,train
train_31552,train
train_31554,train
train_31557,train
train_3156,train
train_31563,train
train_31567,train
train_3157,train
train_31570,train
train_31572,train
train_31573,train
train_31577,train
train_31579,train
train_3158,train
train_31580,train
train_31582,train
train_31584,train
train_31588,train
train_3159,train
train_31591,train
train_31594,train
train_31596,train
train_316,train
train_3160,train
train_31600,train
train_31601,train
train_31603,train
train_31604,train
train_31607,train
train_31612,train
train_31617,train
train_31619,train
train_3162,train
train_31620,train
train_31626,train
train_31627,train
train_31629,train
train_3163,train
train_31634,train
train_31635,train
train_31636,train
train_31637,train
train_3164,train
train_31640,train
train_31642,train
train_31644,train
train_31646,train
train_3165,train
train_31650,train
train_31653,train
train_31654,train
train_31657,train
train_3166,train
train_31668,train
train_31669,train
train_3167,train
train_31676,train
train_3168,train
train_31680,train
train_31681,train
train_31682,train
train_31687,train
train_3169,train
train_31690,train
train_31692,train
train_31693,train
train_31694,train
train_31696,train
train_31697,train
train_317,train
train_31700,train
train_31702,train
train_31706,train
train_31707,train
train_3171,train
train_31717,train
train_3173,train
train_31730,train
train_3174,train
train_31742,train
train_31743,train
train_3175,train
train_31750,train
train_31751,train
train_31752,train
train_31757,train
train_3176,train
train_31760,train
train_31761,train
train_31762,train
train_31768,train
train_31772,train
train_31775,train
train_31777,train
train_31779,train
train_31786,train
train_31787,train
train_3179,train
train_31793,train
train_31796,train
train_318,train
train_3180,train
train_31809,train
train_3181,train
train_31812,train
train_3182,train
train_31820,train
train_31821,train
train_31822,train
train_31824,train
train_31828,train
train_3183,train
train_31833,train
train_3184,train
train_31845,train
train_31849,train
train_3185,train
train_31850,train
train_3186,train
train_31862,train
train_31869,train
train_3187,train
train_31870,train
train_31873,train
train_3188,train
train_31880,train
train_31881,train
train_31885,train
train_3189,train
train_31890,train
train_31892,train
train_319,train
train_3190,train
train_31903,train
train_31905,train
train_31909,train
train_31910,train
train_31912,train
train_31914,train
train_31917,train
train_3192,train
train_31920,train
train_31922,train
train_31926,train
train_3193,train
train_31930,train
train_31931,train
train_31934,train
train_31937,train
train_31940,train
train_31943,train
train_31944,train
train_31946,train
train_31949,train
train_31951,train
train_31955,train
train_31958,train
train_3196,train
train_31962,train
train_31965,train
train_31969,train
train_31970,train
train_31980,train
train_31983,train
train_31985,train
train_31987,train
train_31988,train
train_31991,train
train_31993,train
train_31996,train
train_31997,train
train_32,train
train_320,train
train_32002,train
train_3201,train
train_32011,train
train_32016,train
train_32017,train
train_3202,train
train_32022,train
train_32028,train
train_3203,train
train_32033,train
train_32039,train
train_3204,train
train_32043,train
train_32044,train
train_32045,train
train_3205,train
train_32052,train
train_32054,train
train_32057,train
train_3206,train
train_32061,train
train_32067,train
train_3207,train
train_32075,train
train_3208,train
train_32086,train
train_32087,train
train_3209,train
train_32090,train
train_32093,train
train_32096,train
train_32097,train
train_321,train
train_3210,train
train_32100,train
train_32101,train
train_32103,train
train_32107,train
train_3211,train
train_32113,train
train_32116,train
train_32119,train
train_3212,train
train_32120,train
train_32123,train
train_32124,train
train_32127,train
train_3213,train
train_32131,train
train_32132,train
train_32134,train
train_32138,train
train_32141,train
train_32142,train
train_32143,train
train_32146,train
train_32148,train
train_3215,train
train_32150,train
train_32153,train
train_32156,train
train_3216,train
train_32163,train
train_32165,train
train_32167,train
train_3217,train
train_32176,train
train_32179,train
train_3218,train
train_32181,train
train_32182,train
train_32183,train
train_32184,train
train_32188,train
train_32189,train
train_32190,train
train_32191,train
train_32192,train
train_32193,train
train_322,train
train_3220,train
train_32202,train
train_32206,train
train_3221,train
train_32212,train
train_32217,train
train_3222,train
train_32222,train
train_32223,train
train_32225,train
train_32226,train
train_32227,train
train_3223,train
train_32231,train
train_32237,train
train_32238,train
train_3224,train
train_32240,train
train_32241,train
train_32245,train
train_32246,train
train_32250,train
train_32251,train
train_32252,train
train_32255,train
train_3226,train
train_32260,train
train_32264,train
train_32270,train
train_32271,train
train_32272,train
train_3228,train
train_32287,train
train_32296,train
train_323,train
train_32300,train
train_32301,train
train_32302,train
train_32304,train
train_32305,train
train_3231,train
train_32317,train
train_3232,train
train_32326,train
train_3233,train
train_32333,train
train_32338,train
train_3234,train
train_32340,train
train_32342,train
train_32345,train
train_32346,train
train_32349,train
train_3235,train
train_32355,train
train_3236,train
train_32362,train
train_32364,train
train_32366,train
train_32369,train
train_3237,train
train_32370,train
train_32372,train
train_32374,train
train_32375,train
train_3238,train
train_32380,train
train_32389,train
train_3239,train
train_32392,train
train_32395,train
train_32396,train
train_3240,train
train_32400,train
train_32401,train
train_32405,train
train_32406,train
train_32409,train
train_3241,train
train_32410,train
train_32415,train
train_32418,train
train_32421,train
train_32428,train
train_3243,train
train_32431,train
train_32432,train
train_32433,train
train_32434,train
train_32436,train
train_32441,train
train_32446,train
train_3245,train
train_32452,train
train_32453,train
train_3246,train
train_32463,train
train_32465,train
train_32467,train
train_32469,train
train_3247,train
train_32472,train
train_32478,train
train_3248,train
train_32485,train
train_32487,train
train_32492,train
train_32493,train
train_32496,train
train_325,train
train_3250,train
train_3251,train
train_32512,train
train_32514,train
train_32517,train
train_3252,train
train_32524,train
train_32525,train
train_32526,train
train_32529,train
train_3253,train
train_32530,train
train_32532,train
train_32535,train
train_32536,train
train_32537,train
train_3254,train
train_32540,train
train_32547,train
train_32548,train
train_3255,train
train_32553,train
train_3256,train
train_32560,train
train_32564,train
train_32565,train
train_32568,train
train_3257,train
train_32572,train
train_32573,train
train_32575,train
train_32577,train
train_3258,train
train_32581,train
train_32588,train
train_3259,train
train_32590,train
train_32592,train
train_32596,train
train_326,train
train_3260,train
train_32610,train
train_32611,train
train_32613,train
train_32614,train
train_32615,train
train_32616,train
train_32619,train
train_3262,train
train_3263,train
train_32632,train
train_32635,train
train_32640,train
train_32641,train
train_32649,train
train_3265,train
train_32650,train
train_32652,train
train_32655,train
train_32658,train
train_3266,train
train_32663,train
train_32665,train
train_3267,train
train_32671,train
train_32672,train
train_32674,train
train_32677,train
train_32679,train
train_3268,train
train_3269,train
train_32690,train
train_32694,train
train_32697,train
train_32700,train
train_32705,train
train_32706,train
train_32707,train
train_32708,train
train_3271,train
train_32713,train
train_32715,train
train_32717,train
train_32718,train
train_3272,train
train_32725,train
train_32726,train
train_3273,train
train_32732,train
train_32733,train
train_32735,train
train_32738,train
train_3274,train
train_32741,train
train_32744,train
train_32745,train
train_32746,train
train_3275,train
train_32756,train
train_32757,train
train_3276,train
train_32762,train
train_32769,train
train_3277,train
train_32774,train
train_32779,train
train_3278,train
train_32781,train
train_32783,train
train_32784,train
train_32787,train
train_32789,train
train_3279,train
train_32792,train
train_32795,train
train_32801,train
train_32805,train
train_32806,train
train_3281,train
train_32812,train
train_32814,train
train_32815,train
train_32817,train
train_32819,train
train_32820,train
train_32821,train
train_32826,train
train_32830,train
train_32831,train
train_32832,train
train_32833,train
train_32837,train
train_32838,train
train_3284,train
train_32844,train
train_32847,train
train_3285,train
train_32850,train
train_3286,train
train_32862,train
train_32863,train
train_32866,train
train_32867,train
train_32868,train
train_3287,train
train_32874,train
train_32877,train
train_32879,train
train_3288,train
train_32884,train
train_32887,train
train_3289,train
train_32893,train
train_32896,train
train_32903,train
train_32904,train
train_32905,train
train_32906,train
train_32909,train
train_32911,train
train_32912,train
train_32913,train
train_32918,train
train_3292,train
train_32925,train
train_3293,train
train_32930,train
train_32932,train
train_32933,train
train_32935,train
train_3294,train
train_32940,train
train_32942,train
train_32945,train
train_32946,train
train_32947,train
train_3295,train
train_32950,train
train_32952,train
train_32953,train
train_32958,train
train_3296,train
train_32962,train
train_32969,train
train_3297,train
train_32973,train
train_32974,train
train_32975,train
train_32977,train
train_32978,train
train_3298,train
train_32986,train
train_32987,train
train_3299,train
train_32990,train
train_32993,train
train_32994,train
train_32995,train
train_32997,train
train_33,train
train_330,train
train_3300,train
train_33002,train
train_33005,train
train_33008,train
train_33009,train
train_3301,train
train_33011,train
train_33014,train
train_33018,train
train_3302,train
train_33022,train
train_33024,train
train_33025,train
train_3303,train
train_33031,train
train_33032,train
train_33037,train
train_33041,train
train_33043,train
train_33047,train
train_3305,train
train_33050,train
train_33051,train
train_33052,train
train_33053,train
train_33054,train
train_33055,train
train_33065,train
train_33066,train
train_3307,train
train_33070,train
train_33076,train
train_33078,train
train_33079,train
train_3308,train
train_33081,train
train_33084,train
train_3309,train
train_33093,train
train_33094,train
train_331,train
train_3310,train
train_33102,train
train_33105,train
train_33109,train
train_3311,train
train_33113,train
train_33116,train
train_3312,train
train_33125,train
train_33127,train
train_33129,train
train_3313,train
train_33132,train
train_33135,train
train_3314,train
train_33141,train
train_3315,train
train_33151,train
train_33152,train
train_33153,train
train_3316,train
train_33163,train
train_33165,train
train_33166,train
train_3317,train
train_33172,train
train_33179,train
train_3318,train
train_33181,train
train_33184,train
train_33187,train
train_3319,train
train_33191,train
train_33192,train
train_33195,train
train_33199,train
train_33206,train
train_33207,train
train_33208,train
train_3321,train
train_33210,train
train_33214,train
train_33215,train
train_33216,train
train_33218,train
train_3322,train
train_33220,train
train_33224,train
train_33226,train
train_3323,train
train_33232,train
train_33233,train
train_33234,train
train_3324,train
train_33242,train
train_3325,train
train_3326,train
train_33261,train
train_33265,train
train_33266,train
train_3327,train
train_33270,train
train_33271,train
train_33279,train
train_3328,train
train_33282,train
train_33284,train
train_33288,train
train_3329,train
train_33293,train
train_33295,train
train_33296,train
train_33299,train
train_333,train
train_3330,train
train_33303,train
train_33306,train
train_33307,train
train_3331,train
train_33312,train
train_33316,train
train_3332,train
train_33320,train
train_33321,train
train_33322,train
train_3333,train
train_33330,train
train_33333,train
train_33336,train
train_3334,train
train_33340,train
train_33347,train
train_33349,train
train_33351,train
train_33357,train
train_33359,train
train_3336,train
train_33360,train
train_33363,train
train_33364,train
train_33367,train
train_33368,train
train_3337,train
train_33372,train
train_3338,train
train_33381,train
train_33383,train
train_33386,train
train_3339,train
train_33392,train
train_33394,train
train_33399,train
train_334,train
train_3340,train
train_33402,train
train_33405,train
train_33409,train
train_3341,train
train_33410,train
train_33415,train
train_33419,train
train_3342,train
train_33424,train
train_33427,train
train_33429,train
train_3343,train
train_33430,train
train_33433,train
train_33436,train
train_3344,train
train_33442,train
train_33445,train
train_3345,train
train_33453,train
train_3346,train
train_33463,train
train_33464,train
train_33465,train
train_33469,train
train_3347,train
train_33471,train
train_33476,train
train_3348,train
train_33480,train
train_33481,train
train_33482,train
train_33483,train
train_33489,train
train_33498,train
train_33500,train
train_33502,train
train_33504,train
train_33508,train
train_3351,train
train_33514,train
train_33515,train
train_33516,train
train_33518,train
train_33525,train
train_3353,train
train_33530,train
train_33531,train
train_33532,train
train_33533,train
train_33534,train
train_33535,train
train_3354,train
train_33542,train
train_33547,train
train_3355,train
train_33550,train
train_33551,train
train_33554,train
train_33555,train
train_33558,train
train_3356,train
train_33561,train
train_33565,train
train_33567,train
train_3357,train
train_33575,train
train_33578,train
train_33582,train
train_33584,train
train_33594,train
train_33596,train
train_336,train
train_3360,train
train_33600,train
train_33602,train
train_33607,train
train_33608,train
train_3361,train
train_33610,train
train_33614,train
train_33616,train
train_3362,train
train_33620,train
train_33624,train
train_33627,train
train_33628,train
train_33630,train
train_33633,train
train_33639,train
train_3364,train
train_3365,train
train_33650,train
train_33651,train
train_33654,train
train_33657,train
train_33660,train
train_33665,train
train_33667,train
train_33671,train
train_33676,train
train_33677,train
train_33683,train
train_33687,train
train_33693,train
train_33698,train
train_33699,train
train_337,train
train_3370,train
train_33700,train
train_33705,train
train_3371,train
train_33710,train
train_33711,train
train_33712,train
train_3372,train
train_33721,train
train_33726,train
train_33727,train
train_3373,train
train_33730,train
train_33733,train
train_3374,train
train_33742,train
train_33743,train
train_33745,train
train_33749,train
train_3375,train
train_33750,train
train_33751,train
train_33753,train
train_33756,train
train_33757,train
train_33759,train
train_3376,train
train_33761,train
train_33765,train
train_33767,train
train_33768,train
train_33769,train
train_3377,train
train_33774,train
train_33776,train
train_33777,train
train_33779,train
train_33783,train
train_33789,train
train_3379,train
train_33797,train
train_33799,train
train_338,train
train_3380,train
train_33802,train
train_33806,train
train_33807,train
train_33810,train
train_33811,train
train_33815,train
train_33817,train
train_33818,train
train_3382,train
train_33820,train
train_33823,train
train_33824,train
train_33825,train
train_33826,train
train_33829,train
train_3383,train
train_33831,train
train_33832,train
train_33833,train
train_3384,train
train_33841,train
train_33842,train
train_33845,train
train_33846,train
train_33847,train
train_3385,train
train_33851,train
train_33852,train
train_33854,train
train_33855,train
train_33856,train
train_33857,train
train_33865,train
train_3387,train
train_33871,train
train_33875,train
train_3388,train
train_33884,train
train_33885,train
train_33887,train
train_3389,train
train_33890,train
train_33894,train
train_33898,train
train_339,train
train_3390,train
train_33901,train
train_33906,train
train_33909,train
train_3391,train
train_33915,train
train_33916,train
train_33920,train
train_33921,train
train_33923,train
train_33926,train
train_33928,train
train_33929,train
train_3394,train
train_33940,train
train_33946,train
train_3395,train
train_33950,train
train_33958,train
train_3396,train
train_3397,train
train_33972,train
train_33973,train
train_33974,train
train_3398,train
train_33980,train
train_33989,train
train_3399,train
train_33993,train
train_33997,train
train_34,train
train_3400,train
train_34003,train
train_34008,train
train_3401,train
train_34016,train
train_34019,train
train_3402,train
train_34020,train
train_34022,train
train_34026,train
train_34028,train
train_3403,train
train_34031,train
train_34032,train
train_34034,train
train_34035,train
train_3404,train
train_34041,train
train_34042,train
train_34045,train
train_34049,train
train_34052,train
train_34053,train
train_34055,train
train_34058,train
train_3406,train
train_34064,train
train_34065,train
train_3407,train
train_34073,train
train_34074,train
train_34075,train
train_3408,train
train_34081,train
train_34082,train
train_34086,train
train_34089,train
train_3409,train
train_34092,train
train_34098,train
train_341,train
train_3410,train
train_34104,train
train_34108,train
train_3411,train
train_34110,train
train_34112,train
train_3412,train
train_34127,train
train_34129,train
train_3413,train
train_34130,train
train_34132,train
train_34135,train
train_34145,train
train_34147,train
train_3415,train
train_34150,train
train_34154,train
train_34155,train
train_34159,train
train_3416,train
train_34160,train
train_34166,train
train_34168,train
train_34169,train
train_3417,train
train_34170,train
train_34171,train
train_34172,train
train_34177,train
train_34181,train
train_34183,train
train_3419,train
train_34193,train
train_34194,train
train_34195,train
train_34197,train
train_342,train
train_3420,train
train_34202,train
train_34205,train
train_34208,train
train_3421,train
train_34213,train
train_34214,train
train_34217,train
train_3422,train
train_34221,train
train_34222,train
train_3423,train
train_34230,train
train_34232,train
train_34233,train
train_34239,train
train_3424,train
train_34243,train
train_34246,train
train_34247,train
train_3425,train
train_34255,train
train_34256,train
train_34259,train
train_3426,train
train_34261,train
train_34267,train
train_34272,train
train_3428,train
train_34283,train
train_34288,train
train_34289,train
train_343,train
train_34309,train
train_3431,train
train_34313,train
train_3432,train
train_34320,train
train_34322,train
train_34325,train
train_34326,train
train_34328,train
train_3433,train
train_34331,train
train_34332,train
train_34335,train
train_34338,train
train_34339,train
train_3434,train
train_34346,train
train_3435,train
train_34356,train
train_34357,train
train_3436,train
train_34362,train
train_34368,train
train_3437,train
train_34372,train
train_34373,train
train_34374,train
train_34376,train
train_34377,train
train_3438,train
train_34384,train
train_34385,train
train_3439,train
train_34390,train
train_34391,train
train_34392,train
train_34395,train
train_34399,train
train_344,train
train_3440,train
train_34401,train
train_34402,train
train_34404,train
train_34405,train
train_34406,train
train_3441,train
train_34416,train
train_3442,train
train_34421,train
train_34422,train
train_34428,train
train_3443,train
train_34433,train
train_34436,train
train_34438,train
train_3444,train
train_34442,train
train_34446,train
train_3445,train
train_34451,train
train_34452,train
train_34453,train
train_34454,train
train_3446,train
train_34460,train
train_34461,train
train_34463,train
train_34467,train
train_3447,train
train_34472,train
train_34476,train
train_34478,train
train_3448,train
train_34483,train
train_3449,train
train_34490,train
train_34491,train
train_34492,train
train_34493,train
train_34496,train
train_34498,train
train_34499,train
train_345,train
train_3450,train
train_34503,train
train_34507,train
train_34508,train
train_3451,train
train_34518,train
train_3452,train
train_34520,train
train_34536,train
train_3454,train
train_34540,train
train_34541,train
train_34543,train
train_34544,train
train_34547,train
train_3455,train
train_34552,train
train_34557,train
train_3456,train
train_34560,train
train_34565,train
train_34567,train
train_3457,train
train_34573,train
train_34574,train
train_34577,train
train_3458,train
train_34581,train
train_34586,train
train_34588,train
train_34590,train
train_34595,train
train_34597,train
train_34599,train
train_346,train
train_3460,train
train_34601,train
train_34602,train
train_3461,train
train_34610,train
train_34611,train
train_34615,train
train_34617,train
train_34618,train
train_3462,train
train_34627,train
train_34628,train
train_34629,train
train_3463,train
train_34631,train
train_34634,train
train_34636,train
train_3464,train
train_34643,train
train_34644,train
train_34646,train
train_3465,train
train_34655,train
train_34656,train
train_34657,train
train_34658,train
train_34659,train
train_3466,train
train_34663,train
train_34665,train
train_34669,train
train_3467,train
train_34674,train
train_3468,train
train_34681,train
train_34684,train
train_34685,train
train_34687,train
train_3469,train
train_34696,train
train_34697,train
train_347,train
train_3470,train
train_34702,train
train_34710,train
train_34711,train
train_34715,train
train_34719,train
train_3472,train
train_34720,train
train_34726,train
train_34729,train
train_3473,train
train_34734,train
train_34735,train
train_3474,train
train_34744,train
train_34746,train
train_34749,train
train_3475,train
train_34754,train
train_34755,train
train_34757,train
train_3476,train
train_34765,train
train_3477,train
train_34772,train
train_34773,train
train_34777,train
train_34778,train
train_3478,train
train_34780,train
train_34784,train
train_34788,train
train_3479,train
train_34790,train
train_34791,train
train_348,train
train_3480,train
train_34808,train
train_3481,train
train_34816,train
train_34817,train
train_3482,train
train_34820,train
train_34827,train
train_3483,train
train_34835,train
train_34837,train
train_34838,train
train_34839,train
train_34849,train
train_3485,train
train_34850,train
train_34851,train
train_3486,train
train_34867,train
train_34868,train
train_3487,train
train_34871,train
train_34873,train
train_34875,train
train_3488,train
train_34882,train
train_34886,train
train_3489,train
train_34890,train
train_34891,train
train_34895,train
train_34898,train
train_3490,train
train_34903,train
train_34904,train
train_34906,train
train_34909,train
train_3491,train
train_34914,train
train_34923,train
train_34925,train
train_34927,train
train_34928,train
train_3493,train
train_34936,train
train_34937,train
train_3494,train
train_34941,train
train_34944,train
train_34952,train
train_3496,train
train_34960,train
train_34963,train
train_34966,train
train_34968,train
train_34969,train
train_3497,train
train_34976,train
train_34978,train
train_3498,train
train_34981,train
train_34984,train
train_34988,train
train_34989,train
train_3499,train
train_34994,train
train_34997,train
train_34998,train
train_35,train
train_350,train
train_3500,train
train_3501,train
train_3502,train
train_3503,train
train_3505,train
train_3506,train
train_3507,train
train_3508,train
train_3509,train
train_351,train
train_3510,train
train_3511,train
train_3512,train
train_3513,train
train_3514,train
train_3515,train
train_3516,train
train_3517,train
train_3519,train
train_3520,train
train_3521,train
train_3522,train
train_3523,train
train_3524,train
train_3525,train
train_3527,train
train_3528,train
train_3529,train
train_353,train
train_3530,train
train_3531,train
train_3532,train
train_3534,train
train_3536,train
train_3537,train
train_3538,train
train_354,train
train_3541,train
train_3542,train
train_3543,train
train_3544,train
train_3546,train
train_3547,train
train_3548,train
train_3549,train
train_355,train
train_3550,train
train_3552,train
train_3553,train
train_3554,train
train_3555,train
train_3556,train
train_3557,train
train_3558,train
train_3559,train
train_3561,train
train_3563,train
train_3565,train
train_3567,train
train_3568,train
train_3569,train
train_357,train
train_3570,train
train_3571,train
train_3573,train
train_3574,train
train_3575,train
train_3576,train
train_3577,train
train_3578,train
train_358,train
train_3580,train
train_3581,train
train_3584,train
train_3585,train
train_3586,train
train_3588,train
train_3589,train
train_359,train
train_3590,train
train_3591,train
train_3592,train
train_3593,train
train_3594,train
train_3595,train
train_3597,train
train_3598,train
train_36,train
train_360,train
train_3600,train
train_3602,train
train_3603,train
train_3604,train
train_3605,train
train_3606,train
train_3607,train
train_3608,train
train_3609,train
train_361,train
train_3610,train
train_3611,train
train_3612,train
train_3613,train
train_3614,train
train_3615,train
train_3616,train
train_3618,train
train_3619,train
train_362,train
train_3621,train
train_3622,train
train_3623,train
train_3624,train
train_3627,train
train_3629,train
train_363,train
train_3630,train
train_3631,train
train_3632,train
train_3633,train
train_3634,train
train_3635,train
train_3636,train
train_3637,train
train_3639,train
train_364,train
train_3641,train
train_3642,train
train_3644,train
train_3645,train
train_3646,train
train_3648,train
train_3649,train
train_3651,train
train_3654,train
train_3655,train
train_3656,train
train_3659,train
train_366,train
train_3660,train
train_3662,train
train_3663,train
train_3664,train
train_3665,train
train_3666,train
train_3668,train
train_3669,train
train_367,train
train_3670,train
train_3671,train
train_3673,train
train_3674,train
train_3675,train
train_3679,train
train_368,train
train_3680,train
train_3681,train
train_3682,train
train_3683,train
train_3684,train
train_3685,train
train_3687,train
train_3689,train
train_369,train
train_3690,train
train_3691,train
train_3692,train
train_3695,train
train_3696,train
train_3697,train
train_3698,train
train_3699,train
train_37,train
train_370,train
train_3700,train
train_3701,train
train_3702,train
train_3703,train
train_3704,train
train_3705,train
train_3707,train
train_3708,train
train_371,train
train_3710,train
train_3711,train
train_3712,train
train_3714,train
train_3715,train
train_3717,train
train_3718,train
train_3719,train
train_372,train
train_3720,train
train_3722,train
train_3724,train
train_3725,train
train_3726,train
train_3727,train
train_3728,train
train_3729,train
train_373,train
train_3730,train
train_3731,train
train_3732,train
train_3733,train
train_3734,train
train_3735,train
train_3736,train
train_3737,train
train_3738,train
train_3739,train
train_374,train
train_3741,train
train_3742,train
train_3743,train
train_3744,train
train_3745,train
train_3746,train
train_3747,train
train_3748,train
train_3749,train
train_375,train
train_3751,train
train_3752,train
train_3753,train
train_3754,train
train_3758,train
train_3759,train
train_376,train
train_3760,train
train_3761,train
train_3762,train
train_3763,train
train_3764,train
train_3766,train
train_3767,train
train_3768,train
train_3770,train
train_3771,train
train_3772,train
train_3773,train
train_3774,train
train_3775,train
train_3776,train
train_3777,train
train_3778,train
train_3779,train
train_378,train
train_3780,train
train_3781,train
train_3782,train
train_3784,train
train_3787,train
train_3788,train
train_3789,train
train_3791,train
train_3792,train
train_3793,train
train_3794,train
train_3795,train
train_3796,train
train_3797,train
train_3798,train
train_3799,train
train_38,train
train_3800,train
train_3803,train
train_3804,train
train_3805,train
train_3806,train
train_3807,train
train_3808,train
train_3809,train
train_381,train
train_3810,train
train_3811,train
train_3812,train
train_3813,train
train_3815,train
train_3816,train
train_3818,train
train_3819,train
train_3821,train
train_3823,train
train_3825,train
train_3826,train
train_3827,train
train_3828,train
train_3829,train
train_383,train
train_3830,train
train_3831,train
train_3832,train
train_3833,train
train_3834,train
train_3836,train
train_3838,train
train_3839,train
train_3840,train
train_3842,train
train_3844,train
train_3845,train
train_3847,train
train_3849,train
train_385,train
train_3851,train
train_3852,train
train_3853,train
train_3854,train
train_3855,train
train_3856,train
train_3857,train
train_3860,train
train_3861,train
train_3863,train
train_3864,train
train_3865,train
train_3867,train
train_3869,train
train_387,train
train_3870,train
train_3871,train
train_3872,train
train_3875,train
train_3876,train
train_3877,train
train_3878,train
train_3879,train
train_388,train
train_3881,train
train_3884,train
train_3885,train
train_3887,train
train_3888,train
train_3889,train
train_3890,train
train_3891,train
train_3892,train
train_3893,train
train_3895,train
train_3896,train
train_3897,train
train_3899,train
train_3901,train
train_3902,train
train_3903,train
train_3904,train
train_3905,train
train_3906,train
train_3907,train
train_3908,train
train_3909,train
train_391,train
train_3910,train
train_3911,train
train_3913,train
train_3915,train
train_3916,train
train_392,train
train_3923,train
train_3924,train
train_3925,train
train_3926,train
train_3927,train
train_3928,train
train_3929,train
train_393,train
train_3930,train
train_3932,train
train_3933,train
train_3935,train
train_3936,train
train_3937,train
train_3938,train
train_3939,train
train_394,train
train_3941,train
train_3942,train
train_3943,train
train_3944,train
train_3945,train
train_3947,train
train_3949,train
train_3951,train
train_3952,train
train_3953,train
train_3954,train
train_3956,train
train_3957,train
train_3958,train
train_3959,train
train_396,train
train_3960,train
train_3962,train
train_3963,train
train_3964,train
train_3965,train
train_3966,train
train_3967,train
train_3968,train
train_3969,train
train_397,train
train_3970,train
train_3971,train
train_3972,train
train_3973,train
train_3974,train
train_3975,train
train_3976,train
train_3977,train
train_3978,train
train_3979,train
train_398,train
train_3980,train
train_3981,train
train_3982,train
train_3983,train
train_3984,train
train_3986,train
train_3987,train
train_3988,train
train_3989,train
train_399,train
train_3990,train
train_3992,train
train_3993,train
train_3994,train
train_3995,train
train_3996,train
train_3997,train
train_3998,train
train_40,train
train_400,train
train_4000,train
train_4002,train
train_4003,train
train_4005,train
train_4007,train
train_4008,train
train_4009,train
train_4010,train
train_4012,train
train_4013,train
train_4014,train
train_4016,train
train_4017,train
train_4018,train
train_4019,train
train_402,train
train_4020,train
train_4021,train
train_4022,train
train_4023,train
train_4025,train
train_4026,train
train_4027,train
train_4028,train
train_403,train
train_4030,train
train_4031,train
train_4032,train
train_4033,train
train_4034,train
train_4035,train
train_4036,train
train_4037,train
train_4038,train
train_4039,train
train_404,train
train_4040,train
train_4041,train
train_4042,train
train_4043,train
train_4044,train
train_4045,train
train_4046,train
train_4047,train
train_4048,train
train_4049,train
train_405,train
train_4050,train
train_4052,train
train_4053,train
train_4054,train
train_4056,train
train_4057,train
train_4058,train
train_4059,train
train_406,train
train_4060,train
train_4061,train
train_4062,train
train_4063,train
train_4064,train
train_4065,train
train_4066,train
train_4067,train
train_4069,train
train_407,train
train_4070,train
train_4072,train
train_4073,train
train_4074,train
train_4075,train
train_4076,train
train_4079,train
train_408,train
train_4080,train
train_4083,train
train_4084,train
train_4085,train
train_4086,train
train_4087,train
train_4088,train
train_4089,train
train_4090,train
train_4091,train
train_4092,train
train_4093,train
train_4094,train
train_4095,train
train_4096,train
train_4098,train
train_4099,train
train_41,train
train_410,train
train_4100,train
train_4101,train
train_4102,train
train_4103,train
train_4104,train
train_4105,train
train_4106,train
train_4107,train
train_4108,train
train_4109,train
train_411,train
train_4110,train
train_4112,train
train_4113,train
train_4115,train
train_4116,train
train_412,train
train_4120,train
train_4121,train
train_4122,train
train_4123,train
train_4125,train
train_4126,train
train_4127,train
train_4128,train
train_4129,train
train_413,train
train_4131,train
train_4132,train
train_4133,train
train_4134,train
train_4135,train
train_4136,train
train_4137,train
train_4138,train
train_4139,train
train_414,train
train_4140,train
train_4141,train
train_4142,train
train_4143,train
train_4144,train
train_4145,train
train_4146,train
train_4147,train
train_4149,train
train_415,train
train_4150,train
train_4151,train
train_4152,train
train_4153,train
train_4154,train
train_4156,train
train_4158,train
train_4159,train
train_416,train
train_4160,train
train_4161,train
train_4162,train
train_4163,train
train_4164,train
train_4167,train
train_4168,train
train_4169,train
train_417,train
train_4170,train
train_4171,train
train_4172,train
train_4173,train
train_4175,train
train_4176,train
train_4177,train
train_4178,train
train_4179,train
train_418,train
train_4180,train
train_4181,train
train_4182,train
train_4183,train
train_4184,train
train_4185,train
train_4186,train
train_4187,train
train_4188,train
train_4189,train
train_4190,train
train_4191,train
train_4192,train
train_4193,train
train_4195,train
train_4196,train
train_4197,train
train_4198,train
train_4199,train
train_42,train
train_4200,train
train_4201,train
train_4203,train
train_4205,train
train_4206,train
train_4207,train
train_4208,train
train_4209,train
train_421,train
train_4210,train
train_4211,train
train_4212,train
train_4213,train
train_4214,train
train_4215,train
train_4217,train
train_4218,train
train_4219,train
train_4220,train
train_4221,train
train_4222,train
train_4223,train
train_4224,train
train_4225,train
train_4226,train
train_4227,train
train_4229,train
train_423,train
train_4230,train
train_4231,train
train_4232,train
train_4233,train
train_4234,train
train_4235,train
train_4237,train
train_4238,train
train_4239,train
train_424,train
train_4241,train
train_4242,train
train_4243,train
train_4245,train
train_4246,train
train_4247,train
train_4248,train
train_4249,train
train_425,train
train_4250,train
train_4251,train
train_4252,train
train_4253,train
train_4254,train
train_4255,train
train_4256,train
train_4258,train
train_4259,train
train_4260,train
train_4261,train
train_4262,train
train_4263,train
train_4264,train
train_4267,train
train_4268,train
train_4269,train
train_4270,train
train_4272,train
train_4273,train
train_4274,train
train_4275,train
train_4276,train
train_4277,train
train_4278,train
train_4279,train
train_4280,train
train_4281,train
train_4282,train
train_4284,train
train_4285,train
train_4287,train
train_4288,train
train_4289,train
train_4290,train
train_4292,train
train_4293,train
train_4294,train
train_4295,train
train_4296,train
train_4298,train
train_43,train
train_430,train
train_4300,train
train_4301,train
train_4302,train
train_4303,train
train_4304,train
train_4305,train
train_4306,train
train_4307,train
train_4308,train
train_4309,train
train_431,train
train_4310,train
train_4311,train
train_4312,train
train_4315,train
train_4317,train
train_4319,train
train_432,train
train_4320,train
train_4322,train
train_4324,train
train_4325,train
train_4326,train
train_4328,train
train_4329,train
train_433,train
train_4330,train
train_4331,train
train_4332,train
train_4333,train
train_4334,train
train_4335,train
train_4336,train
train_4337,train
train_4339,train
train_434,train
train_4340,train
train_4341,train
train_4342,train
train_4343,train
train_4344,train
train_4347,train
train_435,train
train_4350,train
train_4351,train
train_4352,train
train_4353,train
train_4356,train
train_4358,train
train_4359,train
train_436,train
train_4360,train
train_4361,train
train_4364,train
train_4365,train
train_4366,train
train_4368,train
train_4369,train
train_437,train
train_4370,train
train_4371,train
train_4373,train
train_4374,train
train_4375,train
train_4376,train
train_4377,train
train_4378,train
train_4380,train
train_4383,train
train_4385,train
train_4386,train
train_4388,train
train_4389,train
train_439,train
train_4391,train
train_4392,train
train_4393,train
train_4394,train
train_4395,train
train_4398,train
train_44,train
train_440,train
train_4400,train
train_4401,train
train_4402,train
train_4403,train
train_4404,train
train_4405,train
train_4406,train
train_4409,train
train_441,train
train_4412,train
train_4413,train
train_4414,train
train_4415,train
train_4417,train
train_4419,train
train_442,train
train_4420,train
train_4422,train
train_4423,train
train_4424,train
train_4425,train
train_4428,train
train_4429,train
train_443,train
train_4430,train
train_4431,train
train_4432,train
train_4433,train
train_4434,train
train_4435,train
train_4436,train
train_4437,train
train_4438,train
train_4439,train
train_444,train
train_4440,train
train_4441,train
train_4442,train
train_4443,train
train_4444,train
train_4445,train
train_4446,train
train_4447,train
train_4448,train
train_4449,train
train_445,train
train_4450,train
train_4451,train
train_4452,train
train_4453,train
train_4455,train
train_4456,train
train_4457,train
train_4458,train
train_4459,train
train_446,train
train_4460,train
train_4461,train
train_4462,train
train_4463,train
train_4464,train
train_4465,train
train_4467,train
train_4469,train
train_447,train
train_4470,train
train_4471,train
train_4472,train
train_4473,train
train_4474,train
train_4476,train
train_4477,train
train_4478,train
train_4479,train
train_448,train
train_4480,train
train_4481,train
train_4482,train
train_4483,train
train_4484,train
train_4486,train
train_4487,train
train_4489,train
train_449,train
train_4492,train
train_4493,train
train_4494,train
train_4495,train
train_4496,train
train_4497,train
train_4498,train
train_45,train
train_450,train
train_4500,train
train_4501,train
train_4502,train
train_4503,train
train_4504,train
train_4505,train
train_4507,train
train_4508,train
train_4509,train
train_451,train
train_4510,train
train_4511,train
train_4512,train
train_4513,train
train_4514,train
train_4516,train
train_4517,train
train_4518,train
train_4519,train
train_452,train
train_4520,train
train_4521,train
train_4524,train
train_4525,train
train_4526,train
train_4527,train
train_4528,train
train_4529,train
train_453,train
train_4530,train
train_4531,train
train_4533,train
train_4534,train
train_4536,train
train_4537,train
train_4538,train
train_4539,train
train_454,train
train_4540,train
train_4541,train
train_4542,train
train_4543,train
train_4544,train
train_4545,train
train_4546,train
train_4547,train
train_4548,train
train_4549,train
train_455,train
train_4550,train
train_4551,train
train_4552,train
train_4553,train
train_4555,train
train_4556,train
train_4557,train
train_4558,train
train_4559,train
train_456,train
train_4560,train
train_4561,train
train_4562,train
train_4563,train
train_4564,train
train_4565,train
train_4566,train
train_4569,train
train_457,train
train_4571,train
train_4573,train
train_4574,train
train_4575,train
train_4576,train
train_4577,train
train_4578,train
train_458,train
train_4580,train
train_4581,train
train_4583,train
train_4584,train
train_4585,train
train_4586,train
train_4587,train
train_4588,train
train_4589,train
train_459,train
train_4590,train
train_4591,train
train_4592,train
train_4593,train
train_4594,train
train_4596,train
train_4597,train
train_4598,train
train_4599,train
train_46,train
train_4600,train
train_4603,train
train_4604,train
train_4606,train
train_4607,train
train_4608,train
train_4609,train
train_4610,train
train_4611,train
train_4612,train
train_4613,train
train_4614,train
train_4615,train
train_4616,train
train_4617,train
train_4618,train
train_4619,train
train_462,train
train_4620,train
train_4621,train
train_4622,train
train_4623,train
train_4624,train
train_4626,train
train_4627,train
train_4628,train
train_4629,train
train_463,train
train_4630,train
train_4631,train
train_4632,train
train_4633,train
train_4634,train
train_4635,train
train_4637,train
train_4638,train
train_4639,train
train_464,train
train_4640,train
train_4641,train
train_4642,train
train_4643,train
train_4644,train
train_4645,train
train_4647,train
train_4648,train
train_4649,train
train_465,train
train_4650,train
train_4651,train
train_4652,train
train_4653,train
train_4654,train
train_4655,train
train_4656,train
train_4658,train
train_4659,train
train_466,train
train_4660,train
train_4661,train
train_4662,train
train_4663,train
train_4664,train
train_4665,train
train_4666,train
train_4668,train
train_4670,train
train_4672,train
train_4673,train
train_4674,train
train_4675,train
train_4676,train
train_4677,train
train_4678,train
train_4679,train
train_468,train
train_4680,train
train_4681,train
train_4682,train
train_4683,train
train_4685,train
train_4688,train
train_4689,train
train_469,train
train_4691,train
train_4692,train
train_4693,train
train_4695,train
train_4696,train
train_4698,train
train_4699,train
train_47,train
train_470,train
train_4700,train
train_4701,train
train_4702,train
train_4703,train
train_4704,train
train_4705,train
train_4706,train
train_4707,train
train_4708,train
train_471,train
train_4711,train
train_4712,train
train_4713,train
train_4715,train
train_4716,train
train_4717,train
train_4718,train
train_4721,train
train_4723,train
train_4725,train
train_4726,train
train_4727,train
train_4728,train
train_473,train
train_4730,train
train_4731,train
train_4732,train
train_4733,train
train_4734,train
train_4735,train
train_4736,train
train_4737,train
train_4738,train
train_4739,train
train_474,train
train_4740,train
train_4741,train
train_4742,train
train_4744,train
train_4745,train
train_4746,train
train_4748,train
train_4749,train
train_475,train
train_4751,train
train_4752,train
train_4753,train
train_4754,train
train_4755,train
train_4756,train
train_4758,train
train_4759,train
train_476,train
train_4760,train
train_4762,train
train_4763,train
train_4765,train
train_4766,train
train_4769,train
train_477,train
train_4770,train
train_4771,train
train_4773,train
train_4774,train
train_4775,train
train_4776,train
train_4777,train
train_4778,train
train_4779,train
train_478,train
train_4780,train
train_4781,train
train_4782,train
train_4783,train
train_4784,train
train_4785,train
train_4786,train
train_4787,train
train_4788,train
train_4789,train
train_479,train
train_4790,train
train_4791,train
train_4792,train
train_4793,train
train_4795,train
train_4796,train
train_4797,train
train_4798,train
train_4799,train
train_480,train
train_4801,train
train_4802,train
train_4803,train
train_4804,train
train_4805,train
train_4806,train
train_4808,train
train_4809,train
train_481,train
train_4811,train
train_4812,train
train_4813,train
train_4814,train
train_4817,train
train_4819,train
train_4820,train
train_4821,train
train_4822,train
train_4823,train
train_4825,train
train_4826,train
train_4828,train
train_483,train
train_4831,train
train_4834,train
train_4837,train
train_4838,train
train_4839,train
train_4840,train
train_4842,train
train_4843,train
train_4844,train
train_4845,train
train_4846,train
train_4847,train
train_485,train
train_4850,train
train_4851,train
train_4852,train
train_4853,train
train_4854,train
train_4855,train
train_4856,train
train_4857,train
train_4858,train
train_4859,train
train_486,train
train_4861,train
train_4862,train
train_4864,train
train_4865,train
train_4866,train
train_4867,train
train_4868,train
train_4869,train
train_487,train
train_4870,train
train_4871,train
train_4872,train
train_4873,train
train_4874,train
train_4875,train
train_4876,train
train_4877,train
train_4879,train
train_488,train
train_4880,train
train_4881,train
train_4882,train
train_4883,train
train_4884,train
train_4885,train
train_4886,train
train_4887,train
train_4888,train
train_4889,train
train_489,train
train_4890,train
train_4891,train
train_4893,train
train_4894,train
train_4896,train
train_4897,train
train_4898,train
train_4899,train
train_49,train
train_490,train
train_4900,train
train_4901,train
train_4902,train
train_4904,train
train_4905,train
train_4906,train
train_4907,train
train_4908,train
train_491,train
train_4912,train
train_4913,train
train_4914,train
train_4915,train
train_4916,train
train_4917,train
train_4918,train
train_4919,train
train_492,train
train_4921,train
train_4923,train
train_4924,train
train_4926,train
train_4927,train
train_4930,train
train_4931,train
train_4932,train
train_4933,train
train_4934,train
train_4935,train
train_4936,train
train_4937,train
train_4938,train
train_494,train
train_4940,train
train_4941,train
train_4942,train
train_4943,train
train_4944,train
train_4947,train
train_4948,train
train_4949,train
train_4950,train
train_4952,train
train_4953,train
train_4954,train
train_4955,train
train_4956,train
train_4957,train
train_4958,train
train_496,train
train_4960,train
train_4961,train
train_4962,train
train_4963,train
train_4964,train
train_4965,train
train_4966,train
train_4967,train
train_4968,train
train_4969,train
train_497,train
train_4970,train
train_4971,train
train_4972,train
train_4973,train
train_4974,train
train_4975,train
train_4977,train
train_4978,train
train_4979,train
train_498,train
train_4980,train
train_4981,train
train_4983,train
train_4984,train
train_4985,train
train_4987,train
train_4988,train
train_4989,train
train_4990,train
train_4991,train
train_4993,train
train_4994,train
train_4995,train
train_4997,train
train_4998,train
train_4999,train
train_500,train
train_5000,train
train_5002,train
train_5003,train
train_5004,train
train_5005,train
train_5006,train
train_5007,train
train_5009,train
train_5010,train
train_5011,train
train_5013,train
train_5014,train
train_5016,train
train_5017,train
train_5018,train
train_5019,train
train_502,train
train_5020,train
train_5021,train
train_5022,train
train_5023,train
train_5024,train
train_5026,train
train_5027,train
train_5028,train
train_5029,train
train_503,train
train_5030,train
train_5032,train
train_5033,train
train_5034,train
train_5035,train
train_5036,train
train_5037,train
train_5038,train
train_504,train
train_5040,train
train_5041,train
train_5042,train
train_5043,train
train_5044,train
train_5045,train
train_5046,train
train_5048,train
train_505,train
train_5050,train
train_5051,train
train_5052,train
train_5054,train
train_5055,train
train_5056,train
train_5057,train
train_5058,train
train_5059,train
train_506,train
train_5061,train
train_5062,train
train_5063,train
train_5064,train
train_5066,train
train_5067,train
train_5068,train
train_5069,train
train_5070,train
train_5071,train
train_5072,train
train_5073,train
train_5074,train
train_5076,train
train_5077,train
train_5078,train
train_5079,train
train_508,train
train_5080,train
train_5081,train
train_5082,train
train_5084,train
train_5085,train
train_5086,train
train_5087,train
train_5088,train
train_5089,train
train_509,train
train_5090,train
train_5092,train
train_5093,train
train_5095,train
train_5096,train
train_5097,train
train_5098,train
train_51,train
train_510,train
train_5100,train
train_5101,train
train_5102,train
train_5103,train
train_5104,train
train_5105,train
train_5106,train
train_5108,train
train_5109,train
train_5111,train
train_5112,train
train_5114,train
train_5115,train
train_5118,train
train_5119,train
train_512,train
train_5120,train
train_5121,train
train_5122,train
train_5123,train
train_5124,train
train_5126,train
train_5127,train
train_5129,train
train_513,train
train_5131,train
train_5132,train
train_5133,train
train_5134,train
train_5135,train
train_5136,train
train_5137,train
train_5138,train
train_514,train
train_5140,train
train_5141,train
train_5142,train
train_5143,train
train_5145,train
train_5146,train
train_5148,train
train_515,train
train_5150,train
train_5151,train
train_5152,train
train_5154,train
train_5156,train
train_5157,train
train_5158,train
train_5159,train
train_516,train
train_5160,train
train_5161,train
train_5162,train
train_5164,train
train_5165,train
train_5166,train
train_5167,train
train_5168,train
train_5169,train
train_517,train
train_5170,train
train_5171,train
train_5172,train
train_5173,train
train_5177,train
train_5178,train
train_5179,train
train_5181,train
train_5182,train
train_5185,train
train_5186,train
train_5187,train
train_5188,train
train_5189,train
train_519,train
train_5190,train
train_5191,train
train_5192,train
train_5193,train
train_5195,train
train_5197,train
train_5198,train
train_5199,train
train_52,train
train_520,train
train_5201,train
train_5203,train
train_5204,train
train_5205,train
train_5206,train
train_5208,train
train_5209,train
train_521,train
train_5210,train
train_5211,train
train_5212,train
train_5213,train
train_5214,train
train_5215,train
train_5216,train
train_5218,train
train_5219,train
train_522,train
train_5220,train
train_5222,train
train_5223,train
train_5224,train
train_5225,train
train_5227,train
train_5228,train
train_523,train
train_5230,train
train_5232,train
train_5233,train
train_5234,train
train_5235,train
train_5236,train
train_5237,train
train_5238,train
train_5239,train
train_524,train
train_5240,train
train_5241,train
train_5244,train
train_5245,train
train_5246,train
train_5247,train
train_5248,train
train_5249,train
train_525,train
train_5250,train
train_5251,train
train_5252,train
train_5253,train
train_5254,train
train_5255,train
train_5256,train
train_5257,train
train_5258,train
train_526,train
train_5260,train
train_5261,train
train_5262,train
train_5263,train
train_5265,train
train_5266,train
train_5267,train
train_5268,train
train_5269,train
train_527,train
train_5270,train
train_5271,train
train_5272,train
train_5275,train
train_5276,train
train_5277,train
train_5278,train
train_5279,train
train_528,train
train_5280,train
train_5282,train
train_5283,train
train_5284,train
train_5285,train
train_5286,train
train_5287,train
train_5289,train
train_529,train
train_5290,train
train_5291,train
train_5292,train
train_5293,train
train_5294,train
train_5295,train
train_5296,train
train_5298,train
train_5299,train
train_53,train
train_530,train
train_5300,train
train_5301,train
train_5302,train
train_5303,train
train_5304,train
train_5305,train
train_5306,train
train_5307,train
train_5308,train
train_5309,train
train_531,train
train_5311,train
train_5313,train
train_5314,train
train_5315,train
train_5316,train
train_5321,train
train_5323,train
train_5325,train
train_5326,train
train_5327,train
train_5329,train
train_533,train
train_5330,train
train_5331,train
train_5333,train
train_5334,train
train_5335,train
train_5336,train
train_5337,train
train_5338,train
train_5339,train
train_5341,train
train_5342,train
train_5343,train
train_5345,train
train_5346,train
train_5347,train
train_5348,train
train_5349,train
train_535,train
train_5350,train
train_5351,train
train_5352,train
train_5353,train
train_5354,train
train_5357,train
train_5358,train
train_536,train
train_5360,train
train_5362,train
train_5363,train
train_5364,train
train_5365,train
train_5366,train
train_5367,train
train_5368,train
train_5369,train
train_537,train
train_5370,train
train_5371,train
train_5373,train
train_5374,train
train_5375,train
train_5376,train
train_5377,train
train_5378,train
train_5379,train
train_538,train
train_5380,train
train_5381,train
train_5382,train
train_5383,train
train_5384,train
train_5385,train
train_5387,train
train_5388,train
train_5389,train
train_539,train
train_5390,train
train_5391,train
train_5392,train
train_5397,train
train_5398,train
train_5399,train
train_54,train
train_540,train
train_5400,train
train_5401,train
train_5402,train
train_5403,train
train_5404,train
train_5405,train
train_5406,train
train_541,train
train_5411,train
train_5412,train
train_5413,train
train_5414,train
train_5415,train
train_5416,train
train_5417,train
train_5419,train
train_542,train
train_5420,train
train_5421,train
train_5422,train
train_5423,train
train_5426,train
train_5427,train
train_5428,train
train_543,train
train_5430,train
train_5432,train
train_5433,train
train_5435,train
train_5436,train
train_5437,train
train_5438,train
train_544,train
train_5440,train
train_5441,train
train_5442,train
train_5443,train
train_5444,train
train_5445,train
train_5449,train
train_545,train
train_5451,train
train_5452,train
train_5453,train
train_5454,train
train_5455,train
train_5457,train
train_5458,train
train_546,train
train_5461,train
train_5462,train
train_5464,train
train_5465,train
train_5466,train
train_5467,train
train_5469,train
train_5470,train
train_5472,train
train_5474,train
train_5475,train
train_5476,train
train_5477,train
train_5478,train
train_548,train
train_5480,train
train_5481,train
train_5482,train
train_5483,train
train_5484,train
train_5485,train
train_5488,train
train_5489,train
train_5492,train
train_5493,train
train_5494,train
train_5495,train
train_5496,train
train_5499,train
train_55,train
train_550,train
train_5500,train
train_5501,train
train_5502,train
train_5503,train
train_5504,train
train_5505,train
train_5507,train
train_5508,train
train_5509,train
train_5510,train
train_5511,train
train_5512,train
train_5513,train
train_5514,train
train_5515,train
train_5519,train
train_552,train
train_5520,train
train_5521,train
train_5522,train
train_5523,train
train_5524,train
train_5525,train
train_5526,train
train_5529,train
train_553,train
train_5530,train
train_5532,train
train_5533,train
train_5534,train
train_5535,train
train_5536,train
train_5538,train
train_554,train
train_5540,train
train_5541,train
train_5542,train
train_5543,train
train_5545,train
train_5547,train
train_5548,train
train_5549,train
train_5551,train
train_5552,train
train_5554,train
train_5555,train
train_5556,train
train_5557,train
train_5558,train
train_5559,train
train_556,train
train_5560,train
train_5562,train
train_5565,train
train_5566,train
train_5567,train
train_5568,train
train_5569,train
train_557,train
train_5570,train
train_5571,train
train_5572,train
train_5573,train
train_5574,train
train_5575,train
train_5576,train
train_5577,train
train_5578,train
train_5579,train
train_558,train
train_5580,train
train_5581,train
train_5582,train
train_5583,train
train_5584,train
train_5588,train
train_5589,train
train_559,train
train_5590,train
train_5591,train
train_5592,train
train_5593,train
train_5594,train
train_5595,train
train_5597,train
train_56,train
train_560,train
train_5600,train
train_5601,train
train_5602,train
train_5604,train
train_5605,train
train_5606,train
train_5607,train
train_5608,train
train_5609,train
train_5611,train
train_5612,train
train_5613,train
train_5614,train
train_5616,train
train_5617,train
train_5618,train
train_5621,train
train_5622,train
train_5623,train
train_5624,train
train_5625,train
train_5626,train
train_5627,train
train_563,train
train_5631,train
train_5632,train
train_5633,train
train_5634,train
train_5635,train
train_5636,train
train_5637,train
train_5638,train
train_5639,train
train_564,train
train_5641,train
train_5642,train
train_5645,train
train_5646,train
train_5648,train
train_5649,train
train_565,train
train_5650,train
train_5651,train
train_5653,train
train_5654,train
train_5655,train
train_5656,train
train_5657,train
train_5658,train
train_5659,train
train_566,train
train_5660,train
train_5661,train
train_5663,train
train_5664,train
train_5665,train
train_5666,train
train_5667,train
train_5668,train
train_5669,train
train_567,train
train_5670,train
train_5671,train
train_5672,train
train_5673,train
train_5675,train
train_5676,train
train_5677,train
train_5678,train
train_5679,train
train_5680,train
train_5681,train
train_5683,train
train_5684,train
train_5686,train
train_5687,train
train_5689,train
train_569,train
train_5690,train
train_5691,train
train_5692,train
train_5694,train
train_5695,train
train_5696,train
train_5697,train
train_5698,train
train_57,train
train_570,train
train_5702,train
train_5703,train
train_5704,train
train_5705,train
train_5706,train
train_5707,train
train_5708,train
train_5709,train
train_571,train
train_5710,train
train_5711,train
train_5713,train
train_5714,train
train_5715,train
train_5716,train
train_5718,train
train_5720,train
train_5722,train
train_5723,train
train_5725,train
train_5727,train
train_5728,train
train_573,train
train_5730,train
train_5731,train
train_5732,train
train_5733,train
train_5735,train
train_5736,train
train_5737,train
train_5738,train
train_5739,train
train_574,train
train_5741,train
train_5742,train
train_5743,train
train_5744,train
train_5745,train
train_5746,train
train_5747,train
train_5748,train
train_575,train
train_5750,train
train_5751,train
train_5752,train
train_5753,train
train_5756,train
train_5759,train
train_5760,train
train_5761,train
train_5762,train
train_5763,train
train_5764,train
train_5765,train
train_5767,train
train_5768,train
train_5769,train
train_577,train
train_5770,train
train_5772,train
train_5773,train
train_5775,train
train_5777,train
train_5780,train
train_5781,train
train_5782,train
train_5783,train
train_5784,train
train_5785,train
train_5787,train
train_5788,train
train_5789,train
train_579,train
train_5790,train
train_5791,train
train_5792,train
train_5793,train
train_5794,train
train_5795,train
train_5796,train
train_5798,train
train_5799,train
train_58,train
train_580,train
train_5800,train
train_5801,train
train_5802,train
train_5803,train
train_5804,train
train_5806,train
train_5807,train
train_5808,train
train_5809,train
train_581,train
train_5810,train
train_5811,train
train_5814,train
train_5815,train
train_5816,train
train_5817,train
train_5818,train
train_5819,train
train_582,train
train_5820,train
train_5822,train
train_5824,train
train_5825,train
train_5826,train
train_5827,train
train_5828,train
train_5829,train
train_583,train
train_5830,train
train_5831,train
train_5832,train
train_5833,train
train_5834,train
train_5837,train
train_5838,train
train_5839,train
train_5840,train
train_5843,train
train_5844,train
train_5846,train
train_5848,train
train_5849,train
train_585,train
train_5850,train
train_5851,train
train_5852,train
train_5853,train
train_5854,train
train_5855,train
train_5856,train
train_5857,train
train_5858,train
train_586,train
train_5860,train
train_5861,train
train_5862,train
train_5865,train
train_5866,train
train_5867,train
train_5868,train
train_5869,train
train_5870,train
train_5871,train
train_5872,train
train_5873,train
train_5874,train
train_5875,train
train_5876,train
train_5877,train
train_5878,train
train_5879,train
train_588,train
train_5882,train
train_5883,train
train_5885,train
train_5887,train
train_5888,train
train_5889,train
train_5890,train
train_5891,train
train_5892,train
train_5893,train
train_5896,train
train_5897,train
train_5898,train
train_5899,train
train_59,train
train_5900,train
train_5901,train
train_5902,train
train_5903,train
train_5904,train
train_5905,train
train_5906,train
train_5907,train
train_5908,train
train_5909,train
train_591,train
train_5911,train
train_5912,train
train_5914,train
train_5915,train
train_5917,train
train_5918,train
train_5919,train
train_592,train
train_5920,train
train_5921,train
train_5922,train
train_5924,train
train_5926,train
train_5928,train
train_5931,train
train_5932,train
train_5933,train
train_5935,train
train_5938,train
train_594,train
train_5940,train
train_5941,train
train_5943,train
train_5944,train
train_5945,train
train_5946,train
train_5947,train
train_5948,train
train_595,train
train_5950,train
train_5951,train
train_5954,train
train_5955,train
train_5956,train
train_5957,train
train_5958,train
train_5959,train
train_596,train
train_5962,train
train_5963,train
train_5964,train
train_5965,train
train_5967,train
train_5968,train
train_5969,train
train_5970,train
train_5971,train
train_5972,train
train_5973,train
train_5974,train
train_5975,train
train_5976,train
train_5979,train
train_5980,train
train_5981,train
train_5982,train
train_5983,train
train_5984,train
train_5986,train
train_5987,train
train_599,train
train_5990,train
train_5991,train
train_5993,train
train_5994,train
train_5995,train
train_5996,train
train_5999,train
train_6,train
train_60,train
train_600,train
train_6000,train
train_6001,train
train_6002,train
train_6003,train
train_6004,train
train_6005,train
train_6006,train
train_6008,train
train_601,train
train_6010,train
train_6012,train
train_6013,train
train_6015,train
train_6016,train
train_6018,train
train_6019,train
train_602,train
train_6020,train
train_6022,train
train_6023,train
train_6025,train
train_6026,train
train_6027,train
train_6028,train
train_6029,train
train_603,train
train_6030,train
train_6031,train
train_6032,train
train_6033,train
train_6034,train
train_6035,train
train_6036,train
train_6037,train
train_6038,train
train_6039,train
train_604,train
train_6040,train
train_6041,train
train_6042,train
train_6043,train
train_6044,train
train_6045,train
train_6046,train
train_6047,train
train_6048,train
train_6049,train
train_605,train
train_6051,train
train_6053,train
train_6054,train
train_6055,train
train_6056,train
train_6057,train
train_6058,train
train_6059,train
train_6060,train
train_6062,train
train_6064,train
train_6065,train
train_6066,train
train_6067,train
train_6068,train
train_6069,train
train_607,train
train_6070,train
train_6071,train
train_6072,train
train_6073,train
train_6074,train
train_6077,train
train_6078,train
train_6079,train
train_608,train
train_6080,train
train_6081,train
train_6082,train
train_6083,train
train_6084,train
train_6086,train
train_6087,train
train_6088,train
train_6089,train
train_609,train
train_6091,train
train_6092,train
train_6093,train
train_6094,train
train_6095,train
train_6096,train
train_6097,train
train_6098,train
train_6099,train
train_61,train
train_610,train
train_6100,train
train_6101,train
train_6102,train
train_6104,train
train_6106,train
train_6108,train
train_6109,train
train_611,train
train_6110,train
train_6111,train
train_6112,train
train_6114,train
train_6116,train
train_6117,train
train_6118,train
train_612,train
train_6120,train
train_6121,train
train_6122,train
train_6123,train
train_6124,train
train_6126,train
train_6127,train
train_6128,train
train_6129,train
train_613,train
train_6131,train
train_6132,train
train_6133,train
train_6134,train
train_6135,train
train_6136,train
train_6137,train
train_6138,train
train_6139,train
train_614,train
train_6141,train
train_6143,train
train_6144,train
train_6145,train
train_6146,train
train_6147,train
train_6148,train
train_615,train
train_6150,train
train_6151,train
train_6152,train
train_6153,train
train_6154,train
train_6155,train
train_6156,train
train_6157,train
train_6158,train
train_6159,train
train_616,train
train_6161,train
train_6163,train
train_6164,train
train_6166,train
train_6168,train
train_6169,train
train_617,train
train_6171,train
train_6172,train
train_6173,train
train_6175,train
train_6176,train
train_6177,train
train_6178,train
train_6179,train
train_6180,train
train_6181,train
train_6182,train
train_6183,train
train_6184,train
train_6185,train
train_6187,train
train_6188,train
train_6189,train
train_619,train
train_6190,train
train_6191,train
train_6192,train
train_6193,train
train_6194,train
train_6195,train
train_6197,train
train_6198,train
train_62,train
train_6200,train
train_6201,train
train_6202,train
train_6203,train
train_6204,train
train_6205,train
train_6206,train
train_6207,train
train_6209,train
train_621,train
train_6210,train
train_6212,train
train_6213,train
train_6214,train
train_6215,train
train_6216,train
train_6217,train
train_6218,train
train_6219,train
train_6220,train
train_6221,train
train_6223,train
train_6224,train
train_6226,train
train_6227,train
train_6228,train
train_6229,train
train_623,train
train_6230,train
train_6231,train
train_6232,train
train_6233,train
train_6234,train
train_6235,train
train_6236,train
train_6237,train
train_6238,train
train_6239,train
train_624,train
train_6241,train
train_6242,train
train_6243,train
train_6244,train
train_6247,train
train_6249,train
train_625,train
train_6251,train
train_6253,train
train_6255,train
train_6256,train
train_6257,train
train_626,train
train_6260,train
train_6261,train
train_6262,train
train_6264,train
train_6265,train
train_6266,train
train_6267,train
train_6268,train
train_6269,train
train_627,train
train_6271,train
train_6272,train
train_6273,train
train_6274,train
train_6275,train
train_6276,train
train_6277,train
train_6278,train
train_6279,train
train_628,train
train_6280,train
train_6281,train
train_6282,train
train_6284,train
train_6285,train
train_6286,train
train_6287,train
train_6288,train
train_6289,train
train_629,train
train_6290,train
train_6291,train
train_6292,train
train_6293,train
train_6294,train
train_6296,train
train_6297,train
train_6298,train
train_6299,train
train_63,train
train_630,train
train_6300,train
train_6302,train
train_6303,train
train_6304,train
train_6306,train
train_6307,train
train_6308,train
train_6309,train
train_631,train
train_6310,train
train_6311,train
train_6312,train
train_6313,train
train_6314,train
train_6315,train
train_6316,train
train_6318,train
train_632,train
train_6320,train
train_6321,train
train_6322,train
train_6324,train
train_6325,train
train_6326,train
train_6327,train
train_6329,train
train_633,train
train_6330,train
train_6331,train
train_6332,train
train_6333,train
train_6334,train
train_6336,train
train_6337,train
train_6338,train
train_634,train
train_6340,train
train_6341,train
train_6342,train
train_6343,train
train_6344,train
train_6346,train
train_6347,train
train_6348,train
train_635,train
train_6350,train
train_6351,train
train_6352,train
train_6353,train
train_6355,train
train_6356,train
train_6357,train
train_6358,train
train_6359,train
train_636,train
train_6361,train
train_6362,train
train_6363,train
train_6364,train
train_6365,train
train_6366,train
train_6367,train
train_6368,train
train_6369,train
train_637,train
train_6370,train
train_6372,train
train_6373,train
train_6375,train
train_6376,train
train_6377,train
train_6378,train
train_6379,train
train_638,train
train_6380,train
train_6384,train
train_6385,train
train_6386,train
train_6387,train
train_6388,train
train_6389,train
train_639,train
train_6390,train
train_6391,train
train_6393,train
train_6394,train
train_6395,train
train_6396,train
train_6397,train
train_6399,train
train_640,train
train_6400,train
train_6401,train
train_6402,train
train_6403,train
train_6404,train
train_6406,train
train_6408,train
train_6409,train
train_6412,train
train_6413,train
train_6414,train
train_6415,train
train_6416,train
train_6417,train
train_6418,train
train_6419,train
train_642,train
train_6420,train
train_6421,train
train_6422,train
train_6423,train
train_6424,train
train_6425,train
train_6427,train
train_6428,train
train_6429,train
train_643,train
train_6431,train
train_6432,train
train_6433,train
train_6434,train
train_6436,train
train_6437,train
train_6438,train
train_6439,train
train_644,train
train_6440,train
train_6442,train
train_6443,train
train_6444,train
train_6445,train
train_6446,train
train_6447,train
train_6448,train
train_645,train
train_6450,train
train_6451,train
train_6453,train
train_6454,train
train_6455,train
train_6457,train
train_6458,train
train_6459,train
train_646,train
train_6460,train
train_6461,train
train_6464,train
train_6466,train
train_6467,train
train_6468,train
train_6469,train
train_647,train
train_6470,train
train_6471,train
train_6473,train
train_6474,train
train_6475,train
train_6476,train
train_6477,train
train_6478,train
train_6479,train
train_6481,train
train_6482,train
train_6483,train
train_6484,train
train_6485,train
train_6486,train
train_6487,train
train_6488,train
train_6489,train
train_649,train
train_6490,train
train_6491,train
train_6492,train
train_6493,train
train_6494,train
train_6495,train
train_6496,train
train_6497,train
train_6498,train
train_6499,train
train_65,train
train_650,train
train_6500,train
train_6501,train
train_6503,train
train_6504,train
train_6505,train
train_6506,train
train_6508,train
train_651,train
train_6510,train
train_6512,train
train_6513,train
train_6514,train
train_6516,train
train_6518,train
train_6519,train
train_652,train
train_6520,train
train_6521,train
train_6522,train
train_6523,train
train_6526,train
train_6528,train
train_6529,train
train_653,train
train_6532,train
train_6534,train
train_6535,train
train_6536,train
train_6537,train
train_6538,train
train_6539,train
train_6540,train
train_6542,train
train_6544,train
train_6545,train
train_6546,train
train_6547,train
train_6549,train
train_655,train
train_6550,train
train_6551,train
train_6552,train
train_6553,train
train_6554,train
train_6555,train
train_6556,train
train_6557,train
train_6559,train
train_656,train
train_6560,train
train_6561,train
train_6562,train
train_6563,train
train_6564,train
train_6565,train
train_6567,train
train_6568,train
train_6569,train
train_657,train
train_6570,train
train_6571,train
train_6572,train
train_6573,train
train_6574,train
train_6575,train
train_6576,train
train_6577,train
train_6578,train
train_6579,train
train_658,train
train_6580,train
train_6581,train
train_6582,train
train_6583,train
train_6584,train
train_6585,train
train_6588,train
train_6589,train
train_659,train
train_6590,train
train_6591,train
train_6592,train
train_6593,train
train_6594,train
train_6595,train
train_6597,train
train_6598,train
train_6599,train
train_66,train
train_6600,train
train_6601,train
train_6602,train
train_6603,train
train_6604,train
train_6606,train
train_6607,train
train_6608,train
train_6609,train
train_661,train
train_6610,train
train_6611,train
train_6612,train
train_6614,train
train_6615,train
train_6616,train
train_6617,train
train_6618,train
train_6619,train
train_6620,train
train_6621,train
train_6622,train
train_6623,train
train_6624,train
train_6625,train
train_6626,train
train_6627,train
train_6629,train
train_663,train
train_6630,train
train_6631,train
train_6633,train
train_6635,train
train_6637,train
train_6638,train
train_6639,train
train_664,train
train_6640,train
train_6641,train
train_6642,train
train_6643,train
train_6644,train
train_6645,train
train_6646,train
train_6647,train
train_6648,train
train_6649,train
train_665,train
train_6650,train
train_6651,train
train_6652,train
train_6654,train
train_6655,train
train_6656,train
train_6657,train
train_6658,train
train_6659,train
train_666,train
train_6660,train
train_6661,train
train_6662,train
train_6663,train
train_6665,train
train_6666,train
train_6667,train
train_6668,train
train_6669,train
train_667,train
train_6673,train
train_6675,train
train_6677,train
train_6678,train
train_6679,train
train_668,train
train_6680,train
train_6681,train
train_6682,train
train_6684,train
train_6685,train
train_6687,train
train_6689,train
train_669,train
train_6690,train
train_6691,train
train_6692,train
train_6695,train
train_6696,train
train_6698,train
train_6699,train
train_67,train
train_670,train
train_6700,train
train_6701,train
train_6702,train
train_6703,train
train_6704,train
train_6705,train
train_6706,train
train_6707,train
train_6709,train
train_671,train
train_6710,train
train_6711,train
train_6712,train
train_6713,train
train_6714,train
train_6715,train
train_6716,train
train_6717,train
train_6718,train
train_6719,train
train_672,train
train_6720,train
train_6721,train
train_6722,train
train_6723,train
train_6724,train
train_6725,train
train_6727,train
train_6728,train
train_6729,train
train_673,train
train_6730,train
train_6731,train
train_6732,train
train_6733,train
train_6734,train
train_6735,train
train_6737,train
train_6738,train
train_6739,train
train_674,train
train_6740,train
train_6741,train
train_6742,train
train_6743,train
train_6744,train
train_6745,train
train_6746,train
train_6747,train
train_6748,train
train_675,train
train_6751,train
train_6752,train
train_6753,train
train_6754,train
train_6755,train
train_6756,train
train_6757,train
train_6758,train
train_6759,train
train_676,train
train_6761,train
train_6762,train
train_6764,train
train_6765,train
train_6766,train
train_6767,train
train_6768,train
train_6769,train
train_677,train
train_6770,train
train_6771,train
train_6772,train
train_6773,train
train_6774,train
train_6776,train
train_6777,train
train_6778,train
train_678,train
train_6780,train
train_6781,train
train_6784,train
train_6785,train
train_6787,train
train_6788,train
train_6789,train
train_679,train
train_6791,train
train_6792,train
train_6793,train
train_6794,train
train_6795,train
train_6796,train
train_6797,train
train_6798,train
train_6799,train
train_68,train
train_680,train
train_6802,train
train_6803,train
train_6804,train
train_6805,train
train_6807,train
train_6808,train
train_6809,train
train_681,train
train_6810,train
train_6811,train
train_6812,train
train_6813,train
train_6814,train
train_6816,train
train_6817,train
train_6818,train
train_6819,train
train_682,train
train_6820,train
train_6821,train
train_6822,train
train_6823,train
train_6824,train
train_6825,train
train_6826,train
train_6827,train
train_6828,train
train_683,train
train_6830,train
train_6831,train
train_6832,train
train_6833,train
train_6834,train
train_6835,train
train_6836,train
train_6837,train
train_6838,train
train_6840,train
train_6841,train
train_6842,train
train_6843,train
train_6844,train
train_6845,train
train_6846,train
train_6847,train
train_6849,train
train_685,train
train_6850,train
train_6852,train
train_6853,train
train_6855,train
train_6857,train
train_6858,train
train_686,train
train_6860,train
train_6861,train
train_6862,train
train_6863,train
train_6864,train
train_6865,train
train_6869,train
train_687,train
train_6870,train
train_6871,train
train_6872,train
train_6873,train
train_6875,train
train_6877,train
train_6878,train
train_6879,train
train_688,train
train_6880,train
train_6881,train
train_6882,train
train_6883,train
train_6884,train
train_6885,train
train_6889,train
train_6890,train
train_6891,train
train_6892,train
train_6893,train
train_6894,train
train_6895,train
train_6896,train
train_6897,train
train_6899,train
train_69,train
train_690,train
train_6900,train
train_6902,train
train_6903,train
train_6904,train
train_6905,train
train_6906,train
train_6909,train
train_691,train
train_6910,train
train_6911,train
train_6912,train
train_6914,train
train_6915,train
train_6916,train
train_6917,train
train_6918,train
train_6919,train
train_692,train
train_6920,train
train_6921,train
train_6922,train
train_6923,train
train_6924,train
train_6925,train
train_6926,train
train_6927,train
train_6928,train
train_6929,train
train_693,train
train_6930,train
train_6931,train
train_6932,train
train_6933,train
train_6934,train
train_6935,train
train_6936,train
train_6937,train
train_6938,train
train_6939,train
train_694,train
train_6940,train
train_6941,train
train_6942,train
train_6943,train
train_6944,train
train_6945,train
train_6946,train
train_6948,train
train_6951,train
train_6952,train
train_6954,train
train_6955,train
train_6956,train
train_6958,train
train_6959,train
train_696,train
train_6960,train
train_6961,train
train_6962,train
train_6963,train
train_6964,train
train_6965,train
train_6966,train
train_6967,train
train_6968,train
train_697,train
train_6970,train
train_6973,train
train_6974,train
train_6975,train
train_6977,train
train_6978,train
train_698,train
train_6980,train
train_6981,train
train_6983,train
train_6984,train
train_6985,train
train_6986,train
train_6987,train
train_699,train
train_6990,train
train_6991,train
train_6992,train
train_6994,train
train_6996,train
train_6997,train
train_6998,train
train_7,train
train_7000,train
train_7001,train
train_7002,train
train_7003,train
train_7004,train
train_7005,train
train_7006,train
train_7007,train
train_7008,train
train_7009,train
train_701,train
train_7010,train
train_7011,train
train_7012,train
train_7013,train
train_7014,train
train_7015,train
train_7017,train
train_7019,train
train_7020,train
train_7021,train
train_7022,train
train_7023,train
train_7024,train
train_7026,train
train_7027,train
train_7029,train
train_7030,train
train_7031,train
train_7032,train
train_7033,train
train_7035,train
train_7036,train
train_7037,train
train_7038,train
train_704,train
train_7040,train
train_7041,train
train_7044,train
train_7045,train
train_7047,train
train_7048,train
train_705,train
train_7050,train
train_7052,train
train_7053,train
train_7054,train
train_7055,train
train_7056,train
train_7057,train
train_7059,train
train_706,train
train_7061,train
train_7062,train
train_7063,train
train_7064,train
train_7065,train
train_7066,train
train_7067,train
train_7068,train
train_7069,train
train_707,train
train_7070,train
train_7071,train
train_7072,train
train_7073,train
train_7074,train
train_7075,train
train_7076,train
train_7077,train
train_7078,train
train_7079,train
train_7080,train
train_7081,train
train_7083,train
train_7084,train
train_7085,train
train_7086,train
train_7087,train
train_7088,train
train_7089,train
train_709,train
train_7090,train
train_7091,train
train_7092,train
train_7093,train
train_7094,train
train_7095,train
train_7097,train
train_7098,train
train_71,train
train_710,train
train_7100,train
train_7101,train
train_7102,train
train_7103,train
train_7104,train
train_7106,train
train_7107,train
train_7108,train
train_7109,train
train_711,train
train_7110,train
train_7111,train
train_7113,train
train_7114,train
train_7115,train
train_7116,train
train_7118,train
train_7119,train
train_712,train
train_7121,train
train_7122,train
train_7124,train
train_7125,train
train_7126,train
train_7128,train
train_7129,train
train_713,train
train_7132,train
train_7134,train
train_7135,train
train_7136,train
train_7137,train
train_7138,train
train_7139,train
train_714,train
train_7140,train
train_7141,train
train_7142,train
train_7143,train
train_7144,train
train_7145,train
train_7146,train
train_7147,train
train_7148,train
train_7149,train
train_715,train
train_7150,train
train_7151,train
train_7152,train
train_7153,train
train_7154,train
train_7155,train
train_7156,train
train_7157,train
train_7158,train
train_716,train
train_7160,train
train_7162,train
train_7164,train
train_7165,train
train_717,train
train_7170,train
train_7171,train
train_7172,train
train_7173,train
train_7175,train
train_7176,train
train_7177,train
train_7178,train
train_7179,train
train_718,train
train_7180,train
train_7183,train
train_7184,train
train_7185,train
train_7187,train
train_7188,train
train_7189,train
train_719,train
train_7192,train
train_7193,train
train_7194,train
train_7195,train
train_7196,train
train_7197,train
train_7198,train
train_72,train
train_7200,train
train_7201,train
train_7202,train
train_7203,train
train_7204,train
train_7205,train
train_7206,train
train_7207,train
train_7209,train
train_721,train
train_7210,train
train_7212,train
train_7213,train
train_7215,train
train_7217,train
train_7218,train
train_7219,train
train_722,train
train_7220,train
train_7221,train
train_7222,train
train_7223,train
train_7224,train
train_7225,train
train_7226,train
train_7228,train
train_723,train
train_7230,train
train_7231,train
train_7232,train
train_7234,train
train_7235,train
train_7236,train
train_7237,train
train_7238,train
train_724,train
train_7240,train
train_7241,train
train_7243,train
train_7244,train
train_7249,train
train_725,train
train_7250,train
train_7252,train
train_7253,train
train_7254,train
train_7256,train
train_7257,train
train_7258,train
train_726,train
train_7260,train
train_7261,train
train_7263,train
train_7264,train
train_7266,train
train_7267,train
train_7268,train
train_7269,train
train_727,train
train_7270,train
train_7271,train
train_7272,train
train_7273,train
train_7275,train
train_7276,train
train_7277,train
train_7278,train
train_728,train
train_7282,train
train_7283,train
train_7284,train
train_7285,train
train_7286,train
train_7287,train
train_729,train
train_7290,train
train_7291,train
train_7292,train
train_7293,train
train_7295,train
train_7296,train
train_7298,train
train_7299,train
train_73,train
train_7300,train
train_7301,train
train_7302,train
train_7304,train
train_7305,train
train_7306,train
train_7307,train
train_7308,train
train_7311,train
train_7313,train
train_7314,train
train_7315,train
train_7316,train
train_7317,train
train_7318,train
train_7319,train
train_7320,train
train_7321,train
train_7322,train
train_7323,train
train_7324,train
train_7326,train
train_7327,train
train_7328,train
train_7329,train
train_733,train
train_7330,train
train_7331,train
train_7332,train
train_7336,train
train_7337,train
train_7338,train
train_7339,train
train_734,train
train_7340,train
train_7342,train
train_7344,train
train_7345,train
train_7346,train
train_7347,train
train_7348,train
train_7349,train
train_735,train
train_7350,train
train_7352,train
train_7353,train
train_7354,train
train_7355,train
train_7357,train
train_7358,train
train_7359,train
train_7361,train
train_7362,train
train_7363,train
train_7364,train
train_7367,train
train_7368,train
train_7369,train
train_737,train
train_7370,train
train_7371,train
train_7374,train
train_7375,train
train_7376,train
train_7377,train
train_7378,train
train_7379,train
train_738,train
train_7380,train
train_7382,train
train_7383,train
train_7384,train
train_7386,train
train_7387,train
train_7388,train
train_7389,train
train_739,train
train_7390,train
train_7392,train
train_7393,train
train_7395,train
train_7396,train
train_7397,train
train_7398,train
train_7399,train
train_740,train
train_7400,train
train_7401,train
train_7402,train
train_7404,train
train_7405,train
train_7406,train
train_7407,train
train_7408,train
train_7409,train
train_7410,train
train_7412,train
train_7413,train
train_7414,train
train_7415,train
train_7416,train
train_7417,train
train_7418,train
train_7419,train
train_742,train
train_7420,train
train_7421,train
train_7422,train
train_7423,train
train_7424,train
train_7425,train
train_7427,train
train_743,train
train_7430,train
train_7431,train
train_7432,train
train_7433,train
train_7434,train
train_7436,train
train_7437,train
train_7438,train
train_7439,train
train_744,train
train_7440,train
train_7441,train
train_7442,train
train_7444,train
train_7445,train
train_7446,train
train_7447,train
train_7448,train
train_7449,train
train_745,train
train_7450,train
train_7451,train
train_7452,train
train_7453,train
train_7454,train
train_7455,train
train_7456,train
train_7457,train
train_7458,train
train_7459,train
train_7460,train
train_7461,train
train_7462,train
train_7463,train
train_7465,train
train_7467,train
train_7468,train
train_7469,train
train_7470,train
train_7471,train
train_7472,train
train_7473,train
train_7476,train
train_7478,train
train_7479,train
train_748,train
train_7480,train
train_7481,train
train_7482,train
train_7484,train
train_7485,train
train_7486,train
train_7488,train
train_7489,train
train_749,train
train_7491,train
train_7492,train
train_7493,train
train_7495,train
train_7496,train
train_7497,train
train_7498,train
train_7499,train
train_75,train
train_750,train
train_7501,train
train_7502,train
train_7504,train
train_7505,train
train_7506,train
train_7507,train
train_7508,train
train_7509,train
train_751,train
train_7510,train
train_7512,train
train_7513,train
train_7514,train
train_7518,train
train_752,train
train_7520,train
train_7521,train
train_7522,train
train_7523,train
train_7524,train
train_7525,train
train_7526,train
train_7527,train
train_7528,train
train_7529,train
train_753,train
train_7530,train
train_7531,train
train_7533,train
train_7534,train
train_7536,train
train_7537,train
train_7539,train
train_7540,train
train_7541,train
train_7543,train
train_7544,train
train_7545,train
train_7546,train
train_7549,train
train_755,train
train_7550,train
train_7551,train
train_7552,train
train_7553,train
train_7554,train
train_7555,train
train_7559,train
train_756,train
train_7560,train
train_7561,train
train_7562,train
train_7563,train
train_7564,train
train_7566,train
train_7568,train
train_7569,train
train_757,train
train_7570,train
train_7571,train
train_7572,train
train_7575,train
train_7576,train
train_7577,train
train_7578,train
train_7580,train
train_7581,train
train_7582,train
train_7583,train
train_7584,train
train_7585,train
train_7586,train
train_7588,train
train_7589,train
train_759,train
train_7590,train
train_7591,train
train_7592,train
train_7593,train
train_7594,train
train_7595,train
train_7596,train
train_7598,train
train_7599,train
train_76,train
train_760,train
train_7600,train
train_7601,train
train_7602,train
train_7603,train
train_7604,train
train_7605,train
train_7606,train
train_7607,train
train_7609,train
train_7610,train
train_7611,train
train_7612,train
train_7613,train
train_7614,train
train_7615,train
train_7616,train
train_7618,train
train_762,train
train_7620,train
train_7621,train
train_7622,train
train_7624,train
train_7626,train
train_7627,train
train_7628,train
train_7629,train
train_763,train
train_7630,train
train_7631,train
train_7632,train
train_7634,train
train_7635,train
train_7636,train
train_7637,train
train_7638,train
train_7639,train
train_764,train
train_7640,train
train_7641,train
train_7643,train
train_7644,train
train_7645,train
train_7646,train
train_7647,train
train_7648,train
train_7649,train
train_765,train
train_7653,train
train_7654,train
train_7655,train
train_7656,train
train_7658,train
train_766,train
train_7662,train
train_7663,train
train_7665,train
train_7667,train
train_7669,train
train_767,train
train_7670,train
train_7671,train
train_7672,train
train_7673,train
train_7674,train
train_7675,train
train_7676,train
train_7678,train
train_7679,train
train_768,train
train_7680,train
train_7682,train
train_7684,train
train_7685,train
train_7686,train
train_7687,train
train_7688,train
train_7689,train
train_7690,train
train_7691,train
train_7692,train
train_7693,train
train_7694,train
train_7695,train
train_7696,train
train_7697,train
train_7698,train
train_7699,train
train_77,train
train_770,train
train_7702,train
train_7703,train
train_7705,train
train_7707,train
train_7708,train
train_7709,train
train_7710,train
train_7712,train
train_7714,train
train_7715,train
train_7716,train
train_7718,train
train_7719,train
train_772,train
train_7720,train
train_7721,train
train_7722,train
train_7723,train
train_7724,train
train_7726,train
train_7727,train
train_7729,train
train_7730,train
train_7732,train
train_7733,train
train_7734,train
train_7735,train
train_7736,train
train_7737,train
train_7738,train
train_7739,train
train_7740,train
train_7741,train
train_7742,train
train_7743,train
train_7744,train
train_7745,train
train_7746,train
train_7748,train
train_7750,train
train_7751,train
train_7752,train
train_7753,train
train_7754,train
train_7756,train
train_7758,train
train_7760,train
train_7761,train
train_7762,train
train_7763,train
train_7764,train
train_7766,train
train_7767,train
train_777,train
train_7770,train
train_7771,train
train_7774,train
train_7775,train
train_7776,train
train_7777,train
train_7778,train
train_7779,train
train_778,train
train_7781,train
train_7782,train
train_7783,train
train_7784,train
train_7785,train
train_7786,train
train_7787,train
train_779,train
train_7790,train
train_7791,train
train_7792,train
train_7793,train
train_7795,train
train_7796,train
train_7798,train
train_78,train
train_780,train
train_7800,train
train_7801,train
train_7803,train
train_7804,train
train_7805,train
train_7807,train
train_7808,train
train_781,train
train_7810,train
train_7811,train
train_7812,train
train_7813,train
train_7814,train
train_7817,train
train_7819,train
train_782,train
train_7820,train
train_7821,train
train_7822,train
train_7825,train
train_7826,train
train_7828,train
train_7829,train
train_783,train
train_7830,train
train_7833,train
train_7835,train
train_7837,train
train_7839,train
train_784,train
train_7840,train
train_7841,train
train_7842,train
train_7844,train
train_7846,train
train_7847,train
train_7848,train
train_7849,train
train_785,train
train_7850,train
train_7851,train
train_7853,train
train_7854,train
train_7855,train
train_7856,train
train_7857,train
train_7858,train
train_7859,train
train_786,train
train_7860,train
train_7862,train
train_7864,train
train_7865,train
train_7866,train
train_7867,train
train_7868,train
train_7869,train
train_787,train
train_7870,train
train_7872,train
train_7873,train
train_7874,train
train_7875,train
train_7876,train
train_7877,train
train_7878,train
train_7879,train
train_788,train
train_7880,train
train_7881,train
train_7882,train
train_7883,train
train_7884,train
train_7885,train
train_7886,train
train_7887,train
train_7888,train
train_7889,train
train_789,train
train_7890,train
train_7891,train
train_7892,train
train_7893,train
train_7894,train
train_7895,train
train_7899,train
train_79,train
train_790,train
train_7900,train
train_7901,train
train_7902,train
train_7903,train
train_7904,train
train_7905,train
train_7906,train
train_7907,train
train_7908,train
train_7909,train
train_791,train
train_7910,train
train_7911,train
train_7913,train
train_7914,train
train_7915,train
train_7916,train
train_7917,train
train_7918,train
train_7919,train
train_792,train
train_7920,train
train_7921,train
train_7922,train
train_7923,train
train_7924,train
train_7925,train
train_7926,train
train_7928,train
train_7929,train
train_7930,train
train_7931,train
train_7932,train
train_7933,train
train_7936,train
train_7937,train
train_7938,train
train_7939,train
train_794,train
train_7940,train
train_7941,train
train_7942,train
train_7944,train
train_7945,train
train_7946,train
train_7947,train
train_7948,train
train_7949,train
train_795,train
train_7950,train
train_7951,train
train_7953,train
train_7954,train
train_7955,train
train_7956,train
train_7957,train
train_7958,train
train_796,train
train_7960,train
train_7961,train
train_7963,train
train_7965,train
train_7966,train
train_7969,train
train_797,train
train_7970,train
train_7973,train
train_7974,train
train_7975,train
train_7976,train
train_7978,train
train_7979,train
train_798,train
train_7981,train
train_7982,train
train_7983,train
train_7985,train
train_7986,train
train_7988,train
train_7989,train
train_799,train
train_7990,train
train_7991,train
train_7992,train
train_7993,train
train_7994,train
train_7995,train
train_7996,train
train_7998,train
train_7999,train
train_8,train
train_80,train
train_800,train
train_8000,train
train_8001,train
train_8002,train
train_8003,train
train_8004,train
train_8005,train
train_8007,train
train_8008,train
train_8009,train
train_8010,train
train_8011,train
train_8012,train
train_8014,train
train_8016,train
train_8017,train
train_8018,train
train_8019,train
train_802,train
train_8020,train
train_8021,train
train_8022,train
train_8023,train
train_8024,train
train_8025,train
train_8026,train
train_8027,train
train_8028,train
train_8029,train
train_803,train
train_8030,train
train_8031,train
train_8032,train
train_8033,train
train_8034,train
train_8035,train
train_8037,train
train_8038,train
train_8039,train
train_804,train
train_8040,train
train_8041,train
train_8042,train
train_8043,train
train_8045,train
train_8046,train
train_8047,train
train_8048,train
train_805,train
train_8050,train
train_8051,train
train_8052,train
train_8053,train
train_8054,train
train_8055,train
train_8056,train
train_8057,train
train_8058,train
train_8059,train
train_806,train
train_8060,train
train_8061,train
train_8062,train
train_8063,train
train_8064,train
train_8065,train
train_8066,train
train_8067,train
train_8069,train
train_807,train
train_8070,train
train_8072,train
train_8073,train
train_8074,train
train_8075,train
train_8076,train
train_8077,train
train_8078,train
train_808,train
train_8080,train
train_8081,train
train_8082,train
train_8083,train
train_8084,train
train_8085,train
train_8086,train
train_8087,train
train_8088,train
train_8089,train
train_809,train
train_8090,train
train_8091,train
train_8092,train
train_8093,train
train_8094,train
train_8095,train
train_8096,train
train_8097,train
train_8098,train
train_8099,train
train_81,train
train_810,train
train_8100,train
train_8101,train
train_8103,train
train_8104,train
train_8105,train
train_8106,train
train_8107,train
train_8108,train
train_8109,train
train_8110,train
train_8111,train
train_8112,train
train_8113,train
train_8116,train
train_8117,train
train_8119,train
train_812,train
train_8121,train
train_8122,train
train_8123,train
train_8124,train
train_8125,train
train_8127,train
train_8128,train
train_8129,train
train_8131,train
train_8132,train
train_8133,train
train_8134,train
train_8135,train
train_8136,train
train_8138,train
train_8139,train
train_814,train
train_8140,train
train_8141,train
train_8142,train
train_8143,train
train_8144,train
train_8146,train
train_8147,train
train_8148,train
train_8149,train
train_8150,train
train_8151,train
train_8153,train
train_8154,train
train_8155,train
train_8156,train
train_8157,train
train_8159,train
train_816,train
train_8161,train
train_8162,train
train_8163,train
train_8164,train
train_8166,train
train_8167,train
train_817,train
train_8171,train
train_8172,train
train_8173,train
train_8174,train
train_8175,train
train_8176,train
train_8178,train
train_8179,train
train_818,train
train_8180,train
train_8181,train
train_8182,train
train_8184,train
train_8185,train
train_8186,train
train_8188,train
train_819,train
train_8190,train
train_8192,train
train_8194,train
train_8195,train
train_8196,train
train_8197,train
train_8198,train
train_8199,train
train_82,train
train_820,train
train_8200,train
train_8201,train
train_8202,train
train_8203,train
train_8204,train
train_8205,train
train_8207,train
train_8209,train
train_821,train
train_8211,train
train_8213,train
train_8214,train
train_8215,train
train_8216,train
train_8217,train
train_8220,train
train_8221,train
train_8223,train
train_8224,train
train_8225,train
train_8226,train
train_8228,train
train_8229,train
train_823,train
train_8231,train
train_8232,train
train_8233,train
train_8234,train
train_8236,train
train_8238,train
train_824,train
train_8243,train
train_8244,train
train_8246,train
train_8247,train
train_8248,train
train_825,train
train_8250,train
train_8252,train
train_8253,train
train_8254,train
train_8256,train
train_8258,train
train_8259,train
train_826,train
train_8260,train
train_8261,train
train_8262,train
train_8263,train
train_8264,train
train_8265,train
train_8266,train
train_8267,train
train_8268,train
train_8269,train
train_827,train
train_8271,train
train_8274,train
train_8276,train
train_8277,train
train_8278,train
train_8279,train
train_828,train
train_8280,train
train_8281,train
train_8282,train
train_8283,train
train_8284,train
train_8285,train
train_8287,train
train_829,train
train_8290,train
train_8291,train
train_8292,train
train_8293,train
train_8295,train
train_8296,train
train_8297,train
train_830,train
train_8300,train
train_8301,train
train_8302,train
train_8303,train
train_8304,train
train_8306,train
train_8307,train
train_8308,train
train_8309,train
train_831,train
train_8310,train
train_8311,train
train_8312,train
train_8313,train
train_8314,train
train_8316,train
train_8317,train
train_832,train
train_8320,train
train_8321,train
train_8322,train
train_8325,train
train_8327,train
train_8328,train
train_8329,train
train_833,train
train_8330,train
train_8331,train
train_8332,train
train_8333,train
train_8334,train
train_8335,train
train_8337,train
train_8338,train
train_8339,train
train_834,train
train_8340,train
train_8342,train
train_8343,train
train_8344,train
train_8345,train
train_8346,train
train_8347,train
train_8348,train
train_8349,train
train_835,train
train_8350,train
train_8351,train
train_8353,train
train_8354,train
train_8355,train
train_8356,train
train_8357,train
train_8358,train
train_8359,train
train_836,train
train_8360,train
train_8361,train
train_8364,train
train_8366,train
train_8367,train
train_837,train
train_8370,train
train_8371,train
train_8372,train
train_8373,train
train_8375,train
train_8376,train
train_8377,train
train_8378,train
train_8379,train
train_838,train
train_8380,train
train_8381,train
train_8382,train
train_8383,train
train_8384,train
train_8385,train
train_8386,train
train_8387,train
train_839,train
train_8390,train
train_8392,train
train_8393,train
train_8395,train
train_8396,train
train_8397,train
train_8398,train
train_8399,train
train_84,train
train_840,train
train_8400,train
train_8402,train
train_8404,train
train_8405,train
train_8407,train
train_8409,train
train_841,train
train_8410,train
train_8411,train
train_8413,train
train_8416,train
train_8417,train
train_8418,train
train_8419,train
train_8420,train
train_8421,train
train_8422,train
train_8424,train
train_8425,train
train_8426,train
train_8427,train
train_8428,train
train_8429,train
train_843,train
train_8430,train
train_8431,train
train_8432,train
train_8433,train
train_8434,train
train_8435,train
train_8438,train
train_8439,train
train_844,train
train_8440,train
train_8441,train
train_8443,train
train_8445,train
train_8446,train
train_8447,train
train_8448,train
train_845,train
train_8450,train
train_8453,train
train_8454,train
train_8455,train
train_8457,train
train_8458,train
train_8459,train
train_846,train
train_8461,train
train_8462,train
train_8463,train
train_8464,train
train_8465,train
train_8466,train
train_8467,train
train_8468,train
train_847,train
train_8470,train
train_8471,train
train_8473,train
train_8474,train
train_8475,train
train_8476,train
train_8478,train
train_8479,train
train_848,train
train_8480,train
train_8481,train
train_8482,train
train_8484,train
train_8485,train
train_8487,train
train_8488,train
train_8489,train
train_849,train
train_8490,train
train_8492,train
train_8493,train
train_8495,train
train_8497,train
train_8498,train
train_8499,train
train_85,train
train_850,train
train_8502,train
train_8503,train
train_8504,train
train_8505,train
train_8506,train
train_8507,train
train_8508,train
train_8509,train
train_851,train
train_8511,train
train_8512,train
train_8513,train
train_8514,train
train_8515,train
train_8516,train
train_8517,train
train_8518,train
train_852,train
train_8520,train
train_8521,train
train_8522,train
train_8523,train
train_8524,train
train_8525,train
train_8526,train
train_8527,train
train_8528,train
train_8529,train
train_8530,train
train_8531,train
train_8532,train
train_8533,train
train_8535,train
train_8536,train
train_8537,train
train_8538,train
train_8539,train
train_854,train
train_8540,train
train_8541,train
train_8542,train
train_8544,train
train_8545,train
train_8547,train
train_8548,train
train_8549,train
train_8550,train
train_8551,train
train_8554,train
train_8555,train
train_8556,train
train_8557,train
train_8559,train
train_8560,train
train_8561,train
train_8562,train
train_8563,train
train_8564,train
train_8565,train
train_8569,train
train_857,train
train_8570,train
train_8571,train
train_8573,train
train_8576,train
train_8577,train
train_8578,train
train_858,train
train_8580,train
train_8581,train
train_8583,train
train_8585,train
train_8586,train
train_8587,train
train_8588,train
train_8591,train
train_8592,train
train_8593,train
train_8594,train
train_8596,train
train_8597,train
train_8598,train
train_8599,train
train_86,train
train_860,train
train_8600,train
train_8601,train
train_8602,train
train_8603,train
train_8605,train
train_8606,train
train_8607,train
train_8608,train
train_8609,train
train_8610,train
train_8611,train
train_8612,train
train_8613,train
train_8614,train
train_8617,train
train_8618,train
train_8619,train
train_862,train
train_8620,train
train_8621,train
train_8622,train
train_8623,train
train_8624,train
train_8625,train
train_8626,train
train_8627,train
train_8628,train
train_863,train
train_8630,train
train_8631,train
train_8632,train
train_8633,train
train_8634,train
train_8635,train
train_8636,train
train_8637,train
train_8638,train
train_8639,train
train_8640,train
train_8641,train
train_8642,train
train_8643,train
train_8644,train
train_8645,train
train_8646,train
train_8647,train
train_8648,train
train_8649,train
train_865,train
train_8650,train
train_8651,train
train_8652,train
train_8653,train
train_8654,train
train_8655,train
train_8656,train
train_8657,train
train_8658,train
train_866,train
train_8660,train
train_8661,train
train_8662,train
train_8663,train
train_8664,train
train_8665,train
train_8666,train
train_8667,train
train_8668,train
train_8669,train
train_867,train
train_8671,train
train_8673,train
train_8674,train
train_8675,train
train_8676,train
train_8677,train
train_8678,train
train_8679,train
train_868,train
train_8680,train
train_8681,train
train_8682,train
train_8683,train
train_8685,train
train_8687,train
train_8688,train
train_8689,train
train_869,train
train_8691,train
train_8692,train
train_8693,train
train_8695,train
train_8696,train
train_8697,train
train_8699,train
train_87,train
train_8700,train
train_8701,train
train_8702,train
train_8703,train
train_8704,train
train_8705,train
train_8706,train
train_8707,train
train_8708,train
train_8709,train
train_8710,train
train_8711,train
train_8712,train
train_8713,train
train_8715,train
train_8718,train
train_8719,train
train_872,train
train_8720,train
train_8721,train
train_8722,train
train_8723,train
train_8725,train
train_8726,train
train_8727,train
train_8730,train
train_8732,train
train_8733,train
train_8734,train
train_8735,train
train_8736,train
train_8737,train
train_8738,train
train_8739,train
train_874,train
train_8741,train
train_8742,train
train_8744,train
train_8745,train
train_8747,train
train_8749,train
train_875,train
train_8750,train
train_8751,train
train_8753,train
train_8755,train
train_8758,train
train_8759,train
train_876,train
train_8760,train
train_8761,train
train_8763,train
train_8764,train
train_8765,train
train_8766,train
train_8767,train
train_8768,train
train_877,train
train_8770,train
train_8771,train
train_8772,train
train_8773,train
train_8774,train
train_8775,train
train_8777,train
train_8778,train
train_8779,train
train_8781,train
train_8782,train
train_8783,train
train_8784,train
train_8786,train
train_8788,train
train_8789,train
train_879,train
train_8790,train
train_8791,train
train_8792,train
train_8793,train
train_8794,train
train_8795,train
train_8796,train
train_8797,train
train_8798,train
train_8799,train
train_88,train
train_880,train
train_8800,train
train_8801,train
train_8802,train
train_8803,train
train_8804,train
train_8805,train
train_8806,train
train_8807,train
train_8808,train
train_8809,train
train_881,train
train_8810,train
train_8812,train
train_8813,train
train_8814,train
train_8815,train
train_8817,train
train_8818,train
train_882,train
train_8820,train
train_8821,train
train_8823,train
train_8824,train
train_8825,train
train_8826,train
train_8827,train
train_8828,train
train_8829,train
train_883,train
train_8830,train
train_8831,train
train_8832,train
train_8833,train
train_8834,train
train_8835,train
train_8836,train
train_8837,train
train_8838,train
train_8840,train
train_8841,train
train_8842,train
train_8843,train
train_8844,train
train_8845,train
train_8846,train
train_8847,train
train_8848,train
train_8849,train
train_885,train
train_8850,train
train_8851,train
train_8852,train
train_8853,train
train_8854,train
train_8855,train
train_8856,train
train_8857,train
train_8858,train
train_8859,train
train_886,train
train_8860,train
train_8864,train
train_8865,train
train_8866,train
train_8868,train
train_8869,train
train_887,train
train_8870,train
train_8871,train
train_8874,train
train_8875,train
train_8877,train
train_8878,train
train_888,train
train_8882,train
train_8883,train
train_8884,train
train_8885,train
train_8886,train
train_8889,train
train_889,train
train_8890,train
train_8891,train
train_8892,train
train_8893,train
train_8894,train
train_8895,train
train_8896,train
train_8897,train
train_89,train
train_890,train
train_8900,train
train_8901,train
train_8902,train
train_8903,train
train_8904,train
train_8905,train
train_8906,train
train_8908,train
train_8909,train
train_8910,train
train_8911,train
train_8912,train
train_8913,train
train_8914,train
train_8915,train
train_8916,train
train_8917,train
train_8918,train
train_892,train
train_8920,train
train_8922,train
train_8923,train
train_8924,train
train_8925,train
train_8926,train
train_8927,train
train_8928,train
train_8929,train
train_8930,train
train_8932,train
train_8933,train
train_8934,train
train_8936,train
train_8937,train
train_8938,train
train_8939,train
train_894,train
train_8940,train
train_8941,train
train_8943,train
train_8945,train
train_8947,train
train_8948,train
train_8950,train
train_8951,train
train_8952,train
train_8953,train
train_8954,train
train_8955,train
train_8956,train
train_8958,train
train_8959,train
train_896,train
train_8960,train
train_8961,train
train_8963,train
train_8964,train
train_8965,train
train_8966,train
train_8967,train
train_8968,train
train_8969,train
train_897,train
train_8970,train
train_8971,train
train_8973,train
train_8974,train
train_8975,train
train_8978,train
train_898,train
train_8980,train
train_8981,train
train_8982,train
train_8983,train
train_8985,train
train_8986,train
train_8987,train
train_8988,train
train_8989,train
train_8990,train
train_8991,train
train_8992,train
train_8993,train
train_8994,train
train_8997,train
train_8998,train
train_8999,train
train_9,train
train_90,train
train_900,train
train_9001,train
train_9002,train
train_9003,train
train_9005,train
train_9007,train
train_9008,train
train_9009,train
train_9010,train
train_9011,train
train_9012,train
train_9013,train
train_9014,train
train_9015,train
train_9016,train
train_9017,train
train_9020,train
train_9021,train
train_9022,train
train_9023,train
train_9025,train
train_9026,train
train_9027,train
train_9028,train
train_9029,train
train_903,train
train_9030,train
train_9031,train
train_9032,train
train_9033,train
train_9034,train
train_9035,train
train_9037,train
train_9038,train
train_9039,train
train_904,train
train_9040,train
train_9041,train
train_9042,train
train_9043,train
train_9044,train
train_9045,train
train_9049,train
train_905,train
train_9050,train
train_9051,train
train_9052,train
train_9053,train
train_9055,train
train_9056,train
train_9058,train
train_9059,train
train_9060,train
train_9061,train
train_9062,train
train_9063,train
train_9064,train
train_9066,train
train_9067,train
train_9068,train
train_9069,train
train_907,train
train_9070,train
train_9071,train
train_9072,train
train_9073,train
train_9074,train
train_9075,train
train_9076,train
train_9077,train
train_9079,train
train_908,train
train_9083,train
train_9084,train
train_9087,train
train_909,train
train_9090,train
train_9091,train
train_9093,train
train_9094,train
train_9095,train
train_9096,train
train_9097,train
train_9098,train
train_9099,train
train_910,train
train_9100,train
train_9101,train
train_9103,train
train_9104,train
train_9105,train
train_9106,train
train_9107,train
train_9109,train
train_9110,train
train_9112,train
train_9113,train
train_9114,train
train_9115,train
train_9116,train
train_9117,train
train_9118,train
train_9119,train
train_912,train
train_9120,train
train_9121,train
train_9122,train
train_9123,train
train_9124,train
train_9125,train
train_9127,train
train_9128,train
train_9129,train
train_913,train
train_9130,train
train_9131,train
train_9132,train
train_9133,train
train_9134,train
train_9135,train
train_9136,train
train_9137,train
train_9138,train
train_9139,train
train_914,train
train_9141,train
train_9142,train
train_9145,train
train_9147,train
train_9148,train
train_9149,train
train_915,train
train_9150,train
train_9151,train
train_9152,train
train_9153,train
train_9155,train
train_9156,train
train_9157,train
train_9158,train
train_9159,train
train_916,train
train_9161,train
train_9163,train
train_9164,train
train_9166,train
train_9167,train
train_9168,train
train_9169,train
train_917,train
train_9170,train
train_9171,train
train_9172,train
train_9173,train
train_9174,train
train_9175,train
train_9176,train
train_9177,train
train_9178,train
train_9179,train
train_918,train
train_9180,train
train_9182,train
train_9183,train
train_9184,train
train_9185,train
train_9187,train
train_9188,train
train_9189,train
train_919,train
train_9190,train
train_9193,train
train_9194,train
train_9195,train
train_9197,train
train_9198,train
train_9199,train
train_9200,train
train_9201,train
train_9203,train
train_9204,train
train_9205,train
train_9206,train
train_9208,train
train_9209,train
train_9210,train
train_9211,train
train_9212,train
train_9213,train
train_9214,train
train_9215,train
train_9217,train
train_9218,train
train_9219,train
train_922,train
train_9221,train
train_9222,train
train_9223,train
train_9224,train
train_9225,train
train_9226,train
train_9227,train
train_9228,train
train_923,train
train_9230,train
train_9232,train
train_9233,train
train_9238,train
train_924,train
train_9241,train
train_9242,train
train_9243,train
train_9244,train
train_9245,train
train_9246,train
train_9247,train
train_9249,train
train_9250,train
train_9251,train
train_9252,train
train_9253,train
train_9254,train
train_9255,train
train_9256,train
train_9258,train
train_9259,train
train_926,train
train_9260,train
train_9262,train
train_9264,train
train_9265,train
train_9266,train
train_9267,train
train_9268,train
train_9269,train
train_927,train
train_9270,train
train_9271,train
train_9272,train
train_9274,train
train_9275,train
train_9276,train
train_9277,train
train_9278,train
train_928,train
train_9280,train
train_9281,train
train_9282,train
train_9283,train
train_9284,train
train_9285,train
train_9286,train
train_9288,train
train_9289,train
train_929,train
train_9290,train
train_9292,train
train_9294,train
train_9295,train
train_9296,train
train_9297,train
train_9299,train
train_93,train
train_9300,train
train_9301,train
train_9302,train
train_9304,train
train_9305,train
train_9306,train
train_9307,train
train_9309,train
train_931,train
train_9310,train
train_9313,train
train_9314,train
train_9315,train
train_9317,train
train_9318,train
train_9319,train
train_932,train
train_9320,train
train_9322,train
train_9323,train
train_9326,train
train_9327,train
train_9328,train
train_9329,train
train_9330,train
train_9331,train
train_9332,train
train_9333,train
train_9334,train
train_9335,train
train_9336,train
train_9338,train
train_9339,train
train_934,train
train_9340,train
train_9341,train
train_9342,train
train_9344,train
train_9345,train
train_9346,train
train_9347,train
train_9348,train
train_9349,train
train_935,train
train_9351,train
train_9353,train
train_9354,train
train_9355,train
train_9356,train
train_9357,train
train_9358,train
train_9359,train
train_936,train
train_9360,train
train_9361,train
train_9362,train
train_9363,train
train_9364,train
train_9365,train
train_9366,train
train_9367,train
train_9368,train
train_9369,train
train_937,train
train_9370,train
train_9371,train
train_9373,train
train_9374,train
train_9375,train
train_9376,train
train_9378,train
train_938,train
train_9380,train
train_9381,train
train_9383,train
train_9387,train
train_9388,train
train_9389,train
train_939,train
train_9390,train
train_9391,train
train_9392,train
train_9394,train
train_9395,train
train_9396,train
train_9398,train
train_9399,train
train_94,train
train_9400,train
train_9401,train
train_9402,train
train_9403,train
train_9404,train
train_9405,train
train_9406,train
train_9408,train
train_9409,train
train_941,train
train_9410,train
train_9413,train
train_9414,train
train_9415,train
train_9416,train
train_9418,train
train_9419,train
train_942,train
train_9420,train
train_9421,train
train_9422,train
train_9423,train
train_9425,train
train_9426,train
train_9427,train
train_9428,train
train_9429,train
train_9430,train
train_9432,train
train_9433,train
train_9435,train
train_9436,train
train_9437,train
train_9438,train
train_9439,train
train_944,train
train_9440,train
train_9441,train
train_9444,train
train_9445,train
train_9446,train
train_9448,train
train_9449,train
train_945,train
train_9450,train
train_9452,train
train_9453,train
train_9454,train
train_9456,train
train_9457,train
train_9458,train
train_9459,train
train_946,train
train_9461,train
train_9462,train
train_9464,train
train_9465,train
train_9466,train
train_9468,train
train_9469,train
train_947,train
train_9470,train
train_9472,train
train_9473,train
train_9474,train
train_9475,train
train_9477,train
train_9478,train
train_9480,train
train_9482,train
train_9485,train
train_9486,train
train_9488,train
train_9489,train
train_949,train
train_9490,train
train_9491,train
train_9493,train
train_9494,train
train_9495,train
train_9496,train
train_9497,train
train_9498,train
train_9499,train
train_95,train
train_950,train
train_9500,train
train_9501,train
train_9502,train
train_9505,train
train_9506,train
train_951,train
train_9510,train
train_9511,train
train_9512,train
train_9513,train
train_9514,train
train_9515,train
train_9516,train
train_9517,train
train_9518,train
train_952,train
train_9520,train
train_9521,train
train_9522,train
train_9523,train
train_9524,train
train_9525,train
train_9526,train
train_9527,train
train_9528,train
train_9529,train
train_953,train
train_9530,train
train_9531,train
train_9532,train
train_9535,train
train_9536,train
train_9537,train
train_9538,train
train_9539,train
train_954,train
train_9541,train
train_9542,train
train_9543,train
train_9544,train
train_9545,train
train_9546,train
train_9547,train
train_9548,train
train_955,train
train_9551,train
train_9552,train
train_9553,train
train_9555,train
train_9556,train
train_9558,train
train_9559,train
train_956,train
train_9560,train
train_9562,train
train_9563,train
train_9564,train
train_9565,train
train_9566,train
train_9567,train
train_9569,train
train_9570,train
train_9571,train
train_9572,train
train_9574,train
train_9575,train
train_9576,train
train_9578,train
train_9579,train
train_958,train
train_9580,train
train_9581,train
train_9582,train
train_9583,train
train_9584,train
train_9585,train
train_9586,train
train_9588,train
train_9589,train
train_959,train
train_9590,train
train_9591,train
train_9592,train
train_9593,train
train_9595,train
train_9597,train
train_9598,train
train_9599,train
train_96,train
train_9601,train
train_9602,train
train_9604,train
train_9605,train
train_9606,train
train_9607,train
train_9610,train
train_9612,train
train_9614,train
train_9615,train
train_9616,train
train_9618,train
train_9619,train
train_9620,train
train_9621,train
train_9622,train
train_9623,train
train_9624,train
train_9625,train
train_9626,train
train_9627,train
train_9628,train
train_9629,train
train_963,train
train_9630,train
train_9632,train
train_9633,train
train_9634,train
train_9637,train
train_9638,train
train_9639,train
train_964,train
train_9641,train
train_9642,train
train_9643,train
train_9644,train
train_9645,train
train_9646,train
train_9647,train
train_9648,train
train_9649,train
train_965,train
train_9650,train
train_9653,train
train_9654,train
train_9656,train
train_9657,train
train_9658,train
train_9659,train
train_966,train
train_9660,train
train_9661,train
train_9664,train
train_9665,train
train_9666,train
train_9667,train
train_9668,train
train_967,train
train_9670,train
train_9672,train
train_9673,train
train_9674,train
train_9675,train
train_9676,train
train_9678,train
train_9679,train
train_968,train
train_9680,train
train_9681,train
train_9682,train
train_9683,train
train_9686,train
train_9688,train
train_9689,train
train_969,train
train_9690,train
train_9691,train
train_9692,train
train_9693,train
train_9694,train
train_9695,train
train_9698,train
train_9699,train
train_97,train
train_970,train
train_9700,train
train_9701,train
train_9702,train
train_9703,train
train_9704,train
train_9705,train
train_9706,train
train_9708,train
train_9710,train
train_9711,train
train_9713,train
train_9714,train
train_9715,train
train_9716,train
train_9717,train
train_9718,train
train_9719,train
train_972,train
train_9720,train
train_9721,train
train_9723,train
train_9725,train
train_9726,train
train_9728,train
train_9729,train
train_9731,train
train_9732,train
train_9733,train
train_9734,train
train_9735,train
train_9736,train
train_9737,train
train_9738,train
train_9739,train
train_9740,train
train_9741,train
train_9742,train
train_9743,train
train_9745,train
train_9746,train
train_9749,train
train_975,train
train_9751,train
train_9753,train
train_9754,train
train_9755,train
train_9756,train
train_9759,train
train_976,train
train_9761,train
train_9762,train
train_9765,train
train_9766,train
train_9769,train
train_977,train
train_9770,train
train_9772,train
train_9774,train
train_9775,train
train_9776,train
train_9777,train
train_9778,train
train_9780,train
train_9781,train
train_9783,train
train_9784,train
train_9785,train
train_9786,train
train_9787,train
train_9788,train
train_9789,train
train_979,train
train_9790,train
train_9791,train
train_9792,train
train_9793,train
train_9794,train
train_9795,train
train_9796,train
train_9798,train
train_9799,train
train_98,train
train_980,train
train_9800,train
train_9801,train
train_9803,train
train_9804,train
train_9806,train
train_9807,train
train_9808,train
train_9809,train
train_981,train
train_9810,train
train_9811,train
train_9812,train
train_9813,train
train_9814,train
train_9815,train
train_9816,train
train_9818,train
train_9819,train
train_982,train
train_9820,train
train_9822,train
train_9823,train
train_9826,train
train_9827,train
train_9828,train
train_9829,train
train_983,train
train_9830,train
train_9833,train
train_9834,train
train_9835,train
train_9836,train
train_9837,train
train_9838,train
train_9839,train
train_984,train
train_9840,train
train_9841,train
train_9842,train
train_9844,train
train_9845,train
train_9846,train
train_9848,train
train_9849,train
train_985,train
train_9851,train
train_9852,train
train_9853,train
train_9854,train
train_9855,train
train_9858,train
train_9859,train
train_986,train
train_9860,train
train_9861,train
train_9862,train
train_9864,train
train_9865,train
train_9866,train
train_9867,train
train_9868,train
train_987,train
train_9870,train
train_9871,train
train_9875,train
train_9877,train
train_9878,train
train_9879,train
train_988,train
train_9881,train
train_9883,train
train_9884,train
train_9885,train
train_9886,train
train_9888,train
train_9889,train
train_9890,train
train_9892,train
train_9893,train
train_9894,train
train_9895,train
train_9896,train
train_9897,train
train_99,train
train_990,train
train_9900,train
train_9901,train
train_9902,train
train_9904,train
train_9905,train
train_9906,train
train_9907,train
train_9908,train
train_9909,train
train_9910,train
train_9911,train
train_9912,train
train_9913,train
train_9914,train
train_9915,train
train_9917,train
train_9918,train
train_992,train
train_9920,train
train_9922,train
train_9923,train
train_9924,train
train_9925,train
train_9927,train
train_9928,train
train_9929,train
train_993,train
train_9930,train
train_9931,train
train_9932,train
train_9934,train
train_9937,train
train_9938,train
train_9939,train
train_9941,train
train_9942,train
train_9944,train
train_9945,train
train_9946,train
train_9948,train
train_995,train
train_9950,train
train_9951,train
train_9952,train
train_9955,train
train_9956,train
train_9957,train
train_9958,train
train_9959,train
train_9960,train
train_9962,train
train_9963,train
train_9964,train
train_9965,train
train_9967,train
train_9969,train
train_997,train
train_9971,train
train_9972,train
train_9973,train
train_9974,train
train_9975,train
train_9977,train
train_9978,train
train_9979,train
train_998,train
train_9981,train
train_9982,train
train_9983,train
train_9985,train
train_9986,train
train_9989,train
train_999,train
train_9991,train
train_9992,train
train_9993,train
train_9994,train
train_9995,train
train_9996,train
train_9997,train
train_9999,train
val_1,train
val_1003,train
val_1004,train
val_101,train
val_1010,train
val_1011,train
val_1012,train
val_1016,train
val_102,train
val_1020,train
val_1021,train
val_1022,train
val_103,train
val_1031,train
val_1033,train
val_1034,train
val_1035,train
val_1036,train
val_1037,train
val_1038,train
val_1040,train
val_1044,train
val_1048,train
val_1052,train
val_1056,train
val_1060,train
val_1064,train
val_1065,train
val_107,train
val_1070,train
val_1071,train
val_1079,train
val_1085,train
val_1086,train
val_1089,train
val_1092,train
val_1103,train
val_1104,train
val_1109,train
val_111,train
val_1110,train
val_1115,train
val_1119,train
val_112,train
val_1120,train
val_1126,train
val_1130,train
val_1135,train
val_1137,train
val_114,train
val_1147,train
val_1148,train
val_115,train
val_1151,train
val_1154,train
val_116,train
val_1162,train
val_1166,train
val_1169,train
val_1171,train
val_1172,train
val_1174,train
val_1175,train
val_1177,train
val_118,train
val_1181,train
val_1183,train
val_1186,train
val_1189,train
val_119,train
val_1190,train
val_1193,train
val_1194,train
val_120,train
val_1200,train
val_1201,train
val_1206,train
val_1208,train
val_121,train
val_1210,train
val_1215,train
val_1217,train
val_1220,train
val_1224,train
val_1228,train
val_1238,train
val_1239,train
val_1241,train
val_1254,train
val_1259,train
val_1260,train
val_1263,train
val_1266,train
val_1268,train
val_1272,train
val_1274,train
val_1277,train
val_1289,train
val_1290,train
val_1292,train
val_1293,train
val_1295,train
val_1302,train
val_1310,train
val_1311,train
val_1312,train
val_1313,train
val_1320,train
val_1322,train
val_1327,train
val_1328,train
val_1329,train
val_1331,train
val_1332,train
val_1348,train
val_1351,train
val_1353,train
val_1356,train
val_1358,train
val_1362,train
val_1368,train
val_1375,train
val_1376,train
val_138,train
val_1381,train
val_1384,train
val_1387,train
val_1392,train
val_1396,train
val_1398,train
val_1399,train
val_1400,train
val_1401,train
val_1404,train
val_1407,train
val_1408,train
val_1419,train
val_1421,train
val_1423,train
val_1426,train
val_1431,train
val_1435,train
val_144,train
val_1441,train
val_1444,train
val_145,train
val_1450,train
val_1452,train
val_1454,train
val_1455,train
val_1457,train
val_146,train
val_1460,train
val_1462,train
val_1472,train
val_1474,train
val_1478,train
val_1480,train
val_1482,train
val_1484,train
val_149,train
val_1490,train
val_1501,train
val_1507,train
val_1515,train
val_1518,train
val_1519,train
val_1520,train
val_1522,train
val_1525,train
val_1529,train
val_1535,train
val_1536,train
val_1543,train
val_1548,train
val_1549,train
val_155,train
val_1552,train
val_1554,train
val_1557,train
val_1558,train
val_157,train
val_1576,train
val_1578,train
val_1581,train
val_1587,train
val_159,train
val_1597,train
val_16,train
val_160,train
val_1609,train
val_1610,train
val_1612,train
val_1615,train
val_1617,train
val_1638,train
val_1640,train
val_1645,train
val_1648,train
val_1651,train
val_1655,train
val_1658,train
val_1661,train
val_1665,train
val_1666,train
val_1667,train
val_1669,train
val_167,train
val_1670,train
val_1672,train
val_168,train
val_1685,train
val_1686,train
val_1693,train
val_1697,train
val_17,train
val_1700,train
val_1705,train
val_1706,train
val_1708,train
val_1709,train
val_1711,train
val_1717,train
val_1721,train
val_1723,train
val_173,train
val_1733,train
val_1734,train
val_1738,train
val_1740,train
val_1744,train
val_1746,train
val_1747,train
val_1749,train
val_1751,train
val_1764,train
val_1767,train
val_1773,train
val_1779,train
val_1780,train
val_1781,train
val_1787,train
val_1788,train
val_1789,train
val_1791,train
val_1796,train
val_1798,train
val_1799,train
val_1804,train
val_1806,train
val_1808,train
val_1809,train
val_1811,train
val_1813,train
val_1816,train
val_182,train
val_1820,train
val_1821,train
val_1824,train
val_1825,train
val_1827,train
val_1829,train
val_1830,train
val_1831,train
val_1834,train
val_1836,train
val_1837,train
val_1841,train
val_1842,train
val_1845,train
val_1848,train
val_1853,train
val_1854,train
val_1855,train
val_1857,train
val_1858,train
val_1862,train
val_1863,train
val_1869,train
val_1870,train
val_1881,train
val_1884,train
val_1888,train
val_189,train
val_1890,train
val_1891,train
val_1892,train
val_1893,train
val_19,train
val_1903,train
val_1909,train
val_1911,train
val_1912,train
val_1917,train
val_1920,train
val_1924,train
val_1925,train
val_1928,train
val_1930,train
val_1932,train
val_1937,train
val_1944,train
val_1949,train
val_1950,train
val_1951,train
val_1959,train
val_1962,train
val_1963,train
val_1964,train
val_197,train
val_1970,train
val_1971,train
val_1972,train
val_1974,train
val_1977,train
val_1980,train
val_1982,train
val_1987,train
val_1988,train
val_1992,train
val_1993,train
val_1998,train
val_2,train
val_2004,train
val_2006,train
val_2014,train
val_2024,train
val_2025,train
val_2026,train
val_2027,train
val_2031,train
val_2033,train
val_2037,train
val_2040,train
val_2050,train
val_2054,train
val_2057,train
val_2058,train
val_2059,train
val_206,train
val_2062,train
val_2063,train
val_2065,train
val_2068,train
val_2078,train
val_2079,train
val_2084,train
val_2091,train
val_2092,train
val_2094,train
val_2105,train
val_2110,train
val_2111,train
val_2112,train
val_2116,train
val_2120,train
val_2124,train
val_2127,train
val_2128,train
val_2131,train
val_2136,train
val_2140,train
val_215,train
val_2152,train
val_2157,train
val_2159,train
val_2163,train
val_2166,train
val_2167,train
val_2170,train
val_2173,train
val_2175,train
val_2181,train
val_2190,train
val_2195,train
val_22,train
val_2201,train
val_2204,train
val_2206,train
val_2207,train
val_2208,train
val_2209,train
val_2210,train
val_2211,train
val_2212,train
val_2220,train
val_2223,train
val_2225,train
val_2227,train
val_2231,train
val_2233,train
val_2234,train
val_2238,train
val_2248,train
val_2249,train
val_2258,train
val_2259,train
val_226,train
val_2260,train
val_2263,train
val_2267,train
val_2271,train
val_2278,train
val_2293,train
val_23,train
val_2304,train
val_2305,train
val_2310,train
val_2314,train
val_2318,train
val_2319,train
val_2321,train
val_2323,train
val_2325,train
val_2326,train
val_2334,train
val_2335,train
val_2337,train
val_2338,train
val_234,train
val_2343,train
val_2345,train
val_2347,train
val_2349,train
val_2351,train
val_236,train
val_2360,train
val_2365,train
val_2369,train
val_2372,train
val_2376,train
val_238,train
val_2384,train
val_2393,train
val_2395,train
val_2396,train
val_2398,train
val_2399,train
val_24,train
val_2402,train
val_2403,train
val_2410,train
val_2411,train
val_2414,train
val_2420,train
val_2421,train
val_2432,train
val_2434,train
val_2436,train
val_2437,train
val_2439,train
val_2442,train
val_2445,train
val_2448,train
val_2449,train
val_245,train
val_2455,train
val_2456,train
val_2457,train
val_246,train
val_2462,train
val_2463,train
val_247,train
val_2472,train
val_2473,train
val_2474,train
val_2476,train
val_2490,train
val_2491,train
val_2492,train
val_2495,train
val_2496,train
val_2497,train
val_2499,train
val_25,train
val_2504,train
val_2507,train
val_251,train
val_2513,train
val_2514,train
val_2517,train
val_2518,train
val_2519,train
val_2521,train
val_2522,train
val_2525,train
val_2527,train
val_2528,train
val_2529,train
val_253,train
val_2535,train
val_2536,train
val_2550,train
val_2551,train
val_2555,train
val_2556,train
val_2558,train
val_2563,train
val_2564,train
val_2571,train
val_2574,train
val_2575,train
val_2576,train
val_2578,train
val_2588,train
val_2595,train
val_2599,train
val_2601,train
val_2603,train
val_2607,train
val_2608,train
val_2609,train
val_2613,train
val_2616,train
val_2618,train
val_262,train
val_2621,train
val_2623,train
val_2625,train
val_2626,train
val_2627,train
val_2628,train
val_2631,train
val_2639,train
val_264,train
val_2641,train
val_2643,train
val_2646,train
val_265,train
val_2650,train
val_2653,train
val_2656,train
val_2657,train
val_2658,train
val_2668,train
val_2669,train
val_267,train
val_2670,train
val_2676,train
val_2686,train
val_2688,train
val_2690,train
val_2697,train
val_2698,train
val_2700,train
val_2702,train
val_2705,train
val_2708,train
val_271,train
val_2713,train
val_2715,train
val_2718,train
val_2719,train
val_272,train
val_2720,train
val_2721,train
val_2723,train
val_2726,train
val_2731,train
val_2734,train
val_2750,train
val_2751,train
val_2754,train
val_2757,train
val_2758,train
val_2761,train
val_2762,train
val_2764,train
val_2765,train
val_2770,train
val_2775,train
val_2779,train
val_278,train
val_2782,train
val_2786,train
val_2788,train
val_2791,train
val_2793,train
val_2803,train
val_2808,train
val_2813,train
val_2816,train
val_2821,train
val_2826,train
val_2827,train
val_283,train
val_2835,train
val_284,train
val_2845,train
val_2846,train
val_2847,train
val_2848,train
val_285,train
val_2850,train
val_2852,train
val_2859,train
val_286,train
val_2864,train
val_2877,train
val_2884,train
val_2888,train
val_2889,train
val_289,train
val_2890,train
val_2894,train
val_2895,train
val_29,train
val_2900,train
val_2903,train
val_2907,train
val_2916,train
val_293,train
val_2932,train
val_2936,train
val_2937,train
val_294,train
val_2942,train
val_2945,train
val_2947,train
val_2948,train
val_2950,train
val_2960,train
val_2964,train
val_2965,train
val_297,train
val_2970,train
val_2978,train
val_2979,train
val_2980,train
val_2992,train
val_2993,train
val_2994,train
val_2998,train
val_3000,train
val_3001,train
val_3003,train
val_3004,train
val_3005,train
val_3006,train
val_3009,train
val_3011,train
val_3013,train
val_3015,train
val_3016,train
val_3017,train
val_302,train
val_3021,train
val_3025,train
val_3026,train
val_3028,train
val_3029,train
val_3030,train
val_3032,train
val_3034,train
val_3036,train
val_3040,train
val_305,train
val_3050,train
val_3052,train
val_3053,train
val_3054,train
val_3055,train
val_3058,train
val_3062,train
val_3069,train
val_3071,train
val_3072,train
val_3074,train
val_3075,train
val_3077,train
val_308,train
val_3080,train
val_3082,train
val_3086,train
val_3091,train
val_3092,train
val_3098,train
val_3099,train
val_310,train
val_3106,train
val_3107,train
val_3110,train
val_3111,train
val_3113,train
val_3114,train
val_3122,train
val_3124,train
val_3127,train
val_3128,train
val_3130,train
val_3135,train
val_3136,train
val_3137,train
val_3143,train
val_3144,train
val_3146,train
val_3147,train
val_3150,train
val_3155,train
val_316,train
val_3160,train
val_3167,train
val_3169,train
val_3175,train
val_318,train
val_3186,train
val_3199,train
val_32,train
val_3200,train
val_3203,train
val_3206,train
val_3209,train
val_321,train
val_3219,train
val_322,train
val_3220,train
val_3223,train
val_3227,train
val_3232,train
val_3233,train
val_3235,train
val_3236,train
val_3237,train
val_3241,train
val_3242,train
val_3248,train
val_3249,train
val_325,train
val_3250,train
val_3253,train
val_3260,train
val_3263,train
val_3264,train
val_3268,train
val_3271,train
val_3274,train
val_328,train
val_3282,train
val_3287,train
val_3288,train
val_3295,train
val_3309,train
val_331,train
val_3310,train
val_3311,train
val_3318,train
val_3320,train
val_3321,train
val_3325,train
val_3330,train
val_3332,train
val_3336,train
val_3338,train
val_3339,train
val_334,train
val_3343,train
val_3346,train
val_3350,train
val_3351,train
val_3356,train
val_3358,train
val_3359,train
val_336,train
val_3360,train
val_3362,train
val_3363,train
val_3373,train
val_3374,train
val_3375,train
val_3376,train
val_3384,train
val_3391,train
val_3392,train
val_3397,train
val_3398,train
val_3403,train
val_3406,train
val_3407,train
val_3408,train
val_3412,train
val_3415,train
val_3419,train
val_3433,train
val_3434,train
val_3444,train
val_3445,train
val_3446,train
val_3453,train
val_3456,train
val_3459,train
val_3466,train
val_3467,train
val_3474,train
val_3477,train
val_3479,train
val_348,train
val_3486,train
val_3490,train
val_3491,train
val_3495,train
val_3496,train
val_3500,train
val_351,train
val_3511,train
val_3514,train
val_3517,train
val_3522,train
val_353,train
val_3530,train
val_3531,train
val_3538,train
val_354,train
val_3542,train
val_3543,train
val_3545,train
val_3548,train
val_355,train
val_3552,train
val_3556,train
val_3560,train
val_3562,train
val_3564,train
val_3568,train
val_3570,train
val_3571,train
val_3573,train
val_3575,train
val_3576,train
val_3581,train
val_3582,train
val_3586,train
val_3589,train
val_359,train
val_3590,train
val_3598,train
val_3603,train
val_3605,train
val_3606,train
val_3610,train
val_3611,train
val_3612,train
val_3617,train
val_3618,train
val_3625,train
val_3627,train
val_3631,train
val_3636,train
val_3639,train
val_3641,train
val_3645,train
val_3651,train
val_3660,train
val_3667,train
val_3668,train
val_3670,train
val_3671,train
val_3672,train
val_3673,train
val_3677,train
val_368,train
val_3680,train
val_3684,train
val_3694,train
val_3695,train
val_3696,train
val_37,train
val_3701,train
val_3707,train
val_3708,train
val_3709,train
val_3712,train
val_3715,train
val_3719,train
val_372,train
val_3720,train
val_3727,train
val_3728,train
val_3737,train
val_3750,train
val_3755,train
val_3758,train
val_376,train
val_3760,train
val_3761,train
val_3768,train
val_3771,train
val_3775,train
val_3780,train
val_3790,train
val_3793,train
val_3795,train
val_3800,train
val_3802,train
val_3810,train
val_382,train
val_3820,train
val_3821,train
val_3823,train
val_3824,train
val_3829,train
val_3834,train
val_3836,train
val_3848,train
val_385,train
val_3851,train
val_3854,train
val_3860,train
val_3861,train
val_3862,train
val_3864,train
val_3870,train
val_3876,train
val_3877,train
val_3878,train
val_388,train
val_3884,train
val_3886,train
val_3888,train
val_389,train
val_3895,train
val_3896,train
val_3907,train
val_3912,train
val_3913,train
val_392,train
val_3924,train
val_3929,train
val_3932,train
val_3940,train
val_3944,train
val_395,train
val_3954,train
val_3957,train
val_3963,train
val_3965,train
val_3967,train
val_3968,train
val_3970,train
val_3974,train
val_3979,train
val_3980,train
val_3982,train
val_3983,train
val_3984,train
val_3991,train
val_3992,train
val_3996,train
val_40,train
val_4004,train
val_4005,train
val_4006,train
val_4007,train
val_401,train
val_4012,train
val_4018,train
val_4023,train
val_4025,train
val_403,train
val_4039,train
val_4041,train
val_405,train
val_4057,train
val_4058,train
val_4068,train
val_4076,train
val_4083,train
val_4084,train
val_409,train
val_4095,train
val_4100,train
val_4102,train
val_4104,train
val_4106,train
val_4118,train
val_4119,train
val_4132,train
val_4134,train
val_4139,train
val_4140,train
val_4142,train
val_4155,train
val_4165,train
val_4169,train
val_417,train
val_4178,train
val_4179,train
val_418,train
val_4180,train
val_4182,train
val_4189,train
val_419,train
val_420,train
val_4207,train
val_4209,train
val_4210,train
val_4221,train
val_4234,train
val_4235,train
val_4245,train
val_4247,train
val_425,train
val_4254,train
val_4256,train
val_4259,train
val_4261,train
val_4266,train
val_4267,train
val_4268,train
val_4274,train
val_4279,train
val_428,train
val_4283,train
val_4289,train
val_429,train
val_4299,train
val_4300,train
val_4302,train
val_4304,train
val_4307,train
val_4308,train
val_4309,train
val_431,train
val_4313,train
val_4314,train
val_4316,train
val_4317,train
val_4321,train
val_4322,train
val_4325,train
val_4326,train
val_433,train
val_4330,train
val_4338,train
val_4342,train
val_4343,train
val_4345,train
val_4347,train
val_4348,train
val_4349,train
val_4353,train
val_4354,train
val_4355,train
val_436,train
val_4360,train
val_4361,train
val_4364,train
val_4368,train
val_4369,train
val_437,train
val_4371,train
val_4373,train
val_4375,train
val_4376,train
val_4381,train
val_4385,train
val_4390,train
val_4393,train
val_4395,train
val_4396,train
val_4400,train
val_4403,train
val_4406,train
val_4407,train
val_4410,train
val_4415,train
val_4420,train
val_4421,train
val_4423,train
val_4428,train
val_4429,train
val_443,train
val_4432,train
val_4435,train
val_444,train
val_4445,train
val_4446,train
val_4450,train
val_4455,train
val_4461,train
val_4467,train
val_4468,train
val_4475,train
val_4479,train
val_4480,train
val_4481,train
val_4483,train
val_4489,train
val_450,train
val_4504,train
val_4505,train
val_4510,train
val_4511,train
val_4512,train
val_4517,train
val_452,train
val_4520,train
val_4522,train
val_4526,train
val_4535,train
val_4538,train
val_4539,train
val_4549,train
val_4558,train
val_4562,train
val_4564,train
val_4566,train
val_4571,train
val_4572,train
val_4574,train
val_4585,train
val_4587,train
val_459,train
val_4593,train
val_4594,train
val_46,train
val_4606,train
val_4608,train
val_4616,train
val_4619,train
val_4620,train
val_4623,train
val_4632,train
val_4634,train
val_4635,train
val_4640,train
val_4641,train
val_4646,train
val_4651,train
val_4658,train
val_4666,train
val_4671,train
val_4672,train
val_4680,train
val_469,train
val_4690,train
val_4691,train
val_4696,train
val_4698,train
val_4699,train
val_47,train
val_4702,train
val_4704,train
val_4714,train
val_4715,train
val_4717,train
val_4719,train
val_4721,train
val_4722,train
val_4726,train
val_4728,train
val_4730,train
val_4734,train
val_4738,train
val_474,train
val_4740,train
val_4746,train
val_4751,train
val_4752,train
val_4753,train
val_4755,train
val_4756,train
val_4759,train
val_4762,train
val_4764,train
val_4765,train
val_4766,train
val_4769,train
val_477,train
val_4771,train
val_4775,train
val_4776,train
val_4782,train
val_479,train
val_4795,train
val_4797,train
val_4799,train
val_480,train
val_4801,train
val_4807,train
val_4810,train
val_4813,train
val_4823,train
val_4826,train
val_4827,train
val_4830,train
val_4833,train
val_4841,train
val_4843,train
val_4844,train
val_4846,train
val_4848,train
val_4849,train
val_4853,train
val_4854,train
val_4859,train
val_4862,train
val_4863,train
val_4865,train
val_487,train
val_4870,train
val_4880,train
val_4890,train
val_4892,train
val_4897,train
val_4898,train
val_4900,train
val_4904,train
val_4906,train
val_493,train
val_4938,train
val_494,train
val_4941,train
val_4948,train
val_4959,train
val_496,train
val_4961,train
val_4962,train
val_4970,train
val_4976,train
val_4983,train
val_4991,train
val_4995,train
val_500,train
val_501,train
val_5011,train
val_5018,train
val_502,train
val_5024,train
val_5028,train
val_5032,train
val_5041,train
val_5042,train
val_5045,train
val_5046,train
val_5052,train
val_5053,train
val_5054,train
val_5059,train
val_506,train
val_5063,train
val_5066,train
val_5069,train
val_507,train
val_5072,train
val_5076,train
val_508,train
val_5081,train
val_5091,train
val_5094,train
val_5096,train
val_510,train
val_5104,train
val_5105,train
val_5107,train
val_511,train
val_5112,train
val_5115,train
val_5116,train
val_512,train
val_5121,train
val_5125,train
val_5126,train
val_5128,train
val_5130,train
val_5135,train
val_5145,train
val_5148,train
val_5153,train
val_5155,train
val_5157,train
val_5162,train
val_5171,train
val_5172,train
val_5173,train
val_5174,train
val_5175,train
val_5178,train
val_5179,train
val_5188,train
val_5195,train
val_5196,train
val_5199,train
val_52,train
val_5200,train
val_5207,train
val_5208,train
val_5209,train
val_5210,train
val_5224,train
val_5225,train
val_5227,train
val_5228,train
val_5229,train
val_5230,train
val_5231,train
val_5232,train
val_5233,train
val_5234,train
val_5237,train
val_5238,train
val_524,train
val_5241,train
val_5245,train
val_5248,train
val_5249,train
val_5253,train
val_5254,train
val_5255,train
val_5261,train
val_5264,train
val_5267,train
val_5269,train
val_527,train
val_5271,train
val_5273,train
val_5279,train
val_5294,train
val_5295,train
val_5299,train
val_5301,train
val_5305,train
val_531,train
val_5312,train
val_5314,train
val_532,train
val_5324,train
val_5326,train
val_5329,train
val_5336,train
val_5342,train
val_5346,train
val_5347,train
val_5350,train
val_5362,train
val_5369,train
val_5371,train
val_5374,train
val_5375,train
val_5378,train
val_5379,train
val_5384,train
val_5386,train
val_5387,train
val_5388,train
val_5389,train
val_5399,train
val_5400,train
val_5407,train
val_5408,train
val_541,train
val_5410,train
val_5417,train
val_542,train
val_5422,train
val_5425,train
val_5426,train
val_5427,train
val_5429,train
val_5432,train
val_5444,train
val_5446,train
val_5447,train
val_5449,train
val_5450,train
val_5452,train
val_5454,train
val_5458,train
val_547,train
val_5471,train
val_5472,train
val_5477,train
val_5478,train
val_5486,train
val_5490,train
val_5492,train
val_5493,train
val_5495,train
val_5496,train
val_5498,train
val_5499,train
val_550,train
val_5500,train
val_5506,train
val_5509,train
val_551,train
val_5511,train
val_5513,train
val_5515,train
val_5516,train
val_5523,train
val_553,train
val_5532,train
val_5533,train
val_5536,train
val_5537,train
val_554,train
val_5540,train
val_5544,train
val_5547,train
val_5550,train
val_5558,train
val_5560,train
val_5561,train
val_5562,train
val_5564,train
val_5565,train
val_5574,train
val_5583,train
val_5592,train
val_5597,train
val_5598,train
val_5600,train
val_5602,train
val_5603,train
val_5607,train
val_5608,train
val_561,train
val_5610,train
val_5613,train
val_5616,train
val_5617,train
val_562,train
val_5621,train
val_5622,train
val_5626,train
val_5628,train
val_5629,train
val_5631,train
val_5634,train
val_5638,train
val_5641,train
val_5649,train
val_5653,train
val_5654,train
val_566,train
val_5664,train
val_5669,train
val_5676,train
val_5681,train
val_5683,train
val_5686,train
val_5687,train
val_5688,train
val_5690,train
val_5691,train
val_5696,train
val_5700,train
val_5708,train
val_5714,train
val_5715,train
val_5719,train
val_5721,train
val_5723,train
val_5724,train
val_5728,train
val_5730,train
val_5736,train
val_5737,train
val_5740,train
val_5745,train
val_5748,train
val_575,train
val_5753,train
val_5768,train
val_577,train
val_5770,train
val_5771,train
val_5777,train
val_5779,train
val_5780,train
val_5783,train
val_5784,train
val_5786,train
val_579,train
val_5793,train
val_5794,train
val_5798,train
val_5800,train
val_5802,train
val_5805,train
val_5806,train
val_5807,train
val_5811,train
val_5815,train
val_5818,train
val_5819,train
val_5821,train
val_5828,train
val_5832,train
val_5842,train
val_5846,train
val_5847,train
val_5850,train
val_586,train
val_5860,train
val_5864,train
val_5865,train
val_5866,train
val_5867,train
val_5870,train
val_5875,train
val_5878,train
val_5881,train
val_5883,train
val_5885,train
val_5887,train
val_5890,train
val_5893,train
val_59,train
val_5902,train
val_5904,train
val_5905,train
val_5912,train
val_5916,train
val_5918,train
val_5920,train
val_5921,train
val_5924,train
val_5926,train
val_593,train
val_5931,train
val_5933,train
val_5935,train
val_5936,train
val_5942,train
val_595,train
val_5951,train
val_596,train
val_5961,train
val_597,train
val_5976,train
val_598,train
val_5985,train
val_5987,train
val_5993,train
val_5997,train
val_5999,train
val_6,train
val_60,train
val_6000,train
val_6008,train
val_6013,train
val_6014,train
val_6016,train
val_6025,train
val_6026,train
val_6027,train
val_6028,train
val_603,train
val_6032,train
val_6035,train
val_6038,train
val_6044,train
val_6047,train
val_605,train
val_6062,train
val_6063,train
val_607,train
val_6072,train
val_6076,train
val_6077,train
val_6079,train
val_6085,train
val_6089,train
val_6090,train
val_6091,train
val_6097,train
val_6102,train
val_6103,train
val_6105,train
val_6107,train
val_6108,train
val_611,train
val_6113,train
val_6118,train
val_6120,train
val_6121,train
val_6127,train
val_6128,train
val_613,train
val_6131,train
val_6138,train
val_6156,train
val_6159,train
val_6170,train
val_6171,train
val_6174,train
val_6175,train
val_6177,train
val_6178,train
val_6179,train
val_6181,train
val_6183,train
val_6184,train
val_6185,train
val_6192,train
val_6196,train
val_6197,train
val_6200,train
val_6203,train
val_6205,train
val_6206,train
val_6207,train
val_6208,train
val_6211,train
val_6215,train
val_6219,train
val_6228,train
val_623,train
val_6236,train
val_624,train
val_6244,train
val_625,train
val_6253,train
val_6254,train
val_6257,train
val_6261,train
val_6265,train
val_6268,train
val_6269,train
val_6270,train
val_6272,train
val_6278,train
val_6288,train
val_6289,train
val_6293,train
val_6297,train
val_6302,train
val_6307,train
val_6310,train
val_6316,train
val_6320,train
val_6329,train
val_6330,train
val_6333,train
val_6340,train
val_6344,train
val_6345,train
val_6346,train
val_6350,train
val_6354,train
val_6355,train
val_6357,train
val_6360,train
val_6361,train
val_6369,train
val_637,train
val_6374,train
val_6376,train
val_6380,train
val_6384,train
val_6385,train
val_6388,train
val_6391,train
val_6395,train
val_6397,train
val_6398,train
val_640,train
val_6401,train
val_6403,train
val_6409,train
val_6410,train
val_6411,train
val_6412,train
val_6414,train
val_6421,train
val_6422,train
val_6428,train
val_6429,train
val_6430,train
val_6438,train
val_644,train
val_6440,train
val_6441,train
val_6442,train
val_6446,train
val_6453,train
val_6454,train
val_6455,train
val_646,train
val_6461,train
val_6466,train
val_6469,train
val_647,train
val_6473,train
val_6475,train
val_6476,train
val_6477,train
val_6478,train
val_6479,train
val_6482,train
val_6486,train
val_6489,train
val_6493,train
val_6496,train
val_6497,train
val_650,train
val_6501,train
val_6503,train
val_6504,train
val_6508,train
val_6510,train
val_6516,train
val_6519,train
val_6525,train
val_6537,train
val_6538,train
val_6539,train
val_6540,train
val_6543,train
val_6552,train
val_6571,train
val_6583,train
val_6585,train
val_6587,train
val_6589,train
val_659,train
val_6595,train
val_6596,train
val_66,train
val_6603,train
val_6608,train
val_6613,train
val_6621,train
val_6622,train
val_6627,train
val_6628,train
val_6631,train
val_6632,train
val_6633,train
val_6634,train
val_6635,train
val_6639,train
val_664,train
val_6649,train
val_6651,train
val_6652,train
val_666,train
val_6661,train
val_6665,train
val_6666,train
val_6669,train
val_6673,train
val_6679,train
val_6680,train
val_6684,train
val_6691,train
val_6696,train
val_6698,train
val_67,train
val_6701,train
val_6708,train
val_6711,train
val_6713,train
val_6714,train
val_6716,train
val_6723,train
val_6725,train
val_6726,train
val_6727,train
val_6728,train
val_6734,train
val_6741,train
val_6743,train
val_6746,train
val_675,train
val_6752,train
val_6759,train
val_6764,train
val_6766,train
val_6768,train
val_6769,train
val_6774,train
val_6782,train
val_6786,train
val_6789,train
val_679,train
val_6792,train
val_6802,train
val_6803,train
val_6805,train
val_681,train
val_6812,train
val_6813,train
val_6815,train
val_6816,train
val_6825,train
val_6832,train
val_6834,train
val_6837,train
val_6839,train
val_684,train
val_6844,train
val_6846,train
val_6848,train
val_6854,train
val_6859,train
val_686,train
val_6864,train
val_6867,train
val_6868,train
val_6869,train
val_6871,train
val_6875,train
val_6879,train
val_6881,train
val_6883,train
val_6888,train
val_6889,train
val_6890,train
val_6897,train
val_69,train
val_690,train
val_6904,train
val_6910,train
val_6911,train
val_6912,train
val_6916,train
val_6918,train
val_692,train
val_6923,train
val_6927,train
val_6929,train
val_693,train
val_6934,train
val_6938,train
val_6939,train
val_6941,train
val_6945,train
val_6951,train
val_6956,train
val_6960,train
val_6966,train
val_6967,train
val_6969,train
val_6974,train
val_698,train
val_6990,train
val_6993,train
val_6994,train
val_6996,train
val_6999,train
val_7000,train
val_7001,train
val_7006,train
val_701,train
val_7014,train
val_7016,train
val_7017,train
val_702,train
val_7023,train
val_7024,train
val_7028,train
val_7030,train
val_7032,train
val_7034,train
val_7035,train
val_7037,train
val_704,train
val_7050,train
val_7051,train
val_7058,train
val_706,train
val_7060,train
val_7062,train
val_7068,train
val_7073,train
val_7079,train
val_708,train
val_7087,train
val_7091,train
val_7092,train
val_7093,train
val_7102,train
val_7113,train
val_7119,train
val_7120,train
val_7121,train
val_7122,train
val_7124,train
val_7126,train
val_713,train
val_7131,train
val_7132,train
val_7133,train
val_7135,train
val_7136,train
val_7139,train
val_714,train
val_7140,train
val_7146,train
val_7151,train
val_7158,train
val_7165,train
val_7169,train
val_7171,train
val_7172,train
val_7174,train
val_7176,train
val_7184,train
val_7195,train
val_7199,train
val_72,train
val_7200,train
val_7205,train
val_7210,train
val_7213,train
val_7214,train
val_7216,train
val_7219,train
val_722,train
val_7220,train
val_7223,train
val_7231,train
val_7233,train
val_7236,train
val_7237,train
val_724,train
val_7243,train
val_7249,train
val_7256,train
val_7259,train
val_7261,train
val_7263,train
val_7265,train
val_7266,train
val_7268,train
val_7269,train
val_7270,train
val_7272,train
val_7278,train
val_728,train
val_7281,train
val_7283,train
val_7285,train
val_7286,train
val_7289,train
val_7290,train
val_7291,train
val_7295,train
val_730,train
val_7304,train
val_7307,train
val_7315,train
val_7316,train
val_7317,train
val_7319,train
val_732,train
val_7321,train
val_7324,train
val_7326,train
val_7327,train
val_7331,train
val_7339,train
val_7340,train
val_7343,train
val_7355,train
val_7357,train
val_7369,train
val_7376,train
val_7378,train
val_7384,train
val_7387,train
val_7389,train
val_7392,train
val_7396,train
val_7397,train
val_74,train
val_7400,train
val_7401,train
val_7404,train
val_7407,train
val_7408,train
val_741,train
val_7412,train
val_7413,train
val_7414,train
val_7415,train
val_7416,train
val_7418,train
val_742,train
val_7422,train
val_7425,train
val_7428,train
val_7429,train
val_7442,train
val_7446,train
val_745,train
val_7452,train
val_7459,train
val_7460,train
val_7462,train
val_7465,train
val_7467,train
val_7470,train
val_7480,train
val_7483,train
val_7485,train
val_7491,train
val_7495,train
val_7497,train
val_75,train
val_750,train
val_755,train
val_756,train
val_758,train
val_760,train
val_762,train
val_768,train
val_769,train
val_770,train
val_771,train
val_773,train
val_775,train
val_776,train
val_781,train
val_786,train
val_79,train
val_791,train
val_792,train
val_80,train
val_800,train
val_804,train
val_806,train
val_808,train
val_812,train
val_820,train
val_825,train
val_83,train
val_834,train
val_837,train
val_840,train
val_846,train
val_850,train
val_855,train
val_859,train
val_86,train
val_863,train
val_864,train
val_867,train
val_868,train
val_869,train
val_876,train
val_883,train
val_888,train
val_889,train
val_892,train
val_893,train
val_894,train
val_895,train
val_896,train
val_899,train
val_901,train
val_902,train
val_910,train
val_911,train
val_917,train
val_923,train
val_925,train
val_927,train
val_928,train
val_929,train
val_931,train
val_932,train
val_935,train
val_937,train
val_94,train
val_947,train
val_948,train
val_955,train
val_958,train
val_96,train
val_962,train
val_968,train
val_969,train
val_97,train
val_976,train
val_981,train
val_992,train
val_994,train
val_996,train
val_999,train
