record_id,split
gossipcop-1000240645,train
gossipcop-1000908841,train
gossipcop-1009248558,train
gossipcop-1012123555,train
gossipcop-1014383679,train
gossipcop-1014616559,train
gossipcop-1014636162,train
gossipcop-1020220396,train
gossipcop-1020335052,train
gossipcop-1023576750,train
gossipcop-1023869303,train
gossipcop-1026488145,train
gossipcop-1026793571,train
gossipcop-1032468824,train
gossipcop-1032664975,train
gossipcop-1036952493,train
gossipcop-1042406339,train
gossipcop-1043854322,train
gossipcop-1044110130,train
gossipcop-10448753,train
gossipcop-1046566535,train
gossipcop-1051213706,train
gossipcop-1051672830,train
gossipcop-1053975112,train
gossipcop-1055577574,train
gossipcop-1059489954,train
gossipcop-1064799299,train
gossipcop-106514171,train
gossipcop-1066426271,train
gossipcop-1066584446,train
gossipcop-1074471318,train
gossipcop-1075873295,train
gossipcop-1077224233,train
gossipcop-1086231022,train
gossipcop-109358738,train
gossipcop-109561633,train
gossipcop-1099516198,train
gossipcop-1102022663,train
gossipcop-1103113292,train
gossipcop-1103229113,train
gossipcop-1105091447,train
gossipcop-1105344661,train
gossipcop-1107520962,train
gossipcop-1113442022,train
gossipcop-1114105172,train
gossipcop-1115907121,train
gossipcop-1120081991,train
gossipcop-1120099314,train
gossipcop-1126928115,train
gossipcop-1127889925,train
gossipcop-1131624656,train
gossipcop-1134125875,train
gossipcop-1138885480,train
gossipcop-1143106542,train
gossipcop-1143311659,train
gossipcop-11452309,train
gossipcop-1151972925,train
gossipcop-1154955596,train
gossipcop-1156925967,train
gossipcop-117212997,train
gossipcop-1174330891,train
gossipcop-1177821751,train
gossipcop-1181298966,train
gossipcop-1185219723,train
gossipcop-1186645827,train
gossipcop-1188213997,train
gossipcop-1188816168,train
gossipcop-1188990128,train
gossipcop-1193497689,train
gossipcop-1196788294,train
gossipcop-12007541,train
gossipcop-1202546208,train
gossipcop-120348930,train
gossipcop-1204805620,train
gossipcop-1210617536,train
gossipcop-1211038093,train
gossipcop-1211097930,train
gossipcop-1212267256,train
gossipcop-1219244678,train
gossipcop-1220539977,train
gossipcop-1225099614,train
gossipcop-1227116639,train
gossipcop-1229259214,train
gossipcop-1239218320,train
gossipcop-1240952671,train
gossipcop-1241528475,train
gossipcop-1247287686,train
gossipcop-1247316129,train
gossipcop-1249049450,train
gossipcop-1250694086,train
gossipcop-1251383153,train
gossipcop-1252725097,train
gossipcop-1258552214,train
gossipcop-1260082508,train
gossipcop-1260669047,train
gossipcop-1260836518,train
gossipcop-1266666545,train
gossipcop-1266889667,train
gossipcop-1271062242,train
gossipcop-1277601040,train
gossipcop-1277722904,train
gossipcop-1284230032,train
gossipcop-1285599496,train
gossipcop-1287068479,train
gossipcop-1288551520,train
gossipcop-1289487505,train
gossipcop-12955535,train
gossipcop-1295868519,train
gossipcop-1297626508,train
gossipcop-129798707,train
gossipcop-1300270872,train
gossipcop-1305114310,train
gossipcop-1313702744,train
gossipcop-1315164180,train
gossipcop-1323947612,train
gossipcop-1333002237,train
gossipcop-1336256939,train
gossipcop-1337287055,train
gossipcop-1339876563,train
gossipcop-1349893263,train
gossipcop-1353842476,train
gossipcop-1360722071,train
gossipcop-1361315567,train
gossipcop-1363170506,train
gossipcop-1364865137,train
gossipcop-1366889953,train
gossipcop-1369753636,train
gossipcop-1369804075,train
gossipcop-1375570271,train
gossipcop-1380587821,train
gossipcop-1380729469,train
gossipcop-1381944265,train
gossipcop-138407761,train
gossipcop-1385937069,train
gossipcop-1386564222,train
gossipcop-1393324921,train
gossipcop-1394099574,train
gossipcop-1398125520,train
gossipcop-1398141248,train
gossipcop-1398529432,train
gossipcop-1398658128,train
gossipcop-140849966,train
gossipcop-1410317058,train
gossipcop-1410407190,train
gossipcop-1410900558,train
gossipcop-1416257068,train
gossipcop-1417462600,train
gossipcop-141965938,train
gossipcop-1424848077,train
gossipcop-1426832166,train
gossipcop-1432833690,train
gossipcop-1433840923,train
gossipcop-1434380198,train
gossipcop-1440280874,train
gossipcop-1445432909,train
gossipcop-1448464423,train
gossipcop-1448667119,train
gossipcop-1450195626,train
gossipcop-1452761710,train
gossipcop-1455024839,train
gossipcop-1457963353,train
gossipcop-1463233478,train
gossipcop-1464042891,train
gossipcop-1470939687,train
gossipcop-1472949555,train
gossipcop-1475623156,train
gossipcop-1477811185,train
gossipcop-1485390858,train
gossipcop-1488759008,train
gossipcop-1494351955,train
gossipcop-1497308886,train
gossipcop-1500346265,train
gossipcop-1500371630,train
gossipcop-1500928748,train
gossipcop-1501322357,train
gossipcop-1501672732,train
gossipcop-1512858640,train
gossipcop-1515227891,train
gossipcop-1517816546,train
gossipcop-1518320128,train
gossipcop-1525600180,train
gossipcop-1526103103,train
gossipcop-152704263,train
gossipcop-1527288531,train
gossipcop-1529722227,train
gossipcop-1532318228,train
gossipcop-1532524505,train
gossipcop-1533690826,train
gossipcop-1536008610,train
gossipcop-1537399397,train
gossipcop-1540378275,train
gossipcop-1541245230,train
gossipcop-1548037832,train
gossipcop-1548429285,train
gossipcop-1549735722,train
gossipcop-1550146636,train
gossipcop-155150728,train
gossipcop-1555796015,train
gossipcop-1558789806,train
gossipcop-1558798692,train
gossipcop-1559218288,train
gossipcop-1560439096,train
gossipcop-1563620722,train
gossipcop-157100313,train
gossipcop-1575659892,train
gossipcop-1577558126,train
gossipcop-1578034404,train
gossipcop-157955109,train
gossipcop-158160541,train
gossipcop-1583787323,train
gossipcop-1584523188,train
gossipcop-1589096459,train
gossipcop-1589416456,train
gossipcop-1594116936,train
gossipcop-1594778479,train
gossipcop-1601939859,train
gossipcop-1603093548,train
gossipcop-1603411545,train
gossipcop-1603768996,train
gossipcop-1605279754,train
gossipcop-1607820555,train
gossipcop-1608650114,train
gossipcop-1609349373,train
gossipcop-1612788737,train
gossipcop-1613202366,train
gossipcop-1614963098,train
gossipcop-161502525,train
gossipcop-1615677123,train
gossipcop-1617999521,train
gossipcop-1619644929,train
gossipcop-1625086607,train
gossipcop-16254156,train
gossipcop-1628359937,train
gossipcop-1634815619,train
gossipcop-1635033289,train
gossipcop-1635803164,train
gossipcop-1636531105,train
gossipcop-1637698980,train
gossipcop-163977799,train
gossipcop-1640600260,train
gossipcop-1652388517,train
gossipcop-1655240353,train
gossipcop-1656652339,train
gossipcop-1658391416,train
gossipcop-165933944,train
gossipcop-1659503489,train
gossipcop-166090243,train
gossipcop-1669884594,train
gossipcop-1669955471,train
gossipcop-1670598693,train
gossipcop-1670898356,train
gossipcop-1674483293,train
gossipcop-1675667628,train
gossipcop-1677884979,train
gossipcop-1679060929,train
gossipcop-1680459589,train
gossipcop-1680756957,train
gossipcop-168175528,train
gossipcop-1686501961,train
gossipcop-1687971687,train
gossipcop-1689421323,train
gossipcop-1691783074,train
gossipcop-1692898142,train
gossipcop-1694402592,train
gossipcop-1698913031,train
gossipcop-1698969036,train
gossipcop-1700268836,train
gossipcop-1700296100,train
gossipcop-1702570445,train
gossipcop-1704742043,train
gossipcop-1705101669,train
gossipcop-1711006420,train
gossipcop-1711630759,train
gossipcop-1712346836,train
gossipcop-1714394663,train
gossipcop-1716205275,train
gossipcop-1716370499,train
gossipcop-1716950828,train
gossipcop-1718137654,train
gossipcop-1720994729,train
gossipcop-1727573767,train
gossipcop-1732632475,train
gossipcop-173381532,train
gossipcop-1738357324,train
gossipcop-1742215906,train
gossipcop-1743922880,train
gossipcop-1745549479,train
gossipcop-1748374912,train
gossipcop-1748893181,train
gossipcop-1749251349,train
gossipcop-174999294,train
gossipcop-1753721453,train
gossipcop-1755779346,train
gossipcop-1757374802,train
gossipcop-175866555,train
gossipcop-1761311625,train
gossipcop-1764765812,train
gossipcop-1768508809,train
gossipcop-1769520881,train
gossipcop-1770549032,train
gossipcop-1772617315,train
gossipcop-1773639736,train
gossipcop-1778809739,train
gossipcop-1781205269,train
gossipcop-1783115695,train
gossipcop-1784520868,train
gossipcop-1788127353,train
gossipcop-1788272839,train
gossipcop-1789973138,train
gossipcop-179256935,train
gossipcop-1793704698,train
gossipcop-1794650088,train
gossipcop-1795963099,train
gossipcop-1797789619,train
gossipcop-1799327317,train
gossipcop-180345132,train
gossipcop-1806451551,train
gossipcop-1810948294,train
gossipcop-1811699604,train
gossipcop-1812006033,train
gossipcop-1813624081,train
gossipcop-1816984525,train
gossipcop-181752125,train
gossipcop-1818759378,train
gossipcop-1819145958,train
gossipcop-1821899661,train
gossipcop-1823945424,train
gossipcop-1828135129,train
gossipcop-1832654937,train
gossipcop-1834960333,train
gossipcop-1836357490,train
gossipcop-1841563062,train
gossipcop-1841631792,train
gossipcop-1843377871,train
gossipcop-1843695308,train
gossipcop-184439773,train
gossipcop-1849541375,train
gossipcop-185105069,train
gossipcop-1852746781,train
gossipcop-1858381621,train
gossipcop-1858591919,train
gossipcop-1858824870,train
gossipcop-1859502594,train
gossipcop-1860207757,train
gossipcop-1863545463,train
gossipcop-1871620468,train
gossipcop-1877431797,train
gossipcop-1885458697,train
gossipcop-1885887731,train
gossipcop-1887517434,train
gossipcop-1888140912,train
gossipcop-1888291843,train
gossipcop-189024222,train
gossipcop-1893175436,train
gossipcop-1897931921,train
gossipcop-1898048866,train
gossipcop-1901912137,train
gossipcop-1903074961,train
gossipcop-1903137947,train
gossipcop-1904248445,train
gossipcop-190525100,train
gossipcop-1905729180,train
gossipcop-1908732473,train
gossipcop-1909076702,train
gossipcop-191156688,train
gossipcop-1912691606,train
gossipcop-1914781905,train
gossipcop-1919418708,train
gossipcop-1920823190,train
gossipcop-1928968897,train
gossipcop-1929736766,train
gossipcop-1934036410,train
gossipcop-1942196966,train
gossipcop-1950567758,train
gossipcop-1952316280,train
gossipcop-1954289539,train
gossipcop-1955766846,train
gossipcop-1956991247,train
gossipcop-1957482622,train
gossipcop-1959268734,train
gossipcop-1960059295,train
gossipcop-1960381072,train
gossipcop-1968675605,train
gossipcop-197053823,train
gossipcop-1975320125,train
gossipcop-1982854556,train
gossipcop-1985203952,train
gossipcop-1985988712,train
gossipcop-1987636422,train
gossipcop-1991455469,train
gossipcop-1994380875,train
gossipcop-1995680109,train
gossipcop-1998076621,train
gossipcop-2004562842,train
gossipcop-2008641429,train
gossipcop-2009291305,train
gossipcop-2016231201,train
gossipcop-201837745,train
gossipcop-2019733185,train
gossipcop-20216430,train
gossipcop-2024808843,train
gossipcop-2028638826,train
gossipcop-2029753949,train
gossipcop-2036164839,train
gossipcop-2036408420,train
gossipcop-2045311114,train
gossipcop-2049352387,train
gossipcop-2054806535,train
gossipcop-2055017380,train
gossipcop-2064470814,train
gossipcop-2065033867,train
gossipcop-2070684253,train
gossipcop-2076682877,train
gossipcop-207678159,train
gossipcop-2077133127,train
gossipcop-2079115991,train
gossipcop-2079600940,train
gossipcop-2084469571,train
gossipcop-2088192726,train
gossipcop-2089437072,train
gossipcop-209087221,train
gossipcop-2093750108,train
gossipcop-2096283948,train
gossipcop-2106563544,train
gossipcop-2108146336,train
gossipcop-2109585389,train
gossipcop-2111229547,train
gossipcop-2111996495,train
gossipcop-2116458,train
gossipcop-211703249,train
gossipcop-2118843089,train
gossipcop-2120490422,train
gossipcop-2121835149,train
gossipcop-2122263353,train
gossipcop-2123039224,train
gossipcop-2123292210,train
gossipcop-2123350375,train
gossipcop-2133150152,train
gossipcop-213925729,train
gossipcop-2139623414,train
gossipcop-214133115,train
gossipcop-2141534115,train
gossipcop-2160787427,train
gossipcop-2161541420,train
gossipcop-2161763691,train
gossipcop-2163338800,train
gossipcop-2163834619,train
gossipcop-2167384102,train
gossipcop-2168621405,train
gossipcop-2169490620,train
gossipcop-2172181860,train
gossipcop-2174360677,train
gossipcop-2176268957,train
gossipcop-2176444484,train
gossipcop-2179388246,train
gossipcop-2179465980,train
gossipcop-2179600480,train
gossipcop-2181992320,train
gossipcop-2182023698,train
gossipcop-218256509,train
gossipcop-2183908850,train
gossipcop-2190333050,train
gossipcop-2194626931,train
gossipcop-2195629738,train
gossipcop-2198033075,train
gossipcop-2198752369,train
gossipcop-2199307032,train
gossipcop-2204574008,train
gossipcop-2205318349,train
gossipcop-220541845,train
gossipcop-2210180379,train
gossipcop-2210288941,train
gossipcop-2214746780,train
gossipcop-2214871663,train
gossipcop-2220392042,train
gossipcop-2220709136,train
gossipcop-222305674,train
gossipcop-2225119088,train
gossipcop-22281334,train
gossipcop-2230273583,train
gossipcop-223393871,train
gossipcop-2238070228,train
gossipcop-2241809477,train
gossipcop-2241879365,train
gossipcop-2243489428,train
gossipcop-2244659846,train
gossipcop-2247616847,train
gossipcop-2247826510,train
gossipcop-2249523915,train
gossipcop-224954887,train
gossipcop-2249919769,train
gossipcop-2253480981,train
gossipcop-2253796084,train
gossipcop-2257691504,train
gossipcop-22610604,train
gossipcop-2265581126,train
gossipcop-2266317886,train
gossipcop-2267083763,train
gossipcop-2268522877,train
gossipcop-2277402152,train
gossipcop-2279820101,train
gossipcop-2280130912,train
gossipcop-2283875293,train
gossipcop-2287631382,train
gossipcop-2292535250,train
gossipcop-2294122233,train
gossipcop-2299557143,train
gossipcop-2303457681,train
gossipcop-2311443163,train
gossipcop-2311657471,train
gossipcop-2313840819,train
gossipcop-2315745010,train
gossipcop-2317778987,train
gossipcop-2319612469,train
gossipcop-2325058991,train
gossipcop-2326214787,train
gossipcop-2332731598,train
gossipcop-2333053579,train
gossipcop-2333766473,train
gossipcop-2335021732,train
gossipcop-2336869197,train
gossipcop-2338328497,train
gossipcop-2341104097,train
gossipcop-2343200806,train
gossipcop-2346813694,train
gossipcop-2362638360,train
gossipcop-236447602,train
gossipcop-2365780434,train
gossipcop-2365987922,train
gossipcop-2368835056,train
gossipcop-2369722026,train
gossipcop-2375563556,train
gossipcop-2377360127,train
gossipcop-2384909612,train
gossipcop-2388806885,train
gossipcop-2389711269,train
gossipcop-2389838515,train
gossipcop-2389938114,train
gossipcop-2394982572,train
gossipcop-2396953914,train
gossipcop-2401725141,train
gossipcop-2405182303,train
gossipcop-2406635871,train
gossipcop-2408301637,train
gossipcop-2409856306,train
gossipcop-2409992269,train
gossipcop-2414287507,train
gossipcop-2415967432,train
gossipcop-2418065637,train
gossipcop-2419353601,train
gossipcop-2419841037,train
gossipcop-242084790,train
gossipcop-2422935746,train
gossipcop-2425399472,train
gossipcop-2426265642,train
gossipcop-2440909274,train
gossipcop-2441780963,train
gossipcop-244228966,train
gossipcop-2442366113,train
gossipcop-2443258010,train
gossipcop-2446217151,train
gossipcop-2452927941,train
gossipcop-246415674,train
gossipcop-2465874790,train
gossipcop-2469835068,train
gossipcop-2472082245,train
gossipcop-2475893366,train
gossipcop-2478967614,train
gossipcop-2480559335,train
gossipcop-2486264114,train
gossipcop-248661844,train
gossipcop-2490475291,train
gossipcop-2491524812,train
gossipcop-2493253446,train
gossipcop-2493749932,train
gossipcop-2495820451,train
gossipcop-2497566378,train
gossipcop-2497898226,train
gossipcop-2499277246,train
gossipcop-2499994250,train
gossipcop-2500579008,train
gossipcop-2504208932,train
gossipcop-2504785566,train
gossipcop-2509626865,train
gossipcop-2514104692,train
gossipcop-2516063271,train
gossipcop-2516712786,train
gossipcop-2517493842,train
gossipcop-2518380754,train
gossipcop-2521468597,train
gossipcop-2526600945,train
gossipcop-2526708994,train
gossipcop-2527168819,train
gossipcop-2528628961,train
gossipcop-253060842,train
gossipcop-2532348673,train
gossipcop-2534782233,train
gossipcop-2540118682,train
gossipcop-2540748672,train
gossipcop-254760936,train
gossipcop-2547891536,train
gossipcop-2548751922,train
gossipcop-2550534910,train
gossipcop-2552051738,train
gossipcop-2561076686,train
gossipcop-2568949699,train
gossipcop-2571986507,train
gossipcop-2575033608,train
gossipcop-2575330358,train
gossipcop-2578612801,train
gossipcop-257933786,train
gossipcop-2582000806,train
gossipcop-2582494606,train
gossipcop-2586454156,train
gossipcop-2589181519,train
gossipcop-259465146,train
gossipcop-2595922573,train
gossipcop-2598894593,train
gossipcop-2599271422,train
gossipcop-2605079092,train
gossipcop-2615005056,train
gossipcop-2617368190,train
gossipcop-2619660126,train
gossipcop-2621057085,train
gossipcop-2623280525,train
gossipcop-2627900593,train
gossipcop-2628357669,train
gossipcop-2634690154,train
gossipcop-2634704496,train
gossipcop-2635899873,train
gossipcop-2637418294,train
gossipcop-2645053513,train
gossipcop-2656627439,train
gossipcop-2656814899,train
gossipcop-2658883454,train
gossipcop-2660893594,train
gossipcop-2661113454,train
gossipcop-2661956005,train
gossipcop-266203600,train
gossipcop-2662154659,train
gossipcop-2662977852,train
gossipcop-2663107661,train
gossipcop-2674343561,train
gossipcop-2677307692,train
gossipcop-2679027715,train
gossipcop-2679429994,train
gossipcop-2680204408,train
gossipcop-2680895146,train
gossipcop-2681102737,train
gossipcop-2682199068,train
gossipcop-2683046680,train
gossipcop-2685135840,train
gossipcop-2689700497,train
gossipcop-2693483373,train
gossipcop-2695444481,train
gossipcop-2695882297,train
gossipcop-2697600454,train
gossipcop-2702593960,train
gossipcop-2705852570,train
gossipcop-2710044770,train
gossipcop-2710743535,train
gossipcop-2711561713,train
gossipcop-271390612,train
gossipcop-2718672618,train
gossipcop-2719250900,train
gossipcop-2723098494,train
gossipcop-2723724780,train
gossipcop-2727285145,train
gossipcop-2727495678,train
gossipcop-2731212717,train
gossipcop-2731725465,train
gossipcop-2734628654,train
gossipcop-2743556403,train
gossipcop-2745072180,train
gossipcop-2747402590,train
gossipcop-2752076392,train
gossipcop-2752276608,train
gossipcop-275670342,train
gossipcop-2758755086,train
gossipcop-2758817682,train
gossipcop-2762135652,train
gossipcop-2762182297,train
gossipcop-2762780060,train
gossipcop-2764114263,train
gossipcop-2765920062,train
gossipcop-2772637599,train
gossipcop-2778253719,train
gossipcop-2779044405,train
gossipcop-2785640774,train
gossipcop-2786562171,train
gossipcop-2793849567,train
gossipcop-2796368055,train
gossipcop-2798661238,train
gossipcop-2799311243,train
gossipcop-2800986881,train
gossipcop-2801595685,train
gossipcop-2803104098,train
gossipcop-2803748870,train
gossipcop-281278607,train
gossipcop-2817863987,train
gossipcop-2819245019,train
gossipcop-2825394838,train
gossipcop-28284230,train
gossipcop-2830084039,train
gossipcop-2836480555,train
gossipcop-2836486240,train
gossipcop-2837118817,train
gossipcop-2841919245,train
gossipcop-2843886896,train
gossipcop-2844019630,train
gossipcop-2847371632,train
gossipcop-2850498997,train
gossipcop-2851107288,train
gossipcop-2852717230,train
gossipcop-2853783393,train
gossipcop-2854321309,train
gossipcop-2856325908,train
gossipcop-2859753224,train
gossipcop-2860022327,train
gossipcop-2862456586,train
gossipcop-2870728999,train
gossipcop-2870787911,train
gossipcop-2873467495,train
gossipcop-2874033235,train
gossipcop-2875496174,train
gossipcop-2881365356,train
gossipcop-2887124659,train
gossipcop-2893204024,train
gossipcop-289348746,train
gossipcop-289387905,train
gossipcop-28951896,train
gossipcop-2895484840,train
gossipcop-2896734550,train
gossipcop-2903554487,train
gossipcop-2910765466,train
gossipcop-2913146907,train
gossipcop-29199720,train
gossipcop-2920108044,train
gossipcop-2936134282,train
gossipcop-293723332,train
gossipcop-2940159199,train
gossipcop-2940775250,train
gossipcop-294333617,train
gossipcop-2950727916,train
gossipcop-2955490929,train
gossipcop-2962102677,train
gossipcop-2964421045,train
gossipcop-2965059427,train
gossipcop-2965180574,train
gossipcop-2967771120,train
gossipcop-2968759787,train
gossipcop-2970312744,train
gossipcop-2970470770,train
gossipcop-2970855725,train
gossipcop-2971458461,train
gossipcop-297212227,train
gossipcop-2974540721,train
gossipcop-2981124886,train
gossipcop-2981171702,train
gossipcop-2982734156,train
gossipcop-2986942414,train
gossipcop-2993074213,train
gossipcop-2994577101,train
gossipcop-3000021440,train
gossipcop-3001787622,train
gossipcop-3004058768,train
gossipcop-3009176447,train
gossipcop-3012501895,train
gossipcop-3012797232,train
gossipcop-3014483144,train
gossipcop-3016579480,train
gossipcop-3016807959,train
gossipcop-301946773,train
gossipcop-3023813681,train
gossipcop-3024692909,train
gossipcop-3029477153,train
gossipcop-302989731,train
gossipcop-3031768995,train
gossipcop-3032166920,train
gossipcop-3033097064,train
gossipcop-3036074919,train
gossipcop-3038284329,train
gossipcop-3039273843,train
gossipcop-3039625512,train
gossipcop-3042028625,train
gossipcop-3044409396,train
gossipcop-3052185503,train
gossipcop-3052686673,train
gossipcop-3054032558,train
gossipcop-3054455202,train
gossipcop-3054920479,train
gossipcop-3055148877,train
gossipcop-305551989,train
gossipcop-3055958328,train
gossipcop-3056949650,train
gossipcop-3058427907,train
gossipcop-3060519673,train
gossipcop-306189630,train
gossipcop-3063859039,train
gossipcop-3065017427,train
gossipcop-3065448799,train
gossipcop-3066088888,train
gossipcop-3066576739,train
gossipcop-3067302011,train
gossipcop-3071314990,train
gossipcop-3071347319,train
gossipcop-3072780736,train
gossipcop-3075194602,train
gossipcop-3076671450,train
gossipcop-3077932694,train
gossipcop-3083904320,train
gossipcop-3084428038,train
gossipcop-3086758488,train
gossipcop-308867914,train
gossipcop-3089710936,train
gossipcop-3092036275,train
gossipcop-3096042623,train
gossipcop-3096296376,train
gossipcop-3098346462,train
gossipcop-3099325290,train
gossipcop-3100517141,train
gossipcop-3105440846,train
gossipcop-31065928,train
gossipcop-3107769326,train
gossipcop-3111839896,train
gossipcop-3112228740,train
gossipcop-31136768,train
gossipcop-3114445948,train
gossipcop-311472439,train
gossipcop-311613116,train
gossipcop-3117082249,train
gossipcop-3118119197,train
gossipcop-3119646564,train
gossipcop-3121542397,train
gossipcop-3124466663,train
gossipcop-3130324464,train
gossipcop-3131203056,train
gossipcop-313503072,train
gossipcop-3136026341,train
gossipcop-313797932,train
gossipcop-3145911767,train
gossipcop-3146968869,train
gossipcop-314846913,train
gossipcop-3152438060,train
gossipcop-3165034309,train
gossipcop-3168065451,train
gossipcop-3172946389,train
gossipcop-3173304545,train
gossipcop-3175262640,train
gossipcop-3177810302,train
gossipcop-3178412868,train
gossipcop-317873700,train
gossipcop-3178847561,train
gossipcop-3179792046,train
gossipcop-3181181360,train
gossipcop-3181389217,train
gossipcop-3186592026,train
gossipcop-3189527671,train
gossipcop-3196321022,train
gossipcop-3202228811,train
gossipcop-3203418099,train
gossipcop-3207658967,train
gossipcop-3210838716,train
gossipcop-3211553428,train
gossipcop-3211771165,train
gossipcop-3212605742,train
gossipcop-3213651270,train
gossipcop-3222244840,train
gossipcop-3222492495,train
gossipcop-3224508701,train
gossipcop-3226781929,train
gossipcop-3227825551,train
gossipcop-3230976793,train
gossipcop-323542561,train
gossipcop-3238549946,train
gossipcop-3239214896,train
gossipcop-3242410797,train
gossipcop-3244395235,train
gossipcop-324494433,train
gossipcop-3245048045,train
gossipcop-3245561780,train
gossipcop-3248710579,train
gossipcop-3250833481,train
gossipcop-3250877891,train
gossipcop-3258225095,train
gossipcop-3259609252,train
gossipcop-3260782116,train
gossipcop-3263817971,train
gossipcop-3264510599,train
gossipcop-3265425144,train
gossipcop-3267871613,train
gossipcop-3273857391,train
gossipcop-3278265201,train
gossipcop-3281154264,train
gossipcop-3285447117,train
gossipcop-3286453896,train
gossipcop-32866435,train
gossipcop-328760913,train
gossipcop-3288271088,train
gossipcop-3291310272,train
gossipcop-3294058859,train
gossipcop-3294462993,train
gossipcop-3294774733,train
gossipcop-3297070329,train
gossipcop-3300618073,train
gossipcop-3306478944,train
gossipcop-3309723742,train
gossipcop-3316099372,train
gossipcop-3316766645,train
gossipcop-3316922141,train
gossipcop-331851377,train
gossipcop-3318815015,train
gossipcop-3319390140,train
gossipcop-3320255988,train
gossipcop-3323597040,train
gossipcop-3326678304,train
gossipcop-3327428153,train
gossipcop-3329043708,train
gossipcop-3335184635,train
gossipcop-3335565447,train
gossipcop-3339827367,train
gossipcop-334083042,train
gossipcop-33469609,train
gossipcop-3350632620,train
gossipcop-3352031744,train
gossipcop-3356220952,train
gossipcop-3358992856,train
gossipcop-3364501327,train
gossipcop-3364701700,train
gossipcop-3368494433,train
gossipcop-337132931,train
gossipcop-3385285093,train
gossipcop-3385599744,train
gossipcop-3385854113,train
gossipcop-3387627768,train
gossipcop-3392602994,train
gossipcop-3393468009,train
gossipcop-3393869597,train
gossipcop-3393955263,train
gossipcop-3399862784,train
gossipcop-3401078624,train
gossipcop-3404508571,train
gossipcop-3406705608,train
gossipcop-3407099223,train
gossipcop-3410399177,train
gossipcop-3414298648,train
gossipcop-3414394050,train
gossipcop-3417838504,train
gossipcop-3419952443,train
gossipcop-3423426596,train
gossipcop-3423888997,train
gossipcop-3428491362,train
gossipcop-3430607867,train
gossipcop-3430736744,train
gossipcop-3432062124,train
gossipcop-3435438709,train
gossipcop-3436359055,train
gossipcop-3440851442,train
gossipcop-344385140,train
gossipcop-3444311166,train
gossipcop-3447280734,train
gossipcop-3448636303,train
gossipcop-3449233656,train
gossipcop-344987006,train
gossipcop-3452563867,train
gossipcop-3454213730,train
gossipcop-3454959995,train
gossipcop-345583632,train
gossipcop-3460288288,train
gossipcop-3465610332,train
gossipcop-3465787164,train
gossipcop-347202688,train
gossipcop-3476230614,train
gossipcop-3476895867,train
gossipcop-3478164106,train
gossipcop-3480587019,train
gossipcop-3482397341,train
gossipcop-3483194758,train
gossipcop-3484504330,train
gossipcop-3484539870,train
gossipcop-3492155426,train
gossipcop-3493617375,train
gossipcop-3496321439,train
gossipcop-3503563094,train
gossipcop-3507902255,train
gossipcop-3507938806,train
gossipcop-3511129675,train
gossipcop-351430968,train
gossipcop-3517462610,train
gossipcop-3520799043,train
gossipcop-352220151,train
gossipcop-3526525384,train
gossipcop-3528288450,train
gossipcop-3529226336,train
gossipcop-3533406629,train
gossipcop-3534951375,train
gossipcop-3535032128,train
gossipcop-3546794846,train
gossipcop-3548262497,train
gossipcop-3549119927,train
gossipcop-3551471665,train
gossipcop-3554672356,train
gossipcop-3554906009,train
gossipcop-3555429722,train
gossipcop-3555835496,train
gossipcop-3561336443,train
gossipcop-3564327541,train
gossipcop-3565235075,train
gossipcop-3569542889,train
gossipcop-3571366577,train
gossipcop-3576564168,train
gossipcop-3582172448,train
gossipcop-3582461668,train
gossipcop-3584568934,train
gossipcop-3591540285,train
gossipcop-3591884490,train
gossipcop-3594957031,train
gossipcop-3596540830,train
gossipcop-3598077128,train
gossipcop-3599406074,train
gossipcop-3605784923,train
gossipcop-3610806888,train
gossipcop-3612883910,train
gossipcop-3614016027,train
gossipcop-3616210099,train
gossipcop-361628852,train
gossipcop-3617114014,train
gossipcop-3617356354,train
gossipcop-3617487539,train
gossipcop-3618455117,train
gossipcop-3625228468,train
gossipcop-3631271081,train
gossipcop-3633673086,train
gossipcop-3636929589,train
gossipcop-3642751744,train
gossipcop-3645597267,train
gossipcop-3646695408,train
gossipcop-3647100996,train
gossipcop-3647716693,train
gossipcop-365213355,train
gossipcop-3656053473,train
gossipcop-3660054190,train
gossipcop-3663541013,train
gossipcop-3666075690,train
gossipcop-3669640770,train
gossipcop-3676904411,train
gossipcop-3685471188,train
gossipcop-3687579132,train
gossipcop-368937237,train
gossipcop-3693344604,train
gossipcop-3693445154,train
gossipcop-3697095661,train
gossipcop-3698105306,train
gossipcop-3707550600,train
gossipcop-3709627447,train
gossipcop-3712609149,train
gossipcop-3713172855,train
gossipcop-3714410350,train
gossipcop-3719239565,train
gossipcop-3721985374,train
gossipcop-3724090406,train
gossipcop-3724278164,train
gossipcop-3726214854,train
gossipcop-3730183939,train
gossipcop-373111428,train
gossipcop-3732005027,train
gossipcop-3734815114,train
gossipcop-3735582259,train
gossipcop-3740362597,train
gossipcop-3743133177,train
gossipcop-3745255453,train
gossipcop-3745915597,train
gossipcop-3752556623,train
gossipcop-3752777785,train
gossipcop-3753468656,train
gossipcop-3754107472,train
gossipcop-3754617510,train
gossipcop-3758259794,train
gossipcop-3761702205,train
gossipcop-3767932547,train
gossipcop-3771847066,train
gossipcop-3773878961,train
gossipcop-3776508422,train
gossipcop-3778804574,train
gossipcop-3783917182,train
gossipcop-3792152819,train
gossipcop-3793083965,train
gossipcop-3793457990,train
gossipcop-3795651880,train
gossipcop-3795940197,train
gossipcop-3798868176,train
gossipcop-3798959319,train
gossipcop-3799929008,train
gossipcop-3800163388,train
gossipcop-3800177373,train
gossipcop-3807603124,train
gossipcop-3808314704,train
gossipcop-3810050309,train
gossipcop-3814713470,train
gossipcop-3816991540,train
gossipcop-3817786461,train
gossipcop-3821132681,train
gossipcop-3824236400,train
gossipcop-3824342313,train
gossipcop-3826226036,train
gossipcop-3829098404,train
gossipcop-3834254312,train
gossipcop-3836297244,train
gossipcop-3836977114,train
gossipcop-3837205825,train
gossipcop-3848986922,train
gossipcop-3854838751,train
gossipcop-3860596146,train
gossipcop-3861067342,train
gossipcop-3862195873,train
gossipcop-3862397752,train
gossipcop-3864619614,train
gossipcop-386775335,train
gossipcop-3869389628,train
gossipcop-3873776486,train
gossipcop-3874323665,train
gossipcop-387775590,train
gossipcop-3880050168,train
gossipcop-388110790,train
gossipcop-3885312119,train
gossipcop-3885971599,train
gossipcop-3888342088,train
gossipcop-3889112616,train
gossipcop-388924876,train
gossipcop-3893905315,train
gossipcop-3895965215,train
gossipcop-3896029098,train
gossipcop-389657314,train
gossipcop-3899200812,train
gossipcop-3904848154,train
gossipcop-390778342,train
gossipcop-3909836107,train
gossipcop-3912513096,train
gossipcop-3921010618,train
gossipcop-3922855591,train
gossipcop-3926907338,train
gossipcop-392859545,train
gossipcop-3928681744,train
gossipcop-392954107,train
gossipcop-3930824218,train
gossipcop-3937009586,train
gossipcop-3938890500,train
gossipcop-3941312971,train
gossipcop-3942119395,train
gossipcop-394386553,train
gossipcop-3944010770,train
gossipcop-3946652977,train
gossipcop-3952009039,train
gossipcop-3953802371,train
gossipcop-3956979222,train
gossipcop-3965205912,train
gossipcop-3967904178,train
gossipcop-3968227653,train
gossipcop-3970231049,train
gossipcop-3975938427,train
gossipcop-3976046218,train
gossipcop-3976443648,train
gossipcop-3977674152,train
gossipcop-3996753978,train
gossipcop-3998725211,train
gossipcop-3999881528,train
gossipcop-4005165025,train
gossipcop-4005203173,train
gossipcop-4006218901,train
gossipcop-40109120,train
gossipcop-4011784677,train
gossipcop-4015873994,train
gossipcop-40168647,train
gossipcop-4024992311,train
gossipcop-4032059288,train
gossipcop-403750018,train
gossipcop-4037512632,train
gossipcop-4038677075,train
gossipcop-404164968,train
gossipcop-4042788357,train
gossipcop-4044657763,train
gossipcop-4047356713,train
gossipcop-4047751028,train
gossipcop-4050914559,train
gossipcop-4051111882,train
gossipcop-4054055901,train
gossipcop-4056386544,train
gossipcop-4060575239,train
gossipcop-4064363805,train
gossipcop-4069902609,train
gossipcop-406996664,train
gossipcop-4074882984,train
gossipcop-4079796893,train
gossipcop-4080844671,train
gossipcop-4081333587,train
gossipcop-4083945973,train
gossipcop-4084108386,train
gossipcop-4084135030,train
gossipcop-4085747635,train
gossipcop-4088675113,train
gossipcop-4088771012,train
gossipcop-4090764034,train
gossipcop-4091073419,train
gossipcop-4092902640,train
gossipcop-409412915,train
gossipcop-4095185860,train
gossipcop-4100366327,train
gossipcop-4101901194,train
gossipcop-4104167865,train
gossipcop-4105677728,train
gossipcop-4107248119,train
gossipcop-4107902809,train
gossipcop-4109187486,train
gossipcop-4117140885,train
gossipcop-4120648393,train
gossipcop-4127035030,train
gossipcop-4127686001,train
gossipcop-4130830606,train
gossipcop-4131669926,train
gossipcop-4133406519,train
gossipcop-4135229344,train
gossipcop-4135368856,train
gossipcop-4139011424,train
gossipcop-4141953288,train
gossipcop-4142899537,train
gossipcop-4145067305,train
gossipcop-4148349938,train
gossipcop-4151438384,train
gossipcop-4154743873,train
gossipcop-4156583912,train
gossipcop-4156673922,train
gossipcop-4157369613,train
gossipcop-4159613114,train
gossipcop-4161682075,train
gossipcop-4161797733,train
gossipcop-4162142270,train
gossipcop-4165900976,train
gossipcop-4167828747,train
gossipcop-4170688503,train
gossipcop-4171564337,train
gossipcop-4174267720,train
gossipcop-4174987776,train
gossipcop-4180382613,train
gossipcop-4182137265,train
gossipcop-4183480644,train
gossipcop-4183604565,train
gossipcop-4186973084,train
gossipcop-419669932,train
gossipcop-4197372614,train
gossipcop-4197611577,train
gossipcop-4199916818,train
gossipcop-4200983209,train
gossipcop-4201004105,train
gossipcop-4208088113,train
gossipcop-4208289619,train
gossipcop-4209137568,train
gossipcop-4209182367,train
gossipcop-4211802763,train
gossipcop-4214543640,train
gossipcop-421853754,train
gossipcop-4220159801,train
gossipcop-4221051764,train
gossipcop-4223541835,train
gossipcop-4223634194,train
gossipcop-4224035489,train
gossipcop-4225063221,train
gossipcop-4225127848,train
gossipcop-4229159426,train
gossipcop-4230371336,train
gossipcop-4233174426,train
gossipcop-4235263494,train
gossipcop-4238006644,train
gossipcop-4241531514,train
gossipcop-4241859411,train
gossipcop-4244107793,train
gossipcop-4245034998,train
gossipcop-4250377443,train
gossipcop-4251184835,train
gossipcop-4254023340,train
gossipcop-4256841782,train
gossipcop-4258497840,train
gossipcop-4264578031,train
gossipcop-4265306054,train
gossipcop-4271815483,train
gossipcop-4274245097,train
gossipcop-42820666,train
gossipcop-4282673292,train
gossipcop-4293581641,train
gossipcop-4294141783,train
gossipcop-4294249994,train
gossipcop-4294323822,train
gossipcop-4298568194,train
gossipcop-4298949105,train
gossipcop-4303427510,train
gossipcop-4306912907,train
gossipcop-4309555993,train
gossipcop-4310738653,train
gossipcop-4311791656,train
gossipcop-4312381022,train
gossipcop-4312789302,train
gossipcop-4321231753,train
gossipcop-4322285845,train
gossipcop-4322858010,train
gossipcop-43231215,train
gossipcop-4323436110,train
gossipcop-4328788992,train
gossipcop-433346657,train
gossipcop-433489352,train
gossipcop-4341857401,train
gossipcop-4342414679,train
gossipcop-4346321309,train
gossipcop-4348793511,train
gossipcop-4353602562,train
gossipcop-4355802893,train
gossipcop-4358217190,train
gossipcop-4372521204,train
gossipcop-4373322193,train
gossipcop-4375192538,train
gossipcop-4376228304,train
gossipcop-4382603780,train
gossipcop-4383623389,train
gossipcop-439252914,train
gossipcop-4394027963,train
gossipcop-4394939976,train
gossipcop-4398953204,train
gossipcop-4400604522,train
gossipcop-440281918,train
gossipcop-44069915,train
gossipcop-4409997082,train
gossipcop-4412029018,train
gossipcop-4412102684,train
gossipcop-441554995,train
gossipcop-4424305547,train
gossipcop-442662894,train
gossipcop-4433782210,train
gossipcop-4439781595,train
gossipcop-4442083577,train
gossipcop-4442758643,train
gossipcop-4446867115,train
gossipcop-4451236752,train
gossipcop-4452087097,train
gossipcop-4453005562,train
gossipcop-4461495191,train
gossipcop-4461739638,train
gossipcop-4463165631,train
gossipcop-4468191118,train
gossipcop-4469154661,train
gossipcop-4471293231,train
gossipcop-4475669420,train
gossipcop-4477368195,train
gossipcop-4477497140,train
gossipcop-4478164034,train
gossipcop-4479215560,train
gossipcop-4483964574,train
gossipcop-4492802133,train
gossipcop-4495586215,train
gossipcop-4496358990,train
gossipcop-4501631899,train
gossipcop-4504653542,train
gossipcop-4507016046,train
gossipcop-4508824340,train
gossipcop-4515297839,train
gossipcop-4517095073,train
gossipcop-4517507180,train
gossipcop-4518454025,train
gossipcop-4522760572,train
gossipcop-4524134287,train
gossipcop-4529241230,train
gossipcop-4529974087,train
gossipcop-4530647042,train
gossipcop-4531429184,train
gossipcop-4537850377,train
gossipcop-4539724984,train
gossipcop-4541624536,train
gossipcop-4543366058,train
gossipcop-4550013418,train
gossipcop-45507037,train
gossipcop-4550711612,train
gossipcop-455404889,train
gossipcop-4556556046,train
gossipcop-4561895255,train
gossipcop-4562409654,train
gossipcop-4565438794,train
gossipcop-4567612086,train
gossipcop-4568998185,train
gossipcop-4569239268,train
gossipcop-4573827383,train
gossipcop-4575106109,train
gossipcop-4578461415,train
gossipcop-4580247171,train
gossipcop-4586036956,train
gossipcop-4596583214,train
gossipcop-4597248571,train
gossipcop-460395587,train
gossipcop-4606615612,train
gossipcop-4606959328,train
gossipcop-4607247108,train
gossipcop-4609401231,train
gossipcop-4610396981,train
gossipcop-4612345264,train
gossipcop-4618300061,train
gossipcop-4618345996,train
gossipcop-4618810499,train
gossipcop-462016307,train
gossipcop-4623892138,train
gossipcop-4625002166,train
gossipcop-4626191117,train
gossipcop-4628620511,train
gossipcop-4631241728,train
gossipcop-4634544597,train
gossipcop-464187672,train
gossipcop-4643978776,train
gossipcop-4647631061,train
gossipcop-4647815801,train
gossipcop-4649553091,train
gossipcop-4650971003,train
gossipcop-4651510697,train
gossipcop-4651878661,train
gossipcop-4653033399,train
gossipcop-4656875855,train
gossipcop-4661831377,train
gossipcop-4667952878,train
gossipcop-4668215613,train
gossipcop-4669006800,train
gossipcop-4669515780,train
gossipcop-4673499095,train
gossipcop-4676785015,train
gossipcop-4678149709,train
gossipcop-468781588,train
gossipcop-4689707405,train
gossipcop-4694169066,train
gossipcop-4694472818,train
gossipcop-4697280665,train
gossipcop-4697947797,train
gossipcop-470066082,train
gossipcop-4707272934,train
gossipcop-4708420571,train
gossipcop-4708564876,train
gossipcop-4709511106,train
gossipcop-4712654723,train
gossipcop-4717386526,train
gossipcop-4717531742,train
gossipcop-4719539514,train
gossipcop-4719602650,train
gossipcop-4722031516,train
gossipcop-4728026144,train
gossipcop-4734433452,train
gossipcop-4739595208,train
gossipcop-4740628819,train
gossipcop-4743998220,train
gossipcop-4745628397,train
gossipcop-4749592824,train
gossipcop-4753941767,train
gossipcop-4755663729,train
gossipcop-4757444837,train
gossipcop-4763534666,train
gossipcop-4763726512,train
gossipcop-4765459213,train
gossipcop-4765521585,train
gossipcop-4765574944,train
gossipcop-4768336851,train
gossipcop-4769457532,train
gossipcop-4769910138,train
gossipcop-4771324886,train
gossipcop-4772953023,train
gossipcop-4774142356,train
gossipcop-4775370060,train
gossipcop-4778714585,train
gossipcop-4780852492,train
gossipcop-4781000361,train
gossipcop-4784074017,train
gossipcop-4790479997,train
gossipcop-4791617851,train
gossipcop-4794013149,train
gossipcop-47955078,train
gossipcop-4796409702,train
gossipcop-4800468981,train
gossipcop-4802653039,train
gossipcop-4803899832,train
gossipcop-480839832,train
gossipcop-4810536767,train
gossipcop-4815669006,train
gossipcop-4821140599,train
gossipcop-4821211702,train
gossipcop-4821281886,train
gossipcop-4821548782,train
gossipcop-4826532331,train
gossipcop-4832989936,train
gossipcop-483468694,train
gossipcop-4835702276,train
gossipcop-4844673896,train
gossipcop-4845459298,train
gossipcop-4847768997,train
gossipcop-4848478073,train
gossipcop-485281376,train
gossipcop-4853076939,train
gossipcop-4860103814,train
gossipcop-4861558434,train
gossipcop-486434421,train
gossipcop-4865507097,train
gossipcop-4869757856,train
gossipcop-4873075125,train
gossipcop-4873343069,train
gossipcop-4874219905,train
gossipcop-4882548283,train
gossipcop-4885635669,train
gossipcop-4885669616,train
gossipcop-4886092747,train
gossipcop-4886265406,train
gossipcop-4888252474,train
gossipcop-4888675652,train
gossipcop-4894634035,train
gossipcop-4896151717,train
gossipcop-4899271749,train
gossipcop-4901134976,train
gossipcop-49043018,train
gossipcop-4908552205,train
gossipcop-4913642932,train
gossipcop-4915433665,train
gossipcop-4916310241,train
gossipcop-4919075720,train
gossipcop-491989616,train
gossipcop-4921967582,train
gossipcop-4922058293,train
gossipcop-4924282374,train
gossipcop-49247036,train
gossipcop-4930780559,train
gossipcop-4932051493,train
gossipcop-4933573304,train
gossipcop-4937105424,train
gossipcop-4937511661,train
gossipcop-4940004705,train
gossipcop-494656243,train
gossipcop-4950703770,train
gossipcop-4952128390,train
gossipcop-4953287452,train
gossipcop-4953360352,train
gossipcop-4955672121,train
gossipcop-4963306668,train
gossipcop-4969454110,train
gossipcop-4970023834,train
gossipcop-497018593,train
gossipcop-4970558987,train
gossipcop-4970681946,train
gossipcop-497081980,train
gossipcop-4971870777,train
gossipcop-4973216770,train
gossipcop-4974533232,train
gossipcop-4976926061,train
gossipcop-4983115467,train
gossipcop-4984406861,train
gossipcop-4987228814,train
gossipcop-4988392907,train
gossipcop-4988611075,train
gossipcop-4990044405,train
gossipcop-4992887613,train
gossipcop-4995537571,train
gossipcop-4995812343,train
gossipcop-4996005636,train
gossipcop-5003398449,train
gossipcop-5005089195,train
gossipcop-5007261402,train
gossipcop-5007337000,train
gossipcop-5008586397,train
gossipcop-5008719868,train
gossipcop-5011578652,train
gossipcop-5011920383,train
gossipcop-5012694464,train
gossipcop-5013441642,train
gossipcop-5021810538,train
gossipcop-5025825367,train
gossipcop-5030407302,train
gossipcop-5033328860,train
gossipcop-5034259222,train
gossipcop-5040317304,train
gossipcop-5048928733,train
gossipcop-5050353652,train
gossipcop-5050867834,train
gossipcop-5051410001,train
gossipcop-5052005872,train
gossipcop-5053856710,train
gossipcop-5057875170,train
gossipcop-5058047358,train
gossipcop-5064031740,train
gossipcop-5065223711,train
gossipcop-5066495912,train
gossipcop-5070059348,train
gossipcop-5071479335,train
gossipcop-5072893790,train
gossipcop-5073552813,train
gossipcop-5073779346,train
gossipcop-5076522574,train
gossipcop-5077951266,train
gossipcop-5078947079,train
gossipcop-5081601842,train
gossipcop-5084250318,train
gossipcop-5094529140,train
gossipcop-5095709365,train
gossipcop-5095960133,train
gossipcop-5100474086,train
gossipcop-5103185409,train
gossipcop-5106207150,train
gossipcop-5109297398,train
gossipcop-5110387759,train
gossipcop-5111151830,train
gossipcop-5111242707,train
gossipcop-5111246993,train
gossipcop-5112442905,train
gossipcop-5114867074,train
gossipcop-5116431785,train
gossipcop-5119405298,train
gossipcop-511943375,train
gossipcop-5122347544,train
gossipcop-5125414392,train
gossipcop-5127006637,train
gossipcop-5127632247,train
gossipcop-5130254143,train
gossipcop-5138065812,train
gossipcop-5139117938,train
gossipcop-514010806,train
gossipcop-5140313352,train
gossipcop-5140770301,train
gossipcop-5141610439,train
gossipcop-514192286,train
gossipcop-5142275432,train
gossipcop-5144712731,train
gossipcop-5144724371,train
gossipcop-5144752389,train
gossipcop-5144862894,train
gossipcop-514547189,train
gossipcop-5147798229,train
gossipcop-5154064086,train
gossipcop-5154947333,train
gossipcop-5156379060,train
gossipcop-5161133028,train
gossipcop-5162567437,train
gossipcop-5163590625,train
gossipcop-5163664689,train
gossipcop-5164614857,train
gossipcop-5165661741,train
gossipcop-516675994,train
gossipcop-5166944687,train
gossipcop-5168265842,train
gossipcop-5170578278,train
gossipcop-5173208358,train
gossipcop-5174730972,train
gossipcop-517568562,train
gossipcop-5175859472,train
gossipcop-5176410105,train
gossipcop-5177801843,train
gossipcop-5180376820,train
gossipcop-5182985830,train
gossipcop-5188841381,train
gossipcop-5189580095,train
gossipcop-5194722022,train
gossipcop-5199473616,train
gossipcop-5201022547,train
gossipcop-5204071755,train
gossipcop-5207040963,train
gossipcop-5210074680,train
gossipcop-5210414258,train
gossipcop-5215807248,train
gossipcop-5216936638,train
gossipcop-5220162545,train
gossipcop-5229507922,train
gossipcop-523297958,train
gossipcop-5233247694,train
gossipcop-5233313461,train
gossipcop-523856751,train
gossipcop-5238881623,train
gossipcop-5239743061,train
gossipcop-5241021422,train
gossipcop-5241351348,train
gossipcop-5244144626,train
gossipcop-5249498116,train
gossipcop-5250569328,train
gossipcop-5257024137,train
gossipcop-5258315475,train
gossipcop-5261250270,train
gossipcop-5262607913,train
gossipcop-5262783712,train
gossipcop-5263498053,train
gossipcop-5264942588,train
gossipcop-5265362158,train
gossipcop-5266288087,train
gossipcop-5267274264,train
gossipcop-5269560558,train
gossipcop-5271897559,train
gossipcop-5273927563,train
gossipcop-5280362505,train
gossipcop-5280770391,train
gossipcop-5280849149,train
gossipcop-5281142693,train
gossipcop-5287901459,train
gossipcop-5288672998,train
gossipcop-5289187251,train
gossipcop-5290064457,train
gossipcop-5290782306,train
gossipcop-5296746287,train
gossipcop-530315216,train
gossipcop-5305764220,train
gossipcop-5310327614,train
gossipcop-5310842420,train
gossipcop-5316990322,train
gossipcop-5319163677,train
gossipcop-5320829279,train
gossipcop-5321811527,train
gossipcop-5327143369,train
gossipcop-5327470451,train
gossipcop-532752162,train
gossipcop-5328443100,train
gossipcop-5328748354,train
gossipcop-5333120249,train
gossipcop-5333355881,train
gossipcop-5334339357,train
gossipcop-5336404261,train
gossipcop-5339295288,train
gossipcop-534111552,train
gossipcop-5347484528,train
gossipcop-5347539203,train
gossipcop-5349004367,train
gossipcop-5349500516,train
gossipcop-5352369226,train
gossipcop-5353009966,train
gossipcop-5354396924,train
gossipcop-5354457854,train
gossipcop-535550235,train
gossipcop-5358813438,train
gossipcop-5358942275,train
gossipcop-5366274514,train
gossipcop-5367025314,train
gossipcop-5369652307,train
gossipcop-5372899633,train
gossipcop-5372987254,train
gossipcop-5373758490,train
gossipcop-5374464838,train
gossipcop-5374558782,train
gossipcop-5376124345,train
gossipcop-5379009295,train
gossipcop-5382029129,train
gossipcop-5382417683,train
gossipcop-5387573578,train
gossipcop-5389144623,train
gossipcop-539140803,train
gossipcop-5392044432,train
gossipcop-5401761885,train
gossipcop-5407461289,train
gossipcop-5408886782,train
gossipcop-5409456006,train
gossipcop-5409760054,train
gossipcop-5411760543,train
gossipcop-5413549301,train
gossipcop-5422231977,train
gossipcop-5422473729,train
gossipcop-5422992346,train
gossipcop-5427003799,train
gossipcop-5427306657,train
gossipcop-5427885077,train
gossipcop-5428560010,train
gossipcop-5444844307,train
gossipcop-544939609,train
gossipcop-5453318781,train
gossipcop-5456601771,train
gossipcop-5459036038,train
gossipcop-546100856,train
gossipcop-5470901036,train
gossipcop-5475659487,train
gossipcop-5476631226,train
gossipcop-5476888005,train
gossipcop-547743240,train
gossipcop-5483599093,train
gossipcop-5483602935,train
gossipcop-5493993751,train
gossipcop-5494601224,train
gossipcop-5511395939,train
gossipcop-5515023168,train
gossipcop-5519835041,train
gossipcop-5525957899,train
gossipcop-5527569893,train
gossipcop-5533222267,train
gossipcop-5537205310,train
gossipcop-5539650615,train
gossipcop-5540157465,train
gossipcop-5542731988,train
gossipcop-5542913319,train
gossipcop-554917639,train
gossipcop-5553783424,train
gossipcop-5554862127,train
gossipcop-5555597501,train
gossipcop-5559086342,train
gossipcop-5560007101,train
gossipcop-5565789711,train
gossipcop-5571667965,train
gossipcop-5581882868,train
gossipcop-5583200543,train
gossipcop-5583558888,train
gossipcop-5584092319,train
gossipcop-5590516976,train
gossipcop-5592793027,train
gossipcop-5595775372,train
gossipcop-5600980278,train
gossipcop-5614402758,train
gossipcop-5615107600,train
gossipcop-5618846968,train
gossipcop-5618879938,train
gossipcop-562105988,train
gossipcop-562132594,train
gossipcop-5625770898,train
gossipcop-5627872766,train
gossipcop-562893178,train
gossipcop-5630814357,train
gossipcop-5631139432,train
gossipcop-5638983400,train
gossipcop-5642800213,train
gossipcop-5645850485,train
gossipcop-5648108033,train
gossipcop-5656473493,train
gossipcop-5656708487,train
gossipcop-5656838669,train
gossipcop-5657318506,train
gossipcop-5658990975,train
gossipcop-5659324156,train
gossipcop-5660956780,train
gossipcop-5663280204,train
gossipcop-5663483713,train
gossipcop-5663764889,train
gossipcop-5667202198,train
gossipcop-5668487773,train
gossipcop-5669041678,train
gossipcop-5669853662,train
gossipcop-5669859158,train
gossipcop-5671352259,train
gossipcop-5676936066,train
gossipcop-5680002710,train
gossipcop-5687950104,train
gossipcop-5694060946,train
gossipcop-5697459911,train
gossipcop-5705065905,train
gossipcop-571249583,train
gossipcop-5713918011,train
gossipcop-5716325201,train
gossipcop-5716738084,train
gossipcop-5722761061,train
gossipcop-5723842911,train
gossipcop-5724243419,train
gossipcop-5725071390,train
gossipcop-5728083464,train
gossipcop-5729276364,train
gossipcop-573344559,train
gossipcop-5738860188,train
gossipcop-574466178,train
gossipcop-5744952795,train
gossipcop-5745570521,train
gossipcop-5749702620,train
gossipcop-5750046920,train
gossipcop-5754687706,train
gossipcop-5755116247,train
gossipcop-5756911495,train
gossipcop-5758053477,train
gossipcop-575826775,train
gossipcop-5758402466,train
gossipcop-5759015911,train
gossipcop-5760265006,train
gossipcop-5760931012,train
gossipcop-5762367466,train
gossipcop-5763239731,train
gossipcop-5763931301,train
gossipcop-5766393485,train
gossipcop-5766538446,train
gossipcop-576752713,train
gossipcop-576948808,train
gossipcop-5772010660,train
gossipcop-577551346,train
gossipcop-5780624942,train
gossipcop-5782536182,train
gossipcop-5782674787,train
gossipcop-5783906469,train
gossipcop-5786743687,train
gossipcop-5789234276,train
gossipcop-5791506883,train
gossipcop-5793704644,train
gossipcop-5793792268,train
gossipcop-5800178315,train
gossipcop-5800943860,train
gossipcop-5801724484,train
gossipcop-580645303,train
gossipcop-580848065,train
gossipcop-581030355,train
gossipcop-5816677908,train
gossipcop-5818928266,train
gossipcop-5823896005,train
gossipcop-5824341999,train
gossipcop-5824584587,train
gossipcop-5826558157,train
gossipcop-5827508224,train
gossipcop-5829876762,train
gossipcop-5832684435,train
gossipcop-5832793600,train
gossipcop-5834689978,train
gossipcop-5835669275,train
gossipcop-5835779872,train
gossipcop-5841610542,train
gossipcop-5845005391,train
gossipcop-5846125151,train
gossipcop-5846132262,train
gossipcop-585679277,train
gossipcop-5860151409,train
gossipcop-5864896208,train
gossipcop-5865271192,train
gossipcop-5865511589,train
gossipcop-5866775064,train
gossipcop-5867003287,train
gossipcop-5869226639,train
gossipcop-5874560790,train
gossipcop-5875692446,train
gossipcop-5876471599,train
gossipcop-5877863085,train
gossipcop-5879758005,train
gossipcop-5880399600,train
gossipcop-5881128002,train
gossipcop-5883886565,train
gossipcop-5885895733,train
gossipcop-5886871112,train
gossipcop-5889346481,train
gossipcop-5893961433,train
gossipcop-5896792059,train
gossipcop-5897290884,train
gossipcop-5898401316,train
gossipcop-590441805,train
gossipcop-5905235038,train
gossipcop-5913668852,train
gossipcop-5913883000,train
gossipcop-5921705548,train
gossipcop-5924693724,train
gossipcop-5925668659,train
gossipcop-5926371631,train
gossipcop-5928759492,train
gossipcop-5933705059,train
gossipcop-5934747636,train
gossipcop-5935590761,train
gossipcop-5939289570,train
gossipcop-5939824224,train
gossipcop-5940521758,train
gossipcop-5945307777,train
gossipcop-5945687406,train
gossipcop-5953291579,train
gossipcop-595491190,train
gossipcop-5956558872,train
gossipcop-59586871,train
gossipcop-5965482659,train
gossipcop-5969232688,train
gossipcop-597133430,train
gossipcop-5977786433,train
gossipcop-597853614,train
gossipcop-5979697041,train
gossipcop-5984430872,train
gossipcop-5985147066,train
gossipcop-5985910918,train
gossipcop-5986384765,train
gossipcop-5989177922,train
gossipcop-5992379516,train
gossipcop-5993488783,train
gossipcop-5994484144,train
gossipcop-5997198933,train
gossipcop-5998258473,train
gossipcop-6004770484,train
gossipcop-6007489778,train
gossipcop-6010530745,train
gossipcop-6018339028,train
gossipcop-601876373,train
gossipcop-6021814191,train
gossipcop-6026676940,train
gossipcop-6033353322,train
gossipcop-6035324631,train
gossipcop-6036532804,train
gossipcop-6036776411,train
gossipcop-6037147922,train
gossipcop-6038714010,train
gossipcop-6042070700,train
gossipcop-6043500630,train
gossipcop-6044982799,train
gossipcop-6045778417,train
gossipcop-6049574291,train
gossipcop-6052102342,train
gossipcop-6054176546,train
gossipcop-6057388222,train
gossipcop-6058975858,train
gossipcop-6060999047,train
gossipcop-6061450135,train
gossipcop-6061819854,train
gossipcop-6061862691,train
gossipcop-6062748853,train
gossipcop-606633573,train
gossipcop-606657710,train
gossipcop-6068765070,train
gossipcop-6069295188,train
gossipcop-6071391632,train
gossipcop-6072138753,train
gossipcop-607558250,train
gossipcop-6075942682,train
gossipcop-6080423508,train
gossipcop-6081419100,train
gossipcop-6088782958,train
gossipcop-6088789519,train
gossipcop-6096757093,train
gossipcop-6099907894,train
gossipcop-6100799526,train
gossipcop-6103469676,train
gossipcop-6104944311,train
gossipcop-6105083560,train
gossipcop-6106762038,train
gossipcop-6107877588,train
gossipcop-610873029,train
gossipcop-6117155029,train
gossipcop-6117838651,train
gossipcop-6119648970,train
gossipcop-612921286,train
gossipcop-6131424024,train
gossipcop-6132966048,train
gossipcop-6140331810,train
gossipcop-6141215150,train
gossipcop-6143577855,train
gossipcop-614417812,train
gossipcop-6144450055,train
gossipcop-6146438761,train
gossipcop-6147173555,train
gossipcop-6147600959,train
gossipcop-6148217609,train
gossipcop-61497901,train
gossipcop-6157193528,train
gossipcop-6159229395,train
gossipcop-6159926993,train
gossipcop-6162779396,train
gossipcop-616290565,train
gossipcop-6166126691,train
gossipcop-6175737506,train
gossipcop-617626656,train
gossipcop-6176274941,train
gossipcop-6181345214,train
gossipcop-6182372236,train
gossipcop-6183599706,train
gossipcop-6199885740,train
gossipcop-6204853205,train
gossipcop-6210885194,train
gossipcop-6217155245,train
gossipcop-6219083016,train
gossipcop-622245969,train
gossipcop-6223301313,train
gossipcop-6226639736,train
gossipcop-6227263697,train
gossipcop-6229080761,train
gossipcop-6232251259,train
gossipcop-6237865101,train
gossipcop-6239092761,train
gossipcop-6239519280,train
gossipcop-6246046280,train
gossipcop-624803233,train
gossipcop-6248988606,train
gossipcop-6250524442,train
gossipcop-6251169316,train
gossipcop-6252939830,train
gossipcop-6253590014,train
gossipcop-6253888637,train
gossipcop-6255257999,train
gossipcop-6258162737,train
gossipcop-6258366830,train
gossipcop-6259225104,train
gossipcop-6263072518,train
gossipcop-6269709562,train
gossipcop-6276384492,train
gossipcop-6277141203,train
gossipcop-628139482,train
gossipcop-6283185000,train
gossipcop-6286005813,train
gossipcop-6291217889,train
gossipcop-6293939130,train
gossipcop-6294819408,train
gossipcop-6305593235,train
gossipcop-6311252532,train
gossipcop-6314621161,train
gossipcop-6317178702,train
gossipcop-6318265526,train
gossipcop-6330867980,train
gossipcop-6331772162,train
gossipcop-6334503716,train
gossipcop-6337179591,train
gossipcop-6337200571,train
gossipcop-6343588433,train
gossipcop-6345761457,train
gossipcop-6348526289,train
gossipcop-6348556752,train
gossipcop-6352193771,train
gossipcop-6355820328,train
gossipcop-6357587137,train
gossipcop-6360156211,train
gossipcop-636163417,train
gossipcop-6362183032,train
gossipcop-636852673,train
gossipcop-6370587454,train
gossipcop-6374309586,train
gossipcop-6378885694,train
gossipcop-638030695,train
gossipcop-638352392,train
gossipcop-6390349792,train
gossipcop-6390608108,train
gossipcop-6393096526,train
gossipcop-639387307,train
gossipcop-639610661,train
gossipcop-6397975184,train
gossipcop-6399415850,train
gossipcop-6402144755,train
gossipcop-640447057,train
gossipcop-6409267399,train
gossipcop-6414003834,train
gossipcop-6414164506,train
gossipcop-6414772244,train
gossipcop-6415881397,train
gossipcop-6416005684,train
gossipcop-6427629621,train
gossipcop-6428453817,train
gossipcop-6428912068,train
gossipcop-6429927553,train
gossipcop-6431500502,train
gossipcop-643251638,train
gossipcop-6433924881,train
gossipcop-6437882281,train
gossipcop-6438184107,train
gossipcop-643992606,train
gossipcop-6441385292,train
gossipcop-6441468097,train
gossipcop-6442633428,train
gossipcop-6443705269,train
gossipcop-6445971890,train
gossipcop-6448212996,train
gossipcop-6449596252,train
gossipcop-6450814559,train
gossipcop-6451310728,train
gossipcop-6451659869,train
gossipcop-6457941025,train
gossipcop-645995617,train
gossipcop-6460819464,train
gossipcop-6463873947,train
gossipcop-6466553992,train
gossipcop-646817503,train
gossipcop-6469861699,train
gossipcop-647321286,train
gossipcop-6481523208,train
gossipcop-648204100,train
gossipcop-6486914072,train
gossipcop-6488638301,train
gossipcop-6489461221,train
gossipcop-6490497167,train
gossipcop-6495983081,train
gossipcop-649754454,train
gossipcop-6503389654,train
gossipcop-6503862028,train
gossipcop-6504249629,train
gossipcop-6505855553,train
gossipcop-6509869720,train
gossipcop-651286924,train
gossipcop-6516122558,train
gossipcop-6517934626,train
gossipcop-6519223126,train
gossipcop-6522821514,train
gossipcop-6523629288,train
gossipcop-6524879158,train
gossipcop-6524959734,train
gossipcop-6525009203,train
gossipcop-6528028630,train
gossipcop-6529156069,train
gossipcop-653088275,train
gossipcop-6532581624,train
gossipcop-6537881170,train
gossipcop-653984689,train
gossipcop-6548314707,train
gossipcop-655515205,train
gossipcop-6555799194,train
gossipcop-6559744284,train
gossipcop-6562422971,train
gossipcop-6563666761,train
gossipcop-6563860366,train
gossipcop-6572998065,train
gossipcop-6574515067,train
gossipcop-6575035351,train
gossipcop-6578816195,train
gossipcop-6582341806,train
gossipcop-6582408941,train
gossipcop-658245397,train
gossipcop-658317851,train
gossipcop-6588325659,train
gossipcop-6591592984,train
gossipcop-6594181187,train
gossipcop-6594332926,train
gossipcop-6595814885,train
gossipcop-6597797445,train
gossipcop-660018210,train
gossipcop-6602611188,train
gossipcop-6605956680,train
gossipcop-6606049792,train
gossipcop-6615909910,train
gossipcop-6619290126,train
gossipcop-6621065312,train
gossipcop-6622517305,train
gossipcop-6624787872,train
gossipcop-6627484698,train
gossipcop-6628128349,train
gossipcop-6629014522,train
gossipcop-66337376,train
gossipcop-6634025418,train
gossipcop-6638285644,train
gossipcop-6641093582,train
gossipcop-6645380580,train
gossipcop-6647020463,train
gossipcop-6648190566,train
gossipcop-6648688757,train
gossipcop-6649083708,train
gossipcop-6650664760,train
gossipcop-6651400003,train
gossipcop-6653006581,train
gossipcop-6653733083,train
gossipcop-6655177246,train
gossipcop-6657816677,train
gossipcop-6660536658,train
gossipcop-666213539,train
gossipcop-6662472887,train
gossipcop-6666385259,train
gossipcop-6669806891,train
gossipcop-6675497544,train
gossipcop-6678965915,train
gossipcop-6681393212,train
gossipcop-6689555762,train
gossipcop-6690531048,train
gossipcop-6691145021,train
gossipcop-669561805,train
gossipcop-6695779931,train
gossipcop-6700374041,train
gossipcop-6702382680,train
gossipcop-6706668764,train
gossipcop-6710276834,train
gossipcop-6712061606,train
gossipcop-6717418060,train
gossipcop-6718021704,train
gossipcop-6722352082,train
gossipcop-6724787338,train
gossipcop-6725857895,train
gossipcop-6732122284,train
gossipcop-6733131485,train
gossipcop-6733151531,train
gossipcop-6733555194,train
gossipcop-6737488799,train
gossipcop-6739447295,train
gossipcop-6740056181,train
gossipcop-6742180407,train
gossipcop-6747642549,train
gossipcop-6749991746,train
gossipcop-6751025589,train
gossipcop-6756091664,train
gossipcop-6757528747,train
gossipcop-6758032671,train
gossipcop-6758705496,train
gossipcop-676306960,train
gossipcop-6768997467,train
gossipcop-6776046000,train
gossipcop-6777677802,train
gossipcop-6780720672,train
gossipcop-6786786896,train
gossipcop-679264,train
gossipcop-6793729315,train
gossipcop-679695760,train
gossipcop-6798466350,train
gossipcop-6803836615,train
gossipcop-6813792423,train
gossipcop-6815859599,train
gossipcop-6817471718,train
gossipcop-681826,train
gossipcop-6820892861,train
gossipcop-6822667147,train
gossipcop-6825056946,train
gossipcop-6828006698,train
gossipcop-6830980350,train
gossipcop-6836457641,train
gossipcop-6837118897,train
gossipcop-6841684601,train
gossipcop-6849600605,train
gossipcop-6850065197,train
gossipcop-6850091838,train
gossipcop-685348949,train
gossipcop-6853964722,train
gossipcop-6857021229,train
gossipcop-6857674423,train
gossipcop-6859685462,train
gossipcop-6861973641,train
gossipcop-6865567073,train
gossipcop-6869448706,train
gossipcop-6870328467,train
gossipcop-6870389279,train
gossipcop-6872993311,train
gossipcop-687368041,train
gossipcop-6873856770,train
gossipcop-6875376493,train
gossipcop-6876195891,train
gossipcop-6883131348,train
gossipcop-6884873072,train
gossipcop-6885061225,train
gossipcop-6892347979,train
gossipcop-6899362624,train
gossipcop-6899404703,train
gossipcop-6899501174,train
gossipcop-690037397,train
gossipcop-6909849467,train
gossipcop-6913215786,train
gossipcop-6914484100,train
gossipcop-6916177825,train
gossipcop-6920604134,train
gossipcop-6921578356,train
gossipcop-6924848631,train
gossipcop-6925362148,train
gossipcop-693095047,train
gossipcop-6935994561,train
gossipcop-6939779423,train
gossipcop-6941098368,train
gossipcop-6942485586,train
gossipcop-6942722643,train
gossipcop-6943935110,train
gossipcop-6945630899,train
gossipcop-694592803,train
gossipcop-6947177681,train
gossipcop-6950860813,train
gossipcop-695280340,train
gossipcop-6953149122,train
gossipcop-6953480338,train
gossipcop-6956101681,train
gossipcop-6958094955,train
gossipcop-6958126008,train
gossipcop-6959854992,train
gossipcop-6964255006,train
gossipcop-696454234,train
gossipcop-6965807273,train
gossipcop-6969751557,train
gossipcop-697085602,train
gossipcop-6973925657,train
gossipcop-6975529775,train
gossipcop-6976298194,train
gossipcop-6979069951,train
gossipcop-6981423094,train
gossipcop-6982132348,train
gossipcop-6982710185,train
gossipcop-698437440,train
gossipcop-6984927757,train
gossipcop-6987256464,train
gossipcop-6988354769,train
gossipcop-6991357264,train
gossipcop-699303448,train
gossipcop-6993299340,train
gossipcop-6998565068,train
gossipcop-700157068,train
gossipcop-7001874858,train
gossipcop-701012392,train
gossipcop-7010369703,train
gossipcop-7015125430,train
gossipcop-7017911086,train
gossipcop-7018727955,train
gossipcop-7020711548,train
gossipcop-7023055459,train
gossipcop-7025900082,train
gossipcop-7026078049,train
gossipcop-7028000763,train
gossipcop-7028678112,train
gossipcop-703431151,train
gossipcop-7036026897,train
gossipcop-7038744891,train
gossipcop-7043884479,train
gossipcop-7048638423,train
gossipcop-705043677,train
gossipcop-7052175110,train
gossipcop-7052542773,train
gossipcop-705798793,train
gossipcop-7058894943,train
gossipcop-7059529847,train
gossipcop-7059935490,train
gossipcop-7064511162,train
gossipcop-7064865875,train
gossipcop-7065786957,train
gossipcop-7070650078,train
gossipcop-7072746281,train
gossipcop-7072867151,train
gossipcop-7073979401,train
gossipcop-7075559534,train
gossipcop-7075569039,train
gossipcop-7078632828,train
gossipcop-7078948263,train
gossipcop-70792899,train
gossipcop-7079656941,train
gossipcop-7080157962,train
gossipcop-7082219813,train
gossipcop-7083026464,train
gossipcop-7085270580,train
gossipcop-7087945545,train
gossipcop-7090728923,train
gossipcop-7094428280,train
gossipcop-7102127952,train
gossipcop-71057772,train
gossipcop-7105802899,train
gossipcop-7108136861,train
gossipcop-7111224291,train
gossipcop-7113996696,train
gossipcop-7114277741,train
gossipcop-7115040847,train
gossipcop-7115082678,train
gossipcop-7115346331,train
gossipcop-7120665185,train
gossipcop-7124780186,train
gossipcop-7129453903,train
gossipcop-7130331132,train
gossipcop-7135588988,train
gossipcop-7138699743,train
gossipcop-7147482030,train
gossipcop-7152751147,train
gossipcop-7154227224,train
gossipcop-7156354270,train
gossipcop-7156734060,train
gossipcop-7158791258,train
gossipcop-716036284,train
gossipcop-7162581143,train
gossipcop-7162719663,train
gossipcop-716685661,train
gossipcop-7175212322,train
gossipcop-7176756870,train
gossipcop-7177802545,train
gossipcop-7179143698,train
gossipcop-7181745288,train
gossipcop-718593344,train
gossipcop-7186631410,train
gossipcop-7188744429,train
gossipcop-7190730699,train
gossipcop-7192816740,train
gossipcop-7193637021,train
gossipcop-7194230125,train
gossipcop-7198803653,train
gossipcop-7199383095,train
gossipcop-7199959226,train
gossipcop-7201377614,train
gossipcop-7205321555,train
gossipcop-720665,train
gossipcop-7207527902,train
gossipcop-7207848573,train
gossipcop-7213619134,train
gossipcop-7216746106,train
gossipcop-721768716,train
gossipcop-7218622338,train
gossipcop-7221006065,train
gossipcop-7221966005,train
gossipcop-7222138560,train
gossipcop-722310849,train
gossipcop-7223610599,train
gossipcop-7224709424,train
gossipcop-7227783644,train
gossipcop-7231509293,train
gossipcop-7231965019,train
gossipcop-7232659351,train
gossipcop-7232715377,train
gossipcop-7233490383,train
gossipcop-7239026988,train
gossipcop-723944394,train
gossipcop-7242485552,train
gossipcop-7250099627,train
gossipcop-7252964000,train
gossipcop-725504190,train
gossipcop-7255648147,train
gossipcop-7259617407,train
gossipcop-7261132889,train
gossipcop-7261426492,train
gossipcop-7262259263,train
gossipcop-7264126859,train
gossipcop-7266959676,train
gossipcop-726883252,train
gossipcop-7270137451,train
gossipcop-7271225774,train
gossipcop-727367169,train
gossipcop-7277038830,train
gossipcop-7278164019,train
gossipcop-7279809407,train
gossipcop-7281538396,train
gossipcop-7283158323,train
gossipcop-7284593025,train
gossipcop-729165122,train
gossipcop-7293862151,train
gossipcop-7302050641,train
gossipcop-7302775949,train
gossipcop-7305394933,train
gossipcop-7306985813,train
gossipcop-730736439,train
gossipcop-7308803709,train
gossipcop-7310476796,train
gossipcop-7312096991,train
gossipcop-7313900095,train
gossipcop-7314241723,train
gossipcop-7314608543,train
gossipcop-7317786843,train
gossipcop-7319293593,train
gossipcop-7321484176,train
gossipcop-7324296383,train
gossipcop-7326621043,train
gossipcop-7333432588,train
gossipcop-7333672377,train
gossipcop-7335145451,train
gossipcop-7339131842,train
gossipcop-7339333471,train
gossipcop-7340330703,train
gossipcop-734040863,train
gossipcop-7341415893,train
gossipcop-7343229178,train
gossipcop-7343282452,train
gossipcop-7351488328,train
gossipcop-7353474504,train
gossipcop-7353474743,train
gossipcop-735368943,train
gossipcop-7356183371,train
gossipcop-7358263154,train
gossipcop-7358733324,train
gossipcop-7362046593,train
gossipcop-7363592992,train
gossipcop-7363616992,train
gossipcop-7364517390,train
gossipcop-7365331782,train
gossipcop-736743,train
gossipcop-7371687331,train
gossipcop-737368770,train
gossipcop-7374728839,train
gossipcop-7380022110,train
gossipcop-73810249,train
gossipcop-7387951747,train
gossipcop-7391946984,train
gossipcop-7394790075,train
gossipcop-7400204028,train
gossipcop-7401878220,train
gossipcop-7404608123,train
gossipcop-7411686847,train
gossipcop-7415145896,train
gossipcop-7415621392,train
gossipcop-7426143402,train
gossipcop-7426544643,train
gossipcop-7429601831,train
gossipcop-7430281936,train
gossipcop-7431764476,train
gossipcop-7433410608,train
gossipcop-7444914406,train
gossipcop-7445112152,train
gossipcop-7449680289,train
gossipcop-745116685,train
gossipcop-7453253042,train
gossipcop-745443119,train
gossipcop-7455600910,train
gossipcop-7455960881,train
gossipcop-746486081,train
gossipcop-7468340060,train
gossipcop-7469467549,train
gossipcop-7470090166,train
gossipcop-7473766740,train
gossipcop-7474503005,train
gossipcop-747856358,train
gossipcop-7480047450,train
gossipcop-7485333505,train
gossipcop-7485566546,train
gossipcop-7488579792,train
gossipcop-7489249320,train
gossipcop-7489850608,train
gossipcop-7497547519,train
gossipcop-7499445294,train
gossipcop-7499447250,train
gossipcop-7499820814,train
gossipcop-7503120079,train
gossipcop-750460676,train
gossipcop-7504685388,train
gossipcop-7505137738,train
gossipcop-7506187709,train
gossipcop-7508599213,train
gossipcop-75092956,train
gossipcop-7509856760,train
gossipcop-7510176516,train
gossipcop-7510699363,train
gossipcop-7516056437,train
gossipcop-7521452958,train
gossipcop-7521939835,train
gossipcop-752203,train
gossipcop-7525078846,train
gossipcop-7530307471,train
gossipcop-7532093943,train
gossipcop-7532679120,train
gossipcop-7533724553,train
gossipcop-7536015585,train
gossipcop-7537940376,train
gossipcop-75397952,train
gossipcop-7544598697,train
gossipcop-7553018018,train
gossipcop-7557531640,train
gossipcop-7558314772,train
gossipcop-755837836,train
gossipcop-7558723252,train
gossipcop-7562432036,train
gossipcop-7562477755,train
gossipcop-756254851,train
gossipcop-756594,train
gossipcop-7572618844,train
gossipcop-7573324338,train
gossipcop-7574402231,train
gossipcop-7574436489,train
gossipcop-7575054950,train
gossipcop-7575532268,train
gossipcop-7577551907,train
gossipcop-7579124897,train
gossipcop-7580783559,train
gossipcop-759111,train
gossipcop-7591287911,train
gossipcop-7591988667,train
gossipcop-7598163176,train
gossipcop-759972540,train
gossipcop-760656,train
gossipcop-7607762945,train
gossipcop-7619515750,train
gossipcop-7619619354,train
gossipcop-7625390960,train
gossipcop-7636813283,train
gossipcop-7637238101,train
gossipcop-7637947489,train
gossipcop-7638015229,train
gossipcop-7642653086,train
gossipcop-7645570970,train
gossipcop-7646322922,train
gossipcop-7648194244,train
gossipcop-7648434192,train
gossipcop-7650528993,train
gossipcop-7650736219,train
gossipcop-765389544,train
gossipcop-7655750807,train
gossipcop-7658353025,train
gossipcop-7661930332,train
gossipcop-7665241500,train
gossipcop-7668253636,train
gossipcop-7668526011,train
gossipcop-7668854179,train
gossipcop-7668970570,train
gossipcop-7670387820,train
gossipcop-7671918282,train
gossipcop-767251192,train
gossipcop-7673059893,train
gossipcop-7674810422,train
gossipcop-7675581434,train
gossipcop-7680466627,train
gossipcop-7683896162,train
gossipcop-7684902856,train
gossipcop-7686810284,train
gossipcop-7691210644,train
gossipcop-7693376456,train
gossipcop-7694435947,train
gossipcop-7694678050,train
gossipcop-769640033,train
gossipcop-7697671735,train
gossipcop-770251638,train
gossipcop-7702629638,train
gossipcop-7704079622,train
gossipcop-7704965981,train
gossipcop-7705440500,train
gossipcop-7706490560,train
gossipcop-7708196079,train
gossipcop-7712975012,train
gossipcop-7714793816,train
gossipcop-7715273570,train
gossipcop-7715825946,train
gossipcop-7718099321,train
gossipcop-7720297178,train
gossipcop-7727825756,train
gossipcop-7735472514,train
gossipcop-7736049618,train
gossipcop-773793733,train
gossipcop-7739387762,train
gossipcop-773997,train
gossipcop-774156320,train
gossipcop-7741608146,train
gossipcop-7743278999,train
gossipcop-7744297225,train
gossipcop-774688,train
gossipcop-774720769,train
gossipcop-7750399555,train
gossipcop-7753730793,train
gossipcop-775553535,train
gossipcop-7756735722,train
gossipcop-7756953495,train
gossipcop-7762159427,train
gossipcop-7767457642,train
gossipcop-7771950169,train
gossipcop-7776639775,train
gossipcop-777705305,train
gossipcop-777836757,train
gossipcop-7784040499,train
gossipcop-7787641977,train
gossipcop-7796728861,train
gossipcop-7798039260,train
gossipcop-7802417628,train
gossipcop-7805804542,train
gossipcop-7806518653,train
gossipcop-7807890191,train
gossipcop-7808487578,train
gossipcop-7808530362,train
gossipcop-780860,train
gossipcop-780888,train
gossipcop-781142448,train
gossipcop-7813374501,train
gossipcop-7816220968,train
gossipcop-7817725290,train
gossipcop-7819119595,train
gossipcop-781913013,train
gossipcop-7821539381,train
gossipcop-782506762,train
gossipcop-7825918333,train
gossipcop-7827605676,train
gossipcop-7830149120,train
gossipcop-7830313432,train
gossipcop-7837023409,train
gossipcop-784370815,train
gossipcop-78450242,train
gossipcop-7845205572,train
gossipcop-7847554712,train
gossipcop-7850068421,train
gossipcop-7853811420,train
gossipcop-785456532,train
gossipcop-7855644753,train
gossipcop-7856786886,train
gossipcop-7857298641,train
gossipcop-7860068681,train
gossipcop-7861701147,train
gossipcop-7863170653,train
gossipcop-7868082407,train
gossipcop-7874376308,train
gossipcop-7883760299,train
gossipcop-7885025406,train
gossipcop-7887456921,train
gossipcop-7889565756,train
gossipcop-7890911428,train
gossipcop-7891219893,train
gossipcop-789310692,train
gossipcop-7894516039,train
gossipcop-7894684433,train
gossipcop-789623646,train
gossipcop-7896911317,train
gossipcop-7897551259,train
gossipcop-790070,train
gossipcop-7905012051,train
gossipcop-7905088416,train
gossipcop-7905456260,train
gossipcop-7905541453,train
gossipcop-790695,train
gossipcop-7908910194,train
gossipcop-7910866248,train
gossipcop-7913189384,train
gossipcop-7914178475,train
gossipcop-7916840350,train
gossipcop-7917664499,train
gossipcop-7917898417,train
gossipcop-7920962169,train
gossipcop-7921077990,train
gossipcop-7921561941,train
gossipcop-7924388386,train
gossipcop-7928304062,train
gossipcop-7932521110,train
gossipcop-7938752346,train
gossipcop-7940502853,train
gossipcop-794053,train
gossipcop-7941474889,train
gossipcop-7941858029,train
gossipcop-7945337369,train
gossipcop-7946844362,train
gossipcop-795008,train
gossipcop-795432890,train
gossipcop-7955371404,train
gossipcop-795756971,train
gossipcop-7969619165,train
gossipcop-7970106197,train
gossipcop-7974582836,train
gossipcop-7975580593,train
gossipcop-7981598591,train
gossipcop-798249568,train
gossipcop-7983975408,train
gossipcop-7989668967,train
gossipcop-799949763,train
gossipcop-8002247687,train
gossipcop-8002615775,train
gossipcop-800399273,train
gossipcop-8004000730,train
gossipcop-8004963150,train
gossipcop-800996,train
gossipcop-8015619251,train
gossipcop-8017669544,train
gossipcop-8018891573,train
gossipcop-8029018483,train
gossipcop-8035823483,train
gossipcop-8039101878,train
gossipcop-8040274102,train
gossipcop-8044555175,train
gossipcop-8046229859,train
gossipcop-8046287196,train
gossipcop-8047164046,train
gossipcop-8049563330,train
gossipcop-8050670484,train
gossipcop-8055383376,train
gossipcop-8055905062,train
gossipcop-8059550357,train
gossipcop-8062993256,train
gossipcop-806350,train
gossipcop-8064197839,train
gossipcop-8068302468,train
gossipcop-8068437613,train
gossipcop-8070355544,train
gossipcop-807502947,train
gossipcop-8075091033,train
gossipcop-8079114380,train
gossipcop-807937,train
gossipcop-8083755997,train
gossipcop-808536128,train
gossipcop-808911989,train
gossipcop-8089990200,train
gossipcop-8092575981,train
gossipcop-809314,train
gossipcop-809829695,train
gossipcop-8098438027,train
gossipcop-8099144572,train
gossipcop-810105,train
gossipcop-8105333868,train
gossipcop-8105884993,train
gossipcop-8107039710,train
gossipcop-8115207261,train
gossipcop-8117477556,train
gossipcop-8119809755,train
gossipcop-812238,train
gossipcop-8123589625,train
gossipcop-8126073985,train
gossipcop-8126566490,train
gossipcop-8132621806,train
gossipcop-8136305724,train
gossipcop-8136601878,train
gossipcop-813682,train
gossipcop-8137449994,train
gossipcop-8139891112,train
gossipcop-8140910927,train
gossipcop-8141299387,train
gossipcop-8142169539,train
gossipcop-8143064937,train
gossipcop-8143890330,train
gossipcop-8145641972,train
gossipcop-8149933477,train
gossipcop-8155202222,train
gossipcop-8156516597,train
gossipcop-815778378,train
gossipcop-8158264241,train
gossipcop-8165397612,train
gossipcop-8166151438,train
gossipcop-8168643130,train
gossipcop-8172018375,train
gossipcop-8179852278,train
gossipcop-817991122,train
gossipcop-8181948121,train
gossipcop-8183298967,train
gossipcop-8184559314,train
gossipcop-8193984199,train
gossipcop-819648054,train
gossipcop-8197888031,train
gossipcop-8198293142,train
gossipcop-8204219037,train
gossipcop-8206663318,train
gossipcop-8207524577,train
gossipcop-8208502710,train
gossipcop-8209573899,train
gossipcop-8209599935,train
gossipcop-8210923472,train
gossipcop-8221428510,train
gossipcop-8221846371,train
gossipcop-8230150549,train
gossipcop-8230208122,train
gossipcop-8230458539,train
gossipcop-8237772643,train
gossipcop-8241683954,train
gossipcop-8244925051,train
gossipcop-8249025638,train
gossipcop-8258400710,train
gossipcop-8258455486,train
gossipcop-8260667329,train
gossipcop-8262257490,train
gossipcop-82682055,train
gossipcop-8272133353,train
gossipcop-8276559596,train
gossipcop-8279082430,train
gossipcop-8282284701,train
gossipcop-8282337162,train
gossipcop-828460,train
gossipcop-8287261872,train
gossipcop-829299488,train
gossipcop-8293006687,train
gossipcop-829660617,train
gossipcop-829853,train
gossipcop-8299029764,train
gossipcop-8306496840,train
gossipcop-8306634484,train
gossipcop-8308036378,train
gossipcop-8312908487,train
gossipcop-831504,train
gossipcop-8315398096,train
gossipcop-832300074,train
gossipcop-8326745047,train
gossipcop-8328156845,train
gossipcop-8328989251,train
gossipcop-8329990493,train
gossipcop-8330581018,train
gossipcop-8330888256,train
gossipcop-8334201825,train
gossipcop-833426,train
gossipcop-833460,train
gossipcop-8335903982,train
gossipcop-833890,train
gossipcop-8339248612,train
gossipcop-8343609291,train
gossipcop-8344705765,train
gossipcop-8346794076,train
gossipcop-8347611424,train
gossipcop-8349914612,train
gossipcop-835068,train
gossipcop-8353894138,train
gossipcop-8354549164,train
gossipcop-835654,train
gossipcop-8356599800,train
gossipcop-8357440556,train
gossipcop-8357945561,train
gossipcop-835947,train
gossipcop-8360282719,train
gossipcop-836336,train
gossipcop-8365481521,train
gossipcop-8365993096,train
gossipcop-836638,train
gossipcop-836640618,train
gossipcop-8367687233,train
gossipcop-8370008544,train
gossipcop-8370550947,train
gossipcop-8372874438,train
gossipcop-837368,train
gossipcop-837434561,train
gossipcop-8374643527,train
gossipcop-837469,train
gossipcop-8376426933,train
gossipcop-8376831160,train
gossipcop-8379643306,train
gossipcop-8380675168,train
gossipcop-8383689638,train
gossipcop-838403,train
gossipcop-8385288350,train
gossipcop-838578,train
gossipcop-8387525297,train
gossipcop-8387711520,train
gossipcop-8391326682,train
gossipcop-8393026790,train
gossipcop-8393658999,train
gossipcop-8394133837,train
gossipcop-83953176,train
gossipcop-8397403501,train
gossipcop-839877,train
gossipcop-8403500283,train
gossipcop-840638,train
gossipcop-840843,train
gossipcop-8408694928,train
gossipcop-8409023093,train
gossipcop-840938,train
gossipcop-8410631215,train
gossipcop-841242,train
gossipcop-841247,train
gossipcop-841312,train
gossipcop-841346,train
gossipcop-841347,train
gossipcop-841367,train
gossipcop-841401,train
gossipcop-841425,train
gossipcop-841447,train
gossipcop-8414767305,train
gossipcop-841481,train
gossipcop-841482,train
gossipcop-841501,train
gossipcop-841510,train
gossipcop-841514,train
gossipcop-841516,train
gossipcop-841548,train
gossipcop-841575,train
gossipcop-841577,train
gossipcop-841625,train
gossipcop-841633,train
gossipcop-841652,train
gossipcop-841657,train
gossipcop-841689,train
gossipcop-841703,train
gossipcop-841708,train
gossipcop-841709,train
gossipcop-841717,train
gossipcop-841721,train
gossipcop-841726,train
gossipcop-841736,train
gossipcop-841737,train
gossipcop-841738,train
gossipcop-841740,train
gossipcop-8417478071,train
gossipcop-841753,train
gossipcop-841768,train
gossipcop-841777,train
gossipcop-841784,train
gossipcop-841785,train
gossipcop-841796,train
gossipcop-841802,train
gossipcop-841804,train
gossipcop-841805,train
gossipcop-841817,train
gossipcop-841818,train
gossipcop-841827,train
gossipcop-841831,train
gossipcop-841836,train
gossipcop-841868,train
gossipcop-841874,train
gossipcop-8418748457,train
gossipcop-841889,train
gossipcop-841909,train
gossipcop-841914,train
gossipcop-8419186492,train
gossipcop-841925,train
gossipcop-841930,train
gossipcop-841952,train
gossipcop-841964,train
gossipcop-841974,train
gossipcop-841984,train
gossipcop-842002,train
gossipcop-842004,train
gossipcop-842015,train
gossipcop-842017,train
gossipcop-842021,train
gossipcop-842025,train
gossipcop-842037,train
gossipcop-842038,train
gossipcop-842039,train
gossipcop-842043,train
gossipcop-842154,train
gossipcop-8421669804,train
gossipcop-842177,train
gossipcop-842178,train
gossipcop-842193,train
gossipcop-842198,train
gossipcop-842249,train
gossipcop-842281,train
gossipcop-8423057498,train
gossipcop-842317,train
gossipcop-842321,train
gossipcop-842325,train
gossipcop-842329,train
gossipcop-842333,train
gossipcop-842339,train
gossipcop-842354,train
gossipcop-842358,train
gossipcop-842363,train
gossipcop-842367,train
gossipcop-8423709664,train
gossipcop-842373,train
gossipcop-842380,train
gossipcop-842387,train
gossipcop-842391,train
gossipcop-842410,train
gossipcop-842417,train
gossipcop-842427,train
gossipcop-842429,train
gossipcop-842435,train
gossipcop-842442,train
gossipcop-842448,train
gossipcop-842450,train
gossipcop-842454,train
gossipcop-842466,train
gossipcop-842472,train
gossipcop-842474,train
gossipcop-842481,train
gossipcop-842508,train
gossipcop-842522,train
gossipcop-8425399267,train
gossipcop-842636,train
gossipcop-842680,train
gossipcop-842768,train
gossipcop-842781,train
gossipcop-842792,train
gossipcop-842794,train
gossipcop-842809,train
gossipcop-842814,train
gossipcop-842815,train
gossipcop-842831,train
gossipcop-842838,train
gossipcop-842839,train
gossipcop-842844,train
gossipcop-842853,train
gossipcop-842854,train
gossipcop-842884,train
gossipcop-842889,train
gossipcop-842890,train
gossipcop-842894,train
gossipcop-842899,train
gossipcop-842913,train
gossipcop-842914,train
gossipcop-842922,train
gossipcop-842933,train
gossipcop-842937982,train
gossipcop-842950,train
gossipcop-842951,train
gossipcop-8429624812,train
gossipcop-842980,train
gossipcop-842986,train
gossipcop-842990,train
gossipcop-843004,train
gossipcop-843010,train
gossipcop-843039,train
gossipcop-843040,train
gossipcop-843043,train
gossipcop-843044,train
gossipcop-843045,train
gossipcop-843061,train
gossipcop-843070,train
gossipcop-843074,train
gossipcop-843075,train
gossipcop-843085,train
gossipcop-843086,train
gossipcop-843106,train
gossipcop-843128,train
gossipcop-843132,train
gossipcop-843133,train
gossipcop-843146,train
gossipcop-843147,train
gossipcop-843160,train
gossipcop-843170,train
gossipcop-843185,train
gossipcop-8432391122,train
gossipcop-843265,train
gossipcop-843296,train
gossipcop-8433113131,train
gossipcop-843316,train
gossipcop-843342,train
gossipcop-843350,train
gossipcop-843351,train
gossipcop-843368,train
gossipcop-843369,train
gossipcop-843375,train
gossipcop-843387,train
gossipcop-843395,train
gossipcop-843402,train
gossipcop-843403,train
gossipcop-843417,train
gossipcop-843424,train
gossipcop-843428,train
gossipcop-843432,train
gossipcop-843450,train
gossipcop-843464,train
gossipcop-843465,train
gossipcop-843467,train
gossipcop-843468,train
gossipcop-843475,train
gossipcop-843485,train
gossipcop-843522,train
gossipcop-843526,train
gossipcop-843536,train
gossipcop-843540,train
gossipcop-843548,train
gossipcop-843563,train
gossipcop-8435638081,train
gossipcop-843566,train
gossipcop-843570,train
gossipcop-843575,train
gossipcop-843576,train
gossipcop-843583,train
gossipcop-843591,train
gossipcop-843601,train
gossipcop-843611,train
gossipcop-843615,train
gossipcop-843620,train
gossipcop-843622,train
gossipcop-843636,train
gossipcop-843637,train
gossipcop-843638,train
gossipcop-843642,train
gossipcop-843652,train
gossipcop-843671,train
gossipcop-843673,train
gossipcop-843689,train
gossipcop-8436977031,train
gossipcop-843699,train
gossipcop-843710,train
gossipcop-843711,train
gossipcop-843718,train
gossipcop-843726,train
gossipcop-843742,train
gossipcop-843751,train
gossipcop-843758,train
gossipcop-843759,train
gossipcop-843766,train
gossipcop-843781,train
gossipcop-843782,train
gossipcop-843789,train
gossipcop-843790,train
gossipcop-843804,train
gossipcop-843815,train
gossipcop-843824,train
gossipcop-843829,train
gossipcop-843836,train
gossipcop-843837,train
gossipcop-843847,train
gossipcop-843852,train
gossipcop-843869,train
gossipcop-843877,train
gossipcop-843878,train
gossipcop-843879,train
gossipcop-843891,train
gossipcop-843892,train
gossipcop-843897,train
gossipcop-843921,train
gossipcop-843926,train
gossipcop-843945,train
gossipcop-843969,train
gossipcop-843987,train
gossipcop-843992,train
gossipcop-843993,train
gossipcop-844014,train
gossipcop-844018,train
gossipcop-844019,train
gossipcop-844036,train
gossipcop-844045,train
gossipcop-844048,train
gossipcop-844053,train
gossipcop-844054,train
gossipcop-844070,train
gossipcop-844078,train
gossipcop-844083,train
gossipcop-844084,train
gossipcop-844098,train
gossipcop-844102,train
gossipcop-844117,train
gossipcop-844118,train
gossipcop-844126,train
gossipcop-844130,train
gossipcop-844132,train
gossipcop-844144,train
gossipcop-844153,train
gossipcop-844164,train
gossipcop-844169,train
gossipcop-844173,train
gossipcop-844174,train
gossipcop-844186,train
gossipcop-844188,train
gossipcop-844189,train
gossipcop-844193,train
gossipcop-844216,train
gossipcop-844226,train
gossipcop-844227,train
gossipcop-844242,train
gossipcop-844261,train
gossipcop-844265,train
gossipcop-844273,train
gossipcop-844274,train
gossipcop-844280,train
gossipcop-844281,train
gossipcop-844289,train
gossipcop-844301,train
gossipcop-8443114029,train
gossipcop-844312,train
gossipcop-844313,train
gossipcop-844321,train
gossipcop-844325,train
gossipcop-844326,train
gossipcop-844353,train
gossipcop-8443603708,train
gossipcop-844410,train
gossipcop-844434,train
gossipcop-844477,train
gossipcop-8444893240,train
gossipcop-844494,train
gossipcop-844502,train
gossipcop-844510,train
gossipcop-844518,train
gossipcop-844531,train
gossipcop-844534,train
gossipcop-844543,train
gossipcop-844551,train
gossipcop-844557,train
gossipcop-844580,train
gossipcop-844585,train
gossipcop-844587,train
gossipcop-844601,train
gossipcop-844614,train
gossipcop-8446160021,train
gossipcop-844618,train
gossipcop-844621,train
gossipcop-844623,train
gossipcop-844633,train
gossipcop-844634,train
gossipcop-844643,train
gossipcop-844644,train
gossipcop-844672,train
gossipcop-844674,train
gossipcop-844684,train
gossipcop-844692,train
gossipcop-844699,train
gossipcop-844707,train
gossipcop-844713,train
gossipcop-844731,train
gossipcop-844747,train
gossipcop-844748,train
gossipcop-844759,train
gossipcop-844760,train
gossipcop-844779,train
gossipcop-844780,train
gossipcop-844785,train
gossipcop-844790845,train
gossipcop-844793,train
gossipcop-844799,train
gossipcop-844810,train
gossipcop-844811,train
gossipcop-844955,train
gossipcop-845007,train
gossipcop-845030,train
gossipcop-845194,train
gossipcop-845243,train
gossipcop-845256,train
gossipcop-845261,train
gossipcop-845273,train
gossipcop-845288,train
gossipcop-845289,train
gossipcop-845295,train
gossipcop-845328,train
gossipcop-845347,train
gossipcop-845354,train
gossipcop-845355,train
gossipcop-845366,train
gossipcop-845370,train
gossipcop-845375,train
gossipcop-845384,train
gossipcop-845400,train
gossipcop-845401,train
gossipcop-845409,train
gossipcop-845420,train
gossipcop-845424,train
gossipcop-845429,train
gossipcop-845433,train
gossipcop-845440,train
gossipcop-845448,train
gossipcop-845450,train
gossipcop-845454,train
gossipcop-845462,train
gossipcop-845470,train
gossipcop-845471,train
gossipcop-845483,train
gossipcop-845488,train
gossipcop-845490,train
gossipcop-845491,train
gossipcop-845520,train
gossipcop-845527,train
gossipcop-845535,train
gossipcop-845542,train
gossipcop-845543,train
gossipcop-845551,train
gossipcop-845559,train
gossipcop-845607,train
gossipcop-845656,train
gossipcop-8456652125,train
gossipcop-845666,train
gossipcop-845710,train
gossipcop-845711,train
gossipcop-845718,train
gossipcop-845722,train
gossipcop-845747,train
gossipcop-845748,train
gossipcop-845749,train
gossipcop-845753,train
gossipcop-845754,train
gossipcop-845755,train
gossipcop-845771,train
gossipcop-845775,train
gossipcop-845795,train
gossipcop-845799,train
gossipcop-845803,train
gossipcop-845817,train
gossipcop-845823,train
gossipcop-845843,train
gossipcop-845844,train
gossipcop-845851,train
gossipcop-845866,train
gossipcop-845875,train
gossipcop-845880,train
gossipcop-845886,train
gossipcop-845888,train
gossipcop-845889,train
gossipcop-845893,train
gossipcop-845895,train
gossipcop-845911,train
gossipcop-845913,train
gossipcop-845914,train
gossipcop-845915,train
gossipcop-845925,train
gossipcop-845932,train
gossipcop-845936,train
gossipcop-845941,train
gossipcop-8459734095,train
gossipcop-845976,train
gossipcop-845984,train
gossipcop-845991,train
gossipcop-845995,train
gossipcop-845996,train
gossipcop-846001,train
gossipcop-846016,train
gossipcop-846027,train
gossipcop-846028,train
gossipcop-846035,train
gossipcop-846051,train
gossipcop-846061,train
gossipcop-846073,train
gossipcop-8460897439,train
gossipcop-846091,train
gossipcop-846092,train
gossipcop-846097,train
gossipcop-846107,train
gossipcop-846112,train
gossipcop-846117,train
gossipcop-846133,train
gossipcop-846137,train
gossipcop-846140,train
gossipcop-846141,train
gossipcop-846148,train
gossipcop-846155,train
gossipcop-846160,train
gossipcop-846161,train
gossipcop-846166,train
gossipcop-846170,train
gossipcop-846178,train
gossipcop-8461829651,train
gossipcop-846191,train
gossipcop-846200,train
gossipcop-846201,train
gossipcop-846209,train
gossipcop-846211,train
gossipcop-846220,train
gossipcop-846222,train
gossipcop-846243,train
gossipcop-846249,train
gossipcop-846254,train
gossipcop-846264,train
gossipcop-846272,train
gossipcop-846275,train
gossipcop-846278,train
gossipcop-846280,train
gossipcop-846284,train
gossipcop-846297,train
gossipcop-846305,train
gossipcop-846318,train
gossipcop-846325,train
gossipcop-8463307904,train
gossipcop-846343,train
gossipcop-846344,train
gossipcop-846350,train
gossipcop-846351,train
gossipcop-846358,train
gossipcop-846364,train
gossipcop-846374,train
gossipcop-846387,train
gossipcop-846399,train
gossipcop-846406,train
gossipcop-846407,train
gossipcop-846411,train
gossipcop-846427,train
gossipcop-846433,train
gossipcop-846437,train
gossipcop-846438,train
gossipcop-846443,train
gossipcop-846447,train
gossipcop-846487,train
gossipcop-846489,train
gossipcop-846495,train
gossipcop-846511,train
gossipcop-846513,train
gossipcop-846514,train
gossipcop-846531,train
gossipcop-846535,train
gossipcop-846540,train
gossipcop-846571,train
gossipcop-846584,train
gossipcop-8465878879,train
gossipcop-846597,train
gossipcop-846606,train
gossipcop-846608,train
gossipcop-846609,train
gossipcop-846637,train
gossipcop-846654,train
gossipcop-846655,train
gossipcop-846669,train
gossipcop-846671,train
gossipcop-846683,train
gossipcop-846699,train
gossipcop-846704,train
gossipcop-846714,train
gossipcop-846726,train
gossipcop-846727,train
gossipcop-846731,train
gossipcop-846744,train
gossipcop-846752,train
gossipcop-846756,train
gossipcop-846760,train
gossipcop-846764,train
gossipcop-846780,train
gossipcop-846787,train
gossipcop-846790,train
gossipcop-846792,train
gossipcop-846796,train
gossipcop-846820,train
gossipcop-846841,train
gossipcop-846847,train
gossipcop-846849,train
gossipcop-846851,train
gossipcop-846856,train
gossipcop-846871,train
gossipcop-846877,train
gossipcop-846885,train
gossipcop-846889,train
gossipcop-846890,train
gossipcop-846892,train
gossipcop-846896,train
gossipcop-846903,train
gossipcop-846907177,train
gossipcop-846912,train
gossipcop-846914,train
gossipcop-846922,train
gossipcop-8469459935,train
gossipcop-846955,train
gossipcop-846956,train
gossipcop-846958,train
gossipcop-846982,train
gossipcop-846989,train
gossipcop-847004,train
gossipcop-847026,train
gossipcop-847028,train
gossipcop-847043,train
gossipcop-847045,train
gossipcop-847114,train
gossipcop-847124,train
gossipcop-847146,train
gossipcop-847158,train
gossipcop-847160,train
gossipcop-847169,train
gossipcop-847177,train
gossipcop-847178,train
gossipcop-847185,train
gossipcop-847190,train
gossipcop-847191,train
gossipcop-847198,train
gossipcop-847202,train
gossipcop-847208,train
gossipcop-847212,train
gossipcop-847220,train
gossipcop-847224,train
gossipcop-847225,train
gossipcop-847248,train
gossipcop-847253,train
gossipcop-847255,train
gossipcop-847262,train
gossipcop-847270,train
gossipcop-847277,train
gossipcop-847279,train
gossipcop-847283,train
gossipcop-847284,train
gossipcop-847290,train
gossipcop-847291,train
gossipcop-847333,train
gossipcop-847345,train
gossipcop-847346,train
gossipcop-847356,train
gossipcop-847357,train
gossipcop-847361,train
gossipcop-847364,train
gossipcop-847365,train
gossipcop-847367,train
gossipcop-847386,train
gossipcop-847387,train
gossipcop-847388,train
gossipcop-847395,train
gossipcop-847399,train
gossipcop-847406,train
gossipcop-847411,train
gossipcop-847412,train
gossipcop-847416,train
gossipcop-847417,train
gossipcop-847418,train
gossipcop-847422,train
gossipcop-847423,train
gossipcop-847424,train
gossipcop-8474301824,train
gossipcop-847436,train
gossipcop-847444,train
gossipcop-847445,train
gossipcop-8474482797,train
gossipcop-847483,train
gossipcop-847492,train
gossipcop-847500,train
gossipcop-847501,train
gossipcop-847510,train
gossipcop-847536,train
gossipcop-847546,train
gossipcop-847547,train
gossipcop-847572,train
gossipcop-847590,train
gossipcop-847597,train
gossipcop-847598,train
gossipcop-847619,train
gossipcop-847628,train
gossipcop-847639,train
gossipcop-847654,train
gossipcop-847664,train
gossipcop-847675,train
gossipcop-847676,train
gossipcop-847688,train
gossipcop-847702,train
gossipcop-847711,train
gossipcop-847712,train
gossipcop-847747,train
gossipcop-847755,train
gossipcop-847756,train
gossipcop-847760,train
gossipcop-847761,train
gossipcop-847777,train
gossipcop-847779,train
gossipcop-847780,train
gossipcop-847781,train
gossipcop-847783,train
gossipcop-847788,train
gossipcop-847801,train
gossipcop-847810,train
gossipcop-847813,train
gossipcop-847814,train
gossipcop-847921,train
gossipcop-847994,train
gossipcop-848005,train
gossipcop-8480532008,train
gossipcop-848089,train
gossipcop-848092,train
gossipcop-848098,train
gossipcop-848099,train
gossipcop-848106,train
gossipcop-848115,train
gossipcop-848123,train
gossipcop-848140,train
gossipcop-848141,train
gossipcop-848142,train
gossipcop-848148,train
gossipcop-848153,train
gossipcop-848154,train
gossipcop-848164,train
gossipcop-848171,train
gossipcop-848179,train
gossipcop-848184,train
gossipcop-848196,train
gossipcop-848213,train
gossipcop-848214,train
gossipcop-848215,train
gossipcop-848221,train
gossipcop-848236,train
gossipcop-8482372890,train
gossipcop-848244,train
gossipcop-848246,train
gossipcop-848248,train
gossipcop-848267,train
gossipcop-848285,train
gossipcop-848305,train
gossipcop-848307,train
gossipcop-848308,train
gossipcop-848316,train
gossipcop-848317,train
gossipcop-848327,train
gossipcop-848334,train
gossipcop-8483598304,train
gossipcop-848386,train
gossipcop-848390,train
gossipcop-848402,train
gossipcop-848406,train
gossipcop-848423,train
gossipcop-848429,train
gossipcop-848433,train
gossipcop-848434,train
gossipcop-848448,train
gossipcop-848449,train
gossipcop-848457,train
gossipcop-848488,train
gossipcop-848493,train
gossipcop-848494,train
gossipcop-848495,train
gossipcop-848507,train
gossipcop-848523,train
gossipcop-848524,train
gossipcop-848525,train
gossipcop-848537,train
gossipcop-848539,train
gossipcop-848540,train
gossipcop-848552,train
gossipcop-848557,train
gossipcop-848579,train
gossipcop-848583,train
gossipcop-848615,train
gossipcop-848623,train
gossipcop-848624,train
gossipcop-848635,train
gossipcop-848637,train
gossipcop-848645,train
gossipcop-848646,train
gossipcop-848653,train
gossipcop-848663,train
gossipcop-848667,train
gossipcop-848671,train
gossipcop-848684,train
gossipcop-848689,train
gossipcop-848691,train
gossipcop-848705,train
gossipcop-848711,train
gossipcop-848715,train
gossipcop-848722,train
gossipcop-848738,train
gossipcop-848744,train
gossipcop-848754,train
gossipcop-848761,train
gossipcop-848766,train
gossipcop-848773,train
gossipcop-848781,train
gossipcop-848782,train
gossipcop-848787,train
gossipcop-848792,train
gossipcop-848806,train
gossipcop-848822,train
gossipcop-848864,train
gossipcop-848888,train
gossipcop-848903,train
gossipcop-8489729650,train
gossipcop-848987,train
gossipcop-848992,train
gossipcop-849001,train
gossipcop-849016,train
gossipcop-849023,train
gossipcop-849027,train
gossipcop-849032,train
gossipcop-849036,train
gossipcop-849040,train
gossipcop-849044,train
gossipcop-849045,train
gossipcop-849047,train
gossipcop-849058,train
gossipcop-849059,train
gossipcop-849060,train
gossipcop-849067,train
gossipcop-849068,train
gossipcop-849069,train
gossipcop-849070,train
gossipcop-849098,train
gossipcop-849108,train
gossipcop-849110,train
gossipcop-849112,train
gossipcop-849133,train
gossipcop-849137,train
gossipcop-849155,train
gossipcop-849159,train
gossipcop-849163,train
gossipcop-849197,train
gossipcop-849207,train
gossipcop-849212,train
gossipcop-849237,train
gossipcop-849239,train
gossipcop-849246,train
gossipcop-849250,train
gossipcop-849254,train
gossipcop-849262,train
gossipcop-849275,train
gossipcop-849279,train
gossipcop-849289,train
gossipcop-849293,train
gossipcop-849297,train
gossipcop-849317,train
gossipcop-849318,train
gossipcop-849320,train
gossipcop-849323,train
gossipcop-849345,train
gossipcop-849356,train
gossipcop-849360,train
gossipcop-849374,train
gossipcop-849387,train
gossipcop-849394,train
gossipcop-849400,train
gossipcop-849407,train
gossipcop-849411,train
gossipcop-849418,train
gossipcop-849422,train
gossipcop-849436,train
gossipcop-849441,train
gossipcop-849442,train
gossipcop-849449,train
gossipcop-849450,train
gossipcop-849451,train
gossipcop-849461,train
gossipcop-849469,train
gossipcop-849473,train
gossipcop-849474,train
gossipcop-849488,train
gossipcop-849495,train
gossipcop-849501,train
gossipcop-849503,train
gossipcop-849507,train
gossipcop-849511,train
gossipcop-849529,train
gossipcop-849542,train
gossipcop-849547,train
gossipcop-849562,train
gossipcop-849563,train
gossipcop-849566,train
gossipcop-849570,train
gossipcop-849576,train
gossipcop-849578,train
gossipcop-849582,train
gossipcop-849590,train
gossipcop-849600,train
gossipcop-849612,train
gossipcop-849614,train
gossipcop-849623,train
gossipcop-849624,train
gossipcop-849628,train
gossipcop-849629,train
gossipcop-849639,train
gossipcop-849640,train
gossipcop-849652,train
gossipcop-849657,train
gossipcop-849676,train
gossipcop-849677,train
gossipcop-849678,train
gossipcop-849691,train
gossipcop-849699,train
gossipcop-849700,train
gossipcop-8497150446,train
gossipcop-849743,train
gossipcop-849753,train
gossipcop-849755,train
gossipcop-849757,train
gossipcop-849801,train
gossipcop-849809,train
gossipcop-849843,train
gossipcop-849853,train
gossipcop-849855,train
gossipcop-849879,train
gossipcop-849893,train
gossipcop-849911,train
gossipcop-849929,train
gossipcop-8499826036,train
gossipcop-850005,train
gossipcop-850009,train
gossipcop-850029,train
gossipcop-850035,train
gossipcop-850037,train
gossipcop-850039,train
gossipcop-850041,train
gossipcop-850047,train
gossipcop-850049,train
gossipcop-850083,train
gossipcop-850103,train
gossipcop-850107,train
gossipcop-850115,train
gossipcop-850143,train
gossipcop-850147,train
gossipcop-850167,train
gossipcop-850181,train
gossipcop-850193,train
gossipcop-850195,train
gossipcop-850243,train
gossipcop-8502495536,train
gossipcop-850251,train
gossipcop-850259,train
gossipcop-850261,train
gossipcop-850269,train
gossipcop-850273,train
gossipcop-850315,train
gossipcop-850323,train
gossipcop-850325,train
gossipcop-850341,train
gossipcop-8503469704,train
gossipcop-850355,train
gossipcop-850363,train
gossipcop-850365,train
gossipcop-850369,train
gossipcop-850395,train
gossipcop-850409,train
gossipcop-850436,train
gossipcop-8504440899,train
gossipcop-850452,train
gossipcop-850454,train
gossipcop-850478,train
gossipcop-850488,train
gossipcop-850502,train
gossipcop-850504,train
gossipcop-850516,train
gossipcop-850530,train
gossipcop-850532,train
gossipcop-850534,train
gossipcop-850542,train
gossipcop-850560,train
gossipcop-850566,train
gossipcop-850574,train
gossipcop-850580,train
gossipcop-850582,train
gossipcop-850592,train
gossipcop-850618,train
gossipcop-850620,train
gossipcop-850626,train
gossipcop-850636,train
gossipcop-850644,train
gossipcop-850656,train
gossipcop-850658,train
gossipcop-850698,train
gossipcop-850714,train
gossipcop-850730,train
gossipcop-850736,train
gossipcop-850738,train
gossipcop-850740,train
gossipcop-850782,train
gossipcop-8507852180,train
gossipcop-850790,train
gossipcop-850796,train
gossipcop-850804,train
gossipcop-850826,train
gossipcop-850828,train
gossipcop-850836,train
gossipcop-850850,train
gossipcop-850856,train
gossipcop-850860,train
gossipcop-850870,train
gossipcop-850896,train
gossipcop-850922,train
gossipcop-850936,train
gossipcop-850948,train
gossipcop-850964,train
gossipcop-851144,train
gossipcop-8511922365,train
gossipcop-851234,train
gossipcop-851238,train
gossipcop-851258,train
gossipcop-851260,train
gossipcop-851270,train
gossipcop-851272,train
gossipcop-851280,train
gossipcop-851286,train
gossipcop-851298,train
gossipcop-851306,train
gossipcop-851322,train
gossipcop-851336,train
gossipcop-851338,train
gossipcop-851342,train
gossipcop-851378,train
gossipcop-851406,train
gossipcop-851412,train
gossipcop-851414,train
gossipcop-851448,train
gossipcop-851464,train
gossipcop-851478,train
gossipcop-851510,train
gossipcop-851536,train
gossipcop-851550,train
gossipcop-851552,train
gossipcop-851572,train
gossipcop-851580,train
gossipcop-851588,train
gossipcop-851596,train
gossipcop-851608,train
gossipcop-851616,train
gossipcop-851624,train
gossipcop-851626,train
gossipcop-8516436453,train
gossipcop-851648,train
gossipcop-851656,train
gossipcop-851674,train
gossipcop-851696,train
gossipcop-851704,train
gossipcop-851706,train
gossipcop-851722,train
gossipcop-851736,train
gossipcop-851738,train
gossipcop-851752,train
gossipcop-851754,train
gossipcop-851762,train
gossipcop-851770,train
gossipcop-851784,train
gossipcop-851808,train
gossipcop-851818,train
gossipcop-851832,train
gossipcop-8518374232,train
gossipcop-851838,train
gossipcop-851870,train
gossipcop-851878,train
gossipcop-851880,train
gossipcop-851896,train
gossipcop-851908,train
gossipcop-851942,train
gossipcop-851970,train
gossipcop-851978,train
gossipcop-851986,train
gossipcop-852002,train
gossipcop-852018,train
gossipcop-852034,train
gossipcop-852058,train
gossipcop-852068,train
gossipcop-852072,train
gossipcop-852094,train
gossipcop-852152,train
gossipcop-852190,train
gossipcop-852198,train
gossipcop-852212,train
gossipcop-852220,train
gossipcop-852238,train
gossipcop-852268,train
gossipcop-852278,train
gossipcop-852292,train
gossipcop-852302,train
gossipcop-852304,train
gossipcop-852316,train
gossipcop-852318,train
gossipcop-852346,train
gossipcop-852382,train
gossipcop-852384,train
gossipcop-852392,train
gossipcop-852394,train
gossipcop-852418,train
gossipcop-852426,train
gossipcop-852472,train
gossipcop-852480,train
gossipcop-852482,train
gossipcop-852500,train
gossipcop-852502,train
gossipcop-852522,train
gossipcop-852538,train
gossipcop-852540,train
gossipcop-852548,train
gossipcop-852576,train
gossipcop-852598,train
gossipcop-852600,train
gossipcop-8526059175,train
gossipcop-852632,train
gossipcop-852640,train
gossipcop-852648,train
gossipcop-852662,train
gossipcop-852666,train
gossipcop-852700,train
gossipcop-852710,train
gossipcop-852740,train
gossipcop-852742,train
gossipcop-852750,train
gossipcop-852752,train
gossipcop-8527528891,train
gossipcop-852784,train
gossipcop-852794,train
gossipcop-852808,train
gossipcop-852832,train
gossipcop-852834,train
gossipcop-852840,train
gossipcop-852848,train
gossipcop-852856,train
gossipcop-852882,train
gossipcop-8528825029,train
gossipcop-852896,train
gossipcop-852910,train
gossipcop-852918,train
gossipcop-852936,train
gossipcop-852944,train
gossipcop-852948,train
gossipcop-852966,train
gossipcop-852980,train
gossipcop-853002,train
gossipcop-8530020915,train
gossipcop-853016,train
gossipcop-853046,train
gossipcop-853048,train
gossipcop-853066,train
gossipcop-853068,train
gossipcop-853090,train
gossipcop-853118,train
gossipcop-853120,train
gossipcop-853130,train
gossipcop-853132,train
gossipcop-853146,train
gossipcop-853154,train
gossipcop-853162,train
gossipcop-853188,train
gossipcop-853200,train
gossipcop-853216,train
gossipcop-853226,train
gossipcop-853236,train
gossipcop-853254,train
gossipcop-853284,train
gossipcop-853308,train
gossipcop-853312,train
gossipcop-853328,train
gossipcop-853332,train
gossipcop-853344,train
gossipcop-853356,train
gossipcop-853376,train
gossipcop-853380,train
gossipcop-8534066846,train
gossipcop-853410,train
gossipcop-853432,train
gossipcop-853434,train
gossipcop-853442,train
gossipcop-853454,train
gossipcop-853466,train
gossipcop-853472,train
gossipcop-853492,train
gossipcop-853540,train
gossipcop-853544,train
gossipcop-853554,train
gossipcop-853584,train
gossipcop-853592,train
gossipcop-8536539547,train
gossipcop-853666,train
gossipcop-853680,train
gossipcop-8536862358,train
gossipcop-853714,train
gossipcop-853740,train
gossipcop-853742,train
gossipcop-853750,train
gossipcop-853752,train
gossipcop-853756,train
gossipcop-853764,train
gossipcop-853766,train
gossipcop-853808,train
gossipcop-8538278519,train
gossipcop-853862,train
gossipcop-853894,train
gossipcop-853896,train
gossipcop-853900,train
gossipcop-853936,train
gossipcop-853944,train
gossipcop-853968,train
gossipcop-854032,train
gossipcop-854036,train
gossipcop-854060,train
gossipcop-854076,train
gossipcop-854098,train
gossipcop-854124,train
gossipcop-854126,train
gossipcop-854134,train
gossipcop-854146,train
gossipcop-854166,train
gossipcop-854174,train
gossipcop-854200,train
gossipcop-854202,train
gossipcop-854216,train
gossipcop-854218,train
gossipcop-854236,train
gossipcop-854238,train
gossipcop-854262,train
gossipcop-854268,train
gossipcop-854278,train
gossipcop-854286,train
gossipcop-854296,train
gossipcop-854316,train
gossipcop-854348,train
gossipcop-854352,train
gossipcop-854354,train
gossipcop-854362,train
gossipcop-854364,train
gossipcop-854368,train
gossipcop-854396,train
gossipcop-854404,train
gossipcop-854448,train
gossipcop-854468,train
gossipcop-854478,train
gossipcop-854488,train
gossipcop-854510,train
gossipcop-854518,train
gossipcop-854526,train
gossipcop-854540,train
gossipcop-854544,train
gossipcop-854572,train
gossipcop-854592,train
gossipcop-854620,train
gossipcop-854624,train
gossipcop-854642,train
gossipcop-854674,train
gossipcop-854676,train
gossipcop-854708,train
gossipcop-854722,train
gossipcop-854728,train
gossipcop-854736,train
gossipcop-854774,train
gossipcop-854782,train
gossipcop-854816,train
gossipcop-8548264974,train
gossipcop-854834,train
gossipcop-854842,train
gossipcop-854850,train
gossipcop-854882,train
gossipcop-854886,train
gossipcop-854906,train
gossipcop-854908,train
gossipcop-854914,train
gossipcop-855004,train
gossipcop-855012,train
gossipcop-855022,train
gossipcop-855024,train
gossipcop-855026,train
gossipcop-855030,train
gossipcop-855046,train
gossipcop-8550490801,train
gossipcop-855068,train
gossipcop-855082,train
gossipcop-855102,train
gossipcop-855126,train
gossipcop-855160,train
gossipcop-855174,train
gossipcop-855182,train
gossipcop-855210,train
gossipcop-855218,train
gossipcop-855226,train
gossipcop-855250,train
gossipcop-855264,train
gossipcop-855266,train
gossipcop-855274,train
gossipcop-855292,train
gossipcop-855334,train
gossipcop-855336,train
gossipcop-855346,train
gossipcop-855350,train
gossipcop-855390,train
gossipcop-855398,train
gossipcop-855406,train
gossipcop-855414,train
gossipcop-855416,train
gossipcop-855418,train
gossipcop-855422,train
gossipcop-855438,train
gossipcop-855440,train
gossipcop-8554430402,train
gossipcop-855458,train
gossipcop-855460,train
gossipcop-855464,train
gossipcop-855466,train
gossipcop-855496,train
gossipcop-855504,train
gossipcop-855512,train
gossipcop-855542,train
gossipcop-855576,train
gossipcop-855586,train
gossipcop-855588,train
gossipcop-855616,train
gossipcop-855626,train
gossipcop-855660,train
gossipcop-8556784849,train
gossipcop-855708,train
gossipcop-8557438579,train
gossipcop-855748,train
gossipcop-855768,train
gossipcop-855770,train
gossipcop-855820,train
gossipcop-855860,train
gossipcop-855870,train
gossipcop-855874,train
gossipcop-855886,train
gossipcop-855918,train
gossipcop-8559275084,train
gossipcop-855978,train
gossipcop-8559857759,train
gossipcop-855998,train
gossipcop-856028,train
gossipcop-856044,train
gossipcop-8560506152,train
gossipcop-856060,train
gossipcop-856074,train
gossipcop-856102,train
gossipcop-856104,train
gossipcop-856106,train
gossipcop-856122,train
gossipcop-856130,train
gossipcop-856150,train
gossipcop-856170,train
gossipcop-856176,train
gossipcop-856198,train
gossipcop-856216,train
gossipcop-856252,train
gossipcop-856256,train
gossipcop-856276,train
gossipcop-856278,train
gossipcop-856284,train
gossipcop-856308,train
gossipcop-856318,train
gossipcop-856330,train
gossipcop-856384,train
gossipcop-856396,train
gossipcop-856426,train
gossipcop-856450,train
gossipcop-856466,train
gossipcop-856472,train
gossipcop-856478,train
gossipcop-856480,train
gossipcop-856490,train
gossipcop-856516,train
gossipcop-856534,train
gossipcop-856558,train
gossipcop-8565682825,train
gossipcop-856576,train
gossipcop-856582,train
gossipcop-856593,train
gossipcop-856597,train
gossipcop-856598,train
gossipcop-8566320362,train
gossipcop-856647,train
gossipcop-856652,train
gossipcop-856679,train
gossipcop-856683,train
gossipcop-856691,train
gossipcop-856712,train
gossipcop-856717,train
gossipcop-856726,train
gossipcop-856739,train
gossipcop-856743,train
gossipcop-856747,train
gossipcop-856760,train
gossipcop-856775,train
gossipcop-856782,train
gossipcop-856789,train
gossipcop-856793,train
gossipcop-856794,train
gossipcop-856799,train
gossipcop-856808,train
gossipcop-856815,train
gossipcop-856821,train
gossipcop-856830,train
gossipcop-856849,train
gossipcop-856853,train
gossipcop-856859,train
gossipcop-856863,train
gossipcop-856887,train
gossipcop-8568881657,train
gossipcop-856894,train
gossipcop-856897,train
gossipcop-856901,train
gossipcop-8569172943,train
gossipcop-856925,train
gossipcop-856928,train
gossipcop-856933,train
gossipcop-856935,train
gossipcop-856945,train
gossipcop-856948,train
gossipcop-856949,train
gossipcop-856950,train
gossipcop-856959,train
gossipcop-856961,train
gossipcop-856985,train
gossipcop-856986,train
gossipcop-856990,train
gossipcop-857001,train
gossipcop-857011,train
gossipcop-857015,train
gossipcop-857027,train
gossipcop-857058,train
gossipcop-857067,train
gossipcop-857068,train
gossipcop-857079,train
gossipcop-857084,train
gossipcop-857085,train
gossipcop-857090,train
gossipcop-857100,train
gossipcop-857107,train
gossipcop-857108,train
gossipcop-857120,train
gossipcop-857123,train
gossipcop-857138,train
gossipcop-857140,train
gossipcop-857149,train
gossipcop-857166,train
gossipcop-857180,train
gossipcop-857184,train
gossipcop-857200,train
gossipcop-857208,train
gossipcop-857213,train
gossipcop-857218,train
gossipcop-857223,train
gossipcop-857224,train
gossipcop-857225,train
gossipcop-857227,train
gossipcop-857231,train
gossipcop-857243,train
gossipcop-857248,train
gossipcop-857261,train
gossipcop-857273,train
gossipcop-857279,train
gossipcop-857290,train
gossipcop-857291,train
gossipcop-857297,train
gossipcop-857305,train
gossipcop-8573181426,train
gossipcop-857319,train
gossipcop-857324,train
gossipcop-857334,train
gossipcop-857342,train
gossipcop-857345,train
gossipcop-857348,train
gossipcop-857349,train
gossipcop-857378,train
gossipcop-857383,train
gossipcop-857388,train
gossipcop-857396,train
gossipcop-8573968227,train
gossipcop-857422,train
gossipcop-857427,train
gossipcop-857428,train
gossipcop-857431,train
gossipcop-857432,train
gossipcop-857434,train
gossipcop-857435,train
gossipcop-857436,train
gossipcop-857440,train
gossipcop-857447,train
gossipcop-857456,train
gossipcop-857457,train
gossipcop-857467,train
gossipcop-857478,train
gossipcop-857495,train
gossipcop-857511,train
gossipcop-857518,train
gossipcop-857522,train
gossipcop-857540,train
gossipcop-857548,train
gossipcop-857561,train
gossipcop-857565,train
gossipcop-857573,train
gossipcop-857585,train
gossipcop-857589,train
gossipcop-857597,train
gossipcop-857608,train
gossipcop-857609,train
gossipcop-857630,train
gossipcop-857638,train
gossipcop-857649,train
gossipcop-857654,train
gossipcop-857662,train
gossipcop-857670,train
gossipcop-857681,train
gossipcop-857734,train
gossipcop-857765,train
gossipcop-857776,train
gossipcop-857795,train
gossipcop-857810,train
gossipcop-857818,train
gossipcop-857822,train
gossipcop-857841,train
gossipcop-857846,train
gossipcop-857857,train
gossipcop-857863,train
gossipcop-857879,train
gossipcop-857891,train
gossipcop-857896,train
gossipcop-857903,train
gossipcop-857912,train
gossipcop-857917,train
gossipcop-857930,train
gossipcop-857932,train
gossipcop-857933,train
gossipcop-857935,train
gossipcop-857937,train
gossipcop-857963,train
gossipcop-857971,train
gossipcop-857980,train
gossipcop-857987,train
gossipcop-857989,train
gossipcop-857992,train
gossipcop-857993,train
gossipcop-857994,train
gossipcop-857995,train
gossipcop-858011,train
gossipcop-858016,train
gossipcop-858017,train
gossipcop-858021,train
gossipcop-858032,train
gossipcop-858044,train
gossipcop-858045,train
gossipcop-858053,train
gossipcop-858066,train
gossipcop-858081,train
gossipcop-858095,train
gossipcop-858114,train
gossipcop-858120,train
gossipcop-858123,train
gossipcop-858131,train
gossipcop-858134,train
gossipcop-858136,train
gossipcop-858140,train
gossipcop-858148,train
gossipcop-858151,train
gossipcop-8581615474,train
gossipcop-858167,train
gossipcop-858171,train
gossipcop-858197,train
gossipcop-858210,train
gossipcop-858236,train
gossipcop-858237,train
gossipcop-858238,train
gossipcop-858246,train
gossipcop-858253,train
gossipcop-858257,train
gossipcop-858264,train
gossipcop-858265,train
gossipcop-858282,train
gossipcop-858290,train
gossipcop-858295,train
gossipcop-858296,train
gossipcop-858310,train
gossipcop-858333,train
gossipcop-858342,train
gossipcop-858361,train
gossipcop-858364,train
gossipcop-858387,train
gossipcop-858388,train
gossipcop-858407,train
gossipcop-858411,train
gossipcop-858422,train
gossipcop-858429,train
gossipcop-858433,train
gossipcop-858434,train
gossipcop-858435,train
gossipcop-858436,train
gossipcop-858443,train
gossipcop-858451,train
gossipcop-858475,train
gossipcop-858500,train
gossipcop-858507,train
gossipcop-858512,train
gossipcop-858513,train
gossipcop-858522,train
gossipcop-858526,train
gossipcop-858530,train
gossipcop-858556,train
gossipcop-858557,train
gossipcop-858571,train
gossipcop-858572,train
gossipcop-858584,train
gossipcop-858590,train
gossipcop-8586044284,train
gossipcop-858609,train
gossipcop-858612,train
gossipcop-8586162031,train
gossipcop-858619,train
gossipcop-858625,train
gossipcop-858648,train
gossipcop-858649,train
gossipcop-858664,train
gossipcop-858672,train
gossipcop-858673,train
gossipcop-858683,train
gossipcop-858697,train
gossipcop-858701,train
gossipcop-858703,train
gossipcop-858717,train
gossipcop-858721,train
gossipcop-858742,train
gossipcop-858750,train
gossipcop-858758,train
gossipcop-858761,train
gossipcop-858780,train
gossipcop-858784,train
gossipcop-858789,train
gossipcop-858809,train
gossipcop-858813,train
gossipcop-858817,train
gossipcop-858825,train
gossipcop-858830,train
gossipcop-858836,train
gossipcop-858840,train
gossipcop-858847,train
gossipcop-858862,train
gossipcop-858878,train
gossipcop-858882,train
gossipcop-858892,train
gossipcop-858896,train
gossipcop-858907,train
gossipcop-858911,train
gossipcop-858918,train
gossipcop-858927,train
gossipcop-858932,train
gossipcop-858939,train
gossipcop-858943,train
gossipcop-858957,train
gossipcop-858966,train
gossipcop-858975,train
gossipcop-858987,train
gossipcop-858989,train
gossipcop-859000,train
gossipcop-859028,train
gossipcop-859029,train
gossipcop-859032,train
gossipcop-859034,train
gossipcop-859045,train
gossipcop-859119,train
gossipcop-859153,train
gossipcop-859180,train
gossipcop-859185,train
gossipcop-859191,train
gossipcop-859213,train
gossipcop-859227,train
gossipcop-859228,train
gossipcop-859238,train
gossipcop-859241,train
gossipcop-859248,train
gossipcop-859254,train
gossipcop-859268,train
gossipcop-859270,train
gossipcop-859296,train
gossipcop-859340,train
gossipcop-859379,train
gossipcop-859388,train
gossipcop-859389,train
gossipcop-859412,train
gossipcop-859429,train
gossipcop-859461,train
gossipcop-859468,train
gossipcop-859486,train
gossipcop-859490,train
gossipcop-859495,train
gossipcop-859500,train
gossipcop-859501,train
gossipcop-859517,train
gossipcop-859518,train
gossipcop-859526,train
gossipcop-859536,train
gossipcop-859540,train
gossipcop-859562,train
gossipcop-859574,train
gossipcop-859596,train
gossipcop-859600,train
gossipcop-859606,train
gossipcop-859607,train
gossipcop-859618,train
gossipcop-859645,train
gossipcop-859652,train
gossipcop-859662,train
gossipcop-859663,train
gossipcop-859682,train
gossipcop-859683,train
gossipcop-859694,train
gossipcop-859776,train
gossipcop-859786,train
gossipcop-859823,train
gossipcop-859832,train
gossipcop-859838,train
gossipcop-859839,train
gossipcop-859846,train
gossipcop-8598629116,train
gossipcop-859865,train
gossipcop-8598730691,train
gossipcop-859883,train
gossipcop-859898,train
gossipcop-859915,train
gossipcop-859921,train
gossipcop-859925,train
gossipcop-859926,train
gossipcop-859934,train
gossipcop-859947,train
gossipcop-859951,train
gossipcop-859956,train
gossipcop-859957,train
gossipcop-859980,train
gossipcop-859981,train
gossipcop-859994,train
gossipcop-860013,train
gossipcop-860022,train
gossipcop-860035,train
gossipcop-860041,train
gossipcop-860052,train
gossipcop-860065,train
gossipcop-860087,train
gossipcop-860099,train
gossipcop-860105,train
gossipcop-860111,train
gossipcop-860119,train
gossipcop-860158,train
gossipcop-860167,train
gossipcop-860190,train
gossipcop-860197,train
gossipcop-860217,train
gossipcop-860239,train
gossipcop-860261,train
gossipcop-860267,train
gossipcop-860276,train
gossipcop-860280,train
gossipcop-860288,train
gossipcop-860292,train
gossipcop-860296,train
gossipcop-860300,train
gossipcop-860307,train
gossipcop-860315,train
gossipcop-860324,train
gossipcop-860332,train
gossipcop-860333,train
gossipcop-860340,train
gossipcop-860349,train
gossipcop-860365,train
gossipcop-860366,train
gossipcop-860370,train
gossipcop-860376,train
gossipcop-860390,train
gossipcop-860396,train
gossipcop-860400,train
gossipcop-860406,train
gossipcop-860410,train
gossipcop-860415,train
gossipcop-860416,train
gossipcop-860430,train
gossipcop-860446,train
gossipcop-860449,train
gossipcop-860451,train
gossipcop-860455,train
gossipcop-860485,train
gossipcop-860490,train
gossipcop-860497,train
gossipcop-860498,train
gossipcop-860499,train
gossipcop-860503,train
gossipcop-860518,train
gossipcop-860519,train
gossipcop-860521,train
gossipcop-860551,train
gossipcop-860556,train
gossipcop-860587,train
gossipcop-860613,train
gossipcop-860652,train
gossipcop-860712,train
gossipcop-860714,train
gossipcop-860719,train
gossipcop-860730,train
gossipcop-860746,train
gossipcop-860753,train
gossipcop-860763,train
gossipcop-860771,train
gossipcop-860808,train
gossipcop-860812,train
gossipcop-860813,train
gossipcop-860842,train
gossipcop-860853,train
gossipcop-860854,train
gossipcop-860858,train
gossipcop-860859,train
gossipcop-860864,train
gossipcop-860866,train
gossipcop-860870,train
gossipcop-860892,train
gossipcop-860893,train
gossipcop-860894,train
gossipcop-860895,train
gossipcop-8609057553,train
gossipcop-860915,train
gossipcop-8609176473,train
gossipcop-860923,train
gossipcop-860930,train
gossipcop-8609335343,train
gossipcop-860944,train
gossipcop-860947,train
gossipcop-860962,train
gossipcop-860970,train
gossipcop-860971,train
gossipcop-860991,train
gossipcop-861012,train
gossipcop-861014,train
gossipcop-861022,train
gossipcop-861023,train
gossipcop-861025,train
gossipcop-861036,train
gossipcop-861037,train
gossipcop-861078,train
gossipcop-861082,train
gossipcop-861083,train
gossipcop-861084,train
gossipcop-861089,train
gossipcop-861102,train
gossipcop-861103,train
gossipcop-861116,train
gossipcop-8611166284,train
gossipcop-861127,train
gossipcop-861133,train
gossipcop-861158,train
gossipcop-861163,train
gossipcop-861167,train
gossipcop-861181,train
gossipcop-861186,train
gossipcop-861191,train
gossipcop-861211,train
gossipcop-861212,train
gossipcop-861214,train
gossipcop-861221,train
gossipcop-861230,train
gossipcop-861234,train
gossipcop-861259,train
gossipcop-861260,train
gossipcop-861272,train
gossipcop-861287,train
gossipcop-861288,train
gossipcop-861293,train
gossipcop-861295,train
gossipcop-861301,train
gossipcop-861322,train
gossipcop-861324,train
gossipcop-861346,train
gossipcop-861352,train
gossipcop-861354,train
gossipcop-861360,train
gossipcop-861364,train
gossipcop-861377,train
gossipcop-861381,train
gossipcop-861397,train
gossipcop-861401,train
gossipcop-861409,train
gossipcop-861413,train
gossipcop-861419,train
gossipcop-861425,train
gossipcop-861434,train
gossipcop-861438,train
gossipcop-861440,train
gossipcop-861464,train
gossipcop-861465,train
gossipcop-861470,train
gossipcop-861474,train
gossipcop-861479,train
gossipcop-861496,train
gossipcop-861497,train
gossipcop-861504,train
gossipcop-861505,train
gossipcop-861509,train
gossipcop-861511,train
gossipcop-861538,train
gossipcop-861548,train
gossipcop-861558,train
gossipcop-861559,train
gossipcop-861567,train
gossipcop-861568,train
gossipcop-861573,train
gossipcop-861577,train
gossipcop-861583,train
gossipcop-861591,train
gossipcop-861595,train
gossipcop-861602,train
gossipcop-861612,train
gossipcop-861617,train
gossipcop-861627,train
gossipcop-861635,train
gossipcop-861642,train
gossipcop-861643,train
gossipcop-861654,train
gossipcop-861659,train
gossipcop-861663,train
gossipcop-861680,train
gossipcop-861687,train
gossipcop-861692,train
gossipcop-861693,train
gossipcop-861700,train
gossipcop-861704,train
gossipcop-861712,train
gossipcop-861735,train
gossipcop-861740,train
gossipcop-861746,train
gossipcop-8617484084,train
gossipcop-861752,train
gossipcop-861773,train
gossipcop-861781,train
gossipcop-861784,train
gossipcop-861798,train
gossipcop-861830,train
gossipcop-861831,train
gossipcop-861839,train
gossipcop-861842,train
gossipcop-861849,train
gossipcop-861854,train
gossipcop-861855,train
gossipcop-861856,train
gossipcop-861860,train
gossipcop-861875,train
gossipcop-861887,train
gossipcop-861888,train
gossipcop-861906,train
gossipcop-861907,train
gossipcop-861908,train
gossipcop-861931,train
gossipcop-861946,train
gossipcop-861948,train
gossipcop-861953,train
gossipcop-861965,train
gossipcop-861982,train
gossipcop-861996,train
gossipcop-862003,train
gossipcop-8620094827,train
gossipcop-862011,train
gossipcop-862015,train
gossipcop-862016,train
gossipcop-862017,train
gossipcop-862028,train
gossipcop-862050,train
gossipcop-862106,train
gossipcop-8621073505,train
gossipcop-862140,train
gossipcop-862159,train
gossipcop-862160,train
gossipcop-862176,train
gossipcop-862177,train
gossipcop-862179,train
gossipcop-862194,train
gossipcop-862196,train
gossipcop-862200,train
gossipcop-862201,train
gossipcop-862205,train
gossipcop-862222,train
gossipcop-862237,train
gossipcop-862240,train
gossipcop-862255,train
gossipcop-862262,train
gossipcop-862278,train
gossipcop-862293,train
gossipcop-862295,train
gossipcop-862303,train
gossipcop-862304,train
gossipcop-862308,train
gossipcop-862316,train
gossipcop-862317,train
gossipcop-862325,train
gossipcop-862326,train
gossipcop-862334,train
gossipcop-862339,train
gossipcop-862343,train
gossipcop-862352,train
gossipcop-862353,train
gossipcop-862366,train
gossipcop-862379,train
gossipcop-862396,train
gossipcop-862405,train
gossipcop-862415,train
gossipcop-862421,train
gossipcop-8624257636,train
gossipcop-862435,train
gossipcop-8624396030,train
gossipcop-862461,train
gossipcop-862465,train
gossipcop-862466,train
gossipcop-862467,train
gossipcop-862472,train
gossipcop-862473,train
gossipcop-862500,train
gossipcop-862501,train
gossipcop-862515,train
gossipcop-862525,train
gossipcop-862534,train
gossipcop-862547,train
gossipcop-862548,train
gossipcop-862552,train
gossipcop-862579,train
gossipcop-862685,train
gossipcop-862698,train
gossipcop-862700,train
gossipcop-862712,train
gossipcop-862728,train
gossipcop-862732,train
gossipcop-862744,train
gossipcop-862761,train
gossipcop-862763,train
gossipcop-862771,train
gossipcop-862775,train
gossipcop-862789,train
gossipcop-862790,train
gossipcop-862794,train
gossipcop-862813,train
gossipcop-862823,train
gossipcop-862825,train
gossipcop-862837,train
gossipcop-862845,train
gossipcop-862846,train
gossipcop-862915,train
gossipcop-862917,train
gossipcop-862944,train
gossipcop-862967,train
gossipcop-862968,train
gossipcop-862986,train
gossipcop-862995,train
gossipcop-863001,train
gossipcop-863002,train
gossipcop-863003,train
gossipcop-863017,train
gossipcop-863026,train
gossipcop-863027,train
gossipcop-863028,train
gossipcop-863029,train
gossipcop-863036,train
gossipcop-863059,train
gossipcop-863063,train
gossipcop-863073,train
gossipcop-863075,train
gossipcop-863077,train
gossipcop-863088,train
gossipcop-863097,train
gossipcop-863098,train
gossipcop-863108,train
gossipcop-863115,train
gossipcop-863136,train
gossipcop-863140,train
gossipcop-863152,train
gossipcop-863157,train
gossipcop-863170,train
gossipcop-863178,train
gossipcop-863185,train
gossipcop-863189,train
gossipcop-863196,train
gossipcop-863200,train
gossipcop-863211,train
gossipcop-863212,train
gossipcop-863222,train
gossipcop-863229,train
gossipcop-863230,train
gossipcop-863237,train
gossipcop-863239,train
gossipcop-863277,train
gossipcop-8632935108,train
gossipcop-863298,train
gossipcop-863299,train
gossipcop-863318,train
gossipcop-863336,train
gossipcop-8633373261,train
gossipcop-863338,train
gossipcop-863343890,train
gossipcop-863347,train
gossipcop-863350,train
gossipcop-863361,train
gossipcop-863374,train
gossipcop-863380,train
gossipcop-863383,train
gossipcop-863389,train
gossipcop-863409,train
gossipcop-863410,train
gossipcop-863418,train
gossipcop-863443,train
gossipcop-863444,train
gossipcop-863450,train
gossipcop-863460,train
gossipcop-863461,train
gossipcop-863465,train
gossipcop-863466,train
gossipcop-863469,train
gossipcop-863482,train
gossipcop-863489,train
gossipcop-863496,train
gossipcop-863497,train
gossipcop-863509,train
gossipcop-863515,train
gossipcop-863520,train
gossipcop-863531,train
gossipcop-863571,train
gossipcop-863580,train
gossipcop-863584,train
gossipcop-863589,train
gossipcop-863608,train
gossipcop-863614,train
gossipcop-863628,train
gossipcop-863630,train
gossipcop-863631,train
gossipcop-863638,train
gossipcop-863663,train
gossipcop-863664,train
gossipcop-863671,train
gossipcop-863673,train
gossipcop-863677,train
gossipcop-863679,train
gossipcop-863690,train
gossipcop-863702,train
gossipcop-863703,train
gossipcop-863704,train
gossipcop-863715,train
gossipcop-863728,train
gossipcop-863734,train
gossipcop-863735,train
gossipcop-863756,train
gossipcop-8637575241,train
gossipcop-863763,train
gossipcop-863772,train
gossipcop-863786,train
gossipcop-863801,train
gossipcop-863812,train
gossipcop-863813,train
gossipcop-863832,train
gossipcop-863835,train
gossipcop-863837,train
gossipcop-863862,train
gossipcop-863864,train
gossipcop-8638680608,train
gossipcop-863870,train
gossipcop-863882,train
gossipcop-863890,train
gossipcop-863965,train
gossipcop-8639851395,train
gossipcop-863993,train
gossipcop-863994,train
gossipcop-864053,train
gossipcop-864060,train
gossipcop-864077,train
gossipcop-864078,train
gossipcop-864088,train
gossipcop-864098,train
gossipcop-864099,train
gossipcop-8641048055,train
gossipcop-864105,train
gossipcop-864117,train
gossipcop-864118,train
gossipcop-864128,train
gossipcop-864146,train
gossipcop-864147,train
gossipcop-864165,train
gossipcop-864166,train
gossipcop-864167,train
gossipcop-864204,train
gossipcop-864221,train
gossipcop-864223,train
gossipcop-864237,train
gossipcop-864243,train
gossipcop-864249,train
gossipcop-864291,train
gossipcop-864301,train
gossipcop-864311,train
gossipcop-864322,train
gossipcop-864325,train
gossipcop-864338,train
gossipcop-864371,train
gossipcop-864379,train
gossipcop-864395,train
gossipcop-864404,train
gossipcop-864408,train
gossipcop-864409,train
gossipcop-864410,train
gossipcop-864423,train
gossipcop-864424,train
gossipcop-864445,train
gossipcop-864467,train
gossipcop-864471,train
gossipcop-864500,train
gossipcop-864502,train
gossipcop-864510,train
gossipcop-864511,train
gossipcop-864519,train
gossipcop-864618,train
gossipcop-864623,train
gossipcop-864627,train
gossipcop-864634,train
gossipcop-864635,train
gossipcop-864636,train
gossipcop-864647,train
gossipcop-864659,train
gossipcop-864663,train
gossipcop-864669,train
gossipcop-864673,train
gossipcop-864674,train
gossipcop-864682,train
gossipcop-864688,train
gossipcop-864715,train
gossipcop-864724,train
gossipcop-864730,train
gossipcop-864764,train
gossipcop-864775,train
gossipcop-864782,train
gossipcop-864794,train
gossipcop-864794144,train
gossipcop-864798,train
gossipcop-864803,train
gossipcop-864816,train
gossipcop-864826,train
gossipcop-864836,train
gossipcop-864881,train
gossipcop-864888,train
gossipcop-864895,train
gossipcop-864912,train
gossipcop-864922,train
gossipcop-864933,train
gossipcop-864937,train
gossipcop-864946,train
gossipcop-864953,train
gossipcop-864964,train
gossipcop-864965,train
gossipcop-864982,train
gossipcop-864984,train
gossipcop-864997,train
gossipcop-865006,train
gossipcop-865014,train
gossipcop-865038,train
gossipcop-865048,train
gossipcop-865050,train
gossipcop-865058,train
gossipcop-865061,train
gossipcop-865065,train
gossipcop-865092,train
gossipcop-865105,train
gossipcop-865106,train
gossipcop-865117,train
gossipcop-865134,train
gossipcop-865143,train
gossipcop-865153,train
gossipcop-865158,train
gossipcop-865163,train
gossipcop-865168,train
gossipcop-865180,train
gossipcop-865183,train
gossipcop-865190,train
gossipcop-865192,train
gossipcop-865202,train
gossipcop-865217,train
gossipcop-865218,train
gossipcop-865227,train
gossipcop-865234,train
gossipcop-865242,train
gossipcop-865249,train
gossipcop-865262,train
gossipcop-865266,train
gossipcop-865268,train
gossipcop-865272,train
gossipcop-865281,train
gossipcop-865286,train
gossipcop-865287,train
gossipcop-865292,train
gossipcop-865300,train
gossipcop-865320,train
gossipcop-865326152,train
gossipcop-865327,train
gossipcop-865345,train
gossipcop-865355,train
gossipcop-865366,train
gossipcop-865368,train
gossipcop-865369,train
gossipcop-865370,train
gossipcop-865378,train
gossipcop-865390,train
gossipcop-865394,train
gossipcop-865425,train
gossipcop-865440,train
gossipcop-865453,train
gossipcop-865459,train
gossipcop-865465,train
gossipcop-865476,train
gossipcop-865497,train
gossipcop-865505,train
gossipcop-865518,train
gossipcop-865529,train
gossipcop-865533,train
gossipcop-865543,train
gossipcop-865550,train
gossipcop-865551,train
gossipcop-865563,train
gossipcop-865571,train
gossipcop-865572,train
gossipcop-865574,train
gossipcop-865582,train
gossipcop-865583,train
gossipcop-865588,train
gossipcop-865603,train
gossipcop-865611,train
gossipcop-865613,train
gossipcop-865627,train
gossipcop-865647,train
gossipcop-865658,train
gossipcop-865678,train
gossipcop-865680,train
gossipcop-865681,train
gossipcop-865689,train
gossipcop-865693,train
gossipcop-865694,train
gossipcop-865695,train
gossipcop-865706,train
gossipcop-865707,train
gossipcop-865712,train
gossipcop-865721,train
gossipcop-865731,train
gossipcop-865818,train
gossipcop-865858,train
gossipcop-865862,train
gossipcop-865863,train
gossipcop-865875,train
gossipcop-865895,train
gossipcop-865918,train
gossipcop-865925,train
gossipcop-865929,train
gossipcop-865930,train
gossipcop-865950,train
gossipcop-865968,train
gossipcop-865982,train
gossipcop-865983,train
gossipcop-865991,train
gossipcop-865992,train
gossipcop-865997,train
gossipcop-865999,train
gossipcop-866004,train
gossipcop-866005,train
gossipcop-866032,train
gossipcop-866033,train
gossipcop-866051,train
gossipcop-866058,train
gossipcop-866059,train
gossipcop-866060,train
gossipcop-866061,train
gossipcop-866069,train
gossipcop-866078,train
gossipcop-866089,train
gossipcop-866093,train
gossipcop-866113,train
gossipcop-866118,train
gossipcop-866122,train
gossipcop-866133,train
gossipcop-866139,train
gossipcop-866147,train
gossipcop-866153,train
gossipcop-866162,train
gossipcop-866166,train
gossipcop-866168,train
gossipcop-866176,train
gossipcop-866198,train
gossipcop-866201,train
gossipcop-866215,train
gossipcop-866222,train
gossipcop-866236,train
gossipcop-866237,train
gossipcop-866238,train
gossipcop-866255,train
gossipcop-866261,train
gossipcop-866273,train
gossipcop-866290,train
gossipcop-866291,train
gossipcop-866295,train
gossipcop-866300,train
gossipcop-866307,train
gossipcop-866326,train
gossipcop-866331,train
gossipcop-866332,train
gossipcop-866334,train
gossipcop-866338,train
gossipcop-866345,train
gossipcop-866356,train
gossipcop-866366,train
gossipcop-866375,train
gossipcop-866376,train
gossipcop-866385,train
gossipcop-866402,train
gossipcop-866405,train
gossipcop-866421,train
gossipcop-866429,train
gossipcop-8664298438,train
gossipcop-866431,train
gossipcop-866432,train
gossipcop-8664328328,train
gossipcop-866433,train
gossipcop-866456,train
gossipcop-866462,train
gossipcop-866468,train
gossipcop-866473,train
gossipcop-866474,train
gossipcop-866475,train
gossipcop-866480,train
gossipcop-866481,train
gossipcop-866487,train
gossipcop-8664993362,train
gossipcop-866500,train
gossipcop-866501,train
gossipcop-866509,train
gossipcop-866513,train
gossipcop-866515,train
gossipcop-866519,train
gossipcop-866537,train
gossipcop-866541,train
gossipcop-866550,train
gossipcop-866554,train
gossipcop-866556,train
gossipcop-866558,train
gossipcop-866572,train
gossipcop-866590,train
gossipcop-866608,train
gossipcop-866609,train
gossipcop-8666163098,train
gossipcop-866623,train
gossipcop-866624,train
gossipcop-866631,train
gossipcop-866638,train
gossipcop-866648,train
gossipcop-866655,train
gossipcop-866660,train
gossipcop-866665,train
gossipcop-866676,train
gossipcop-866683,train
gossipcop-866692,train
gossipcop-866697,train
gossipcop-866708,train
gossipcop-866710,train
gossipcop-866721,train
gossipcop-866726,train
gossipcop-866734,train
gossipcop-866744,train
gossipcop-866745,train
gossipcop-866750,train
gossipcop-8667569415,train
gossipcop-866763,train
gossipcop-866783,train
gossipcop-866788,train
gossipcop-866789,train
gossipcop-866801,train
gossipcop-866804,train
gossipcop-866809,train
gossipcop-866812,train
gossipcop-866830,train
gossipcop-866831,train
gossipcop-866843,train
gossipcop-866844,train
gossipcop-866846,train
gossipcop-866872,train
gossipcop-866916,train
gossipcop-866920,train
gossipcop-866921,train
gossipcop-866926,train
gossipcop-866938,train
gossipcop-866945,train
gossipcop-866961,train
gossipcop-866973,train
gossipcop-866998,train
gossipcop-867002,train
gossipcop-867003,train
gossipcop-867004,train
gossipcop-867012,train
gossipcop-867013,train
gossipcop-867020,train
gossipcop-867028,train
gossipcop-867045,train
gossipcop-867060,train
gossipcop-867070,train
gossipcop-867074,train
gossipcop-867079,train
gossipcop-867091,train
gossipcop-867101,train
gossipcop-867108,train
gossipcop-867112,train
gossipcop-867113,train
gossipcop-867115,train
gossipcop-867116,train
gossipcop-867125,train
gossipcop-867129,train
gossipcop-867138,train
gossipcop-867150,train
gossipcop-867162,train
gossipcop-867170,train
gossipcop-867171,train
gossipcop-867175,train
gossipcop-867179,train
gossipcop-867190,train
gossipcop-867199,train
gossipcop-867210,train
gossipcop-867214,train
gossipcop-867219,train
gossipcop-867220,train
gossipcop-867227,train
gossipcop-867230,train
gossipcop-867231,train
gossipcop-867238,train
gossipcop-867250,train
gossipcop-867257,train
gossipcop-867258,train
gossipcop-867264,train
gossipcop-867284,train
gossipcop-867343,train
gossipcop-867344,train
gossipcop-8673453390,train
gossipcop-867346,train
gossipcop-867355,train
gossipcop-867373,train
gossipcop-867377,train
gossipcop-867394,train
gossipcop-867403,train
gossipcop-867404,train
gossipcop-867416,train
gossipcop-867417,train
gossipcop-867421,train
gossipcop-867431,train
gossipcop-867432,train
gossipcop-867440,train
gossipcop-867444,train
gossipcop-867445,train
gossipcop-867470,train
gossipcop-867472,train
gossipcop-867487,train
gossipcop-867515,train
gossipcop-867516,train
gossipcop-867544,train
gossipcop-867554,train
gossipcop-867562,train
gossipcop-867564,train
gossipcop-867570,train
gossipcop-867571,train
gossipcop-867579,train
gossipcop-867593,train
gossipcop-867614,train
gossipcop-867615,train
gossipcop-867629,train
gossipcop-867630,train
gossipcop-8676309881,train
gossipcop-867639,train
gossipcop-867640,train
gossipcop-867642,train
gossipcop-867662,train
gossipcop-867674,train
gossipcop-867679,train
gossipcop-867680,train
gossipcop-867682,train
gossipcop-867683,train
gossipcop-867684,train
gossipcop-867698,train
gossipcop-867699,train
gossipcop-867703,train
gossipcop-867704,train
gossipcop-867711,train
gossipcop-867726,train
gossipcop-867727,train
gossipcop-867749,train
gossipcop-867756,train
gossipcop-867768,train
gossipcop-867772,train
gossipcop-867787,train
gossipcop-867809,train
gossipcop-867814,train
gossipcop-867821,train
gossipcop-867834,train
gossipcop-867846,train
gossipcop-867848,train
gossipcop-867863,train
gossipcop-867865,train
gossipcop-867876,train
gossipcop-867877,train
gossipcop-867882,train
gossipcop-867968,train
gossipcop-8679930999,train
gossipcop-868019,train
gossipcop-868043,train
gossipcop-868044,train
gossipcop-868051,train
gossipcop-868053,train
gossipcop-868063,train
gossipcop-868067,train
gossipcop-868074,train
gossipcop-868085,train
gossipcop-868090,train
gossipcop-868095,train
gossipcop-868113,train
gossipcop-868115,train
gossipcop-868134635,train
gossipcop-868136,train
gossipcop-868155,train
gossipcop-868167,train
gossipcop-868178,train
gossipcop-868179,train
gossipcop-868182,train
gossipcop-868185,train
gossipcop-868198,train
gossipcop-868202,train
gossipcop-868206,train
gossipcop-868223,train
gossipcop-8682242374,train
gossipcop-868230,train
gossipcop-868239,train
gossipcop-868240,train
gossipcop-868244,train
gossipcop-868248,train
gossipcop-868254,train
gossipcop-868278,train
gossipcop-868313,train
gossipcop-868314,train
gossipcop-868318,train
gossipcop-868324,train
gossipcop-868328,train
gossipcop-868329,train
gossipcop-868337,train
gossipcop-868348,train
gossipcop-868356,train
gossipcop-868360,train
gossipcop-868381,train
gossipcop-868386,train
gossipcop-868437,train
gossipcop-868459,train
gossipcop-8684672120,train
gossipcop-868480,train
gossipcop-868487,train
gossipcop-868513,train
gossipcop-868541,train
gossipcop-868556,train
gossipcop-868564,train
gossipcop-868577,train
gossipcop-868578,train
gossipcop-868579,train
gossipcop-868583,train
gossipcop-868590,train
gossipcop-868591,train
gossipcop-868598,train
gossipcop-868612,train
gossipcop-868624,train
gossipcop-8686267368,train
gossipcop-868630,train
gossipcop-868635,train
gossipcop-868646,train
gossipcop-868655,train
gossipcop-868665,train
gossipcop-868767427,train
gossipcop-868777,train
gossipcop-868787,train
gossipcop-868791,train
gossipcop-868800,train
gossipcop-868814,train
gossipcop-868824,train
gossipcop-868834,train
gossipcop-868836,train
gossipcop-868847,train
gossipcop-868863,train
gossipcop-868871,train
gossipcop-8688759038,train
gossipcop-8688894238,train
gossipcop-868890,train
gossipcop-868891,train
gossipcop-868894,train
gossipcop-868899,train
gossipcop-868905,train
gossipcop-868917,train
gossipcop-868918,train
gossipcop-868919,train
gossipcop-868931,train
gossipcop-868932,train
gossipcop-868934,train
gossipcop-868935,train
gossipcop-868944,train
gossipcop-868945,train
gossipcop-868950,train
gossipcop-868966,train
gossipcop-868981,train
gossipcop-868984,train
gossipcop-868993,train
gossipcop-869004,train
gossipcop-869005,train
gossipcop-869009,train
gossipcop-869017,train
gossipcop-869021,train
gossipcop-869026,train
gossipcop-869060,train
gossipcop-869064,train
gossipcop-869068,train
gossipcop-869072,train
gossipcop-869077,train
gossipcop-869082,train
gossipcop-869100,train
gossipcop-869108,train
gossipcop-869136,train
gossipcop-869137,train
gossipcop-869138,train
gossipcop-869145,train
gossipcop-869153,train
gossipcop-869159,train
gossipcop-869160,train
gossipcop-869162,train
gossipcop-869163,train
gossipcop-869167,train
gossipcop-869171,train
gossipcop-869174,train
gossipcop-869177,train
gossipcop-869184,train
gossipcop-869201,train
gossipcop-869209,train
gossipcop-869223,train
gossipcop-869238,train
gossipcop-869243,train
gossipcop-869248,train
gossipcop-869257,train
gossipcop-869276,train
gossipcop-869284,train
gossipcop-869297,train
gossipcop-869302,train
gossipcop-869303,train
gossipcop-869307,train
gossipcop-869318083,train
gossipcop-869326,train
gossipcop-869337,train
gossipcop-869342,train
gossipcop-869346,train
gossipcop-869359,train
gossipcop-869376,train
gossipcop-869377,train
gossipcop-869387,train
gossipcop-869395,train
gossipcop-869402,train
gossipcop-869406,train
gossipcop-869411,train
gossipcop-8694179751,train
gossipcop-869428,train
gossipcop-869434,train
gossipcop-869443,train
gossipcop-869445,train
gossipcop-869450,train
gossipcop-869467,train
gossipcop-869468,train
gossipcop-869475,train
gossipcop-869480,train
gossipcop-869481,train
gossipcop-869485,train
gossipcop-869507,train
gossipcop-869508,train
gossipcop-869511,train
gossipcop-869522289,train
gossipcop-869527,train
gossipcop-869528,train
gossipcop-869549,train
gossipcop-8695513210,train
gossipcop-869555,train
gossipcop-869562,train
gossipcop-869567,train
gossipcop-869571,train
gossipcop-869572,train
gossipcop-869582,train
gossipcop-869583,train
gossipcop-869591,train
gossipcop-869592,train
gossipcop-869593,train
gossipcop-869598,train
gossipcop-869611,train
gossipcop-869615,train
gossipcop-869619,train
gossipcop-869622,train
gossipcop-869637,train
gossipcop-869649,train
gossipcop-869665,train
gossipcop-869677,train
gossipcop-869678,train
gossipcop-869682,train
gossipcop-869700,train
gossipcop-869717,train
gossipcop-869718,train
gossipcop-869744,train
gossipcop-869745,train
gossipcop-869750,train
gossipcop-8697625230,train
gossipcop-869765,train
gossipcop-869769,train
gossipcop-8697896182,train
gossipcop-869792,train
gossipcop-869796,train
gossipcop-869801,train
gossipcop-869807,train
gossipcop-869813,train
gossipcop-869815,train
gossipcop-869841,train
gossipcop-869850,train
gossipcop-8698517320,train
gossipcop-869854,train
gossipcop-869856,train
gossipcop-869857,train
gossipcop-869867,train
gossipcop-869877,train
gossipcop-869945,train
gossipcop-869949,train
gossipcop-869983,train
gossipcop-869984,train
gossipcop-8699882806,train
gossipcop-870048,train
gossipcop-870049,train
gossipcop-870053,train
gossipcop-870061,train
gossipcop-870079,train
gossipcop-870086,train
gossipcop-870090,train
gossipcop-870097,train
gossipcop-870105,train
gossipcop-870127,train
gossipcop-8701327201,train
gossipcop-870134,train
gossipcop-870151,train
gossipcop-870152,train
gossipcop-870167,train
gossipcop-870172,train
gossipcop-870173,train
gossipcop-870175,train
gossipcop-870184,train
gossipcop-870188,train
gossipcop-870205,train
gossipcop-870214,train
gossipcop-870221,train
gossipcop-870222,train
gossipcop-870229,train
gossipcop-870238,train
gossipcop-8702463823,train
gossipcop-870253,train
gossipcop-870257,train
gossipcop-870262,train
gossipcop-870272,train
gossipcop-870277,train
gossipcop-870292,train
gossipcop-870293,train
gossipcop-870307,train
gossipcop-870314,train
gossipcop-870319,train
gossipcop-870324,train
gossipcop-870332,train
gossipcop-870338,train
gossipcop-870339,train
gossipcop-870341,train
gossipcop-870343,train
gossipcop-870348,train
gossipcop-870349,train
gossipcop-870360,train
gossipcop-870374,train
gossipcop-870385,train
gossipcop-870396,train
gossipcop-870400,train
gossipcop-870405,train
gossipcop-870410,train
gossipcop-870430,train
gossipcop-870441,train
gossipcop-870447,train
gossipcop-870448,train
gossipcop-870449,train
gossipcop-870456,train
gossipcop-870458,train
gossipcop-870472,train
gossipcop-870482,train
gossipcop-8704950132,train
gossipcop-870499,train
gossipcop-870504,train
gossipcop-870505,train
gossipcop-870521,train
gossipcop-870527,train
gossipcop-870535,train
gossipcop-870545,train
gossipcop-870550,train
gossipcop-870563,train
gossipcop-870570,train
gossipcop-870572,train
gossipcop-870587,train
gossipcop-870591,train
gossipcop-870602,train
gossipcop-870606,train
gossipcop-8706102301,train
gossipcop-870616,train
gossipcop-870617,train
gossipcop-870621,train
gossipcop-870635,train
gossipcop-870637,train
gossipcop-870644,train
gossipcop-870645,train
gossipcop-870656,train
gossipcop-870658,train
gossipcop-870675,train
gossipcop-8706903729,train
gossipcop-8706989772,train
gossipcop-870702,train
gossipcop-870705,train
gossipcop-870713,train
gossipcop-870735,train
gossipcop-870740908,train
gossipcop-870746,train
gossipcop-870747,train
gossipcop-870749,train
gossipcop-870777,train
gossipcop-870778,train
gossipcop-870789,train
gossipcop-870791,train
gossipcop-870799,train
gossipcop-870803,train
gossipcop-870810,train
gossipcop-870814,train
gossipcop-870817,train
gossipcop-870821,train
gossipcop-870826,train
gossipcop-870827,train
gossipcop-870838,train
gossipcop-870843,train
gossipcop-870845,train
gossipcop-870856,train
gossipcop-870872,train
gossipcop-870880,train
gossipcop-870895,train
gossipcop-870900,train
gossipcop-870913,train
gossipcop-870934,train
gossipcop-870939,train
gossipcop-870943,train
gossipcop-870947,train
gossipcop-870948,train
gossipcop-870955,train
gossipcop-870969,train
gossipcop-870970,train
gossipcop-870976,train
gossipcop-870981,train
gossipcop-870997,train
gossipcop-871006,train
gossipcop-871029,train
gossipcop-871036,train
gossipcop-871037,train
gossipcop-871041,train
gossipcop-871044,train
gossipcop-871057,train
gossipcop-871062,train
gossipcop-871076,train
gossipcop-871084,train
gossipcop-871096,train
gossipcop-871117,train
gossipcop-871119,train
gossipcop-871126,train
gossipcop-871127,train
gossipcop-871132,train
gossipcop-871133,train
gossipcop-871148,train
gossipcop-871150,train
gossipcop-871151,train
gossipcop-871166,train
gossipcop-871168,train
gossipcop-871173,train
gossipcop-871180,train
gossipcop-871193,train
gossipcop-871194,train
gossipcop-871199,train
gossipcop-871201,train
gossipcop-871205,train
gossipcop-871206,train
gossipcop-871207,train
gossipcop-871219,train
gossipcop-871232,train
gossipcop-871233,train
gossipcop-871237,train
gossipcop-871252,train
gossipcop-871280,train
gossipcop-871281,train
gossipcop-871287,train
gossipcop-871294,train
gossipcop-871295,train
gossipcop-871305,train
gossipcop-871312,train
gossipcop-871318,train
gossipcop-871325,train
gossipcop-871327,train
gossipcop-871342,train
gossipcop-871346,train
gossipcop-871361,train
gossipcop-871365,train
gossipcop-871369,train
gossipcop-871376,train
gossipcop-871386,train
gossipcop-871391,train
gossipcop-871412,train
gossipcop-871420,train
gossipcop-871425,train
gossipcop-871436,train
gossipcop-871437,train
gossipcop-871447,train
gossipcop-871448,train
gossipcop-871464,train
gossipcop-8714667418,train
gossipcop-871476,train
gossipcop-871490,train
gossipcop-871510,train
gossipcop-871514,train
gossipcop-871519,train
gossipcop-871532,train
gossipcop-871536,train
gossipcop-871542,train
gossipcop-871543,train
gossipcop-871550,train
gossipcop-871556,train
gossipcop-871558,train
gossipcop-871559,train
gossipcop-871581,train
gossipcop-871592,train
gossipcop-871593,train
gossipcop-871595,train
gossipcop-871599,train
gossipcop-871618,train
gossipcop-871619,train
gossipcop-871624,train
gossipcop-871643,train
gossipcop-871668,train
gossipcop-871672,train
gossipcop-871680,train
gossipcop-871684,train
gossipcop-871692,train
gossipcop-871696,train
gossipcop-871700,train
gossipcop-871708,train
gossipcop-871712,train
gossipcop-871713,train
gossipcop-871724,train
gossipcop-871733,train
gossipcop-871737,train
gossipcop-871749,train
gossipcop-871753,train
gossipcop-871765,train
gossipcop-871779,train
gossipcop-871790,train
gossipcop-871798,train
gossipcop-871804,train
gossipcop-871808,train
gossipcop-871817,train
gossipcop-871826,train
gossipcop-871834,train
gossipcop-871845,train
gossipcop-8718538426,train
gossipcop-871858,train
gossipcop-871859,train
gossipcop-871865,train
gossipcop-871876,train
gossipcop-871888,train
gossipcop-871889,train
gossipcop-871916,train
gossipcop-871930,train
gossipcop-871936,train
gossipcop-871958,train
gossipcop-871979,train
gossipcop-871980,train
gossipcop-871983,train
gossipcop-872011,train
gossipcop-872014,train
gossipcop-872028,train
gossipcop-872035,train
gossipcop-872042,train
gossipcop-872044,train
gossipcop-872051,train
gossipcop-872059,train
gossipcop-872067,train
gossipcop-872075,train
gossipcop-872092,train
gossipcop-872100,train
gossipcop-872111,train
gossipcop-872113,train
gossipcop-872123,train
gossipcop-872187,train
gossipcop-872244,train
gossipcop-8722688809,train
gossipcop-872276,train
gossipcop-872278,train
gossipcop-872279,train
gossipcop-872280,train
gossipcop-872285,train
gossipcop-872328,train
gossipcop-872334,train
gossipcop-872341,train
gossipcop-872342,train
gossipcop-872343,train
gossipcop-872361,train
gossipcop-872456,train
gossipcop-872590,train
gossipcop-872716,train
gossipcop-872742,train
gossipcop-872744,train
gossipcop-872756,train
gossipcop-872759,train
gossipcop-872770,train
gossipcop-872771,train
gossipcop-872781,train
gossipcop-872786,train
gossipcop-872787,train
gossipcop-872806,train
gossipcop-872810,train
gossipcop-872824,train
gossipcop-872828,train
gossipcop-872836,train
gossipcop-872840,train
gossipcop-872841,train
gossipcop-872847,train
gossipcop-872851,train
gossipcop-872861,train
gossipcop-872886,train
gossipcop-872891,train
gossipcop-8729551711,train
gossipcop-872967,train
gossipcop-872985,train
gossipcop-873003,train
gossipcop-873004,train
gossipcop-873005,train
gossipcop-873016,train
gossipcop-873024,train
gossipcop-873029,train
gossipcop-873033733,train
gossipcop-873044,train
gossipcop-873048,train
gossipcop-873056,train
gossipcop-873074,train
gossipcop-873075,train
gossipcop-8730878693,train
gossipcop-873092,train
gossipcop-873140,train
gossipcop-873208,train
gossipcop-873267,train
gossipcop-873271,train
gossipcop-873278,train
gossipcop-873280,train
gossipcop-873296,train
gossipcop-873303,train
gossipcop-873334,train
gossipcop-873343,train
gossipcop-873384,train
gossipcop-873389,train
gossipcop-873395,train
gossipcop-873405,train
gossipcop-873428,train
gossipcop-8734448038,train
gossipcop-873450,train
gossipcop-873456,train
gossipcop-873460,train
gossipcop-873481,train
gossipcop-873482,train
gossipcop-873489,train
gossipcop-873493,train
gossipcop-873497,train
gossipcop-873498,train
gossipcop-873502,train
gossipcop-873517,train
gossipcop-873539,train
gossipcop-873541,train
gossipcop-873548,train
gossipcop-873549,train
gossipcop-873585,train
gossipcop-873590,train
gossipcop-873598,train
gossipcop-873607,train
gossipcop-873608,train
gossipcop-873617,train
gossipcop-873619,train
gossipcop-873625,train
gossipcop-8736333835,train
gossipcop-873636,train
gossipcop-873637,train
gossipcop-873639,train
gossipcop-873654,train
gossipcop-873655,train
gossipcop-873667,train
gossipcop-873677,train
gossipcop-873678,train
gossipcop-873690,train
gossipcop-873702,train
gossipcop-873704,train
gossipcop-873722,train
gossipcop-873735,train
gossipcop-873744,train
gossipcop-873756,train
gossipcop-873760,train
gossipcop-873761,train
gossipcop-873769,train
gossipcop-873787,train
gossipcop-873795,train
gossipcop-873796,train
gossipcop-873806,train
gossipcop-873825,train
gossipcop-873836,train
gossipcop-873859,train
gossipcop-873872,train
gossipcop-873875,train
gossipcop-873891,train
gossipcop-873897,train
gossipcop-8738979052,train
gossipcop-873899,train
gossipcop-873903,train
gossipcop-873914,train
gossipcop-873921,train
gossipcop-873934,train
gossipcop-873942,train
gossipcop-873947,train
gossipcop-873951,train
gossipcop-873959,train
gossipcop-873960,train
gossipcop-873971,train
gossipcop-873980,train
gossipcop-873988,train
gossipcop-873991,train
gossipcop-873992,train
gossipcop-874006,train
gossipcop-874008,train
gossipcop-874019,train
gossipcop-874023,train
gossipcop-874027,train
gossipcop-874044,train
gossipcop-874051,train
gossipcop-874052,train
gossipcop-874053,train
gossipcop-874063,train
gossipcop-874067,train
gossipcop-874071,train
gossipcop-874104,train
gossipcop-8741087043,train
gossipcop-874112,train
gossipcop-874121,train
gossipcop-874129,train
gossipcop-874149,train
gossipcop-874151,train
gossipcop-874165,train
gossipcop-874166,train
gossipcop-874177,train
gossipcop-874184,train
gossipcop-874189,train
gossipcop-874205,train
gossipcop-874208,train
gossipcop-8742097951,train
gossipcop-874215,train
gossipcop-874217,train
gossipcop-874218,train
gossipcop-874227,train
gossipcop-874251,train
gossipcop-874258,train
gossipcop-874260,train
gossipcop-874273,train
gossipcop-874274,train
gossipcop-874278,train
gossipcop-8742809668,train
gossipcop-874282,train
gossipcop-874293,train
gossipcop-874294,train
gossipcop-874300,train
gossipcop-874312,train
gossipcop-874313,train
gossipcop-874314,train
gossipcop-874322,train
gossipcop-874323,train
gossipcop-874335,train
gossipcop-874343,train
gossipcop-874349,train
gossipcop-874373,train
gossipcop-874378,train
gossipcop-874396,train
gossipcop-874398,train
gossipcop-8744004979,train
gossipcop-874403,train
gossipcop-874408,train
gossipcop-874413,train
gossipcop-874418,train
gossipcop-874425,train
gossipcop-874426,train
gossipcop-874437,train
gossipcop-874447,train
gossipcop-874448,train
gossipcop-874451,train
gossipcop-874472,train
gossipcop-874482,train
gossipcop-874484,train
gossipcop-874493,train
gossipcop-874496,train
gossipcop-874502,train
gossipcop-874503,train
gossipcop-874533,train
gossipcop-874542,train
gossipcop-8745538168,train
gossipcop-874564,train
gossipcop-874574,train
gossipcop-874580,train
gossipcop-874586,train
gossipcop-874591,train
gossipcop-874602,train
gossipcop-874606,train
gossipcop-874610,train
gossipcop-874619,train
gossipcop-874627,train
gossipcop-874634,train
gossipcop-874643,train
gossipcop-874648,train
gossipcop-874653,train
gossipcop-874660,train
gossipcop-874669,train
gossipcop-874670,train
gossipcop-874678,train
gossipcop-874682,train
gossipcop-874686,train
gossipcop-874687,train
gossipcop-874688,train
gossipcop-874695,train
gossipcop-874707,train
gossipcop-874724,train
gossipcop-874733,train
gossipcop-874739,train
gossipcop-874746,train
gossipcop-874747,train
gossipcop-874756,train
gossipcop-874772,train
gossipcop-874778,train
gossipcop-874785,train
gossipcop-874790,train
gossipcop-874791,train
gossipcop-874801,train
gossipcop-874803,train
gossipcop-874823,train
gossipcop-874829,train
gossipcop-874834,train
gossipcop-874859,train
gossipcop-874863,train
gossipcop-874864,train
gossipcop-874890,train
gossipcop-874893,train
gossipcop-874897,train
gossipcop-874906,train
gossipcop-8749167814,train
gossipcop-874922,train
gossipcop-874923,train
gossipcop-874925,train
gossipcop-874947,train
gossipcop-874949,train
gossipcop-874990,train
gossipcop-874996,train
gossipcop-874998,train
gossipcop-875008,train
gossipcop-875015,train
gossipcop-875021,train
gossipcop-875031,train
gossipcop-875039,train
gossipcop-875050,train
gossipcop-8750519313,train
gossipcop-875055,train
gossipcop-875057,train
gossipcop-875076,train
gossipcop-875078,train
gossipcop-875083,train
gossipcop-875085,train
gossipcop-875086,train
gossipcop-875096,train
gossipcop-875097,train
gossipcop-875098,train
gossipcop-875110,train
gossipcop-875111,train
gossipcop-875115,train
gossipcop-875126,train
gossipcop-875144,train
gossipcop-875156,train
gossipcop-875166,train
gossipcop-875174,train
gossipcop-875187,train
gossipcop-875189,train
gossipcop-875193,train
gossipcop-875194,train
gossipcop-875218,train
gossipcop-875226,train
gossipcop-875230,train
gossipcop-875235,train
gossipcop-875242,train
gossipcop-875261,train
gossipcop-875262,train
gossipcop-875269,train
gossipcop-875273,train
gossipcop-875275,train
gossipcop-875292,train
gossipcop-875305,train
gossipcop-875313,train
gossipcop-875314,train
gossipcop-875323,train
gossipcop-875324,train
gossipcop-875325,train
gossipcop-8753274298,train
gossipcop-875345,train
gossipcop-8753576237,train
gossipcop-875362,train
gossipcop-875371,train
gossipcop-875374,train
gossipcop-875381,train
gossipcop-875383,train
gossipcop-875385,train
gossipcop-875387,train
gossipcop-875393,train
gossipcop-875400,train
gossipcop-875412,train
gossipcop-875421,train
gossipcop-875452,train
gossipcop-875458,train
gossipcop-875462,train
gossipcop-875469,train
gossipcop-875473,train
gossipcop-875474,train
gossipcop-875482,train
gossipcop-875483,train
gossipcop-8754918117,train
gossipcop-875499,train
gossipcop-875507,train
gossipcop-875515,train
gossipcop-875545,train
gossipcop-875554,train
gossipcop-875558,train
gossipcop-875565,train
gossipcop-875567,train
gossipcop-875568,train
gossipcop-875578,train
gossipcop-875582,train
gossipcop-875589,train
gossipcop-8755915248,train
gossipcop-875595,train
gossipcop-875638,train
gossipcop-875665,train
gossipcop-875672,train
gossipcop-875692,train
gossipcop-875696,train
gossipcop-875706,train
gossipcop-875708,train
gossipcop-875712,train
gossipcop-875722,train
gossipcop-875764,train
gossipcop-8757783170,train
gossipcop-875803,train
gossipcop-875835,train
gossipcop-875847,train
gossipcop-875857,train
gossipcop-875861,train
gossipcop-875866,train
gossipcop-875867,train
gossipcop-875869,train
gossipcop-875881,train
gossipcop-875882,train
gossipcop-875885,train
gossipcop-875897,train
gossipcop-875906,train
gossipcop-8759074840,train
gossipcop-875917,train
gossipcop-875919,train
gossipcop-875924,train
gossipcop-875933,train
gossipcop-875935,train
gossipcop-875940,train
gossipcop-875955,train
gossipcop-875976,train
gossipcop-875977,train
gossipcop-875981,train
gossipcop-875983,train
gossipcop-875990,train
gossipcop-875998,train
gossipcop-8760109653,train
gossipcop-876012,train
gossipcop-876016,train
gossipcop-876032,train
gossipcop-876042,train
gossipcop-876043,train
gossipcop-876052,train
gossipcop-876059,train
gossipcop-876067,train
gossipcop-876075,train
gossipcop-876079,train
gossipcop-876083,train
gossipcop-876087,train
gossipcop-876088,train
gossipcop-876102,train
gossipcop-876106,train
gossipcop-876107,train
gossipcop-876114,train
gossipcop-876118,train
gossipcop-876122,train
gossipcop-876127,train
gossipcop-876131,train
gossipcop-876139,train
gossipcop-876154,train
gossipcop-876155,train
gossipcop-876160,train
gossipcop-876161,train
gossipcop-876168,train
gossipcop-876173,train
gossipcop-876189,train
gossipcop-876197,train
gossipcop-876198,train
gossipcop-876208,train
gossipcop-876215,train
gossipcop-876224,train
gossipcop-876233,train
gossipcop-876248,train
gossipcop-876249,train
gossipcop-876256,train
gossipcop-876260,train
gossipcop-876271,train
gossipcop-8762765994,train
gossipcop-876283,train
gossipcop-876291,train
gossipcop-876305,train
gossipcop-876309,train
gossipcop-876318,train
gossipcop-876329,train
gossipcop-876335,train
gossipcop-876342,train
gossipcop-876343,train
gossipcop-876351,train
gossipcop-8763534369,train
gossipcop-876365,train
gossipcop-876370,train
gossipcop-876374,train
gossipcop-876403,train
gossipcop-876404,train
gossipcop-876405,train
gossipcop-876417,train
gossipcop-876421,train
gossipcop-876426,train
gossipcop-876433,train
gossipcop-876438,train
gossipcop-876450,train
gossipcop-876459,train
gossipcop-876461,train
gossipcop-876472,train
gossipcop-876476,train
gossipcop-876481,train
gossipcop-876491,train
gossipcop-876498,train
gossipcop-876508,train
gossipcop-876533,train
gossipcop-876537,train
gossipcop-876541,train
gossipcop-876549,train
gossipcop-876553,train
gossipcop-876561,train
gossipcop-876577,train
gossipcop-876630,train
gossipcop-876632,train
gossipcop-876634,train
gossipcop-876635,train
gossipcop-876646,train
gossipcop-876678,train
gossipcop-876701,train
gossipcop-876716,train
gossipcop-876717,train
gossipcop-876730,train
gossipcop-876734,train
gossipcop-876749,train
gossipcop-876751,train
gossipcop-876753,train
gossipcop-876761,train
gossipcop-876767,train
gossipcop-876780,train
gossipcop-876795,train
gossipcop-876810,train
gossipcop-8768134383,train
gossipcop-876828,train
gossipcop-876839,train
gossipcop-876840,train
gossipcop-876862,train
gossipcop-876878,train
gossipcop-876891,train
gossipcop-876893,train
gossipcop-876896,train
gossipcop-876900,train
gossipcop-876905,train
gossipcop-876920,train
gossipcop-876932,train
gossipcop-876933,train
gossipcop-876950,train
gossipcop-876951,train
gossipcop-876968,train
gossipcop-876973,train
gossipcop-876990,train
gossipcop-876994,train
gossipcop-877011,train
gossipcop-877012,train
gossipcop-877019,train
gossipcop-877027,train
gossipcop-877028,train
gossipcop-877046,train
gossipcop-877051,train
gossipcop-877057,train
gossipcop-877065,train
gossipcop-877066,train
gossipcop-877072,train
gossipcop-877073,train
gossipcop-877085,train
gossipcop-877108,train
gossipcop-877120,train
gossipcop-877141,train
gossipcop-877142,train
gossipcop-877143,train
gossipcop-877144,train
gossipcop-877147,train
gossipcop-877148,train
gossipcop-877153,train
gossipcop-877155,train
gossipcop-877175,train
gossipcop-877186,train
gossipcop-877190,train
gossipcop-877207,train
gossipcop-877215,train
gossipcop-8772209248,train
gossipcop-877232,train
gossipcop-877236,train
gossipcop-877246,train
gossipcop-8772831086,train
gossipcop-877296,train
gossipcop-8773594377,train
gossipcop-877372,train
gossipcop-877393,train
gossipcop-877399,train
gossipcop-877432,train
gossipcop-877436,train
gossipcop-877445,train
gossipcop-877451,train
gossipcop-877452,train
gossipcop-877460,train
gossipcop-877464,train
gossipcop-877468,train
gossipcop-877472,train
gossipcop-877476,train
gossipcop-877480,train
gossipcop-877492,train
gossipcop-877496,train
gossipcop-877500,train
gossipcop-877507,train
gossipcop-877527,train
gossipcop-877531,train
gossipcop-877536,train
gossipcop-877549,train
gossipcop-877561,train
gossipcop-877562,train
gossipcop-877570,train
gossipcop-877577,train
gossipcop-877604,train
gossipcop-877613,train
gossipcop-877649,train
gossipcop-877658,train
gossipcop-877671,train
gossipcop-877675,train
gossipcop-877679,train
gossipcop-877691,train
gossipcop-877698,train
gossipcop-877699,train
gossipcop-877704,train
gossipcop-877710,train
gossipcop-877711,train
gossipcop-877722,train
gossipcop-877732,train
gossipcop-877733,train
gossipcop-877737,train
gossipcop-877745,train
gossipcop-877775,train
gossipcop-877790,train
gossipcop-877792,train
gossipcop-877806,train
gossipcop-877807,train
gossipcop-877817,train
gossipcop-877823,train
gossipcop-877846,train
gossipcop-877847,train
gossipcop-877852,train
gossipcop-877853,train
gossipcop-877856,train
gossipcop-877863,train
gossipcop-877884,train
gossipcop-877886,train
gossipcop-877887,train
gossipcop-877896,train
gossipcop-877904,train
gossipcop-877905,train
gossipcop-877924,train
gossipcop-877928,train
gossipcop-877936,train
gossipcop-877940,train
gossipcop-877953,train
gossipcop-877968,train
gossipcop-877969,train
gossipcop-877980,train
gossipcop-877984,train
gossipcop-877995,train
gossipcop-878049,train
gossipcop-878101,train
gossipcop-8781100192,train
gossipcop-878136,train
gossipcop-878205,train
gossipcop-878211,train
gossipcop-878238,train
gossipcop-878246,train
gossipcop-878271,train
gossipcop-878318,train
gossipcop-878319,train
gossipcop-878326,train
gossipcop-878327,train
gossipcop-878335,train
gossipcop-878342,train
gossipcop-878351,train
gossipcop-878357,train
gossipcop-878363,train
gossipcop-878369,train
gossipcop-878373,train
gossipcop-878379,train
gossipcop-878380,train
gossipcop-878391,train
gossipcop-878392,train
gossipcop-878404,train
gossipcop-878408,train
gossipcop-878409,train
gossipcop-878427,train
gossipcop-878429,train
gossipcop-878456,train
gossipcop-878458,train
gossipcop-878459,train
gossipcop-878460,train
gossipcop-878490,train
gossipcop-878491,train
gossipcop-878493,train
gossipcop-878530,train
gossipcop-878531,train
gossipcop-878548,train
gossipcop-878549,train
gossipcop-878569,train
gossipcop-878570,train
gossipcop-878571,train
gossipcop-878576,train
gossipcop-878584,train
gossipcop-878585,train
gossipcop-878590,train
gossipcop-878591,train
gossipcop-878599,train
gossipcop-878609,train
gossipcop-878613,train
gossipcop-878617,train
gossipcop-878636,train
gossipcop-878648,train
gossipcop-878656,train
gossipcop-878660,train
gossipcop-878670,train
gossipcop-8786715957,train
gossipcop-878675,train
gossipcop-878690,train
gossipcop-878695,train
gossipcop-878717,train
gossipcop-878726,train
gossipcop-878728,train
gossipcop-878735,train
gossipcop-878745,train
gossipcop-878750,train
gossipcop-878758,train
gossipcop-878761,train
gossipcop-878772,train
gossipcop-878777,train
gossipcop-878779,train
gossipcop-8787806261,train
gossipcop-878786,train
gossipcop-878797,train
gossipcop-878800,train
gossipcop-878804,train
gossipcop-878822,train
gossipcop-878829,train
gossipcop-878833,train
gossipcop-878840,train
gossipcop-878848,train
gossipcop-878865,train
gossipcop-878869,train
gossipcop-878884,train
gossipcop-878904,train
gossipcop-878905,train
gossipcop-878914,train
gossipcop-878918,train
gossipcop-8789278055,train
gossipcop-878928,train
gossipcop-878932,train
gossipcop-878938,train
gossipcop-878939,train
gossipcop-878950,train
gossipcop-878951,train
gossipcop-878955,train
gossipcop-878959,train
gossipcop-878960,train
gossipcop-878969,train
gossipcop-878980,train
gossipcop-878994,train
gossipcop-879021,train
gossipcop-879027,train
gossipcop-879028,train
gossipcop-879029,train
gossipcop-879059,train
gossipcop-879069,train
gossipcop-879075,train
gossipcop-879076,train
gossipcop-879077,train
gossipcop-879128,train
gossipcop-8791564318,train
gossipcop-879195,train
gossipcop-879225,train
gossipcop-879285,train
gossipcop-8793541744,train
gossipcop-879428,train
gossipcop-879438,train
gossipcop-879442,train
gossipcop-879495,train
gossipcop-879503,train
gossipcop-879504,train
gossipcop-879523,train
gossipcop-879525,train
gossipcop-879535,train
gossipcop-879552,train
gossipcop-879571,train
gossipcop-879575,train
gossipcop-879576,train
gossipcop-879577,train
gossipcop-879578,train
gossipcop-879582,train
gossipcop-879584,train
gossipcop-879591,train
gossipcop-879596,train
gossipcop-879597,train
gossipcop-879604,train
gossipcop-879614,train
gossipcop-879615,train
gossipcop-879624,train
gossipcop-879631,train
gossipcop-879638,train
gossipcop-879653,train
gossipcop-879654,train
gossipcop-879655,train
gossipcop-879664,train
gossipcop-879682,train
gossipcop-879697,train
gossipcop-879703,train
gossipcop-879711,train
gossipcop-879720,train
gossipcop-879729,train
gossipcop-879759,train
gossipcop-879760,train
gossipcop-879773,train
gossipcop-879774,train
gossipcop-879778,train
gossipcop-879790994,train
gossipcop-879792,train
gossipcop-879793,train
gossipcop-879803,train
gossipcop-879808,train
gossipcop-879809,train
gossipcop-879848,train
gossipcop-879855,train
gossipcop-879903,train
gossipcop-879989,train
gossipcop-880002,train
gossipcop-880013,train
gossipcop-880014,train
gossipcop-880015,train
gossipcop-880032,train
gossipcop-880045,train
gossipcop-880054,train
gossipcop-880059,train
gossipcop-880066,train
gossipcop-880083,train
gossipcop-880084,train
gossipcop-880093,train
gossipcop-880094,train
gossipcop-880106,train
gossipcop-880118,train
gossipcop-880121,train
gossipcop-880128,train
gossipcop-880130,train
gossipcop-880147,train
gossipcop-880183,train
gossipcop-8801917000,train
gossipcop-880215,train
gossipcop-880249,train
gossipcop-880273,train
gossipcop-880277,train
gossipcop-880282,train
gossipcop-8802902371,train
gossipcop-880294,train
gossipcop-880299,train
gossipcop-880312,train
gossipcop-880319,train
gossipcop-880321,train
gossipcop-880326,train
gossipcop-880332,train
gossipcop-880338,train
gossipcop-880345,train
gossipcop-880357,train
gossipcop-880361,train
gossipcop-880378,train
gossipcop-880393,train
gossipcop-880398,train
gossipcop-880403,train
gossipcop-880404,train
gossipcop-880405,train
gossipcop-880407,train
gossipcop-880423,train
gossipcop-880443,train
gossipcop-880451,train
gossipcop-880461,train
gossipcop-880467,train
gossipcop-880486,train
gossipcop-8805042164,train
gossipcop-880509,train
gossipcop-880538,train
gossipcop-880641,train
gossipcop-880645,train
gossipcop-880654,train
gossipcop-880655,train
gossipcop-880663,train
gossipcop-8806633639,train
gossipcop-880664,train
gossipcop-880665,train
gossipcop-880670,train
gossipcop-880676,train
gossipcop-880677,train
gossipcop-880678,train
gossipcop-880679,train
gossipcop-880681,train
gossipcop-880682,train
gossipcop-880684,train
gossipcop-880685,train
gossipcop-880690,train
gossipcop-880691,train
gossipcop-880717,train
gossipcop-880725,train
gossipcop-880736,train
gossipcop-880747,train
gossipcop-880751,train
gossipcop-880759,train
gossipcop-880760,train
gossipcop-880792,train
gossipcop-880798,train
gossipcop-880808,train
gossipcop-880821,train
gossipcop-880822,train
gossipcop-880823,train
gossipcop-880847,train
gossipcop-880862,train
gossipcop-880896,train
gossipcop-880961,train
gossipcop-880983,train
gossipcop-880998,train
gossipcop-880999,train
gossipcop-881000,train
gossipcop-881018,train
gossipcop-881031,train
gossipcop-881032,train
gossipcop-881042,train
gossipcop-881046,train
gossipcop-881050,train
gossipcop-881051,train
gossipcop-881072,train
gossipcop-881073,train
gossipcop-881094,train
gossipcop-881095,train
gossipcop-881106,train
gossipcop-881107,train
gossipcop-881112,train
gossipcop-881121,train
gossipcop-881123,train
gossipcop-881134,train
gossipcop-881138,train
gossipcop-881140,train
gossipcop-881148,train
gossipcop-881149,train
gossipcop-881150,train
gossipcop-881151,train
gossipcop-881159,train
gossipcop-881165,train
gossipcop-881181,train
gossipcop-881186,train
gossipcop-881193,train
gossipcop-881200,train
gossipcop-881215,train
gossipcop-881225,train
gossipcop-881231,train
gossipcop-881246,train
gossipcop-881253,train
gossipcop-881260,train
gossipcop-881264,train
gossipcop-881265,train
gossipcop-881269,train
gossipcop-881284,train
gossipcop-881298,train
gossipcop-881302,train
gossipcop-881307,train
gossipcop-881311,train
gossipcop-881316,train
gossipcop-881318,train
gossipcop-881342,train
gossipcop-881361,train
gossipcop-881363,train
gossipcop-881364,train
gossipcop-881365,train
gossipcop-881373,train
gossipcop-881374,train
gossipcop-881387,train
gossipcop-881389,train
gossipcop-881400,train
gossipcop-881411,train
gossipcop-881417,train
gossipcop-881424,train
gossipcop-881432,train
gossipcop-881433,train
gossipcop-881437,train
gossipcop-881440,train
gossipcop-881448,train
gossipcop-881461,train
gossipcop-881465,train
gossipcop-881466,train
gossipcop-881467,train
gossipcop-881474,train
gossipcop-881481,train
gossipcop-881487,train
gossipcop-881495,train
gossipcop-881512,train
gossipcop-881523,train
gossipcop-881531,train
gossipcop-881535,train
gossipcop-881536,train
gossipcop-881540,train
gossipcop-881548,train
gossipcop-881554,train
gossipcop-881564,train
gossipcop-881568,train
gossipcop-881584,train
gossipcop-881585,train
gossipcop-881597,train
gossipcop-881598,train
gossipcop-881600,train
gossipcop-881601,train
gossipcop-881613,train
gossipcop-881615,train
gossipcop-881622,train
gossipcop-881626,train
gossipcop-881639,train
gossipcop-881640,train
gossipcop-881649,train
gossipcop-881653,train
gossipcop-881654,train
gossipcop-881664,train
gossipcop-881665,train
gossipcop-881670,train
gossipcop-881680,train
gossipcop-881689,train
gossipcop-881696,train
gossipcop-881702,train
gossipcop-881703,train
gossipcop-8817051852,train
gossipcop-881716,train
gossipcop-881720,train
gossipcop-881727,train
gossipcop-881731,train
gossipcop-881733,train
gossipcop-881750,train
gossipcop-881754,train
gossipcop-881767,train
gossipcop-881774,train
gossipcop-881781,train
gossipcop-881789,train
gossipcop-881793,train
gossipcop-881815,train
gossipcop-881823,train
gossipcop-881824,train
gossipcop-881839,train
gossipcop-881846,train
gossipcop-881867,train
gossipcop-881871,train
gossipcop-881876,train
gossipcop-881880,train
gossipcop-881902,train
gossipcop-881903,train
gossipcop-881904,train
gossipcop-881919,train
gossipcop-881927,train
gossipcop-881932,train
gossipcop-881946,train
gossipcop-881947,train
gossipcop-881950,train
gossipcop-881958,train
gossipcop-881967,train
gossipcop-881981,train
gossipcop-881993,train
gossipcop-881994,train
gossipcop-882010,train
gossipcop-882011,train
gossipcop-882013,train
gossipcop-882018,train
gossipcop-882057,train
gossipcop-882064,train
gossipcop-882065,train
gossipcop-882101,train
gossipcop-882110,train
gossipcop-882115,train
gossipcop-882119,train
gossipcop-882121,train
gossipcop-882128,train
gossipcop-882133,train
gossipcop-882134,train
gossipcop-882138,train
gossipcop-882143,train
gossipcop-882161,train
gossipcop-882164,train
gossipcop-882169,train
gossipcop-882174,train
gossipcop-882194,train
gossipcop-882206,train
gossipcop-882209,train
gossipcop-882239,train
gossipcop-882241,train
gossipcop-882243,train
gossipcop-882245,train
gossipcop-8822451339,train
gossipcop-882262,train
gossipcop-882273,train
gossipcop-882282,train
gossipcop-882286,train
gossipcop-882296,train
gossipcop-882299,train
gossipcop-882323,train
gossipcop-882324,train
gossipcop-882328,train
gossipcop-882341,train
gossipcop-882354,train
gossipcop-882361,train
gossipcop-882367,train
gossipcop-882378,train
gossipcop-882379,train
gossipcop-882383,train
gossipcop-882385,train
gossipcop-882403,train
gossipcop-882409,train
gossipcop-882419,train
gossipcop-882423,train
gossipcop-882433,train
gossipcop-882459353,train
gossipcop-882461,train
gossipcop-882482,train
gossipcop-882490,train
gossipcop-882535,train
gossipcop-882536,train
gossipcop-882556,train
gossipcop-882558,train
gossipcop-882560,train
gossipcop-882572,train
gossipcop-882573,train
gossipcop-882574,train
gossipcop-882575,train
gossipcop-882593,train
gossipcop-882603,train
gossipcop-882611,train
gossipcop-882619,train
gossipcop-882628,train
gossipcop-882651,train
gossipcop-882655,train
gossipcop-882656,train
gossipcop-882659,train
gossipcop-882673,train
gossipcop-882675,train
gossipcop-882680,train
gossipcop-882681,train
gossipcop-882692,train
gossipcop-882693,train
gossipcop-882708,train
gossipcop-882712,train
gossipcop-882716,train
gossipcop-8827203808,train
gossipcop-882726,train
gossipcop-882731,train
gossipcop-882749,train
gossipcop-882763,train
gossipcop-882768,train
gossipcop-882777,train
gossipcop-882802,train
gossipcop-8828561773,train
gossipcop-882879,train
gossipcop-882904,train
gossipcop-882907,train
gossipcop-882910,train
gossipcop-882919,train
gossipcop-8829213246,train
gossipcop-882924,train
gossipcop-882941,train
gossipcop-882943,train
gossipcop-882947,train
gossipcop-882948,train
gossipcop-882966,train
gossipcop-882983,train
gossipcop-882994,train
gossipcop-882998,train
gossipcop-883007,train
gossipcop-883008,train
gossipcop-883013,train
gossipcop-883038,train
gossipcop-883055,train
gossipcop-883079,train
gossipcop-883086,train
gossipcop-883096,train
gossipcop-883098,train
gossipcop-883103,train
gossipcop-883114,train
gossipcop-883128,train
gossipcop-883129,train
gossipcop-883133,train
gossipcop-883140,train
gossipcop-883144,train
gossipcop-883151,train
gossipcop-883159,train
gossipcop-883168,train
gossipcop-883173,train
gossipcop-883175,train
gossipcop-883179,train
gossipcop-883187,train
gossipcop-883193,train
gossipcop-883194,train
gossipcop-883207,train
gossipcop-883215,train
gossipcop-883216,train
gossipcop-883226,train
gossipcop-883233,train
gossipcop-883234,train
gossipcop-883235,train
gossipcop-883247,train
gossipcop-883267,train
gossipcop-883271,train
gossipcop-883275,train
gossipcop-883287,train
gossipcop-883288,train
gossipcop-883294,train
gossipcop-883295,train
gossipcop-883300,train
gossipcop-883302,train
gossipcop-883307,train
gossipcop-883320,train
gossipcop-883321,train
gossipcop-883322,train
gossipcop-883325,train
gossipcop-883338,train
gossipcop-883342,train
gossipcop-883373,train
gossipcop-883406,train
gossipcop-883407,train
gossipcop-883499,train
gossipcop-883519,train
gossipcop-883535,train
gossipcop-883543,train
gossipcop-883545,train
gossipcop-883558,train
gossipcop-883565,train
gossipcop-883584,train
gossipcop-883588,train
gossipcop-883595,train
gossipcop-883606,train
gossipcop-8836111057,train
gossipcop-883615,train
gossipcop-883616,train
gossipcop-883621,train
gossipcop-883628,train
gossipcop-883630,train
gossipcop-883652,train
gossipcop-883659,train
gossipcop-883660,train
gossipcop-883672,train
gossipcop-883681,train
gossipcop-883689,train
gossipcop-883695,train
gossipcop-883708,train
gossipcop-883709,train
gossipcop-883710,train
gossipcop-883711,train
gossipcop-883730,train
gossipcop-883739,train
gossipcop-883747,train
gossipcop-883748,train
gossipcop-883749,train
gossipcop-883761,train
gossipcop-883762,train
gossipcop-883778,train
gossipcop-883779,train
gossipcop-883797,train
gossipcop-883809,train
gossipcop-883813,train
gossipcop-883814,train
gossipcop-883818,train
gossipcop-883827,train
gossipcop-883833,train
gossipcop-883834,train
gossipcop-883854,train
gossipcop-883855,train
gossipcop-883859,train
gossipcop-883865,train
gossipcop-883872,train
gossipcop-883886,train
gossipcop-883891,train
gossipcop-883913,train
gossipcop-883916,train
gossipcop-883922,train
gossipcop-883926,train
gossipcop-883962,train
gossipcop-883964,train
gossipcop-883965,train
gossipcop-883970,train
gossipcop-883971,train
gossipcop-883973,train
gossipcop-883982,train
gossipcop-883983,train
gossipcop-883984,train
gossipcop-883985,train
gossipcop-883993,train
gossipcop-884026,train
gossipcop-884027,train
gossipcop-884037,train
gossipcop-8840558724,train
gossipcop-884057,train
gossipcop-884061,train
gossipcop-884066,train
gossipcop-884076,train
gossipcop-884084,train
gossipcop-884089,train
gossipcop-884093,train
gossipcop-884094,train
gossipcop-884106,train
gossipcop-884110,train
gossipcop-884121,train
gossipcop-884122,train
gossipcop-884123,train
gossipcop-884136,train
gossipcop-884148,train
gossipcop-884152,train
gossipcop-884164,train
gossipcop-884168,train
gossipcop-884172,train
gossipcop-884177,train
gossipcop-884178,train
gossipcop-884185,train
gossipcop-884189,train
gossipcop-884197,train
gossipcop-884202,train
gossipcop-884207,train
gossipcop-884236,train
gossipcop-884238,train
gossipcop-884248,train
gossipcop-884251,train
gossipcop-884255,train
gossipcop-884264,train
gossipcop-884266,train
gossipcop-884271,train
gossipcop-884272,train
gossipcop-884281,train
gossipcop-884290,train
gossipcop-884291,train
gossipcop-884295,train
gossipcop-884296,train
gossipcop-884298,train
gossipcop-884312,train
gossipcop-884314726,train
gossipcop-884324,train
gossipcop-884329,train
gossipcop-884334,train
gossipcop-884335,train
gossipcop-884351,train
gossipcop-884352,train
gossipcop-884359,train
gossipcop-884367,train
gossipcop-884368,train
gossipcop-884375,train
gossipcop-884380,train
gossipcop-884386,train
gossipcop-884393,train
gossipcop-884404,train
gossipcop-884405,train
gossipcop-884410,train
gossipcop-884420,train
gossipcop-884433,train
gossipcop-884442,train
gossipcop-884448,train
gossipcop-884472,train
gossipcop-884480,train
gossipcop-884495,train
gossipcop-884515,train
gossipcop-884530,train
gossipcop-884532,train
gossipcop-884541,train
gossipcop-884565,train
gossipcop-884570,train
gossipcop-884589,train
gossipcop-884599,train
gossipcop-884614,train
gossipcop-884622,train
gossipcop-884629,train
gossipcop-884630,train
gossipcop-884635,train
gossipcop-884636,train
gossipcop-884638,train
gossipcop-884665,train
gossipcop-884679,train
gossipcop-884680,train
gossipcop-884684,train
gossipcop-884697,train
gossipcop-884701,train
gossipcop-884719,train
gossipcop-884729,train
gossipcop-884731,train
gossipcop-884732,train
gossipcop-884744,train
gossipcop-884750,train
gossipcop-884757,train
gossipcop-884766,train
gossipcop-884769,train
gossipcop-884775,train
gossipcop-884782,train
gossipcop-884795,train
gossipcop-884796,train
gossipcop-884801,train
gossipcop-884806,train
gossipcop-884813,train
gossipcop-884838,train
gossipcop-884839,train
gossipcop-884840,train
gossipcop-884844,train
gossipcop-884846,train
gossipcop-884847,train
gossipcop-884852,train
gossipcop-884853,train
gossipcop-884864,train
gossipcop-884869,train
gossipcop-884876,train
gossipcop-884877,train
gossipcop-884881,train
gossipcop-884897,train
gossipcop-884898,train
gossipcop-8848998621,train
gossipcop-884902,train
gossipcop-884905,train
gossipcop-884910,train
gossipcop-884911,train
gossipcop-884916,train
gossipcop-884935,train
gossipcop-884944,train
gossipcop-884954,train
gossipcop-884955,train
gossipcop-884988,train
gossipcop-884994,train
gossipcop-885010,train
gossipcop-885016,train
gossipcop-8850208522,train
gossipcop-885022,train
gossipcop-885029,train
gossipcop-885030,train
gossipcop-885044,train
gossipcop-885056,train
gossipcop-885066,train
gossipcop-885067,train
gossipcop-885077,train
gossipcop-885113,train
gossipcop-885121,train
gossipcop-885125,train
gossipcop-885136,train
gossipcop-885137,train
gossipcop-885147,train
gossipcop-885148,train
gossipcop-885154,train
gossipcop-885157,train
gossipcop-885158,train
gossipcop-885162,train
gossipcop-885176,train
gossipcop-885195,train
gossipcop-885206,train
gossipcop-885207,train
gossipcop-885208,train
gossipcop-885212,train
gossipcop-8852162770,train
gossipcop-885230,train
gossipcop-885241,train
gossipcop-885248,train
gossipcop-885249,train
gossipcop-885264,train
gossipcop-885270,train
gossipcop-885271,train
gossipcop-885278,train
gossipcop-885290,train
gossipcop-885304,train
gossipcop-885318,train
gossipcop-885326,train
gossipcop-885344,train
gossipcop-885351,train
gossipcop-885354,train
gossipcop-885356,train
gossipcop-885357,train
gossipcop-885374,train
gossipcop-885376,train
gossipcop-885386,train
gossipcop-885387,train
gossipcop-885393,train
gossipcop-885394,train
gossipcop-885398,train
gossipcop-8854037683,train
gossipcop-885407,train
gossipcop-885408,train
gossipcop-885419,train
gossipcop-885421,train
gossipcop-885426,train
gossipcop-885427,train
gossipcop-885428,train
gossipcop-885444,train
gossipcop-885472,train
gossipcop-885488,train
gossipcop-885489,train
gossipcop-885499,train
gossipcop-885513,train
gossipcop-885518,train
gossipcop-885523,train
gossipcop-885527,train
gossipcop-885534,train
gossipcop-885545,train
gossipcop-885554,train
gossipcop-885555,train
gossipcop-885563,train
gossipcop-885585,train
gossipcop-885593,train
gossipcop-885598,train
gossipcop-885615,train
gossipcop-885625,train
gossipcop-885640,train
gossipcop-885653,train
gossipcop-885662,train
gossipcop-885669,train
gossipcop-8856841965,train
gossipcop-885842,train
gossipcop-885854,train
gossipcop-885896,train
gossipcop-885898,train
gossipcop-885899,train
gossipcop-885929,train
gossipcop-885939,train
gossipcop-885945,train
gossipcop-885949,train
gossipcop-885950,train
gossipcop-885958,train
gossipcop-885959,train
gossipcop-885966,train
gossipcop-8859694590,train
gossipcop-885972,train
gossipcop-885981,train
gossipcop-885996,train
gossipcop-886000,train
gossipcop-886006,train
gossipcop-8860079359,train
gossipcop-886036,train
gossipcop-886038,train
gossipcop-886045,train
gossipcop-886047,train
gossipcop-886049,train
gossipcop-886057,train
gossipcop-886065,train
gossipcop-886067,train
gossipcop-886068,train
gossipcop-886097,train
gossipcop-886098,train
gossipcop-886099,train
gossipcop-886116,train
gossipcop-886117,train
gossipcop-886118982,train
gossipcop-886122,train
gossipcop-886127,train
gossipcop-886135,train
gossipcop-886149,train
gossipcop-886151,train
gossipcop-886177,train
gossipcop-886177297,train
gossipcop-886181,train
gossipcop-886194,train
gossipcop-886209,train
gossipcop-886211,train
gossipcop-886216,train
gossipcop-886233,train
gossipcop-886237,train
gossipcop-886253,train
gossipcop-886257,train
gossipcop-886260,train
gossipcop-886265,train
gossipcop-886270,train
gossipcop-886274,train
gossipcop-8862742609,train
gossipcop-886280,train
gossipcop-886292,train
gossipcop-886293,train
gossipcop-886298,train
gossipcop-886306,train
gossipcop-886321,train
gossipcop-886330,train
gossipcop-886331,train
gossipcop-886342,train
gossipcop-886352,train
gossipcop-886364,train
gossipcop-886373,train
gossipcop-886385,train
gossipcop-886392,train
gossipcop-886393,train
gossipcop-886397,train
gossipcop-886399,train
gossipcop-886413,train
gossipcop-886414,train
gossipcop-886422,train
gossipcop-886436,train
gossipcop-886462,train
gossipcop-886465,train
gossipcop-886490,train
gossipcop-886491,train
gossipcop-886496,train
gossipcop-886502,train
gossipcop-8865163539,train
gossipcop-886522,train
gossipcop-886526,train
gossipcop-886544,train
gossipcop-886551,train
gossipcop-886552,train
gossipcop-886557,train
gossipcop-886558,train
gossipcop-8865743828,train
gossipcop-8865847454,train
gossipcop-886599,train
gossipcop-886603,train
gossipcop-886604,train
gossipcop-886617,train
gossipcop-886629,train
gossipcop-886634,train
gossipcop-886635,train
gossipcop-886644,train
gossipcop-886667,train
gossipcop-886675,train
gossipcop-886680,train
gossipcop-886689,train
gossipcop-886693,train
gossipcop-886697,train
gossipcop-886699,train
gossipcop-886708,train
gossipcop-886721,train
gossipcop-886728,train
gossipcop-886741,train
gossipcop-886746,train
gossipcop-886762,train
gossipcop-886764,train
gossipcop-886776,train
gossipcop-886781,train
gossipcop-886782,train
gossipcop-886802,train
gossipcop-886894,train
gossipcop-886914,train
gossipcop-886915,train
gossipcop-886933,train
gossipcop-886941,train
gossipcop-886943,train
gossipcop-886954,train
gossipcop-886974,train
gossipcop-886978,train
gossipcop-886983,train
gossipcop-886987,train
gossipcop-886999,train
gossipcop-887006,train
gossipcop-887022,train
gossipcop-887023,train
gossipcop-887030,train
gossipcop-887038,train
gossipcop-887039,train
gossipcop-887050,train
gossipcop-887064,train
gossipcop-887070,train
gossipcop-887074,train
gossipcop-887075,train
gossipcop-887090,train
gossipcop-887097,train
gossipcop-887098,train
gossipcop-887106,train
gossipcop-887107,train
gossipcop-887111,train
gossipcop-887119,train
gossipcop-887127,train
gossipcop-887130,train
gossipcop-887134,train
gossipcop-8871430966,train
gossipcop-887144,train
gossipcop-8871505752,train
gossipcop-887157,train
gossipcop-887158,train
gossipcop-887181,train
gossipcop-887189,train
gossipcop-887193,train
gossipcop-887194,train
gossipcop-887205,train
gossipcop-887220,train
gossipcop-887227,train
gossipcop-887228,train
gossipcop-887233,train
gossipcop-887259,train
gossipcop-887266,train
gossipcop-887267,train
gossipcop-887268,train
gossipcop-887287,train
gossipcop-887292,train
gossipcop-887293,train
gossipcop-887294,train
gossipcop-887301,train
gossipcop-887308,train
gossipcop-887312,train
gossipcop-887313,train
gossipcop-887317,train
gossipcop-887327,train
gossipcop-887336,train
gossipcop-887338,train
gossipcop-887367,train
gossipcop-887379,train
gossipcop-887383,train
gossipcop-887384,train
gossipcop-887390,train
gossipcop-887391,train
gossipcop-887401,train
gossipcop-887411,train
gossipcop-887424,train
gossipcop-887440,train
gossipcop-887455,train
gossipcop-887461,train
gossipcop-887474,train
gossipcop-887476,train
gossipcop-887516,train
gossipcop-887537,train
gossipcop-8875435152,train
gossipcop-887545,train
gossipcop-887550,train
gossipcop-887557,train
gossipcop-887558,train
gossipcop-887579,train
gossipcop-887580,train
gossipcop-887581,train
gossipcop-887588,train
gossipcop-887593,train
gossipcop-887594,train
gossipcop-887595,train
gossipcop-887601,train
gossipcop-887602,train
gossipcop-887604,train
gossipcop-887609,train
gossipcop-887618,train
gossipcop-887628,train
gossipcop-887629,train
gossipcop-887634,train
gossipcop-887644,train
gossipcop-887652,train
gossipcop-887656,train
gossipcop-887667,train
gossipcop-887672,train
gossipcop-887673,train
gossipcop-887674,train
gossipcop-887675,train
gossipcop-887697,train
gossipcop-887710,train
gossipcop-887715,train
gossipcop-887723,train
gossipcop-887730,train
gossipcop-887734,train
gossipcop-887740,train
gossipcop-887744,train
gossipcop-887748,train
gossipcop-887749,train
gossipcop-887756,train
gossipcop-887769,train
gossipcop-887771,train
gossipcop-887782,train
gossipcop-887783,train
gossipcop-887790,train
gossipcop-887799,train
gossipcop-887805,train
gossipcop-887816,train
gossipcop-887817,train
gossipcop-887827,train
gossipcop-887829,train
gossipcop-887830,train
gossipcop-887832,train
gossipcop-887841,train
gossipcop-887854,train
gossipcop-887855,train
gossipcop-887859,train
gossipcop-887861,train
gossipcop-887865,train
gossipcop-887866,train
gossipcop-887880,train
gossipcop-887882317,train
gossipcop-887887,train
gossipcop-887889,train
gossipcop-887912,train
gossipcop-887913,train
gossipcop-887922,train
gossipcop-887926,train
gossipcop-887936,train
gossipcop-887940,train
gossipcop-887947,train
gossipcop-887948,train
gossipcop-887955,train
gossipcop-887976,train
gossipcop-887984,train
gossipcop-887991,train
gossipcop-887999,train
gossipcop-888000,train
gossipcop-888009,train
gossipcop-888010,train
gossipcop-888040,train
gossipcop-888063,train
gossipcop-888070,train
gossipcop-888081,train
gossipcop-888085,train
gossipcop-888101,train
gossipcop-888112,train
gossipcop-888118,train
gossipcop-888132,train
gossipcop-888134,train
gossipcop-888143,train
gossipcop-888144,train
gossipcop-888145,train
gossipcop-888169,train
gossipcop-888184,train
gossipcop-888192,train
gossipcop-888193,train
gossipcop-888194,train
gossipcop-888204,train
gossipcop-888205,train
gossipcop-8882167387,train
gossipcop-888222,train
gossipcop-888226,train
gossipcop-888230,train
gossipcop-888232,train
gossipcop-888233,train
gossipcop-888234,train
gossipcop-888235,train
gossipcop-8882451342,train
gossipcop-888256,train
gossipcop-888266,train
gossipcop-888267,train
gossipcop-888293,train
gossipcop-888299,train
gossipcop-888303,train
gossipcop-888304,train
gossipcop-888313,train
gossipcop-888324,train
gossipcop-888340,train
gossipcop-888349,train
gossipcop-888352,train
gossipcop-888362,train
gossipcop-888363,train
gossipcop-888390,train
gossipcop-888391,train
gossipcop-888392,train
gossipcop-888400,train
gossipcop-888407,train
gossipcop-888409,train
gossipcop-888412,train
gossipcop-888415,train
gossipcop-888428,train
gossipcop-888438,train
gossipcop-888440,train
gossipcop-888441,train
gossipcop-888452,train
gossipcop-888453,train
gossipcop-888478,train
gossipcop-888479,train
gossipcop-888480,train
gossipcop-8884898167,train
gossipcop-888491,train
gossipcop-888495,train
gossipcop-888499,train
gossipcop-888510,train
gossipcop-888520,train
gossipcop-8885333485,train
gossipcop-888541,train
gossipcop-888545,train
gossipcop-888546,train
gossipcop-888556,train
gossipcop-888560,train
gossipcop-888568,train
gossipcop-888572,train
gossipcop-888580,train
gossipcop-888588,train
gossipcop-888592,train
gossipcop-888597,train
gossipcop-888599,train
gossipcop-888605,train
gossipcop-888614,train
gossipcop-888626,train
gossipcop-888642,train
gossipcop-888650,train
gossipcop-888654,train
gossipcop-888659,train
gossipcop-8886605619,train
gossipcop-888669,train
gossipcop-888673,train
gossipcop-888683,train
gossipcop-888688,train
gossipcop-888689,train
gossipcop-8886918041,train
gossipcop-888702,train
gossipcop-888709,train
gossipcop-888715,train
gossipcop-8887202012,train
gossipcop-888738,train
gossipcop-888746,train
gossipcop-888747,train
gossipcop-888749,train
gossipcop-888753,train
gossipcop-888777,train
gossipcop-888779,train
gossipcop-888786,train
gossipcop-888797,train
gossipcop-888805,train
gossipcop-888810,train
gossipcop-888811,train
gossipcop-888817,train
gossipcop-888818,train
gossipcop-888829,train
gossipcop-888831,train
gossipcop-888857,train
gossipcop-888885,train
gossipcop-888889,train
gossipcop-888895,train
gossipcop-888904,train
gossipcop-888922,train
gossipcop-888923,train
gossipcop-888928,train
gossipcop-888939,train
gossipcop-888965,train
gossipcop-8889799564,train
gossipcop-888987,train
gossipcop-888997,train
gossipcop-888998,train
gossipcop-889007,train
gossipcop-889014,train
gossipcop-889024,train
gossipcop-8890242614,train
gossipcop-889036,train
gossipcop-889038,train
gossipcop-889048,train
gossipcop-889052,train
gossipcop-889061,train
gossipcop-889063,train
gossipcop-889085,train
gossipcop-889094,train
gossipcop-889100,train
gossipcop-889109,train
gossipcop-889110,train
gossipcop-889111,train
gossipcop-889119,train
gossipcop-889131,train
gossipcop-889142,train
gossipcop-889143,train
gossipcop-889144,train
gossipcop-889145,train
gossipcop-889149,train
gossipcop-889166,train
gossipcop-889167,train
gossipcop-889168,train
gossipcop-889175,train
gossipcop-889189,train
gossipcop-889195,train
gossipcop-889211,train
gossipcop-889216,train
gossipcop-889247,train
gossipcop-8892524070,train
gossipcop-889256,train
gossipcop-889260,train
gossipcop-889264,train
gossipcop-889269,train
gossipcop-889287,train
gossipcop-889288,train
gossipcop-889295,train
gossipcop-889299,train
gossipcop-889303,train
gossipcop-889312,train
gossipcop-889313,train
gossipcop-889317,train
gossipcop-889325,train
gossipcop-889331,train
gossipcop-889345,train
gossipcop-889348,train
gossipcop-889359,train
gossipcop-889363,train
gossipcop-889364,train
gossipcop-889379,train
gossipcop-889381,train
gossipcop-889382,train
gossipcop-889384,train
gossipcop-889391,train
gossipcop-889393,train
gossipcop-889402,train
gossipcop-889407,train
gossipcop-889412,train
gossipcop-889417,train
gossipcop-889422,train
gossipcop-88943555,train
gossipcop-889441,train
gossipcop-889443,train
gossipcop-889462,train
gossipcop-889471,train
gossipcop-889520,train
gossipcop-889524,train
gossipcop-889544,train
gossipcop-889550,train
gossipcop-889551,train
gossipcop-889558,train
gossipcop-889569,train
gossipcop-889572,train
gossipcop-889576,train
gossipcop-889590,train
gossipcop-889594,train
gossipcop-889595,train
gossipcop-889597,train
gossipcop-889619,train
gossipcop-889626,train
gossipcop-889630,train
gossipcop-889650,train
gossipcop-889651,train
gossipcop-889661,train
gossipcop-889662,train
gossipcop-889667,train
gossipcop-889668,train
gossipcop-889672,train
gossipcop-889682,train
gossipcop-889693,train
gossipcop-889698,train
gossipcop-8897143051,train
gossipcop-889735,train
gossipcop-889739,train
gossipcop-889744,train
gossipcop-889770,train
gossipcop-889782,train
gossipcop-889790,train
gossipcop-889794,train
gossipcop-889802,train
gossipcop-889811,train
gossipcop-889825,train
gossipcop-889850,train
gossipcop-889851,train
gossipcop-889913,train
gossipcop-889938,train
gossipcop-889952,train
gossipcop-889953,train
gossipcop-889964,train
gossipcop-889978,train
gossipcop-889996,train
gossipcop-889997,train
gossipcop-890001,train
gossipcop-8900043358,train
gossipcop-890008,train
gossipcop-890010,train
gossipcop-890024,train
gossipcop-890025,train
gossipcop-890026,train
gossipcop-890056,train
gossipcop-890057,train
gossipcop-890061,train
gossipcop-890068,train
gossipcop-890072,train
gossipcop-890078,train
gossipcop-890088,train
gossipcop-890093,train
gossipcop-890107,train
gossipcop-890123,train
gossipcop-890124,train
gossipcop-890136,train
gossipcop-890137,train
gossipcop-890158,train
gossipcop-890163,train
gossipcop-890167,train
gossipcop-890171,train
gossipcop-890183,train
gossipcop-890190,train
gossipcop-890191,train
gossipcop-890194,train
gossipcop-890213,train
gossipcop-890227,train
gossipcop-890231,train
gossipcop-890234,train
gossipcop-890238,train
gossipcop-890247,train
gossipcop-890249,train
gossipcop-890253,train
gossipcop-890279,train
gossipcop-890281,train
gossipcop-890282,train
gossipcop-890284,train
gossipcop-890295,train
gossipcop-890302,train
gossipcop-890305,train
gossipcop-890319,train
gossipcop-890328,train
gossipcop-890354,train
gossipcop-890361,train
gossipcop-890362,train
gossipcop-890367,train
gossipcop-890373,train
gossipcop-890374,train
gossipcop-890381,train
gossipcop-890387,train
gossipcop-890399,train
gossipcop-8904022923,train
gossipcop-890404,train
gossipcop-890410,train
gossipcop-890411,train
gossipcop-890418,train
gossipcop-890422,train
gossipcop-890423,train
gossipcop-890440,train
gossipcop-8904410755,train
gossipcop-890444,train
gossipcop-890445,train
gossipcop-890456,train
gossipcop-890460,train
gossipcop-890464,train
gossipcop-890468,train
gossipcop-890478,train
gossipcop-8904858137,train
gossipcop-890497,train
gossipcop-890504,train
gossipcop-890515,train
gossipcop-890523,train
gossipcop-890538,train
gossipcop-890554,train
gossipcop-890555,train
gossipcop-890569,train
gossipcop-890575,train
gossipcop-890576,train
gossipcop-890577,train
gossipcop-890583,train
gossipcop-890584,train
gossipcop-890590,train
gossipcop-890591,train
gossipcop-890607,train
gossipcop-890612,train
gossipcop-890623,train
gossipcop-890624,train
gossipcop-890625,train
gossipcop-890638,train
gossipcop-890643,train
gossipcop-890646,train
gossipcop-890653,train
gossipcop-890678,train
gossipcop-890685,train
gossipcop-890691,train
gossipcop-890703,train
gossipcop-890717,train
gossipcop-890718,train
gossipcop-890719,train
gossipcop-890723,train
gossipcop-890744,train
gossipcop-890756,train
gossipcop-890772,train
gossipcop-890780,train
gossipcop-890786,train
gossipcop-890811,train
gossipcop-890823,train
gossipcop-890829,train
gossipcop-890837,train
gossipcop-890839,train
gossipcop-890847,train
gossipcop-890851,train
gossipcop-890862,train
gossipcop-890864,train
gossipcop-890870,train
gossipcop-890871,train
gossipcop-890882,train
gossipcop-890886,train
gossipcop-890899,train
gossipcop-890910,train
gossipcop-890919,train
gossipcop-890925,train
gossipcop-890929,train
gossipcop-890946,train
gossipcop-890963,train
gossipcop-890984,train
gossipcop-890986,train
gossipcop-890988,train
gossipcop-890989,train
gossipcop-890994,train
gossipcop-891005,train
gossipcop-891023,train
gossipcop-891033,train
gossipcop-891037,train
gossipcop-891051,train
gossipcop-891061,train
gossipcop-891091,train
gossipcop-891097,train
gossipcop-891101,train
gossipcop-891102,train
gossipcop-891106,train
gossipcop-891119,train
gossipcop-891122,train
gossipcop-891124,train
gossipcop-891125,train
gossipcop-8911336316,train
gossipcop-891141,train
gossipcop-891178,train
gossipcop-891182,train
gossipcop-891183,train
gossipcop-891190,train
gossipcop-891191,train
gossipcop-891209,train
gossipcop-891213,train
gossipcop-891214,train
gossipcop-891229,train
gossipcop-891230,train
gossipcop-891234,train
gossipcop-891240,train
gossipcop-891244,train
gossipcop-891258,train
gossipcop-891279,train
gossipcop-891291,train
gossipcop-891292,train
gossipcop-891296,train
gossipcop-891300,train
gossipcop-891302,train
gossipcop-891308,train
gossipcop-891312,train
gossipcop-891317,train
gossipcop-891327,train
gossipcop-891345,train
gossipcop-891361,train
gossipcop-891370,train
gossipcop-891375,train
gossipcop-891378,train
gossipcop-891380,train
gossipcop-891389,train
gossipcop-891403,train
gossipcop-891410,train
gossipcop-891417,train
gossipcop-891418,train
gossipcop-891429,train
gossipcop-891434,train
gossipcop-891443,train
gossipcop-891451,train
gossipcop-891456,train
gossipcop-891460,train
gossipcop-891462,train
gossipcop-891464,train
gossipcop-891466,train
gossipcop-891467,train
gossipcop-891487,train
gossipcop-891489,train
gossipcop-891494,train
gossipcop-891495,train
gossipcop-891502,train
gossipcop-891504,train
gossipcop-891506,train
gossipcop-8915089094,train
gossipcop-891530,train
gossipcop-891548,train
gossipcop-891563,train
gossipcop-891564,train
gossipcop-891581,train
gossipcop-891582,train
gossipcop-891583,train
gossipcop-891591,train
gossipcop-891595,train
gossipcop-891595756,train
gossipcop-891602,train
gossipcop-891614,train
gossipcop-891631,train
gossipcop-891637,train
gossipcop-891641,train
gossipcop-891646,train
gossipcop-891657,train
gossipcop-891670,train
gossipcop-8916783957,train
gossipcop-8916816781,train
gossipcop-891690,train
gossipcop-891691,train
gossipcop-891696,train
gossipcop-891707,train
gossipcop-891716,train
gossipcop-891725,train
gossipcop-891736,train
gossipcop-891751,train
gossipcop-891755,train
gossipcop-891759,train
gossipcop-891775,train
gossipcop-891783,train
gossipcop-891794,train
gossipcop-891802,train
gossipcop-891803,train
gossipcop-891815,train
gossipcop-891822,train
gossipcop-891823,train
gossipcop-891830,train
gossipcop-891837,train
gossipcop-891848,train
gossipcop-891861,train
gossipcop-891878,train
gossipcop-891880,train
gossipcop-891881,train
gossipcop-891888,train
gossipcop-891890,train
gossipcop-891891,train
gossipcop-891900,train
gossipcop-891902,train
gossipcop-891904,train
gossipcop-891929,train
gossipcop-891942,train
gossipcop-891944,train
gossipcop-891956,train
gossipcop-891960,train
gossipcop-891965,train
gossipcop-891975,train
gossipcop-891981,train
gossipcop-891985,train
gossipcop-892005,train
gossipcop-892009,train
gossipcop-892011,train
gossipcop-892012,train
gossipcop-892013,train
gossipcop-892024,train
gossipcop-892033,train
gossipcop-892040,train
gossipcop-892041,train
gossipcop-892055,train
gossipcop-892065,train
gossipcop-892079,train
gossipcop-892084,train
gossipcop-892091,train
gossipcop-892092,train
gossipcop-892104,train
gossipcop-892115,train
gossipcop-892126,train
gossipcop-892128,train
gossipcop-892129,train
gossipcop-892144,train
gossipcop-892159,train
gossipcop-892166,train
gossipcop-892169,train
gossipcop-892179,train
gossipcop-892203,train
gossipcop-8922086778,train
gossipcop-892210,train
gossipcop-892223,train
gossipcop-892228,train
gossipcop-892232,train
gossipcop-8922369293,train
gossipcop-892251,train
gossipcop-892252,train
gossipcop-892274,train
gossipcop-892275,train
gossipcop-892287,train
gossipcop-892306,train
gossipcop-892310,train
gossipcop-892317,train
gossipcop-892328,train
gossipcop-892330,train
gossipcop-892331,train
gossipcop-892336,train
gossipcop-892340,train
gossipcop-892344,train
gossipcop-892353,train
gossipcop-892358,train
gossipcop-892365,train
gossipcop-892379,train
gossipcop-892384,train
gossipcop-8923883032,train
gossipcop-892389,train
gossipcop-892393,train
gossipcop-892476,train
gossipcop-892484,train
gossipcop-892493,train
gossipcop-892497,train
gossipcop-892499,train
gossipcop-892521,train
gossipcop-892525,train
gossipcop-892534,train
gossipcop-892541,train
gossipcop-892542,train
gossipcop-892556,train
gossipcop-892557,train
gossipcop-892566,train
gossipcop-892568,train
gossipcop-892569,train
gossipcop-892579,train
gossipcop-892580,train
gossipcop-892581,train
gossipcop-892602,train
gossipcop-892609,train
gossipcop-892618,train
gossipcop-892626,train
gossipcop-892627,train
gossipcop-892634,train
gossipcop-892635,train
gossipcop-892642,train
gossipcop-892651,train
gossipcop-892659,train
gossipcop-892706,train
gossipcop-892711,train
gossipcop-892714,train
gossipcop-892722,train
gossipcop-892738,train
gossipcop-892742,train
gossipcop-892756,train
gossipcop-892761,train
gossipcop-892777,train
gossipcop-892778,train
gossipcop-892779,train
gossipcop-892784,train
gossipcop-892792,train
gossipcop-892800,train
gossipcop-892807,train
gossipcop-892808,train
gossipcop-892809,train
gossipcop-892819,train
gossipcop-892833,train
gossipcop-892834,train
gossipcop-892835,train
gossipcop-892846,train
gossipcop-892849,train
gossipcop-892859,train
gossipcop-892869,train
gossipcop-892873,train
gossipcop-892875,train
gossipcop-8928827954,train
gossipcop-892892,train
gossipcop-892896,train
gossipcop-892897,train
gossipcop-892901,train
gossipcop-892918,train
gossipcop-8929202488,train
gossipcop-892932,train
gossipcop-892936,train
gossipcop-892955,train
gossipcop-892962,train
gossipcop-892970,train
gossipcop-892974,train
gossipcop-892978,train
gossipcop-8929894475,train
gossipcop-892998,train
gossipcop-893035,train
gossipcop-893036,train
gossipcop-893046,train
gossipcop-893048,train
gossipcop-893050,train
gossipcop-893055,train
gossipcop-893063,train
gossipcop-893076,train
gossipcop-893097,train
gossipcop-893102,train
gossipcop-893103,train
gossipcop-893104,train
gossipcop-893105,train
gossipcop-893122,train
gossipcop-893127,train
gossipcop-893133,train
gossipcop-893134,train
gossipcop-893150,train
gossipcop-893156,train
gossipcop-893163,train
gossipcop-893167,train
gossipcop-893172,train
gossipcop-893180,train
gossipcop-893182,train
gossipcop-893183,train
gossipcop-893199,train
gossipcop-893200,train
gossipcop-893204,train
gossipcop-893218,train
gossipcop-893219,train
gossipcop-893226,train
gossipcop-893230,train
gossipcop-893231,train
gossipcop-893239,train
gossipcop-893247,train
gossipcop-893256,train
gossipcop-893257,train
gossipcop-893265,train
gossipcop-893269,train
gossipcop-893283,train
gossipcop-893284,train
gossipcop-893291,train
gossipcop-893292,train
gossipcop-893307,train
gossipcop-893308,train
gossipcop-893309,train
gossipcop-893316,train
gossipcop-893320,train
gossipcop-893324,train
gossipcop-893339,train
gossipcop-893340,train
gossipcop-893365,train
gossipcop-893371,train
gossipcop-893377,train
gossipcop-893390,train
gossipcop-893394,train
gossipcop-893399,train
gossipcop-893413,train
gossipcop-893424,train
gossipcop-893431,train
gossipcop-893437,train
gossipcop-893438,train
gossipcop-893439,train
gossipcop-893452,train
gossipcop-893454,train
gossipcop-893455,train
gossipcop-893457,train
gossipcop-893458,train
gossipcop-893473,train
gossipcop-893478,train
gossipcop-893479,train
gossipcop-893499,train
gossipcop-8935099630,train
gossipcop-893510,train
gossipcop-893513,train
gossipcop-893527,train
gossipcop-8935271907,train
gossipcop-893528,train
gossipcop-893529,train
gossipcop-893534,train
gossipcop-893535,train
gossipcop-893545,train
gossipcop-893550,train
gossipcop-893569,train
gossipcop-893571,train
gossipcop-893573,train
gossipcop-893580,train
gossipcop-893588,train
gossipcop-893598,train
gossipcop-893599,train
gossipcop-893601,train
gossipcop-893605,train
gossipcop-893609,train
gossipcop-893610,train
gossipcop-893624,train
gossipcop-893626,train
gossipcop-893636,train
gossipcop-893667,train
gossipcop-893669,train
gossipcop-893678,train
gossipcop-893687,train
gossipcop-893692,train
gossipcop-893693,train
gossipcop-893697,train
gossipcop-893725,train
gossipcop-893733,train
gossipcop-893747,train
gossipcop-893753,train
gossipcop-893771,train
gossipcop-893783,train
gossipcop-893784,train
gossipcop-893793,train
gossipcop-893803,train
gossipcop-893809,train
gossipcop-893810,train
gossipcop-893811,train
gossipcop-893827,train
gossipcop-893831,train
gossipcop-893836,train
gossipcop-893837,train
gossipcop-893848,train
gossipcop-893849,train
gossipcop-893850,train
gossipcop-893856,train
gossipcop-893875,train
gossipcop-893876,train
gossipcop-893895,train
gossipcop-893906,train
gossipcop-893913,train
gossipcop-893923,train
gossipcop-893930,train
gossipcop-893934,train
gossipcop-893938,train
gossipcop-893939,train
gossipcop-893948,train
gossipcop-893952,train
gossipcop-893965,train
gossipcop-893971,train
gossipcop-893976,train
gossipcop-893987,train
gossipcop-894002,train
gossipcop-894010,train
gossipcop-894011,train
gossipcop-894019,train
gossipcop-894032,train
gossipcop-894033,train
gossipcop-894034,train
gossipcop-894046,train
gossipcop-894047,train
gossipcop-894056,train
gossipcop-8940647540,train
gossipcop-894067,train
gossipcop-894080,train
gossipcop-894081,train
gossipcop-894098,train
gossipcop-894109,train
gossipcop-894134,train
gossipcop-894154,train
gossipcop-894177,train
gossipcop-894206,train
gossipcop-894259,train
gossipcop-894269,train
gossipcop-894298,train
gossipcop-894310,train
gossipcop-894319,train
gossipcop-894327,train
gossipcop-894334,train
gossipcop-894336,train
gossipcop-894350,train
gossipcop-894356,train
gossipcop-894367,train
gossipcop-894368,train
gossipcop-894375,train
gossipcop-894387,train
gossipcop-894393,train
gossipcop-894395,train
gossipcop-894402,train
gossipcop-894403,train
gossipcop-894413,train
gossipcop-894415,train
gossipcop-894416,train
gossipcop-894420,train
gossipcop-894421,train
gossipcop-894434,train
gossipcop-894440,train
gossipcop-8944413001,train
gossipcop-894445,train
gossipcop-894446,train
gossipcop-894451,train
gossipcop-894459,train
gossipcop-894466,train
gossipcop-894471,train
gossipcop-894484,train
gossipcop-894485,train
gossipcop-894486,train
gossipcop-894494,train
gossipcop-894495,train
gossipcop-894503,train
gossipcop-894513,train
gossipcop-894523,train
gossipcop-894527,train
gossipcop-894538,train
gossipcop-894539,train
gossipcop-894543,train
gossipcop-894554,train
gossipcop-894559,train
gossipcop-8945634561,train
gossipcop-894564,train
gossipcop-894578,train
gossipcop-894585,train
gossipcop-894591,train
gossipcop-894596,train
gossipcop-894628,train
gossipcop-894639,train
gossipcop-894649,train
gossipcop-894654,train
gossipcop-894662,train
gossipcop-894664,train
gossipcop-894687,train
gossipcop-894689,train
gossipcop-894690,train
gossipcop-894698,train
gossipcop-894699,train
gossipcop-894706,train
gossipcop-894718,train
gossipcop-894726,train
gossipcop-894727,train
gossipcop-894756,train
gossipcop-894761,train
gossipcop-894787,train
gossipcop-894791,train
gossipcop-894809,train
gossipcop-894813,train
gossipcop-894814,train
gossipcop-894824,train
gossipcop-894828,train
gossipcop-894830,train
gossipcop-894836,train
gossipcop-894839,train
gossipcop-894846,train
gossipcop-894851,train
gossipcop-894861,train
gossipcop-894865,train
gossipcop-894878,train
gossipcop-894879,train
gossipcop-894890,train
gossipcop-894897,train
gossipcop-894902,train
gossipcop-894910,train
gossipcop-894918,train
gossipcop-894923,train
gossipcop-894929,train
gossipcop-894931,train
gossipcop-894932,train
gossipcop-894934,train
gossipcop-894942,train
gossipcop-894947,train
gossipcop-894969,train
gossipcop-894988,train
gossipcop-895018,train
gossipcop-895019,train
gossipcop-895027,train
gossipcop-895028,train
gossipcop-895034,train
gossipcop-895045,train
gossipcop-895050,train
gossipcop-895063,train
gossipcop-895109,train
gossipcop-895116,train
gossipcop-895123,train
gossipcop-895125,train
gossipcop-895130,train
gossipcop-895139,train
gossipcop-895141,train
gossipcop-895153,train
gossipcop-895164,train
gossipcop-895177,train
gossipcop-895189,train
gossipcop-895190,train
gossipcop-895196,train
gossipcop-895199,train
gossipcop-895207,train
gossipcop-895209,train
gossipcop-895224,train
gossipcop-895225,train
gossipcop-895240,train
gossipcop-895247,train
gossipcop-895248,train
gossipcop-895249,train
gossipcop-895254,train
gossipcop-895265,train
gossipcop-895266,train
gossipcop-895271,train
gossipcop-895279,train
gossipcop-895283,train
gossipcop-895284,train
gossipcop-895300,train
gossipcop-895304,train
gossipcop-895312,train
gossipcop-8953282482,train
gossipcop-895331,train
gossipcop-895343,train
gossipcop-895344,train
gossipcop-895353,train
gossipcop-895357,train
gossipcop-895363,train
gossipcop-895373,train
gossipcop-895404,train
gossipcop-895410,train
gossipcop-895416,train
gossipcop-895434,train
gossipcop-895435,train
gossipcop-895436,train
gossipcop-895442,train
gossipcop-895454,train
gossipcop-895455,train
gossipcop-895456,train
gossipcop-895459,train
gossipcop-8954597388,train
gossipcop-895492,train
gossipcop-895508,train
gossipcop-895539,train
gossipcop-895555,train
gossipcop-8955667439,train
gossipcop-895570,train
gossipcop-895576,train
gossipcop-895583,train
gossipcop-895584,train
gossipcop-895623,train
gossipcop-895644,train
gossipcop-895646,train
gossipcop-895647,train
gossipcop-895671,train
gossipcop-895679,train
gossipcop-895684,train
gossipcop-895690,train
gossipcop-895697,train
gossipcop-895703,train
gossipcop-895704,train
gossipcop-895718,train
gossipcop-895734,train
gossipcop-895740,train
gossipcop-895746,train
gossipcop-895751,train
gossipcop-895755,train
gossipcop-895756,train
gossipcop-895757,train
gossipcop-895758,train
gossipcop-895761,train
gossipcop-895785,train
gossipcop-895789,train
gossipcop-895790,train
gossipcop-895797,train
gossipcop-895800,train
gossipcop-895802,train
gossipcop-895808,train
gossipcop-895809,train
gossipcop-8958190944,train
gossipcop-895822,train
gossipcop-895824,train
gossipcop-895828,train
gossipcop-895834,train
gossipcop-895836,train
gossipcop-895838,train
gossipcop-895839,train
gossipcop-895862,train
gossipcop-895872,train
gossipcop-895876,train
gossipcop-895899,train
gossipcop-895903,train
gossipcop-895907,train
gossipcop-895922,train
gossipcop-895926,train
gossipcop-895931,train
gossipcop-895938,train
gossipcop-895942,train
gossipcop-895961,train
gossipcop-895969,train
gossipcop-895978,train
gossipcop-895992,train
gossipcop-8959991452,train
gossipcop-896001,train
gossipcop-896031,train
gossipcop-896036,train
gossipcop-896055,train
gossipcop-896063,train
gossipcop-896067,train
gossipcop-896078,train
gossipcop-896079,train
gossipcop-8960795420,train
gossipcop-896116,train
gossipcop-896132,train
gossipcop-8961513832,train
gossipcop-896154,train
gossipcop-896163,train
gossipcop-896170,train
gossipcop-896182376,train
gossipcop-896186,train
gossipcop-896194,train
gossipcop-896202,train
gossipcop-896210,train
gossipcop-896211,train
gossipcop-896215,train
gossipcop-896219,train
gossipcop-896220,train
gossipcop-896230,train
gossipcop-896234,train
gossipcop-896242,train
gossipcop-896250,train
gossipcop-896260,train
gossipcop-896265,train
gossipcop-896267,train
gossipcop-896287,train
gossipcop-896288,train
gossipcop-896292,train
gossipcop-896309,train
gossipcop-896317,train
gossipcop-8963237866,train
gossipcop-896325,train
gossipcop-896330,train
gossipcop-896349,train
gossipcop-896353,train
gossipcop-896378,train
gossipcop-896383,train
gossipcop-896396,train
gossipcop-896406,train
gossipcop-896407,train
gossipcop-896408,train
gossipcop-896412,train
gossipcop-896438,train
gossipcop-896439,train
gossipcop-896440,train
gossipcop-896446,train
gossipcop-896454,train
gossipcop-896463,train
gossipcop-896470,train
gossipcop-896475,train
gossipcop-896502,train
gossipcop-896506,train
gossipcop-896517,train
gossipcop-896518,train
gossipcop-896519,train
gossipcop-896520,train
gossipcop-896526,train
gossipcop-896530,train
gossipcop-896533,train
gossipcop-896537,train
gossipcop-896538,train
gossipcop-896569,train
gossipcop-896576,train
gossipcop-896590,train
gossipcop-896594,train
gossipcop-896598,train
gossipcop-896604,train
gossipcop-896611,train
gossipcop-896627,train
gossipcop-896643,train
gossipcop-896657,train
gossipcop-896681,train
gossipcop-896682,train
gossipcop-896693,train
gossipcop-896700,train
gossipcop-896701,train
gossipcop-896714,train
gossipcop-896722,train
gossipcop-896723,train
gossipcop-896734,train
gossipcop-896736,train
gossipcop-896737,train
gossipcop-896746,train
gossipcop-896747,train
gossipcop-896752,train
gossipcop-896754,train
gossipcop-896762,train
gossipcop-8967672351,train
gossipcop-896770,train
gossipcop-896778,train
gossipcop-896779,train
gossipcop-896786,train
gossipcop-896799,train
gossipcop-896820,train
gossipcop-896821,train
gossipcop-896844,train
gossipcop-896845,train
gossipcop-896859,train
gossipcop-896868,train
gossipcop-896875,train
gossipcop-896889,train
gossipcop-896908,train
gossipcop-896915,train
gossipcop-896925,train
gossipcop-896931,train
gossipcop-896947,train
gossipcop-896948,train
gossipcop-896950,train
gossipcop-896961,train
gossipcop-896971,train
gossipcop-896976,train
gossipcop-896977,train
gossipcop-896978,train
gossipcop-896986,train
gossipcop-897003,train
gossipcop-897007,train
gossipcop-897021,train
gossipcop-897030,train
gossipcop-8970313893,train
gossipcop-897049,train
gossipcop-897051,train
gossipcop-897067,train
gossipcop-897070,train
gossipcop-897075,train
gossipcop-897086,train
gossipcop-897096,train
gossipcop-897097,train
gossipcop-897103,train
gossipcop-897118,train
gossipcop-897119,train
gossipcop-897150,train
gossipcop-897153,train
gossipcop-897158,train
gossipcop-8971659272,train
gossipcop-897169,train
gossipcop-897174,train
gossipcop-897189,train
gossipcop-897194,train
gossipcop-897202,train
gossipcop-897203,train
gossipcop-897220,train
gossipcop-897221,train
gossipcop-897232,train
gossipcop-897233,train
gossipcop-897258,train
gossipcop-897260,train
gossipcop-897266,train
gossipcop-897272,train
gossipcop-897273,train
gossipcop-897293,train
gossipcop-897300,train
gossipcop-897318,train
gossipcop-897321,train
gossipcop-897323,train
gossipcop-897324,train
gossipcop-897325,train
gossipcop-897338,train
gossipcop-897341,train
gossipcop-897356,train
gossipcop-897365,train
gossipcop-897373,train
gossipcop-897378,train
gossipcop-897382,train
gossipcop-897390,train
gossipcop-897394,train
gossipcop-897396,train
gossipcop-897412,train
gossipcop-897426,train
gossipcop-897431,train
gossipcop-897436,train
gossipcop-897457,train
gossipcop-897461,train
gossipcop-897468,train
gossipcop-897471,train
gossipcop-897473,train
gossipcop-897480,train
gossipcop-897485,train
gossipcop-897498,train
gossipcop-897503,train
gossipcop-897519,train
gossipcop-897520,train
gossipcop-897521,train
gossipcop-8975289821,train
gossipcop-897535,train
gossipcop-897537,train
gossipcop-897558,train
gossipcop-897560,train
gossipcop-897569,train
gossipcop-897574,train
gossipcop-897578,train
gossipcop-897590,train
gossipcop-897603,train
gossipcop-897615,train
gossipcop-897618,train
gossipcop-897619,train
gossipcop-897620,train
gossipcop-897627,train
gossipcop-897628,train
gossipcop-897644,train
gossipcop-897645,train
gossipcop-897650,train
gossipcop-897654,train
gossipcop-897660,train
gossipcop-897661,train
gossipcop-897662,train
gossipcop-897667,train
gossipcop-897674,train
gossipcop-8976766693,train
gossipcop-897694,train
gossipcop-897698,train
gossipcop-897708,train
gossipcop-897709,train
gossipcop-897713,train
gossipcop-897729,train
gossipcop-897736,train
gossipcop-897737,train
gossipcop-897762,train
gossipcop-897766,train
gossipcop-897777,train
gossipcop-897778,train
gossipcop-897785,train
gossipcop-897797,train
gossipcop-897798,train
gossipcop-897802,train
gossipcop-897818,train
gossipcop-897826,train
gossipcop-897832,train
gossipcop-897837,train
gossipcop-897843,train
gossipcop-897851,train
gossipcop-897857,train
gossipcop-8978702474,train
gossipcop-897887,train
gossipcop-897894,train
gossipcop-897897,train
gossipcop-897907,train
gossipcop-897918,train
gossipcop-897933,train
gossipcop-897936,train
gossipcop-897941,train
gossipcop-897946,train
gossipcop-897959,train
gossipcop-897967,train
gossipcop-897973,train
gossipcop-897978,train
gossipcop-897979,train
gossipcop-897990,train
gossipcop-897994,train
gossipcop-897996,train
gossipcop-897997,train
gossipcop-898004,train
gossipcop-898007,train
gossipcop-898014,train
gossipcop-898021,train
gossipcop-898042,train
gossipcop-898052,train
gossipcop-898053,train
gossipcop-898062,train
gossipcop-898072,train
gossipcop-898076,train
gossipcop-898083,train
gossipcop-898084,train
gossipcop-898091,train
gossipcop-898099,train
gossipcop-898100,train
gossipcop-898151,train
gossipcop-898152,train
gossipcop-898157,train
gossipcop-898173,train
gossipcop-898174,train
gossipcop-898175,train
gossipcop-898187,train
gossipcop-898194,train
gossipcop-898201,train
gossipcop-898205,train
gossipcop-898213,train
gossipcop-898216,train
gossipcop-898218,train
gossipcop-8982221760,train
gossipcop-898227,train
gossipcop-898233,train
gossipcop-898242,train
gossipcop-898243,train
gossipcop-898251,train
gossipcop-898252,train
gossipcop-898264,train
gossipcop-898266,train
gossipcop-898268,train
gossipcop-898278,train
gossipcop-898280,train
gossipcop-898295,train
gossipcop-898306,train
gossipcop-898322,train
gossipcop-898338,train
gossipcop-898352,train
gossipcop-898353,train
gossipcop-898363,train
gossipcop-898364,train
gossipcop-898365,train
gossipcop-898387,train
gossipcop-898391,train
gossipcop-898401,train
gossipcop-898406,train
gossipcop-898419,train
gossipcop-898420,train
gossipcop-898427,train
gossipcop-898431,train
gossipcop-898455,train
gossipcop-898478,train
gossipcop-898487,train
gossipcop-898489,train
gossipcop-898493,train
gossipcop-898502,train
gossipcop-898511,train
gossipcop-898526,train
gossipcop-898550,train
gossipcop-898556,train
gossipcop-898557,train
gossipcop-898558,train
gossipcop-898581,train
gossipcop-898589,train
gossipcop-898590,train
gossipcop-898594,train
gossipcop-898598,train
gossipcop-898599,train
gossipcop-898604,train
gossipcop-898611,train
gossipcop-898618,train
gossipcop-898619,train
gossipcop-898627,train
gossipcop-898651,train
gossipcop-898657,train
gossipcop-898661,train
gossipcop-898672,train
gossipcop-898673,train
gossipcop-898681,train
gossipcop-898704,train
gossipcop-898712,train
gossipcop-898740,train
gossipcop-898763,train
gossipcop-898765,train
gossipcop-898766,train
gossipcop-898770,train
gossipcop-898785,train
gossipcop-898787,train
gossipcop-898791,train
gossipcop-898797,train
gossipcop-898798,train
gossipcop-898799,train
gossipcop-898805,train
gossipcop-898810,train
gossipcop-898835,train
gossipcop-898856,train
gossipcop-898863,train
gossipcop-898874,train
gossipcop-898875,train
gossipcop-898885,train
gossipcop-898889,train
gossipcop-898900,train
gossipcop-898907,train
gossipcop-8989173860,train
gossipcop-898937,train
gossipcop-898948,train
gossipcop-898952,train
gossipcop-898964,train
gossipcop-898971,train
gossipcop-898983,train
gossipcop-898992,train
gossipcop-898998,train
gossipcop-898999,train
gossipcop-8990141431,train
gossipcop-899022,train
gossipcop-899023,train
gossipcop-899025,train
gossipcop-899031,train
gossipcop-899037,train
gossipcop-899048,train
gossipcop-899054,train
gossipcop-899063,train
gossipcop-8990648866,train
gossipcop-899070,train
gossipcop-899075,train
gossipcop-899084,train
gossipcop-899089,train
gossipcop-899090,train
gossipcop-899091,train
gossipcop-899092,train
gossipcop-899094,train
gossipcop-899098,train
gossipcop-899102,train
gossipcop-899110,train
gossipcop-899112,train
gossipcop-899120,train
gossipcop-899121,train
gossipcop-899160,train
gossipcop-899161,train
gossipcop-899168,train
gossipcop-899179,train
gossipcop-899189,train
gossipcop-899199,train
gossipcop-899203,train
gossipcop-899204,train
gossipcop-899205,train
gossipcop-899213,train
gossipcop-899226,train
gossipcop-899230,train
gossipcop-899234,train
gossipcop-899235,train
gossipcop-899243,train
gossipcop-899252,train
gossipcop-899258,train
gossipcop-899264,train
gossipcop-899269,train
gossipcop-899288,train
gossipcop-899293,train
gossipcop-899297,train
gossipcop-899309,train
gossipcop-899314,train
gossipcop-8993161151,train
gossipcop-899336,train
gossipcop-899337,train
gossipcop-899385,train
gossipcop-899393,train
gossipcop-899398,train
gossipcop-899399,train
gossipcop-899407,train
gossipcop-899412,train
gossipcop-899422,train
gossipcop-899423,train
gossipcop-899425,train
gossipcop-899430,train
gossipcop-899446,train
gossipcop-899451,train
gossipcop-899453,train
gossipcop-899464,train
gossipcop-899469,train
gossipcop-899473,train
gossipcop-899482,train
gossipcop-899484,train
gossipcop-899494,train
gossipcop-8994956638,train
gossipcop-899497,train
gossipcop-899500,train
gossipcop-899504,train
gossipcop-899516,train
gossipcop-899541,train
gossipcop-899542,train
gossipcop-899543,train
gossipcop-899550,train
gossipcop-899551,train
gossipcop-899559,train
gossipcop-899566,train
gossipcop-899567,train
gossipcop-899574,train
gossipcop-899575,train
gossipcop-899587,train
gossipcop-899588,train
gossipcop-899592,train
gossipcop-899604,train
gossipcop-899611,train
gossipcop-899617,train
gossipcop-8996311550,train
gossipcop-899638,train
gossipcop-899642,train
gossipcop-899645,train
gossipcop-899651,train
gossipcop-899663,train
gossipcop-899668,train
gossipcop-899670,train
gossipcop-899671,train
gossipcop-899672,train
gossipcop-899689,train
gossipcop-899702,train
gossipcop-899715,train
gossipcop-899716,train
gossipcop-8997245819,train
gossipcop-899725,train
gossipcop-899727,train
gossipcop-899740,train
gossipcop-899753,train
gossipcop-899754,train
gossipcop-899757,train
gossipcop-899778,train
gossipcop-899791,train
gossipcop-899814,train
gossipcop-899834,train
gossipcop-899844,train
gossipcop-899845,train
gossipcop-899849,train
gossipcop-899872,train
gossipcop-899874,train
gossipcop-899880,train
gossipcop-899887,train
gossipcop-899893,train
gossipcop-899895,train
gossipcop-899906,train
gossipcop-899914,train
gossipcop-899930,train
gossipcop-899932,train
gossipcop-899933,train
gossipcop-899934,train
gossipcop-899949,train
gossipcop-899954,train
gossipcop-899955,train
gossipcop-899957,train
gossipcop-899958,train
gossipcop-899962,train
gossipcop-899972,train
gossipcop-899985,train
gossipcop-899991,train
gossipcop-899992,train
gossipcop-899998,train
gossipcop-899999,train
gossipcop-900000,train
gossipcop-900001,train
gossipcop-900009,train
gossipcop-900010,train
gossipcop-900012,train
gossipcop-900016,train
gossipcop-900023,train
gossipcop-900033,train
gossipcop-900047,train
gossipcop-900056,train
gossipcop-900065,train
gossipcop-9000670894,train
gossipcop-900077,train
gossipcop-900085,train
gossipcop-900090,train
gossipcop-900111,train
gossipcop-900115,train
gossipcop-900118,train
gossipcop-900143,train
gossipcop-900151,train
gossipcop-900169,train
gossipcop-900171,train
gossipcop-900187,train
gossipcop-900188,train
gossipcop-900207,train
gossipcop-900223,train
gossipcop-900228,train
gossipcop-900231,train
gossipcop-900232,train
gossipcop-900240,train
gossipcop-900259,train
gossipcop-900261,train
gossipcop-900274,train
gossipcop-900275,train
gossipcop-900278,train
gossipcop-900280,train
gossipcop-900290,train
gossipcop-900297,train
gossipcop-900306,train
gossipcop-900323,train
gossipcop-900330,train
gossipcop-900331,train
gossipcop-900347,train
gossipcop-900348,train
gossipcop-900363,train
gossipcop-900397,train
gossipcop-900399,train
gossipcop-900412,train
gossipcop-900413,train
gossipcop-900422,train
gossipcop-900424,train
gossipcop-900431,train
gossipcop-900432,train
gossipcop-900441,train
gossipcop-900453,train
gossipcop-900454,train
gossipcop-900460,train
gossipcop-900462,train
gossipcop-900465,train
gossipcop-900466,train
gossipcop-900476,train
gossipcop-900500,train
gossipcop-900502,train
gossipcop-900510,train
gossipcop-900511,train
gossipcop-900516,train
gossipcop-900528,train
gossipcop-900529,train
gossipcop-900533,train
gossipcop-900545,train
gossipcop-900558,train
gossipcop-900559,train
gossipcop-900569,train
gossipcop-900573,train
gossipcop-900577,train
gossipcop-900587,train
gossipcop-900588,train
gossipcop-900589,train
gossipcop-900590,train
gossipcop-900603,train
gossipcop-900607,train
gossipcop-900611,train
gossipcop-900619,train
gossipcop-900623,train
gossipcop-900628,train
gossipcop-900632,train
gossipcop-900636,train
gossipcop-900641,train
gossipcop-900645,train
gossipcop-9006484897,train
gossipcop-9006620149,train
gossipcop-900666,train
gossipcop-900670,train
gossipcop-900675,train
gossipcop-900681,train
gossipcop-900689,train
gossipcop-900693,train
gossipcop-900694,train
gossipcop-900701,train
gossipcop-900708,train
gossipcop-900712,train
gossipcop-900724,train
gossipcop-900737,train
gossipcop-900741,train
gossipcop-900753,train
gossipcop-900755,train
gossipcop-900758,train
gossipcop-900771,train
gossipcop-900779,train
gossipcop-900785,train
gossipcop-900801,train
gossipcop-900819,train
gossipcop-900829,train
gossipcop-900832,train
gossipcop-900843,train
gossipcop-900844,train
gossipcop-900856,train
gossipcop-900860,train
gossipcop-900861,train
gossipcop-9008626082,train
gossipcop-900875,train
gossipcop-900888,train
gossipcop-900894,train
gossipcop-900895,train
gossipcop-900911,train
gossipcop-900925,train
gossipcop-900927,train
gossipcop-900937,train
gossipcop-900940,train
gossipcop-900944,train
gossipcop-900964,train
gossipcop-900965,train
gossipcop-900972,train
gossipcop-900977,train
gossipcop-900985,train
gossipcop-900996,train
gossipcop-900997,train
gossipcop-900998,train
gossipcop-901009,train
gossipcop-901010,train
gossipcop-901012,train
gossipcop-901020,train
gossipcop-901030,train
gossipcop-901039,train
gossipcop-9010461723,train
gossipcop-901052,train
gossipcop-901068,train
gossipcop-901084,train
gossipcop-901085,train
gossipcop-901090,train
gossipcop-901095,train
gossipcop-901104,train
gossipcop-901118,train
gossipcop-901128,train
gossipcop-901135,train
gossipcop-901145,train
gossipcop-901158,train
gossipcop-901159,train
gossipcop-901160,train
gossipcop-901161,train
gossipcop-901168,train
gossipcop-901172,train
gossipcop-901175,train
gossipcop-901194,train
gossipcop-901195,train
gossipcop-901229,train
gossipcop-901233,train
gossipcop-901234,train
gossipcop-901235,train
gossipcop-901252,train
gossipcop-901257,train
gossipcop-901261,train
gossipcop-901295,train
gossipcop-901312,train
gossipcop-901319,train
gossipcop-901323,train
gossipcop-901324,train
gossipcop-901341,train
gossipcop-901352,train
gossipcop-901354,train
gossipcop-901359,train
gossipcop-901374,train
gossipcop-901375,train
gossipcop-901378,train
gossipcop-901391,train
gossipcop-901396,train
gossipcop-901400,train
gossipcop-901401,train
gossipcop-901407,train
gossipcop-901408,train
gossipcop-901413,train
gossipcop-901419,train
gossipcop-901431,train
gossipcop-9014768558,train
gossipcop-901502,train
gossipcop-901549,train
gossipcop-901557,train
gossipcop-9015674094,train
gossipcop-901568,train
gossipcop-901574,train
gossipcop-901592,train
gossipcop-901595,train
gossipcop-901605,train
gossipcop-901606,train
gossipcop-901617,train
gossipcop-901629,train
gossipcop-901646,train
gossipcop-901650,train
gossipcop-901657,train
gossipcop-9016605294,train
gossipcop-901661,train
gossipcop-901677,train
gossipcop-901683,train
gossipcop-901687,train
gossipcop-901692,train
gossipcop-901700,train
gossipcop-901706,train
gossipcop-901722,train
gossipcop-901737,train
gossipcop-901760,train
gossipcop-901762,train
gossipcop-901763,train
gossipcop-9017740875,train
gossipcop-901809614,train
gossipcop-901828,train
gossipcop-901833,train
gossipcop-901843,train
gossipcop-901866,train
gossipcop-901871,train
gossipcop-901875,train
gossipcop-901890,train
gossipcop-901894,train
gossipcop-901898,train
gossipcop-901909,train
gossipcop-901913,train
gossipcop-901917,train
gossipcop-901925,train
gossipcop-901937,train
gossipcop-901941,train
gossipcop-901947,train
gossipcop-901963,train
gossipcop-901964,train
gossipcop-901966021,train
gossipcop-901968,train
gossipcop-901976,train
gossipcop-901983,train
gossipcop-901993,train
gossipcop-901997,train
gossipcop-902005,train
gossipcop-902015,train
gossipcop-902029,train
gossipcop-902033,train
gossipcop-902044,train
gossipcop-902045,train
gossipcop-902055,train
gossipcop-902062,train
gossipcop-902068207,train
gossipcop-902072,train
gossipcop-902074,train
gossipcop-902087,train
gossipcop-902095,train
gossipcop-902108,train
gossipcop-902109,train
gossipcop-902130,train
gossipcop-902135,train
gossipcop-902143,train
gossipcop-902147,train
gossipcop-9021596250,train
gossipcop-902161,train
gossipcop-902163,train
gossipcop-902164,train
gossipcop-902166,train
gossipcop-902177,train
gossipcop-902188,train
gossipcop-902190,train
gossipcop-902191,train
gossipcop-902196,train
gossipcop-902206,train
gossipcop-902207,train
gossipcop-902208,train
gossipcop-902209,train
gossipcop-902227,train
gossipcop-902228,train
gossipcop-902229,train
gossipcop-902237,train
gossipcop-902242,train
gossipcop-902255,train
gossipcop-902276,train
gossipcop-902305,train
gossipcop-902316,train
gossipcop-902344,train
gossipcop-902354,train
gossipcop-902361,train
gossipcop-902366,train
gossipcop-902367,train
gossipcop-902368,train
gossipcop-902373,train
gossipcop-902374,train
gossipcop-902381,train
gossipcop-902391,train
gossipcop-902392,train
gossipcop-902393,train
gossipcop-902394,train
gossipcop-9024002184,train
gossipcop-902409,train
gossipcop-902416,train
gossipcop-902421,train
gossipcop-902431,train
gossipcop-902446,train
gossipcop-902447,train
gossipcop-902459,train
gossipcop-902467,train
gossipcop-902473,train
gossipcop-902505,train
gossipcop-902515,train
gossipcop-902522,train
gossipcop-902523,train
gossipcop-902530,train
gossipcop-9025333204,train
gossipcop-902534,train
gossipcop-902535,train
gossipcop-902538,train
gossipcop-902540,train
gossipcop-902549,train
gossipcop-902559,train
gossipcop-902563,train
gossipcop-902564,train
gossipcop-902565,train
gossipcop-902566,train
gossipcop-902570,train
gossipcop-902575,train
gossipcop-902576,train
gossipcop-902600,train
gossipcop-902601,train
gossipcop-902612,train
gossipcop-902631,train
gossipcop-902632,train
gossipcop-902639,train
gossipcop-902647,train
gossipcop-902648,train
gossipcop-902658,train
gossipcop-902682,train
gossipcop-902688,train
gossipcop-902699,train
gossipcop-902705,train
gossipcop-902712,train
gossipcop-902719,train
gossipcop-902723,train
gossipcop-902734,train
gossipcop-902735,train
gossipcop-902748,train
gossipcop-902751,train
gossipcop-902756,train
gossipcop-902763,train
gossipcop-902767,train
gossipcop-902768,train
gossipcop-902780,train
gossipcop-902784,train
gossipcop-902788,train
gossipcop-902789,train
gossipcop-902796,train
gossipcop-902814,train
gossipcop-902819,train
gossipcop-902823,train
gossipcop-902824,train
gossipcop-902831,train
gossipcop-902838,train
gossipcop-902839,train
gossipcop-902846,train
gossipcop-902865,train
gossipcop-902876,train
gossipcop-902880,train
gossipcop-902882,train
gossipcop-902890,train
gossipcop-902902,train
gossipcop-902907,train
gossipcop-902921,train
gossipcop-902922,train
gossipcop-902934,train
gossipcop-902943,train
gossipcop-902944,train
gossipcop-902954,train
gossipcop-902958,train
gossipcop-902971,train
gossipcop-902972,train
gossipcop-902986,train
gossipcop-902992,train
gossipcop-903003,train
gossipcop-903007,train
gossipcop-903011,train
gossipcop-903019,train
gossipcop-903020,train
gossipcop-903027,train
gossipcop-9030342447,train
gossipcop-903035,train
gossipcop-903039,train
gossipcop-903043,train
gossipcop-903047,train
gossipcop-903067,train
gossipcop-903069,train
gossipcop-903078,train
gossipcop-903088,train
gossipcop-903094,train
gossipcop-903095,train
gossipcop-903107,train
gossipcop-903112,train
gossipcop-903123,train
gossipcop-903134,train
gossipcop-903138,train
gossipcop-903139,train
gossipcop-903141,train
gossipcop-903165,train
gossipcop-903166,train
gossipcop-903178,train
gossipcop-903196,train
gossipcop-903201,train
gossipcop-903214,train
gossipcop-903225,train
gossipcop-903237,train
gossipcop-903238,train
gossipcop-903249,train
gossipcop-903272,train
gossipcop-903277,train
gossipcop-903281,train
gossipcop-903285,train
gossipcop-903294,train
gossipcop-903300,train
gossipcop-903303,train
gossipcop-903304,train
gossipcop-903315,train
gossipcop-903319,train
gossipcop-903320,train
gossipcop-903329,train
gossipcop-903350,train
gossipcop-903351,train
gossipcop-903368,train
gossipcop-903372,train
gossipcop-903386,train
gossipcop-903389,train
gossipcop-903400,train
gossipcop-903411,train
gossipcop-903419,train
gossipcop-903420,train
gossipcop-903421,train
gossipcop-903434,train
gossipcop-903454,train
gossipcop-903480,train
gossipcop-903486,train
gossipcop-903498,train
gossipcop-9034998295,train
gossipcop-903500,train
gossipcop-903501,train
gossipcop-903512,train
gossipcop-903524,train
gossipcop-903525,train
gossipcop-903536,train
gossipcop-903547,train
gossipcop-903548,train
gossipcop-903570,train
gossipcop-903580,train
gossipcop-903581,train
gossipcop-903582,train
gossipcop-903600,train
gossipcop-903611,train
gossipcop-903622,train
gossipcop-903629,train
gossipcop-903646,train
gossipcop-903647,train
gossipcop-903654,train
gossipcop-903662,train
gossipcop-903671,train
gossipcop-903672,train
gossipcop-903678,train
gossipcop-903683,train
gossipcop-903692,train
gossipcop-903694,train
gossipcop-903695,train
gossipcop-903697,train
gossipcop-903711,train
gossipcop-903715,train
gossipcop-903720,train
gossipcop-903753,train
gossipcop-903768,train
gossipcop-903792,train
gossipcop-903797,train
gossipcop-903806,train
gossipcop-903813,train
gossipcop-903814,train
gossipcop-903823,train
gossipcop-903840,train
gossipcop-903851,train
gossipcop-903858,train
gossipcop-903864,train
gossipcop-903891,train
gossipcop-903902,train
gossipcop-903913,train
gossipcop-903916,train
gossipcop-903935,train
gossipcop-903951,train
gossipcop-903952,train
gossipcop-903958,train
gossipcop-903960,train
gossipcop-903966,train
gossipcop-903968,train
gossipcop-903969,train
gossipcop-903981,train
gossipcop-903989,train
gossipcop-904004,train
gossipcop-904005,train
gossipcop-904012,train
gossipcop-904013,train
gossipcop-904025,train
gossipcop-904031,train
gossipcop-904039,train
gossipcop-904057,train
gossipcop-904061,train
gossipcop-904066,train
gossipcop-904068,train
gossipcop-904070,train
gossipcop-904074,train
gossipcop-904094,train
gossipcop-904095,train
gossipcop-904099,train
gossipcop-904105,train
gossipcop-904109,train
gossipcop-904116,train
gossipcop-904121,train
gossipcop-904132,train
gossipcop-904133,train
gossipcop-904134,train
gossipcop-904142,train
gossipcop-904158,train
gossipcop-904159,train
gossipcop-904163,train
gossipcop-904174,train
gossipcop-904181,train
gossipcop-904185,train
gossipcop-904194,train
gossipcop-904216,train
gossipcop-904220,train
gossipcop-904229,train
gossipcop-904244,train
gossipcop-904254,train
gossipcop-904258,train
gossipcop-904262,train
gossipcop-904263,train
gossipcop-904269,train
gossipcop-904273,train
gossipcop-904277,train
gossipcop-904281,train
gossipcop-904294,train
gossipcop-904296,train
gossipcop-904298,train
gossipcop-904314,train
gossipcop-904339,train
gossipcop-904544,train
gossipcop-904582,train
gossipcop-904589,train
gossipcop-904603,train
gossipcop-904604,train
gossipcop-904627,train
gossipcop-904632,train
gossipcop-904647,train
gossipcop-904657,train
gossipcop-904691,train
gossipcop-904717,train
gossipcop-904722,train
gossipcop-904741,train
gossipcop-904746,train
gossipcop-904754,train
gossipcop-904777,train
gossipcop-904778,train
gossipcop-904785,train
gossipcop-904786,train
gossipcop-904790,train
gossipcop-904798,train
gossipcop-904799,train
gossipcop-904804,train
gossipcop-904820,train
gossipcop-904826,train
gossipcop-904827,train
gossipcop-904841,train
gossipcop-9048421746,train
gossipcop-904847,train
gossipcop-904849,train
gossipcop-904860,train
gossipcop-904861,train
gossipcop-904865,train
gossipcop-904866,train
gossipcop-904867,train
gossipcop-904869,train
gossipcop-904884,train
gossipcop-904904,train
gossipcop-904908,train
gossipcop-904923,train
gossipcop-904924,train
gossipcop-904936,train
gossipcop-904937,train
gossipcop-904941,train
gossipcop-904942,train
gossipcop-904953,train
gossipcop-904963,train
gossipcop-904964,train
gossipcop-904984,train
gossipcop-904988,train
gossipcop-904995,train
gossipcop-904996,train
gossipcop-905000,train
gossipcop-905005,train
gossipcop-905030,train
gossipcop-905037,train
gossipcop-905041,train
gossipcop-905048,train
gossipcop-905056,train
gossipcop-905067,train
gossipcop-905075,train
gossipcop-905085,train
gossipcop-905093,train
gossipcop-905095,train
gossipcop-905107,train
gossipcop-905118,train
gossipcop-905119,train
gossipcop-905131,train
gossipcop-905143,train
gossipcop-905155,train
gossipcop-905156,train
gossipcop-905160,train
gossipcop-905171,train
gossipcop-905175,train
gossipcop-905180,train
gossipcop-905188,train
gossipcop-905189,train
gossipcop-905200,train
gossipcop-905201,train
gossipcop-905202,train
gossipcop-905217,train
gossipcop-905229,train
gossipcop-905233,train
gossipcop-905238,train
gossipcop-905256,train
gossipcop-905257,train
gossipcop-905275,train
gossipcop-905277,train
gossipcop-905278,train
gossipcop-905300,train
gossipcop-905301,train
gossipcop-905311,train
gossipcop-905312,train
gossipcop-905313,train
gossipcop-905322,train
gossipcop-905351,train
gossipcop-905381,train
gossipcop-905387,train
gossipcop-905395,train
gossipcop-905408,train
gossipcop-905409,train
gossipcop-905417,train
gossipcop-905425,train
gossipcop-905427,train
gossipcop-905431,train
gossipcop-905433,train
gossipcop-905462,train
gossipcop-905464,train
gossipcop-905470,train
gossipcop-905471,train
gossipcop-905484,train
gossipcop-905485,train
gossipcop-905503,train
gossipcop-9055104443,train
gossipcop-905518,train
gossipcop-905519,train
gossipcop-905520,train
gossipcop-905524,train
gossipcop-905528,train
gossipcop-905535,train
gossipcop-905546659,train
gossipcop-905555,train
gossipcop-905559,train
gossipcop-905566,train
gossipcop-905567,train
gossipcop-905575,train
gossipcop-905584,train
gossipcop-905594,train
gossipcop-905599,train
gossipcop-905603,train
gossipcop-905612,train
gossipcop-905619,train
gossipcop-905634,train
gossipcop-905656,train
gossipcop-905658,train
gossipcop-905667,train
gossipcop-905670,train
gossipcop-905674,train
gossipcop-905692,train
gossipcop-905700,train
gossipcop-905703,train
gossipcop-905715,train
gossipcop-905720,train
gossipcop-905722,train
gossipcop-905726,train
gossipcop-905738,train
gossipcop-905739,train
gossipcop-905740,train
gossipcop-905762,train
gossipcop-905771,train
gossipcop-905785,train
gossipcop-905805,train
gossipcop-905806,train
gossipcop-905810,train
gossipcop-905811,train
gossipcop-905816,train
gossipcop-905817,train
gossipcop-905827,train
gossipcop-905831,train
gossipcop-9058314786,train
gossipcop-905835,train
gossipcop-905856,train
gossipcop-905858,train
gossipcop-905862,train
gossipcop-905869,train
gossipcop-905873,train
gossipcop-905886,train
gossipcop-905887,train
gossipcop-905900,train
gossipcop-905901,train
gossipcop-905916,train
gossipcop-905922,train
gossipcop-905939,train
gossipcop-905941,train
gossipcop-905947,train
gossipcop-905948,train
gossipcop-905963,train
gossipcop-905972,train
gossipcop-905985,train
gossipcop-905986,train
gossipcop-906005,train
gossipcop-906010,train
gossipcop-9060112801,train
gossipcop-906018,train
gossipcop-906030,train
gossipcop-906066,train
gossipcop-906067,train
gossipcop-906068,train
gossipcop-906069,train
gossipcop-906074,train
gossipcop-906078,train
gossipcop-906085,train
gossipcop-906101,train
gossipcop-906102,train
gossipcop-906106,train
gossipcop-906116,train
gossipcop-906128,train
gossipcop-906137,train
gossipcop-906138,train
gossipcop-906144,train
gossipcop-906154,train
gossipcop-906183,train
gossipcop-906184,train
gossipcop-906185,train
gossipcop-906196,train
gossipcop-906206,train
gossipcop-906210,train
gossipcop-906213,train
gossipcop-906214,train
gossipcop-906215,train
gossipcop-906219,train
gossipcop-906231,train
gossipcop-906238,train
gossipcop-906239,train
gossipcop-906252,train
gossipcop-906256,train
gossipcop-906264,train
gossipcop-906273,train
gossipcop-906285,train
gossipcop-906293,train
gossipcop-906297,train
gossipcop-906298,train
gossipcop-906303,train
gossipcop-906304,train
gossipcop-906308,train
gossipcop-906313,train
gossipcop-906317,train
gossipcop-906318,train
gossipcop-906326,train
gossipcop-906327,train
gossipcop-906329,train
gossipcop-906369,train
gossipcop-906386,train
gossipcop-906411,train
gossipcop-906429,train
gossipcop-906433,train
gossipcop-906443,train
gossipcop-906448,train
gossipcop-906456,train
gossipcop-906466,train
gossipcop-906472,train
gossipcop-906504,train
gossipcop-906509,train
gossipcop-906517,train
gossipcop-906522,train
gossipcop-906530,train
gossipcop-906531,train
gossipcop-906538,train
gossipcop-906546,train
gossipcop-906568,train
gossipcop-906573,train
gossipcop-906576,train
gossipcop-906584,train
gossipcop-906588,train
gossipcop-906596,train
gossipcop-906608,train
gossipcop-9066087543,train
gossipcop-906615,train
gossipcop-906619,train
gossipcop-906620,train
gossipcop-906630,train
gossipcop-906637,train
gossipcop-906664,train
gossipcop-906671,train
gossipcop-906672,train
gossipcop-906673,train
gossipcop-906674,train
gossipcop-906676,train
gossipcop-906696,train
gossipcop-906697,train
gossipcop-906699,train
gossipcop-906703,train
gossipcop-9067064195,train
gossipcop-906718,train
gossipcop-906729,train
gossipcop-906734,train
gossipcop-906735,train
gossipcop-9067502868,train
gossipcop-906751,train
gossipcop-906752,train
gossipcop-906753,train
gossipcop-906757,train
gossipcop-906769,train
gossipcop-906788,train
gossipcop-906794,train
gossipcop-906795,train
gossipcop-906815,train
gossipcop-906819,train
gossipcop-906823,train
gossipcop-906828,train
gossipcop-906837,train
gossipcop-906848,train
gossipcop-906852,train
gossipcop-906857,train
gossipcop-906865,train
gossipcop-906884,train
gossipcop-906890,train
gossipcop-906899,train
gossipcop-906905,train
gossipcop-906909,train
gossipcop-906910,train
gossipcop-906911,train
gossipcop-906927,train
gossipcop-906945,train
gossipcop-906951,train
gossipcop-906952,train
gossipcop-906964,train
gossipcop-906975,train
gossipcop-906981,train
gossipcop-906989,train
gossipcop-906997,train
gossipcop-907008,train
gossipcop-907021,train
gossipcop-907026,train
gossipcop-907027,train
gossipcop-907034,train
gossipcop-907035,train
gossipcop-907040,train
gossipcop-907063,train
gossipcop-907069,train
gossipcop-907085,train
gossipcop-907089,train
gossipcop-907101,train
gossipcop-907111,train
gossipcop-907118,train
gossipcop-907122,train
gossipcop-907127,train
gossipcop-907139,train
gossipcop-907145,train
gossipcop-907154,train
gossipcop-907159,train
gossipcop-907162,train
gossipcop-907163,train
gossipcop-907165,train
gossipcop-907182,train
gossipcop-907183,train
gossipcop-907199,train
gossipcop-907200,train
gossipcop-907216,train
gossipcop-907218,train
gossipcop-907230,train
gossipcop-907231,train
gossipcop-907236,train
gossipcop-907240,train
gossipcop-907257,train
gossipcop-907271,train
gossipcop-907279,train
gossipcop-907284,train
gossipcop-907285,train
gossipcop-907299,train
gossipcop-907300,train
gossipcop-907302,train
gossipcop-907320,train
gossipcop-907326,train
gossipcop-907327,train
gossipcop-907328,train
gossipcop-907335,train
gossipcop-907345,train
gossipcop-907356,train
gossipcop-907364,train
gossipcop-907377,train
gossipcop-907385,train
gossipcop-907386,train
gossipcop-907391,train
gossipcop-907392,train
gossipcop-907398,train
gossipcop-907402,train
gossipcop-907416,train
gossipcop-907418,train
gossipcop-907427,train
gossipcop-907428,train
gossipcop-907442,train
gossipcop-907444,train
gossipcop-907445,train
gossipcop-907446,train
gossipcop-907472,train
gossipcop-907477,train
gossipcop-907500,train
gossipcop-907506,train
gossipcop-907512,train
gossipcop-907546,train
gossipcop-907553,train
gossipcop-907554,train
gossipcop-9075694215,train
gossipcop-907572,train
gossipcop-907584,train
gossipcop-907593,train
gossipcop-907595,train
gossipcop-907599,train
gossipcop-907606,train
gossipcop-907610,train
gossipcop-907612,train
gossipcop-907613,train
gossipcop-907623,train
gossipcop-907624,train
gossipcop-907625,train
gossipcop-907626,train
gossipcop-907630,train
gossipcop-907631,train
gossipcop-907641,train
gossipcop-907647,train
gossipcop-907663,train
gossipcop-907678,train
gossipcop-907679,train
gossipcop-907686,train
gossipcop-907697,train
gossipcop-907698,train
gossipcop-907702,train
gossipcop-907710,train
gossipcop-907717,train
gossipcop-907721,train
gossipcop-907730,train
gossipcop-907734,train
gossipcop-907738,train
gossipcop-907747,train
gossipcop-907751,train
gossipcop-907755,train
gossipcop-907759,train
gossipcop-9077631034,train
gossipcop-907768,train
gossipcop-907769,train
gossipcop-907779,train
gossipcop-907781,train
gossipcop-907783,train
gossipcop-907792,train
gossipcop-907793,train
gossipcop-907795,train
gossipcop-907801,train
gossipcop-907805,train
gossipcop-907816,train
gossipcop-907829,train
gossipcop-907836,train
gossipcop-907837,train
gossipcop-907838,train
gossipcop-907842,train
gossipcop-907876,train
gossipcop-907877,train
gossipcop-9078944877,train
gossipcop-907900,train
gossipcop-907910,train
gossipcop-907920,train
gossipcop-907939,train
gossipcop-907957,train
gossipcop-907958,train
gossipcop-907973,train
gossipcop-907980,train
gossipcop-908004,train
gossipcop-908022,train
gossipcop-908025,train
gossipcop-908032,train
gossipcop-9080361625,train
gossipcop-908056,train
gossipcop-908062,train
gossipcop-908075,train
gossipcop-908089,train
gossipcop-908101,train
gossipcop-908120,train
gossipcop-908124,train
gossipcop-908125,train
gossipcop-9081250232,train
gossipcop-908127,train
gossipcop-908138,train
gossipcop-908155,train
gossipcop-908165,train
gossipcop-908175,train
gossipcop-908178,train
gossipcop-908179,train
gossipcop-908183,train
gossipcop-908184,train
gossipcop-908185,train
gossipcop-908190,train
gossipcop-908207,train
gossipcop-908208,train
gossipcop-908218,train
gossipcop-908223,train
gossipcop-908232,train
gossipcop-908239,train
gossipcop-908248,train
gossipcop-908249,train
gossipcop-908250,train
gossipcop-908254,train
gossipcop-908255,train
gossipcop-908262,train
gossipcop-908285,train
gossipcop-908290,train
gossipcop-908295,train
gossipcop-908296,train
gossipcop-908312,train
gossipcop-908326,train
gossipcop-908327,train
gossipcop-908331,train
gossipcop-908353,train
gossipcop-908357,train
gossipcop-908358,train
gossipcop-908359730,train
gossipcop-908370,train
gossipcop-908380,train
gossipcop-908391,train
gossipcop-908400,train
gossipcop-908402,train
gossipcop-908427,train
gossipcop-908435,train
gossipcop-908444,train
gossipcop-908446,train
gossipcop-9084550702,train
gossipcop-908460,train
gossipcop-908464,train
gossipcop-908472,train
gossipcop-908480,train
gossipcop-908499,train
gossipcop-908510,train
gossipcop-908530,train
gossipcop-908538,train
gossipcop-908539,train
gossipcop-908540,train
gossipcop-908549,train
gossipcop-908551,train
gossipcop-908573,train
gossipcop-908575,train
gossipcop-908576,train
gossipcop-908585,train
gossipcop-908591,train
gossipcop-908599,train
gossipcop-9086022608,train
gossipcop-908611,train
gossipcop-908615,train
gossipcop-908623,train
gossipcop-908630,train
gossipcop-908631,train
gossipcop-908632,train
gossipcop-908633,train
gossipcop-908640,train
gossipcop-908658,train
gossipcop-908662,train
gossipcop-908665,train
gossipcop-908676,train
gossipcop-908677,train
gossipcop-908688,train
gossipcop-908693,train
gossipcop-908698,train
gossipcop-908718,train
gossipcop-908740,train
gossipcop-908759,train
gossipcop-908760,train
gossipcop-908765,train
gossipcop-908769,train
gossipcop-908774,train
gossipcop-908778,train
gossipcop-908780,train
gossipcop-908782,train
gossipcop-908784,train
gossipcop-908787,train
gossipcop-908795,train
gossipcop-908797,train
gossipcop-908801,train
gossipcop-908806,train
gossipcop-908822,train
gossipcop-9088228404,train
gossipcop-908823,train
gossipcop-908830,train
gossipcop-908836,train
gossipcop-908841,train
gossipcop-908849,train
gossipcop-908854,train
gossipcop-908864,train
gossipcop-908871,train
gossipcop-908876,train
gossipcop-908892,train
gossipcop-908894,train
gossipcop-908911,train
gossipcop-908916,train
gossipcop-908917,train
gossipcop-908932,train
gossipcop-908933,train
gossipcop-908935,train
gossipcop-908959,train
gossipcop-908961,train
gossipcop-908974,train
gossipcop-908988,train
gossipcop-908995,train
gossipcop-909009,train
gossipcop-909026,train
gossipcop-909027,train
gossipcop-909028,train
gossipcop-909032,train
gossipcop-909035,train
gossipcop-909044,train
gossipcop-909045,train
gossipcop-909049,train
gossipcop-909068,train
gossipcop-909070,train
gossipcop-909073,train
gossipcop-909075,train
gossipcop-909088,train
gossipcop-909089,train
gossipcop-909092,train
gossipcop-909096,train
gossipcop-909097,train
gossipcop-909114,train
gossipcop-909119,train
gossipcop-9091201983,train
gossipcop-909123,train
gossipcop-909137,train
gossipcop-909141,train
gossipcop-909152,train
gossipcop-909170,train
gossipcop-909171,train
gossipcop-909172,train
gossipcop-909178,train
gossipcop-909182,train
gossipcop-909203,train
gossipcop-909214,train
gossipcop-909218,train
gossipcop-909236,train
gossipcop-909246,train
gossipcop-909259,train
gossipcop-909276,train
gossipcop-909285,train
gossipcop-909293,train
gossipcop-909300,train
gossipcop-909304,train
gossipcop-9093067371,train
gossipcop-909317,train
gossipcop-909318,train
gossipcop-909321,train
gossipcop-909327,train
gossipcop-909328,train
gossipcop-909329,train
gossipcop-909331,train
gossipcop-909332,train
gossipcop-909346,train
gossipcop-909361,train
gossipcop-909365,train
gossipcop-909396,train
gossipcop-909410,train
gossipcop-909411,train
gossipcop-909417,train
gossipcop-909428,train
gossipcop-909448,train
gossipcop-909452,train
gossipcop-909454,train
gossipcop-909459,train
gossipcop-909460,train
gossipcop-909467,train
gossipcop-909474,train
gossipcop-909475,train
gossipcop-909479,train
gossipcop-909489,train
gossipcop-909493,train
gossipcop-909506,train
gossipcop-909510,train
gossipcop-909515,train
gossipcop-909531,train
gossipcop-909537,train
gossipcop-909554,train
gossipcop-909566,train
gossipcop-909570,train
gossipcop-909574,train
gossipcop-909579,train
gossipcop-909580,train
gossipcop-909582,train
gossipcop-909583,train
gossipcop-909584,train
gossipcop-909595,train
gossipcop-909599,train
gossipcop-909612,train
gossipcop-909613,train
gossipcop-909617,train
gossipcop-9096198130,train
gossipcop-909623,train
gossipcop-909624,train
gossipcop-909625,train
gossipcop-909631,train
gossipcop-909637,train
gossipcop-909641,train
gossipcop-909643,train
gossipcop-909644,train
gossipcop-909654,train
gossipcop-909655,train
gossipcop-909671,train
gossipcop-909698,train
gossipcop-909702,train
gossipcop-909724,train
gossipcop-909741,train
gossipcop-909749,train
gossipcop-909750,train
gossipcop-909778,train
gossipcop-909780,train
gossipcop-909781,train
gossipcop-909800,train
gossipcop-909813,train
gossipcop-909814,train
gossipcop-9098202484,train
gossipcop-909865,train
gossipcop-909876,train
gossipcop-909896,train
gossipcop-909904,train
gossipcop-909910,train
gossipcop-909929,train
gossipcop-909932,train
gossipcop-909960,train
gossipcop-909968,train
gossipcop-910001,train
gossipcop-910004,train
gossipcop-910006,train
gossipcop-910024,train
gossipcop-9100336642,train
gossipcop-910034,train
gossipcop-910040,train
gossipcop-910052,train
gossipcop-910060,train
gossipcop-910068,train
gossipcop-910079,train
gossipcop-910083,train
gossipcop-910091,train
gossipcop-910096,train
gossipcop-910097,train
gossipcop-910105,train
gossipcop-910108,train
gossipcop-9101223947,train
gossipcop-910129,train
gossipcop-910131,train
gossipcop-910135,train
gossipcop-910151,train
gossipcop-910159,train
gossipcop-910160,train
gossipcop-910195,train
gossipcop-910203,train
gossipcop-910216,train
gossipcop-910229,train
gossipcop-910230,train
gossipcop-910231,train
gossipcop-910232,train
gossipcop-910243,train
gossipcop-910244,train
gossipcop-910254,train
gossipcop-910265,train
gossipcop-910272,train
gossipcop-910281,train
gossipcop-910283,train
gossipcop-910292,train
gossipcop-910300,train
gossipcop-910301,train
gossipcop-910313,train
gossipcop-910325,train
gossipcop-910341,train
gossipcop-910352,train
gossipcop-910362,train
gossipcop-910366,train
gossipcop-910383,train
gossipcop-910399,train
gossipcop-910400,train
gossipcop-910406,train
gossipcop-910407,train
gossipcop-910408,train
gossipcop-910422,train
gossipcop-910427,train
gossipcop-910453,train
gossipcop-910455,train
gossipcop-910466,train
gossipcop-910480,train
gossipcop-910490,train
gossipcop-910498,train
gossipcop-910499,train
gossipcop-910504,train
gossipcop-910511,train
gossipcop-910512,train
gossipcop-910527,train
gossipcop-910528,train
gossipcop-910535,train
gossipcop-910545,train
gossipcop-910557,train
gossipcop-910566,train
gossipcop-910616,train
gossipcop-910695,train
gossipcop-910707,train
gossipcop-910712,train
gossipcop-910723,train
gossipcop-910730,train
gossipcop-910731,train
gossipcop-910738,train
gossipcop-910746,train
gossipcop-910747,train
gossipcop-910751,train
gossipcop-910771,train
gossipcop-910772,train
gossipcop-910773,train
gossipcop-910777,train
gossipcop-910781,train
gossipcop-910782,train
gossipcop-910783,train
gossipcop-910784,train
gossipcop-910785,train
gossipcop-910792,train
gossipcop-9107967946,train
gossipcop-910802,train
gossipcop-910806,train
gossipcop-910820,train
gossipcop-910826,train
gossipcop-910835,train
gossipcop-910860,train
gossipcop-910865,train
gossipcop-910866,train
gossipcop-910886,train
gossipcop-910887,train
gossipcop-910897,train
gossipcop-910906,train
gossipcop-910928,train
gossipcop-910939,train
gossipcop-910944,train
gossipcop-910948,train
gossipcop-9109637963,train
gossipcop-910964,train
gossipcop-910982,train
gossipcop-910990,train
gossipcop-910991,train
gossipcop-910996,train
gossipcop-910997,train
gossipcop-910998,train
gossipcop-911006,train
gossipcop-911007,train
gossipcop-911015,train
gossipcop-911016,train
gossipcop-911025,train
gossipcop-9110452054,train
gossipcop-911046,train
gossipcop-911047,train
gossipcop-911059,train
gossipcop-911062,train
gossipcop-911070,train
gossipcop-911071,train
gossipcop-911082,train
gossipcop-911086,train
gossipcop-911090,train
gossipcop-911098,train
gossipcop-911111,train
gossipcop-911112,train
gossipcop-911122,train
gossipcop-911126,train
gossipcop-911129,train
gossipcop-911145,train
gossipcop-911156,train
gossipcop-911157,train
gossipcop-911169,train
gossipcop-911172,train
gossipcop-911205800,train
gossipcop-911211,train
gossipcop-911225,train
gossipcop-911229,train
gossipcop-911230,train
gossipcop-911235,train
gossipcop-911244,train
gossipcop-911264,train
gossipcop-911270,train
gossipcop-911274,train
gossipcop-911285,train
gossipcop-911288,train
gossipcop-911289,train
gossipcop-911295,train
gossipcop-911307,train
gossipcop-911318,train
gossipcop-911320,train
gossipcop-911330,train
gossipcop-911344,train
gossipcop-911348,train
gossipcop-911353,train
gossipcop-911354,train
gossipcop-9113561927,train
gossipcop-911367,train
gossipcop-911371,train
gossipcop-911378,train
gossipcop-911379,train
gossipcop-911397,train
gossipcop-911401,train
gossipcop-911406,train
gossipcop-911411,train
gossipcop-911415,train
gossipcop-911424,train
gossipcop-911425,train
gossipcop-911438,train
gossipcop-911453,train
gossipcop-911471,train
gossipcop-911475,train
gossipcop-911479,train
gossipcop-911483,train
gossipcop-911484,train
gossipcop-911485,train
gossipcop-911489,train
gossipcop-911491,train
gossipcop-911502,train
gossipcop-911518,train
gossipcop-911525,train
gossipcop-911532,train
gossipcop-911547,train
gossipcop-911566,train
gossipcop-911580,train
gossipcop-911584,train
gossipcop-911585,train
gossipcop-911589,train
gossipcop-911596,train
gossipcop-911606,train
gossipcop-911611,train
gossipcop-911612,train
gossipcop-911621,train
gossipcop-911629,train
gossipcop-911634,train
gossipcop-911642,train
gossipcop-911654,train
gossipcop-911661,train
gossipcop-911679,train
gossipcop-911686,train
gossipcop-911695,train
gossipcop-911709,train
gossipcop-911712,train
gossipcop-911725,train
gossipcop-911737,train
gossipcop-911746,train
gossipcop-911758,train
gossipcop-911763,train
gossipcop-911768,train
gossipcop-911771,train
gossipcop-911776,train
gossipcop-911780,train
gossipcop-911787,train
gossipcop-911791,train
gossipcop-911796,train
gossipcop-911797,train
gossipcop-911816,train
gossipcop-911820,train
gossipcop-911821,train
gossipcop-911842,train
gossipcop-911846,train
gossipcop-911851,train
gossipcop-911867,train
gossipcop-911868,train
gossipcop-911880,train
gossipcop-911895,train
gossipcop-911900,train
gossipcop-911914,train
gossipcop-911920,train
gossipcop-911938,train
gossipcop-911939,train
gossipcop-911947,train
gossipcop-911953,train
gossipcop-911957,train
gossipcop-911962,train
gossipcop-911970,train
gossipcop-911974,train
gossipcop-911983,train
gossipcop-911989,train
gossipcop-911991,train
gossipcop-911993,train
gossipcop-911996,train
gossipcop-912003,train
gossipcop-912005,train
gossipcop-912007,train
gossipcop-912008,train
gossipcop-912017,train
gossipcop-912033,train
gossipcop-9120330831,train
gossipcop-912038,train
gossipcop-912054,train
gossipcop-912059,train
gossipcop-912069,train
gossipcop-912080,train
gossipcop-9120825843,train
gossipcop-912084,train
gossipcop-912086,train
gossipcop-912100,train
gossipcop-912104,train
gossipcop-912135,train
gossipcop-912136,train
gossipcop-912137,train
gossipcop-912138,train
gossipcop-912151,train
gossipcop-912152,train
gossipcop-912163,train
gossipcop-912164,train
gossipcop-912165,train
gossipcop-912172,train
gossipcop-912177,train
gossipcop-912184,train
gossipcop-912190,train
gossipcop-912199,train
gossipcop-912207,train
gossipcop-912212,train
gossipcop-912215,train
gossipcop-912222,train
gossipcop-912238,train
gossipcop-912239,train
gossipcop-912242,train
gossipcop-912255,train
gossipcop-912262,train
gossipcop-912279,train
gossipcop-912304,train
gossipcop-912307,train
gossipcop-912320,train
gossipcop-912327,train
gossipcop-9123307126,train
gossipcop-912339,train
gossipcop-912340,train
gossipcop-912350,train
gossipcop-912361,train
gossipcop-912367,train
gossipcop-912368,train
gossipcop-912372,train
gossipcop-912377,train
gossipcop-912379,train
gossipcop-912400,train
gossipcop-912417,train
gossipcop-912421,train
gossipcop-912426,train
gossipcop-912428,train
gossipcop-9124312881,train
gossipcop-912435,train
gossipcop-912448,train
gossipcop-9124480502,train
gossipcop-912454,train
gossipcop-912472,train
gossipcop-9124851665,train
gossipcop-912492,train
gossipcop-912507,train
gossipcop-912509,train
gossipcop-912527,train
gossipcop-912544,train
gossipcop-912552,train
gossipcop-912553,train
gossipcop-912559,train
gossipcop-912563,train
gossipcop-912565,train
gossipcop-912567,train
gossipcop-912571,train
gossipcop-912589,train
gossipcop-912590,train
gossipcop-912593,train
gossipcop-912594,train
gossipcop-912595,train
gossipcop-912599,train
gossipcop-912606,train
gossipcop-912615,train
gossipcop-912621,train
gossipcop-912631,train
gossipcop-912636,train
gossipcop-912640,train
gossipcop-912641,train
gossipcop-912647,train
gossipcop-912663,train
gossipcop-912671,train
gossipcop-912691,train
gossipcop-912692,train
gossipcop-912699,train
gossipcop-912710,train
gossipcop-912717,train
gossipcop-912726,train
gossipcop-912731,train
gossipcop-912736,train
gossipcop-912751,train
gossipcop-912752,train
gossipcop-912756,train
gossipcop-912761,train
gossipcop-912768,train
gossipcop-912772,train
gossipcop-912780,train
gossipcop-912804,train
gossipcop-912806,train
gossipcop-912813,train
gossipcop-912823,train
gossipcop-912830,train
gossipcop-912847,train
gossipcop-912853,train
gossipcop-912855,train
gossipcop-912868,train
gossipcop-912882,train
gossipcop-912890,train
gossipcop-912891,train
gossipcop-912895,train
gossipcop-912905,train
gossipcop-912907,train
gossipcop-912918,train
gossipcop-912927,train
gossipcop-912933,train
gossipcop-912950,train
gossipcop-912961,train
gossipcop-912976,train
gossipcop-912986,train
gossipcop-912987,train
gossipcop-912992,train
gossipcop-912993,train
gossipcop-913004,train
gossipcop-913011,train
gossipcop-913016,train
gossipcop-913020,train
gossipcop-913039,train
gossipcop-913067,train
gossipcop-913072,train
gossipcop-913080,train
gossipcop-913087,train
gossipcop-913095,train
gossipcop-913100,train
gossipcop-913109,train
gossipcop-9131237064,train
gossipcop-913130,train
gossipcop-913131,train
gossipcop-913139,train
gossipcop-913146,train
gossipcop-913147,train
gossipcop-913151,train
gossipcop-913152,train
gossipcop-913163,train
gossipcop-913164,train
gossipcop-913165,train
gossipcop-913173,train
gossipcop-9131837077,train
gossipcop-913184,train
gossipcop-913185,train
gossipcop-913196,train
gossipcop-913197,train
gossipcop-913206,train
gossipcop-913226,train
gossipcop-913236,train
gossipcop-913249,train
gossipcop-913270,train
gossipcop-913271,train
gossipcop-913276,train
gossipcop-913277,train
gossipcop-913302,train
gossipcop-913303,train
gossipcop-913304,train
gossipcop-913305,train
gossipcop-913317,train
gossipcop-913332,train
gossipcop-913333,train
gossipcop-913334,train
gossipcop-913335,train
gossipcop-913337,train
gossipcop-913363,train
gossipcop-913367,train
gossipcop-913372,train
gossipcop-913380,train
gossipcop-913387,train
gossipcop-913388,train
gossipcop-913395,train
gossipcop-913405,train
gossipcop-913410,train
gossipcop-913411,train
gossipcop-913416,train
gossipcop-913424,train
gossipcop-913432,train
gossipcop-913449,train
gossipcop-913457,train
gossipcop-913467,train
gossipcop-913472,train
gossipcop-913476,train
gossipcop-913477,train
gossipcop-9134923655,train
gossipcop-913500,train
gossipcop-913501,train
gossipcop-913509,train
gossipcop-913523,train
gossipcop-913527,train
gossipcop-913536,train
gossipcop-913538,train
gossipcop-913546,train
gossipcop-913547,train
gossipcop-913570,train
gossipcop-913571,train
gossipcop-913576,train
gossipcop-913580,train
gossipcop-913586,train
gossipcop-913613,train
gossipcop-913614,train
gossipcop-913619,train
gossipcop-913632,train
gossipcop-913636,train
gossipcop-913640,train
gossipcop-913641,train
gossipcop-913642,train
gossipcop-9136458380,train
gossipcop-913647,train
gossipcop-913654,train
gossipcop-913669,train
gossipcop-913670,train
gossipcop-913680,train
gossipcop-913690,train
gossipcop-913704,train
gossipcop-913708,train
gossipcop-913724,train
gossipcop-9137276932,train
gossipcop-913734,train
gossipcop-913738,train
gossipcop-913742,train
gossipcop-913743,train
gossipcop-913751,train
gossipcop-913762,train
gossipcop-913767,train
gossipcop-913768,train
gossipcop-913773,train
gossipcop-913774,train
gossipcop-913790,train
gossipcop-913792,train
gossipcop-913794,train
gossipcop-913802,train
gossipcop-913811,train
gossipcop-913812,train
gossipcop-913814,train
gossipcop-913823,train
gossipcop-913830,train
gossipcop-913842,train
gossipcop-913847,train
gossipcop-913851,train
gossipcop-913861,train
gossipcop-913869,train
gossipcop-913884,train
gossipcop-913896,train
gossipcop-913897,train
gossipcop-913899,train
gossipcop-913916,train
gossipcop-913917,train
gossipcop-913918,train
gossipcop-913919,train
gossipcop-913929,train
gossipcop-913937,train
gossipcop-913952,train
gossipcop-913968,train
gossipcop-913969,train
gossipcop-913974,train
gossipcop-913975,train
gossipcop-913987,train
gossipcop-913988,train
gossipcop-914002,train
gossipcop-914006,train
gossipcop-914021,train
gossipcop-914038,train
gossipcop-914049,train
gossipcop-914054,train
gossipcop-914071,train
gossipcop-914083,train
gossipcop-914097,train
gossipcop-914122,train
gossipcop-914123,train
gossipcop-914128,train
gossipcop-914129,train
gossipcop-914132,train
gossipcop-914133,train
gossipcop-914141,train
gossipcop-914142,train
gossipcop-914146,train
gossipcop-914156,train
gossipcop-914167,train
gossipcop-914168,train
gossipcop-914173,train
gossipcop-914193,train
gossipcop-914211,train
gossipcop-914218,train
gossipcop-914233,train
gossipcop-914234,train
gossipcop-914235,train
gossipcop-914242,train
gossipcop-914244,train
gossipcop-914249,train
gossipcop-914250,train
gossipcop-914258,train
gossipcop-914273,train
gossipcop-914274,train
gossipcop-914281,train
gossipcop-914288,train
gossipcop-914289,train
gossipcop-914296,train
gossipcop-914308,train
gossipcop-914312,train
gossipcop-914313,train
gossipcop-914322,train
gossipcop-914354,train
gossipcop-914365,train
gossipcop-914367,train
gossipcop-914385,train
gossipcop-914391,train
gossipcop-914398,train
gossipcop-914408,train
gossipcop-914410,train
gossipcop-914412,train
gossipcop-914414,train
gossipcop-914427,train
gossipcop-914431,train
gossipcop-914448,train
gossipcop-914449,train
gossipcop-914451,train
gossipcop-914454,train
gossipcop-914462,train
gossipcop-914464,train
gossipcop-914482,train
gossipcop-914484,train
gossipcop-914491,train
gossipcop-9145020847,train
gossipcop-914516,train
gossipcop-914518,train
gossipcop-9145317181,train
gossipcop-914535,train
gossipcop-914538,train
gossipcop-914542,train
gossipcop-914543,train
gossipcop-914544,train
gossipcop-914551,train
gossipcop-914559,train
gossipcop-914573,train
gossipcop-914589,train
gossipcop-914590,train
gossipcop-914613,train
gossipcop-914630,train
gossipcop-914634,train
gossipcop-914639,train
gossipcop-914643,train
gossipcop-914648,train
gossipcop-914662,train
gossipcop-914666,train
gossipcop-914670,train
gossipcop-914671,train
gossipcop-914675,train
gossipcop-914682,train
gossipcop-914686,train
gossipcop-914690,train
gossipcop-914691,train
gossipcop-914694,train
gossipcop-914699,train
gossipcop-914705,train
gossipcop-914715,train
gossipcop-9147360879,train
gossipcop-914748,train
gossipcop-914749,train
gossipcop-914753,train
gossipcop-914777,train
gossipcop-914787,train
gossipcop-914796,train
gossipcop-914807,train
gossipcop-914813,train
gossipcop-914830,train
gossipcop-914836,train
gossipcop-914849,train
gossipcop-914861,train
gossipcop-914869,train
gossipcop-914875,train
gossipcop-914882,train
gossipcop-914886,train
gossipcop-914897,train
gossipcop-9148983580,train
gossipcop-914906,train
gossipcop-914914,train
gossipcop-914920,train
gossipcop-914965,train
gossipcop-914971,train
gossipcop-914972,train
gossipcop-914977,train
gossipcop-914978,train
gossipcop-914979,train
gossipcop-914990,train
gossipcop-915003,train
gossipcop-915012,train
gossipcop-915013,train
gossipcop-915014,train
gossipcop-915028,train
gossipcop-915039,train
gossipcop-915047,train
gossipcop-915048,train
gossipcop-915049,train
gossipcop-915062,train
gossipcop-915071,train
gossipcop-915084,train
gossipcop-915104,train
gossipcop-915115,train
gossipcop-915125,train
gossipcop-915133,train
gossipcop-915134,train
gossipcop-915136,train
gossipcop-915151,train
gossipcop-915156,train
gossipcop-915157,train
gossipcop-915158,train
gossipcop-915159,train
gossipcop-915167,train
gossipcop-915175,train
gossipcop-915186,train
gossipcop-915205,train
gossipcop-915209,train
gossipcop-915212,train
gossipcop-915219,train
gossipcop-915237,train
gossipcop-915242,train
gossipcop-915251,train
gossipcop-915252,train
gossipcop-915261,train
gossipcop-915262,train
gossipcop-915291,train
gossipcop-915293,train
gossipcop-915297,train
gossipcop-915300,train
gossipcop-915309,train
gossipcop-915310,train
gossipcop-915318,train
gossipcop-915335,train
gossipcop-915337,train
gossipcop-915346,train
gossipcop-915349,train
gossipcop-915350,train
gossipcop-915351,train
gossipcop-915365,train
gossipcop-915377,train
gossipcop-915378,train
gossipcop-915379,train
gossipcop-915381,train
gossipcop-915391,train
gossipcop-915430,train
gossipcop-9154457624,train
gossipcop-915446,train
gossipcop-915447,train
gossipcop-915452,train
gossipcop-915468,train
gossipcop-915469,train
gossipcop-915478,train
gossipcop-915501,train
gossipcop-915502,train
gossipcop-915516,train
gossipcop-915529,train
gossipcop-915533,train
gossipcop-915559,train
gossipcop-915561,train
gossipcop-915570,train
gossipcop-915576,train
gossipcop-915581,train
gossipcop-915583,train
gossipcop-915589,train
gossipcop-915592,train
gossipcop-915593,train
gossipcop-9155954731,train
gossipcop-915605,train
gossipcop-915619,train
gossipcop-915621,train
gossipcop-915626,train
gossipcop-915644,train
gossipcop-915656,train
gossipcop-915660,train
gossipcop-915686,train
gossipcop-915687,train
gossipcop-915689,train
gossipcop-915690,train
gossipcop-915701,train
gossipcop-915709,train
gossipcop-915712,train
gossipcop-915719,train
gossipcop-915729,train
gossipcop-915742,train
gossipcop-915752,train
gossipcop-915753,train
gossipcop-915757,train
gossipcop-915780,train
gossipcop-915782,train
gossipcop-915797,train
gossipcop-915798,train
gossipcop-915802,train
gossipcop-915804,train
gossipcop-915811,train
gossipcop-915816,train
gossipcop-915829,train
gossipcop-915833,train
gossipcop-915854,train
gossipcop-915867,train
gossipcop-915868,train
gossipcop-915874,train
gossipcop-915879,train
gossipcop-915887,train
gossipcop-915892,train
gossipcop-915904,train
gossipcop-915917,train
gossipcop-915926,train
gossipcop-915930066,train
gossipcop-915935,train
gossipcop-915940,train
gossipcop-915948,train
gossipcop-915949,train
gossipcop-915950,train
gossipcop-915964,train
gossipcop-915968,train
gossipcop-915984,train
gossipcop-915998,train
gossipcop-915999,train
gossipcop-916000,train
gossipcop-916005,train
gossipcop-916017,train
gossipcop-916039,train
gossipcop-916043,train
gossipcop-916051,train
gossipcop-916052,train
gossipcop-916060,train
gossipcop-916069,train
gossipcop-916072,train
gossipcop-916074,train
gossipcop-916075,train
gossipcop-916079,train
gossipcop-916086,train
gossipcop-916090,train
gossipcop-916106,train
gossipcop-916123,train
gossipcop-916124,train
gossipcop-916155,train
gossipcop-916167,train
gossipcop-916171,train
gossipcop-916179,train
gossipcop-916180,train
gossipcop-916214,train
gossipcop-916220,train
gossipcop-916230,train
gossipcop-916241,train
gossipcop-916245,train
gossipcop-916255,train
gossipcop-916257,train
gossipcop-916262,train
gossipcop-916271,train
gossipcop-916285,train
gossipcop-916292,train
gossipcop-916304,train
gossipcop-916308,train
gossipcop-916319,train
gossipcop-916326,train
gossipcop-916332,train
gossipcop-916342,train
gossipcop-916343,train
gossipcop-916356,train
gossipcop-916360,train
gossipcop-916373,train
gossipcop-916402,train
gossipcop-9164044001,train
gossipcop-916405,train
gossipcop-916411,train
gossipcop-916416,train
gossipcop-916417,train
gossipcop-916418,train
gossipcop-916419,train
gossipcop-916421,train
gossipcop-916433,train
gossipcop-916434,train
gossipcop-916436,train
gossipcop-916446,train
gossipcop-916459,train
gossipcop-916461,train
gossipcop-916466,train
gossipcop-916474,train
gossipcop-916476,train
gossipcop-916487,train
gossipcop-916488,train
gossipcop-916489,train
gossipcop-916523,train
gossipcop-916532,train
gossipcop-916534,train
gossipcop-916546,train
gossipcop-916576,train
gossipcop-916577,train
gossipcop-916581,train
gossipcop-916585,train
gossipcop-9165953962,train
gossipcop-916596,train
gossipcop-916597,train
gossipcop-916607,train
gossipcop-916615,train
gossipcop-916629,train
gossipcop-916630,train
gossipcop-916654,train
gossipcop-916665,train
gossipcop-9166843798,train
gossipcop-916690,train
gossipcop-916707,train
gossipcop-916716,train
gossipcop-916718,train
gossipcop-916724,train
gossipcop-916729,train
gossipcop-916735,train
gossipcop-916744,train
gossipcop-916751,train
gossipcop-916760,train
gossipcop-916765,train
gossipcop-916769,train
gossipcop-916774,train
gossipcop-916789,train
gossipcop-916794,train
gossipcop-916808,train
gossipcop-916813,train
gossipcop-916829,train
gossipcop-916846,train
gossipcop-916847,train
gossipcop-916853,train
gossipcop-916878,train
gossipcop-916879,train
gossipcop-916883,train
gossipcop-916900,train
gossipcop-916901,train
gossipcop-916902,train
gossipcop-916903,train
gossipcop-916921,train
gossipcop-9169815700,train
gossipcop-917024,train
gossipcop-917056,train
gossipcop-917057,train
gossipcop-917058,train
gossipcop-917059,train
gossipcop-917060,train
gossipcop-917065,train
gossipcop-917072,train
gossipcop-917086,train
gossipcop-917090,train
gossipcop-917092,train
gossipcop-917097,train
gossipcop-917100,train
gossipcop-917109,train
gossipcop-917132,train
gossipcop-917137,train
gossipcop-917148,train
gossipcop-917153,train
gossipcop-917154,train
gossipcop-917177,train
gossipcop-917178,train
gossipcop-917179,train
gossipcop-917183,train
gossipcop-917184,train
gossipcop-917196,train
gossipcop-917206,train
gossipcop-917211,train
gossipcop-917216,train
gossipcop-917221,train
gossipcop-917222,train
gossipcop-917268,train
gossipcop-917291,train
gossipcop-917293,train
gossipcop-917310,train
gossipcop-917311,train
gossipcop-917317,train
gossipcop-917318,train
gossipcop-917320,train
gossipcop-917343,train
gossipcop-917344,train
gossipcop-917356,train
gossipcop-917358,train
gossipcop-917367,train
gossipcop-917385,train
gossipcop-917386,train
gossipcop-917387,train
gossipcop-917388,train
gossipcop-917404,train
gossipcop-917408,train
gossipcop-917409,train
gossipcop-917412,train
gossipcop-917421,train
gossipcop-917435,train
gossipcop-917443,train
gossipcop-917444,train
gossipcop-917463,train
gossipcop-917467,train
gossipcop-917472,train
gossipcop-917477,train
gossipcop-917478,train
gossipcop-917489,train
gossipcop-917493,train
gossipcop-917494,train
gossipcop-917501,train
gossipcop-917508,train
gossipcop-917515,train
gossipcop-917531,train
gossipcop-917536,train
gossipcop-917537,train
gossipcop-9175416718,train
gossipcop-917550,train
gossipcop-917562,train
gossipcop-917572,train
gossipcop-917573,train
gossipcop-917577,train
gossipcop-917591,train
gossipcop-917600,train
gossipcop-917602,train
gossipcop-917631,train
gossipcop-917638,train
gossipcop-917644,train
gossipcop-917659,train
gossipcop-917666,train
gossipcop-917685,train
gossipcop-917693,train
gossipcop-917695,train
gossipcop-917697,train
gossipcop-917701,train
gossipcop-917726,train
gossipcop-917736,train
gossipcop-917755,train
gossipcop-917759,train
gossipcop-917760,train
gossipcop-917762,train
gossipcop-917767,train
gossipcop-917768,train
gossipcop-917772,train
gossipcop-917773,train
gossipcop-917774,train
gossipcop-917775,train
gossipcop-917777,train
gossipcop-917794,train
gossipcop-917801,train
gossipcop-917817,train
gossipcop-917824645,train
gossipcop-917838,train
gossipcop-917844,train
gossipcop-917848,train
gossipcop-917852,train
gossipcop-917865,train
gossipcop-917877,train
gossipcop-917882,train
gossipcop-917883,train
gossipcop-917902,train
gossipcop-917911,train
gossipcop-917950,train
gossipcop-917955,train
gossipcop-917961,train
gossipcop-917969,train
gossipcop-917973,train
gossipcop-917974,train
gossipcop-917975,train
gossipcop-917977,train
gossipcop-917979,train
gossipcop-917980,train
gossipcop-917981,train
gossipcop-917986,train
gossipcop-917995,train
gossipcop-918001,train
gossipcop-918019,train
gossipcop-9180203998,train
gossipcop-918032,train
gossipcop-918033,train
gossipcop-918034,train
gossipcop-918048,train
gossipcop-918057,train
gossipcop-918058,train
gossipcop-918062,train
gossipcop-9180775364,train
gossipcop-918080,train
gossipcop-918087,train
gossipcop-918089,train
gossipcop-9180993020,train
gossipcop-918108,train
gossipcop-918115,train
gossipcop-918116,train
gossipcop-918131,train
gossipcop-918132,train
gossipcop-918138,train
gossipcop-918152,train
gossipcop-9181586514,train
gossipcop-918165,train
gossipcop-918181,train
gossipcop-918182,train
gossipcop-918204,train
gossipcop-918217,train
gossipcop-918237,train
gossipcop-918252,train
gossipcop-918272,train
gossipcop-918282,train
gossipcop-918283,train
gossipcop-918284,train
gossipcop-918290,train
gossipcop-918302,train
gossipcop-918310,train
gossipcop-918328,train
gossipcop-918356,train
gossipcop-918380,train
gossipcop-918388,train
gossipcop-918403,train
gossipcop-918410,train
gossipcop-918437,train
gossipcop-918442,train
gossipcop-918456,train
gossipcop-918457,train
gossipcop-918474,train
gossipcop-918475,train
gossipcop-918487,train
gossipcop-918488,train
gossipcop-918493,train
gossipcop-918494,train
gossipcop-918495,train
gossipcop-918501,train
gossipcop-918509,train
gossipcop-918513,train
gossipcop-918514,train
gossipcop-918525,train
gossipcop-918535,train
gossipcop-918536,train
gossipcop-918548,train
gossipcop-918554,train
gossipcop-918577,train
gossipcop-918578,train
gossipcop-918582,train
gossipcop-918593,train
gossipcop-918594,train
gossipcop-918600,train
gossipcop-9186072396,train
gossipcop-918611,train
gossipcop-918615,train
gossipcop-918648,train
gossipcop-918658,train
gossipcop-918668,train
gossipcop-918669,train
gossipcop-918677,train
gossipcop-918683,train
gossipcop-918691,train
gossipcop-918699,train
gossipcop-918704,train
gossipcop-918705,train
gossipcop-918716,train
gossipcop-918717,train
gossipcop-918735,train
gossipcop-918744,train
gossipcop-918747,train
gossipcop-918752,train
gossipcop-918775,train
gossipcop-918780,train
gossipcop-918790,train
gossipcop-918805,train
gossipcop-9188165134,train
gossipcop-918819,train
gossipcop-918824,train
gossipcop-918831,train
gossipcop-918832,train
gossipcop-918849,train
gossipcop-918850,train
gossipcop-918855,train
gossipcop-9188555877,train
gossipcop-918859,train
gossipcop-918897,train
gossipcop-918910,train
gossipcop-918914,train
gossipcop-918915,train
gossipcop-918934,train
gossipcop-918935,train
gossipcop-918937,train
gossipcop-918942,train
gossipcop-918965,train
gossipcop-918973,train
gossipcop-918988,train
gossipcop-918996,train
gossipcop-9190177479,train
gossipcop-919077,train
gossipcop-919120,train
gossipcop-919138,train
gossipcop-919148,train
gossipcop-919149,train
gossipcop-919155,train
gossipcop-919175,train
gossipcop-919176,train
gossipcop-919177,train
gossipcop-919178,train
gossipcop-919188,train
gossipcop-919196,train
gossipcop-919198,train
gossipcop-9191997037,train
gossipcop-919214,train
gossipcop-919225,train
gossipcop-919244,train
gossipcop-919250,train
gossipcop-919264,train
gossipcop-9193321517,train
gossipcop-919386,train
gossipcop-919388,train
gossipcop-919389,train
gossipcop-919405,train
gossipcop-919416,train
gossipcop-919417,train
gossipcop-919420,train
gossipcop-919421,train
gossipcop-919443,train
gossipcop-919444,train
gossipcop-919445,train
gossipcop-919455,train
gossipcop-919456,train
gossipcop-919458,train
gossipcop-919460,train
gossipcop-919466,train
gossipcop-919467,train
gossipcop-919508,train
gossipcop-919513,train
gossipcop-919518,train
gossipcop-919522,train
gossipcop-919523,train
gossipcop-919527,train
gossipcop-919535,train
gossipcop-919556,train
gossipcop-919571,train
gossipcop-919589,train
gossipcop-919597,train
gossipcop-919601,train
gossipcop-919607,train
gossipcop-919611,train
gossipcop-919612,train
gossipcop-919624,train
gossipcop-919646,train
gossipcop-919652,train
gossipcop-919661,train
gossipcop-919663,train
gossipcop-919674,train
gossipcop-919679,train
gossipcop-919688,train
gossipcop-919695,train
gossipcop-919696,train
gossipcop-919708,train
gossipcop-919715,train
gossipcop-919727,train
gossipcop-919728,train
gossipcop-919732,train
gossipcop-919767,train
gossipcop-919769,train
gossipcop-919774,train
gossipcop-919775,train
gossipcop-919779,train
gossipcop-919786,train
gossipcop-919794,train
gossipcop-919795,train
gossipcop-919815,train
gossipcop-919822,train
gossipcop-919841,train
gossipcop-919870,train
gossipcop-919882,train
gossipcop-919883,train
gossipcop-919885,train
gossipcop-919892,train
gossipcop-919896,train
gossipcop-919917,train
gossipcop-919951,train
gossipcop-919959,train
gossipcop-919960,train
gossipcop-919976,train
gossipcop-919981,train
gossipcop-920004,train
gossipcop-920024,train
gossipcop-920040,train
gossipcop-920055,train
gossipcop-920065,train
gossipcop-920076,train
gossipcop-920082,train
gossipcop-920089,train
gossipcop-920103,train
gossipcop-920118,train
gossipcop-920120,train
gossipcop-920121,train
gossipcop-920124,train
gossipcop-920132,train
gossipcop-920135,train
gossipcop-920144,train
gossipcop-920169,train
gossipcop-9202141658,train
gossipcop-920221,train
gossipcop-920252,train
gossipcop-920272,train
gossipcop-9202757081,train
gossipcop-920286,train
gossipcop-920293,train
gossipcop-920302,train
gossipcop-920312,train
gossipcop-920314,train
gossipcop-920322,train
gossipcop-920338,train
gossipcop-920342,train
gossipcop-920346,train
gossipcop-920355,train
gossipcop-9203553006,train
gossipcop-920356,train
gossipcop-920376,train
gossipcop-920385,train
gossipcop-920390,train
gossipcop-920413,train
gossipcop-920415,train
gossipcop-920423,train
gossipcop-920436,train
gossipcop-920440,train
gossipcop-920440789,train
gossipcop-920464,train
gossipcop-920467,train
gossipcop-920474,train
gossipcop-9204805299,train
gossipcop-920492,train
gossipcop-920519,train
gossipcop-920523,train
gossipcop-920527,train
gossipcop-920528,train
gossipcop-9206113345,train
gossipcop-920641,train
gossipcop-920644,train
gossipcop-920651,train
gossipcop-920652,train
gossipcop-920658,train
gossipcop-920667,train
gossipcop-920688,train
gossipcop-920691324,train
gossipcop-920701,train
gossipcop-920706,train
gossipcop-920715,train
gossipcop-920719,train
gossipcop-920721,train
gossipcop-920729,train
gossipcop-9207381893,train
gossipcop-920740,train
gossipcop-920743,train
gossipcop-920758,train
gossipcop-920762,train
gossipcop-920764,train
gossipcop-920783,train
gossipcop-920786,train
gossipcop-920789,train
gossipcop-920790,train
gossipcop-920799,train
gossipcop-920808,train
gossipcop-920809,train
gossipcop-920827,train
gossipcop-920828,train
gossipcop-920829,train
gossipcop-920848,train
gossipcop-920862,train
gossipcop-920863,train
gossipcop-920873,train
gossipcop-920877,train
gossipcop-920887,train
gossipcop-9208934379,train
gossipcop-920906,train
gossipcop-920907,train
gossipcop-920925,train
gossipcop-920936,train
gossipcop-920951,train
gossipcop-920962,train
gossipcop-920979,train
gossipcop-920984,train
gossipcop-920998,train
gossipcop-921011,train
gossipcop-921013,train
gossipcop-921023,train
gossipcop-921024,train
gossipcop-921031,train
gossipcop-921058,train
gossipcop-921059,train
gossipcop-921078,train
gossipcop-921079,train
gossipcop-921083,train
gossipcop-921084,train
gossipcop-921102,train
gossipcop-921110,train
gossipcop-921118,train
gossipcop-921122,train
gossipcop-921134,train
gossipcop-921135,train
gossipcop-921150,train
gossipcop-9211668568,train
gossipcop-921174,train
gossipcop-921190,train
gossipcop-921194,train
gossipcop-921205,train
gossipcop-921219,train
gossipcop-921229,train
gossipcop-921256,train
gossipcop-921265,train
gossipcop-921266,train
gossipcop-921267,train
gossipcop-921268,train
gossipcop-9212719071,train
gossipcop-921275,train
gossipcop-921288,train
gossipcop-921290,train
gossipcop-921306,train
gossipcop-921308,train
gossipcop-921309,train
gossipcop-921331,train
gossipcop-921346,train
gossipcop-921364,train
gossipcop-921397,train
gossipcop-921399,train
gossipcop-921406,train
gossipcop-921414,train
gossipcop-921418,train
gossipcop-921427,train
gossipcop-921435,train
gossipcop-921439,train
gossipcop-921440,train
gossipcop-921448,train
gossipcop-921453,train
gossipcop-921457,train
gossipcop-921479,train
gossipcop-921484,train
gossipcop-921510,train
gossipcop-921517,train
gossipcop-921521,train
gossipcop-921529,train
gossipcop-921538,train
gossipcop-921551,train
gossipcop-9215514933,train
gossipcop-921556,train
gossipcop-921617,train
gossipcop-921622,train
gossipcop-921650,train
gossipcop-921670,train
gossipcop-921692,train
gossipcop-921706,train
gossipcop-921710,train
gossipcop-921733,train
gossipcop-921737,train
gossipcop-921741,train
gossipcop-921749,train
gossipcop-921751,train
gossipcop-921765,train
gossipcop-921766,train
gossipcop-921770,train
gossipcop-921779,train
gossipcop-921780,train
gossipcop-921801,train
gossipcop-921842,train
gossipcop-921844,train
gossipcop-921858,train
gossipcop-921889,train
gossipcop-921894,train
gossipcop-921895,train
gossipcop-921907,train
gossipcop-921908,train
gossipcop-921909,train
gossipcop-921914,train
gossipcop-921919,train
gossipcop-921934,train
gossipcop-921944,train
gossipcop-921946,train
gossipcop-9219469405,train
gossipcop-921977,train
gossipcop-921996,train
gossipcop-921998,train
gossipcop-922010,train
gossipcop-922011,train
gossipcop-922026,train
gossipcop-922033,train
gossipcop-922038,train
gossipcop-922065,train
gossipcop-922069,train
gossipcop-922075,train
gossipcop-922092,train
gossipcop-922095,train
gossipcop-922101,train
gossipcop-922102,train
gossipcop-922123,train
gossipcop-922134,train
gossipcop-922151,train
gossipcop-922163,train
gossipcop-922164,train
gossipcop-922165,train
gossipcop-922168,train
gossipcop-922179,train
gossipcop-922191,train
gossipcop-922192,train
gossipcop-922193,train
gossipcop-922200,train
gossipcop-922201,train
gossipcop-922210,train
gossipcop-922222,train
gossipcop-922237,train
gossipcop-922241,train
gossipcop-922256,train
gossipcop-922262,train
gossipcop-922272,train
gossipcop-922278,train
gossipcop-922282,train
gossipcop-922295,train
gossipcop-922303,train
gossipcop-922305481,train
gossipcop-922318,train
gossipcop-922321,train
gossipcop-922328,train
gossipcop-922329,train
gossipcop-922338,train
gossipcop-922348,train
gossipcop-922357,train
gossipcop-9223580402,train
gossipcop-922376,train
gossipcop-922382,train
gossipcop-922388,train
gossipcop-922390,train
gossipcop-922399,train
gossipcop-922405,train
gossipcop-922412,train
gossipcop-922435,train
gossipcop-922444,train
gossipcop-922455,train
gossipcop-922459,train
gossipcop-922468,train
gossipcop-922469,train
gossipcop-922488,train
gossipcop-9226500572,train
gossipcop-922732,train
gossipcop-9227321368,train
gossipcop-922745,train
gossipcop-922760,train
gossipcop-922772,train
gossipcop-922778,train
gossipcop-9227872746,train
gossipcop-922800,train
gossipcop-922801,train
gossipcop-922806,train
gossipcop-922808,train
gossipcop-922823,train
gossipcop-922829,train
gossipcop-922849,train
gossipcop-922863,train
gossipcop-922874,train
gossipcop-922883,train
gossipcop-922896,train
gossipcop-923023,train
gossipcop-923027,train
gossipcop-923032,train
gossipcop-923044,train
gossipcop-923056,train
gossipcop-923059,train
gossipcop-923070,train
gossipcop-923075,train
gossipcop-923082,train
gossipcop-923094,train
gossipcop-923095,train
gossipcop-923100,train
gossipcop-923112,train
gossipcop-923123,train
gossipcop-923124,train
gossipcop-923148,train
gossipcop-923163,train
gossipcop-923169,train
gossipcop-923176,train
gossipcop-923177,train
gossipcop-923183,train
gossipcop-923194,train
gossipcop-923206,train
gossipcop-923207,train
gossipcop-923213,train
gossipcop-923218,train
gossipcop-923222,train
gossipcop-923229,train
gossipcop-923279,train
gossipcop-923302,train
gossipcop-923303,train
gossipcop-923317,train
gossipcop-923328,train
gossipcop-923334,train
gossipcop-923342,train
gossipcop-9233497353,train
gossipcop-923364,train
gossipcop-923383,train
gossipcop-923385,train
gossipcop-923393,train
gossipcop-923394,train
gossipcop-923405,train
gossipcop-923417,train
gossipcop-923418,train
gossipcop-923421,train
gossipcop-923442,train
gossipcop-923449,train
gossipcop-923450,train
gossipcop-923461,train
gossipcop-923465,train
gossipcop-923468,train
gossipcop-923478,train
gossipcop-923493,train
gossipcop-923498,train
gossipcop-923504,train
gossipcop-923523,train
gossipcop-923531,train
gossipcop-923549,train
gossipcop-923562,train
gossipcop-923579,train
gossipcop-923590,train
gossipcop-923591,train
gossipcop-923596,train
gossipcop-923597,train
gossipcop-923609,train
gossipcop-923611,train
gossipcop-923641,train
gossipcop-923653,train
gossipcop-923663,train
gossipcop-923664,train
gossipcop-923671,train
gossipcop-923683,train
gossipcop-923688,train
gossipcop-923689,train
gossipcop-923691,train
gossipcop-923692,train
gossipcop-923696,train
gossipcop-923705,train
gossipcop-923710,train
gossipcop-923711,train
gossipcop-923716,train
gossipcop-923732,train
gossipcop-923736,train
gossipcop-923742,train
gossipcop-923758,train
gossipcop-923759,train
gossipcop-923781,train
gossipcop-923784,train
gossipcop-923795,train
gossipcop-923829,train
gossipcop-923846,train
gossipcop-923847,train
gossipcop-923852,train
gossipcop-923862,train
gossipcop-923871,train
gossipcop-923879,train
gossipcop-923897,train
gossipcop-923898,train
gossipcop-9239107991,train
gossipcop-9239145633,train
gossipcop-923932,train
gossipcop-923934,train
gossipcop-923940,train
gossipcop-923946,train
gossipcop-923948,train
gossipcop-923973,train
gossipcop-923993,train
gossipcop-924007,train
gossipcop-924009,train
gossipcop-924015,train
gossipcop-924020,train
gossipcop-924031,train
gossipcop-924038,train
gossipcop-924060,train
gossipcop-924088,train
gossipcop-924100,train
gossipcop-924102,train
gossipcop-924114,train
gossipcop-924126,train
gossipcop-9241303470,train
gossipcop-924133,train
gossipcop-924144,train
gossipcop-924148,train
gossipcop-924161,train
gossipcop-924166,train
gossipcop-924170,train
gossipcop-924177,train
gossipcop-9241910388,train
gossipcop-924213,train
gossipcop-924214,train
gossipcop-924217,train
gossipcop-924225,train
gossipcop-924229,train
gossipcop-924235,train
gossipcop-924243,train
gossipcop-924251,train
gossipcop-924272,train
gossipcop-924273,train
gossipcop-924275,train
gossipcop-924276,train
gossipcop-924292,train
gossipcop-924301,train
gossipcop-924320,train
gossipcop-924325,train
gossipcop-924328,train
gossipcop-924337,train
gossipcop-924340,train
gossipcop-924353,train
gossipcop-924366,train
gossipcop-924368,train
gossipcop-924373,train
gossipcop-924383,train
gossipcop-924397,train
gossipcop-924398,train
gossipcop-924414,train
gossipcop-924437,train
gossipcop-924448,train
gossipcop-924455,train
gossipcop-924463,train
gossipcop-924468,train
gossipcop-924476,train
gossipcop-924483,train
gossipcop-924491,train
gossipcop-924495,train
gossipcop-924499,train
gossipcop-924503,train
gossipcop-924508,train
gossipcop-924513,train
gossipcop-9245155922,train
gossipcop-924520,train
gossipcop-924528,train
gossipcop-924532,train
gossipcop-924536,train
gossipcop-924541,train
gossipcop-924552,train
gossipcop-924568,train
gossipcop-924572,train
gossipcop-924573,train
gossipcop-924588,train
gossipcop-924592,train
gossipcop-924602,train
gossipcop-924603,train
gossipcop-924627,train
gossipcop-924635,train
gossipcop-924645,train
gossipcop-924662,train
gossipcop-924665,train
gossipcop-924666,train
gossipcop-924667,train
gossipcop-924669,train
gossipcop-924672,train
gossipcop-924683,train
gossipcop-924687,train
gossipcop-924691,train
gossipcop-924695,train
gossipcop-924706,train
gossipcop-924715,train
gossipcop-924730,train
gossipcop-924731,train
gossipcop-924748,train
gossipcop-924762,train
gossipcop-924771,train
gossipcop-9247749560,train
gossipcop-924782,train
gossipcop-924790,train
gossipcop-924803,train
gossipcop-924826,train
gossipcop-924827,train
gossipcop-924845,train
gossipcop-924850,train
gossipcop-924857,train
gossipcop-924869,train
gossipcop-924877,train
gossipcop-924885,train
gossipcop-924896,train
gossipcop-924917,train
gossipcop-924930,train
gossipcop-924937,train
gossipcop-924947,train
gossipcop-924951,train
gossipcop-924969,train
gossipcop-924970,train
gossipcop-924978,train
gossipcop-924979,train
gossipcop-924985,train
gossipcop-924999,train
gossipcop-925000,train
gossipcop-925001,train
gossipcop-925025,train
gossipcop-9250386784,train
gossipcop-925048,train
gossipcop-925049,train
gossipcop-925061,train
gossipcop-925062,train
gossipcop-925076,train
gossipcop-925089438,train
gossipcop-925097,train
gossipcop-925102,train
gossipcop-925150,train
gossipcop-925158,train
gossipcop-925159,train
gossipcop-925170,train
gossipcop-925184,train
gossipcop-925202,train
gossipcop-925204,train
gossipcop-925206,train
gossipcop-925208,train
gossipcop-925227,train
gossipcop-925232,train
gossipcop-925235,train
gossipcop-925237,train
gossipcop-9252419108,train
gossipcop-925247,train
gossipcop-925252,train
gossipcop-925259,train
gossipcop-925260,train
gossipcop-925268,train
gossipcop-925269,train
gossipcop-925270,train
gossipcop-925271,train
gossipcop-925275,train
gossipcop-925293,train
gossipcop-925294,train
gossipcop-925319,train
gossipcop-925320,train
gossipcop-925330,train
gossipcop-925352,train
gossipcop-925361,train
gossipcop-925362,train
gossipcop-925378,train
gossipcop-925379,train
gossipcop-925383,train
gossipcop-925384,train
gossipcop-925398,train
gossipcop-925409,train
gossipcop-925430,train
gossipcop-925435,train
gossipcop-925462,train
gossipcop-925463,train
gossipcop-925468,train
gossipcop-925474,train
gossipcop-925491,train
gossipcop-925496,train
gossipcop-925508,train
gossipcop-925521,train
gossipcop-925528,train
gossipcop-925534,train
gossipcop-925544,train
gossipcop-925548,train
gossipcop-925578,train
gossipcop-925584,train
gossipcop-925594,train
gossipcop-925595,train
gossipcop-925702,train
gossipcop-925706,train
gossipcop-925712,train
gossipcop-925713,train
gossipcop-925714,train
gossipcop-925734,train
gossipcop-925739,train
gossipcop-925744,train
gossipcop-925764,train
gossipcop-925765,train
gossipcop-925771,train
gossipcop-925783,train
gossipcop-925796,train
gossipcop-925797,train
gossipcop-925802,train
gossipcop-925804,train
gossipcop-925821,train
gossipcop-925835,train
gossipcop-925857,train
gossipcop-925858,train
gossipcop-925892,train
gossipcop-925900,train
gossipcop-925901,train
gossipcop-925909,train
gossipcop-925918,train
gossipcop-925922,train
gossipcop-925930,train
gossipcop-925931,train
gossipcop-925939,train
gossipcop-925940,train
gossipcop-925948,train
gossipcop-925974,train
gossipcop-925979,train
gossipcop-925984,train
gossipcop-925990,train
gossipcop-925997,train
gossipcop-926011,train
gossipcop-926042,train
gossipcop-926063,train
gossipcop-926067,train
gossipcop-926093,train
gossipcop-926115,train
gossipcop-926125,train
gossipcop-926126,train
gossipcop-926127,train
gossipcop-926132,train
gossipcop-9261424488,train
gossipcop-926146,train
gossipcop-926155,train
gossipcop-926162,train
gossipcop-926163,train
gossipcop-926170,train
gossipcop-926184,train
gossipcop-926185,train
gossipcop-926202,train
gossipcop-926208,train
gossipcop-926222,train
gossipcop-926237,train
gossipcop-926239,train
gossipcop-926244,train
gossipcop-926262,train
gossipcop-926267,train
gossipcop-926271,train
gossipcop-926279,train
gossipcop-926292,train
gossipcop-926303,train
gossipcop-926304,train
gossipcop-926311,train
gossipcop-926317,train
gossipcop-926318,train
gossipcop-926416,train
gossipcop-926443,train
gossipcop-926451,train
gossipcop-926457,train
gossipcop-926469,train
gossipcop-926489,train
gossipcop-926494,train
gossipcop-926513,train
gossipcop-926514,train
gossipcop-926524,train
gossipcop-926531,train
gossipcop-926537,train
gossipcop-926538,train
gossipcop-926540,train
gossipcop-926541,train
gossipcop-926547,train
gossipcop-926558,train
gossipcop-926575,train
gossipcop-926579,train
gossipcop-926580,train
gossipcop-926590,train
gossipcop-926614,train
gossipcop-926618,train
gossipcop-926624,train
gossipcop-926626,train
gossipcop-926640,train
gossipcop-926647,train
gossipcop-926648,train
gossipcop-926650,train
gossipcop-926663,train
gossipcop-926665,train
gossipcop-926673,train
gossipcop-926690,train
gossipcop-926691,train
gossipcop-926697,train
gossipcop-926700,train
gossipcop-926711,train
gossipcop-926719,train
gossipcop-926728,train
gossipcop-926750,train
gossipcop-926755,train
gossipcop-926757,train
gossipcop-926758,train
gossipcop-926769,train
gossipcop-926775,train
gossipcop-926808,train
gossipcop-926809,train
gossipcop-926810,train
gossipcop-926811,train
gossipcop-926823,train
gossipcop-926824,train
gossipcop-926829,train
gossipcop-926833,train
gossipcop-926837,train
gossipcop-926846,train
gossipcop-926848,train
gossipcop-926852,train
gossipcop-926853,train
gossipcop-926877,train
gossipcop-9268806389,train
gossipcop-926882,train
gossipcop-926890,train
gossipcop-926903,train
gossipcop-926911,train
gossipcop-926923,train
gossipcop-926927,train
gossipcop-926941,train
gossipcop-926957,train
gossipcop-926981,train
gossipcop-926988,train
gossipcop-926989,train
gossipcop-926994,train
gossipcop-927020,train
gossipcop-927026,train
gossipcop-927036,train
gossipcop-927043,train
gossipcop-927058,train
gossipcop-927069,train
gossipcop-927075,train
gossipcop-927092,train
gossipcop-927093,train
gossipcop-927095,train
gossipcop-927117,train
gossipcop-927126,train
gossipcop-927148,train
gossipcop-927152,train
gossipcop-927165,train
gossipcop-927177,train
gossipcop-927179,train
gossipcop-927191,train
gossipcop-927196,train
gossipcop-9271967854,train
gossipcop-927197,train
gossipcop-927205,train
gossipcop-927220,train
gossipcop-927221,train
gossipcop-927230,train
gossipcop-927231,train
gossipcop-927232697,train
gossipcop-927236,train
gossipcop-927274,train
gossipcop-927278,train
gossipcop-927283,train
gossipcop-927284,train
gossipcop-927285,train
gossipcop-927296,train
gossipcop-9273190087,train
gossipcop-927327,train
gossipcop-927354,train
gossipcop-927374,train
gossipcop-927378,train
gossipcop-927379,train
gossipcop-927389,train
gossipcop-927395,train
gossipcop-927405,train
gossipcop-927421,train
gossipcop-927426,train
gossipcop-927430,train
gossipcop-927446,train
gossipcop-927447,train
gossipcop-927457,train
gossipcop-927461,train
gossipcop-927477,train
gossipcop-927487,train
gossipcop-927508,train
gossipcop-927509,train
gossipcop-927510,train
gossipcop-927521,train
gossipcop-927522,train
gossipcop-927541,train
gossipcop-927542,train
gossipcop-927548,train
gossipcop-9275483673,train
gossipcop-927561,train
gossipcop-927565,train
gossipcop-927579,train
gossipcop-927596,train
gossipcop-927597,train
gossipcop-9275979993,train
gossipcop-927607,train
gossipcop-927612,train
gossipcop-927630,train
gossipcop-927636,train
gossipcop-927653,train
gossipcop-927654,train
gossipcop-927666,train
gossipcop-927674,train
gossipcop-927676,train
gossipcop-927677,train
gossipcop-927680,train
gossipcop-927690,train
gossipcop-927703,train
gossipcop-927710,train
gossipcop-927731,train
gossipcop-927738,train
gossipcop-927740,train
gossipcop-927757,train
gossipcop-927758,train
gossipcop-927768,train
gossipcop-927769,train
gossipcop-927780,train
gossipcop-927791,train
gossipcop-927792,train
gossipcop-927794,train
gossipcop-927795,train
gossipcop-927829,train
gossipcop-927830,train
gossipcop-927839,train
gossipcop-927844,train
gossipcop-927864,train
gossipcop-927872,train
gossipcop-927903,train
gossipcop-927927,train
gossipcop-927932,train
gossipcop-927944,train
gossipcop-927957,train
gossipcop-927958,train
gossipcop-927969,train
gossipcop-927974,train
gossipcop-927975,train
gossipcop-928019,train
gossipcop-928020,train
gossipcop-928024,train
gossipcop-928039,train
gossipcop-928044,train
gossipcop-928045,train
gossipcop-928049,train
gossipcop-928053,train
gossipcop-928057,train
gossipcop-928069,train
gossipcop-928076,train
gossipcop-928080,train
gossipcop-928081,train
gossipcop-928091,train
gossipcop-928095,train
gossipcop-928099,train
gossipcop-92814312,train
gossipcop-9281478920,train
gossipcop-928163,train
gossipcop-928164,train
gossipcop-928172,train
gossipcop-928236,train
gossipcop-928240,train
gossipcop-928248,train
gossipcop-928249,train
gossipcop-928264,train
gossipcop-928267,train
gossipcop-928269,train
gossipcop-928270,train
gossipcop-928271,train
gossipcop-928276,train
gossipcop-928310,train
gossipcop-928324,train
gossipcop-928342,train
gossipcop-928351,train
gossipcop-9283531511,train
gossipcop-928356,train
gossipcop-928357,train
gossipcop-928367,train
gossipcop-928393,train
gossipcop-928401,train
gossipcop-928410,train
gossipcop-928415,train
gossipcop-928419,train
gossipcop-928427,train
gossipcop-928428,train
gossipcop-928429,train
gossipcop-928457,train
gossipcop-928520,train
gossipcop-9285642638,train
gossipcop-928578,train
gossipcop-928583,train
gossipcop-928590,train
gossipcop-928609,train
gossipcop-928623,train
gossipcop-928637,train
gossipcop-928639,train
gossipcop-928641,train
gossipcop-928657,train
gossipcop-9286575789,train
gossipcop-928678,train
gossipcop-928697,train
gossipcop-928704,train
gossipcop-928705,train
gossipcop-928720,train
gossipcop-928731,train
gossipcop-928749,train
gossipcop-928763,train
gossipcop-928785,train
gossipcop-928799,train
gossipcop-928805,train
gossipcop-928824,train
gossipcop-928837,train
gossipcop-9288489962,train
gossipcop-928849,train
gossipcop-928862,train
gossipcop-928869,train
gossipcop-928870,train
gossipcop-928882,train
gossipcop-928899,train
gossipcop-928903,train
gossipcop-9289462538,train
gossipcop-928957,train
gossipcop-928958,train
gossipcop-928968,train
gossipcop-928981,train
gossipcop-928985,train
gossipcop-929011404,train
gossipcop-929092,train
gossipcop-929120,train
gossipcop-929124,train
gossipcop-929136,train
gossipcop-929138,train
gossipcop-929153,train
gossipcop-929180,train
gossipcop-929184,train
gossipcop-929185,train
gossipcop-929221,train
gossipcop-929246,train
gossipcop-929267,train
gossipcop-929287,train
gossipcop-929375,train
gossipcop-929389,train
gossipcop-929410,train
gossipcop-929417,train
gossipcop-929432,train
gossipcop-929443,train
gossipcop-929456,train
gossipcop-929461,train
gossipcop-929479,train
gossipcop-929485,train
gossipcop-929491,train
gossipcop-929501,train
gossipcop-929511,train
gossipcop-929512,train
gossipcop-929525,train
gossipcop-929531,train
gossipcop-929540,train
gossipcop-929545,train
gossipcop-929546,train
gossipcop-929565,train
gossipcop-929570,train
gossipcop-929575,train
gossipcop-929576,train
gossipcop-929583,train
gossipcop-929590,train
gossipcop-929592,train
gossipcop-929600,train
gossipcop-929601,train
gossipcop-929614,train
gossipcop-929625,train
gossipcop-929626,train
gossipcop-929630,train
gossipcop-929636,train
gossipcop-929638,train
gossipcop-929646,train
gossipcop-929655,train
gossipcop-929673,train
gossipcop-929676,train
gossipcop-929682,train
gossipcop-929686,train
gossipcop-929688,train
gossipcop-929704,train
gossipcop-929708,train
gossipcop-929716,train
gossipcop-929720,train
gossipcop-929725,train
gossipcop-929732,train
gossipcop-929742,train
gossipcop-929743,train
gossipcop-929744,train
gossipcop-929758,train
gossipcop-929769,train
gossipcop-929776,train
gossipcop-929780,train
gossipcop-929785,train
gossipcop-929800,train
gossipcop-929808,train
gossipcop-929812,train
gossipcop-929830,train
gossipcop-929837,train
gossipcop-929852,train
gossipcop-929853,train
gossipcop-929854,train
gossipcop-929883,train
gossipcop-929887,train
gossipcop-929893,train
gossipcop-929896,train
gossipcop-929897,train
gossipcop-929899,train
gossipcop-929909,train
gossipcop-929919,train
gossipcop-929920,train
gossipcop-929937,train
gossipcop-929944,train
gossipcop-929957,train
gossipcop-929969,train
gossipcop-929975,train
gossipcop-929986,train
gossipcop-929987,train
gossipcop-929988,train
gossipcop-930015,train
gossipcop-930022,train
gossipcop-930036,train
gossipcop-930043,train
gossipcop-930053,train
gossipcop-930057,train
gossipcop-930061,train
gossipcop-930065,train
gossipcop-930076,train
gossipcop-930080,train
gossipcop-930092,train
gossipcop-930093,train
gossipcop-930097,train
gossipcop-930113,train
gossipcop-930122,train
gossipcop-930127,train
gossipcop-930145,train
gossipcop-930151,train
gossipcop-930153,train
gossipcop-930160,train
gossipcop-930161,train
gossipcop-930166,train
gossipcop-930175,train
gossipcop-930179,train
gossipcop-930189,train
gossipcop-930194,train
gossipcop-930203,train
gossipcop-930205,train
gossipcop-9302133862,train
gossipcop-930221,train
gossipcop-930228,train
gossipcop-930229,train
gossipcop-930234,train
gossipcop-930238,train
gossipcop-930243,train
gossipcop-930254,train
gossipcop-930257,train
gossipcop-930258,train
gossipcop-930269,train
gossipcop-930271,train
gossipcop-930280,train
gossipcop-930287,train
gossipcop-930295,train
gossipcop-930307,train
gossipcop-930313,train
gossipcop-930314,train
gossipcop-930318,train
gossipcop-930331,train
gossipcop-930338,train
gossipcop-930346,train
gossipcop-930379,train
gossipcop-930393,train
gossipcop-930397,train
gossipcop-930413,train
gossipcop-930419,train
gossipcop-930422,train
gossipcop-930449,train
gossipcop-930451,train
gossipcop-930471,train
gossipcop-930475,train
gossipcop-930479,train
gossipcop-930484,train
gossipcop-930491,train
gossipcop-930492,train
gossipcop-930496,train
gossipcop-930503,train
gossipcop-930512,train
gossipcop-930513,train
gossipcop-930517,train
gossipcop-930532,train
gossipcop-930540,train
gossipcop-930555,train
gossipcop-930559,train
gossipcop-930569,train
gossipcop-930582,train
gossipcop-930595,train
gossipcop-930637,train
gossipcop-930641,train
gossipcop-930642,train
gossipcop-930656,train
gossipcop-930657,train
gossipcop-930658,train
gossipcop-930668,train
gossipcop-930672,train
gossipcop-930676,train
gossipcop-930680,train
gossipcop-930681,train
gossipcop-930689,train
gossipcop-930693,train
gossipcop-930700,train
gossipcop-930706,train
gossipcop-930710,train
gossipcop-930717,train
gossipcop-930733,train
gossipcop-930737,train
gossipcop-930749,train
gossipcop-930755,train
gossipcop-930772,train
gossipcop-930776,train
gossipcop-930777,train
gossipcop-930782,train
gossipcop-930791,train
gossipcop-930805,train
gossipcop-930819,train
gossipcop-930832,train
gossipcop-930845,train
gossipcop-930851,train
gossipcop-930853,train
gossipcop-930854,train
gossipcop-930873,train
gossipcop-930874,train
gossipcop-930919,train
gossipcop-930921,train
gossipcop-930922,train
gossipcop-930923,train
gossipcop-930941,train
gossipcop-930949,train
gossipcop-930989,train
gossipcop-930991,train
gossipcop-930996,train
gossipcop-931031,train
gossipcop-931047,train
gossipcop-931051,train
gossipcop-931066,train
gossipcop-931077,train
gossipcop-931081,train
gossipcop-931082,train
gossipcop-931086,train
gossipcop-931090,train
gossipcop-931091,train
gossipcop-931098,train
gossipcop-931099,train
gossipcop-931104,train
gossipcop-931111,train
gossipcop-931132,train
gossipcop-931140,train
gossipcop-931158,train
gossipcop-931166,train
gossipcop-931171,train
gossipcop-931200854,train
gossipcop-931203,train
gossipcop-931212,train
gossipcop-931216,train
gossipcop-931227,train
gossipcop-931234,train
gossipcop-931235,train
gossipcop-931244,train
gossipcop-931275,train
gossipcop-931280,train
gossipcop-931291,train
gossipcop-931325,train
gossipcop-931344,train
gossipcop-931346,train
gossipcop-931347,train
gossipcop-931385,train
gossipcop-931386,train
gossipcop-931388,train
gossipcop-931395,train
gossipcop-931399,train
gossipcop-931400,train
gossipcop-931408,train
gossipcop-931415,train
gossipcop-931426,train
gossipcop-931431,train
gossipcop-931456,train
gossipcop-931464,train
gossipcop-931477,train
gossipcop-931481,train
gossipcop-931499,train
gossipcop-931503,train
gossipcop-931519,train
gossipcop-931520,train
gossipcop-931553,train
gossipcop-931560,train
gossipcop-931567,train
gossipcop-931571,train
gossipcop-931604,train
gossipcop-931610,train
gossipcop-931644,train
gossipcop-931658,train
gossipcop-931659,train
gossipcop-931665,train
gossipcop-931672,train
gossipcop-931687,train
gossipcop-931692,train
gossipcop-931703,train
gossipcop-931709,train
gossipcop-931720,train
gossipcop-931729,train
gossipcop-931747,train
gossipcop-931754,train
gossipcop-931771,train
gossipcop-931791,train
gossipcop-931792,train
gossipcop-931796,train
gossipcop-931797,train
gossipcop-931816,train
gossipcop-931817,train
gossipcop-931842,train
gossipcop-931846,train
gossipcop-931848,train
gossipcop-931872,train
gossipcop-931873,train
gossipcop-931877,train
gossipcop-931886,train
gossipcop-9318916922,train
gossipcop-931893,train
gossipcop-931900,train
gossipcop-931907,train
gossipcop-931948,train
gossipcop-931949,train
gossipcop-931975,train
gossipcop-931981,train
gossipcop-931986,train
gossipcop-931988,train
gossipcop-931990,train
gossipcop-932069,train
gossipcop-932078,train
gossipcop-932081,train
gossipcop-9320862502,train
gossipcop-932087,train
gossipcop-932122,train
gossipcop-932143,train
gossipcop-932158,train
gossipcop-932171,train
gossipcop-932176,train
gossipcop-932197,train
gossipcop-932201,train
gossipcop-932211,train
gossipcop-932239,train
gossipcop-932252,train
gossipcop-932265,train
gossipcop-932304,train
gossipcop-932311,train
gossipcop-932351,train
gossipcop-932364,train
gossipcop-932386,train
gossipcop-932390,train
gossipcop-932394,train
gossipcop-932413,train
gossipcop-932427,train
gossipcop-9324384637,train
gossipcop-9324688033,train
gossipcop-9324729132,train
gossipcop-932491,train
gossipcop-932500,train
gossipcop-932509,train
gossipcop-932529,train
gossipcop-932531,train
gossipcop-932542,train
gossipcop-932553,train
gossipcop-932561,train
gossipcop-932577,train
gossipcop-932596,train
gossipcop-932600,train
gossipcop-932609,train
gossipcop-932620,train
gossipcop-932640,train
gossipcop-9326465416,train
gossipcop-932648,train
gossipcop-9327540025,train
gossipcop-932814,train
gossipcop-9328842988,train
gossipcop-932910,train
gossipcop-932927,train
gossipcop-932934,train
gossipcop-932942,train
gossipcop-932955,train
gossipcop-932963,train
gossipcop-932981,train
gossipcop-9329822179,train
gossipcop-932989,train
gossipcop-932994,train
gossipcop-933011,train
gossipcop-933029,train
gossipcop-933032,train
gossipcop-933033,train
gossipcop-933053,train
gossipcop-933056,train
gossipcop-933073,train
gossipcop-9331027077,train
gossipcop-933110,train
gossipcop-933152,train
gossipcop-933154,train
gossipcop-933176,train
gossipcop-933209,train
gossipcop-933213,train
gossipcop-933217,train
gossipcop-9332178798,train
gossipcop-933253,train
gossipcop-933254,train
gossipcop-933269,train
gossipcop-933287,train
gossipcop-933317,train
gossipcop-933326,train
gossipcop-933345,train
gossipcop-933360,train
gossipcop-933361,train
gossipcop-933367,train
gossipcop-933374,train
gossipcop-9333778407,train
gossipcop-933381,train
gossipcop-9333872053,train
gossipcop-933410,train
gossipcop-933414,train
gossipcop-933419,train
gossipcop-933427,train
gossipcop-933430,train
gossipcop-933459,train
gossipcop-933466,train
gossipcop-933480,train
gossipcop-933515,train
gossipcop-933601,train
gossipcop-933623,train
gossipcop-933656,train
gossipcop-933663,train
gossipcop-933664,train
gossipcop-933665,train
gossipcop-933679,train
gossipcop-933710,train
gossipcop-933720,train
gossipcop-933723,train
gossipcop-933740,train
gossipcop-933749,train
gossipcop-933763,train
gossipcop-933794,train
gossipcop-933830,train
gossipcop-933838,train
gossipcop-933839,train
gossipcop-933841,train
gossipcop-933842,train
gossipcop-933852,train
gossipcop-933853,train
gossipcop-933865,train
gossipcop-933866,train
gossipcop-933890,train
gossipcop-933897,train
gossipcop-933904,train
gossipcop-933929,train
gossipcop-9339359485,train
gossipcop-933972,train
gossipcop-933973,train
gossipcop-933974,train
gossipcop-933988,train
gossipcop-934002,train
gossipcop-934017,train
gossipcop-934030,train
gossipcop-934046,train
gossipcop-934055,train
gossipcop-934059,train
gossipcop-934060,train
gossipcop-934067,train
gossipcop-934076,train
gossipcop-934093,train
gossipcop-934129,train
gossipcop-934165,train
gossipcop-934166,train
gossipcop-934177,train
gossipcop-934211,train
gossipcop-934217,train
gossipcop-934221,train
gossipcop-934224,train
gossipcop-934226,train
gossipcop-934249,train
gossipcop-934267,train
gossipcop-934273,train
gossipcop-934293,train
gossipcop-934299,train
gossipcop-934307,train
gossipcop-934309,train
gossipcop-934325,train
gossipcop-934348,train
gossipcop-934350,train
gossipcop-934362,train
gossipcop-934364,train
gossipcop-934365,train
gossipcop-934380,train
gossipcop-934384,train
gossipcop-9344082150,train
gossipcop-934431,train
gossipcop-934438,train
gossipcop-934439,train
gossipcop-934454,train
gossipcop-934463,train
gossipcop-934497,train
gossipcop-934526,train
gossipcop-934564,train
gossipcop-934570,train
gossipcop-934607,train
gossipcop-934609,train
gossipcop-934616,train
gossipcop-934634,train
gossipcop-934638,train
gossipcop-934652,train
gossipcop-934656,train
gossipcop-934660,train
gossipcop-934661,train
gossipcop-934662,train
gossipcop-934674,train
gossipcop-934703,train
gossipcop-934705,train
gossipcop-934750,train
gossipcop-9347617334,train
gossipcop-9347789838,train
gossipcop-934990,train
gossipcop-934997,train
gossipcop-9350061179,train
gossipcop-935007,train
gossipcop-935048,train
gossipcop-935076,train
gossipcop-935084,train
gossipcop-935085,train
gossipcop-935086,train
gossipcop-935087,train
gossipcop-935103,train
gossipcop-935105,train
gossipcop-935111,train
gossipcop-935128,train
gossipcop-935133,train
gossipcop-935134,train
gossipcop-935181,train
gossipcop-935187,train
gossipcop-935195,train
gossipcop-935197,train
gossipcop-935219,train
gossipcop-935226,train
gossipcop-935250,train
gossipcop-935256,train
gossipcop-935268,train
gossipcop-935289,train
gossipcop-935300,train
gossipcop-935301,train
gossipcop-935333,train
gossipcop-935340,train
gossipcop-935347,train
gossipcop-935355,train
gossipcop-935377,train
gossipcop-935384,train
gossipcop-935396,train
gossipcop-935410,train
gossipcop-935421,train
gossipcop-935425,train
gossipcop-935439,train
gossipcop-935444,train
gossipcop-935445,train
gossipcop-935446,train
gossipcop-9354481299,train
gossipcop-9354604651,train
gossipcop-935467,train
gossipcop-935468,train
gossipcop-935496,train
gossipcop-935540,train
gossipcop-935550,train
gossipcop-935556,train
gossipcop-935582,train
gossipcop-935638,train
gossipcop-935651,train
gossipcop-935678,train
gossipcop-935688,train
gossipcop-935694,train
gossipcop-935707,train
gossipcop-935708,train
gossipcop-935719,train
gossipcop-935737,train
gossipcop-935748,train
gossipcop-935756,train
gossipcop-935791,train
gossipcop-9357916591,train
gossipcop-935797,train
gossipcop-9358567453,train
gossipcop-9359253422,train
gossipcop-935933,train
gossipcop-935952,train
gossipcop-936002,train
gossipcop-936031,train
gossipcop-936033,train
gossipcop-936057,train
gossipcop-936067,train
gossipcop-936068,train
gossipcop-936073,train
gossipcop-936074,train
gossipcop-936075,train
gossipcop-936086,train
gossipcop-9360969741,train
gossipcop-936100,train
gossipcop-936101,train
gossipcop-936122,train
gossipcop-936196,train
gossipcop-9362199425,train
gossipcop-936226,train
gossipcop-936229,train
gossipcop-936242,train
gossipcop-936262,train
gossipcop-936316,train
gossipcop-936317,train
gossipcop-936319,train
gossipcop-9363320839,train
gossipcop-936334,train
gossipcop-936350,train
gossipcop-936354,train
gossipcop-9363563626,train
gossipcop-936359,train
gossipcop-936361,train
gossipcop-936370,train
gossipcop-936374207,train
gossipcop-936375,train
gossipcop-936386,train
gossipcop-936387,train
gossipcop-936388,train
gossipcop-936411,train
gossipcop-936418,train
gossipcop-9364278558,train
gossipcop-936428,train
gossipcop-936429,train
gossipcop-936443,train
gossipcop-936451,train
gossipcop-936468,train
gossipcop-936480,train
gossipcop-936481,train
gossipcop-936493,train
gossipcop-936509,train
gossipcop-936531,train
gossipcop-936541,train
gossipcop-936546,train
gossipcop-936550,train
gossipcop-936568,train
gossipcop-936572,train
gossipcop-936577,train
gossipcop-936614,train
gossipcop-936641,train
gossipcop-936653,train
gossipcop-936677,train
gossipcop-936688,train
gossipcop-936697,train
gossipcop-936726,train
gossipcop-936733,train
gossipcop-936738,train
gossipcop-936745,train
gossipcop-936750,train
gossipcop-936760,train
gossipcop-936761,train
gossipcop-936772,train
gossipcop-936773,train
gossipcop-936780,train
gossipcop-936792,train
gossipcop-936793,train
gossipcop-936803,train
gossipcop-9368089122,train
gossipcop-9368279509,train
gossipcop-936831,train
gossipcop-936835,train
gossipcop-936836,train
gossipcop-936849,train
gossipcop-936852,train
gossipcop-936853,train
gossipcop-936862,train
gossipcop-936863,train
gossipcop-936868,train
gossipcop-936869,train
gossipcop-936876,train
gossipcop-936878,train
gossipcop-936888,train
gossipcop-936903,train
gossipcop-936917,train
gossipcop-936928,train
gossipcop-936945,train
gossipcop-936962,train
gossipcop-936970,train
gossipcop-936981,train
gossipcop-936991,train
gossipcop-937004,train
gossipcop-937027,train
gossipcop-937039,train
gossipcop-937044,train
gossipcop-937054,train
gossipcop-937069200,train
gossipcop-937078,train
gossipcop-937079,train
gossipcop-937095,train
gossipcop-937103,train
gossipcop-937115,train
gossipcop-937122,train
gossipcop-937127,train
gossipcop-937131,train
gossipcop-937139,train
gossipcop-937162,train
gossipcop-937172,train
gossipcop-937176,train
gossipcop-937177,train
gossipcop-937199,train
gossipcop-937206,train
gossipcop-937207,train
gossipcop-9372084354,train
gossipcop-937222,train
gossipcop-937230,train
gossipcop-937235,train
gossipcop-937236,train
gossipcop-937243,train
gossipcop-937250,train
gossipcop-937262,train
gossipcop-937267,train
gossipcop-937277,train
gossipcop-937281,train
gossipcop-937285,train
gossipcop-937289,train
gossipcop-937293,train
gossipcop-937297,train
gossipcop-937305,train
gossipcop-937309,train
gossipcop-937321,train
gossipcop-937336,train
gossipcop-937342,train
gossipcop-937343,train
gossipcop-937344,train
gossipcop-937345,train
gossipcop-937349,train
gossipcop-937350,train
gossipcop-937369,train
gossipcop-9373746790,train
gossipcop-937393,train
gossipcop-937397,train
gossipcop-937403,train
gossipcop-937421,train
gossipcop-937433,train
gossipcop-937446,train
gossipcop-937466,train
gossipcop-937492,train
gossipcop-937507,train
gossipcop-937508,train
gossipcop-937533,train
gossipcop-937552,train
gossipcop-937564842,train
gossipcop-937598,train
gossipcop-937605,train
gossipcop-937620,train
gossipcop-937629,train
gossipcop-937633,train
gossipcop-937638,train
gossipcop-937641,train
gossipcop-937677,train
gossipcop-937703,train
gossipcop-937715,train
gossipcop-937727,train
gossipcop-937728,train
gossipcop-937729,train
gossipcop-937754,train
gossipcop-937768,train
gossipcop-937779,train
gossipcop-937793,train
gossipcop-937794282,train
gossipcop-937797,train
gossipcop-937800,train
gossipcop-937801,train
gossipcop-937808,train
gossipcop-937812,train
gossipcop-937819,train
gossipcop-937823,train
gossipcop-937824,train
gossipcop-937831,train
gossipcop-937841,train
gossipcop-937849,train
gossipcop-937876,train
gossipcop-9378793595,train
gossipcop-937885,train
gossipcop-937896,train
gossipcop-937905,train
gossipcop-937917,train
gossipcop-937928,train
gossipcop-937930,train
gossipcop-937935,train
gossipcop-937936,train
gossipcop-937960,train
gossipcop-937975,train
gossipcop-937985,train
gossipcop-937994,train
gossipcop-938011,train
gossipcop-938017,train
gossipcop-938027,train
gossipcop-938030,train
gossipcop-938046,train
gossipcop-938050,train
gossipcop-938053,train
gossipcop-938069,train
gossipcop-938074,train
gossipcop-938101,train
gossipcop-9381045575,train
gossipcop-938120,train
gossipcop-938121,train
gossipcop-938122,train
gossipcop-938123,train
gossipcop-938139,train
gossipcop-938162,train
gossipcop-938190,train
gossipcop-938205,train
gossipcop-938225,train
gossipcop-938233,train
gossipcop-938246,train
gossipcop-938250,train
gossipcop-938260,train
gossipcop-938277,train
gossipcop-938278,train
gossipcop-938285,train
gossipcop-938299,train
gossipcop-938303,train
gossipcop-938310,train
gossipcop-938320,train
gossipcop-938331,train
gossipcop-9383450863,train
gossipcop-938350,train
gossipcop-938361,train
gossipcop-938386,train
gossipcop-938392,train
gossipcop-938398,train
gossipcop-938421,train
gossipcop-938465,train
gossipcop-938467,train
gossipcop-938472,train
gossipcop-938483,train
gossipcop-938494,train
gossipcop-938506,train
gossipcop-938508,train
gossipcop-938509,train
gossipcop-938520,train
gossipcop-938524,train
gossipcop-938525,train
gossipcop-938538,train
gossipcop-938540,train
gossipcop-938596,train
gossipcop-938603,train
gossipcop-938610,train
gossipcop-938614,train
gossipcop-938647,train
gossipcop-938651,train
gossipcop-938655,train
gossipcop-938671,train
gossipcop-938678,train
gossipcop-938692,train
gossipcop-938696,train
gossipcop-938704,train
gossipcop-938705,train
gossipcop-938728,train
gossipcop-938736,train
gossipcop-938751,train
gossipcop-938760,train
gossipcop-938761,train
gossipcop-938766,train
gossipcop-938771,train
gossipcop-938801,train
gossipcop-938814,train
gossipcop-938815,train
gossipcop-938830,train
gossipcop-938833,train
gossipcop-938837,train
gossipcop-938843141,train
gossipcop-938852,train
gossipcop-938853,train
gossipcop-938895,train
gossipcop-938910,train
gossipcop-938917,train
gossipcop-938918,train
gossipcop-938924,train
gossipcop-938932,train
gossipcop-938933,train
gossipcop-938956,train
gossipcop-938971,train
gossipcop-938989,train
gossipcop-938993,train
gossipcop-938994,train
gossipcop-938999,train
gossipcop-939003,train
gossipcop-939025,train
gossipcop-939034,train
gossipcop-939057,train
gossipcop-939062,train
gossipcop-939088,train
gossipcop-939106,train
gossipcop-939107,train
gossipcop-939129,train
gossipcop-939131,train
gossipcop-939148,train
gossipcop-939165,train
gossipcop-939171,train
gossipcop-939185,train
gossipcop-939193,train
gossipcop-939231,train
gossipcop-939274,train
gossipcop-939284,train
gossipcop-939296,train
gossipcop-939298,train
gossipcop-939303,train
gossipcop-939304,train
gossipcop-939305,train
gossipcop-939327,train
gossipcop-939328,train
gossipcop-939351,train
gossipcop-9393511092,train
gossipcop-939360,train
gossipcop-939371,train
gossipcop-939375,train
gossipcop-939466,train
gossipcop-939517,train
gossipcop-939547,train
gossipcop-939550,train
gossipcop-939565,train
gossipcop-939676,train
gossipcop-939721,train
gossipcop-939788,train
gossipcop-939807,train
gossipcop-939844,train
gossipcop-939870,train
gossipcop-939882,train
gossipcop-939922,train
gossipcop-939944,train
gossipcop-9399474939,train
gossipcop-939986,train
gossipcop-939990,train
gossipcop-939995,train
gossipcop-940000,train
gossipcop-940005,train
gossipcop-940006,train
gossipcop-940008,train
gossipcop-940021,train
gossipcop-940037,train
gossipcop-940039,train
gossipcop-940053,train
gossipcop-940077,train
gossipcop-940090,train
gossipcop-940097,train
gossipcop-940098,train
gossipcop-940117,train
gossipcop-940126,train
gossipcop-940127,train
gossipcop-940134,train
gossipcop-940135,train
gossipcop-940146,train
gossipcop-940156,train
gossipcop-940161,train
gossipcop-940180,train
gossipcop-940197,train
gossipcop-940198,train
gossipcop-940214,train
gossipcop-940226,train
gossipcop-9402304288,train
gossipcop-940234,train
gossipcop-940246,train
gossipcop-940257,train
gossipcop-940270,train
gossipcop-940280,train
gossipcop-940289,train
gossipcop-940295,train
gossipcop-940313,train
gossipcop-940317,train
gossipcop-940323,train
gossipcop-940328,train
gossipcop-940335,train
gossipcop-940337,train
gossipcop-940365,train
gossipcop-940370,train
gossipcop-940376,train
gossipcop-940386,train
gossipcop-940391,train
gossipcop-940392,train
gossipcop-940397,train
gossipcop-940414,train
gossipcop-940424,train
gossipcop-940425,train
gossipcop-940426,train
gossipcop-940440,train
gossipcop-940448,train
gossipcop-940453,train
gossipcop-940457,train
gossipcop-940458,train
gossipcop-940464,train
gossipcop-940498,train
gossipcop-940508,train
gossipcop-940520,train
gossipcop-940521,train
gossipcop-940533,train
gossipcop-940556,train
gossipcop-940557,train
gossipcop-940562,train
gossipcop-940571,train
gossipcop-940572,train
gossipcop-940582,train
gossipcop-940591,train
gossipcop-940600,train
gossipcop-940610,train
gossipcop-9406231872,train
gossipcop-940635,train
gossipcop-940642,train
gossipcop-940644,train
gossipcop-940660,train
gossipcop-940666,train
gossipcop-940668,train
gossipcop-940678,train
gossipcop-940686,train
gossipcop-940688,train
gossipcop-940693,train
gossipcop-940694,train
gossipcop-940707,train
gossipcop-940713,train
gossipcop-940724,train
gossipcop-940752,train
gossipcop-940763,train
gossipcop-940764,train
gossipcop-940786,train
gossipcop-940797,train
gossipcop-9408067324,train
gossipcop-940821,train
gossipcop-940829,train
gossipcop-940848,train
gossipcop-940857,train
gossipcop-940858,train
gossipcop-940878,train
gossipcop-940887,train
gossipcop-940906,train
gossipcop-940913,train
gossipcop-940914,train
gossipcop-940923,train
gossipcop-940924,train
gossipcop-940968,train
gossipcop-940975,train
gossipcop-940977,train
gossipcop-940978,train
gossipcop-940985,train
gossipcop-940986,train
gossipcop-940990,train
gossipcop-940997,train
gossipcop-941002,train
gossipcop-941004,train
gossipcop-941015,train
gossipcop-941019,train
gossipcop-941026,train
gossipcop-941042,train
gossipcop-941077,train
gossipcop-941084,train
gossipcop-941090,train
gossipcop-941114,train
gossipcop-941133,train
gossipcop-9411510997,train
gossipcop-941156,train
gossipcop-941159,train
gossipcop-941192,train
gossipcop-941206,train
gossipcop-941218,train
gossipcop-941235,train
gossipcop-941237,train
gossipcop-941239,train
gossipcop-9412456850,train
gossipcop-941287,train
gossipcop-941288,train
gossipcop-941289,train
gossipcop-941294,train
gossipcop-941324,train
gossipcop-941347,train
gossipcop-941348,train
gossipcop-941363,train
gossipcop-941374,train
gossipcop-941383,train
gossipcop-941398,train
gossipcop-941404,train
gossipcop-941408,train
gossipcop-941410,train
gossipcop-941429,train
gossipcop-941430,train
gossipcop-941453,train
gossipcop-941471,train
gossipcop-941486,train
gossipcop-941490,train
gossipcop-941532,train
gossipcop-941558,train
gossipcop-941559,train
gossipcop-941569,train
gossipcop-941589,train
gossipcop-941614,train
gossipcop-941619,train
gossipcop-941634,train
gossipcop-941635,train
gossipcop-941636,train
gossipcop-941643,train
gossipcop-941651,train
gossipcop-941658,train
gossipcop-941659,train
gossipcop-941660,train
gossipcop-941661,train
gossipcop-941662,train
gossipcop-941666,train
gossipcop-941694,train
gossipcop-941695,train
gossipcop-941708,train
gossipcop-941712,train
gossipcop-941730,train
gossipcop-941737,train
gossipcop-941747,train
gossipcop-941755,train
gossipcop-941762,train
gossipcop-941777,train
gossipcop-941803,train
gossipcop-941805037,train
gossipcop-941809,train
gossipcop-941845,train
gossipcop-941884,train
gossipcop-941894,train
gossipcop-941895,train
gossipcop-941896,train
gossipcop-941914,train
gossipcop-941922,train
gossipcop-941924,train
gossipcop-941925,train
gossipcop-941930,train
gossipcop-941931,train
gossipcop-941939,train
gossipcop-941943,train
gossipcop-941952,train
gossipcop-941963,train
gossipcop-941976,train
gossipcop-941994,train
gossipcop-942004,train
gossipcop-942005,train
gossipcop-942009,train
gossipcop-942051,train
gossipcop-942059,train
gossipcop-942093,train
gossipcop-942097,train
gossipcop-942106,train
gossipcop-942114,train
gossipcop-942129,train
gossipcop-942131,train
gossipcop-942155,train
gossipcop-942156,train
gossipcop-942181,train
gossipcop-942199,train
gossipcop-942201,train
gossipcop-942217,train
gossipcop-942226,train
gossipcop-942230,train
gossipcop-942247,train
gossipcop-942251,train
gossipcop-942255,train
gossipcop-942263,train
gossipcop-942281,train
gossipcop-942288,train
gossipcop-942293,train
gossipcop-942302,train
gossipcop-942332,train
gossipcop-942333,train
gossipcop-942374,train
gossipcop-942383,train
gossipcop-942389,train
gossipcop-942393,train
gossipcop-942394,train
gossipcop-942396,train
gossipcop-942413,train
gossipcop-942421,train
gossipcop-942422,train
gossipcop-942426,train
gossipcop-9424432182,train
gossipcop-942461,train
gossipcop-942473,train
gossipcop-942487,train
gossipcop-942493,train
gossipcop-942513,train
gossipcop-942529,train
gossipcop-942530,train
gossipcop-942545,train
gossipcop-942562,train
gossipcop-942563,train
gossipcop-942608,train
gossipcop-942636,train
gossipcop-942637,train
gossipcop-942642,train
gossipcop-942656,train
gossipcop-942672,train
gossipcop-942679,train
gossipcop-942680,train
gossipcop-942686,train
gossipcop-942708,train
gossipcop-942727,train
gossipcop-942728,train
gossipcop-942731695,train
gossipcop-9427551247,train
gossipcop-942756,train
gossipcop-942771,train
gossipcop-942786,train
gossipcop-942788,train
gossipcop-9427889313,train
gossipcop-942801,train
gossipcop-942815,train
gossipcop-942817,train
gossipcop-942825,train
gossipcop-942826,train
gossipcop-942840,train
gossipcop-942855,train
gossipcop-942870,train
gossipcop-942876,train
gossipcop-942883,train
gossipcop-942884,train
gossipcop-942891,train
gossipcop-942893,train
gossipcop-942917,train
gossipcop-942919,train
gossipcop-942927,train
gossipcop-942943,train
gossipcop-942947,train
gossipcop-942951,train
gossipcop-942960,train
gossipcop-942978,train
gossipcop-942987,train
gossipcop-942988,train
gossipcop-943025,train
gossipcop-943033,train
gossipcop-943043,train
gossipcop-943044,train
gossipcop-9430581156,train
gossipcop-943092,train
gossipcop-943104,train
gossipcop-943106,train
gossipcop-943132,train
gossipcop-943144,train
gossipcop-943150,train
gossipcop-943155,train
gossipcop-943170,train
gossipcop-943196,train
gossipcop-943204,train
gossipcop-943222,train
gossipcop-943230,train
gossipcop-943236,train
gossipcop-943275,train
gossipcop-943279,train
gossipcop-943283,train
gossipcop-943284,train
gossipcop-943291,train
gossipcop-943314,train
gossipcop-943331,train
gossipcop-943332,train
gossipcop-943390,train
gossipcop-943405,train
gossipcop-943424,train
gossipcop-943432,train
gossipcop-943433,train
gossipcop-943445,train
gossipcop-943451,train
gossipcop-943464,train
gossipcop-943475,train
gossipcop-943476,train
gossipcop-943480,train
gossipcop-943487,train
gossipcop-943498,train
gossipcop-943507,train
gossipcop-943512,train
gossipcop-943513,train
gossipcop-943514,train
gossipcop-943527,train
gossipcop-943531,train
gossipcop-943538,train
gossipcop-943553,train
gossipcop-943575,train
gossipcop-943599,train
gossipcop-943600,train
gossipcop-943624,train
gossipcop-943631,train
gossipcop-943656,train
gossipcop-943664,train
gossipcop-943687,train
gossipcop-943691,train
gossipcop-943702,train
gossipcop-943720,train
gossipcop-943721,train
gossipcop-943735,train
gossipcop-943780,train
gossipcop-943835,train
gossipcop-943848,train
gossipcop-943849,train
gossipcop-943850,train
gossipcop-9438636824,train
gossipcop-943957,train
gossipcop-943959,train
gossipcop-943961,train
gossipcop-944000,train
gossipcop-944001,train
gossipcop-944038,train
gossipcop-944045,train
gossipcop-944046,train
gossipcop-944071,train
gossipcop-944082,train
gossipcop-944123,train
gossipcop-944134,train
gossipcop-944141,train
gossipcop-9441546672,train
gossipcop-944175,train
gossipcop-944180,train
gossipcop-944187,train
gossipcop-944202,train
gossipcop-944225,train
gossipcop-944227,train
gossipcop-944230,train
gossipcop-944231,train
gossipcop-944236,train
gossipcop-944274,train
gossipcop-944283,train
gossipcop-944284,train
gossipcop-944289,train
gossipcop-944315,train
gossipcop-944337,train
gossipcop-944339,train
gossipcop-944347,train
gossipcop-944348,train
gossipcop-944376,train
gossipcop-944383,train
gossipcop-944387,train
gossipcop-944391,train
gossipcop-944399,train
gossipcop-944410,train
gossipcop-944425,train
gossipcop-944437,train
gossipcop-944443,train
gossipcop-9444654745,train
gossipcop-944479,train
gossipcop-944485,train
gossipcop-944498,train
gossipcop-944517,train
gossipcop-944526,train
gossipcop-944543,train
gossipcop-944549,train
gossipcop-944574,train
gossipcop-944602,train
gossipcop-944617,train
gossipcop-944619,train
gossipcop-9446264931,train
gossipcop-944646,train
gossipcop-944669,train
gossipcop-944679,train
gossipcop-9446887225,train
gossipcop-944700,train
gossipcop-944726,train
gossipcop-944730,train
gossipcop-944734,train
gossipcop-944736,train
gossipcop-944745,train
gossipcop-944752,train
gossipcop-944760,train
gossipcop-944762,train
gossipcop-9447768564,train
gossipcop-944789,train
gossipcop-944799,train
gossipcop-944810,train
gossipcop-944811,train
gossipcop-944828,train
gossipcop-944829,train
gossipcop-944844,train
gossipcop-944849,train
gossipcop-944850,train
gossipcop-944858,train
gossipcop-944866,train
gossipcop-944876,train
gossipcop-944895,train
gossipcop-945003,train
gossipcop-945054,train
gossipcop-945106,train
gossipcop-945110,train
gossipcop-945150,train
gossipcop-945166,train
gossipcop-945167,train
gossipcop-945168,train
gossipcop-945172,train
gossipcop-945173,train
gossipcop-945189,train
gossipcop-945192,train
gossipcop-945207,train
gossipcop-9452075412,train
gossipcop-945217,train
gossipcop-945224,train
gossipcop-9452359326,train
gossipcop-945236,train
gossipcop-945245,train
gossipcop-945258,train
gossipcop-945259,train
gossipcop-945294,train
gossipcop-945295,train
gossipcop-945324,train
gossipcop-945325,train
gossipcop-945341,train
gossipcop-945353,train
gossipcop-945365,train
gossipcop-945396,train
gossipcop-945415,train
gossipcop-945425,train
gossipcop-945441,train
gossipcop-9454452528,train
gossipcop-945446,train
gossipcop-945473,train
gossipcop-945482,train
gossipcop-945498,train
gossipcop-945517,train
gossipcop-945518,train
gossipcop-945544,train
gossipcop-945556,train
gossipcop-9455717959,train
gossipcop-945580,train
gossipcop-945610,train
gossipcop-945620,train
gossipcop-945630,train
gossipcop-945642,train
gossipcop-945646542,train
gossipcop-945658,train
gossipcop-945663,train
gossipcop-945672,train
gossipcop-945700,train
gossipcop-945707,train
gossipcop-945713,train
gossipcop-945723,train
gossipcop-945727,train
gossipcop-945738,train
gossipcop-945740,train
gossipcop-945741,train
gossipcop-945764,train
gossipcop-945772,train
gossipcop-945832,train
gossipcop-945844,train
gossipcop-945850,train
gossipcop-9458505194,train
gossipcop-945851,train
gossipcop-945865,train
gossipcop-945881,train
gossipcop-945892,train
gossipcop-945923,train
gossipcop-945938,train
gossipcop-945947,train
gossipcop-945955,train
gossipcop-945981,train
gossipcop-945983,train
gossipcop-945996,train
gossipcop-945997,train
gossipcop-946000,train
gossipcop-946022,train
gossipcop-946024,train
gossipcop-946028,train
gossipcop-946029,train
gossipcop-946034,train
gossipcop-946035,train
gossipcop-946045,train
gossipcop-946066,train
gossipcop-9460765464,train
gossipcop-946095,train
gossipcop-946097,train
gossipcop-946100,train
gossipcop-946107,train
gossipcop-946160,train
gossipcop-946172,train
gossipcop-946177,train
gossipcop-946197,train
gossipcop-946219,train
gossipcop-946238,train
gossipcop-946247,train
gossipcop-946254,train
gossipcop-946270,train
gossipcop-946271,train
gossipcop-946296,train
gossipcop-946310,train
gossipcop-9463346213,train
gossipcop-946350,train
gossipcop-946351,train
gossipcop-946371,train
gossipcop-946373,train
gossipcop-946375,train
gossipcop-946387,train
gossipcop-946388,train
gossipcop-946392,train
gossipcop-946411,train
gossipcop-946419,train
gossipcop-946432,train
gossipcop-946459,train
gossipcop-946539,train
gossipcop-946546,train
gossipcop-946547,train
gossipcop-946548,train
gossipcop-946564,train
gossipcop-946594,train
gossipcop-946622,train
gossipcop-946623,train
gossipcop-946624,train
gossipcop-946631,train
gossipcop-946640,train
gossipcop-946651,train
gossipcop-946655,train
gossipcop-946664,train
gossipcop-946684,train
gossipcop-946696,train
gossipcop-946700,train
gossipcop-946708,train
gossipcop-946710,train
gossipcop-946711,train
gossipcop-946712,train
gossipcop-946720,train
gossipcop-946727,train
gossipcop-946740,train
gossipcop-946747,train
gossipcop-946759,train
gossipcop-946782,train
gossipcop-946786,train
gossipcop-946791,train
gossipcop-946799,train
gossipcop-946801,train
gossipcop-946812,train
gossipcop-9468126551,train
gossipcop-946816,train
gossipcop-946839,train
gossipcop-946850,train
gossipcop-946855,train
gossipcop-946856,train
gossipcop-946857,train
gossipcop-946861,train
gossipcop-946863,train
gossipcop-946864,train
gossipcop-946884,train
gossipcop-946919,train
gossipcop-946957,train
gossipcop-946961,train
gossipcop-946969,train
gossipcop-946989,train
gossipcop-947003,train
gossipcop-947009,train
gossipcop-947016,train
gossipcop-947027,train
gossipcop-947028,train
gossipcop-947034,train
gossipcop-947054,train
gossipcop-947060,train
gossipcop-947073,train
gossipcop-947117,train
gossipcop-947126,train
gossipcop-947146,train
gossipcop-947147,train
gossipcop-947176,train
gossipcop-947183,train
gossipcop-947191,train
gossipcop-947209,train
gossipcop-947210,train
gossipcop-947228,train
gossipcop-947241,train
gossipcop-947255,train
gossipcop-947259,train
gossipcop-947277,train
gossipcop-9472969256,train
gossipcop-947301,train
gossipcop-947302,train
gossipcop-947303,train
gossipcop-947318,train
gossipcop-947326,train
gossipcop-947336,train
gossipcop-947337,train
gossipcop-947365,train
gossipcop-947371,train
gossipcop-947385,train
gossipcop-947394,train
gossipcop-947405,train
gossipcop-947430,train
gossipcop-947437,train
gossipcop-947451,train
gossipcop-947456,train
gossipcop-947475,train
gossipcop-947476,train
gossipcop-947508,train
gossipcop-947513,train
gossipcop-947524,train
gossipcop-947524835,train
gossipcop-947547,train
gossipcop-947549,train
gossipcop-947555,train
gossipcop-947579,train
gossipcop-947591,train
gossipcop-947592,train
gossipcop-947657,train
gossipcop-947666,train
gossipcop-947671,train
gossipcop-947678,train
gossipcop-947679,train
gossipcop-947687,train
gossipcop-947709,train
gossipcop-9477146820,train
gossipcop-947717,train
gossipcop-947719,train
gossipcop-947766,train
gossipcop-947791,train
gossipcop-947811,train
gossipcop-947830,train
gossipcop-947855,train
gossipcop-947881619,train
gossipcop-947886,train
gossipcop-947887,train
gossipcop-947896,train
gossipcop-947901,train
gossipcop-947919,train
gossipcop-947930,train
gossipcop-947934,train
gossipcop-947939,train
gossipcop-947974,train
gossipcop-947983,train
gossipcop-947988,train
gossipcop-947989,train
gossipcop-948003,train
gossipcop-948015,train
gossipcop-948016,train
gossipcop-948028,train
gossipcop-948081,train
gossipcop-948083,train
gossipcop-948120,train
gossipcop-948124,train
gossipcop-948125,train
gossipcop-948140,train
gossipcop-948141,train
gossipcop-948163,train
gossipcop-948178,train
gossipcop-948229,train
gossipcop-948230,train
gossipcop-948267,train
gossipcop-948275,train
gossipcop-948276,train
gossipcop-948298,train
gossipcop-948299,train
gossipcop-948301,train
gossipcop-948327,train
gossipcop-948328,train
gossipcop-948329,train
gossipcop-948345,train
gossipcop-948349,train
gossipcop-948381,train
gossipcop-948385,train
gossipcop-948389,train
gossipcop-948400,train
gossipcop-948404,train
gossipcop-948412,train
gossipcop-948416,train
gossipcop-948420,train
gossipcop-948424,train
gossipcop-948428,train
gossipcop-948429,train
gossipcop-948434,train
gossipcop-948472,train
gossipcop-948494,train
gossipcop-948511,train
gossipcop-948515,train
gossipcop-948516,train
gossipcop-948523,train
gossipcop-948524,train
gossipcop-948553,train
gossipcop-948572,train
gossipcop-948573,train
gossipcop-948582,train
gossipcop-948596,train
gossipcop-948609,train
gossipcop-948633,train
gossipcop-948669,train
gossipcop-948670,train
gossipcop-948691,train
gossipcop-948705,train
gossipcop-948708,train
gossipcop-9487142116,train
gossipcop-948756,train
gossipcop-948787,train
gossipcop-948814,train
gossipcop-948822,train
gossipcop-948823,train
gossipcop-948862,train
gossipcop-948869,train
gossipcop-948879,train
gossipcop-948881,train
gossipcop-948896,train
gossipcop-9489003614,train
gossipcop-948918,train
gossipcop-948927,train
gossipcop-948940,train
gossipcop-948951,train
gossipcop-948967,train
gossipcop-948968,train
gossipcop-948969,train
gossipcop-948971,train
gossipcop-948994,train
gossipcop-949019,train
gossipcop-949043,train
gossipcop-949056,train
gossipcop-949058,train
gossipcop-949099,train
gossipcop-949107,train
gossipcop-949110,train
gossipcop-949141,train
gossipcop-949147,train
gossipcop-949177,train
gossipcop-949184,train
gossipcop-94922652,train
gossipcop-949272,train
gossipcop-949316,train
gossipcop-949327,train
gossipcop-949333,train
gossipcop-949365,train
gossipcop-949381,train
gossipcop-949417,train
gossipcop-949421,train
gossipcop-949426,train
gossipcop-949445,train
gossipcop-949462,train
gossipcop-949501,train
gossipcop-949524,train
gossipcop-949525,train
gossipcop-9495293228,train
gossipcop-949537,train
gossipcop-9495394238,train
gossipcop-949547,train
gossipcop-949562,train
gossipcop-949572,train
gossipcop-949585,train
gossipcop-949587,train
gossipcop-949615,train
gossipcop-949641,train
gossipcop-949642,train
gossipcop-9496768130,train
gossipcop-949753,train
gossipcop-9498633927,train
gossipcop-949879,train
gossipcop-949890,train
gossipcop-949891,train
gossipcop-949908,train
gossipcop-949910,train
gossipcop-949949,train
gossipcop-949961,train
gossipcop-949987,train
gossipcop-949995,train
gossipcop-950006,train
gossipcop-950007,train
gossipcop-950008,train
gossipcop-950012,train
gossipcop-9500154510,train
gossipcop-950022,train
gossipcop-950023,train
gossipcop-950030,train
gossipcop-950056,train
gossipcop-950061,train
gossipcop-950070,train
gossipcop-950121,train
gossipcop-950204,train
gossipcop-9502187487,train
gossipcop-950227,train
gossipcop-950231,train
gossipcop-950235,train
gossipcop-950242,train
gossipcop-950249,train
gossipcop-950260,train
gossipcop-950280,train
gossipcop-950294,train
gossipcop-9503033881,train
gossipcop-950312,train
gossipcop-9503284683,train
gossipcop-950375,train
gossipcop-950398,train
gossipcop-950399,train
gossipcop-950400,train
gossipcop-950408,train
gossipcop-950414,train
gossipcop-950415,train
gossipcop-950451,train
gossipcop-950455,train
gossipcop-950460,train
gossipcop-950495,train
gossipcop-950519,train
gossipcop-950520,train
gossipcop-950557,train
gossipcop-950586,train
gossipcop-950592,train
gossipcop-950605,train
gossipcop-950614,train
gossipcop-950618,train
gossipcop-950619,train
gossipcop-950638,train
gossipcop-950660,train
gossipcop-950668,train
gossipcop-950672,train
gossipcop-950674,train
gossipcop-950675,train
gossipcop-950681,train
gossipcop-950692,train
gossipcop-950717,train
gossipcop-9507197017,train
gossipcop-9507309467,train
gossipcop-950748,train
gossipcop-950749,train
gossipcop-9507609004,train
gossipcop-950767,train
gossipcop-950778,train
gossipcop-950782,train
gossipcop-950783,train
gossipcop-950784,train
gossipcop-950799,train
gossipcop-9508067313,train
gossipcop-950820,train
gossipcop-950821,train
gossipcop-950876,train
gossipcop-950895,train
gossipcop-950897,train
gossipcop-950901,train
gossipcop-950908,train
gossipcop-950940,train
gossipcop-950945,train
gossipcop-950946,train
gossipcop-950953,train
gossipcop-950963,train
gossipcop-950964,train
gossipcop-950985,train
gossipcop-950993,train
gossipcop-951003,train
gossipcop-951008,train
gossipcop-951012,train
gossipcop-951030,train
gossipcop-951046,train
gossipcop-951047,train
gossipcop-951056,train
gossipcop-951088,train
gossipcop-951090,train
gossipcop-951093,train
gossipcop-951094,train
gossipcop-951096,train
gossipcop-951127,train
gossipcop-951133,train
gossipcop-951156,train
gossipcop-951166,train
gossipcop-951175,train
gossipcop-9512010965,train
gossipcop-951212,train
gossipcop-9512231101,train
gossipcop-951226,train
gossipcop-951227,train
gossipcop-951234,train
gossipcop-951252,train
gossipcop-951259,train
gossipcop-951261,train
gossipcop-951284,train
gossipcop-951297,train
gossipcop-951329,train
gossipcop-951338,train
gossipcop-951347,train
gossipcop-951370,train
gossipcop-951380,train
gossipcop-951392,train
gossipcop-951393,train
gossipcop-951401,train
gossipcop-951409,train
gossipcop-951414,train
gossipcop-951428,train
gossipcop-951468,train
gossipcop-951472,train
gossipcop-951476,train
gossipcop-951477,train
gossipcop-951479,train
gossipcop-951504,train
gossipcop-951505,train
gossipcop-951510,train
gossipcop-951521,train
gossipcop-951533,train
gossipcop-951547,train
gossipcop-951548,train
gossipcop-951559,train
gossipcop-951560,train
gossipcop-951568,train
gossipcop-951569,train
gossipcop-951574,train
gossipcop-951618,train
gossipcop-951645,train
gossipcop-951650153,train
gossipcop-951651,train
gossipcop-951657,train
gossipcop-951658,train
gossipcop-951660346,train
gossipcop-951661,train
gossipcop-951681,train
gossipcop-9516933793,train
gossipcop-951708,train
gossipcop-951724,train
gossipcop-951738,train
gossipcop-951740,train
gossipcop-951768,train
gossipcop-951770,train
gossipcop-951827,train
gossipcop-951832,train
gossipcop-951845,train
gossipcop-951846,train
gossipcop-951864,train
gossipcop-951868,train
gossipcop-951872,train
gossipcop-951873,train
gossipcop-951880,train
gossipcop-951887,train
gossipcop-951894,train
gossipcop-951906,train
gossipcop-951928,train
gossipcop-951940,train
gossipcop-951950,train
gossipcop-951956357,train
gossipcop-951962,train
gossipcop-951970,train
gossipcop-951981,train
gossipcop-951985,train
gossipcop-951997,train
gossipcop-952009,train
gossipcop-952021,train
gossipcop-952041,train
gossipcop-952051,train
gossipcop-952055476,train
gossipcop-9520738949,train
gossipcop-952085,train
gossipcop-952112,train
gossipcop-952122,train
gossipcop-952139,train
gossipcop-952140,train
gossipcop-952154,train
gossipcop-9521617242,train
gossipcop-952176,train
gossipcop-952177,train
gossipcop-952179,train
gossipcop-952189,train
gossipcop-952197,train
gossipcop-952199,train
gossipcop-952215,train
gossipcop-952240,train
gossipcop-952241,train
gossipcop-952253,train
gossipcop-952254,train
gossipcop-952271,train
gossipcop-952284,train
gossipcop-952289,train
gossipcop-952297,train
gossipcop-952310,train
gossipcop-9523139225,train
gossipcop-952316,train
gossipcop-952332,train
gossipcop-952334,train
gossipcop-952375,train
gossipcop-952396,train
gossipcop-952411,train
gossipcop-952419,train
gossipcop-952442,train
gossipcop-952443,train
gossipcop-952451,train
gossipcop-952458,train
gossipcop-952466,train
gossipcop-952494,train
gossipcop-952515,train
gossipcop-952534,train
gossipcop-952547,train
gossipcop-952583,train
gossipcop-952590,train
gossipcop-952597,train
gossipcop-952598,train
gossipcop-952630,train
gossipcop-952634,train
gossipcop-9526457926,train
gossipcop-952646,train
gossipcop-952664,train
gossipcop-952666,train
gossipcop-952668,train
gossipcop-952698,train
gossipcop-9527038401,train
gossipcop-952733,train
gossipcop-952734,train
gossipcop-952742,train
gossipcop-952744,train
gossipcop-952757,train
gossipcop-952758,train
gossipcop-9527596713,train
gossipcop-952775,train
gossipcop-952780,train
gossipcop-952826,train
gossipcop-952833,train
gossipcop-952840,train
gossipcop-952847,train
gossipcop-952865,train
gossipcop-952869,train
gossipcop-952883,train
gossipcop-952921,train
gossipcop-952927,train
gossipcop-952929,train
gossipcop-952933,train
gossipcop-952940,train
gossipcop-952946,train
gossipcop-952953,train
gossipcop-952967,train
gossipcop-952976,train
gossipcop-952985,train
gossipcop-953005,train
gossipcop-953006,train
gossipcop-953010,train
gossipcop-953011,train
gossipcop-953042,train
gossipcop-953043,train
gossipcop-953058,train
gossipcop-953074,train
gossipcop-953092,train
gossipcop-953094,train
gossipcop-953107,train
gossipcop-953115,train
gossipcop-953122,train
gossipcop-953132,train
gossipcop-953143,train
gossipcop-953144,train
gossipcop-953162,train
gossipcop-953183,train
gossipcop-953188,train
gossipcop-953190,train
gossipcop-953191,train
gossipcop-953196,train
gossipcop-953211,train
gossipcop-953213,train
gossipcop-953226,train
gossipcop-953242,train
gossipcop-953252,train
gossipcop-953253,train
gossipcop-953262,train
gossipcop-953279,train
gossipcop-953282,train
gossipcop-953283,train
gossipcop-953319,train
gossipcop-953320,train
gossipcop-953347,train
gossipcop-953348,train
gossipcop-953352,train
gossipcop-953353,train
gossipcop-953354,train
gossipcop-953359,train
gossipcop-953364,train
gossipcop-953368,train
gossipcop-953369,train
gossipcop-9533806331,train
gossipcop-953389,train
gossipcop-953393,train
gossipcop-953416,train
gossipcop-953442,train
gossipcop-953460,train
gossipcop-953474,train
gossipcop-953481,train
gossipcop-953485,train
gossipcop-953486,train
gossipcop-953528,train
gossipcop-953532,train
gossipcop-953541,train
gossipcop-953546,train
gossipcop-953559,train
gossipcop-953562,train
gossipcop-953563,train
gossipcop-953564,train
gossipcop-953576,train
gossipcop-953582,train
gossipcop-953594,train
gossipcop-953600,train
gossipcop-953610,train
gossipcop-953629,train
gossipcop-953643,train
gossipcop-953656,train
gossipcop-953662,train
gossipcop-953672,train
gossipcop-953682,train
gossipcop-953701,train
gossipcop-953702,train
gossipcop-953706,train
gossipcop-953710,train
gossipcop-953720,train
gossipcop-953721,train
gossipcop-953746,train
gossipcop-953750,train
gossipcop-953757,train
gossipcop-953758,train
gossipcop-953768,train
gossipcop-953785,train
gossipcop-953806,train
gossipcop-953807,train
gossipcop-953814,train
gossipcop-953836,train
gossipcop-953837,train
gossipcop-953841,train
gossipcop-953870,train
gossipcop-953887,train
gossipcop-953891,train
gossipcop-953918,train
gossipcop-953933,train
gossipcop-953935,train
gossipcop-953942,train
gossipcop-953943,train
gossipcop-953954,train
gossipcop-953958,train
gossipcop-953962,train
gossipcop-953966,train
gossipcop-953973,train
gossipcop-953977,train
gossipcop-953981,train
gossipcop-953994,train
gossipcop-953998,train
gossipcop-954007,train
gossipcop-954009,train
gossipcop-954041,train
gossipcop-9540461530,train
gossipcop-954063,train
gossipcop-954079,train
gossipcop-954096,train
gossipcop-954097,train
gossipcop-954105,train
gossipcop-954111,train
gossipcop-954116,train
gossipcop-9541171035,train
gossipcop-9541238456,train
gossipcop-954129,train
gossipcop-954134,train
gossipcop-954150,train
gossipcop-954151,train
gossipcop-954156,train
gossipcop-954167,train
gossipcop-954173,train
gossipcop-954194,train
gossipcop-954219,train
gossipcop-954259,train
gossipcop-954260,train
gossipcop-954261,train
gossipcop-954269,train
gossipcop-9542987813,train
gossipcop-954308,train
gossipcop-954309,train
gossipcop-954314,train
gossipcop-954331,train
gossipcop-954371,train
gossipcop-954381,train
gossipcop-954390,train
gossipcop-954397,train
gossipcop-954407,train
gossipcop-954418,train
gossipcop-954420,train
gossipcop-954430,train
gossipcop-9544512911,train
gossipcop-954462,train
gossipcop-954463,train
gossipcop-9544662825,train
gossipcop-9544688732,train
gossipcop-954481,train
gossipcop-954483,train
gossipcop-954484,train
gossipcop-954515,train
gossipcop-9545318801,train
gossipcop-954568,train
gossipcop-954569,train
gossipcop-954574,train
gossipcop-9545964925,train
gossipcop-954602,train
gossipcop-954603,train
gossipcop-954616,train
gossipcop-954634,train
gossipcop-954635,train
gossipcop-954647,train
gossipcop-954648,train
gossipcop-954652,train
gossipcop-954659,train
gossipcop-954663,train
gossipcop-954667,train
gossipcop-954674,train
gossipcop-954681,train
gossipcop-954682,train
gossipcop-954700,train
gossipcop-954703,train
gossipcop-954716,train
gossipcop-954723,train
gossipcop-954730,train
gossipcop-954735,train
gossipcop-954736,train
gossipcop-954761,train
gossipcop-954777,train
gossipcop-954794,train
gossipcop-954811,train
gossipcop-954818,train
gossipcop-954826,train
gossipcop-954827,train
gossipcop-954835,train
gossipcop-954836,train
gossipcop-954856,train
gossipcop-954857,train
gossipcop-954859,train
gossipcop-954875,train
gossipcop-954894,train
gossipcop-954901,train
gossipcop-954906,train
gossipcop-954909,train
gossipcop-954914,train
gossipcop-9549141292,train
gossipcop-954940,train
gossipcop-954941,train
gossipcop-954946,train
gossipcop-954954,train
gossipcop-954995,train
gossipcop-954999,train
gossipcop-955008,train
gossipcop-955009,train
gossipcop-955023,train
gossipcop-955050,train
gossipcop-955057,train
gossipcop-955061,train
gossipcop-955066,train
gossipcop-955068,train
gossipcop-9550802520,train
gossipcop-955082,train
gossipcop-955090,train
gossipcop-955091,train
gossipcop-955117,train
gossipcop-955119,train
gossipcop-955126,train
gossipcop-955138,train
gossipcop-955142,train
gossipcop-955157,train
gossipcop-955159,train
gossipcop-955186,train
gossipcop-955191,train
gossipcop-955193,train
gossipcop-955197,train
gossipcop-955216,train
gossipcop-955221,train
gossipcop-955262,train
gossipcop-955278,train
gossipcop-955286,train
gossipcop-955293,train
gossipcop-955294,train
gossipcop-955301,train
gossipcop-955312,train
gossipcop-9553363490,train
gossipcop-955339,train
gossipcop-955341,train
gossipcop-955345,train
gossipcop-955353,train
gossipcop-955370,train
gossipcop-955383,train
gossipcop-955385,train
gossipcop-955398,train
gossipcop-955402,train
gossipcop-955407,train
gossipcop-955414,train
gossipcop-955423,train
gossipcop-955433,train
gossipcop-955437,train
gossipcop-955438,train
gossipcop-955444,train
gossipcop-955454,train
gossipcop-955470,train
gossipcop-955483,train
gossipcop-955526,train
gossipcop-955542,train
gossipcop-955569,train
gossipcop-955577,train
gossipcop-955582,train
gossipcop-955593,train
gossipcop-9555947062,train
gossipcop-955626,train
gossipcop-955627,train
gossipcop-955668,train
gossipcop-955692,train
gossipcop-955693,train
gossipcop-955706,train
gossipcop-955715,train
gossipcop-955731,train
gossipcop-955753,train
gossipcop-955759,train
gossipcop-955764,train
gossipcop-955765,train
gossipcop-955779,train
gossipcop-955783,train
gossipcop-955791,train
gossipcop-955804,train
gossipcop-955808,train
gossipcop-955812,train
gossipcop-955821,train
gossipcop-955826,train
gossipcop-955836,train
gossipcop-955845,train
gossipcop-955853,train
gossipcop-955857,train
gossipcop-955861,train
gossipcop-955870,train
gossipcop-955875,train
gossipcop-955886,train
gossipcop-955887,train
gossipcop-955894,train
gossipcop-955939,train
gossipcop-9559428298,train
gossipcop-955948,train
gossipcop-955949,train
gossipcop-955964,train
gossipcop-955965,train
gossipcop-955970,train
gossipcop-955979,train
gossipcop-955985,train
gossipcop-955986,train
gossipcop-955991,train
gossipcop-955997,train
gossipcop-956010,train
gossipcop-956021,train
gossipcop-956038,train
gossipcop-956049,train
gossipcop-956070,train
gossipcop-956072,train
gossipcop-956093,train
gossipcop-956128,train
gossipcop-9562033469,train
gossipcop-9564340701,train
gossipcop-9564456032,train
gossipcop-9566577328,train
gossipcop-9568572354,train
gossipcop-9569985999,train
gossipcop-9576408647,train
gossipcop-9578489765,train
gossipcop-9579681666,train
gossipcop-9581448401,train
gossipcop-9588339534,train
gossipcop-958858124,train
gossipcop-9592645513,train
gossipcop-9604571678,train
gossipcop-9612053767,train
gossipcop-9616140776,train
gossipcop-9619738313,train
gossipcop-9620918411,train
gossipcop-9621573530,train
gossipcop-9621883806,train
gossipcop-9622956428,train
gossipcop-9623729192,train
gossipcop-9627008778,train
gossipcop-9628268223,train
gossipcop-9628489698,train
gossipcop-9628763830,train
gossipcop-9631457857,train
gossipcop-9631791734,train
gossipcop-9632038131,train
gossipcop-9632959693,train
gossipcop-9633211024,train
gossipcop-9636141965,train
gossipcop-9637093116,train
gossipcop-9639030559,train
gossipcop-9639077061,train
gossipcop-9639469508,train
gossipcop-9641079967,train
gossipcop-9646723491,train
gossipcop-9650269391,train
gossipcop-9651389426,train
gossipcop-9655844991,train
gossipcop-9657718393,train
gossipcop-9658632569,train
gossipcop-9659734933,train
gossipcop-9660207460,train
gossipcop-9662783124,train
gossipcop-9666073770,train
gossipcop-9666581710,train
gossipcop-966836914,train
gossipcop-9668863370,train
gossipcop-967291458,train
gossipcop-9674254373,train
gossipcop-9674745872,train
gossipcop-9688342047,train
gossipcop-9691355922,train
gossipcop-9699315351,train
gossipcop-9704751491,train
gossipcop-9706837555,train
gossipcop-9708107355,train
gossipcop-9711445957,train
gossipcop-9712091111,train
gossipcop-9713275683,train
gossipcop-9716230263,train
gossipcop-9717323243,train
gossipcop-9717771437,train
gossipcop-9718784854,train
gossipcop-971921890,train
gossipcop-9721791122,train
gossipcop-9721947560,train
gossipcop-9727779952,train
gossipcop-9729699482,train
gossipcop-9732770662,train
gossipcop-9737431196,train
gossipcop-9737723367,train
gossipcop-9740483458,train
gossipcop-9742496952,train
gossipcop-9746539314,train
gossipcop-9746788878,train
gossipcop-9746890701,train
gossipcop-9750435466,train
gossipcop-9754080475,train
gossipcop-9754111525,train
gossipcop-9754344080,train
gossipcop-9755892564,train
gossipcop-9757246280,train
gossipcop-9757300282,train
gossipcop-9759059517,train
gossipcop-9760956844,train
gossipcop-9762976980,train
gossipcop-976775169,train
gossipcop-976889623,train
gossipcop-9770645166,train
gossipcop-9772762855,train
gossipcop-9781131395,train
gossipcop-9781205099,train
gossipcop-9785680110,train
gossipcop-978739520,train
gossipcop-978960567,train
gossipcop-9790680581,train
gossipcop-9797842341,train
gossipcop-9798099264,train
gossipcop-979982150,train
gossipcop-9800211975,train
gossipcop-9803355507,train
gossipcop-9808537193,train
gossipcop-9811720113,train
gossipcop-9814429794,train
gossipcop-9815439374,train
gossipcop-9817393246,train
gossipcop-9821554836,train
gossipcop-9832756908,train
gossipcop-9833718266,train
gossipcop-9834755902,train
gossipcop-9837234192,train
gossipcop-9838996716,train
gossipcop-9839314781,train
gossipcop-9842700738,train
gossipcop-9843277966,train
gossipcop-9847720386,train
gossipcop-9848045916,train
gossipcop-9852856645,train
gossipcop-9852868069,train
gossipcop-9855199119,train
gossipcop-9857167673,train
gossipcop-9858685459,train
gossipcop-986281088,train
gossipcop-9866635777,train
gossipcop-9866974956,train
gossipcop-9870771160,train
gossipcop-9871580433,train
gossipcop-9874240256,train
gossipcop-9878194459,train
gossipcop-9879691081,train
gossipcop-9880808244,train
gossipcop-9881190298,train
gossipcop-9881862952,train
gossipcop-988336091,train
gossipcop-9886828867,train
gossipcop-9897229740,train
gossipcop-9897418113,train
gossipcop-9901651572,train
gossipcop-9904513008,train
gossipcop-9905143937,train
gossipcop-9907755425,train
gossipcop-9912453454,train
gossipcop-9915756659,train
gossipcop-9919498974,train
gossipcop-9926120474,train
gossipcop-9926365246,train
gossipcop-9927326157,train
gossipcop-9928044092,train
gossipcop-9929249128,train
gossipcop-9931783040,train
gossipcop-9934318467,train
gossipcop-9937438668,train
gossipcop-9938144731,train
gossipcop-9938603260,train
gossipcop-9938984303,train
gossipcop-9940338306,train
gossipcop-994194865,train
gossipcop-994232799,train
gossipcop-994450447,train
gossipcop-9948331567,train
gossipcop-9948642977,train
gossipcop-9950069387,train
gossipcop-9950542678,train
gossipcop-9952496143,train
gossipcop-9952783842,train
gossipcop-9954676206,train
gossipcop-9955703756,train
gossipcop-9958256661,train
gossipcop-9959829645,train
gossipcop-9962469348,train
gossipcop-9963883871,train
gossipcop-9966731044,train
gossipcop-9967416540,train
gossipcop-9970966071,train
gossipcop-9971833067,train
gossipcop-9972057370,train
gossipcop-9972876875,train
gossipcop-9972962159,train
gossipcop-9973153835,train
gossipcop-9974066324,train
gossipcop-9976380247,train
gossipcop-9978570585,train
gossipcop-9981644007,train
gossipcop-9983683681,train
gossipcop-9983761608,train
gossipcop-9985800337,train
gossipcop-9986525919,train
gossipcop-9989228665,train
gossipcop-9994438576,train
politifact100,train
politifact1013,train
politifact1014,train
politifact10185,train
politifact1019,train
politifact10209,train
politifact1026,train
politifact1027,train
politifact10276,train
politifact1028,train
politifact10332,train
politifact10348,train
politifact10371,train
politifact1038,train
politifact104,train
politifact1040,train
politifact10408,train
politifact10413,train
politifact10423,train
politifact1047,train
politifact1051,train
politifact1052,train
politifact1053,train
politifact10533,train
politifact106,train
politifact1063,train
politifact1067,train
politifact1068,train
politifact10731,train
politifact10787,train
politifact1084,train
politifact10877,train
politifact10889,train
politifact10903,train
politifact10945,train
politifact11021,train
politifact1106,train
politifact11066,train
politifact11072,train
politifact11115,train
politifact1118,train
politifact11189,train
politifact11191,train
politifact11208,train
politifact11294,train
politifact1130,train
politifact11314,train
politifact1135,train
politifact11399,train
politifact114,train
politifact1140,train
politifact11416,train
politifact1143,train
politifact11552,train
politifact11577,train
politifact11580,train
politifact1161,train
politifact11627,train
politifact11699,train
politifact11709,train
politifact11711,train
politifact11747,train
politifact1176,train
politifact11761,train
politifact1177,train
politifact11770,train
politifact11773,train
politifact11777,train
politifact118,train
politifact1180,train
politifact1185,train
politifact11855,train
politifact11882,train
politifact11899,train
politifact11931,train
politifact11960,train
politifact11989,train
politifact1199,train
politifact120,train
politifact1201,train
politifact12017,train
politifact1202,train
politifact1204,train
politifact12052,train
politifact12057,train
politifact12070,train
politifact12079,train
politifact12104,train
politifact1212,train
politifact12120,train
politifact1213,train
politifact12148,train
politifact1216,train
politifact12294,train
politifact12411,train
politifact12418,train
politifact12486,train
politifact1251,train
politifact1255,train
politifact12556,train
politifact1256,train
politifact12587,train
politifact12627,train
politifact12721,train
politifact12748,train
politifact12751,train
politifact12755,train
politifact1277,train
politifact12770,train
politifact12773,train
politifact1279,train
politifact128,train
politifact12801,train
politifact1281,train
politifact129,train
politifact12924,train
politifact12944,train
politifact12945,train
politifact13013,train
politifact13038,train
politifact13052,train
politifact13058,train
politifact13068,train
politifact1307,train
politifact13087,train
politifact1312,train
politifact1313,train
politifact13130,train
politifact13132,train
politifact13136,train
politifact13138,train
politifact1314,train
politifact1315,train
politifact13193,train
politifact13226,train
politifact13229,train
politifact13244,train
politifact1325,train
politifact13260,train
politifact13283,train
politifact13303,train
politifact13305,train
politifact13310,train
politifact1333,train
politifact13352,train
politifact1337,train
politifact13395,train
politifact134,train
politifact13420,train
politifact13431,train
politifact13443,train
politifact13467,train
politifact13468,train
politifact13469,train
politifact13475,train
politifact13477,train
politifact13484,train
politifact13496,train
politifact1350,train
politifact13501,train
politifact13515,train
politifact13541,train
politifact13544,train
politifact13548,train
politifact13557,train
politifact13559,train
politifact13560,train
politifact13561,train
politifact13565,train
politifact13570,train
politifact13576,train
politifact13577,train
politifact13584,train
politifact13589,train
politifact13591,train
politifact13593,train
politifact13600,train
politifact13601,train
politifact13608,train
politifact1361,train
politifact13617,train
politifact13619,train
politifact13663,train
politifact13677,train
politifact13682,train
politifact13687,train
politifact13698,train
politifact13703,train
politifact13711,train
politifact13720,train
politifact13724,train
politifact13731,train
politifact13744,train
politifact13745,train
politifact13747,train
politifact1375,train
politifact13751,train
politifact13764,train
politifact13765,train
politifact13766,train
politifact13771,train
politifact13773,train
politifact13775,train
politifact13784,train
politifact13794,train
politifact13806,train
politifact13807,train
politifact13815,train
politifact13816,train
politifact13820,train
politifact13823,train
politifact13827,train
politifact13833,train
politifact13836,train
politifact13853,train
politifact13854,train
politifact13855,train
politifact13887,train
politifact13893,train
politifact13897,train
politifact13900,train
politifact13905,train
politifact13912,train
politifact13913,train
politifact13919,train
politifact13921,train
politifact13924,train
politifact13929,train
politifact13931,train
politifact13934,train
politifact13936,train
politifact13942,train
politifact13943,train
politifact13949,train
politifact13955,train
politifact13957,train
politifact13973,train
politifact13978,train
politifact13982,train
politifact13987,train
politifact13999,train
politifact14003,train
politifact14005,train
politifact14008,train
politifact14021,train
politifact14026,train
politifact14036,train
politifact14040,train
politifact14043,train
politifact14051,train
politifact14052,train
politifact14062,train
politifact14063,train
politifact14064,train
politifact14070,train
politifact14071,train
politifact14085,train
politifact14090,train
politifact14095,train
politifact14112,train
politifact14114,train
politifact14116,train
politifact14119,train
politifact14123,train
politifact14126,train
politifact14128,train
politifact14135,train
politifact14144,train
politifact14145,train
politifact14148,train
politifact14155,train
politifact14158,train
politifact14161,train
politifact14164,train
politifact14166,train
politifact14167,train
politifact14169,train
politifact14174,train
politifact14187,train
politifact14188,train
politifact1419,train
politifact14190,train
politifact14195,train
politifact14205,train
politifact14207,train
politifact14211,train
politifact14213,train
politifact14222,train
politifact14225,train
politifact14233,train
politifact14235,train
politifact14236,train
politifact14238,train
politifact1424,train
politifact14243,train
politifact14247,train
politifact14258,train
politifact14259,train
politifact14264,train
politifact14265,train
politifact14270,train
politifact14273,train
politifact14278,train
politifact14285,train
politifact14286,train
politifact14289,train
politifact14293,train
politifact14297,train
politifact14301,train
politifact14305,train
politifact14306,train
politifact14309,train
politifact14310,train
politifact14311,train
politifact14327,train
politifact14328,train
politifact14330,train
politifact14333,train
politifact14342,train
politifact1435,train
politifact14355,train
politifact14356,train
politifact1436,train
politifact14361,train
politifact14362,train
politifact14376,train
politifact14384,train
politifact14386,train
politifact14388,train
politifact14394,train
politifact14395,train
politifact14402,train
politifact14404,train
politifact14406,train
politifact14408,train
politifact14417,train
politifact1442,train
politifact14421,train
politifact14426,train
politifact14427,train
politifact14436,train
politifact14447,train
politifact14448,train
politifact14452,train
politifact14454,train
politifact1446,train
politifact14469,train
politifact14471,train
politifact14472,train
politifact14474,train
politifact14475,train
politifact14481,train
politifact14490,train
politifact14492,train
politifact14498,train
politifact14499,train
politifact14500,train
politifact14503,train
politifact14506,train
politifact14507,train
politifact14511,train
politifact14514,train
politifact14516,train
politifact14517,train
politifact14519,train
politifact14534,train
politifact1454,train
politifact14543,train
politifact14544,train
politifact14548,train
politifact14556,train
politifact14564,train
politifact14565,train
politifact14567,train
politifact14576,train
politifact14587,train
politifact14595,train
politifact14596,train
politifact14597,train
politifact14601,train
politifact14605,train
politifact14620,train
politifact14621,train
politifact14624,train
politifact14643,train
politifact14644,train
politifact1465,train
politifact14664,train
politifact14666,train
politifact14667,train
politifact14668,train
politifact1467,train
politifact14678,train
politifact14693,train
politifact14694,train
politifact14698,train
politifact14699,train
politifact14700,train
politifact14718,train
politifact14722,train
politifact14727,train
politifact14731,train
politifact14733,train
politifact14737,train
politifact14742,train
politifact14745,train
politifact14749,train
politifact14750,train
politifact14754,train
politifact14755,train
politifact14756,train
politifact14759,train
politifact14769,train
politifact14770,train
politifact14771,train
politifact14776,train
politifact14777,train
politifact14785,train
politifact14788,train
politifact14789,train
politifact14794,train
politifact14795,train
politifact14810,train
politifact14811,train
politifact14814,train
politifact14815,train
politifact14818,train
politifact14827,train
politifact14831,train
politifact14832,train
politifact14835,train
politifact14836,train
politifact14837,train
politifact14839,train
politifact14840,train
politifact14841,train
politifact14855,train
politifact14856,train
politifact14859,train
politifact14860,train
politifact14862,train
politifact14863,train
politifact14876,train
politifact14878,train
politifact14879,train
politifact1488,train
politifact14880,train
politifact14884,train
politifact14885,train
politifact14887,train
politifact14888,train
politifact14890,train
politifact14893,train
politifact14896,train
politifact14904,train
politifact14905,train
politifact14908,train
politifact14920,train
politifact14927,train
politifact14932,train
politifact14940,train
politifact14944,train
politifact14947,train
politifact14949,train
politifact14950,train
politifact14954,train
politifact14960,train
politifact14984,train
politifact14991,train
politifact14992,train
politifact14993,train
politifact14998,train
politifact150,train
politifact1500,train
politifact15004,train
politifact15014,train
politifact15017,train
politifact15018,train
politifact15030,train
politifact15031,train
politifact15037,train
politifact15046,train
politifact15048,train
politifact15049,train
politifact15052,train
politifact15095,train
politifact15096,train
politifact15097,train
politifact15100,train
politifact15108,train
politifact15109,train
politifact15123,train
politifact15129,train
politifact15130,train
politifact15133,train
politifact15135,train
politifact15137,train
politifact15138,train
politifact15141,train
politifact15146,train
politifact15147,train
politifact15156,train
politifact15158,train
politifact15159,train
politifact15161,train
politifact15164,train
politifact15175,train
politifact15178,train
politifact15187,train
politifact15188,train
politifact15189,train
politifact1519,train
politifact15190,train
politifact15191,train
politifact15201,train
politifact15204,train
politifact15205,train
politifact15206,train
politifact15207,train
politifact15208,train
politifact15210,train
politifact15217,train
politifact15224,train
politifact15232,train
politifact15241,train
politifact15242,train
politifact15246,train
politifact15251,train
politifact15256,train
politifact15262,train
politifact15263,train
politifact15266,train
politifact15267,train
politifact15268,train
politifact15270,train
politifact15271,train
politifact15280,train
politifact15287,train
politifact15291,train
politifact15292,train
politifact15294,train
politifact15298,train
politifact15301,train
politifact15304,train
politifact15307,train
politifact15309,train
politifact15319,train
politifact15327,train
politifact15331,train
politifact15334,train
politifact15341,train
politifact15342,train
politifact15347,train
politifact15349,train
politifact15352,train
politifact15354,train
politifact15355,train
politifact15356,train
politifact15360,train
politifact15362,train
politifact15367,train
politifact15368,train
politifact15370,train
politifact15371,train
politifact15379,train
politifact15383,train
politifact15386,train
politifact15398,train
politifact15399,train
politifact15401,train
politifact15402,train
politifact15404,train
politifact15409,train
politifact15416,train
politifact15418,train
politifact15419,train
politifact15423,train
politifact15427,train
politifact15429,train
politifact1545,train
politifact15453,train
politifact15456,train
politifact15475,train
politifact15477,train
politifact15482,train
politifact15486,train
politifact15487,train
politifact15492,train
politifact15494,train
politifact15501,train
politifact15505,train
politifact15512,train
politifact15514,train
politifact15525,train
politifact15532,train
politifact15533,train
politifact15534,train
politifact15539,train
politifact15540,train
politifact15544,train
politifact15545,train
politifact15553,train
politifact15554,train
politifact15562,train
politifact15564,train
politifact15570,train
politifact15573,train
politifact15579,train
politifact15584,train
politifact15591,train
politifact15592,train
politifact15599,train
politifact156,train
politifact1560,train
politifact15604,train
politifact15606,train
politifact15616,train
politifact15623,train
politifact15625,train
politifact15626,train
politifact15630,train
politifact15631,train
politifact15645,train
politifact15655,train
politifact1575,train
politifact1576,train
politifact160,train
politifact1612,train
politifact1614,train
politifact1624,train
politifact1678,train
politifact1690,train
politifact1701,train
politifact1714,train
politifact1731,train
politifact1741,train
politifact1755,train
politifact1770,train
politifact1779,train
politifact1783,train
politifact179,train
politifact181,train
politifact182,train
politifact1820,train
politifact1823,train
politifact1825,train
politifact186,train
politifact1866,train
politifact1892,train
politifact1899,train
politifact1924,train
politifact1949,train
politifact195,train
politifact20,train
politifact200,train
politifact201,train
politifact2013,train
politifact2019,train
politifact2028,train
politifact2048,train
politifact206,train
politifact207,train
politifact208,train
politifact2093,train
politifact211,train
politifact212,train
politifact2128,train
politifact2131,train
politifact2139,train
politifact214,train
politifact215,train
politifact216,train
politifact2166,train
politifact2205,train
politifact2208,train
politifact224,train
politifact2241,train
politifact2258,train
politifact227,train
politifact228,train
politifact2281,train
politifact229,train
politifact2298,train
politifact23,train
politifact230,train
politifact2318,train
politifact239,train
politifact2393,train
politifact2435,train
politifact245,train
politifact2450,train
politifact246,train
politifact247,train
politifact258,train
politifact2592,train
politifact2594,train
politifact261,train
politifact2624,train
politifact263,train
politifact2714,train
politifact2724,train
politifact2734,train
politifact2758,train
politifact276,train
politifact279,train
politifact2815,train
politifact2816,train
politifact2836,train
politifact285,train
politifact287,train
politifact288,train
politifact2881,train
politifact2943,train
politifact2959,train
politifact2964,train
politifact303,train
politifact304,train
politifact3050,train
politifact31,train
politifact310,train
politifact3113,train
politifact3115,train
politifact3117,train
politifact312,train
politifact3131,train
politifact315,train
politifact317,train
politifact3179,train
politifact3180,train
politifact319,train
politifact3192,train
politifact3198,train
politifact320,train
politifact3221,train
politifact3228,train
politifact323,train
politifact3251,train
politifact3281,train
politifact329,train
politifact3304,train
politifact3320,train
politifact333,train
politifact3335,train
politifact3341,train
politifact336,train
politifact339,train
politifact340,train
politifact341,train
politifact3428,train
politifact343,train
politifact3455,train
politifact3468,train
politifact348,train
politifact35,train
politifact351,train
politifact3527,train
politifact3539,train
politifact356,train
politifact357,train
politifact3581,train
politifact3584,train
politifact3632,train
politifact368,train
politifact3693,train
politifact370,train
politifact3731,train
politifact3734,train
politifact374,train
politifact377,train
politifact379,train
politifact384,train
politifact385,train
politifact3892,train
politifact3898,train
politifact390,train
politifact3919,train
politifact3935,train
politifact396,train
politifact3984,train
politifact401,train
politifact4028,train
politifact4069,train
politifact408,train
politifact4080,train
politifact4088,train
politifact409,train
politifact412,train
politifact4130,train
politifact414,train
politifact4177,train
politifact4181,train
politifact4190,train
politifact421,train
politifact423,train
politifact426,train
politifact4275,train
politifact429,train
politifact4291,train
politifact4306,train
politifact435,train
politifact4358,train
politifact4372,train
politifact438,train
politifact439,train
politifact440,train
politifact4411,train
politifact442,train
politifact4433,train
politifact445,train
politifact4451,train
politifact4555,train
politifact4586,train
politifact4588,train
politifact4591,train
politifact462,train
politifact463,train
politifact4634,train
politifact466,train
politifact4720,train
politifact4787,train
politifact4809,train
politifact4850,train
politifact4858,train
politifact486,train
politifact4875,train
politifact4879,train
politifact4887,train
politifact489,train
politifact4926,train
politifact495,train
politifact497,train
politifact498,train
politifact499,train
politifact5011,train
politifact502,train
politifact503,train
politifact509,train
politifact51,train
politifact512,train
politifact513,train
politifact514,train
politifact516,train
politifact52,train
politifact5237,train
politifact527,train
politifact5276,train
politifact528,train
politifact5321,train
politifact535,train
politifact537,train
politifact539,train
politifact5410,train
politifact542,train
politifact5439,train
politifact5447,train
politifact546,train
politifact5469,train
politifact548,train
politifact551,train
politifact554,train
politifact5608,train
politifact5632,train
politifact5659,train
politifact567,train
politifact568,train
politifact5690,train
politifact57,train
politifact574,train
politifact5778,train
politifact58,train
politifact581,train
politifact582,train
politifact586,train
politifact5868,train
politifact596,train
politifact599,train
politifact600,train
politifact608,train
politifact6089,train
politifact6146,train
politifact6173,train
politifact620,train
politifact621,train
politifact6234,train
politifact624,train
politifact6267,train
politifact627,train
politifact6277,train
politifact636,train
politifact6360,train
politifact6408,train
politifact642,train
politifact6472,train
politifact6473,train
politifact648,train
politifact649,train
politifact65,train
politifact651,train
politifact6519,train
politifact6537,train
politifact655,train
politifact6556,train
politifact659,train
politifact66,train
politifact6603,train
politifact6612,train
politifact6641,train
politifact6645,train
politifact6646,train
politifact6652,train
politifact6657,train
politifact667,train
politifact669,train
politifact671,train
politifact673,train
politifact6730,train
politifact674,train
politifact677,train
politifact679,train
politifact681,train
politifact683,train
politifact6831,train
politifact6842,train
politifact6871,train
politifact69,train
politifact690,train
politifact6907,train
politifact691,train
politifact6931,train
politifact6932,train
politifact6939,train
politifact695,train
politifact6998,train
politifact7,train
politifact700,train
politifact7182,train
politifact720,train
politifact724,train
politifact7258,train
politifact7259,train
politifact7293,train
politifact73,train
politifact736,train
politifact7376,train
politifact7390,train
politifact74,train
politifact740,train
politifact741,train
politifact746,train
politifact7489,train
politifact7506,train
politifact751,train
politifact7511,train
politifact7540,train
politifact756,train
politifact7563,train
politifact7595,train
politifact7618,train
politifact763,train
politifact7665,train
politifact7668,train
politifact7669,train
politifact769,train
politifact7714,train
politifact772,train
politifact773,train
politifact779,train
politifact780,train
politifact783,train
politifact785,train
politifact787,train
politifact7872,train
politifact7888,train
politifact7923,train
politifact7968,train
politifact8005,train
politifact8045,train
politifact806,train
politifact8069,train
politifact8071,train
politifact8085,train
politifact809,train
politifact810,train
politifact8118,train
politifact8119,train
politifact8130,train
politifact8152,train
politifact8172,train
politifact8221,train
politifact8227,train
politifact825,train
politifact8259,train
politifact8310,train
politifact834,train
politifact8371,train
politifact84,train
politifact8470,train
politifact8537,train
politifact8557,train
politifact86,train
politifact8611,train
politifact8621,train
politifact8629,train
politifact87,train
politifact8737,train
politifact8769,train
politifact8778,train
politifact8805,train
politifact8838,train
politifact8846,train
politifact8987,train
politifact8989,train
politifact8995,train
politifact9033,train
politifact906,train
politifact910,train
politifact9107,train
politifact914,train
politifact9151,train
politifact9196,train
politifact923,train
politifact926,train
politifact93,train
politifact934,train
politifact937,train
politifact938,train
politifact939,train
politifact943,train
politifact9438,train
politifact9442,train
politifact948,train
politifact95,train
politifact951,train
politifact9512,train
politifact954,train
politifact9576,train
politifact958,train
politifact959,train
politifact961,train
politifact9622,train
politifact966,train
politifact968,train
politifact9691,train
politifact9734,train
politifact975,train
politifact976,train
politifact979,train
politifact98,train
politifact9802,train
politifact986,train
politifact99,train
politifact997,train
politifact998,train
politifact999,train
