record_id,split
0000a263a20dd3f4,train
0001520831025175,train
00055f37f4c3da9b,train
0007218799bbf04f,train
000812071c98259c,train
0008a6dcc9ad666f,train
0009f61fcbd61858,train
000a69e2113530b8,train
000c59a80b1e8da1,train
000c7311f3fd7a07,train
000fd4e83a799bcd,train
0010ad2d76336140,train
001138267e809601,train
001196ca3835ff05,train
0015204ed788f736,train
0018de0a12a1fb64,train
0019e5401853ba58,train
001aa05718f08484,train
001ba9cf12e64f26,train
001eaf2762a0afa6,train
002173153b45f1c4,train
00224288545ccdc0,train
00227b2f3b9cd8b1,train
00258c70315a21e8,train
0026130870941539,train
002951e82c7fcbcf,train
002a8c6b0181a721,train
002bb2589321f36e,train
002e42c1ee55d774,train
0031e394e2df1afe,train
00338b527957c211,train
0038aaac79ca78c3,train
003ec56a374b6327,train
0042f89d8305883f,train
0044be3f438b28ee,train
0047ac8bb28c2d1e,train
0048017af0fa9ef2,train
00487822970c8d4c,train
0048c9246b7bafd7,train
004dcbea264c6fc6,train
004ee2df94063f16,train
005226d9280ce5cf,train
00528eabe606a645,train
00589b267bc0f3ed,train
0059b155b4a5cbbb,train
0059d64fd06d3069,train
005a1fe667a62321,train
005ba8d68d5900ab,train
0060da0fcd040096,train
00611a2ee2da1e7c,train
0064e5f3afd7f388,train
0066dbe8ea4f4ef9,train
006a6f82b727fc88,train
00714ea35e5c9f55,train
0072b103b7633a76,train
007728e6f3a8b899,train
007925f90acf39fb,train
00792f2e33f5495c,train
007bbe352b9d9352,train
0080c91b58dd1488,train
008368d060be59ce,train
008521214d7b263f,train
00854a689e636bc5,train
008671e6bcf042c9,train
0087119c3c3b33a4,train
008724a61fe910d0,train
008912ba8ca894ab,train
008ab13d6acd51ce,train
008d88d38ac05ce1,train
008e231046e6bb35,train
008e83f6b127e8da,train
00928c501cb97e81,train
0092fe55e8c25b96,train
0093dd4cb6d2f58b,train
0094a0545889847f,train
009724966d9fb1b3,train
0098f0a41faeb508,train
009b2929c183455b,train
00a1689f759ceb1f,train
00a316c9d7adacb8,train
00a54e0b48d01429,train
00ab93c3a90963b0,train
00ac35a89fe289d1,train
00acb753f3dc05a1,train
00adc77b8730dc9d,train
00af0beca8da87a7,train
00af7b3121794376,train
00b180add6bcf63b,train
00b1f0dbadddf459,train
00b1f4382214f1a9,train
00b6b67ee9ebe74c,train
00b6c81c6505bdb4,train
00b6eed1557ac741,train
00b7aaf467bf1c98,train
00b8104120566a31,train
00b8ce55fabbfcaa,train
00b984d2ca451006,train
00ba4ca078a93878,train
00bd27b48181b471,train
00c1c85c61ea9534,train
00c46e8c5635384a,train
00c46e8c5635384a-2,train
00c737a754e2116e,train
00c93203f7f7c1ac,train
00c9aabdc897646b,train
00cd5d429bee91c7,train
00cf6895390117ed,train
00d02326394e7da7,train
00d09f5e6a262e2e,train
00d1a4d0eafd0a33,train
00d1b702e80a26ee,train
00d3327b702d0475,train
00d90d5b6b907118,train
00db27cade47ea14,train
00df9a81fc9f2908,train
00e0f6bb619034d1,train
00e12481bd2f93a8,train
00e5bac7f89b90c3,train
00e7197835b08b9a,train
00e96c5788e5463f,train
00ecb17675ec6fe6,train
00ecf3f845abf715,train
00ed64a04150ea76,train
00eeea32da00523e,train
00ef2585fdcec33c,train
00efd208567d94c8,train
00efd208567d94c8-2,train
00efd208567d94c8-3,train
00efd208567d94c8-4,train
00efd208567d94c8-5,train
00f3bd4ae64559fb,train
00f3ce12dea06472,train
00f6cbd48a8a1c5c,train
00f809c58d5bc72d,train
00f82045f659f7f0,train
00f9011a991d43d2,train
00f9babcc2f4511d,train
00fda218798b1cef,train
00ff2e47ceba99bd,train
0102682a2898a55e,train
010529f0b9c42eb2,train
0106317d44905bb7,train
0106d50139bfe9f7,train
010779f8c17ee09e,train
0109075010e285d8,train
01090fe1b8e210f0,train
010b5d146e882030,train
010faf78e44a8c66,train
01112ca84d90f375,train
0111b7e8165e058b,train
01139726f7fbe229,train
0113cdfc63494766,train
011acecfad86c25d,train
011bd2234d7c77fa,train
011d2408c63ba3e6,train
011f8223d7c8a85f,train
011fb34f068e3242,train
012150b5fdc30c79,train
01252e50c9710d0a,train
0125fe565fd40570,train
012659ce7ebe518e,train
0126877b6bd83ec8,train
0127095d3774c9a8,train
012b4f834e0fd342,train
012b80fc06583652,train
012bd2be7be873ba,train
013051a5576a8d0a,train
0130f64d3cab7763,train
0133aad6e01b5d1b,train
013435f1f1c4eba3,train
01361e3af3547afd,train
0137810558f02122,train
013889ccc0214cd1,train
013a2264fc672ff4,train
013ca3bb25c490e6,train
013e883b7d1b47de,train
013e9d05d2ba7407,train
0140ba94e7b72930,train
01410c6777c73cf0,train
014582a2c88d5f7c,train
01482bbb9c6f4248,train
014868530efe6848,train
014a6159e92ae6f0,train
015062db98bb0060,train
0156faccd8953a39,train
01594563015cc2ef,train
015a1023efb8df22,train
015ec35f12bef799,train
015f500c01cd37f3,train
0160d0e653ba99a6,train
0162c89da6dd4e75,train
01696d50128a11a6,train
016a0c7286d6f220,train
016b725fa0baeb25,train
016e72434e86d0fd,train
0172bb89de50b8c4,train
01732e50f0acc3aa,train
01733bf8eb7a16d5,train
0173f47ca5d7e405,train
0177b1efabb5c02b,train
017894b4c89d2a79,train
0178e30deeaf7999,train
01793a900f2b4dff,train
017a4b7c3e17095c,train
017e9edb8f831371,train
017f4f7d907bc27e,train
0180652ee7b62d09,train
0180dde6cdb176e2,train
01860d13a9d7bd43,train
0186fe0fcc745a9f,train
01871cab8641f79b,train
018807157e56a516,train
018d603624048d1b,train
018f3e93bcaaa79e,train
018f73b52af8b7fb,train
018fe0dcd5150e18,train
019349c65b864c8f,train
0194f6061eee570b,train
0195753b5b1550b8,train
0197a201fc4bd553,train
0198107793fc2ac5,train
019c6188dfb66908,train
019e39032fc2d072,train
019ecb72f4134730,train
01a0075cd0d7de6c,train
01a1f9da2f0a3fc6,train
01a4dca641c11d9a,train
01a6c18ff730c0d2,train
01a70a1b0b168063,train
01a7c66ed8b87994,train
01a94dfbc77f461b,train
01ae405247bbc591,train
01b11204b330a2a8,train
01b7bb6a51c7f265,train
01b7d3c31d4c7dee,train
01be7bb3101cf2be,train
01c06be69b80c788,train
01c0a9eeb53e0292,train
01c1842eac00dc0f,train
01c1fba63a7b35a4,train
01c2d24aee5a56a1,train
01c3b41adc646bf1,train
01c3b7083bb40e51,train
01c5353647cb3601,train
01c615541e06d8ee,train
01c6eb60c5272da5,train
01c7115f58c47cc0,train
01c97f2a4c369908,train
01cf4ca702585642,train
01cf752055085acf,train
01d6cc824ae77fe6,train
01d830d41b4fff74,train
01de5144f77d4d8a,train
01e18ede8ec8d1b8,train
01e282fd8ebc3d71,train
01e6ac44e1fedfb8,train
01e8de82c667ebf8,train
01eb38ba044892fe,train
01efb372ff265f23,train
01f25cafc46da6f9,train
01f3ad299885cc46,train
01f5484628771a4f,train
01f645c701c1ffb2,train
01f6ec0a354d2dd5,train
01f7725635d69941,train
01fa560e87fcf057,train
01fe215bf9f8dafe,train
01ff4ad0694ae421,train
01ff8da1197e428c,train
0200c6a65f4e00e2,train
020181e67d391570,train
0201bc7a783d12c4,train
0202d011431e698d,train
0205768ce1fd97d2,train
0205d22c3f0ea5c7,train
0208f33e57e52ed7,train
020919f15b32f70a,train
0209e4e947a6930d,train
020b2b527432891a,train
021135761d5df5ca,train
02113a2f7389227f,train
021492dac201f888,train
02157ec4d9132fe9,train
0217b2b0fe0ddf9e,train
021dce32ef656ee2,train
021e767d48a444e3,train
021f7bda5307646c,train
0223d90892e1a3c9,train
02255d2e5ff90607,train
0225d1b42c0424c9,train
022684379b235a24,train
022724b3c6506f3b,train
02275a80bbee0dd5,train
022a9cdbd4545eb2,train
022e9b04cd416047,train
023314243f862f81,train
0234c7240f4b1365,train
0234f682c8e36783,train
0239706c62db07f2,train
023db85fa39e8db3,train
023ea96dc2b5c272,train
023fa488829a9b6f,train
023fd91d27205578,train
0240fbd974c8af12,train
0243c4fe5de7cfa5,train
024580fe47900e29,train
024a9c83d8847712,train
024ba163061060f2,train
024bd48afe51204b,train
024f51dd2e8fbfc6,train
024fb67fe4775b75,train
025498872ba033cc,train
025526daee54c14c,train
025660f3345e4cb5,train
025805596ccce14b,train
025bcc60221f11a8,train
025d4642e406a427,train
025ee21ee2e06591,train
025ef9ce6b8c5f71,train
0263d1e0ff1d26c7,train
0266cc6f239a63ae,train
026bfc0bc74c32fe,train
026c07fa9d5a2442,train
026c183b5d9abb27,train
0271f45f1a189a11,train
02732d545a3b71fc,train
027532fb883156d2,train
0275ec6c4aa35bfa,train
027c00637aa39dc4,train
027cf6486f22593b,train
027eae6bcd8065ae,train
028063e5e0aa0d08,train
0281cd399f266fcb,train
02847aba285193c8,train
0285e84a443c4a17,train
0288ee2af8d63fb1,train
028967830f95867f,train
028e101b513d690e,train
028f69c7f7576eec,train
028f834a345cb5ee,train
028fd4e774164156,train
0291c9acca557d71,train
0292dc134271d452,train
0295009a4dc9ab2c,train
0298bb37aab11169,train
029c3677fabec678,train
029e66721393a7ce,train
029fd0826b2a6202,train
029fe5364e249675,train
02a484b3099c97f3,train
02a6caeb18822aa9,train
02a79e20d4095198,train
02a7a884b7c71271,train
02a8c0f1b3a79665,train
02ac6cb0f4591b77,train
02aee8306e0448ca,train
02af21a340b44bb1,train
02afc6db32fb8986,train
02b0d7ca1bf39107,train
02b41bef6d3b5830,train
02b4e5050fabfaf1,train
02bb86c233a680f6,train
02bbc7a4ba5940ca,train
02bc7d1ef199b9c2,train
02bc9880663359d8,train
02bdd0e0c9d7f892,train
02bf762755716a0b,train
02c46809e3a105e9,train
02c4b5d7771946e9,train
02c4f4421f562daf,train
02c7149eafb7f9a8,train
02c81b9c30bbd04b,train
02c8cd359f6d5ed7,train
02ca035e50e0964b,train
02ce1fd88decff8c,train
02d05f6588cb5b18,train
02d21727a3eb21c6,train
02d4b307a2ddaa09,train
02d55c1224c4f0ab,train
02d7b2fd356a5c80,train
02d9804a1772f8e9,train
02da0b992bb53d97,train
02db35d19c57b98d,train
02dbd99aa91d7be2,train
02de4d268d98b5f7,train
02e163d6a4ef42ad,train
02e3b369bb24b0dc,train
02e7c32c99f9b53f,train
02e7da061ece4391,train
02e93dcf01a8a9a2,train
02e98b6d4a3d8606,train
02f19f53678b3abc,train
02f2540cdf6fd6fc,train
02f4590dee98044f,train
02f465d1e2b2e67a,train
0300e5e5d6c25eb3,train
0301708311ba38ef,train
0304c6ea64262111,train
030d787a918ad438,train
030dc628ac4144d7,train
030f94a024d8adc1,train
03130122c2105322,train
031311a8ce3db760,train
03183408428e3347,train
0318a3bc49869f88,train
031bbc8e9d2af79e,train
031d7ae0ac405c0e,train
031eff9bccd1daf2,train
032451022aff98c4,train
03250a088ba96959,train
032694af34fd84a7,train
032adb4b48e9a7d3,train
032b8f95d444cf16,train
032d3864543f84f5,train
032ecab878eab465,train
032fe71e376dbfbd,train
03306d39903783d7,train
033116efcb1377a9,train
03369d720618d8f4,train
0338240538a97ce4,train
033891c2d236d869,train
03392e729c9b95d8,train
033bd759e52b39d4,train
033f5ff65bb48de7,train
034070fff1cd1cf7,train
034866534b1158a5,train
034db968e5e4f5e2,train
034df7f860176177,train
0351baa93ff3d0dd,train
03546746cfa976f1,train
03554864efef4a5f,train
035a5488806663cb,train
035cb09cb87dec7b,train
035e113d5dae471a,train
03687fd388769b5d,train
03691f9c1b6b5539,train
036ad7bafc23a0bc,train
036c76178ffdb011,train
036c98617b841cde,train
036dd4c920cdf606,train
036e473bd5f3806a,train
036e473bd5f3806a-2,train
036eae92db93fe4d,train
0371d58bd62540cb,train
037661cc6dc52963,train
0376b8749ed372c1,train
037c8fd9a511a189,train
03816925e1bb22e0,train
038401f1c2305ee4,train
03852ceeff9c18ae,train
0385ebe7a714b1ee,train
038685ba6f02aefb,train
03889c38ce7817ed,train
03892e835e70109c,train
03893ef5dfdceb01,train
038b1b15fdd72e41,train
038d44a1fa5edd74,train
038fde198c30305b,train
039426ceeb30a2ca,train
03953e4ce865f464,train
03964df6188e03a7,train
0399e747d5991e66,train
039cbacb715058dc,train
039ed9b3ce0526ff,train
03a08d8338795296,train
03a0b84f45478518,train
03a16a4d9436a32a,train
03a1bb5b1912bc3f,train
03a23dff90b4d9ff,train
03a28d33efaa50ab,train
03a50781f550e466,train
03a6fa2446056b02,train
03a7ff97e696bca2,train
03aabdae99ca8f00,train
03aaf9f35f5acce3,train
03acb9eea7dbbdf9,train
03adbf86ac908b18,train
03ae78539eeb4421,train
03ae91baf822cbbf,train
03b2fb4574a2bf28,train
03b337cf373a6db5,train
03b38a731c4f5db8,train
03b95c94a3b69805,train
03be02771fd693e5,train
03c31abb0766ddbc,train
03c58c4d898946d8,train
03c6be3d0047b5f6,train
03c97c6bb56864d6,train
03cf59d62b4df2be,train
03d28cc612d75f8b,train
03d44c5f12d3786e,train
03d4e9cbb8303187,train
03da7783bd7da996,train
03dc17a6a053865e,train
03de5614d14b8ae6,train
03e13815f935eb9f,train
03e14d5af5908def,train
03e15a96ae694689,train
03e35d65c7a3f792,train
03ebdf57fdf51286,train
03ec79a253f90131,train
03ee38db591f79c3,train
03ee5c32a7a0a582,train
03f14167ae8c37dc,train
03f19f62ed7e9ebb,train
03f211d893c24787,train
03f541519d93c23a,train
03f61cf3586ec46a,train
03f8317dd0f7cad8,train
03fa1ddc6501c990,train
03fc05530c03ac53,train
03fc616965801340,train
0401c8e455d5aba3,train
04031bc753599b8a,train
04032d44f4b5ff6b,train
0406d243bf9b88c9,train
040b15a65b69b1ec,train
040b7d8b08ab39f8,train
040b98fcb5248ee5,train
041067e209fdda22,train
04119bf01571ba28,train
041309b31fa79f0f,train
041465948ae42f25,train
0418fe8592684f22,train
041c27f6eb4e95e3,train
0420756fe5c9b0bd,train
042294bfabf8b6a5,train
04238a0b5f6a802e,train
04250362d0368754,train
0425843363c879bc,train
04262c82be0824e4,train
04294c19c11af751,train
042ae5ed38ae72a2,train
042bc86cb08cb50d,train
042cc25dae12bf2f,train
042cf3833810e951,train
042d9926bef2631c,train
042f436702535b60,train
042fc15f78d42d0a,train
04327adaa0413998,train
04337ea40f806b84,train
043524ff14f21374,train
0439023f55d7cf60,train
043ffc1594b87233,train
0441f17ec9c86a9f,train
04480488a63bfffb,train
044863718e95cac3,train
044a49d87b133c93,train
0452793a46f8ce77,train
045eca5f7dec402b,train
045f6bef973fcf08,train
0462f88da40c454d,train
046352830c8fb862,train
0464af1472181ffb,train
0464fc300ccd91a7,train
04665c012d3824b9,train
046919fb89c5e91f,train
046ad5a87c444adc,train
046e19c4cc061558,train
0471f252f00bc24f,train
04737ac8f780cc2c,train
0474af05211d4541,train
047521eaadc8ce3f,train
04765afc4ac61906,train
04768f1bc552daee,train
0476ed02bb0f36a3,train
047996499f10733d,train
0479b5e18e80bd4d,train
047bd7cc1c8c82e0,train
047dfe9ea82e6447,train
047f4252dc20742a,train
047fe2c2412bfa8c,train
0484fa2a7d18673f,train
0486d5fc47b9e0b4,train
0486e40821fe7a2b,train
048947ffb762331e,train
04894eb30504948f,train
048c97ee948de345,train
048e9ad10941777d,train
049029c18afa955c,train
0496f40af9bf56a1,train
0498785a0750aaf6,train
049b8a27bc1b19d2,train
049b9a5ef5628761,train
049bb004caa07693,train
049c9302a1bb02c0,train
049eaa0a70c86a66,train
049fd3a4b510a348,train
049fd3a4b510a348-2,train
04a01b2168a579f9,train
04a02bf6502f623d,train
04a0511d30003387,train
04a5c53dfcd6947b,train
04a95995e7c1064e,train
04ae6a57f24d27d3,train
04b0619341b7f0ca,train
04b063381e830856,train
04b39cb487d16810,train
04b6edbc4d07669c,train
04ba3d2dbdb8efdd,train
04bd528ae4e41c49,train
04be4f81f71014f9,train
04befcdd98584c7e,train
04bf8b3dc6a928c5,train
04c1464412585770,train
04c5bd4b6accc681,train
04c68aae0f941179,train
04c867362d47853d,train
04ca95a6de3f5a59,train
04ca95f2230310d4,train
04cae12d27d3044a,train
04cc2d12e8c1a01e,train
04d10585bb095125,train
04d22e25be2e09ae,train
04d7194fe3ecddf0,train
04d89f82e33c91a0,train
04dff33f6cd3e9ed,train
04e221e9de077406,train
04e3ce0e39884888,train
04e4d3dc5350d79f,train
04e6feecf48248d0,train
04e83bbed599e5cf,train
04ee54b6acd85e9b,train
04ef8eb7d4c878fe,train
04f1b156008da97e,train
04f47935276ffae4,train
04f481d810ffe080,train
04f9375e6bfc4829,train
04fa5a2940d51e38,train
04fb26b46ed4d201,train
05023cdb49231a36,train
050497fc297c2f94,train
050c427f06bfad3e,train
050e07f7cbbf9115,train
050e748fad14276f,train
051097a00be45a71,train
0511d26bf5d7c803,train
0512a3c5fe692dc0,train
0512e424e9e2e736,train
05157fd57194d510,train
0515c9edb018a801,train
0515fa927f3995df,train
0517314f8af63dbd,train
0518eea946a9c0f6,train
051b6c68d1caded0,train
051bbf25897d1b68,train
051d7488ce72c0e5,train
051d7e3b6eb373e6,train
051dc7ec346c52a4,train
051fc26bef124b27,train
052031c326d8335e,train
0522c4bb4faa17e0,train
0525ae92582e4b4e,train
0528e3c556e75ef1,train
052ef6c7a79f532c,train
052f2f30f2d681cb,train
053295638f0ba87f,train
05373773a2d4645a,train
0538bbc8ade6be0d,train
0539bfb9057e4169,train
053a0a7dbc288253,train
053a784a60e23fe8,train
053d48caf845b079,train
053e09d2cc207195,train
053fac63fe4f8426,train
05408eae35dc6bd5,train
0541ba1ef650ae05,train
05429cc0ba28f050,train
0543c1e505122f53,train
05440e35051c2b58,train
0547ff26cc56999e,train
05494e284047b9c0,train
054ba84ca8c67533,train
054bff21c5008d0c,train
054c77977e4368c6,train
054fa7a942f46d85,train
054fa7a942f46d85-2,train
05504aee23c577aa,train
05550d95bedc5c3e,train
0555642488c1e8ea,train
05557aebc5f19e1c,train
0555c010f92b0aa5,train
0556933cf0f240d7,train
0557783b0d903bda,train
055aa4b5ffd5fa74,train
055e5c283ff9b9de,train
056187373651ee71,train
05662f8ee415e212,train
056a39d0656a237f,train
056ca27fc50adcdf,train
056d1872bc2b0f96,train
056d78445658bbad,train
056e9a988b5b7c8a,train
0572108db044ba27,train
05761a7e843348f8,train
0576d0a53ccb6b1d,train
05788516d8057ed5,train
0579baedb051e346,train
057be47d16add449,train
057beffc47802a86,train
057bfe06f14bad94,train
057fd64e6b6cfc96,train
0582cb0d253ec0d3,train
0583553bdb5a0631,train
058467564a2bae13,train
0584ed4256f2578a,train
0589657d2b7ffa58,train
0589e7b57e23cb2f,train
058cb598c6233d29,train
058d32712b4bee2c,train
058d380784b3908c,train
058e3950db9f35d9,train
059087b45afc1e23,train
0592644cd27dc09d,train
05936610b89ceaaa,train
05940bc1103abc35,train
0594fe44decc7dbb,train
0596b34f2dd3da17,train
05986146bffa981f,train
059ad2fae02ed599,train
059c51573eb5268e,train
059c8859ea0699ca,train
059cf96c8250393b,train
05a1948701676128,train
05a32244e9f6b16f,train
05a4d6966b83a2f5,train
05a6bcddd1371a5c,train
05aa0ec1ce2584a8,train
05ae772fb5b2ce01,train
05ae942260a29d3f,train
05b5de026dc202b0,train
05b9efb5f96425e7,train
05bbe1072bc236ef,train
05c499bf274d57d7,train
05c4f5eeaa5dca40,train
05c750e16d11f44a,train
05c7deb7a1ec78c4,train
05c8501ea19adcc9,train
05c8f9c5e5a46989,train
05cc2f32fbaaaa11,train
05cd33367d283194,train
05d4d348a343fd28,train
05d55116d8e5ef15,train
05d5d6920a8371c0,train
05d728fd26de3c02,train
05d80fec4da7972a,train
05d8ef0517ca5a48,train
05daf32ab5aedb36,train
05dbd7113b2541c8,train
05df434ba1973dc0,train
05dffe96640eb8f1,train
05e310cfeb330f52,train
05e416b0e2839c40,train
05e73c96c7e15ad4,train
05e75d3233db42ab,train
05eebdbb4e221a83,train
05ef3e7a1123c935,train
05f0310fa9efa4d5,train
05f0a23cb1ceb702,train
05f0bb74f75c345e,train
05f1334b7b2bd493,train
05f4c6c82820a416,train
05f4ec8d229f19f8,train
05f5478217e997ce,train
05fa420b11227c53,train
05fb10e9a94d68d0,train
060635a64d1e2811,train
0606ae85fc58c20a,train
06086fbdb351636e,train
060bac9a905e43f8,train
0610a91f25f81069,train
0614994edc75968b,train
06162e01cbc62c64,train
06168cceaf3d5d81,train
0617d091167f80b3,train
06185df948bc6f59,train
061891eab5de4095,train
0619700c7c372dae,train
061a7867f4d13a4d,train
061dd6942817c349,train
061e036ee34c38b2,train
061fc2a4b5aaafbd,train
062024ed80656472,train
0622f47b720b5d74,train
062ab1f7e96363ea,train
062c786d542bed01,train
062d9fb75b93ecaa,train
062f7170c8bd4423,train
0631e9dea3e3fcc2,train
0633af6b810b73f1,train
06354eb7c4919a01,train
0635de81ac10ec77,train
063aebc45675afb7,train
063cc8203966ec73,train
063e7cc0688da6e3,train
063e8e3e5b28143c,train
064302258b3db193,train
06437f0f33a7a9d1,train
0643e299597479b0,train
0645882070c9230e,train
06477d30ecb0fede,train
064f64e3a090fc71,train
0659e61bd4ccb831,train
065b8e68b5a27351,train
065c9a7f1d73577f,train
065d6b225d872bc3,train
0662ff7c6c7c7174,train
0663e4853413f2fd,train
0664bc2efd391f89,train
06682f8fb593e3ac,train
0668fba961110589,train
066999a27cca03bd,train
066a6126acd917ba,train
066d9c3584ea3ce1,train
066e78b7ec3c7920,train
066f06a38f3d3eb9,train
06720e12d49882f8,train
06743f9351bfc6bd,train
0676787e867fe161,train
067689d394ade374,train
06777fab0b4b2963,train
067867acd66fdf0d,train
0679316eb8a4ae99,train
0679fc41d195f8bd,train
067e9979f3a4e7e4,train
067f4ed8c64a968b,train
068353351448b20d,train
06869b93a6fe5323,train
0689fdf577884433,train
068de7a7e098ef29,train
0694d88a5ac02c36,train
0695201a911ff702,train
06961cd0987b71a4,train
06971d1fc1252360,train
06976e070f2191b9,train
0697c558287c276a,train
0699e950bb8d5006,train
069a03f5c329c940,train
069a2ffb377155b4,train
069c905c65d52c0d,train
069df47701ab536a,train
069e2abbd167b712,train
069e34f6189e2762,train
069f4e3d0d2812e5,train
06a35a43b1490b0b,train
06a35a43b1490b0b-2,train
06a4862f9e25b13c,train
06a67f276a187b9d,train
06aaa2653c92cd2b,train
06ac07a06625b572,train
06ade2cdd03283e6,train
06ae250563aea1d5,train
06afda2c3d89f052,train
06b06922f0e7ce80,train
06b1fd74b80974f6,train
06b4bd437a49155e,train
06b7ae7df91fc043,train
06b8a28c9ec730aa,train
06ba700c65a23521,train
06bcb3f740e1e896,train
06c3fbfcd51c2be9,train
06c4f0f8b1966854,train
06d3d9e0970ea617,train
06d44b88db06e0db,train
06d4e3bbc57fa96f,train
06d6c0c1bfd1b002,train
06d7ef2876bd8982,train
06e56bcc08b074b8,train
06e704f6023ab321,train
06e9fd61ad5f61c9,train
06ea29c149208002,train
06f012870a479eff,train
06f1ebe4586b2795,train
06f2d011e461440a,train
06f30c75dd0ffdd4,train
06f33738cf0ec1ac,train
06f38441842111f4,train
06f4828ed15940b6,train
06f5ba859187948b,train
06f848a3d9212ef4,train
06faf49ec6b1cf8a,train
06fd03147d397877,train
06fdb9fd88446dfe,train
06fe8214ac37107d,train
0704cded43362559,train
070b7fa964fc7f23,train
070b96de7ed44917,train
070e9a1dc83c1c23,train
07107f93a7fa1437,train
071465ea1ad217f6,train
07172451f3359086,train
07180ccb07656893,train
071972371bebdf10,train
071c7ae81d0ddbc2,train
071f5c94cecfeb82,train
0721f50746baf39a,train
072280a59bb69be2,train
0722ecde8e818a87,train
0724f0509f538374,train
0728b38df8200123,train
07298ca555552791,train
072d71a5235c08bd,train
072d7d86eb6bc7de,train
0730ee8b887e1597,train
0731bf8bb73546a5,train
073537941e58262e,train
0738058a2e4ff273,train
073b6e59ce8be48e,train
073b8814e7d51887,train
073c46965856d55a,train
073cae62d76662a6,train
073d574436cb6b44,train
073e6cba96897168,train
07425f614da9e5ad,train
0743e608d6e39d60,train
07443dcf86362c75,train
07453a46137edfe2,train
07459eb430898edd,train
0745d20983e0b7be,train
07492371dc95eb9c,train
074ac879c6969afe,train
074d0383861313ce,train
074d3b5c72417f24,train
074d9b7bd8bedcf9,train
074f44d01f263c79,train
0750a49e913d2da6,train
07516d3e2c9d3b53,train
0756115810e53a6a,train
0756fcdedd8ac1f3,train
07584a131b1bc0ea,train
07593f4c57d447a7,train
075dbd2facc14f6a,train
075f39acaf262cba,train
07600f9760609e8b,train
07605126963d0185,train
07626f2031f6f754,train
0764821130ccfd3d,train
07658cde91b97bb6,train
0766b336f675daca,train
076a90ba6f5d8199,train
076b6e849fd87663,train
076e12a06df32cc3,train
0771b12c7d584ab3,train
07727b0e6262b167,train
0773ad372998a785,train
077ade4de4ba1c60,train
077dd29e1da1ce6d,train
077e30358fdfa9c3,train
078061b2d0df3a14,train
0780f73c93dfc805,train
0781e7f99431e717,train
078366ec6faf7eba,train
078af889ff8e6885,train
078cd3752e8e7746,train
078d4fac25f22993,train
078d7535bede8d40,train
078ddd8a3645fd19,train
078f719752b6a64a,train
07907170ddf92f66,train
0794c427a4c53d94,train
079d269d8096828d,train
079f107bbdc847fb,train
079f68e693eacf9c,train
07a121143dc36ca3,train
07a4e4484afa1926,train
07a506f5d27c9cfa,train
07a5a92aa8fdb829,train
07a62053f38ff71d,train
07a6f82aafb419a4,train
07a836d013d7e4d8,train
07a8df22ebd5ae9a,train
07aa0fcd51d280ca,train
07ab019e9b10e71b,train
07ae4ef341ce723e,train
07b07965cd0d3cd0,train
07b46136c70dcfb3,train
07b4e47a6cb862c5,train
07b5d461a78f9ad8,train
07b60fc57b203623,train
07b7874cb06ac500,train
07b9c21eba698c4d,train
07ba21f1430f4f3d,train
07ba7d82c4da0f12,train
07bcda1c3853bf87,train
07bd94873d19265c,train
07be92cbc802a24b,train
07c2b3dd23e1fb2c,train
07c703a89d2b1158,train
07c7d8262fdd4f98,train
07ca07ab43e0e1d5,train
07ca83e2e65c8add,train
07ca83e2e65c8add-2,train
07cd137bf2c24d75,train
07cd6585e6e8c192,train
07ce05c882737a46,train
07d04ce31c3793b6,train
07d391c2103a91e4,train
07d5d82ae9f7f396,train
07da4616c0c3e588,train
07dbc58d0c2b2463,train
07dfe95a26346b0f,train
07e3ac2dc29a2430,train
07e3fb933679c88d,train
07e6ed659c74a413,train
07eaa3a6f62eec0f,train
07ebab9250272b6c,train
07ec0e14a9826d09,train
07ec1d31f9d9fe63,train
07edb302ff24599b,train
07edb56640c1cd7e,train
07efdddc838a9d36,train
07f0a31d819165a9,train
07f375b31ab62c90,train
07f85094a919dae4,train
07fc462976364487,train
07fd42a9e5a1e9b6,train
07fdc4bc436e5831,train
080245474eabf78f,train
08039258c303acbf,train
080413416c1e6bd6,train
0807992b3ddd3ae2,train
080c78da20426587,train
080f4136d6a238a5,train
080f5aec255b0884,train
081008ab3168047f,train
08100e18958fdc40,train
0812ac3b4df74950,train
081526aaeec65450,train
0817835ec6755294,train
081c6fc591b23516,train
081fd0afbd62afb6,train
0820633b9685fe1f,train
0823c5c17ea637b8,train
0826d40ba9a61df0,train
082a54ebefcbcefd,train
082a57b98b481cf0,train
082aa43778a08124,train
082b9baac63aac14,train
082c5251d36e9158,train
082ca32f27687288,train
083009fbddc45c42,train
0830a47d2884a1fe,train
0831db1ab5c4da3d,train
0834588f6364c36c,train
0835437ed6a20c92,train
083a0ccc0b75f11f,train
083d7dad8676df2b,train
0840d62022179542,train
0841beaccbd04a10,train
084447c07591a3ce,train
08445fee9cd79dea,train
0846430a3bfae907,train
08465cd77591cc52,train
084b07eeade54162,train
085157dd74634c79,train
0851a2c14b667acd,train
0855793c7afc2b60,train
0856e4de59fa0078,train
085e9bc259dbed61,train
085f6ecd1081bc15,train
085fccaff8d9aa77,train
086071d0fb9884eb,train
0861c5f2272c66fc,train
086245f91a8eae80,train
086269eb33572a42,train
0863cb92e22ab796,train
08651ca06322451f,train
086869ed08488a93,train
0869750656d6320c,train
086f96ecbdeacb2e,train
086fd9514418c0ae,train
0870ccd4f5ef6f21,train
0872aa9d5b057e6f,train
08756da5fb781a47,train
08756da5fb781a47-2,train
087e87a0145345b2,train
087f34dae52cc77b,train
08821f64b672b556,train
088328c25f3667a0,train
0888b48d323c6455,train
088ccb35a1cc32d9,train
088d5ae2ee253e52,train
088dbc5fa68acb68,train
08935e2731c8b128,train
089420b9b10be2bf,train
08988203e3f7d8ec,train
089b1446a6a25122,train
089c94d197eb3a5c,train
089d1050c7b12c4e,train
08a044eb70b9f465,train
08a90ee6585dcb2f,train
08a9dd569abb67db,train
08aa9ef541a2a878,train
08af4a4d7f93ca27,train
08af9d3cf5470555,train
08afb4a638a029d7,train
08b42435bcffcdec,train
08b5a16089b80458,train
08b65f4e1fdfce37,train
08b6a760419f2702,train
08ba96c458f84287,train
08badeecd2609a16,train
08bbb3c2e1a2f6fa,train
08be256f35ab982f,train
08be959c3f2765be,train
08bef5976fced667,train
08c26b8b533d707d,train
08c657174d0747b6,train
08c8e590b9250802,train
08cb798c2d40a05e,train
08cf24843a642d90,train
08d66ec1db50440a,train
08e0428421116ca9,train
08e0580057fe1d2c,train
08e2c6c42655a6f9,train
08e3c208328f9aa6,train
08e450ece8292914,train
08e78ee30dbb44af,train
08e86f18bae1bec0,train
08ebb7eee750c32a,train
08ebe06107e0855c,train
08ec0fc67174e0d9,train
08ee002b483c6171,train
08f03286bda53874,train
08f05a49a8f26be5,train
08f2b76d12e889ee,train
08f707fa29ed25b8,train
08fc3801f7627712,train
08fce1fcb6113cfe,train
090594a207687d73,train
09060b47cbb22c95,train
09075827151e0b57,train
090c18acc8cf8832,train
090ce840cb1a3244,train
090d419a8add1073,train
090d8a64de16f537,train
091072673a406b5a,train
09179ab7ec341b6f,train
0919968895d5b8cf,train
091a2ce63355aa73,train
091a2ce63355aa73-2,train
091bbdd04f49dd56,train
091de45095f48c63,train
091dfd2bb9c36f40,train
09244cbe47cb31ec,train
0924778e3b704097,train
092802c8fe5381f0,train
09292a286a9a7a0c,train
092a2f295619c267,train
092dfd533dfa8ef1,train
093324b7fd81fe6a,train
09352eef9e533acf,train
0936af1be565016c,train
093a8c73accd7940,train
093b1ff34342c0cb,train
093c04a6b7f9f0ef,train
093c5a84189b2e65,train
093dd51e8b92499b,train
093e9da75bfc3c19,train
09449a0ddbbc16fb,train
0947c23fc0f0dfad,train
094905cd986d62c9,train
094b0b1df170a5e6,train
094ecad76a81e2f9,train
0950a0718f823272,train
0950dc0d903f0ca3,train
09538bf563b89d6a,train
0953957b76804615,train
09550be2209aec9d,train
0956facec9fb5c57,train
095734c5ae2198ca,train
0957c566bde3432c,train
09609e0df8e86e9e,train
0961b8f96f9c3eeb,train
0965eb1365426721,train
096878becf41651a,train
096932a86c15a058,train
096ac22776c8691a,train
096d3ad72663afc2,train
096d749bff0d28a4,train
096dbea0a4cac7df,train
096ed9e664b7c936,train
097174f61edbb218,train
09777f46a5849c5a,train
0978bae9306e11f1,train
09801cf6f523da15,train
09846ca563f13ea0,train
0985f2470a89f973,train
0987fa2e5355005a,train
0988134f9705c424,train
0989cfb1595dd76e,train
098bca3220a9323e,train
098e6c2a40445039,train
0991d4f4306b3c86,train
099380672a416544,train
0994286e8e491418,train
099a8dfaa1336ce0,train
09a0cf2bb6809f23,train
09a2ccfb40d9c1f3,train
09a56967a21e9b92,train
09adb80e62dbc166,train
09b0433621fe9a72,train
09b3f5227d33781c,train
09b683d7c9915648,train
09bb192a3779e9ee,train
09bbe767559d97b5,train
09bcb21fec8dff96,train
09be8b69b787a4d9,train
09bf8c2ac7e4fd3f,train
09c15ae32e40ea6a,train
09c1a8eb504ea49d,train
09c36f47b695e1df,train
09cde97599c58e42,train
09cfe5c8cd5e311f,train
09d981c3ba6e1eda,train
09db30d6803a5cfd,train
09dd83f057f6703a,train
09de7eb46850613e,train
09df8cd4812a92bc,train
09e19647fb9027e9,train
09e32829c28bba5e,train
09e49d982ff3eb99,train
09e4bbb3c3f554c4,train
09e534aa8f6ed032,train
09e63a184f8d8239,train
09e67cb824b50481,train
09e6f764385a4094,train
09eb854208722a92,train
09f0901c691e2f48,train
09f43821ee605758,train
09f5056492407b60,train
09f57e52af01c31a,train
09f7f616d7f916fa,train
09f875a20733aae8,train
09f96a5cf7a7f81b,train
09fb2616c8906485,train
09fca463df1be0f6,train
09fd36d6898ff6c1,train
09ff0ed22db33e0a,train
09ff91850287b072,train
0a016453ec942fb5,train
0a02e97fc9dede9f,train
0a03145150388ab4,train
0a034593ef66a497,train
0a048bcaa2331c19,train
0a049302bba841eb,train
0a04cf1d2e85957d,train
0a0606e22a2b9853,train
0a0676f4e00fb742,train
0a0695ce7bbdd6fa,train
0a06c32d66e79d4b,train
0a0793ef97b8b406,train
0a0863dd2215ca2c,train
0a097e5104679d86,train
0a0a7b6a2c7db9b8,train
0a0a945e8e7ccfa5,train
0a0d88af6115fe20,train
0a0e3dad2f9bbfb6,train
0a112696768f16c7,train
0a16fbdadd584922,train
0a198d8f301c562b,train
0a1c260f58162ac8,train
0a1dd860afd51148,train
0a1f322e9e12ab62,train
0a205e53340fd88f,train
0a2307815fddb76d,train
0a274d5a6aa11137,train
0a283ae26b7f768a,train
0a2a644254c6a7a1,train
0a2a7b2f77cdc85f,train
0a2dc4a7ca1cb1ff,train
0a32eb707dcb88b2,train
0a3305295069a21e,train
0a3544d8b679367c,train
0a3c9cd3157ec74b,train
0a44f743eb5cdc5e,train
0a44fe2b90f16f17,train
0a46549c038c4c14,train
0a47a9f79220461a,train
0a47abcd794f406b,train
0a4a0e275b46321e,train
0a4cc2311a58264a,train
0a4cc6a609aca305,train
0a51204c029c3a3c,train
0a517913ea7b3cce,train
0a52db63e9d95452,train
0a52fcd2f5fafe5f,train
0a56e7b5d2a67b24,train
0a57024fee928d1c,train
0a57dbd7adc1e549,train
0a59cfc477ba8c7d,train
0a5a4d6623bbe264,train
0a5d4218642fd877,train
0a62a31438610c11,train
0a62c62355dfc485,train
0a66b8da019a6e7c,train
0a690c68e791796b,train
0a6acde890db34ea,train
0a6b03e402ef645c,train
0a6e12a21fd4c608,train
0a6e66915aa9d618,train
0a6f090017c4104a,train
0a70991a4e47601f,train
0a7528ba4067cf20,train
0a77e32d5d21e0da,train
0a79a4bf2a69bc50,train
0a79a98bc6699eb4,train
0a7b201a0a37b654,train
0a80f44afdb64a5e,train
0a81f6e10ec6fad5,train
0a820eed51f32961,train
0a84907a7fd6657b,train
0a856c4956764334,train
0a89ea12ed1ffe0c,train
0a904c690ffd0e47,train
0a9537fddbe655ab,train
0a960c4855d9f4b7,train
0a96d3e1ae8b308b,train
0a97db50bf16b327,train
0a981ffb355ff24e,train
0a9dd0f30a431207,train
0aa3766a3c765ac9,train
0aa3b3a89897bee4,train
0aa942728368a8e5,train
0aaadec9fa115a44,train
0aad9bfcc517e7ae,train
0aadf2fe3b96728a,train
0ab1166a9d5c8cbc,train
0ab1bb77ef4e7e90,train
0ab335a007d7d0b9,train
0ab3b3676077a5de,train
0ab3ddf5eff59b4b,train
0ab5ead54d400e45,train
0ab6d42ad22ba15a,train
0ab79f056acefb5f,train
0abab890a2d669bb,train
0abfa4471b2a6eb7,train
0ac392ce21551d4d,train
0ac4bc411525e28f,train
0ac570b7c32e97db,train
0ac7fb54f9a0118d,train
0ac9386fc3843a66,train
0acaf621a879e103,train
0ad11e02ca7ca664,train
0ad3cb0960d28129,train
0ad7ceece1ec24b6,train
0ad7ef1b4c6d056a,train
0adb58e4b6bfd265,train
0adbcbe6057057d6,train
0adbf7ca3e74f14b,train
0adc7ff19f5d4b03,train
0adf5475759d86d1,train
0ae0f4adae94857f,train
0ae0f4adae94857f-2,train
0ae0f4adae94857f-3,train
0ae0f4adae94857f-4,train
0ae0f4adae94857f-5,train
0ae0f4adae94857f-6,train
0ae0f4adae94857f-7,train
0ae0f4adae94857f-8,train
0ae34601e3ff4ebb,train
0ae4dc71186fae50,train
0ae5dbb585ccfa8e,train
0ae8616ccaf3b657,train
0ae942538d3bb430,train
0aea5091e24a0c8b,train
0aeae2c8ff3e16d4,train
0aecb3503864e850,train
0aece0d4a73a322f,train
0aee3411555a6d8b,train
0aee8545ef5cf043,train
0af35284fd48ff10,train
0af3b5ae04b8f426,train
0af4ceb8233682e1,train
0af8df464bf69de5,train
0af98538ed357c48,train
0afa9dc78c241c05,train
0afb35b9de403dd9,train
0afcb9c741c3e6ec,train
0b0319ac3dddedf5,train
0b03383a63a05434,train
0b0500fd0a70c2d3,train
0b0926aaef3889d7,train
0b09d3cf941edf54,train
0b0d1694f8c9fffe,train
0b0ded593898f33d,train
0b0e1d2b3a9f5757,train
0b1006b818e81c42,train
0b147f1f3d601e33,train
0b15a0540be72618,train
0b173cf9d63c98e8,train
0b19ec91d77e4882,train
0b1b5d38c8ef5722,train
0b1b6a0fd111073a,train
0b1c07d172d294fd,train
0b1d4d25683defb2,train
0b1daea47e6d6d57,train
0b1dd7fdb8f10454,train
0b1e037bef6766bc,train
0b1e1826cf524dba,train
0b1ec4899f113c1d,train
0b23a52f3ffbee94,train
0b26202d708cdbf5,train
0b2654879dd90c15,train
0b2c852e320d9756,train
0b2cd29d05b5807a,train
0b2ce428e46bf69c,train
0b2d7a059c992db4,train
0b3074d75d1c1ca2,train
0b31328684a1d3aa,train
0b31d026ec099a01,train
0b333b61d1a8a2c6,train
0b34325dbeb2066f,train
0b35d9143a6d31f7,train
0b35f7541bfdd765,train
0b3830b2663fa483,train
0b397c1c9ebff2bc,train
0b3ea99bb11730ec,train
0b424dc964ebf62b,train
0b43757d5b1308d7,train
0b43c59f6388c1b4,train
0b4530c144a75464,train
0b4acf2083196c59,train
0b4b6ad956f544de,train
0b4ba047d93db1f4,train
0b4c527fe34d78e8,train
0b4d7a6dd9955ad7,train
0b5346d00fbb830a,train
0b5522d4697b8054,train
0b55333c3f565839,train
0b564ffdf4e132bf,train
0b570933930ed16a,train
0b57bdc3fa039338,train
0b57f3bcc87ab148,train
0b5c3bbcee3c0f5a,train
0b5dfc016aa3af3c,train
0b6123071ce1de07,train
0b655557515c6e33,train
0b69af320b580a02,train
0b71350a572cb30e,train
0b71f3f3eef94beb,train
0b7855ecc49bc53e,train
0b78809130fa209b,train
0b7908e0cab775da,train
0b79c78dbc2fcb4e,train
0b7c16598801b859,train
0b7e652ff8ed7f4b,train
0b80c339155fd141,train
0b87ed87b7899510,train
0b895167e6cc7453,train
0b8f89ad739c720f,train
0b90315ad8425c1f,train
0b92000f9ccaf5d6,train
0b977cf9a5aa2e13,train
0b97dfacac4371ac,train
0b98d5decb54c617,train
0b9c751194b1c2ef,train
0b9e8c6f1587606a,train
0ba05c349f834291,train
0ba0987949117555,train
0ba0fa7f92be77da,train
0ba3eb63a285e71d,train
0ba584179b483ba1,train
0ba6914d3ac79fd1,train
0ba7e1ea4b6e8bed,train
0bae90031f37f19f,train
0bb100c50d986e2b,train
0bb257beeecfcc13,train
0bb3f4f2a7e99147,train
0bb6c0faf08fef6e,train
0bbab248c3ae6e1d,train
0bbc5f7b3406d884,train
0bc39a4294834540,train
0bc3afb9a5ae6c8a,train
0bc43755468ca75c,train
0bc51157f1a5f6a9,train
0bc6f3f8f5fa3296,train
0bc7fd5574ae415a,train
0bcb1232004999c7,train
0bcd31c0a01319da,train
0bcdce987821cbc5,train
0bd183b2ed5e2b39,train
0bd2b3e66edcfc17,train
0bd3f01c2a95e7c0,train
0bd9760a0fbf4d7c,train
0bdd22b89df2cfaa,train
0bde30df34364986,train
0bdece63747cb746,train
0bdf3339e8860736,train
0be00281acf2f803,train
0be02c00cfee0ea0,train
0be1cec5d02ceeec,train
0be221efa750beec,train
0be3f96ca7097c36,train
0be92645c9656caa,train
0be9c76ac3aabf57,train
0bebc4077fa93998,train
0bec9d3c622f7a8c,train
0bf14ce36e524403,train
0bf59995827dbf6c,train
0bf827bc67a2b92b,train
0bfa5a50725a5b94,train
0bfaa3c32e21491e,train
0bfca07c4e282557,train
0bfef8bd94b9b70d,train
0c00965e7aedc878,train
0c0244114610fe8d,train
0c02c48b59ffe615,train
0c04750e57dfaf72,train
0c04f48122a2252d,train
0c0530da618d517b,train
0c0555fd21fd8d8b,train
0c07a440921fcecb,train
0c084383a4430b65,train
0c08a274af3c020e,train
0c0ca0ab0ef102a9,train
0c0d963cef6f33f0,train
0c0e5f5f27b996e8,train
0c104f076188870f,train
0c133cf2bf8e4a8f,train
0c181159caee9817,train
0c194793f0741500,train
0c19fba4d0a8646f,train
0c1a022d0c280f0f,train
0c2084a5171e890b,train
0c2243f1fdff139e,train
0c28eee584a029c2,train
0c295f8df0d61335,train
0c2a55cfa928932e,train
0c2b29c730ce2322,train
0c2baec0e1d8523c,train
0c2cd487dab31ccb,train
0c2def78b1086490,train
0c2ed16a625bc1ed,train
0c32a19e943d0cf3,train
0c33859637b5b844,train
0c34534e76fc2dfd,train
0c36af392171da45,train
0c3a87a8b5767959,train
0c3dff78022ee396,train
0c3f5d16d2f103da,train
0c411dd4c49f5913,train
0c454c464d5a0514,train
0c46421859dba1c5,train
0c4888202ed60ff7,train
0c48f3d8f3dd5f08,train
0c4a9bf92db47b35,train
0c4dc42dd08d27e2,train
0c4fea0ad1907712,train
0c52bf17755b0b9b,train
0c57ade380b75d2c,train
0c5944868a31c8b5,train
0c59448b211acf4b,train
0c5adb636188d8bd,train
0c5fd5f385f3f17b,train
0c60851ee1253b4b,train
0c643d13a3c0d161,train
0c65042bd9e52476,train
0c68c958f99ff4a8,train
0c6b0ced54179ec7,train
0c6ec0e5fc0009ce,train
0c750781027984ba,train
0c757d7ad1408516,train
0c798cefe07cbe9b,train
0c7a18c7840956da,train
0c7c447de59185dc,train
0c7cc07c52142097,train
0c7e09078d73036f,train
0c7e739ea329e89e,train
0c7e9e39229071da,train
0c7fc22b624a9fa7,train
0c808871919cc033,train
0c8159a3a2155f34,train
0c8512451e429cb1,train
0c861c3cbe126871,train
0c8bd711248ffb33,train
0c8c58f312bd6f61,train
0c8faa3be1dd7f96,train
0c9061d138f9615e,train
0c932309089818e8,train
0c938fe14db9f0af,train
0c9555435bf9ca7c,train
0c97de6fe9bccd7c,train
0c9b4ab77cfc0b57,train
0ca16aab7a6c4652,train
0ca267a4db2aee5c,train
0ca26850fda0352b,train
0ca57c2a7b73ac5e,train
0ca5dae60854639f,train
0ca5dd87abd400d0,train
0caae787728cfe30,train
0cac1124eb780256,train
0caeef0291e09532,train
0cb7885d9566660c,train
0cba765e5882c6c8,train
0cbddfc19e58ece7,train
0cbe8c1032b9bd67,train
0cc01793bfb2ff28,train
0cc28c57cc8a9b47,train
0cc30ae7c45c2c4c,train
0cc8bf16e1f3c7d0,train
0cc988026302a7be,train
0cc9d4e4e88a6378,train
0ccc3707a2b73be7,train
0cce741890e5e14d,train
0cce87119819af72,train
0ccf3ac01f4d6ce8,train
0cd065a5a85c1d38,train
0cd1db8356083657,train
0cd3c0972fce9085,train
0cd434185b61ff48,train
0cd436959a7057f5,train
0cd634f14c3951c4,train
0cdb4da946d60d16,train
0cdda22cb3d90470,train
0cddc8b9ccc607c4,train
0cdfd793ee8b1b27,train
0ce525e634e891eb,train
0ce75120b197133e,train
0ce83582354b9ec1,train
0ce9c16d8bf66357,train
0ced4715adce8fdc,train
0cf4cf1bde25a77f,train
0cf5003e1c1bce63,train
0cf5ab5b5e4a78b6,train
0cf6e5ded0294acb,train
0cf82939d3e30d09,train
0cf8ff5f04264e2c,train
0cfa2924ad653fb6,train
0cfacdf90146e0b6,train
0cfc7ca75d878be5,train
0cfce0ac7ac008a3,train
0cfd6e1adfdaeb09,train
0cfe16bed0da60c5,train
0d00aef937563ba3,train
0d04b38390b25622,train
0d055ca3184416bd,train
0d0ba4e44b26a9ec,train
0d118933949a1b75,train
0d138213db34ffc7,train
0d147a58e58db328,train
0d172b38a55b1eca,train
0d18cd263f9f29d6,train
0d18ddcb0b4c3dc4,train
0d1e8c08801b9584,train
0d21d0e5909d8bde,train
0d21e6c15ededc8d,train
0d22241f03a61224,train
0d2256ffccddeab5,train
0d23f956ccd745d3,train
0d245bb8bc12d49e,train
0d270ff92535982b,train
0d2c63d0ccbbc10c,train
0d2f31513f9d154d,train
0d2f9417681442d3,train
0d2fd8f894742cd1,train
0d33427b68902a80,train
0d33d637a5e791c1,train
0d343c0578c2fc1f,train
0d34c6462cc58138,train
0d377962b5861201,train
0d37e3527ebea751,train
0d39d10a955a57d6,train
0d3c20d8fafd66a1,train
0d3c45405bf282a4,train
0d3ec61713cc5c57,train
0d4642bec6eccd15,train
0d498cb864fd7ded,train
0d49999adfc3cadb,train
0d4ba5fe415c4f81,train
0d4d262ed5073a8f,train
0d518788dabab255,train
0d5237221ac764a6,train
0d590dc43a90d256,train
0d5cade5a52b1437,train
0d5d159592f9b6c2,train
0d5eb511e3984c7a,train
0d62d8033b417898,train
0d664b78c22d49aa,train
0d66947c99760c53,train
0d6732dc484a1513,train
0d69a6514b0a69d5,train
0d6b753591d892ea,train
0d6d2c6eb7d62a1b,train
0d6da7819915f5c2,train
0d6df0e084aedd56,train
0d746ba7e75f3325,train
0d768947e78b1d8b,train
0d768947e78b1d8b-2,train
0d7a9e3e95fb24f3,train
0d7a9e3e95fb24f3-2,train
0d7bcaa68ee64d03,train
0d7bf87cd3bebd6b,train
0d7d4be243438b64,train
0d7d53ad783d620a,train
0d7f72369c37c187,train
0d8034ef62e649db,train
0d80c8bb19e5f2c9,train
0d82cd6921a13e34,train
0d82e5592ee18a71,train
0d82ef3138354931,train
0d8451b634ed590e,train
0d8484286c889ad2,train
0d853a5a06b9f24f,train
0d8a0a568ae69d6b,train
0d8a75ffff6a92e4,train
0d8eed1fd228e776,train
0d936e2258255326,train
0d93c6d39a373dd4,train
0d95f95707acc80f,train
0d992fe2cf86fd2d,train
0d9a5c8ad4c97b68,train
0da17c175e38a3ff,train
0da650c25d5d24b1,train
0daaad1acf7c1ba9,train
0dab87aebd8fcaa9,train
0dabaf475612129e,train
0dabde8b72e89e2b,train
0dac42995095253f,train
0dad079a2b452fa9,train
0dae3eec7477a915,train
0db0c2ebc92b54ce,train
0db1e2baf0d3b530,train
0db2e186f56acba7,train
0db7402255a5c190,train
0db77af12beaee92,train
0db9b9b1738d87fd,train
0dbaddb85ca52f74,train
0dbb10c34c812876,train
0dbd0e86c66b4d3e,train
0dc2912d1d50f20a,train
0dc3140b952dd710,train
0dc7a2cbccc64ff0,train
0dc7ce1d69f26a45,train
0dc9159232d29ee7,train
0dcab25b73440706,train
0dcae3019f994409,train
0dd5537e5e225966,train
0dd78eae4ab6af83,train
0dd8244fa1c0de51,train
0ddbead4566e03fe,train
0dddf6e922f208a4,train
0ddedfcbb49c4b8e,train
0de131f0886f5f83,train
0de13a6787e824de,train
0de3b57389b9d265,train
0de6f383a7f3237f,train
0de755ebed70f99f,train
0deb690c3355b1fc,train
0dec07bb120d5b0a,train
0ded9cd6f37414be,train
0df02ccd396ad9fb,train
0df21cb70eadabf3,train
0df3a43a5a56beb8,train
0df3c82f80f2de85,train
0df921f9fe40237c,train
0dfe9ab5aa9f9601,train
0e04f949e5f8e91e,train
0e0562f5768209b5,train
0e0562f5768209b5-2,train
0e05eb1cfe396baf,train
0e0ba3750d03f3ab,train
0e0bed8f24193c26,train
0e0ce7dfa2429f6c,train
0e0e622342717bf5,train
0e1161b79cc47204,train
0e129dd837cb23c2,train
0e160a99a43fe2fd,train
0e1b77f33c0f01f0,train
0e1df31c7c214469,train
0e25ddab2f697a5c,train
0e2c817967cd0548,train
0e2cc8a8118f39e8,train
0e2e15f3bba84a02,train
0e2e17d125dd894d,train
0e2e813761beb53d,train
0e2fe87dfc99d42e,train
0e32a65a8b49f40a,train
0e3776b09012fe20,train
0e3a7978d43b62f1,train
0e3afaae95482343,train
0e3d60bac8f34d35,train
0e4090badbd766b2,train
0e41584c500204f0,train
0e416fc74e91a476,train
0e46e3002d779421,train
0e4aceea80b5340a,train
0e4b4d0c808e8074,train
0e4dbda3b26557f8,train
0e4deecf59fc30ed,train
0e4e00658512a028,train
0e50b257cc4f96ff,train
0e566b0e939a1a39,train
0e580e9f6a030336,train
0e5f0295f38c0bc3,train
0e61906a05c0e689,train
0e63eb6519cdbab9,train
0e6408a1b47ee225,train
0e64f6a7ec9465ca,train
0e6b43a6d9f737d7,train
0e6bcae1a727372b,train
0e743b1626fe8564,train
0e75c15b8dc671b6,train
0e768e7a0d4f27c6,train
0e7754020d17a00e,train
0e7b0b11f40b7f06,train
0e7ca1d0420cf23f,train
0e7df769f877a6df,train
0e80cc3b66630cab,train
0e81784eb709adcd,train
0e84fcbadd9c172b,train
0e8519611056a212,train
0e8519cda9a1ecbe,train
0e871dcf82a57f19,train
0e88104cbe7afe7c,train
0e88fe39c9423a91,train
0e8a6cee23bec9e8,train
0e8b04d0ee5079d9,train
0e8c4ea6963c2f1e,train
0e924a49cfb2ee53,train
0e96c09e56d66498,train
0e98088e345ca3ea,train
0e99990504e59ebb,train
0e9aeeaa83e7f81f,train
0e9c22e35689c4d9,train
0e9cbdb506b73635,train
0e9d23c012715d1f,train
0e9e882b65ff7ccd,train
0e9ed031843eb506,train
0e9fd816390eb1c3,train
0ea0326061b1d6a1,train
0ea125f0ff59beac,train
0ea1c794793b756c,train
0ea38e1f279ffb33,train
0ea4ebd3b31cecbf,train
0ea850697735267b,train
0ea97be68a7a7592,train
0eaa7a87014e1926,train
0eaae59f5503f296,train
0eac6f75db665a04,train
0eafd388be7e4bcf,train
0eb08f04d286e1ad,train
0eb21b5b8e73ad50,train
0eb2484d6ddc1ecc,train
0eb2ae45f2359246,train
0eb6162b194cd034,train
0eb8ed01e9457ff0,train
0ebdc870963b01f4,train
0ebe6e3b9d00ee4d,train
0ec681d24cb62a19,train
0ec70d8d939aa235,train
0ecb15c0f83bc792,train
0ecc433bfada64d7,train
0ece3002534ca878,train
0ecff30a6aa47a13,train
0ed043bc4be4c831,train
0ed28675e93d5235,train
0ed3c892e37184ef,train
0ed4d7d6c57b04ec,train
0ed5fdf98fdac07f,train
0ed62349869e72c2,train
0ed6b614c35b2ca3,train
0ed707217fff6d12,train
0ed7c407af33d166,train
0ed8cd1409921755,train
0ed9148115943166,train
0edb0774036a00e1,train
0ede90b4d577466c,train
0ee2069852247524,train
0ee359a394c923d0,train
0ee58158c284eae8,train
0ee9ee969d6c3e38,train
0eef064a3adc7380,train
0ef163c1a76e0b30,train
0ef4db725f5f65d2,train
0ef62eed8b398300,train
0ef7eca501711955,train
0efa09b2c8721697,train
0eff50e33c68eb1f,train
0effcec989fe0dcd,train
0effcec989fe0dcd-2,train
0f020ff49cf033d8,train
0f02de356f3ed51a,train
0f08e3f0a58b80e2,train
0f091720123559b0,train
0f0bf8d950c4992e,train
0f10382ad12eb44e,train
0f124b9e03b1b83f,train
0f12bf790ce9c85c,train
0f157272a7aa4b9c,train
0f1636c47f5c0e36,train
0f1824e2d0847d1a,train
0f189878dc76ef76,train
0f1951f9ded8f855,train
0f1abb4320ed5d9e,train
0f1b3905b3f130e1,train
0f1d4f198d99e3a3,train
0f1ea4dd8e7c5a30,train
0f21872a1befc5cc,train
0f2460b39bc4a49c,train
0f256aab51820547,train
0f25ff307da24b5a,train
0f282954cc7a5f58,train
0f29e7ba1ae42bde,train
0f2c3b771d5d0c6e,train
0f3071cb5a8baf40,train
0f317137cc722c0a,train
0f31e463b1825604,train
0f34129c38ad4a32,train
0f3a4e00b9f7fbc9,train
0f3c421fca46edd3,train
0f3cadfe7a10eaac,train
0f3eb4217c8b52bf,train
0f42cb719ef1e19b,train
0f45061f7d5b6222,train
0f4835f06c804a0b,train
0f49db6e61e8b18e,train
0f4f176dc22cc13d,train
0f53050d9f5b9cf1,train
0f53b4c8ae8db03f,train
0f57cc7f15c603d4,train
0f58db0ee97b5fd9,train
0f5a15d7ad9bfc69,train
0f5ab2b8b5473233,train
0f5eab15dce3f3c4,train
0f5eaf49ab81ba58,train
0f5eafc0ee8ef281,train
0f60d85dc80aa96a,train
0f6523ea8550dacb,train
0f657982574ebd33,train
0f681e9d52dcb822,train
0f6b2e07bcb5bc74,train
0f6cf12da7961f4a,train
0f6dbbf56e25fbda,train
0f6e6bcd6ef7a26e,train
0f78cede4828ab50,train
0f7a6a2a110a7085,train
0f7a926427b7ec5c,train
0f7b73334f1ebfae,train
0f7bffb6727ad6a7,train
0f7c7a48e4f89b33,train
0f7dc19a9c08c073,train
0f7e26d7b6578200,train
0f808d91ce41713f,train
0f87703e709d78d0,train
0f883c97e2430fd9,train
0f8868202d589dd4,train
0f8958145b513651,train
0f8ff6601b1c0c7b,train
0f92a5e7f8345838,train
0f94b8aeb3e942c9,train
0f9723c73447dc13,train
0f972482dd808c69,train
0f995a783544f00c,train
0f998a639c014b02,train
0f9a976aecaba5f0,train
0f9b31307525ab47,train
0f9dad9c1f09d2f7,train
0f9de9230c0e1ff6,train
0f9e0e5ab0dc8bf7,train
0f9f3658a203209f,train
0f9fcfb97f855d5f,train
0fa00270378e62f2,train
0fa014f7f1ec04c4,train
0fa2159b37c2010f,train
0fa248d3a2bb1841,train
0fa287fade6c99eb,train
0fa3ce996176c69c,train
0fa3dbaa0240ef0d,train
0fad32597f2d9d03,train
0fafb9e9f6e786ae,train
0fb4964e0cfbf632,train
0fb65c25f9fa2461,train
0fb702271ee1e90d,train
0fb704a046ae5595,train
0fb7e26d34347748,train
0fb7e36fba5cb713,train
0fbc6fc13e0cb6bb,train
0fbcf1e9f06c1ced,train
0fbeada0375d88ec,train
0fc24624fc408884,train
0fc4a4865e8ae83a,train
0fc7a67ae11da9a5,train
0fcae77c52133546,train
0fcb6f8c3849eb55,train
0fd082fff47a44f4,train
0fd516e76f77676f,train
0fd6c0cc77e0470c,train
0fd6c5f321b6be5d,train
0fd9293bbb22522a,train
0fdbb5cf255ce3f2,train
0fddc8b5089b210b,train
0fdde7044b5778b3,train
0fde46d5cf02423a,train
0fe07700d89c92b2,train
0fe14749181d09b4,train
0fe32554fa20947c,train
0fe5358288a8895a,train
0fe7d97bd4bc1712,train
0fe854bd7c09fdb8,train
0fe86a51da974e82,train
0fecf510e4a39a44,train
0fed0687b8c89945,train
0ff1e33cacfc7993,train
0ff500ec9ab1cb2a,train
0ff597d6b7da3e14,train
0ff7d252e4c036a1,train
0ff843dbfff95972,train
0ffac395651d70b7,train
0ffcad862fd000e0,train
0ffcc03ce8192000,train
1001bd99b24d3ac3,train
1001d2de97812c01,train
100a5d5a68d414b8,train
100b940e88487c47,train
101009dff0e82783,train
10132f617c2abd94,train
10139ee858c2ce0f,train
10167cbc57e0c2d0,train
10182b4488fc7066,train
1018932a3c87046d,train
101afab34a17794a,train
101c90bcdb75624f,train
101cb754f67b77d2,train
101d0b4d206dc720,train
1020b969b6c6bbdd,train
1022c50494dbbc14,train
1024e96adc40fe8f,train
102acbdbf5826c9a,train
102cb0095b5f07cc,train
102df56a2ad7a54d,train
10347741000b3b53,train
1035f48d8a1a5b64,train
103a169e7ae619bf,train
103bb8871ffd2eea,train
1040ca76ff13ba32,train
104276db02480609,train
1042db4c6150fbf3,train
1045c9a93e820265,train
104e999b8288b771,train
10518f60d5a4f64f,train
1052b807c27b2450,train
105535bf7ccfb6fb,train
105615d4619f08f8,train
10566267b1f228ab,train
106161167b88a77c,train
10620c7b6221e174,train
106441476b6e1d38,train
10682f6f8836215f,train
10686dfe84169bc0,train
1069d2ddf563e319,train
106d7ed7364e6f90,train
106f14493d3ccf8e,train
106f6464c6ddb77f,train
107009ac9da9f1fe,train
107143b83cec7cfd,train
10765da3ce3f6b12,train
107c0efb62f84ebc,train
107ccf80f2801c8f,train
1080550d49c16ff1,train
1082f44c72bc4a12,train
1085fef8b8b57464,train
1086e7a72286191d,train
10880089dc5b5ae0,train
108c8a5a1903653a,train
108ca073318c221b,train
108e846545da2fed,train
10908a9118bdf891,train
109116eaf94e5b67,train
1093e155bf5fe4f4,train
10956080a3fa4e53,train
1095f87215060ae6,train
1096ab2c4bf26e07,train
1096da8958cb0958,train
1097d6ce0ecc4c14,train
109e4535c999aa25,train
109fe62f0e524b4d,train
10a05397a27f78d2,train
10a46bfe4ea8f5e0,train
10a58e0288119239,train
10a816ebd762900a,train
10ab05b33f1ee6a6,train
10ac67fe8e3935ea,train
10af9d9a5637a54e,train
10b30acc2447cd72,train
10b33eab1a1f1bbe,train
10b505932d6cfd21,train
10b50c5a8e1ffe43,train
10b53453c245a2df,train
10b6a9c222d88249,train
10b79c872bdc777d,train
10b804eedf84c900,train
10b82d9ba5f05fe4,train
10ba1f373ac20156,train
10bad81901d2e4a0,train
10c401e7eba15252,train
10c7203ca8f3c734,train
10c812b259c73591,train
10c9833bee959d5d,train
10ce2f50ccb8b1b7,train
10ce59066b8a3516,train
10ceaf2dad2ff62d,train
10cff82b3a1956f8,train
10d1193a1fa4b45b,train
10d1c2a98dbeb193,train
10d44a1982b51e4a,train
10df2118d1bf5d93,train
10eb9e2636e0467c,train
10ef384e077a6f63,train
10fa84126f8eb23b,train
1103b69a2381f07a,train
1103ff9aa250629d,train
1105d71807b68433,train
110644bbcf67e1d8,train
110712bf0417ab00,train
110a5778e7c9f5f2,train
110ab98615611c8f,train
110d0885bb8a1458,train
11129e8e42247d2f,train
1114e8337788c1eb,train
1115a2eb030d8c6f,train
1116ec0468b054a6,train
111878b628a3e5c5,train
1119103052ad170e,train
1125f84fd3289cb1,train
1126483c65aeaf29,train
11270c377250fc70,train
1127efe95edaf75f,train
11290cb538c0a561,train
112aba2d0af99d46,train
112cc6358ca9c1d1,train
11309834f3827d9d,train
113373f3b632a084,train
1135ea57213f7baa,train
1135eb64c1e4ef1e,train
113886a6a0365151,train
1138936ee8291d3c,train
113f4e796d58086c,train
114234e8a112d9b1,train
11442bd8e0d1233b,train
11457a4c9a5d2051,train
11458390428b5f08,train
114659b806ad23f5,train
1147ab345878b512,train
114a0d31d8af04e3,train
114a2d58a98e0ece,train
114f20946e68d2d7,train
114fd63fdda2e41f,train
1151ebb16940a49a,train
115281e7ce75ff9c,train
1153d0243d76ca25,train
1154d3acf7af148c,train
115822ba792fa771,train
11595f9e0f2a3490,train
115c490de0a7956c,train
115f0af6054a80d9,train
115f0d45fd80dab7,train
115f2671da0e3d09,train
115f472cbf6f7394,train
115fb97f0885ef59,train
116201031bff04f7,train
11638c665fb14f63,train
1164dc9ca701a40e,train
1166134df260ffbf,train
1168bf620836bf1f,train
116994aa9bb73e63,train
1169c5b4b81eb0a4,train
1169fa72cf3cc6a6,train
116a814764ac1123,train
116c95b966621beb,train
117272de0330072e,train
1172fed23b768615,train
117a8a167a875e89,train
11805a8e79f4f478,train
1180d31c6cf8a6d0,train
118691a3aaf82389,train
1187b8ca24dcd1e0,train
1187fd7006f47572,train
1189797d5016a156,train
118a429388f56ea4,train
118efe8bf3973392,train
119088b6af696444,train
119270f8484a9fb2,train
1196b3b022309dfe,train
1197cbe54f8f33c6,train
1199cc36aafa75e6,train
119bfd4d71da2ef5,train
119de313a7c3ea79,train
11a152df844c2da6,train
11a2fb008abf5cca,train
11a4b3cef1f44d7c,train
11a760dc6eb08a55,train
11a9e9ea7ca6d87e,train
11b12d4319cb9ff8,train
11b3063311459117,train
11b4ca670a4ea5d6,train
11b766da2b80e87f,train
11b7d35490b625dd,train
11b8eb6a1542b2e0,train
11b8f65f5652fdd4,train
11baa5cac6662262,train
11bb96b3e6a62d2c,train
11be38b32a2ec596,train
11c1ec6ab29413b9,train
11c3a92f12fa1d91,train
11c7eb179533b202,train
11c91d0a6460f05f,train
11ca8d612874bcde,train
11cd46ce444413b8,train
11cdf95cbf326018,train
11ceab94eb399401,train
11d2ace67506ba84,train
11d2c434f6789dd0,train
11d4e53b5937506a,train
11d8e5b51ae4c7dd,train
11d9bb95eb555bde,train
11da80cc972976f6,train
11dcc44907362c33,train
11e198774d44b72f,train
11e19b43572c5942,train
11e66b6f24febbd2,train
11e7419b4d8fb9d6,train
11e7f79abf7c9d06,train
11e87908225ab68f,train
11ed210317c0e39c,train
11ed86b4c3b37e1a,train
11ee9d695b23b86d,train
11f13890064b8dc1,train
11f1f7ce2a7bd970,train
11f63dbf4cab7d22,train
11f65eab19f23f2e,train
11f8416b35ca3bce,train
11fc33451092211c,train
11fc939f937a84f7,train
1202b30f91222bed,train
1204dcba1be778ce,train
1204f14e16cb20cc,train
1205a14f45695653,train
1208f004092316b6,train
120ffc9a896b7fae,train
1210268ef04df4df,train
121044e45c6ee7ac,train
12104bc6f57fce02,train
12134ce2fad700f4,train
1214a0f01305093e,train
1215e21410867fa2,train
1217f6afc7f76ea2,train
12185e81b42d309a,train
121d3b29f38111f6,train
121d3eddd2540d59,train
121e71da43c26f1d,train
122148e34181bfdb,train
1221f4a64f229ca4,train
1224837b4d58c6b6,train
12279a2134a5378c,train
1227bf9e39b4dbd0,train
12287c805ed098ac,train
122c21815131d648,train
122d2cca55cd7195,train
1235c8347eb15e54,train
1235d5cd740058b9,train
12362ddada899543,train
1237f9cb4711c2b3,train
12393eaa4dc590ab,train
123ce1d5399502d6,train
123cee69fa121e0e,train
123d58db666f9f4f,train
123dac4ba26fe207,train
123f9fc163ba0306,train
1241b4f4abad7c04,train
1242609443fbe450,train
124325c7b7319096,train
124325c7b7319096-2,train
1244f5fc199b03a9,train
12464ce5a9ad693a,train
12477f448c0abc95,train
1248603e10a23d2c,train
124abdfb79436b7f,train
124d2f13b38a2fbc,train
124df66651dcde33,train
124e94291e799114,train
1253299f68fb57a9,train
12536c6f102c6386,train
125a64c4364d0e90,train
125e79e49864f8a2,train
125f057f57ca975d,train
126170c529206efe,train
1263047a29963fcc,train
1263c4667d02e4c0,train
1268a846f10cf3d2,train
126d58eedd4f5dd8,train
126f575b6dc06159,train
1271e97274ac1837,train
1274233f85149fad,train
1274a40612350a88,train
1275929f3e41c74a,train
1277579c861aba6d,train
1278a5317ef52449,train
1278ee297701441b,train
127902845b95f2cd,train
127a42e2ee390e25,train
1283e4d17e7d3163,train
128786b9419f8adf,train
128fbbbba5b7a22d,train
12904aa1f4c9e633,train
1290c931d3ff7e48,train
1292b94fb83f6322,train
1293725807cab51f,train
1293d2ab6442ddce,train
12943db86fa87b95,train
1295818f2278368f,train
12989bd817b25aef,train
129b2d2c3d0167e2,train
129c71ac8f2f9490,train
12a0c09a96bcb596,train
12a335b739df087e,train
12a75bd02643139a,train
12ab5be46f1b08f2,train
12ac13d3e07ef42b,train
12ae7e47d43cf170,train
12b200b22e3fbbc9,train
12b6fcdde44c2947,train
12b9f02c715967b4,train
12bb3750d837ab18,train
12bc69119020cd2a,train
12be5d806caea479,train
12c081a75a9761f4,train
12c0a7721c5ba0d9,train
12c2170abc55e60f,train
12c23b66c9e34750,train
12c48c6d65608175,train
12c55f4e3b447235,train
12c6946cf47d9d1a,train
12c863fce5cba4bd,train
12ca5550220966df,train
12cb3f0ed5236d10,train
12cb7db0d159c42d,train
12cbb802b37de6a4,train
12cd74657ca29bad,train
12d3f363c7b45a82,train
12d57468112dc247,train
12d8237766830145,train
12d84bb8cabbcc41,train
12da95a81328dcd0,train
12dbc12dd3f07629,train
12dcfbc78df461eb,train
12de743bce377ea5,train
12e023dc323476d9,train
12e060536f178c79,train
12e17569d9684861,train
12e683ad89bba6c8,train
12e74d5681240c1e,train
12e7587c35e6482f,train
12e7c6f43b2b6474,train
12e7e08df16d145f,train
12e86ba96c5db887,train
12e978a7fc7c4e71,train
12e9a028c8e7bd5b,train
12eaa5b5bb07c6a1,train
12ecc110ea75b6a2,train
12ed8a04e75cbd08,train
12f19a54a6b9e35d,train
12f428c82f51b013,train
12f4a41eddcf7886,train
12f61d1421239018,train
12f64acda988bd7e,train
12f7a661634e1765,train
12f9fc4a1877d955,train
12fb42984124be73,train
12fd50321e373b3b,train
13019fd3e1d7ca6c,train
1302078df9983b9a,train
1303133b33eedc04,train
13037a4e5a2c4fdb,train
13044da632781569,train
1307007fc788acb0,train
1307fee5923a728d,train
1309086b3c9ed7c6,train
130a3fb64d7fe165,train
130afaf4d66bc48d,train
130b14bda67067ac,train
130b6a16ee2e7f7f,train
130b97ace6d4064d,train
130f7f86dfa00a3d,train
13104b9bfd988859,train
1310ae439b6129f4,train
13171692ae99c98b,train
131730bb7c96c6e9,train
131861c3abf83841,train
131dc9a4f292f891,train
13248b86022ee993,train
1324b05ef58e235e,train
132a054f0fc0c8b5,train
132e0d3b1913c222,train
132e85bc836f1a5f,train
133397be4e0c682d,train
133437a02df93287,train
13348877720c5071,train
1335d419d23897bc,train
1335f8eae9cf360a,train
133aa8716d1b92cf,train
133ad94560996f5e,train
133b0e25e1f23dcc,train
133e66d556abfb10,train
133e8fb54845809a,train
1340461ffe17c9f2,train
134340873cc96a0d,train
1343d02358e197c3,train
13459709010826d9,train
1347f1f292b73978,train
134957d9a30de5e2,train
134af384b79408f7,train
134cdd1c6937cf37,train
134e2bbc48d90c80,train
1351f0065a90e471,train
1352561011be3633,train
13527bc97e93ec9c,train
1353d5e3807b9330,train
13560d8826c64c2d,train
135ec8c74ac203ae,train
1361ce080f830b20,train
1363c4c005215974,train
136796dab09de898,train
1367e2739917d0f1,train
136a295381cd5987,train
136b7273764e66bf,train
136ed4bb9a436a8e,train
136f232f1bfa5364,train
136f5c5ee616a013,train
13707baaaab933dc,train
1370956bb02aed74,train
1371ba289d370414,train
1372b1e438361a49,train
1372d028334efad9,train
13741373e07aaf43,train
13756971a6ac3d9d,train
13786c8a3a600f3b,train
13798601c85cfb4e,train
137a379664567694,train
137b30d05835965d,train
137c262410fd4feb,train
137d5a91a363b350,train
137db82927e01e4f,train
137dc82ed8bfb108,train
137f09943bbd7298,train
137fab4cb6634ac1,train
1381626eb7394f32,train
13818d4206cc0323,train
13824b48e409cc1f,train
138630d77516a881,train
138715cba11dd774,train
138960b8198e7684,train
1389cee0307285f4,train
1389eff864e61fb7,train
138bd059e1448475,train
138bd1c0a244669b,train
138bededf0631fbf,train
138c80f85883a5d6,train
138d4762b9352c31,train
138ee73739cd5ed2,train
13900ddc2a42f22d,train
139102f58c9324a9,train
139102f58c9324a9-2,train
13950319cd82abfe,train
1395a3712aac9555,train
1399c3d28ec672b0,train
139a3a0b70ed7938,train
139a7f1a68414714,train
13a27c3089b92726,train
13aa249245e8a171,train
13aa2f5735e8d49d,train
13abeaade406ce7d,train
13accb1b4292718b,train
13ad1c6b1e68e574,train
13aea9de886cc075,train
13aebf049a31b589,train
13af22c82244ed0d,train
13b342db0e856651,train
13b37e4af18f3679,train
13b42acfd1675fb8,train
13b4a18b2e1a5594,train
13b6f7e231329360,train
13b8249bdb5b6bf6,train
13b8a1df6afa0ee2,train
13b8c5d487431a4d,train
13b980c091f823cd,train
13ba09aa9c189403,train
13bb0073fd4a1d6a,train
13bd0fa948203445,train
13bebfd15cec8f4e,train
13c1187b9960de92,train
13c12ab364afb894,train
13c1adbcc0516af7,train
13c7f6b97c12268a,train
13c8063e770b1c33,train
13c85134c7f542be,train
13cbdf9564e1e4a6,train
13ce795a4504acde,train
13d13bfe799d9cfb,train
13d1d5e8613da314,train
13d664cc98783631,train
13dbb700a162da45,train
13decd1095a7a0c8,train
13deda2c26583696,train
13e143b442663bd2,train
13e2e5b705efb036,train
13e57ef897f61e56,train
13e97a59556073b9,train
13eb2d057345ab8e,train
13eb35e4cc6ae53b,train
13ec426a7e833203,train
13f197d730e52ba4,train
13f2b6cb5cd1de02,train
13f43978e5e91d66,train
13f4f30b5d0b05a9,train
13f74b227e25cfe5,train
13f9d604df511c1b,train
13fdc9a498358374,train
13ff135e5522e7ea,train
13ff552b1f15b294,train
1400d909ec999e14,train
1402ad2b8eaa75a6,train
1403d071e0d343ef,train
1403f8b96052e289,train
14044897ab155ee3,train
140ac2e5d6bb8de1,train
140bb918c63fa10a,train
140c389ef39846ac,train
140c62f934eb6362,train
140ce5833c389136,train
14120339731aed4b,train
14125198ed7c18c5,train
1412d381c442031d,train
1412fe56b1200c87,train
141638ab4419381a,train
1416b4ce0d4f358b,train
141bc1cc1d4ff740,train
141cb57b5395e025,train
141eddcbe001bc05,train
1422f95ea71bc0f7,train
1426a7108ef360dd,train
1426ab2b5d34c670,train
14288f7ddfba2f67,train
142b36fdbaa07360,train
142d86c2274258e7,train
143160b6169b21a6,train
14318718eb23b6f2,train
143436a3fecca840,train
1434c3760037b42a,train
143701793fa570a5,train
14372924695a1ed3,train
14387033c4ebe9ee,train
14387585dbabf379,train
1438f3b12d6afd15,train
143bedde9e723229,train
14447f5b72ea4d77,train
1447123e5f189e93,train
1449f7d9778fde67,train
144dfc1003e59367,train
144e22b2decdb062,train
144eda9a1e739920,train
144fb9d507abbcbe,train
1451641f0c951d77,train
14525f0c9dd83366,train
1453c59a5bdc8ac7,train
145ce991d7e2232f,train
145ddecaa114312a,train
146098b37176c140,train
1465ed17a1a74910,train
1469ab8a4cd89e26,train
146b683fb5a00393,train
146d94bc73ba14e2,train
1471c39f14f040e3,train
14729d89014c9844,train
14780b5df7679771,train
1478854f3d13cd05,train
1479184508fb6141,train
147b8731dc8e1ac4,train
147c0fd389666f93,train
147ca7c1c94e7165,train
147ca7c1c94e7165-2,train
147dba1694cc63c2,train
1480c043ad222306,train
14855abd4796983b,train
1488acc335b01a87,train
1489bab1523cd732,train
14945b39764b884e,train
149536c45f4cd008,train
149596a12aee9c04,train
1495f47cfe89a05e,train
14963332e2807edd,train
1496ea960f58f024,train
14993dc737257d73,train
1499d17ec20881cc,train
149b00ac13e05deb,train
149d34590663fc17,train
14a1e84bc3a2486e,train
14a43666b7b0f9a8,train
14abf631b40fff15,train
14abf838b1295ced,train
14affe391ee4463e,train
14b0ae011eb51e6d,train
14b11b90c4e416c1,train
14b1b2e40b970dc4,train
14b1e347b979eb81,train
14b45651596bd40b,train
14b4b39dbbbc055d,train
14b5614a97c819bc,train
14bc52164af69681,train
14bcbd81d9b496a4,train
14bf2ec78de93271,train
14bfb1fd7c18c577,train
14c0909c8249c6b8,train
14c9952396d18411,train
14c9b22ee449e131,train
14ca0201c647e9b1,train
14cc3cf360ef039b,train
14cd0897ea0ef8dd,train
14ce3e595d712b42,train
14d2032e5c61b64d,train
14d347bd66a746be,train
14d456cc60afe24c,train
14d5d3373da09747,train
14d64e47963516e7,train
14d7200111032d5c,train
14d9d3984562fc3f,train
14d9ebf1006624be,train
14dc4a08fe710805,train
14e002a2ab1b1e73,train
14e2e7b6ac5590ca,train
14e35150bb5bea45,train
14e9c5824f36a34a,train
14ecf29a98e34e45,train
14ef2a76e724f4c0,train
14ef5684c65708d3,train
14f43a4f3e401f56,train
14f8052371a89f8d,train
14f8e57c460639d1,train
14fafcda8cfe201d,train
14fbe4d1b436bc44,train
14fd446f106bc3b9,train
14fef8875797fec7,train
15006f2e10346aa5,train
1500d1ba93ae6c4d,train
1502c292e51f6204,train
150451a917ef78c3,train
150886d0a38e3ba9,train
15088a2519e307c2,train
150a4549d97fe9d7,train
150b13d2935b9ca2,train
150b22e910959963,train
150c099e93893711,train
150e8dc02565ce42,train
15112af28def7887,train
1513a8db9d2574d6,train
1515de1c7d9bd035,train
1518b8b8487b7f04,train
1519f7f71523f407,train
151befe8f9bcd11c,train
151c94e4879c05f0,train
151d4095ffb70292,train
151d94a4277343f5,train
1521c156a9f0041a,train
152326730481f187,train
1525b49ef223a94c,train
1528fcfb3debfbcc,train
152b584b1c34f30b,train
152dde3d5bc55d05,train
152f3f54919f252e,train
152fe4fc4612b535,train
153712b33963f0ca,train
15379133bafb896e,train
153d7d609e793f7a,train
1542bad49684bb58,train
15434a98f132bab8,train
154449c83f925f43,train
15471e9115bc2a4a,train
1548c36e469f84c2,train
1549e1672b8df3ce,train
1549f20232c640d9,train
154a22fb543acd6a,train
154d248578f21499,train
154f315d789b6a20,train
155cb917b23dc1f7,train
155ce1da8634c683,train
155cf39c34e9e510,train
155f3ed15a3e781e,train
1563d74b649cfed9,train
15649eeeb8e562e0,train
1564f9b2c4ceff22,train
156556a1fb65384f,train
156a1aeaa0d371ed,train
156e01d2e6e51974,train
156e57bd8ddfc31d,train
157009024a30562e,train
1570f2858114d8c0,train
15714e43ba0b29fb,train
15738ea8cc3fb4b7,train
1573dfb99f09379a,train
15745a71777caf8f,train
15763bda91eb36ec,train
157658e5d983a482,train
15771ae400ccedfd,train
157b27974d7bcabd,train
1580785ee9746174,train
158215171429c258,train
15837a35a0c81ece,train
15861102aea3e63c,train
158a4ca1f403a611,train
158b3cc26dd0eed8,train
1590d0e56c5b2ecc,train
15926e63cd8861f7,train
159275e5a1f8e474,train
1593f4ff5d67f077,train
1594386d21eaff05,train
15964334d36a6be7,train
159ce1a518cb39ab,train
159ce1a518cb39ab-2,train
159d33c76a057f6c,train
159d78ed49a624af,train
159de837e5e93a5a,train
15a1dde0a6ee64e6,train
15a47206e6bea8de,train
15a5a4b29bc14ea0,train
15a5ff0c1258588e,train
15a72eb88a14b377,train
15a7c47c45a06e75,train
15abda0d3df2f03c,train
15ad4d37e4da51e1,train
15ad6beb960bc19d,train
15ae25caaa69be1c,train
15b108fc2745f8f5,train
15b233987b92fa8b,train
15b7669d97f359e2,train
15b8a5944911a06f,train
15ba309dc5de2a2c,train
15bbbb0db5bd9ac4,train
15bc5decc40a2dcc,train
15c23a5f5a97a64e,train
15c785b8cd583d14,train
15cc0b5bb2d9381b,train
15cc8325285e6361,train
15d72aff9cdc731c,train
15da6be03837f2c6,train
15dc56b043927bc5,train
15dc5a813885319d,train
15dfcdb9d0391e32,train
15e2d409ddf50a8e,train
15e94c25c6d8fb9d,train
15eadbae655851a7,train
15ee3fce1ed2fb35,train
15ef5cfe1f962e39,train
15f26403228860c5,train
15f397265a71b96c,train
15f4d13a69c9bd04,train
15f6b67163b8f421,train
15f7ea0d049937d7,train
15f87af8700de4da,train
15fa5c6bec898fb8,train
15fead5c58358143,train
160014907c744a7a,train
160737471e59dcd2,train
160be4e8b34d1e9d,train
160c69a4aca41850,train
160ca941fd6a2e7b,train
160dcb51aa788089,train
160df29b39ab01fd,train
160e139468cb28aa,train
16116540ed6808de,train
1611ebe203f8974d,train
1614ff418d6a0086,train
161612f80376dc87,train
161938aeb3cc45e8,train
161bafee047975c7,train
16217747aa3fab5f,train
16219f8667462952,train
1622fb137b429786,train
162468d86b011aa8,train
162549e1d33ac543,train
16259549671cc4fa,train
1625f34ca6bf6fb0,train
16270d710ed73cb8,train
16281f7ab05ffadb,train
16290d8a35139178,train
162aa22980c2a5dc,train
162b39fed4f53f52,train
1633cedc43615c5a,train
163835f087ed55a2,train
163b6f1eaab01de2,train
163b75e5f1bd951c,train
163f8204275d897b,train
163fa12349f96ce2,train
1642a9af49a8e729,train
164309a2320ea3e6,train
16455acddeb117f6,train
1647443f461df569,train
164ac962e53be5ef,train
164ce6757dac0c31,train
164d1ae2b71de4fa,train
164d9ee6460853fb,train
1652c1abf1d8095e,train
165494c2a684da5e,train
165656cdc4572e1f,train
1658f2032ef8bb17,train
165a79adcde403a1,train
165d03d6e6b4e30e,train
165eb5a8490b62cb,train
165fb250a7ab7cea,train
1668cfc4c165929c,train
166b6617df8c4571,train
166c0a5d969f0dae,train
167046becd1e64d3,train
16714cd9779c831e,train
1672b8fa4f2cad46,train
16734531992ec810,train
167382b50895c8ec,train
1674a969c13a8b95,train
16750344f574ad8a,train
167581da047d36ea,train
1677e36edf88efde,train
167c0f36220a6af9,train
167cad78a63a2ba9,train
167cb870552b21c3,train
167dbe4e9823f469,train
167e9a4eb40636d6,train
1681ad38b5a42f87,train
16823dbf7aef7317,train
16833be93a46a68c,train
16837ae45951f896,train
168872289845dc8d,train
168edde1efbd0cc5,train
1690733de8358792,train
1694d6d3ce0eda43,train
1696a3aa4ba32ea3,train
16975c21fa8d9503,train
169895e383439917,train
1698c104a8b5f43c,train
169a4d468f6ba54b,train
169ecf0f5077af4b,train
16a1454a633399df,train
16a24dd111590805,train
16a4f508e3a9a4a3,train
16a73dd592f68b99,train
16a8fcd50e62f252,train
16a922cb1bdba78f,train
16aae1dace6d5143,train
16b1b85440853a05,train
16b367fc2ba83504,train
16bab34f3cbf75f3,train
16be66dba4d90968,train
16bf927abeaa6ba9,train
16c09f562b65e24e,train
16c0dc8adfe04a57,train
16c76e941abc3681,train
16c89661ed0e31b3,train
16ca49397b24d991,train
16cc8522b569baf1,train
16cfefab61e12987,train
16d022371f55c114,train
16d09a640f61e3fb,train
16d2492e32bd744c,train
16d348ae1e0e93d2,train
16d3dd7bd2ae649b,train
16d44536c5df7dcf,train
16d6dd505151dca9,train
16d76981147bf088,train
16dc0be34ff4711f,train
16ddfbf540d57227,train
16e1447080a2cb28,train
16e24948b18d9054,train
16e291baf2613a1d,train
16e2c9b64e1f6145,train
16e4cf4fb33dd051,train
16e53cc0c1812975,train
16eae849684c5a58,train
16eda68a4e7c5cdb,train
16eec3a1b0cc2bdc,train
16f23cda219a319c,train
16f3ed64faedc482,train
16f52459c0d241af,train
16f53dbb8bafa4cf,train
16f5421a2e8c5b4f,train
16f59091ab76dd9d,train
16f5fe5225d7aab9,train
16fd1918c6a32581,train
170496ccdaccdf0e,train
1706c099db3ab54b,train
17094bffb3644cae,train
170ae03d24b64c4f,train
170dd9f1dd83a661,train
17139dea8869ca7b,train
1713ce5189d962ad,train
17167cb092685331,train
1716fcd9dac7cab3,train
171784df9d078201,train
171b11af51430fa1,train
171c1b43ddb81563,train
171ebfc5b108f113,train
171f0c0cb11f06cd,train
1723173c6b08050a,train
17235f268d6b589f,train
17278364e17c0083,train
172a916bc7604170,train
17325f79456b4df6,train
1733c273f8de4227,train
17366de1c81c8d87,train
17367eecb22acbec,train
1746786d4a15409f,train
1746fbe1f66601a1,train
174b6a94b2fba6d5,train
174be396f848623a,train
17531968cd3aea1d,train
175588185cf99f1c,train
1756acb95c5072e1,train
17570283a5446dbe,train
175df7f3fee7209c,train
1760ac8515b7c8b3,train
17653134b085aeb6,train
17680904bc524098,train
1768dedc8e0a47f6,train
176fbf155e2c6a9c,train
17716ecce26ff908,train
177494300854c3cd,train
17799bba19226089,train
1779d7093f95c7fd,train
177a61f4c7389d9a,train
177cbf6b892039ea,train
177d0c1fd2b6d8ba,train
177d62ff2edfb44c,train
177f0ebf5418bff6,train
177f87b78a736b7b,train
17801ba4a2714d63,train
1787208636f9e704,train
1788baf730b48e8f,train
178b27c3ce1e5f8b,train
178cae7ca115ef92,train
178f89943f01ddae,train
178feb1f0675b05f,train
178ffae5d966ba45,train
1790ac1d14cabe28,train
1793c999c3688bd4,train
179454f8f41e3c89,train
1799836c4ea29ffa,train
179aae53dd5b813f,train
17a11369763bac9f,train
17a547b1e33c30e2,train
17a5704a88fe96bc,train
17a57ca5b4b48572,train
17a722d929653a1a,train
17a8cef6bd8bd038,train
17af05efaac3677e,train
17b0204c5fd402d9,train
17b281b17b0737be,train
17b6f011dadcf61e,train
17b73ab89d30fb1e,train
17b8e6b1856e6ff7,train
17b9ea2ab94af2a8,train
17bbdb920fa2049e,train
17bcb43ca44c1231,train
17bce2eb16be21bd,train
17bfcda88d57f0f2,train
17ca9aeac71e3118,train
17cc5e5e866b3f9f,train
17d151c859f47e2d,train
17d3f80969acc746,train
17db0a2ed445643a,train
17dd7f8f258b2026,train
17ded885cb6ff532,train
17df8b66f199dcda,train
17e392955795da67,train
17e575223d168dde,train
17e88374d8bbb6ad,train
17e930fa91810382,train
17e9bf8cbdf331ad,train
17ed67f9ab90428a,train
17f01a8d3a45503b,train
17f02a9e6cf28cfc,train
17f26b8c70f8648c,train
17f4a36086a85909,train
17f4d9ba4536e61d,train
17f508b4fdb97d4a,train
17f5b239ef0a6894,train
17f7b8d9e2f581a4,train
17f9bf25af7f731f,train
17feff56e70b2853,train
1800a63d07cbd7dd,train
180227a052ed27f7,train
18059875f7f3ba4f,train
1805f58097791d0f,train
18068c4462b9de55,train
1806b3369ecf7984,train
180955b038153cab,train
180b8fe6fbcab899,train
180bae409fa315b6,train
180d547e35a5bf60,train
181238d68bb5c26d,train
1813ce2a2d3662e5,train
18156c9a992e4d24,train
181cc5cf20ff5d54,train
181d67daa6919a41,train
181e9a7d9030be17,train
181f2b293319b5d1,train
1820383d3788acf0,train
182051e31c02d5cc,train
1821b81fac5c61db,train
182814b0fe900d51,train
182862d8cbb15c64,train
18286e525c32d639,train
182b516c1e586e36,train
18317d3113014577,train
1835d5674f6b5697,train
1841011248459bb2,train
1843b6fdeff21a72,train
18476014d99f0799,train
18493dda496b00f0,train
184a4d268769fc0b,train
184af3a92d6807c1,train
184b6fa1b9315538,train
184b6fa1b9315538-2,train
184bafb626fb7055,train
1851e7c5ceac6224,train
18527dd273d47c68,train
185577741f0b4cf0,train
185cbb60f83cd340,train
185d94cae44b06dd,train
185f60dfa783d188,train
1860253fe62f3e49,train
1860253fe62f3e49-2,train
1860b8a4d314208b,train
1862bc4e357420c4,train
186470ca52e5af3d,train
186b151f6276efe5,train
186d4671b2dd45e6,train
187350b3993b4404,train
1874765d562cb0ce,train
1874f4aac4e7f531,train
1875a580ce517a99,train
1877f94889cdaad2,train
187cad224ea8c035,train
187d25967087d1d1,train
187fc74e861298e0,train
1881ad8d67d4e999,train
1883ca003f4a50fc,train
18855b30832caae7,train
18855e38ab704907,train
1888a71cb2f76a72,train
188ad237b12f92f6,train
188e3cff353fac9e,train
188f26540834bac8,train
1891d27374806bdc,train
1894c00c40b8eec3,train
1896b64ca717bac7,train
1896f4eeaae11047,train
1896fab0b18ffd4b,train
1897985f42196adb,train
1897bbb54657bc45,train
189884a52f4fa32c,train
189bd0c9202c0a99,train
189c734522521a18,train
189e64f7b9fbd1d5,train
18a2b4266df7ba2e,train
18a359f0b1ef0675,train
18a41cde211e2d84,train
18a41ec8cdc43716,train
18a4ed4efc870c7a,train
18a54faac98fe642,train
18a8f05303f18978,train
18a91a53aa31d2f8,train
18ab51147216bebc,train
18ac9547c643115c,train
18ad618947e086df,train
18b0ce4ed07e29c8,train
18b31ba0fa93a0d1,train
18b964a93ab2cb15,train
18ba0601dd8ccd65,train
18ba1b66f89ca9ad,train
18bc9cfa8e24aa69,train
18bd2c8192dfa3d7,train
18bd3e4eebc8d402,train
18bd51aba6cf9dfb,train
18bd6ba9076d9c62,train
18bf005b3f2a10ed,train
18c08c2eef4c90bb,train
18c0e9febae3602f,train
18c1a97f6093a0b8,train
18c7c136566dba52,train
18c8b297dd4fbbfc,train
18c961640470cffd,train
18caddab1cec909a,train
18ced32286061a6a,train
18cf14ee67fde100,train
18d111a7b3980fdf,train
18d2b331eb921e15,train
18d72de94107a4fb,train
18da27da382b9f0f,train
18da3e80411e00e9,train
18ddbaa5c37ef1b2,train
18dfe7c66986bc2b,train
18e2a27a654476ce,train
18e930e67315fd2c,train
18ea16bc10394f56,train
18eb56aee708e316,train
18ec61496de7a25c,train
18f10b070b707501,train
18f2e3dde13db8ef,train
18fc2589fdba2487,train
18fc82dddb75cc5f,train
18fd140746b7b2a3,train
18fd4ffc0a3c617e,train
190074ca34332c4f,train
1901e23474a78ce5,train
19025e477d58b704,train
190555648dfea083,train
190751fd83f416c2,train
1909f63f3ee73e15,train
190d2c7f6023994f,train
191293342fe66b7e,train
1912f360f1bd2862,train
191316588a56c5e0,train
191326f91d674e6e,train
1919f8c7e560d4af,train
191c33b7724074b6,train
191cadb5b1ae88c0,train
191dc6657cf2dc15,train
191f5ff94d513a0d,train
191faeffea086998,train
1920df2139d21bb4,train
1921ff459aa966e0,train
1922781b060c732c,train
19241d7e0358e5fd,train
1927af0375becdc9,train
1927c39d6db9fa71,train
192aee9ebf4aad67,train
192b65a6fd99deb8,train
1931ce9624870041,train
193249a70e8e83f1,train
1932b299d97a6d01,train
19374581d93c5eb6,train
1939b7e4c0b35e5e,train
193b2ba5801a5e22,train
193b3e5af9ef0f9a,train
193d385822cb1b31,train
19404a7edaead003,train
19430b7f93204e4a,train
194364e525e556a0,train
1943fbe1ea09ba99,train
19474029f5f4e467,train
19479ac67d473aa6,train
194a26c0b5f76df8,train
194b599ff6ed536c,train
194d6728e5285cfb,train
194f4873a6bda33e,train
194fd5cba2338c8e,train
19515000f27c8cf8,train
1953420499b9ee1c,train
195a4fd9e007f2c5,train
195c3fa3f568c765,train
195dbc6e1b736adc,train
195e4943c3836777,train
195e8c0d3393dd5e,train
1960f32bf6f9bb5f,train
1964f4c67e0c8d0a,train
19665faad86c566d,train
196bd8eb810c5b91,train
196f45ebc7a0dce4,train
19703da03d686f69,train
1970a00c96b5abf2,train
19720734fe7dd2a3,train
19748eece3e22ebd,train
197b9a8eca9e3fe8,train
197c7627d56fc654,train
197d0f49c6e99bba,train
197e73a941df39dd,train
197fa4e21e38b72b,train
1988e83664a7bf24,train
1989ce98006ff57a,train
1989f28f73cf7733,train
198bc729bf8702c4,train
198d558ba46386e7,train
198e39199b669a1a,train
198e7e7a02721995,train
19916a3ab5845081,train
199308f61408c6ec,train
19941888f1fcb425,train
1997394028a6b030,train
1999e0859058be5c,train
199a7b038d55206f,train
199ae9f79ef76fff,train
19a104a3f103eda0,train
19a4664e6cc32c34,train
19a5cca801053bc4,train
19a758ad09fee946,train
19a7b0d69ecbf679,train
19a7f40db0057896,train
19a91011358d26a1,train
19a963510b92aa49,train
19ac3b96255c5cb9,train
19af4b0022f22309,train
19b26ae1983298fd,train
19b314e456c6cfdb,train
19b6b38154c77101,train
19b7f773a9692c85,train
19b828e89bb3ee70,train
19b858a0857bd4c6,train
19c1ca2c3698a801,train
19c79d5c22f332f3,train
19c7b1a89d7bd013,train
19ced2e65e33388d,train
19d1182d58924e73,train
19d5e030f7d99016,train
19d7c9b62c892e2f,train
19d98882562ab892,train
19dd67895d2c6dcb,train
19e3fc77ac39e09e,train
19e67da29cb29763,train
19e7cb2b729f7381,train
19e7d5506474259b,train
19e7dcff2e3e6cdd,train
19e7ed2331faa46b,train
19e8c10167c3cdc9,train
19eaef66f9114f26,train
19eb3980767cc6f4,train
19ebe915e01ddae6,train
19f49f643ee4e6cd,train
19f77b41bf364f6a,train
19f879fb01c53715,train
19f8c9c66c6405d2,train
19f92515c3d4456e,train
19f9ed9e4eee0371,train
19fa30c8d9165272,train
19fbf81015cdd877,train
1a001accd1c04e12,train
1a002ebc359c9b46,train
1a01424765c288ff,train
1a01b852ea3c4b82,train
1a03d0dc82fa3066,train
1a04600eeed91734,train
1a04e66dc8378f07,train
1a05ed879af9a273,train
1a06a80298524264,train
1a06adfcdb613f51,train
1a0710754ad070b6,train
1a0831206dcf4284,train
1a08cb19b58f21da,train
1a0c2f308b360d18,train
1a0c707e498dca5c,train
1a0d179406adb18d,train
1a0f3e0e903c9a04,train
1a136d471880f1db,train
1a140c7892cc4ca8,train
1a18ec28408eb438,train
1a1a4466a95dbb9d,train
1a1c68aac4a2f6d5,train
1a1cefc95e630e15,train
1a2063f07e8e820f,train
1a242b1453a6dd73,train
1a27af1ff652b3ad,train
1a2d0e9a5f607a53,train
1a2e8cbdae2c1655,train
1a2fcb20726dd89a,train
1a334301cdcb90c9,train
1a346749e7f92ff6,train
1a35e43f5f9d0740,train
1a35e43f5f9d0740-2,train
1a38021b079d125b,train
1a38cd96b6aacc68,train
1a39a9ad7a84501f,train
1a3be8ee37ea39f7,train
1a3d7187f50cb68c,train
1a4012c815c0f5dc,train
1a42cc29d351eeb7,train
1a4562f7fe7f3783,train
1a46add5241421a3,train
1a473e8e58da19d1,train
1a4ce28bae32c14e,train
1a4d2679a98a61e0,train
1a5178e5a8b2d987,train
1a51ec490c00e414,train
1a54b974835b8811,train
1a559e5e64efc2e2,train
1a56dd640eea85d4,train
1a59612113bde822,train
1a5a39522e95739d,train
1a5ba21f6656e558,train
1a5c03ff07603fbb,train
1a5cc4ebbf94d399,train
1a5f66202690afd0,train
1a65ac606d041a37,train
1a66170877870680,train
1a6b46c684da30d4,train
1a6fbdcd77500e48,train
1a72aacf3822e401,train
1a73ed6de3f2f9ab,train
1a7473d67ff683fc,train
1a791be4dcfe75e6,train
1a7b311655c1f8b2,train
1a7bf2edd6067445,train
1a8103d02d4ca892,train
1a81e2d3694bb8db,train
1a82d4de9b270e4a,train
1a83be0d0d226c1e,train
1a844116581fcb7d,train
1a86e60a658e3768,train
1a87d793fb4c6207,train
1a96becee0660066,train
1a97eda34a3c4e1f,train
1a98cf4ef74f85b5,train
1aa213550f4d5b83,train
1aa5289f51738d12,train
1aa64392f6de799b,train
1aa66069fadc4481,train
1aa71b99936d5f6a,train
1aa8edd68a4ce39f,train
1aaf1969fa5e20aa,train
1ab1971b27bc5e43,train
1ab25bf05e493e00,train
1ab302139b20c0f3,train
1ab3148e98dbdb4d,train
1ab324fa0ca8db2f,train
1ab35ee18e83b526,train
1ab40d290c033f1a,train
1ab49d4ec80ed6c2,train
1ab5ef72c30d45d7,train
1ab78c4c687449d9,train
1ab7b688c0b8732b,train
1ab89c4c1cb2677e,train
1ab8fbb2346c34d0,train
1aba003f29518e5d,train
1aba4fbc9c2180a8,train
1ac04926759dbb46,train
1ac41c2e4ad72114,train
1ac97c78c4801de7,train
1acd9ef029ad72d4,train
1ace0fc64faefb0e,train
1acea1d5ecf61998,train
1ad09c064a6c1b8d,train
1ad27dae08c14c32,train
1ad514f073559ffe,train
1ad8d5b7fc137801,train
1ada1d384331b992,train
1add8a7fabfb784b,train
1addc9dbd768beb3,train
1adf42e3c5b5b4ac,train
1ae4807f45e4c2fb,train
1ae555e6a7319010,train
1ae5583f561cf412,train
1ae6746719443629,train
1aece4bf5abd83be,train
1aedf5d6a066ca8b,train
1af019e0e499341f,train
1af20bca1f7b4f19,train
1af9404e6ac10334,train
1af9d9790e8dbf66,train
1aff3e6b90071d39,train
1aff47797841814d,train
1b0113fbfc15ec8a,train
1b048842a6f48392,train
1b04f29d91dd5a48,train
1b065b27642c7d40,train
1b06f8b33192e640,train
1b070057339a07d9,train
1b0a976999f352f2,train
1b0b31ad3decf5a7,train
1b0f7248c55233ff,train
1b11ca059b11e308,train
1b15b813af46e6d0,train
1b1bd8d7b8a95683,train
1b20a8ebd291a349,train
1b21a1f8228f8cc0,train
1b22bafe52080001,train
1b23cbcd1b3ddc38,train
1b258b8a1bf3a5ff,train
1b26b85b78db5465,train
1b287c4ada81a237,train
1b29d1062f96c5d2,train
1b2c06da4446a2b5,train
1b2d4c22abbf17c2,train
1b2e727697bf48a1,train
1b2fde7adaf13eb3,train
1b3640ebb9af4e82,train
1b3ff7f11f14d23e,train
1b40575acdf0e414,train
1b42fe4c46090fac,train
1b4359aebbf297ce,train
1b44ab70c88f255e,train
1b4af09c0e140ed0,train
1b4de50dcc740bd9,train
1b541f7ee5730a4a,train
1b560be5c42f6d49,train
1b563da56252cb6b,train
1b5aed329de75020,train
1b5e14362b097b62,train
1b5fc582c3e8c429,train
1b65523285f69473,train
1b6d083bd91cfd38,train
1b70b1811f9fffd3,train
1b710c123cb81fca,train
1b7111174b5c362a,train
1b71b72cf6b1919a,train
1b71e3e21430b691,train
1b7635dd971d1f1b,train
1b79777e0e1c44ea,train
1b7b0d707a92d5ce,train
1b7b7d2e2c7a3cc1,train
1b7d711b15f6f9de,train
1b808094f58bf830,train
1b871458719f5178,train
1b87fbbd6cebc5a4,train
1b898615345b869c,train
1b8f152f5cef2d26,train
1b90d821da3692c8,train
1b9116adc9488d72,train
1b95b3727b070a21,train
1b95d054ebdf334c,train
1b97db7d9cd4c529,train
1b9c0f7e1dc08129,train
1b9cef60d704e357,train
1b9d2482cd03351c,train
1ba57c7c224e65e2,train
1ba7c0619e2a10b1,train
1ba809d3a3a8ae81,train
1ba809d3a3a8ae81-2,train
1ba964e45fb4a26b,train
1ba9885c9e3ee93d,train
1bac0202441316e5,train
1bac6d2245058a8f,train
1bb28c88d56e396b,train
1bb4614da7f2ed48,train
1bb68795f1d0f967,train
1bb7593f7c265564,train
1bb89e2c6b98ce37,train
1bba4359c2ab2ed9,train
1bbcb6e60c47b548,train
1bbfaeb72a857e53,train
1bc2ecaf7d534bf3,train
1bc51f4cb0219846,train
1bc5388723ffc07c,train
1bc7fd5e7a111ae1,train
1bcd0a5e25814bca,train
1bd14864b2e6b3f4,train
1bd45169744f6d79,train
1bd4e2f565ffdcf2,train
1bd5f9c6a04725ca,train
1bd69dc0b754c7f2,train
1bd845d8413aa0ae,train
1bd8c8b9008dfd47,train
1bda6c0ad085b79c,train
1bdd655d3983577d,train
1bdfe1a07081f2eb,train
1be18be442b4605f,train
1be58ae1c60fc32b,train
1be7949108363aec,train
1be8676eb5e30ff0,train
1be930ea141ddcf1,train
1beff5e417d6b468,train
1bf190395ae5a724,train
1bf70e4c2ffd5e12,train
1bf97a2afad33f4e,train
1bf9d4913c892f8b,train
1bfbae2c53dfce50,train
1bfca9cb7d3fca88,train
1bffec0685103442,train
1c029d3874d83b18,train
1c02a051cdcf7e91,train
1c07ccf02881c00e,train
1c07f1442d160966,train
1c0889b2870c4591,train
1c0b3cafc3c6e492,train
1c0f7315df5e296d,train
1c101537c945446f,train
1c116e4ffc404959,train
1c1350b9dc801ae3,train
1c17eda0acf512a4,train
1c19a7c94d72ba40,train
1c1b14de936ca82b,train
1c1b2c1ffc4278b3,train
1c1b9a8a38d50758,train
1c1c5f94a8157f92,train
1c1c962beebe7211,train
1c200f75388759e4,train
1c20da8aa7c094ab,train
1c22362a1f6c2bc2,train
1c22b25917b7c6be,train
1c245436c26f31ff,train
1c25a23025d1cf28,train
1c2778731b470bfa,train
1c2923698418bd99,train
1c2f00bb45b7d42d,train
1c366cd2d5f75ed6,train
1c390b50b08c0088,train
1c3acee5a6efebd7,train
1c3f9e9c8d7b8607,train
1c4089a87f93f67b,train
1c4265dce892a519,train
1c4295e52b145cb6,train
1c454041b7bba331,train
1c4b4d3d6ac73c83,train
1c4b8e007b2ac434,train
1c4eeeb6c792398f,train
1c5015ff002703b9,train
1c50e200b770fd39,train
1c540d0036fe85ff,train
1c552f637ae8c620,train
1c55ef1bdf8597ae,train
1c56e4452213bf81,train
1c5bb49325dcbba5,train
1c5cd9145fa29798,train
1c5e04e8c9cf2b38,train
1c631b45d0e6fd47,train
1c695842a1d9b9d7,train
1c69c19d1d41657b,train
1c6a5dbae644c668,train
1c6b669e89dcffbc,train
1c6bcb0fe13c4ee7,train
1c6ce3c49bf81cab,train
1c6eceb51e39606c,train
1c70284d7122f816,train
1c705f745853591c,train
1c72c0ac414a560b,train
1c73f43a5d408cfe,train
1c76a687171f7d9d,train
1c7f9d87cca0bef2,train
1c7fee2e9a797e92,train
1c81f73679b5b197,train
1c83d0578e458756,train
1c84f389b1094363,train
1c87d72ac3f585fa,train
1c8de42e5af18637,train
1c8e93672ff34812,train
1c8f5e1cf6a7eaa6,train
1c9042af3c8b9b77,train
1c9344f90759ff9e,train
1c94835dfe464f5b,train
1c974fd144f85539,train
1c99b100624a6580,train
1c99dfcd5f8f4bc7,train
1c9e2c27012d8133,train
1c9e64200ded4e5d,train
1ca3274c7679a711,train
1ca3c32865cbc467,train
1ca659819ea9eee4,train
1ca693b4c4ebfd57,train
1ca6a925c13c41c9,train
1ca6ce6be82b01c4,train
1ca86ff9522f87a4,train
1ca985fbd1da0a6c,train
1caad68de57c18c3,train
1caae3c35ebbedb4,train
1cacd74c47dc938c,train
1cb396f3b447adcf,train
1cb6d9f761794a92,train
1cb8f1a0f89e91bb,train
1cba5fd486d75e3f,train
1cbb34940d4056b1,train
1cbc1a9b37eca6ed,train
1cbc90d56a3adfd6,train
1cbcac8b7e9f6de5,train
1cbea133fef053ab,train
1cc196360b05372b,train
1cc49eaebf1ede9f,train
1cc506b4cf0b8070,train
1cca2ded726cd637,train
1ccc3ec30b07a11f,train
1cccb40a68727bbe,train
1cccdb13bf14d78e,train
1ccf972c5fd4c72a,train
1ccff0df6a53d2c0,train
1cd2dd3b60c6fccf,train
1cd2e2e539557398,train
1cd367a6339985e6,train
1cd5e85ce39085d4,train
1cdca29e6085683b,train
1cdd4a150d39d39d,train
1cde6618ff888604,train
1ce5acded9d8e829,train
1ce70ab4a368ef80,train
1cec3142bcfd3227,train
1cecf7dff2e82854,train
1cee785d89b887ae,train
1ceef8c5b723d864,train
1cf489714cface65,train
1cf75583c6738faa,train
1cf7a1cca4720fbe,train
1cf960952be2c8de,train
1cfa7c173ebcb179,train
1cfab061177e93a1,train
1cfc1a5a2311b55d,train
1cfc2fcee1f0de6b,train
1cfeddf8d81b5ac8,train
1d04301505f95c09,train
1d0584898a53ba9c,train
1d08b74454960a78,train
1d0d569641326b59,train
1d0e4c036463c3d0,train
1d0f7fc7ccf68406,train
1d11f56aba3c998f,train
1d1495623fac0461,train
1d155c220bde6893,train
1d15a64cb186e8ed,train
1d15bec543e12f88,train
1d167485a7a84576,train
1d17ead8b1e73261,train
1d1b70165cc7b6f8,train
1d1ebf8288f124a7,train
1d241007064e1a98,train
1d24fdd6ed45df3f,train
1d28dd6465e78721,train
1d29950b53b49e01,train
1d2d5e57fa9e483f,train
1d2e0204d3f8723b,train
1d2f0fb93f23da26,train
1d2f16882b040eba,train
1d2f301212e907e2,train
1d2fcb7ef1f28323,train
1d3192b453783bd6,train
1d344fa8af015a59,train
1d3531357a1a831a,train
1d35dc7bcdd448c7,train
1d36df470ef16067,train
1d3a3c6d7edf9366,train
1d3b14490c7bc8c0,train
1d3c64c576e3e873,train
1d4028a526c46cb5,train
1d423d43af5fbcdd,train
1d4587da09be2f00,train
1d459ab4299bc0a0,train
1d46a39372df72bd,train
1d46ab67fedcee2c,train
1d470cfdabbcb48b,train
1d471ad00cba5d26,train
1d47cfd6c2f0fd14,train
1d4a21983af7def2,train
1d4a43d2a18e6402,train
1d4a43d2a18e6402-2,train
1d4d02d2e1df55ca,train
1d4ff88b7687cec6,train
1d5481fa5fe5f30e,train
1d56ce673754b38a,train
1d57a1ad373df3bb,train
1d57a2ddba3c864d,train
1d5811a75732a3c6,train
1d67db7a083b24a8,train
1d6e094cb012fd42,train
1d70389f923adc77,train
1d72545745a093f0,train
1d726c811e7bd7e0,train
1d768e3ac0c34486,train
1d7e4068cb6bf137,train
1d7eacc431281403,train
1d7f5696a5fac2ad,train
1d7f99721577bcaa,train
1d837d7ba6df9c26,train
1d845e2deb0e168f,train
1d851ecdbcbe891f,train
1d8630083b0594f7,train
1d8766dcf9765d9b,train
1d87a03a47faabef,train
1d88249f9ef33cb4,train
1d8a0d139394d3f2,train
1d8b2fca09b09821,train
1d8db764262c44be,train
1d912407f429db00,train
1d91a27dc153c016,train
1d9262757aa08ff7,train
1d9462bca4ec20ed,train
1d94997bbcb5de27,train
1d970471b8345ff8,train
1d9777c74edf20f5,train
1d982b91c52de099,train
1d99542d3fbcef3e,train
1d9cb335b6e72c5a,train
1da08ad66550d639,train
1da171a62e28bcbf,train
1da2f8f79824baca,train
1da4bed1ae798b15,train
1da5da90a60fd341,train
1db31c41c0408d76,train
1db8460069541a31,train
1db8ee648a155e58,train
1dba77326b9c0d24,train
1dbb5f2f3dcabda1,train
1dbca040a8f348f7,train
1dbed63a5595afe4,train
1dc05e55b6df222f,train
1dc085ffe62fb4c0,train
1dc3d27625fc8f37,train
1dc5fad94cb3aa84,train
1dcc5032c3c2aae9,train
1dce590982952dd2,train
1dcff75e99dcee4d,train
1dd1d58ff082aa2c,train
1dd1e4b444a55541,train
1dd51f5ed3fe8a22,train
1dd80e47b0afa6ea,train
1dd9e04d53a0dbaa,train
1dde9e36cf7723e2,train
1ddf33273870fd17,train
1ddff1031c2ac79c,train
1de44fba31846eba,train
1de4787362176a12,train
1de9a173d532ff1f,train
1dea1c0441ed3c8c,train
1deac40962d5bbe8,train
1deaef5ebe66043f,train
1debce4e1c577451,train
1dec6cdfebec212f,train
1decce69e004e33b,train
1dedbb16452e595e,train
1df560f5874a2f74,train
1df63a2d9928adbc,train
1df8c8bf904b2429,train
1df91efaf04e9933,train
1df9958a61d6dc8c,train
1dfae6e99ab37a55,train
1e007392324a9a60,train
1e073c50ea46958f,train
1e080623d39c578c,train
1e089e49023e682b,train
1e0a1ee046c514ac,train
1e0ff1f7b453184b,train
1e1277a50a471f2f,train
1e13b8752f8787a3,train
1e15c0c4872f4822,train
1e17c17759b82de5,train
1e1913fa86f7843b,train
1e1a2c8d0a53b831,train
1e1a320fa6ad903d,train
1e1d1e9b289a347e,train
1e2193192e25956e,train
1e232558d65b028e,train
1e2bb15b7d1ecd15,train
1e2e8e4a33cda1f2,train
1e2f24e49a758092,train
1e2fd35735c40917,train
1e35330edfd15779,train
1e35345e1ea61c71,train
1e3b3e0ec7a5fdda,train
1e3c90dc9598b0ca,train
1e3dc880203c0471,train
1e3f7e998588d62d,train
1e4137d12411c8d9,train
1e4146ab26a24731,train
1e46f883f70b419f,train
1e4dc2c83db7fa08,train
1e4f99756e2ad8bd,train
1e53f436460840dd,train
1e556b7f7c20187d,train
1e5688351715843c,train
1e56a60a41a004dc,train
1e572657018e9000,train
1e5be456c3151407,train
1e5c8deefd8781ed,train
1e5ed61cf5ecf6e2,train
1e5f1550d0bf24ef,train
1e5f4365c62ea24b,train
1e600c3c4f12f648,train
1e62caf59d007be6,train
1e6323ae16661a95,train
1e650cdb39418fad,train
1e65cb1fced2b6d9,train
1e662dad32e3d216,train
1e66af40d72daab3,train
1e66cfa8bb5b8c29,train
1e6b2d8b57ddbd81,train
1e6e259e82ba0264,train
1e6efe2a4424e62c,train
1e74136c8513c41c,train
1e757d3b4021c3f0,train
1e79818352b5eeeb,train
1e7fc1dbbe26e4ff,train
1e81e9b7f73ff1d5,train
1e825fdf6d611360,train
1e8aafc51dc4b940,train
1e8b72f5c6f9ea13,train
1e8b98aee309d36f,train
1e919b3092dfed30,train
1e972339b31f6a47,train
1e97e74f6eb60e9c,train
1e9ada6dd668283b,train
1e9bdf1253e4ed6a,train
1e9c27929aba2615,train
1e9da661c528158a,train
1e9fad05c2e986b2,train
1ea225a53a68c2cf,train
1ea4d80d2f9ee927,train
1ea62bc09ab13ead,train
1ea6472f527cbc19,train
1ea69e883d9388f6,train
1ea8e2d23b045807,train
1eafe0c9a252f14c,train
1eafe0c9a252f14c-2,train
1eb7b23caba0c459,train
1ebceb812cb3f560,train
1ebd9c11c07c1794,train
1ebd9eb71507d4ad,train
1ebf2966b31c74c4,train
1ec28676b2f8ed4b,train
1ec4c23c51c71939,train
1ecb1cc5934c4341,train
1ed0b8b525f6a7ee,train
1ed54bfe1a5f717c,train
1ed5dbe6ab21e264,train
1eda9875404e79cd,train
1edb823746e39194,train
1edd8877acd543f4,train
1ede9984fd76c4f4,train
1ee357c13b6976da,train
1ee5916e46ceed77,train
1ee6c6718677918e,train
1ee840fbd6c49ce5,train
1ee92d525dd59a39,train
1eea493d1500d96a,train
1eebf2b72831612c,train
1eed550cf5672540,train
1ef28d9700c0d23d,train
1ef6171624468960,train
1ef6f231dc5b0e3c,train
1efa07386ea8b68d,train
1efc454f6ce8fb40,train
1efcbf63c74365e2,train
1efd73bf37e7e724,train
1f085d2e82848804,train
1f09b17e36bdead4,train
1f0e880ad9f7f211,train
1f10135f515f48a7,train
1f11564cb5f7e9c0,train
1f13b5901bdedda6,train
1f14bc4ba73fb42d,train
1f165952e4cdb103,train
1f16fa8ed5393812,train
1f182bdd3f890ba3,train
1f1ed5a18e4015df,train
1f1f3d5736028261,train
1f232fe765e9653a,train
1f23f0185c379c05,train
1f287ed5471db12d,train
1f2958a4219c3cdf,train
1f2deab54b5cf7dd,train
1f2f26dd518e8841,train
1f3060679f4c9651,train
1f30c169b26acc5b,train
1f344f245ae28892,train
1f35f0c6e325ccf7,train
1f39cead7b670277,train
1f3c5c9cd4007e04,train
1f3e892185511b9a,train
1f3edadef2001111,train
1f41766195106787,train
1f432ca47594d642,train
1f450338e57071c8,train
1f50143037b0c204,train
1f5154fd45a50633,train
1f51a8e3ce303c25,train
1f541b134a23be80,train
1f5426e1f723b73a,train
1f5634ccf64c96e8,train
1f58428e03e102a8,train
1f586b41b04519cd,train
1f5a1239da9dbfd7,train
1f5bd640ec6015bd,train
1f5c8571b9a9576c,train
1f5cae51fed48047,train
1f5d51bcf57a3644,train
1f6078dca6e26aae,train
1f6272b67b78bd8e,train
1f62e0bd74f99659,train
1f642a9b8605a553,train
1f64d890c66167e4,train
1f6923bd80631716,train
1f6f2ba17407fd8a,train
1f6fdf4b8306e64e,train
1f73c35757f32e21,train
1f73f97e121fc082,train
1f750e032c13434d,train
1f77071877efeb6c,train
1f793867d07329ae,train
1f7a0544e4990c59,train
1f7c362618ac57b4,train
1f7c45fbb6fc687d,train
1f7e7400f024aa5c,train
1f82cfdce3046a3b,train
1f83983a8b6b1054,train
1f84a88598695eec,train
1f86c2c38135126e,train
1f86e2fc4b4e19e3,train
1f8a7d761bc09595,train
1f8c5b403424ceeb,train
1f8fa1f8e8c84726,train
1f8fa692ca172b46,train
1f91a50759ee785b,train
1f9332a231d48b89,train
1f93a723dd737cca,train
1f93d12bd2789650,train
1f96a6565bd1d658,train
1f97e462b24841fc,train
1f9b8896e275e12d,train
1f9ca330238ec4c4,train
1fa18addb229f495,train
1fa3e1ced2a160b4,train
1fa50e3ff5236d30,train
1fa5cb68bfc83ffd,train
1fa700e0b3c540af,train
1fa7a01b49ba05f2,train
1fad30f11363a5fc,train
1faf5dea43b3f7c0,train
1fb0301f8a23fece,train
1fb0b1ba4fa02929,train
1fb0b762eb74ec42,train
1fb0fb18d133dbc8,train
1fb1b3a8b2482deb,train
1fb7340a47d5d692,train
1fb75504a7ec43b9,train
1fb78bae723e9262,train
1fbca0bf8ea2bb5a,train
1fbea71ade52dbb3,train
1fbf4e985bec7c6e,train
1fc15c6534b75e90,train
1fc192cb7063354a,train
1fc387dc1dff5f69,train
1fc593740061ae27,train
1fc79a088fb3115d,train
1fc86a481de83c0f,train
1fcdc7c5c28e5f6c,train
1fd11f42ec25653a,train
1fd12c71db5a5c04,train
1fd4a9760d57ba07,train
1fd624f55d92c42d,train
1fd729dc248136d6,train
1fd74c959eeb562d,train
1fd916213349cd7e,train
1fd96c2134e3f4a5,train
1fdca196da2df579,train
1fdd7ad40524177d,train
1fdead1b3533ba16,train
1fe62b3793e2261a,train
1fe7e7cbde3e44e7,train
1fe94ac63879c9fe,train
1feb37e8210b1a93,train
1febb27ac306beeb,train
1fedc76a751ea529,train
1fede7f8fc0c533d,train
1fee0d873ecbf9f0,train
1fefb06f658e5618,train
1ff08a44ee31dc90,train
1ff213e4097d43ed,train
1ff331ddfcc17982,train
1ff5720e777ab1fe,train
1ffa06ced7a39d32,train
1ffccd4f7e33c127,train
1ffd2896c5a20199,train
1ffe947c324b18c4,train
1fffc8fa5b22a7c9,train
2000fbe5305f6b2e,train
2005017c55a52f2a,train
20068c803402a32a,train
20087e3be9e33414,train
200acb57b37e7c9a,train
200b7ee418184451,train
200c53638cb999f2,train
200db15fccc07e47,train
200f0e617a983bbc,train
20117b93df3d3da6,train
2013688e29584946,train
2016c0b3d07a9ede,train
201874c53c2f42af,train
2019d65e2de1eba9,train
201c22d7a8faaf98,train
201cf741232548ba,train
201d7315a67fa281,train
201de84912230177,train
201f3970b5a6663b,train
202239508386556d,train
2026a6bce39431db,train
20297b5d06dea55d,train
202dd9d35d76b1b2,train
202e326b15584b94,train
20305d3d2ea4bc55,train
203146f4e3cb8664,train
2031a9f88cf03745,train
2035385af6e8e42d,train
2035e8c163b1111b,train
20362b823f993f9a,train
20368011561a1d79,train
203727f4b50d7ff4,train
2038f66fb7ebc747,train
203978f7d2da6c37,train
203eda5b1758c8af,train
204045312d0129f6,train
2043a53b0b41d47c,train
20464344df30951c,train
20475aca933f61a3,train
204b589073d399ee,train
204b76f7256675be,train
204dd6b4410d3919,train
20502bf3d7871d25,train
20504aed12ae8874,train
20506e64119f1bb9,train
20547c33686a8f0e,train
2054db89c0c87a42,train
20553e8b1e8e763e,train
20554c5d823b6003,train
20578ae278783e70,train
20598ad17e843416,train
205b65a4d7a4c149,train
205e763094e6fbaa,train
205f41d000b5416f,train
2062dbf073832406,train
206467e94b8532f2,train
2065979c85cdff7d,train
2065bd8cf822acc8,train
2069760b152da3ff,train
2069ae0e2f3bd967,train
206c3eace123eccb,train
20728ba8c9184a19,train
2072ebaedbd9b338,train
20743c07cced6bd7,train
2076560b761ebdd0,train
2077bb74bdbe8201,train
2077c662101c0b80,train
207999c078bf7d98,train
207be3b80741a021,train
207e79c1715e1ce9,train
2084e4abe65c3ecb,train
20897362383036bb,train
208afbf7eb719c23,train
208bde40b1c874e5,train
208d724c7bcd8611,train
209062d043b26d7b,train
2097756e62b40f97,train
2097a306f9672ecf,train
209f80d32cadda0e,train
20a26a1e2e1031c9,train
20a87ec103ec9734,train
20a8bd5cc366032a,train
20aa86168ef95ab4,train
20adc8610e8ca09c,train
20ae3c7e37830f50,train
20b18ea624a16341,train
20b1e29a6599c81d,train
20b3b09ba2786777,train
20b965abb4edf7be,train
20ba2bdde1e161be,train
20bd3957fe8a0363,train
20bf08768be6bc2d,train
20c2bf93a3b6051c,train
20c44d1a56077978,train
20c618c9f858adeb,train
20c91ba7e24d9d52,train
20c9f51047d4c9be,train
20ca476b3fafd011,train
20cc4155b06d4495,train
20ce721ae90ddda7,train
20cedb98e0662275,train
20d699d6402c3f39,train
20d81647ebe60e3b,train
20dc79053fc2fc82,train
20de5f23fae14301,train
20dea60d75c10909,train
20df162fcc87932b,train
20e31675db58589a,train
20e4def479102643,train
20e61634b4131a63,train
20e6551f0550f8d2,train
20e81940b47a9613,train
20eb6914de76091a,train
20ec94f248a34bf0,train
20ece3bd161a67ae,train
20f0e6bb421d8b5a,train
20f140be0dc33e68,train
20f164e3c6919d19,train
20f5f8307d48934a,train
20f90300d44f1366,train
20f93e4df63a4c8d,train
20fa2890c02f2c2a,train
20fb27043d5b728e,train
20fd994a65fa34e4,train
20fe7706027573dc,train
20ff6d7d72baedec,train
210023694f8d93c2,train
2101327c5fed62b6,train
210158f658953913,train
210173c425f5227f,train
21027a446d37c52e,train
2105f254fede55e7,train
2107d41c501030d1,train
2109d47d1dc2dc27,train
2111494a62bc6ed6,train
21124f687a58ac77,train
2117c4c2cdf093ec,train
21186bbbe6113212,train
2119f112bc6b8248,train
211a2f510249429d,train
211cc2343f3d67ad,train
211ef5b9cedf0913,train
211f1dc70cc90bba,train
21207ee968701cf7,train
2120f12cc3b5cb16,train
2121e7b8bc6a3950,train
2123c404c9bf18c8,train
2126432732403831,train
212a6986dd18f340,train
212fe792a8a00bb3,train
2130ec3c32b0aa91,train
213251b69a2a42ed,train
2135427ac4c99603,train
213d7dd3e06d84ae,train
2142bb3a956a4195,train
2142e896f5932e44,train
2143037606ce0aa5,train
2145954ccb07b86f,train
2148a6291b24230f,train
2149757c24e0de49,train
214bbc8f58258847,train
214eb2ddfa5f4f49,train
214f246bb9227e43,train
214fc16081ee06bf,train
21512bc7086c0dd1,train
2152b417e9f2ce3d,train
215379ee9ba6136c,train
2154835de6214bd3,train
21552a031e2135d8,train
2155fdb2b4b1afb5,train
215d6f17852d450a,train
216054896a60b8f3,train
2162565c5b564ff0,train
216695d743540f10,train
216c40b4885af466,train
216d1761d9a3b960,train
21705ab117d42148,train
2171240a3ed4b72a,train
2172c4c1a80a211e,train
2173e708659dc693,train
217bdc0c35cfa577,train
217bdc0c35cfa577-2,train
217d3faf5e2dbb32,train
21837e03c11af960,train
218790fb1864310c,train
2188da85f5901049,train
2193726866ffa3ce,train
21939eca00d5c117,train
2196416c317f14ae,train
219901ec9f51ee17,train
2199482f00dbd647,train
219a44304c9c6c14,train
219e783813198285,train
21a134cc707fd2dd,train
21a2d6c96bd12eaf,train
21a40e81c4683750,train
21a74228f1776744,train
21a75e527ddfec17,train
21a77efab03f4cc4,train
21a7c55d03bad48f,train
21ac6af5e3871817,train
21aedfce18472b7a,train
21af3c9579b0be06,train
21b30ea08c8ce29e,train
21b55d58af087054,train
21b565014b616e86,train
21b9310673e9b865,train
21bb51ef58290785,train
21c0211c7f6742c4,train
21c1b43bb186eaea,train
21c4bce75d3518e6,train
21c86dbde9526262,train
21cae36fc0ca3134,train
21cb667a03588458,train
21cb8c566d6bc9dc,train
21cc13d1490b98bb,train
21ce96c50df9b12b,train
21cfaf1ca2ccd400,train
21d0e4aad6c8967d,train
21d0fc865fb1bd8f,train
21d1a19283d55fc6,train
21d1f2394ed2a80f,train
21d1f94e51d130de,train
21d20f58a01f1625,train
21d8f51ff4521a50,train
21db4b04006abae6,train
21dbc5768f7915b7,train
21e070dce9f4dbfa,train
21e3e5818402b4f7,train
21e5cf2d07706997,train
21e8ee59ebbc7193,train
21ea291aadcdd505,train
21eca7fad8ac4cca,train
21eec3c0c662ee3c,train
21eec543f47400d3,train
21f1e9b7268cadc5,train
21f312e894ab9151,train
21f5a1d8cd46bf06,train
21f9a821eb8730bd,train
21f9cb73fb7701fb,train
21f9cb73fb7701fb-2,train
21f9ffb539324a9d,train
21fadab008dea5f6,train
21fd749fd31c367e,train
21fe749317adf3c4,train
2200a1bb87ab8e3e,train
22032a427e8c2bfc,train
2203b83ce122b0b7,train
220610a92e301755,train
22088ea44d754d7c,train
2208a33f90f80223,train
220d9929be5b0d88,train
220f81a396e33497,train
2211280596b0a66f,train
2211a1d008d58946,train
221958d8061757ed,train
221bf7bea44821c0,train
221e517e75ec2361,train
221e89499c6f11fa,train
221e8b99e08af5d3,train
221eb1329056ba2a,train
221f1c2f2b1946ca,train
221fee5a43d22014,train
222535348f53f3cf,train
222b6daab6a5722b,train
222c0e3fcee99935,train
222e46e1b6fc88ac,train
22303c06fe673e08,train
2236562d010ab19b,train
22375d9ec2e32a27,train
2237d684ff69ba35,train
2237dcf17f1ed2e3,train
22385fa1cee3adb8,train
2239654e3473bfaf,train
2240a8d0fcde707e,train
22441f7d218ea178,train
2245395e66c7c0b4,train
22474445529572ad,train
224bc7e788b9d287,train
22507fb249fcc95a,train
2252a3e9af9bb9ba,train
225320b730e0c54e,train
2254dae4008a2072,train
22558330cd0942a3,train
2257cb1bbbd0d610,train
2258a3b84db0d247,train
225a2e15fe906a17,train
225a798cfe072243,train
225a7d267e951483,train
225c52ed7d6b3c8b,train
2263c41f67ef056e,train
22660742558bfdd3,train
226b949b986d61a3,train
226c8ec4cae93e82,train
226ca44129df65b8,train
226ccdef7f26a65d,train
226d2915c3a402a6,train
226d853d4980f2a8,train
226e26a85b4c8af4,train
2271696672df95e9,train
22768d64e7ffd131,train
2276fa452f4d0eb9,train
227a64a94ccb3d3e,train
227b10cf9df8f85d,train
227b6cd9d40e58f9,train
227be820a18bd545,train
227c09b05162a102,train
227c4664437255b8,train
2280d70c1bb85823,train
2281a416336016dc,train
22888ce36ade91c0,train
2288eafa2a508e07,train
228c3914e8341d07,train
228cc3914ba55635,train
22922b6e021a9c98,train
229277927226f6ae,train
22934be1f158b3f6,train
22970fa5ac91184d,train
22973b5636da68e8,train
2299a3ac6241295b,train
229b7bda26de15a4,train
229e11ee80295e7d,train
229ebdcd74ade700,train
22a0ab14ff3e3e97,train
22a78e57b28d888b,train
22aa09fbd730e7ff,train
22aa90b80ab100c3,train
22abb3ec01fd4010,train
22b53644a7f6fc91,train
22b5b4f6184c1aa4,train
22b8bdfb21e1c5a3,train
22b8ee1c726608ef,train
22bd335310b06381,train
22c07a4ef5002484,train
22c1c6602b9700c8,train
22c3ebaf80823301,train
22c59afdfb37b840,train
22c68573c17df9eb,train
22c6f138a66c7ed4,train
22c7c5c2b457e2a3,train
22ce45b396710953,train
22d4698bc718c46d,train
22d8edd1231d7480,train
22d91e3feb4fde4b,train
22d967629d22058e,train
22db90f67899490d,train
22dd0ab67482898e,train
22df2727bf2bf32a,train
22e1850b5b99d037,train
22e536bce1dbcecc,train
22e74850990384f2,train
22e78e9582c98a93,train
22e7f04a1a16a127,train
22e8f5f98d4e25a7,train
22e9a1de0e74a038,train
22ea7bc07e9069bf,train
22ebb3fd46cd1d0f,train
22eeaaf70fecf0e2,train
22f3e79c9224b927,train
22f4078739438033,train
22f716176e434d4b,train
22f889f7a1ba97ac,train
22f95f18489ba2c2,train
22fa99c841b751f8,train
22fac68395aca096,train
22faf4ac49645beb,train
22fdbf068ebae72f,train
22ff697ce759ae1a,train
230037891b3bf6c2,train
2300f582f68e7e57,train
23017630b99d2b97,train
2301d336fd319dda,train
23065bf0089898c9,train
2306f276421c3464,train
2306f276421c3464-2,train
230acb89d6cc7f41,train
230e91922d78f66f,train
230eaee0ff1c9eef,train
2311c49b6e124c09,train
2313ee8f37f517a1,train
2315bcb6466f1da1,train
231c7e67edef39f0,train
23208f58d5584bc7,train
232108345bf55e4c,train
232127d94750d4c2,train
23229a9d2d8d2453,train
2324517bf567e6bd,train
232718202da686eb,train
232865913abcdb05,train
2328825832dcbd4d,train
232ba1fbd14504f1,train
232fce3ab4949f8d,train
232feb51675a4de7,train
2334254629b2ef43,train
2336d19e045953ad,train
233d060eef975d21,train
233e3a1dd39a5479,train
233e944b5847900c,train
233fe327369d44f8,train
2344d09699c89da5,train
234bbcfe86c3f864,train
234cc67cbc732571,train
234e1e0518c169fd,train
2350995c2e973290,train
23551c3df224e7de,train
2355548aff1f2168,train
2355a7f1e7cc8d4e,train
235905d5adababc2,train
235c1efb231e836b,train
235c6200cb053a06,train
235cebb2dc6f5cfe,train
235f659d55d9626d,train
2361cbd8c1c55568,train
2363dc8a85bf2412,train
23659478e64fe41f,train
23667bbbcf49b5e0,train
23675d93b62d9b6a,train
2367efad465c745b,train
2369f7da0133f6f3,train
236c3c3d16ed131b,train
236c5824b42edc1f,train
236d883a46e519ab,train
236dc661edd2ac3e,train
23799cb1c0017ee0,train
2379e2d0231ff8f0,train
237ae646615492a9,train
237af9f2ab619c5a,train
237c85bd504f75aa,train
237ed6f33feefca8,train
237f6f54318b71c4,train
2382d070aea27f0c,train
2384127b1ef4fd44,train
2384810dba65c4ee,train
2388102ae82c64e9,train
2388a3f792860acc,train
238d500a4a309930,train
23915f7b3d71036c,train
239859d6f200ef81,train
239d67a3d147a950,train
239f5a341e55822c,train
23a5c4ba9a52736b,train
23a7df68e5eacdbf,train
23ab79a0fac1ac4f,train
23ad308a72d0b289,train
23ad36655691c397,train
23adbddf40e132d2,train
23ae97fae29feb33,train
23b45ad723c8ac20,train
23b5b0fc55c660dd,train
23b5e70d4e85f2fb,train
23b7e97f6a44419f,train
23bd8afe0708ea82,train
23bf3ddd0f3910e2,train
23c27b4fe3a82ee2,train
23c35f0bc73f381b,train
23c40426121e7b4b,train
23c507f4e0788791,train
23c5cbed983548a6,train
23c71387582fcffc,train
23c7b84b47ef252c,train
23c8c2a7d99c34be,train
23ca498818c1fe21,train
23cb0082ca9f8717,train
23cd1323e31cd508,train
23cdcd1b27246b4d,train
23cf98c2c4c6b105,train
23d290faaa919e20,train
23d2c531ff40ccce,train
23d6c8b6960e0b3d,train
23dba190a53acfe0,train
23df98987d5f4ab6,train
23e3c5b18ce346a3,train
23e594104034fb25,train
23e6b0d9741a950e,train
23e77053b7d1d5c0,train
23e8451a990128ee,train
23e8fed7cb0fa816,train
23ebd939f2e8cc69,train
23ecdcbbcf7b1ae0,train
23efdbf77c4852b5,train
23f0d4418b355211,train
23f45ea796aca678,train
23f49e815c749813,train
23f6455944262d81,train
23f64deee0ff20a2,train
23f87337009271c2,train
23f9708070782e36,train
23fbe7b2262f1155,train
23fec40fe26a92ef,train
23ff346aa2e48306,train
240166f2dddcd422,train
240348e71c39fb89,train
24050a1599e140cc,train
240797bbea4b09d9,train
240b6f4fd05528f1,train
2411ae66bd527575,train
24127265d8b0073f,train
2417e651e3b9fcfb,train
2418b206751529c8,train
2422d4b32bf9a160,train
24249f1fa68c411f,train
2426cb002432c25b,train
242db49febc2342c,train
242e0e2cb5b41c66,train
2431bb9eb26ad038,train
2431cada2a46dc3c,train
2437c85a0299f9d5,train
24389859a3547c4f,train
24392ae5a5532f95,train
24400d87258f682b,train
2443b83962896a1a,train
2443d8f4b0726f6b,train
24450704fd2fab69,train
24462257155c42ba,train
24492c85d6b76c3a,train
244f827bf9595ab5,train
244fbcdfee9f4da6,train
2453a8db47849292,train
2459ecb1aa018cde,train
245b7ae0a404d229,train
2463648b5e7c5e77,train
2466fc2cb4ded8e0,train
24681b30cbbfb942,train
246ad90b03b91422,train
246ba4616893252c,train
246ce737eeea6010,train
246db83f54abcff1,train
246e1a7aff60c3ba,train
2470a08bc3e01ad7,train
247404eba8cad450,train
247490dff826ac7e,train
2475221428a4c587,train
2476de7f2a03dcb4,train
247c3b73ad3d8cc4,train
247c58b38348f29d,train
247cbe30b8ecf873,train
247faf44f8025b03,train
2481662d8a654f95,train
24825f17d45f8661,train
248406c394caefa0,train
24850eb919df4e96,train
2485134a927252a4,train
24855c9544e274d5,train
2487ee4462c0d8b5,train
248b7c8fbf157752,train
248c861494adeefc,train
248cc2f1e3945871,train
248da691ddd1d351,train
248edc8af396d80d,train
24924781fd6bd781,train
24931edb56ef0cc1,train
2494f83982c4a012,train
249530fb56fa8cdd,train
24958dc008183eb2,train
249ac192dbfad3e5,train
249b68780fad83b4,train
24a0087c88774323,train
24a0b10df78e73e3,train
24a153da8de2733b,train
24a1cdb168897c7e,train
24a36728ea9e5a2c,train
24a36abb42036b80,train
24a590cb4ccf1e7b,train
24aa615ded1bcb86,train
24abe9f49f06aea5,train
24acc93dd6419ad3,train
24ae8db42e08c530,train
24b241dd6a83d727,train
24b307c1146b8a59,train
24b4a62049d0db0a,train
24b9023ea1f8a96b,train
24b912af0a51e280,train
24bce67340da4a96,train
24bd45aa45bfe4a9,train
24bd5485984931f1,train
24bec3012ccef766,train
24bf9ef1f0fb726a,train
24bfa6b12eaae1ed,train
24c6687652626513,train
24cc113ef0a47cd4,train
24d2a7a3fb44660c,train
24d2f151cd6325d0,train
24d322eba4aa0951,train
24d499e189f93fbb,train
24d4bbf69d05ee5d,train
24d9435be31a68cb,train
24db974d1612634d,train
24e08ed8bddf95b2,train
24e3b71f21b91ce8,train
24e77cfcc3f5717e,train
24ea263256a613aa,train
24eac66359dfffe6,train
24eb1cdb26bcafd3,train
24f1ad968c1bad97,train
24f3d18c6628d39d,train
24fa5d87c1cc3ea6,train
24fc0957e3db0d32,train
24feb33addcbe355,train
2501dff18405e3d0,train
2507ba7b94504666,train
2509baff2eb4761d,train
250cc94bce26f523,train
2514f5b74a7d9a28,train
251c5d91e3f0a582,train
251d368a052c6d85,train
251f6b7f79a35f1d,train
25267e30101e42fe,train
2526dda50c89675a,train
25274ece57db3b1f,train
2527fbe5649a2f5a,train
2528234f445137fd,train
2528efdc12ddb159,train
252ad9bf0380e9cf,train
252ce4222143f72b,train
252de05519e113bf,train
25321e35c09446d4,train
2533dcff9b6f3f26,train
25382271842c4de8,train
25384adb53726b90,train
253a4c51ede55656,train
253c3c2d767a24ce,train
2542b79fa53d44df,train
2543ae82721cf5a9,train
254a450cd8a26217,train
254e038b85a2085e,train
2550b4a87e4f1f05,train
255171ee0e18da48,train
25517f6cf3ed070a,train
25536c4efcd4be37,train
2553a7f030eaa2d7,train
2557305ea49a5229,train
256019035dce5930,train
2560cd0e38621f5e,train
2560ec0c6962f86a,train
2562100d1604121c,train
25638d5eef49e971,train
2564d27a33b59ca8,train
25661a29e2fe788b,train
256faebba471bb19,train
2574539abc53f61a,train
2577097e9ce923f5,train
257bfbce9d3875b5,train
257ea529d88a50c2,train
257f1660c4a0b9c2,train
258650f442aa1163,train
25869eb9ae7066e6,train
2586d0146982edd3,train
2588fe31c49f2fb0,train
258aed3f4a925bce,train
258da24fb28a4704,train
258e3718e13814c2,train
258ecdb8308f0c1f,train
25906eb04af766e8,train
2590d47728fe6933,train
2592f097d550010f,train
259348f4ef6afb25,train
259540758c270f10,train
25981da5682d0a6a,train
25988a42d6842aea,train
25a095abf3132a49,train
25a2ad2e40dd5b00,train
25a3205026c582c9,train
25aa3f8e5495818b,train
25aae3835db2a1ec,train
25b0303ef018226e,train
25b12e51227cfc19,train
25b13bdd4a4211c6,train
25b3d5692c21c1ee,train
25b43e665725e79a,train
25b498ca0182f761,train
25b51b728c2c4119,train
25b732fd4f378a64,train
25b9d6e837bacefb,train
25bd4eb9a404056b,train
25bdcf8911cae88e,train
25bf7a9f452e0049,train
25c053a66949d125,train
25c20dbf62585682,train
25c7dcf8dfd37683,train
25c9474208d4f773,train
25c9e4124fc2589b,train
25cb82f0c56da8d1,train
25cde87b2024e92b,train
25cf27d7cd5d0fac,train
25cfee301bffdd77,train
25d01e6a4f5f080e,train
25d0d602ef053b32,train
25d3be649caf511a,train
25d457a3c2a17995,train
25d49f477068e6cd,train
25d4a5301406b7c9,train
25d67854f9bc7a54,train
25d7cf55bdcf3426,train
25d832859e42c873,train
25dac59e81b95035,train
25db1dc13fef1f11,train
25dc48b9f254503d,train
25dd33ac1201fda1,train
25df2092d7e33d33,train
25df99c82cda8bcf,train
25e1d26bf70ece9f,train
25e5a886b4aa0fdd,train
25e5de29f71a06fe,train
25e9d1b870825232,train
25ec6f5ceb0dd0b5,train
25ecaceef7113091,train
25ecd84e2f291de2,train
25ee9bf5454af312,train
25f1c589293aba5d,train
25f2b8cb02944a60,train
25f576e26ffe8e8a,train
25f9a6e383863e8b,train
25fa669f2c75934f,train
25face181f84d1f5,train
25faeeb031812809,train
25fb2ddab962bb3a,train
26027bad7618dc63,train
2603d585efeba20d,train
2610c4fa46cd6e60,train
2611b40bb66faed2,train
2613021e4a809d15,train
26167200e7c8c21a,train
2616e23e7cb5290d,train
2616e23e7cb5290d-2,train
2619ce369462c3b6,train
261e4b9c04b658c0,train
261eca91f04baad8,train
262316a7a4ef3000,train
26255a578344e1a8,train
2625bce4848b1b3e,train
26270cd3ef23ebd4,train
2628283cd9487f92,train
2628a1eb35bcfa7a,train
262b8d10a6469f34,train
262bad1a297d07a8,train
262c4cb00f89c1be,train
26302d7b6e4b713e,train
26302d7b6e4b713e-2,train
26305f6665d896c9,train
263078b732d8b998,train
263258d781e75b3f,train
26337cf575a38b97,train
263abf7efa455f90,train
263b44d78b20b9f4,train
263d25e02dc6e965,train
263d7e60c6239105,train
264090c0f41800f9,train
2643e88ce851b981,train
26449d1ba6aee919,train
2644fe2c2945be67,train
26457bac910605ea,train
26461b64cc87fba1,train
2648fcf97dfac71b,train
26496005b69d7e4a,train
2649ab760d6badba,train
264b558f3c6abdcc,train
264b8837aa094d38,train
264b8b7b72988531,train
264d52956fcb85b9,train
264d7a3dd2447642,train
264ed35243ff1b46,train
264edf07fc1dd747,train
2656bed6fa41a024,train
26573b8d8910d48a,train
26573c0bf9159d14,train
2658a7e879dc34f6,train
265b8498f3bd2e05,train
265c5e47e293b80f,train
265d872ec9b2952c,train
266365acc705c915,train
2663ee123d130c6a,train
2664c1960c599cc4,train
266565a03a572762,train
266633104701204c,train
266635f9e422f41d,train
26688ae9bfc2a85e,train
2668cfe5015e6696,train
266d16598a27049e,train
266d1a629c453286,train
266fb5fcff0829a0,train
2671aadcde2ca39d,train
267238f3e5a066af,train
267364a29d8216ee,train
2674658b922cb97e,train
2674e7d0a95f288b,train
267654fb59d8da14,train
267715d774ba0d25,train
26796be6fa39b751,train
267ea543c58e37be,train
26834f81d10f71a9,train
26835bddb2046ee2,train
2688394a85a6c5ac,train
2688a8f6be100eaf,train
26903d259bbf5c02,train
2692f1158e18694d,train
2694fc289daf8d5e,train
26950b9ffc02a04e,train
26971b7385e75616,train
2697a62f056677b4,train
269abf33e4675b6e,train
269b6d8ba6427ef7,train
269e2f296ab619d9,train
269fa1ff90c02ccd,train
26a1b40b66aa8554,train
26a3e36043ebf1eb,train
26a7c22968baafbd,train
26a99f0c00806143,train
26ab2c7da4ef138a,train
26ac271a81e3aacd,train
26ae744e67c7b8a4,train
26b5782bc861ce2b,train
26b66af05c488842,train
26b715d0bc1cac0c,train
26b77ca637f3b578,train
26b8738ae91419b0,train
26bb060210b21a8b,train
26bbd6552b08e2b3,train
26bd1d3c5cb9d166,train
26bdaaca3b87bd9b,train
26bff8a3b79ce538,train
26cd8d884bcd6df0,train
26d00e59cde19aa2,train
26d126e7f1c40450,train
26d513add3a79632,train
26d564860fd3e935,train
26d758ebb64886eb,train
26db5c5d9772274c,train
26db5c5d9772274c-2,train
26df1446e5942a5a,train
26e1413dab2a2b5b,train
26e250959ccac990,train
26e3973d98fec61c,train
26e3da1ec95200ec,train
26e40a0de25982da,train
26e41c65b0cb0b4e,train
26e9b7ad9bd83413,train
26ea5708a8ac3d66,train
26eaca77064897b0,train
26eadc3ecd358cea,train
26ebed6e4fda5685,train
26ee76b7491b36eb,train
26ee96cfbc1ee92a,train
26f18540168aa0cd,train
26f5695cfdb489af,train
26f5af44904d78c3,train
26f5dfb0dc8111a6,train
26f6967593d8ead7,train
26f718f7427e5612,train
26f8f183d4092b84,train
26fac22c47f6e3a3,train
26fc1d2d76d23e33,train
2703720f7e905567,train
2704980d80f9e3bc,train
2707bfa92c728408,train
270bdac1e65238b1,train
270d4a8dfe4dd3ed,train
270dc8dfcbd86ee6,train
270ead069c500ffd,train
27115d56ac1432c3,train
2719f138e2465fe0,train
271ae3c4f1dd0042,train
2720cec6836e40ab,train
27213b0bc84ebe4a,train
2722247ffe122f02,train
2722be3c4d28cb81,train
2725a83b26aaaf4e,train
272c12564866399e,train
272e36a0ff1f613f,train
272ee36b0a214d55,train
27307d52e68408ed,train
273375af234a2d70,train
2734e17ac3403033,train
2738b1c62ac77cac,train
2739ccc2766bcfb7,train
273b4227dcaccff1,train
273e48ed6839c0d5,train
2741722238e38fac,train
274351169fdf2274,train
2743ed5abb3cc92b,train
2743fd40125ec1db,train
274852e275763fc8,train
274e4df5b31b63ee,train
274eb88427671717,train
2750175ae77f75ee,train
2751705d5a2df6dd,train
2752150013454aa3,train
2754c71a128702a9,train
275c6ff875090f90,train
275fa4c2276fa3df,train
275facf9feaaee07,train
2761459b27b7f25e,train
276194ba65af9131,train
2761d34d4aa18395,train
276219db15b6d94a,train
276239ea5cbd9612,train
276478ef909102af,train
2767af6f07b86ef1,train
276d3f5e5fe7e1aa,train
276d70cc43859716,train
27715c69734a9235,train
27717383332973c6,train
2772923a710711c3,train
277397fe953dd9d8,train
277588a9d58fd6cc,train
277787be2e811fe5,train
2777d25a3374b72b,train
27789249c67f10df,train
2779ad9fa8246b50,train
277d92b3ba94da6e,train
277f4301b3aa946c,train
2784609081300f09,train
2785eaa5d9e5f7f6,train
2787c69f5a480ec0,train
2788d8cb3c05b485,train
2788d8cb3c05b485-2,train
278bd1a1f5fa26fb,train
278fcbc13d4e0df7,train
279c8369b91b6320,train
279e6047331ebd77,train
279ff83698cdf8fe,train
27a024538e3ede2f,train
27a3a29b52ca50fe,train
27a6e2c92f71f787,train
27a91171e8d95797,train
27abc62b9bc8839a,train
27ac85df7283602b,train
27ad6c176ac75610,train
27aebe2810f3ecd9,train
27afb9d8f6f793dc,train
27b0b34034a340b9,train
27b26e20b20de1c3,train
27b26e20b20de1c3-2,train
27b9f706ea3e4cca,train
27bb2bd0af0b2de3,train
27bbc2c08347a46c,train
27bcc52100e0a53c,train
27bd747133395f53,train
27be2f3eb68846c4,train
27be63e33ecc3efc,train
27bf0b152a47e73b,train
27c062ac45a60e22,train
27c0f80f3e07fba0,train
27c388dad2a84e2b,train
27c3c1f7a3e60ded,train
27c431a9d04bfe4f,train
27c444cd7b98308c,train
27c4af5a3e8136d5,train
27c5f3910e929c71,train
27c78b9823a65114,train
27c7a076e65985e3,train
27caa783f71c37ce,train
27cb12b639cdffc4,train
27cd27562f219a2c,train
27d05a5e9b9a0521,train
27d33089e44bcecd,train
27d421e132a88131,train
27d97f87c98c60e0,train
27dd341be49b7361,train
27e2d5e2be8fbfc7,train
27e366df19b4911e,train
27e526f8784ee889,train
27e5704a039287b7,train
27e8ffefc9589beb,train
27e9e1bc70ce5603,train
27ed0afa118ea0f8,train
27eddaba940f26cd,train
27ee6912336463d0,train
27f5733088755803,train
27f83cb70b83c473,train
27f893948e3f2f07,train
28031c83bdc700bb,train
2803f76ce122efdd,train
28053e611dcaa6ac,train
2807726cdce205c3,train
280d679f7d1da03f,train
280f81c7de683e22,train
2811ce23d615ab71,train
28175e4de7ab7bac,train
281a87e011ea3695,train
281b40e905feceb2,train
281e83909e08e88d,train
282425f87d80cfd1,train
282816141803a1f1,train
282871f9821ce6b8,train
282bcd41c0176b73,train
282c8b4b89932249,train
282d0e548b4a9a52,train
282ffcdc10d8376f,train
28306fcc58e0b1bb,train
2832259a70b37351,train
283270a04584377d,train
283649572c67b016,train
28378adcaf3b91a2,train
28392d6bbd0a438a,train
283c87410d48d948,train
283cc446792462b8,train
2840d4bc2fc61952,train
28450c01823daad2,train
284bfebcef61c007,train
284e60e654f8fff0,train
28520e6f12ed9884,train
285411d0b9953f84,train
2856270032f4dc74,train
28599efd76570303,train
285bda229eb52f1a,train
285d1922c9c84e4b,train
285d7157fce78885,train
285da3b860bd75d3,train
286448bbe9378e14,train
28649f1240663a3d,train
2866775d15f1b051,train
28698d971c7ac7c0,train
286a8fae6175bf65,train
286c21afb7250760,train
286f120f32938ef4,train
28706f46135c3dca,train
287362570291189f,train
287912b6aaa76959,train
287a705083cf091d,train
287b543ce81fd16d,train
287bdd76057ed112,train
287be18ed9f59e48,train
287c1bce8c13b072,train
287da4eace5b8f9a,train
287f00a5d1522509,train
287fc885a3dd6210,train
288202b571c49255,train
2883ddaa368375f7,train
28843c89e7f01668,train
288a5071673758f1,train
288c7f09737d502c,train
288e2a2d6fcdc273,train
288f09e763ae5584,train
28903320cabc4de8,train
289037500cde6404,train
28903e11f49da135,train
28930c3408224ec3,train
2894c04ca3db84f3,train
289a1e078aa8836b,train
28a03c0d24d7b75f,train
28a0cc6682fd9458,train
28a1a99127667056,train
28a585f7991776e4,train
28a97e8675b37d9a,train
28ae5c84f75038bc,train
28b112b400d384b8,train
28b37e8af8853b45,train
28b41c080c9cb578,train
28b524a70a1b3e76,train
28b63b41c7b07ba5,train
28b867334eb90471,train
28b8e0a8d440938e,train
28bc118aab8ff05b,train
28be556a71b5304e,train
28bfe14fc46ead4a,train
28c3aca325b16d58,train
28c4857a6c5a1b61,train
28c4b1b4ecb4929f,train
28c61022116fd10d,train
28c70d7a56e6c8e2,train
28c92161b76c5ee3,train
28cb7c75a647037f,train
28cbf7dc57e1db86,train
28cc1838b9302260,train
28ccc3bbb4f4353c,train
28cda33623046bf5,train
28cf023cfa75efcb,train
28d60d8aedbea506,train
28d77948505f9ad2,train
28da077224e71643,train
28db2d50c4161a88,train
28db5edcdfb894a2,train
28df643f05b18bde,train
28dfabca01fa7457,train
28e0458fe01819ed,train
28e29c3f7dc1f345,train
28e3439bc8a5fb7c,train
28e5f5a318558ea6,train
28e6c9224a6d9e95,train
28e7267fbd1b1e65,train
28ee6947e2965bf7,train
28ee9afd0ee1f8be,train
28f21aebb9a62c3e,train
28f8b4adf9dd57e0,train
28fa3f31322e2b6e,train
28fc17a3ffba21ca,train
28fcdbba632ea42b,train
28fd6cbdb152596b,train
28ff2de41840a322,train
290044c0db67f791,train
29029da68952b9fb,train
29030c593bcc3ffa,train
2903610a769960d1,train
29046a08f047ccaf,train
29088678185ee147,train
290cfaa4b638ab35,train
290dcd79a5ff4660,train
290df1a2aa94c5c0,train
2912cb978597de58,train
291663393cf9fb01,train
29177f63964188e8,train
2917e84b731d420e,train
2918381a3ce94fc5,train
29194bf0c7b4b67e,train
291f4f369d8af468,train
2921179a97df6aaf,train
29212a76189e6909,train
292499828a87288c,train
292d77db7cd57c91,train
293c49703c3a7486,train
2940324f94e64dc7,train
2942a2801ed9f6f5,train
29474eff40611c01,train
2947e42c7e2ba67d,train
294a67d0f4d8f09d,train
294b73be6427a4c4,train
294c9f43b89c8286,train
294e456db0799d76,train
294e7631c4e4e585,train
294f0df921229227,train
295024a461786ef7,train
2952c21020eeccbe,train
295365bf065c1ed1,train
2955d5395f2f50f0,train
2956b1e050f0bde9,train
2958dfa184ef6b4e,train
2959375b996098be,train
295967b912c31c62,train
295c18c414f8135e,train
295d3e0476e5b6f1,train
295ed276928c43da,train
29649c2bbb53c987,train
2964add43c02ea14,train
2964add43c02ea14-2,train
296586bb67667bf6,train
296586bb67667bf6-2,train
2966ef9dca2a3a28,train
29677a9c1d503a0c,train
296b0460298fda92,train
296b7aff636cc8db,train
296ba4eedf69cd7f,train
296e41f60a65929d,train
296e427fbf254221,train
297071bf51613e69,train
29724302922e80f8,train
2975844ac8dc774e,train
29762a6d7d3be7ca,train
29771d9cf5963fb8,train
297785f8ecd59615,train
29784d3d5c5419dd,train
2978d4cf78cdac85,train
297e9f41f88281cf,train
298328ee441fbd5e,train
2984ce26b27c4e25,train
29852dbad5ff6810,train
29855206206e2466,train
2988d365d4140d8c,train
2989b741e5b4203b,train
298ad4d77ede577e,train
298e923f618ae162,train
299255b596c63739,train
29938a4847e3b047,train
2997a9679f5432ce,train
29982a721cf92c8c,train
299ab3d9d918ccc8,train
299e5c6aca2faaf9,train
299f0b12f90df55d,train
299f17c000f433d9,train
29a0265eb15171bc,train
29a0b0cf09fa8979,train
29a25ffccbac2fdd,train
29a67ee1e492b501,train
29a8bb1da3027327,train
29ac0e10879d1b27,train
29ae62596e9b5d7c,train
29affa9b7ef51b3b,train
29b29d33ec5aaec1,train
29b4f75f469156e8,train
29b6a34956ac47f1,train
29b967793e2fb25c,train
29beb861543d6261,train
29c3dbe515b3b457,train
29c4d7b84144e04b,train
29c4f315e6e3fef3,train
29c9394a86a6d118,train
29c9a25345d2dcbb,train
29cc2d11e84813f8,train
29cceeb07199ea79,train
29cedda60d5d05bf,train
29ceedaf8049fd2c,train
29d384087da6b327,train
29d486e2c8f8b32c,train
29d69adbf6597ec0,train
29d93299f51066e7,train
29e5be471c61feeb,train
29e7b7e926250a8d,train
29e9498fce8f85c0,train
29eb10f758668003,train
29ee6522d26e9277,train
29f27d99a34f3a06,train
29f392f51e420810,train
29f9112b5acd9972,train
29fa63edf7abe982,train
29fd9376ef60c0fa,train
2a003ae59864d5ac,train
2a0573ee2b78583b,train
2a057ca1822033cb,train
2a0727cbed8b0bff,train
2a08b4e45c26b3de,train
2a08fb5f4045a298,train
2a098090888401a8,train
2a0c91d809fb217a,train
2a0d5ac7d061daca,train
2a11df340c68d010,train
2a13a48f2ed34bdc,train
2a14b382ce397a3d,train
2a14fd6bac465612,train
2a1751b7ace8f579,train
2a1c7e8d3995f11c,train
2a1d090e31368b0b,train
2a232fde8eb96cbf,train
2a258c737c91041b,train
2a2651b3621eee02,train
2a273835650e7fe6,train
2a28a89e56dc1743,train
2a29de9f1db9c6de,train
2a2cb4cb0719bff8,train
2a2db677c9b0c9c1,train
2a32702b909b4aa1,train
2a36245e76f397c5,train
2a37232faf11f17e,train
2a3a23e3439b702c,train
2a3b78132dfbbf20,train
2a3f908da3446fe8,train
2a4415c4f09dbe48,train
2a4fd8b013dd17bf,train
2a55bfc43956dc0b,train
2a55f8d728882b3c,train
2a56029cbdc0aa9f,train
2a57cfee88b56dc1,train
2a5dc6bcd0360cae,train
2a5e5e9b8ff7b07e,train
2a5f6aacc281c36f,train
2a60441b92d1fc21,train
2a60e6ef31ed1f4f,train
2a6970069e0087d5,train
2a69909811282177,train
2a6bd4c950af571f,train
2a720c2d8a8af371,train
2a723e34f0629f22,train
2a728159ee04a032,train
2a75ab41faab533e,train
2a765405670a426d,train
2a7a25c5661d13df,train
2a7cabc9dad16bd4,train
2a7cb149df20e33c,train
2a7d72f002e886da,train
2a804f39af11365a,train
2a8420c27343437f,train
2a868731f2692703,train
2a87a2fe0e87b10f,train
2a882140a1eaaae1,train
2a882336456819f2,train
2a88bbaa29e216c8,train
2a8e51b025f443a3,train
2a8eb02fba871d57,train
2a91b9c0b02fb71d,train
2a91ce237d8fa297,train
2a926de3e4fd6996,train
2a9429cb05b26602,train
2a957b5dd057efda,train
2a9d5966a1d486dd,train
2aa1100523c78f89,train
2aa48b7b2b5a5bf6,train
2aa4bb9c903e8765,train
2aa4e80da822f128,train
2aa6d0ba1631c279,train
2aa79bf257b7dafd,train
2aa7d1d69b661731,train
2aaa7095afaa597b,train
2aabdf9d278aadcc,train
2aac3eb429b5f0c0,train
2aacd82ebd71a2ba,train
2ab711b0481fcbad,train
2ab7e9d7e8d1cba5,train
2aba436d5797bb5d,train
2aba91a068c69535,train
2abbb37bbc901840,train
2ac070c1c7801728,train
2ac2eb972f524ea5,train
2ac3e6dffc198be5,train
2ac43f283f4a6aea,train
2ac6f413bd9937ed,train
2ac866d9190ce602,train
2acd1bb3ce414750,train
2acdd15954419e04,train
2ad066c64ad75245,train
2ad26599ec965ec7,train
2ad3a66e6ed893c1,train
2ad6b5728c109677,train
2adbf33f9450f319,train
2ae0f0e473731d4b,train
2ae40804bca2de73,train
2ae69066d5440088,train
2ae76a7541f200e6,train
2ae9e8f5db7b464e,train
2aeac47f1e18ba11,train
2aef2d315f5f1b01,train
2af68ae0d1a6d5c6,train
2af7ad3f47ae387e,train
2afa24ef55e80137,train
2afa72044186d978,train
2afb4f997e2ce6e1,train
2afc4b6dd8da8016,train
2afc80cbfa8f3e71,train
2afcf0803e699576,train
2affb06be866c5a7,train
2b0153f4f919bdb0,train
2b08306b9e00e8f9,train
2b141ca22cc6f4e9,train
2b17d4cd48a18bd4,train
2b17ebbffd56ab24,train
2b19d2f2f00d12c4,train
2b1d6e8e83409a85,train
2b228b1227e80817,train
2b259098376ac13d,train
2b279f5978b50a69,train
2b280a0e1d74553b,train
2b28eee19bab6561,train
2b292bfac246dc3e,train
2b2979b43447fc21,train
2b2db5f4d7a550ea,train
2b2ef6fb5dc6325f,train
2b301279e0a80f31,train
2b32794804e1ece2,train
2b33bc64b5a78ffa,train
2b351a8a77250a73,train
2b3641a4cd11e5f5,train
2b3665ad2f8acbca,train
2b372b4d77b0f7ef,train
2b3994dde38edf8d,train
2b3ca95d24ea964d,train
2b3caf7ff5296355,train
2b3ccd76b20b5ab5,train
2b4237104dc63c6e,train
2b4272179fd00bcf,train
2b49c513e72d1ec5,train
2b49ed1d055d090d,train
2b49f5e073fca3df,train
2b4ae0e2661aab18,train
2b4c35b9cf0b1d3e,train
2b4df4586e699d2d,train
2b4f0af84764ac06,train
2b503544b874520e,train
2b526bdc57e982a5,train
2b533a9e853e2740,train
2b5374187e4b4421,train
2b561f4302616a51,train
2b5675f17af883af,train
2b582ee2aea59c7f,train
2b5ed63626a89202,train
2b61c20ccb311bad,train
2b63f999819e117f,train
2b649f07c3424f92,train
2b6aa9e555e324d7,train
2b6d90dd06979c03,train
2b722caaa4d19bf4,train
2b78a85be701f3da,train
2b7d2dbd5b8899de,train
2b7d3d716828a21b,train
2b80f19fe73470b3,train
2b8524c07a216fe0,train
2b87a44cb4ecf3d7,train
2b8938211891f6dc,train
2b90a2f1bcef345f,train
2b91bcb89f771065,train
2b91e526cb7d8c8d,train
2b933c1af089c490,train
2b93ac62adc7ddab,train
2b93c977d93500ca,train
2b991a6f8acf3380,train
2b9b38ce7d408baf,train
2b9bb7a2eb5ad724,train
2b9d2313edce7034,train
2b9f6cef47016cec,train
2ba387c68c047b68,train
2ba6554f82bb910a,train
2ba65c119a3c4a87,train
2ba7024a0e5bc731,train
2ba7741ffe55fc35,train
2ba881e2e47d4b0b,train
2ba88adaef174fc8,train
2baa352a8dbadca9,train
2baa9da94f2512d2,train
2baaa689861fa3d0,train
2bab4e8f48ec3092,train
2bafcd6ac416ab9d,train
2bb133836ae68e26,train
2bb1bffe30717940,train
2bb1daa187faf950,train
2bb35c7ba0c9a57a,train
2bb4b7dd6bd55094,train
2bb6bd4e60d2bf6e,train
2bb98cdad7d19c78,train
2bba1bb51093a732,train
2bbbaf95cb2860b7,train
2bbbff8464732388,train
2bbcc0310c9ac4ee,train
2bbf38cb529cd257,train
2bbfff4c6e2eb141,train
2bc232e7ac5b1b7b,train
2bc6047e8f5ec0d9,train
2bc7f3269977d7ba,train
2bc8ccb7f401e772,train
2bcd3c4b47eed476,train
2bd1e8b0be330d5e,train
2bd311885e7fd5a1,train
2bd392b127d345a8,train
2bd5419e80f312fb,train
2bd8e3d09b3ef328,train
2bd96913b5fb5664,train
2bdc3064daaa3580,train
2bdcb0ecd85e0ab8,train
2bddcaa1bf705d8f,train
2bdde8320f820f03,train
2be3c19dce251867,train
2be77d5247675f18,train
2be8158c2488ce23,train
2bf1ac4639406c11,train
2bf2756dabc4f7fd,train
2bf2ae9918229324,train
2bf34785c92c9b65,train
2bf4443fc0e91042,train
2bf49d5db0b9a637,train
2bf664c17f4fb6d9,train
2bf8546d36f2052f,train
2bfa387fc11f13b7,train
2bfb7c3a8c33d670,train
2bfb864051e2a046,train
2bfc8aaf4f15ab54,train
2bff40f53458963d,train
2bffd3d235df800e,train
2c00e600f999320d,train
2c036e735b270765,train
2c0ad8e69172725f,train
2c0afbc1fa33e610,train
2c0c972002a4a63e,train
2c0e614174bd4af3,train
2c1044df46e423bd,train
2c1393c407dd4242,train
2c14d0538b3f4847,train
2c185de0d83c491f,train
2c1865294b964d96,train
2c187d5b904e4f27,train
2c19d1e7ca504739,train
2c1a1f45b5a532b8,train
2c1a3477d42f1a26,train
2c1e091855c047b5,train
2c1ffc0f26b4384a,train
2c20b47477056df0,train
2c2159e42f840849,train
2c226a7caf5e7071,train
2c2494658cd07421,train
2c27b6a1a0c7977c,train
2c3092f1b29b61fb,train
2c34bc68990f3778,train
2c34d1b1818c5b3d,train
2c3531a345e1d86e,train
2c35d7c94211680f,train
2c35e4ab15d351cf,train
2c3954b2e6fc809e,train
2c39d135fa9f0b2b,train
2c3b27bbbd7aebfc,train
2c3bbea4ee9583df,train
2c409f70b62c9b38,train
2c421550a2fb553d,train
2c4229a7d6cecd5d,train
2c43a0ac363cf22d,train
2c43c338a3517ac3,train
2c44e651dd7640e6,train
2c472266a4cff5ab,train
2c48f8d067ab5228,train
2c4a975d38aa3960,train
2c4d9e9fa14b7640,train
2c558543750ff6f7,train
2c55bd1a497d0f76,train
2c55c5472c99218c,train
2c56fd354eb9970d,train
2c586e6d00dfa814,train
2c5dbad29eb1d55a,train
2c5e546ee694c9aa,train
2c5f68b278a7b5a6,train
2c66e7f1239017ce,train
2c6c322badb77af2,train
2c6d1ecaa232f5fa,train
2c6f946f6b6abd1a,train
2c727788bc12b9fc,train
2c77878fc49c2975,train
2c7817eaaf9abc1e,train
2c78923778847a17,train
2c7ba896e8902fcb,train
2c7d18f9157b6650,train
2c7ece58be8dba30,train
2c7ece58be8dba30-2,train
2c800d5b0a3df63b,train
2c81499c866ef390,train
2c83b655f5523088,train
2c84cdbd2c59b4e0,train
2c85d7e4d96e182d,train
2c862dd0fb139107,train
2c92691deea8306a,train
2c9613158a4b7aa6,train
2c98d499ca10a993,train
2c99769ceb5c5bde,train
2c9d5c3678f5ed62,train
2ca57b774a0ff2f1,train
2ca5c96fd7014fd6,train
2cac43b1889f4313,train
2caea8d5a013060a,train
2caf37917ae2a928,train
2cb3d98a6a816238,train
2cba53a6ecd70f8e,train
2cbf38b4a0793e2f,train
2cc0fc4e65dbc9ce,train
2cc3816a9888f8f3,train
2cc3947ff224bc32,train
2cc396cd7d3f3e3a,train
2cc56f9883643357,train
2cc82ee0fda828db,train
2cc8321feaf47d10,train
2cc9dd4c697b0209,train
2ccaf82a956431ce,train
2ccb7546a9e9334e,train
2cce54d780644b26,train
2cced250accfd882,train
2cced5b77f73fdfa,train
2cd078c2a41a8860,train
2cd104c840140733,train
2cd2f0046f0a4b44,train
2cd355588568cdcb,train
2cd3cf895c5b9038,train
2cd54c3f34cd25f2,train
2cd69e11562d5cb7,train
2cd6fa70ea7cc704,train
2cd88fab22d807e9,train
2cd8d21364d46b6f,train
2cdd74fb6260dcd4,train
2cdda53c8402b1f8,train
2cde91f9b87e056e,train
2cdeae41e7f77221,train
2ce0751bb49c460c,train
2ce4289489131d13,train
2ce7ea24bc08370c,train
2ce9534359ffea59,train
2cea9fdf6485da4a,train
2cf0a85bf7ea6ac8,train
2cf15a2773bdd3ac,train
2cf784ef8e48af05,train
2cf869a2f10d8641,train
2cfa6fd908c24895,train
2cfb44d13d1e7a18,train
2cfb9b82ebc92da1,train
2cfc8b02ca4e2f3e,train
2cfda3b9a63726e1,train
2cffbb8c9b25f698,train
2cffceb734de27dc,train
2d006d09d58c1e7f,train
2d02f873084d4305,train
2d0527d40fc5e4fa,train
2d053591e2b30d89,train
2d0a6425c4527839,train
2d0f8e217dee1c8f,train
2d1125699a1305b0,train
2d173f734a3b507a,train
2d185fe35a673044,train
2d2036d53f83937a,train
2d20480869434d7f,train
2d24271b09c2520b,train
2d24c255d518ea41,train
2d24cfde52f1835f,train
2d25174a20a54334,train
2d274ae9ea6474a0,train
2d28321746b75864,train
2d283efea907ce45,train
2d29478e80054c5e,train
2d2bb34ef068dccc,train
2d2e43a78b46c272,train
2d2ea80763a0673a,train
2d2f684a187bcef1,train
2d34fb8c4628faaf,train
2d3551f25445cc74,train
2d3acd148f698a54,train
2d416f89b4bdc894,train
2d42948b90c4bc47,train
2d4328a81c68b734,train
2d43cef50f4394ba,train
2d483586a6a0d426,train
2d4997e8ccb2efa6,train
2d49cddab48a7ef3,train
2d4a3e9709df4c48,train
2d4ad5def03fba6b,train
2d4d209e54975d44,train
2d4dbb549130cafc,train
2d5036a002e3af5d,train
2d5378c11c0ff2c6,train
2d54f85853ef44aa,train
2d5ac60c307fb1ab,train
2d5bbbb58d892267,train
2d5bd06701d7582e,train
2d5ceacce816b601,train
2d5d8f18e9ca2e5d,train
2d5f0999fb3fd4a5,train
2d61b573983f4f2f,train
2d654fb86c11ee21,train
2d65dcd08091d950,train
2d66cbed87d66e8b,train
2d67e7e046b9f2e0,train
2d68606051c61409,train
2d6c61f268c1f17b,train
2d6cda6db9a5444e,train
2d6ce09f5e87d147,train
2d6deb3e09597e0e,train
2d72bee9ee623c33,train
2d732541b354c4c6,train
2d737f821d310e9f,train
2d73e739de20867c,train
2d76178a567d23ad,train
2d778a4deee765a8,train
2d79ba4235a31648,train
2d7ae518b66765ea,train
2d7b616ca0cf32aa,train
2d7c5763741561e5,train
2d7c6bd2b5d959a3,train
2d7ce2e2794a5469,train
2d804d4c589838f5,train
2d8057abfe4b6a91,train
2d8783a73285be72,train
2d879d9ed3ec51fb,train
2d8b57d11674f1cc,train
2d8fb19b00f16bdf,train
2d90547cdd0dd212,train
2d927e22e95f1f0b,train
2d9593013e0622bd,train
2d96c44d505528c6,train
2d97757fcf886734,train
2d99fad87eb36276,train
2d9d378333e80a26,train
2d9d9aafd014f89f,train
2da483752e43c173,train
2da6f73bc3b2778b,train
2da9dbc13ac2c6fc,train
2dad6fc9c4f207a8,train
2dae1c2dc2e5f367,train
2db06991d122c243,train
2db311954e20de02,train
2db3858ae7bd6fa4,train
2db5528fb5988572,train
2db5d363799813e6,train
2db7e2421b60fdcd,train
2db7ff7ced6a8b14,train
2db80c97a69e86fb,train
2dbb7edb86433589,train
2dbba7ad584a8cfa,train
2dbccf13f6149236,train
2dbd6bfc4e3c10c2,train
2dc4458ec225ceb4,train
2dc453e4cce55862,train
2dc5f64b5f6ab1be,train
2dc9224acdb313d8,train
2dcb5e4b06b0fd10,train
2dd02da91222406c,train
2dd0d017b9817486,train
2dd76ed54aaac6a3,train
2dda20bd87e1ca3c,train
2ddc537b197bfbfc,train
2ddfa979fb67ce5c,train
2ddfe16169efa67a,train
2de131cafdccec79,train
2de142ffdb6ecb0f,train
2de3d8b336848865,train
2de45ba5c5cc0b55,train
2de5844770b6f349,train
2de81c6b3bfb3916,train
2de8919166a2058a,train
2deed02ab226bc50,train
2def276f7f234027,train
2def8b3239cdbac2,train
2df0263fea8d7f88,train
2df1ff7463aecc4f,train
2df2a51bbaa6c863,train
2df6a596aa1f3535,train
2df8a100a3b189a9,train
2df9ed1355cabcd8,train
2dfaa22016501a74,train
2dfd67c8d95b790c,train
2dfe0ab2eaed1c1d,train
2dfecc105b51a0df,train
2e05be7c151294fc,train
2e05fb1f38965bda,train
2e0684844105bf5f,train
2e11d57e64c37eef,train
2e1332adb3532130,train
2e18e3c95eb9a02c,train
2e21845fd4187f51,train
2e2355ec6e54163e,train
2e25080fe635740c,train
2e2a069ee1041b33,train
2e2e8ac070916eaa,train
2e30b2a2b5f4a236,train
2e3ad90f25260cce,train
2e3c55240b0d2611,train
2e3c9cf8fc3a9928,train
2e3cba9a6bf2db78,train
2e3ee0a906bdf9b9,train
2e41c621350f0963,train
2e421d40a1f71a74,train
2e4244e4bde609db,train
2e474a1cbd5fb403,train
2e4aa78964b3b826,train
2e4de88b44f0fed1,train
2e4eae96cbf00a2a,train
2e4eaf45e8aae4c5,train
2e4f84ee231601ce,train
2e505980184c63db,train
2e51ab269212540e,train
2e52a789bd19b547,train
2e54374053bb8549,train
2e57259006012f82,train
2e58e821c9ec09e7,train
2e596ad9f2514373,train
2e59d8adb2869d00,train
2e5babee8c771d91,train
2e5c85caef8cdc3f,train
2e61b45257ec09b6,train
2e66f89af6345939,train
2e6a41fc5b9fb519,train
2e6cd764aa207bb9,train
2e6d5549d0549bd0,train
2e6edb5d2317f4a6,train
2e746190aed4118b,train
2e782679b68d840a,train
2e7a04b097e200b0,train
2e7a0960f30ae902,train
2e7c2b7131ab0690,train
2e7cbcdbfa2ac9b5,train
2e7cc6891bc4f210,train
2e7d309388626953,train
2e7db41ed3014a62,train
2e849413ff869e27,train
2e8a1f8abbb442ef,train
2e8adf3e9abd2176,train
2e8c9b1361aea5bd,train
2e8d4f5497d3aa70,train
2e8e3d225c5a97b2,train
2e953663dcb16257,train
2e95a0d7794ffe68,train
2e989ec7b606b5c3,train
2e991d55482cb178,train
2e99aa1e1d2e41b5,train
2e99daa2f342fee2,train
2ea29dbe7992ff79,train
2ea8b08f45368f46,train
2ea906cb4a4dca6d,train
2ea95064d284b535,train
2ead8a6e1394ac7d,train
2eaf680097daa447,train
2eb1a6414a3771c0,train
2eb322436887fcdc,train
2eb5d923f09b0f30,train
2ebb1fa9810cdc59,train
2ebfd24da387958d,train
2ec3f380e54d74c7,train
2ec4f0d0775dd08a,train
2ec57e5874059062,train
2ec61763b75ad450,train
2ec7fd12e3440c90,train
2ec98b7689ea2d36,train
2eca90ef90f2b262,train
2ecb549dee7c1fe3,train
2eccd55289d7b8a6,train
2ecedcea0cb4a1ed,train
2ed1ae53a318f9d0,train
2ed1bbc7a4634da0,train
2ed1f0af010f9c10,train
2ed52c3ebd5624f6,train
2edab51f33af6d7f,train
2edd27240e623a1a,train
2edda0228fde17ac,train
2edfbbc4d7a94e0b,train
2ee1a6c3619067b6,train
2ee224c6fee41299,train
2ee5090220ae4388,train
2ee5265eb12e455f,train
2ee8b1a3a11c5513,train
2eeb4e960e7742a4,train
2ef13faf1a7760c4,train
2ef71e7f8b3507be,train
2ef7a1d81ebc4959,train
2ef81998029bf0e9,train
2efae81b064569fd,train
2efb0f0e432e701d,train
2efbc92d2ee8057d,train
2efe752b07d92d66,train
2efea326b7441cee,train
2eff8f3fd6ca0a87,train
2eff91a9a5d70951,train
2f05999e33de63a6,train
2f0864a053f7b503,train
2f0eecfaff7f1519,train
2f10360948a48571,train
2f11473366d566ae,train
2f143b6fbd3bc3cf,train
2f1796b65a86cb0c,train
2f1a82329484b325,train
2f1b5c17e5f27844,train
2f1bd7a25420742c,train
2f1cd083f3e113e4,train
2f1d1847a8ad3e26,train
2f1ea9a9611f69e9,train
2f20d2f605b9dea4,train
2f279a254875c734,train
2f2b8fbb524ee86f,train
2f2c17fe9547702a,train
2f2c33e9f8ba13c8,train
2f2d7e52c27f7149,train
2f2df368de2c1374,train
2f2e710aff2d601d,train
2f3085f1c77507dd,train
2f3101b9e7c13909,train
2f31e91faf260ab0,train
2f390a1eea70f551,train
2f395bb8877d707d,train
2f3b1e444aec65a3,train
2f3c75b526eb79da,train
2f3d76df1e91eb7c,train
2f409b6d20bc193d,train
2f40cbdf8941cf7d,train
2f41df9cc47df5eb,train
2f4582fb20b583a3,train
2f464ca74632bf25,train
2f46500d1c7ce2a5,train
2f476a861769c550,train
2f498f18a2605fac,train
2f49c80afbdb48e3,train
2f4c67a74e632e76,train
2f4c94bb871e54c9,train
2f4cb9f2fa87e669,train
2f52112d5ba6478e,train
2f544e6d54fc93c2,train
2f5690da2fa6d515,train
2f57aff91bde028f,train
2f59621dae714fac,train
2f5ac90dcfeccca0,train
2f5b5840e38ebf13,train
2f611dd2efad3709,train
2f627c819004da94,train
2f644792b2efe849,train
2f654b21a6efa89d,train
2f65cb8530d9afd8,train
2f67cf9cb3a00380,train
2f68ebd7f995eb72,train
2f6d37fb7e551606,train
2f6f0414b4c000f7,train
2f71a43ced5de10a,train
2f75f0f5f84203ff,train
2f79ab58217be2c5,train
2f7f6c6739150397,train
2f7f6c6739150397-2,train
2f80d0b0a84bdb06,train
2f8da1520a16aab3,train
2f91f06af5ca9237,train
2f930dc70b849ee9,train
2f93945b3bc25837,train
2f9725cef3ecbcd8,train
2f975c1c55fac878,train
2f98957bb5945f89,train
2f9edc8829795866,train
2fa19ea7a1d5f1cf,train
2fa2d245d67c6d33,train
2fa537effc38346a,train
2fa55035d158a11d,train
2fa765cbf996b0fc,train
2faa5e629ac95b45,train
2face6a0714e4857,train
2fae1b2b49c5a676,train
2fae28e44383602f,train
2fb246a7a42815cd,train
2fba054645296d41,train
2fbe6c0d4d765c3f,train
2fbf398104c75f54,train
2fc295c52354e2a1,train
2fc54dadcf5ed83c,train
2fc5cb5533feeb11,train
2fc9829d5b885294,train
2fc9982d7aed08d5,train
2fc99e5d785ca8a0,train
2fcb7110b06df040,train
2fcc9bd479fca1f1,train
2fcdaca3eb66b15c,train
2fcfaff7d756fa2b,train
2fd03ad536b96727,train
2fd12630e92a8f42,train
2fd3d5e601c0e9e6,train
2fd6b5b914e07ead,train
2fd7a1c1afdaa085,train
2fd980fa547a2c00,train
2fdfec5a5488ed84,train
2fe094da8459d7c2,train
2fe11f9689f9f72b,train
2fe13e63677ec505,train
2fe1489151647792,train
2fe44cfa0e31d867,train
2fe48b10f12ad1e1,train
2fe93c3ec790de02,train
2fec71c5d6208903,train
2feca6ebdeaaf459,train
2fef8a0850252965,train
2ff021e31b60e2a3,train
2ff0767e0d595de6,train
2ff1934e7335729f,train
2ff1c0f8105f97fb,train
2ff3ab3a93f8df4f,train
2ff6efab8c4eaad6,train
2ff92567fc6b599b,train
2fffc6a0d83c025f,train
30001af53b07818b,train
3002cc58e9c79219,train
3003a47e40c0e46a,train
300932eac9f0f28e,train
30096512e2b6162f,train
300b34f0e1de06fb,train
300c11f242165ac9,train
300c370972935c0e,train
300d6c111ed32c14,train
300e0a452965f39e,train
300f1d585e224ef2,train
3010b175a6c88174,train
3011da1100f43891,train
3012d876f7e3f325,train
3016b6dd3c773084,train
3017cd5d38eedc9f,train
301b9c1de43c10ab,train
301cabbbfb3679e2,train
3023d7de924e86da,train
30269d7b73c69f7b,train
3026bc83ac288734,train
302ca10dc9fbee3b,train
302d71fdd43f526f,train
302d896cffbe7cf9,train
303100b9dbbf9547,train
3032b2cb79538ea9,train
30332182ad336279,train
3034228389ef9795,train
303a2e478761f9d5,train
303a9377293b9636,train
303edf777dc573f4,train
30437e95563610f4,train
304540d80c8bed95,train
30486d283d73b834,train
304bf06b076db51a,train
304bfd7e0dbc9e67,train
304efa8998e4d649,train
3050efbee5688eff,train
305343de5f930518,train
30554a5e854fec8b,train
305746e5da13ef40,train
3057e044783c01d6,train
3059d72f10fd2d73,train
305c3e9c7ad10315,train
305c52b1de8c2d8d,train
305d2c871a1391cc,train
30636ef53f6c5bfc,train
3068ca7ccc632d4c,train
30698e279200eb46,train
306df5cb7ffecfae,train
306eedf2d3036b3d,train
306f548f9c052bca,train
306fb3de316df512,train
30717146c9b7f23b,train
30749e3d51223736,train
30750bb9d6a2e8ad,train
3077e8cfa3098bbc,train
307c0538ed075671,train
307c6c5dfdce1470,train
307efff5fc894be7,train
307fd5e0c3ba7bf7,train
3083fc09b5eafd9f,train
3084a0b2900cc662,train
3085820292e96d28,train
308b7d4983c486c7,train
308c1cc5e25ff274,train
308d1d0e591d7463,train
308e9ff43fc614e6,train
308ed3657bf90a74,train
308ed89b9bad3958,train
309417af02fa610f,train
309af55b31498ee7,train
309b6a18fddc0afd,train
309f51aa737d04e5,train
309fec807257ae56,train
30a4080289a80ca3,train
30a4d850ee0b7cdb,train
30a93e8d675abd5b,train
30a9a7d20c20018a,train
30abfa791363d2c1,train
30ac6fe7949bfaee,train
30aced47db1d245e,train
30b04edf08c8bd97,train
30b2172fc8e26db6,train
30b4597a14ae4e5f,train
30b6246a97ab1269,train
30b765064ebe89b9,train
30b7808e325b2743,train
30b8341c7af7f192,train
30bb29f43e51a348,train
30bf753bdea3bd05,train
30c1369348e7834d,train
30c4b832280e3039,train
30c6f76aa3d9f525,train
30ca7ccf8c6816c7,train
30cab2e3f53cab4c,train
30cb07e405311f59,train
30cb1ed9b43e344b,train
30cbdcc264ad3c00,train
30d0de68732e14b1,train
30d2749fcd2d4376,train
30d5199d33293e55,train
30dfb3873834ae06,train
30e05c53d6a2057a,train
30e36301747d9143,train
30e43420a499eddc,train
30e4fe671d47009f,train
30e536224590be79,train
30e5d0e3e388f670,train
30e8e47c91978441,train
30eb391cbc4a6d53,train
30ecfbe7d871a5ae,train
30ee2957efb6e3a4,train
30ef1f93d29217aa,train
30f8248015e691f8,train
30fa3fb6eb9431d1,train
30fd467d684af20e,train
30fe10dd6634e41d,train
30fe2fb8786925f4,train
30ff6adce34dcf55,train
3100116bc86bd510,train
3103a120709f08dd,train
3106aa28c1632c17,train
310a195de5c6974c,train
310aa6b65db56621,train
310e8182d7dc0128,train
310ec68f72dbeafb,train
3112febc159836bd,train
3113f8d183d842a8,train
3114f52a4321725b,train
31171a44600b38c1,train
3117ca6f52aba90e,train
3118b7530214e361,train
311b9f627eb145f1,train
311bdccca0b48198,train
311e2ca5082598c9,train
311fd3e7d8f5f993,train
31221303b6912065,train
312279121738ecc9,train
3125909a2d6074f4,train
3126f21ce97f9cfd,train
31278792f208f861,train
31283c579ad68414,train
312b9eebd1d67be8,train
31323e1e207fe926,train
3139748786d7d1ef,train
313a5580d04e3b39,train
313b42f9354d27a4,train
313d3e8f1c2cc9c2,train
314020a433988e2a,train
314104c9481d8ab0,train
31413696991030d9,train
3143a3636b7869bc,train
3145722b4e3ef7ca,train
31472aa5a1d1336b,train
3147625ac508c8e0,train
3149b37d8c52b693,train
314cb83737a4f314,train
314ffcbeceb2f81a,train
31508ce6ddb6ce84,train
315343f621340284,train
3153e4c922ee64c2,train
3155a4dfae50aa4e,train
3157a22c9dca33c1,train
315af7501140ae4f,train
315ea8a8064a5832,train
315eef95f215039d,train
3166bb4a80f3c146,train
316877918cdf764f,train
316d44385e2e8b06,train
316f234e7e14c305,train
31727aa2346ba394,train
317758c4686b61ce,train
3177a5aac8262eec,train
317857b5dc45f048,train
317ca3e7efda577a,train
318149b3a0e7befc,train
31827636d2af418b,train
31844f4257eef8ed,train
31846a9813fec672,train
31851b91bc3de8c1,train
3186f75abcf0ec4e,train
318837c210082a31,train
318b2dd54479e3ea,train
31905767f55f6c25,train
3191dedc1af93492,train
31954efc8840f34b,train
31965d71fd9c7640,train
319796bd0ac6caff,train
319c7fe8ea48cfc6,train
319db40da066fd9a,train
319e2faa951efbc7,train
319f25f3594b1d7c,train
31a40ffb716231de,train
31a43bf2e2da2594,train
31a78715254e81dc,train
31aa2e4eb7982cd0,train
31ac931a8256f0e9,train
31b0a182961741a2,train
31b0a182961741a2-2,train
31b40e4800334cd4,train
31b5ff24892f38b9,train
31b79a2ce5becd25,train
31b8f0c65b08625e,train
31bacde66cae3350,train
31bdf1d23e024a57,train
31c00242ac65a4b7,train
31c0c3879b13f0b2,train
31c174f862a53054,train
31c1c84f4866686a,train
31c6e5121a03997c,train
31c7a3c64f4e2a02,train
31c7a7bf75d76d00,train
31c9fc53bec7d820,train
31ca6471f52f7bff,train
31ca79fbfbc0d771,train
31cdd6d74fd3e58b,train
31cf42fe1c145ede,train
31d0e99f87def07a,train
31d1583f57b6703d,train
31d958d06c102263,train
31da8232a25ee2d0,train
31dd782f6f646d56,train
31e630df8923201d,train
31e6efb000243fef,train
31e7de9c5a9d8ee4,train
31eb5e16a031ebae,train
31ee1fb442f72df8,train
31f23a10a8e3706d,train
31f2c33b0e730832,train
31f35496498fc8b9,train
31f62289519180f8,train
31facbc3e45e27ef,train
31fd72425a43dfff,train
32012ea3350095e8,train
32016e205c6a8612,train
3202815a3293e028,train
320290749f068a7d,train
320374263d4f536f,train
3203764b6baa956c,train
3207d75fe78f3021,train
320dda6b1385ebdf,train
321138d408210a79,train
3213beb959b93884,train
3217e1beff13e412,train
321806c2ee2eacbf,train
3218441b16c82921,train
3218b1cd675785b3,train
321a0da1d9bc3f43,train
321ad838ac9a2700,train
321c79b64a90c9e1,train
32209898f3c5b2d4,train
322199f9fc71b9d5,train
3222006ed8d03d1a,train
3226ebd55c4f066d,train
32273b908f094436,train
322d5489ea3ce24b,train
32342d40007c5f48,train
323496dd79512d78,train
3234cda70e7ff69c,train
323675108c5f552f,train
3237e39379b2ee38,train
3239b830f84fbeb3,train
323ca70b9306fdce,train
3245d718dd8d65ae,train
3247846b1d2c9231,train
32498461272cdb36,train
324d3037f620840f,train
324e8a29063915cd,train
324f241daf16310b,train
324f2decf55756e5,train
324f9be30f9566db,train
3254d2f62d28b167,train
325ce8cf6c04efd6,train
325d1cf48e2fbafa,train
32608ba54a108f31,train
326114b60271f3e0,train
326138e7e739db31,train
326211ba31c9b54d,train
3263db6a43e32816,train
32674594cfbe6e7f,train
326897aaea2ac5c5,train
3268e8e2b294a74e,train
3269e8699b988a03,train
326c381f699523eb,train
326caea08ca17097,train
326d2c0cb2e10660,train
32793162dfb907a7,train
32793dece2b5dbc5,train
327a44af8e763e97,train
327bab3701fe7d66,train
32845d9db33bb200,train
3285136b8b85bbcb,train
3285f756446cfbb7,train
3286c00529c99ce1,train
328b624114472fad,train
328ba67bc631070e,train
328e7257fc359d70,train
3290d7a42d403286,train
3290f4f91ca2598f,train
3291583ce45ec2ca,train
3295629e995f50e3,train
3297fdc395a019f3,train
3298a3c7a4b9ea7d,train
32991b0b94481413,train
329d3f72f789cd3b,train
32a131391f531055,train
32a31f7f849d546c,train
32a4b83d6791b748,train
32a5bf5b8778211b,train
32a5fafddf7855cf,train
32a6b924601793a3,train
32a857382af80512,train
32a94ef69d36aa51,train
32a952b6fe848f9d,train
32aa4dcd53ba677a,train
32ae70398905553e,train
32ae93da983905cb,train
32af2f7b1cc8732c,train
32b2ed0b508f6452,train
32b3b2b6691ca429,train
32b4aabf9de05265,train
32b7b8eab2bd9e51,train
32bef01390b8acdd,train
32c14e68e2cfcec0,train
32c4a3d123fe40bc,train
32c4bdb16e696185,train
32c5000fc558e473,train
32c5b49c4086cef7,train
32c9e38cca3489f3,train
32cf4d0f4551c724,train
32cfbf12eab27ca8,train
32d1383c7c818ea0,train
32d47216f1f22543,train
32d4c11a20985b26,train
32d7625a576ade2e,train
32d80549615a50ad,train
32dd5058602f7016,train
32e158b458f3c267,train
32e39793242e8a27,train
32e4aa4e5dd0867f,train
32e4ecd5efb8699f,train
32e612c7a1fdd04c,train
32eabe22bea24727,train
32ed2cffbdc55c86,train
32ed2cffbdc55c86-2,train
32f202b89a194190,train
32f4efc8bc16fd71,train
32f5934dfa1c09e4,train
32f783310b0f3114,train
32f84e25c248574f,train
32f928b79c501b16,train
32fb6cfef78eaf2b,train
32fc04c748905685,train
32fdf85958d2c272,train
32fe14068f904d5d,train
33018bb10c99e730,train
33024a47ea2a13a5,train
3305e2b93946150b,train
3308c34ad5408cea,train
3308cf9a81e28fab,train
3308e1d941aaa3af,train
3309784716d31ad3,train
330a3f2a7d790311,train
330ba99ee070d60b,train
330e0940556257fd,train
3311bd76226b6e36,train
3314307ef57fcb0b,train
3314940db009bd57,train
33176b8c2356d927,train
33185c44e718be82,train
331c2aae6b221c64,train
331f090a135b3f81,train
331f6111c0495143,train
3320b9be059f3f36,train
3320bbc5a46c2e4d,train
33217dfb5e83e071,train
3321d3bbe202ffbb,train
33257e151abd18a5,train
3325cd049a5c49a3,train
33277519b7221e6c,train
33298d20285f4c1d,train
33309eb873ae3325,train
3332770d93cbd9b0,train
3333a7658e237a2f,train
3335ec597ec676d2,train
3335f7aa6aa1c196,train
333ae8fb5233c7cf,train
333b232d82b5a313,train
333e1be78481388c,train
334edcd43c6973ed,train
3350319b30f42c9a,train
3350695bf1f7a9ee,train
3351373429911617,train
3353328d5ba853df,train
3353e16238b47227,train
335610fbb7edb5dd,train
3357277de08c7c1a,train
335b8f852e9710f0,train
335c57a1067fd717,train
335c72ff24fc6223,train
335d129a5de495e9,train
335e68b97a6da94f,train
335e8c2c1bacddea,train
3360e148335a7efb,train
3365e1234c95db16,train
336606b763193965,train
3367215d9de06b55,train
336cc04dab214565,train
336d0e01fc03a57a,train
336d3e11d02e158a,train
336e6c0ffb59ed56,train
336e947bd8da2d15,train
33740601eb1ddbfd,train
337a9326efd6c4bb,train
337ab382e6922b02,train
33809fe133765262,train
33860ba13a98b051,train
33863d35fb4f2407,train
3386e76581f99be7,train
3387a28144c7c25c,train
338d43385745d953,train
338de2f5b1ae4791,train
338f237993b59a3c,train
33916e8496bb1007,train
339187414aa9234b,train
33926ba119247cda,train
3392c53e938ab71a,train
339729e56b3c93bb,train
3397e107f9b0b7a4,train
3399c4673a2b0427,train
339f11ae0f9be928,train
339f351dd6c1e4c5,train
33a1baf6b46138ca,train
33a3507e9be73c20,train
33ad52d5e1144920,train
33adda9f9fd2d7d5,train
33ae65afe90e41fc,train
33ae67b206738789,train
33aedbeba98012b8,train
33af48ad565af993,train
33b0760f2582fbf9,train
33b0b1bdb1653e1a,train
33b17f9d54b16a1f,train
33b4f7bf980b9d5a,train
33b6043b4ae3f155,train
33b662c77955044e,train
33b6e0cc7da33b6a,train
33b704a03a9371a6,train
33b7d10c9143d9e3,train
33bb6669166a1c63,train
33bbaf7d66cab3ca,train
33bcc746c7e8ed4c,train
33bdb762a491bfd5,train
33c04788b771b85a,train
33ca8bed9f23cd70,train
33cbe136bbe6a5ee,train
33d1e53b74701bb4,train
33d5230fb3494313,train
33d60cbf3b7e4aed,train
33d85e7f8a55e206,train
33dc7e988240c478,train
33de71103859ad37,train
33de7e444f7f9943,train
33de8f7f7d2892c1,train
33dea103dea29532,train
33dee56c391ea35d,train
33df300922bd3b38,train
33e0f71bf179a6b5,train
33e54f363b4ab44f,train
33e60a738770be9d,train
33e71974477bf704,train
33e81d92adf43d57,train
33eaf3d4ae6e8eb5,train
33ecd2c1a4a16df9,train
33f30c7b06567808,train
33f5fa82b21c029f,train
33f61fb39d247076,train
33f8412c1329fe3a,train
33fa76ab13d380f3,train
33fc9d022f417cb6,train
340211b816b9964a,train
340333ee3b47f204,train
340ac6f87b953465,train
340f38aa9eb30558,train
341058eb3413345e,train
34107644cfac2762,train
34123347bc93b542,train
34172a33ce636bc1,train
341829e0a118a992,train
341989269cc8bca6,train
341a7b6c5bc4d67e,train
341d34932aa23f36,train
341d5c4ba24f9b6f,train
341da9ec8864d16a,train
341ffa6bf14df3ba,train
342280eac6535d40,train
342312e51b47ed78,train
3425361a88735101,train
3425619b40d4c1cc,train
3427b4fa3912f961,train
342b9933d0414993,train
342d0de32a656c29,train
34351e077a5ad36c,train
34390947cb95eb92,train
343b386f03c6241b,train
343b8851577df525,train
343ceadf4963d672,train
343da1ea347a1e49,train
343ddcb7bd54c4a5,train
343e438ea68055a3,train
343ed24025f5733d,train
343f0ab1818c162e,train
343f0ab1818c162e-2,train
343f3111528acdbf,train
3440a3970ffded88,train
344447f03d31524d,train
344577a4daab48c2,train
3448540a668816ea,train
344e7b0c2361ae1b,train
344f339ef084df89,train
344f53e6de62af36,train
3451e035f89ec05a,train
345673e3d4c66ace,train
34587c5bfc287baa,train
345a3719fa6cccf8,train
345aec985a2168cb,train
345dd1f9fe0fc44b,train
3462919100ed314e,train
3462fbcb4de29e5e,train
34670c443ae41b83,train
346862a028dc53d9,train
346ba3972baebe8e,train
346ce01175874eb6,train
346d3451668e7a2c,train
346db9f300174556,train
34722bf0d85055d9,train
3473f0d48d1b6665,train
3474075d57c5ae6c,train
34752fb5c0a32635,train
34778badba953b41,train
3478d8434ffe6eed,train
347a7ff9e85b0301,train
347c8e625b60aa6b,train
347ed42f00552114,train
34805cda2b86c63b,train
34808cfd426a46db,train
34837ba38caae3f9,train
3483f9704619adaa,train
348b2e40043586b8,train
348e76c05e3e1ab8,train
3496e8c29ec9074b,train
34974304e2110306,train
349da70b50697115,train
349ea4ec1d3ba27d,train
349edaf0b2fa35f9,train
349f29caa9a81fdf,train
349fbf3233c90f39,train
34a12cf09959c962,train
34a58d3425bbc683,train
34adc0eadc69cc54,train
34b14b73a9099ac9,train
34b4fad0edf48418,train
34b5e621bc1e39c1,train
34b6ef14bb8c4dc8,train
34b7f1be3051452d,train
34b8b8cb031725e8,train
34b99b85882eea1d,train
34bb6b15d8e37c6b,train
34bc6ad2ef1359b5,train
34be5eee7c0a307f,train
34c244e9031e5b3d,train
34c8331fb87c693f,train
34c88b70b16607a5,train
34c9d42d7988c00f,train
34c9f71c45ef1c67,train
34cb384c79795516,train
34ccea3bdf3538e0,train
34d33136db9fc5c7,train
34d689147c30fd26,train
34d71f3678616efe,train
34d920bbe7fc7431,train
34da21fa21c0dcc7,train
34dc0596c7c2e39e,train
34ddef27dccc3b0b,train
34ddff722225ce23,train
34df2afa787da44b,train
34e253e401421898,train
34e39339ebc8396a,train
34e3b0086f0f1fef,train
34e4a0af1e7e1aae,train
34e5eefcbfef573b,train
34e7593cc7325e8e,train
34eb975d1065c6c1,train
34efb31024322878,train
34efb468a966e327,train
34f0e526f4370a03,train
34f2ca8e78e7141e,train
34f327b04b3b05e5,train
34f72163138ae6e4,train
34f7478b7e4021a9,train
34fb951bbe875cf4,train
34ff12c01eb13837,train
35011c8e99229baf,train
35022e6534221978,train
350328d9a2cc523f,train
350364d81e76252a,train
3504d95b804685ac,train
350523b1986cca2f,train
3505e8928584393b,train
350c6dea4a107132,train
35125a48be1d25c9,train
351464b002b866d7,train
351508d82b50070e,train
3517ef21e5df021c,train
3520bf5728899a6d,train
352955eef9896809,train
352a091707484be2,train
352a401e0f23026b,train
352ad8c21458f339,train
352bcfec2fb52084,train
352c6ff3a1fc9950,train
352f14a797224354,train
353353c729f75f51,train
3535e8f8adf7dbae,train
353700587076d51a,train
353721c65273fbcb,train
3537b5aa599bf4b7,train
35387e15006a42c5,train
353a43cd9dcffda1,train
353a77fb0fc27609,train
353c6a4fcb47651e,train
353ea4e7cec62eb0,train
353ff01d331fb8a7,train
354744549bfd9460,train
354b0d1ad119966a,train
354bcbfcd6614fb3,train
354c41a2e7ca9db8,train
354e57916deef0ab,train
355108c02ce14ee2,train
35531ccc3e8f36ed,train
3554a6986c591f38,train
35595c2be5d260bb,train
355f9d158183f3a7,train
35621ea5dc2cb306,train
35632ec5c0645a30,train
35671f5c9b576c7f,train
356851c9334b83ad,train
356a0dc57e289c2d,train
356a6f4a9c6211de,train
356bcee23955c349,train
356ce19e1f7492f3,train
356d3260416e1c36,train
3572697168fd24c5,train
357314c9932f00c0,train
357446dcd67ced4a,train
35788d275a792d6d,train
357a9d263cf89637,train
357b1172045b57f4,train
3583020708c1c829,train
3586e715743bc732,train
3589a56c2c856237,train
3589ca338a291cb1,train
358baf341b4a0fc0,train
358bf94caf9f201e,train
35904451d55d8eb8,train
3594aaa5a7bceeb6,train
35968e88a76b07bb,train
35981a066ba9e6db,train
35988aa3cbb623e3,train
359aa53c251efa8d,train
359b584ea994ae58,train
35a07ab51357b8f4,train
35a8743c8bd3b3a6,train
35a958e10a8679ed,train
35a95bfbcfdeda24,train
35ab29cd31163f6f,train
35b28cca24235fb4,train
35b8c4419c47443d,train
35bb3e6a44a2d27f,train
35bb4c2ad1445691,train
35beeb27c396b417,train
35bf00d94890e1dd,train
35bfa75b51ea19a2,train
35c0ecd873e90c75,train
35c0ecd873e90c75-2,train
35c2f0dcac7c7a29,train
35c85c3bce5aa38b,train
35cd933566221a84,train
35ceecb99ec552bf,train
35cf7074976c3a91,train
35d438486ad2accc,train
35d84fb99575c7c9,train
35d87ce6293b46a5,train
35d94e366e05e475,train
35d9bfc70ad8b0a0,train
35d9f5fa55b5391b,train
35dbe40534ab4d62,train
35dd302a46496f96,train
35dd40daf483e25a,train
35dea6c625fea5ca,train
35df41f39e941842,train
35e0caaf088de4a4,train
35e311dcf2c8229b,train
35e4cfff3db0e848,train
35e53978f878913d,train
35e54800a1c15d62,train
35e6c3132583ff23,train
35ea42fab1e527d7,train
35ecf77536e0c270,train
35ee6a51c36f6e92,train
35ef3c29c22b5c9f,train
35f2a1d5cc4d7f81,train
35f9f44018a1244c,train
35fc8a1932b2192c,train
35fde9710815954b,train
35ff3a5d008a8490,train
360361825359e69c,train
3608fd4b6623496d,train
360b4259b1bed904,train
360cd8569f94baf1,train
360dce58ddc5af13,train
360e262960883bab,train
360ed81e09d5f3e3,train
3611efe88958ea38,train
3614720d1a17a468,train
36147462db3ce274,train
36157b2d2ee80fb1,train
3615bcb1f744bb4a,train
361646483d15467e,train
3617a558e533fe3f,train
361818c2e636dcd1,train
36197c0ae4a9f3e0,train
361a58d63c502d92,train
361c27b2b0c21940,train
361cbcd94b4ba9ae,train
361d15497316055f,train
361fa1f9a3d2d2ef,train
362117375a7f1de0,train
3622f0543e3c3981,train
3622f0543e3c3981-2,train
3628ef172b51fc2d,train
362fca6b73046087,train
3631e7507bbe7ee9,train
363526d861e6147a,train
363a64f77a7c3801,train
363c8fbbc2bb1d80,train
363fed5e9bc15674,train
36424d98cc754dcb,train
3643b0ca89d787ae,train
36452750893713fa,train
3648e196b403c8b6,train
364980cbb942e3a0,train
364bc342ff331faa,train
364d957aab487647,train
365272e872bae320,train
365577d630e43868,train
3656e29f20bb8b24,train
365888f4039d28c7,train
365a241368e9bf59,train
365b61f96f2a876c,train
365cf2ddcbe2e330,train
365e206bbf2b2250,train
365f0c9ea5f013ea,train
365f4b33b338b65d,train
3661cfa80ccbcb42,train
36648249ab4d2c53,train
366716d5bbfb842e,train
366c29f3b8747245,train
366cb758b65c3a8d,train
367174d866e1c5d3,train
3674737f992c306d,train
36750efd004c868b,train
367513f1dc42cb64,train
36778cc383d808ac,train
3678142dac26688c,train
367cd9db2c26591a,train
367e00d3930a9f93,train
367fe721604cd6f2,train
3684407bec9a98f5,train
368531cff8a38a2a,train
36871fb99349530f,train
3688d16b90bf7d07,train
368a83427bff42ed,train
368f2217c0ec9b64,train
369266f460c07cc0,train
3692903ef24187d7,train
36936b06af19fe19,train
369870510a407832,train
36989063351a0bf3,train
3699b3d9401dce68,train
369b841daf929580,train
369c91d6da1e3d2b,train
369ca951862f220f,train
369cdec8bee663ae,train
369ee61ee1bdf93a,train
36a1f900907f990f,train
36a3fdaa1e6f858b,train
36a58b50a8f6a104,train
36a780f50024a959,train
36a96d83420343c6,train
36ab618e35c378e8,train
36b17edf5c9bd22b,train
36b18495f86e3a86,train
36b2359ce022fcf2,train
36b8156bf981eeef,train
36c074167f02c99e,train
36c07ba5d2cb8bf7,train
36c1ccae52d20a3a,train
36c4858151478e7a,train
36c7659abe2c15f4,train
36ca8d3bcc156020,train
36cb3b27cfe9f7ca,train
36cb5858fd99ccfa,train
36cd39e44b9e86bc,train
36ce0945b8d1d870,train
36ce7f8428000f4b,train
36d135f789b67122,train
36d3526bbcfd01b4,train
36d574e52b7eefa0,train
36d684013749c677,train
36d8b7039cd48081,train
36d90c0bddda4e9a,train
36d9f98477b2ba28,train
36da6c11f478ba36,train
36db12f082a33147,train
36dc182d8a5c7184,train
36e2ae34781a34b8,train
36e3fb0d46111350,train
36e574786c048166,train
36e9c8ec4ca0a5d5,train
36eac9ca5441b0c4,train
36ecfd0985d17511,train
36f0120d9ae1f4da,train
36f494579ec0ecb2,train
36f53afcfd0d114f,train
36f9ecd5e8705526,train
36fc88df5b0a10cd,train
36fcc390e138eb4c,train
37011d46c61fe156,train
37014e5b475c444f,train
3701d170dc6a0a13,train
370470992c947671,train
370487527c62eafd,train
370745700163481a,train
3708a68e1136b89e,train
370a90e12986aef0,train
370bc9d2aa1771e8,train
370d38adf2c8025c,train
371598a5b026995e,train
37190d0cd86453fc,train
371b78499f406691,train
371bac05f1bc8e3e,train
371cfb400605455a,train
371ed6c05c7fa618,train
371f157ce3943cd3,train
3721a12328b055cf,train
372361eb3befb034,train
3723bcb4abf1b607,train
3724aebea0c526ce,train
3724b333f7be8d36,train
3724c4827de79737,train
3725099b239d7cc1,train
372511cfe441cc09,train
3726ee2578119b1e,train
37283661302b27d2,train
37295ca1b24ab39b,train
372cc2e939906e66,train
372d3e3337ae423d,train
372dd7c1a0a43549,train
373125510e2a2099,train
37318bf3b27533fe,train
3731af6ca13e9613,train
3731f0737b85bf9b,train
37337b11a41e00f6,train
373438ab015168e0,train
3734aa3e999de00c,train
37359d69abe87303,train
373bec6d7b6c3aea,train
373c06c1ebe82a6b,train
373d5f8eccc329f4,train
373eac1da83853c1,train
373ebf17935fd1b1,train
374195fc072ef468,train
374309d6d4cd7f58,train
374391f36da2a14a,train
37462249b12969f3,train
374642ec9e9e3786,train
374956f124e85617,train
374b3d1e469d1392,train
374cad951600c406,train
374ce839716cdd4c,train
375237344171d125,train
3753bffc0eea3142,train
3753fd8998db0407,train
37545593ec10f3d2,train
37560a5ff71fa007,train
3756246b5829e35d,train
37576b725c9d58f3,train
37597e6300a01e78,train
375beff8445999df,train
375e3ec05062dc2a,train
375e49c3836b854e,train
375e7474ce39467e,train
37604396a8746eb8,train
3760a0eb5561a323,train
3761433c737a7772,train
376272c6bc9ff9ab,train
37627c13f934f5aa,train
376330d8978c0641,train
37638d6daef01fca,train
376650a1dc948e87,train
376756dec9f70fda,train
376a5cd58a53d80a,train
376b0407ce16d2b8,train
376b3612dff2e086,train
377214d3982d166c,train
3774fbe1a510e4d1,train
37798fdc09da876f,train
377d68888dc29c09,train
377de0a5aeb10de1,train
377df050099d20d0,train
377fa55d688c77e0,train
377feb470e74f0be,train
378229414515067d,train
37841f60eb207456,train
3784fb6bb88def8d,train
3784fb6bb88def8d-2,train
378622938e6539a8,train
37887275f81b3ce1,train
3788ebf6458e8631,train
378c23901fcd25cb,train
378ecd4a2b472b31,train
37923cafe63dca22,train
3795bfdb0b64b8bc,train
3795ffb8fae4a34e,train
3797446467968161,train
379f602ed5a69a1d,train
379f92546e9cf1f6,train
379febdfde617586,train
37a0bd26f66ac5b2,train
37a26d780ce5f548,train
37a442ae5937122a,train
37a54bac6d9ea294,train
37a661cfc42851f9,train
37a6ae835beb41b3,train
37a7ef3cb0fc643e,train
37aa381ae1e3d071,train
37ac34b9e8ba380f,train
37aee599053247c4,train
37afc9c4f581ee04,train
37b2e98a804316ae,train
37b319bd34863f27,train
37b51d3b6f6fe59f,train
37b80f4f38bbc49a,train
37bb307f0d1cb82f,train
37bfe8318dd27ad9,train
37c04c8902a991e4,train
37c0f2eba9016c55,train
37c1766f4b417677,train
37c262c491562ab7,train
37c2e33f6b24bcc2,train
37c720b3a74cb786,train
37cab0b4e986d5cb,train
37cc5e6bad87ecd7,train
37ccbdf89b761f4a,train
37ce8ad703cbf29e,train
37cf15b549cbad01,train
37d51033a21b29e7,train
37d716b616518fc6,train
37d9e5e931992b35,train
37dcce7e182f95e2,train
37e0311dd20c54cc,train
37e2270d134ba471,train
37e67bcfaf025511,train
37e86796d0de837a,train
37edc11bb0083a85,train
37f5a0894c7abfb5,train
37f62ce34ae7877d,train
37fb00e3bcd60ddc,train
37fb4b2e660b7da1,train
37fd4587fd4e1542,train
37fd4f2a6410b574,train
37fd867a27f11555,train
37fd867a27f11555-2,train
37fd88e826de037d,train
37ff27d3a731231c,train
3800ce8d365c080e,train
3800f010af9681a0,train
3802d5f2559716f5,train
38060f8377264ef8,train
380707f02ce644cb,train
38082b4b15087810,train
380885317b373995,train
3808b52936cba5ea,train
38108a15b81907a1,train
381294a79163da58,train
381294b50786c5e9,train
3813301d11fe2f51,train
38182acbc4d05f0d,train
38191313550459de,train
381e57fdf76de29e,train
38223456a125abf7,train
38227a811b44a895,train
3822bddee1850824,train
3822cb8b66bb9077,train
382608e28bc02a67,train
38262254ffe31711,train
38278951303522a1,train
3827f0145d40b3f5,train
38295594fc614e5c,train
382e67bcb6c99afd,train
3832fcaef7bdc588,train
3834570feec7c2fa,train
38346284df3a883c,train
3834bcbcdcf9210a,train
383829d4b1bbfc4c,train
383908a279294e4d,train
383eb7790c890d78,train
383f716c33b636bb,train
384412affeeceb82,train
38494edd418d45f4,train
38495aa67fe60d63,train
384a72d91f36beb7,train
3850d03851a92070,train
3852a79f5f773730,train
3852e6a684131718,train
38546a6d79c40fe0,train
3856695f88a543e9,train
38597c880e60dc1e,train
3859d432de07c987,train
385b2f4e8c6c5c85,train
385c1619eed4b9ad,train
385fe7c2f517dc01,train
3860f02b25daee4c,train
38614d3d8c77e043,train
386236ac81059113,train
3864a037e874567b,train
3866ee62d051b8ca,train
386ac77dd12830d8,train
386d7978ff8c07db,train
3870578ba162328c,train
38706e00f8002a07,train
387116ed0c73e6b7,train
38724d5b34b6c50b,train
387521e28bbb6f82,train
38762eb0ba644ebb,train
3879d2227445f6c2,train
387aa0f7c8a0eee0,train
387d4bbff88bc3e8,train
387e45ab785ce2ac,train
387f3505468aee72,train
3883199ab1d0ef5f,train
3886ceea1e0601be,train
38887c32737ca87f,train
388bd4d19540d0eb,train
388c46b410a21b28,train
3893e3861e1b76cf,train
389590fc493439b0,train
3897b7a0c797a583,train
3897f907fc436827,train
389a35627d9ad903,train
389bc0aca678ae54,train
38a2cef6adcb5455,train
38a428b8bbd38095,train
38a57832c33f783a,train
38a5a901ab1e9d0e,train
38a5ac74e6b44f3f,train
38a69c3fa78aec63,train
38a79d3e6c4d96bd,train
38a806b9a5e00e80,train
38ab8b91243ed3e4,train
38ac90ebe1f7a58e,train
38ad71f377882cea,train
38aeec1d04ce8087,train
38af49dd86322874,train
38afa8e9c3a65519,train
38b0e8f4f2882e55,train
38b18d30f5591c8e,train
38b2d3d2251ab918,train
38b7cbeb4e3b12b3,train
38b829bff5a88f69,train
38b90701a07e8b33,train
38bc384238f98f62,train
38c3bc97e23a825e,train
38c72abb671a310a,train
38c748ae3ecdf82c,train
38d2f2d7e0f88e4a,train
38d54d4374087797,train
38d58ac493213f4a,train
38d8e7f1b9111dec,train
38dc0ce4d12776dc,train
38dc0ce4d12776dc-2,train
38df1eb42ea6380b,train
38e631eeb4b4212a,train
38e899fd13e17a02,train
38e905e5bcaef612,train
38ebd0f9dddc1a37,train
38f0365226b0ef8a,train
38f0d7bd5319e665,train
38f20d16534cde1b,train
38f72c36aeac1022,train
38f77f3f90720a78,train
38f9dcd48388ef44,train
38fa61235b9adacc,train
38faf5a69b4030e1,train
38fc620f962d0e37,train
38fd4de4f3e6df51,train
390023139fb6cf44,train
3901126f357b5e60,train
390803c18a1d5066,train
39082de1465c9f91,train
3909db77461e7787,train
390c90a65f7bf885,train
390f3790c064d4d5,train
3913d839f82c3605,train
39176636ee7b64fc,train
3919df3681745403,train
391c132886012192,train
391c7d2aeee9f2db,train
391e5003ec962bed,train
39201ca4160df97c,train
3922eb50faca40fe,train
3923738db42afbc0,train
392d7b30b82f706a,train
39323a174d5edefb,train
3933de3979a7e965,train
3938efe617d85065,train
393df900194b5c12,train
393e0c85618f0284,train
3940e9f09ca83ed8,train
394188beb811194b,train
3942943f829d7e50,train
3942f3d2cd11dc8b,train
3944fb924e4dd7cc,train
3947ae582708d8f0,train
394f5d4902bc2331,train
3951412c6cba2229,train
3952dfd66d3f0505,train
39561edd33776f66,train
395707a489e1cbf4,train
395858595064a2f7,train
3958c06b627a62b4,train
3959a2b9120672c7,train
395dce77a2a5ca3d,train
3962b735c3cf57aa,train
39642680730f8748,train
396461a9260ee6e3,train
39655ea884920750,train
396752ff17feb0a9,train
396aed0e0a2be795,train
396b3a05a6e1419c,train
39703c940d60a3b1,train
39703d546dca6ee6,train
3971a19bbd3bd52d,train
397ab286009a2e8d,train
397c0d36e379a869,train
397e6e6939d2e755,train
397e96f8a4fdd83e,train
397f90ca2d1aef7a,train
3980e45d00c8546b,train
39825332b87ef94d,train
39843d960df833a0,train
3986350aa5f47fdc,train
398d1f160a5f54c8,train
398e5d217dd9029d,train
398e78dff96b0853,train
398eb3e1bd08a2fa,train
398f9c4fbdb53b7f,train
39904d8a4f761131,train
39923f618c0a7067,train
3992be5dab08275b,train
3993d35e822e08f9,train
3993e23b5433ce35,train
3993eefecc230e18,train
399524ed3ecb02a1,train
399819906b0dd890,train
399b449f0e5f92fa,train
39a25ef2cfbac4af,train
39a31025861baaa1,train
39a4f8e205eb1869,train
39aa364da7346b0a,train
39b5dda39bb79b5b,train
39b5e43a2fced7ff,train
39b792a0377bd2b9,train
39b8868f2a1cb3cb,train
39b8a3fcd817230f,train
39b99c56ebcb261d,train
39bec79ef152f447,train
39c37890bcfebd1d,train
39c3efdb9ddcba0b,train
39c49fdc041394b5,train
39c67086290dc44d,train
39c6cfaa78baf6c3,train
39c6f6ac2edaa63f,train
39cb331062cf91f9,train
39d161d4f6a21aa0,train
39d235b7fe434ac0,train
39d35185fbc27797,train
39d4624fb962b454,train
39d49ef6c70377b8,train
39e0694c928bd67c,train
39e09a6ab29fb967,train
39e0c15e6d9382d7,train
39e19022b4c5cd0d,train
39e25c9d2adddfcf,train
39e7c2dfc9db0a52,train
39e93a4592c06a8c,train
39e9d86ec7105d9d,train
39ebee6ddfe70388,train
39ec066ed525defa,train
39ed7dabbb1c5ddc,train
39edc30c643b0bbb,train
39ee0cc3077a691c,train
39f29ca45f05b027,train
39f98676927f9de7,train
39fa72625190dc8c,train
39fa760081bbfc2c,train
39fbc7aced42907a,train
39ffb0fa27722a96,train
3a007d52f8b3842b,train
3a008a83844c3ec7,train
3a01f8418890d572,train
3a065020a2c4d079,train
3a0945662f03dc13,train
3a0996e51842b7e5,train
3a0be2517d0f6b72,train
3a15107630943f98,train
3a1571287d9e8367,train
3a1623b7fbafad70,train
3a1ca52a9a556896,train
3a1e2d63422eb9d5,train
3a1e4d259fac4ad6,train
3a1f59bb10bd336c,train
3a216ef4eaf9789a,train
3a22cbd8e7ff774e,train
3a234b9c766907c6,train
3a28540f236d1e48,train
3a2885530064cf5d,train
3a28b2f8ce89490b,train
3a2acc9a6f6f5161,train
3a2d1b5dcf60ef1e,train
3a2e4b54ef259604,train
3a363d698a44b0c7,train
3a38e0209e0b7dc2,train
3a3903b221f40fe3,train
3a4051f0a4111725,train
3a405d0d1c3b42bb,train
3a41b3289a45550b,train
3a458aac74bbbbf9,train
3a45b336fc2408eb,train
3a47c0606fac9fba,train
3a47e67e7d7354b6,train
3a4a2145e45a4e62,train
3a4b4c497c4cdca6,train
3a4b6ea5d9dfda06,train
3a4c369a55a9cb33,train
3a4c799dd34be2aa,train
3a4d52cee64df80d,train
3a5e2d335fcef713,train
3a6162f0dce607e8,train
3a626fb273b9e7af,train
3a6288081a9bb4fb,train
3a6b158fd42ae3fd,train
3a6d117e006aae07,train
3a6e919806729fde,train
3a7675b1f444583b,train
3a78bf64c8497db1,train
3a7c3d249fbfee83,train
3a7d18c97f438293,train
3a883cd948ae9dfa,train
3a8ae405c7289a53,train
3a8b094ccb2685be,train
3a8c53b2af48ac8f,train
3a90bf4153067939,train
3a98d9c892f96931,train
3a9a5fb5f12b7d09,train
3a9a70e5f5dabae7,train
3a9c78aa2fef64de,train
3a9ca5e3d258eb48,train
3a9d7cc799406b9f,train
3a9fac0be45f54b2,train
3aa007d02062ebf8,train
3aa1e4c8968f2750,train
3aa2ed55a223b189,train
3aa2f3b75f5d5a1c,train
3aa3813279a32660,train
3aa44865664e86f5,train
3aa4a9eb780a6091,train
3aa4ca44936b6519,train
3aa5fba3ad6df49e,train
3aa6eb3229e55bab,train
3aab4223ebb979eb,train
3aae9a53a4aa950d,train
3aafc715ddacef6e,train
3ab06c9a66771e53,train
3ab0ab9dc3648ece,train
3ab86815e4233a5d,train
3ab96bf3da911a17,train
3abb8e8cd1da8469,train
3abb959c6585088d,train
3ac2036447b35e7c,train
3ac5cc53cb9d9f83,train
3aca1816efd06c4b,train
3acb8e7463faf0c4,train
3acbfb45e12557ba,train
3acf4123a8055a74,train
3ad355844d29b8dc,train
3ad938b5ed1e3cda,train
3ad9b7314f003955,train
3adadddcd18ede34,train
3ae11c0660f479b7,train
3ae1e8bbde9357ac,train
3ae2fbf46c111d76,train
3ae55ee9e9f9b7e5,train
3ae7002306b7180c,train
3ae89a4b0e697e99,train
3ae93ffd54fb2245,train
3ae9ca908e3459da,train
3aee91e0434fb1a9,train
3aef207151c409b0,train
3af0af11ace71e5d,train
3af0e6736306520f,train
3af16791b1a73ab1,train
3af2704a6b0ebacb,train
3af45897dcb0adb2,train
3af9f43a433d34e6,train
3afc354d395c8bdc,train
3afd1ce91e56712f,train
3b021a4ef5a7e2c3,train
3b041e2430690ff8,train
3b0909b562e269c9,train
3b093763bb13b9ae,train
3b09af480c354166,train
3b0e66f11a436f39,train
3b0e716e9686af68,train
3b11cb82dfcc92a7,train
3b1215b9b20d7aea,train
3b13706a5384e988,train
3b13f08d62952817,train
3b1515d1d3bf7e8c,train
3b16918b09df4e3b,train
3b173ffe7d5d27bb,train
3b1a74d71a7e1909,train
3b1acf8f12fd8c55,train
3b1f5197413fd67a,train
3b2009d8111c42cf,train
3b20e3d329bd94bf,train
3b21768aedf3ae1a,train
3b21a92cbc1b154a,train
3b2afae281fd1c65,train
3b2b2143d13e2d3d,train
3b2bdeb24e1dd77e,train
3b2f57b6ab3ede97,train
3b32cfb0078cd337,train
3b3325803116877a,train
3b368a7931b75515,train
3b375d9b22d1f4a7,train
3b38dc2787812d42,train
3b3909d635021dbf,train
3b3ac204f6921ac6,train
3b3b05809a587d57,train
3b3d0c02308f82d6,train
3b401ea461b1fd79,train
3b4026b8c5ece8e7,train
3b4154d1033db773,train
3b432d6e56ddb290,train
3b4536d622095962,train
3b49528503e4569c,train
3b4967fcc30906fc,train
3b4c591ca862e1c6,train
3b4ca7419cf47278,train
3b4e924e6e4c6ae9,train
3b58c779928ac791,train
3b596369209f55f9,train
3b5a99cdd96a1310,train
3b5c0aa755019541,train
3b5d19005cf26a0e,train
3b601b35e27bcf7c,train
3b60d0722fbf36d3,train
3b615a5859b9c469,train
3b65b9a4f31f77ed,train
3b66fe293821d4a3,train
3b685f2cb74c812d,train
3b69d3743e264c28,train
3b6af0734241366b,train
3b6e93b93093526a,train
3b72886b761a8608,train
3b748bcc10f3dd9f,train
3b74ef5aa52469ca,train
3b768d38c8d6c7af,train
3b7cf43e66a9d62f,train
3b8116756bb30c73,train
3b82acc343eb128e,train
3b82fb6477ecea50,train
3b8335bc03571ced,train
3b83827df3715f7a,train
3b84021b2384b11a,train
3b8634ebffca633d,train
3b86f4f07fb5ed2a,train
3b880f7771b0c7f9,train
3b89cc15f9c19509,train
3b8aa282b2bccac1,train
3b8adfb1a260e269,train
3b8da604bfff2e57,train
3b8e1f9afdc6058d,train
3b8ec06dd984b59c,train
3b8ec06dd984b59c-2,train
3b957b44ded8aead,train
3b9924583428a93f,train
3b9cb7bc71c7214f,train
3b9dfaab07f591e6,train
3ba2009e76134cee,train
3ba255b0668c12ce,train
3ba5325205d279e4,train
3baa5b0d89a68f8b,train
3badd5ae05ec8436,train
3bb06fcd390eb9de,train
3bb2dadedbbeca4c,train
3bbb0166d4fc0f55,train
3bbb97e6b9bd0394,train
3bbce2edc1fa420e,train
3bc2140d42a518ec,train
3bc32dd0f1fa06bb,train
3bc9cecf1bfee72f,train
3bcaa9682ea2b88d,train
3bce899e8423f854,train
3bd156baa9fe2465,train
3bd2725b38a69200,train
3bd2e1eebc3afbb7,train
3bd724e31203ce73,train
3bd822967c3dad4c,train
3bd8d8a2ba281648,train
3bd9be8109a1e75c,train
3bdf0aad94fc0727,train
3be200345c743d63,train
3be41b5a3c26fa34,train
3be4d7003f94c215,train
3be77a5ccedfe190,train
3be77a5ccedfe190-2,train
3be88215c60e2fb1,train
3bf289ca5a75b5d5,train
3bf471318c1987ac,train
3bf59fcf70e161c9,train
3bf59fcf70e161c9-2,train
3bf6c4cc9145bb38,train
3bf6f9100980e2f8,train
3bf73a646cd3ac70,train
3bf758a2788ffaa0,train
3bfbf59cdaddc48f,train
3c00d053e5e05323,train
3c03053a76c2feb0,train
3c030cc9d3eac5b2,train
3c034307803e417b,train
3c07de1ac6a5938d,train
3c07de2bb35610ae,train
3c08e2c6345a05b9,train
3c092857d93d4995,train
3c155c154aca8fd9,train
3c18bf8922770724,train
3c197b317a24083f,train
3c1d5db7ede83257,train
3c1e15e425eaf7d3,train
3c2253104201b658,train
3c2686fb73c30053,train
3c298e6936660d2c,train
3c29e946b2add684,train
3c2b145015cb7d6e,train
3c2b7f00fb850273,train
3c30da3b68cc1eee,train
3c3150cbb52394eb,train
3c3213b90f1111d6,train
3c33d7b9694e5d0d,train
3c39737141a84060,train
3c3ba21854311562,train
3c3c0ba6f40de740,train
3c3d156c615bb1f4,train
3c3d4d5556acba69,train
3c45bd0811a06a62,train
3c45f7ff0c1c9caf,train
3c499104cad3a0f3,train
3c4d77744966d001,train
3c4fcdf2e6a87e7c,train
3c504b6f6973ab81,train
3c55d1bf76d74f71,train
3c5c0af2809c5f56,train
3c5db97ae81db75c,train
3c5e2f93bd711328,train
3c5f41a730a1c041,train
3c631b2bd5f5beab,train
3c639d92da2da84f,train
3c63af8ab6d018ae,train
3c6522337c2730bf,train
3c65ef54b61b736d,train
3c6609c25d26858b,train
3c664991a786ff4d,train
3c66e6b3bb7ba72c,train
3c6767e013ade59d,train
3c69888d154d04f4,train
3c717db5dd70745c,train
3c726d3c6b7979ef,train
3c79647e3a339ea9,train
3c7ac5e8d427cb01,train
3c7c01adc7a1ce1d,train
3c7e3320294f5643,train
3c80d9e9405c0c50,train
3c863e8b444c758b,train
3c86ae0a14b66ebd,train
3c8831d358e64c10,train
3c8bc55ef0855ec7,train
3c8cba5b9cae2100,train
3c9094ac46b95e95,train
3c9193e3dd14db13,train
3c91cf63f8b8e18d,train
3c91d2992047fbda,train
3c92e61110aea11a,train
3c94bbced5fe7758,train
3c987a4e4fe45057,train
3c9891b82d235d90,train
3c9d1b169cdf4d44,train
3ca3c16c8f423241,train
3ca5dd11f5590b79,train
3ca5f001ae423164,train
3ca639f7ac8b2d1b,train
3ca6b3fb23be0a03,train
3ca729e8b02cde27,train
3ca742542c78b0cc,train
3ca7bfc9d7d88507,train
3cae5b7d75cabb4e,train
3caf6ffe3c035a03,train
3cb035e95d3a23d7,train
3cb393080ae9be48,train
3cb5ec3a5556c7d5,train
3cb6a456a3477319,train
3cb783f19c170fb0,train
3cb838bb668cb034,train
3cb888b7336e4920,train
3cb8d74f35db98ec,train
3cb906e5379d70ad,train
3cb9404946a5f27c,train
3cc02b6f62db1ce8,train
3cc33fbdecdacdb0,train
3cc3b4a70aea59fc,train
3cc5669bd50e32e0,train
3ccde7ecef4100ff,train
3cce9a0363514e50,train
3ccee6acb950dc72,train
3cd0ff1da4d3c40c,train
3cd5ee0ddb280681,train
3ce5a07ec74c1c40,train
3ce74031cb7da5f9,train
3ce802256bacea68,train
3cebcdd8d0d9334c,train
3cee4df7dc3820f7,train
3ceeb3c7f12ac276,train
3cf140d7ac6ceaed,train
3cf301d938dede1f,train
3cf349cd6ae80e56,train
3cf3df64d4ef91dd,train
3cf4b1ddb9c51beb,train
3cf61b5c32f1038f,train
3cf97b5dd198121c,train
3cfa9eb05a19316a,train
3cfc4de38f39e4be,train
3cfcb671f7d0d47f,train
3cfdd799d282e58f,train
3cfdde0e24aedd8a,train
3cfee0d157c36ab5,train
3cff43522782b761,train
3d0048b81a550c62,train
3d00e993235b3918,train
3d00e993235b3918-2,train
3d012237f178c602,train
3d032a13dc3a1a3a,train
3d032a13dc3a1a3a-2,train
3d03cf2f72346a2c,train
3d08253f49c06687,train
3d0a5c33bf418269,train
3d0b4bf082228996,train
3d0bde871906790b,train
3d0d03ba4dd6b2ef,train
3d0e65733a771f9f,train
3d1108cc3c8b004a,train
3d126fb1be213b4e,train
3d15da9bae87fd0e,train
3d166f963bf4a5e2,train
3d232c6c026e3f12,train
3d269970bba517ad,train
3d269bc3a3b6f902,train
3d2cbcc7e5cd47f1,train
3d2ce611a2328ab0,train
3d2e038dcd08fc00,train
3d316f2cd47899b2,train
3d34033cb1ae3606,train
3d34afd8eb6ae154,train
3d34d0718033765c,train
3d37cc70650b1020,train
3d38379672c1fe88,train
3d3ab8c844d72912,train
3d42b7b6735fbd44,train
3d472ac2cb07aedf,train
3d47e2e362d4ac29,train
3d4abb3de2790f53,train
3d4bf7b88ff58ab7,train
3d4c71b46eae7829,train
3d4e5cdb9b820113,train
3d50ec2c6841d44b,train
3d5498937e4185db,train
3d54b6e5327f3133,train
3d602df15ac01368,train
3d628ccf143ab433,train
3d651800bb750d7f,train
3d66407d2d75b675,train
3d6aec6132ac2ee9,train
3d6cd02ee4f7fea2,train
3d72bbc6f88f5fb4,train
3d73cabe4dd369cd,train
3d73e18093ea30db,train
3d75155d14f12e2f,train
3d7a4bb0be84c772,train
3d7afd24d5787e31,train
3d7b974bc02e86f0,train
3d7c75cde51f1632,train
3d7f76f19506a2b2,train
3d7fdcefc22fc345,train
3d86c3afbdf64c9e,train
3d8963ab2544f029,train
3d8b650ca72bea10,train
3d8c102d251e2c94,train
3d8c346c8db65b67,train
3d8d630d32ba1a48,train
3d9117aecc9d7d38,train
3d93583d11c6553c,train
3d973159d8b0c78c,train
3d990241f646ca31,train
3d9a1dd9b89462ea,train
3d9e11dee62af627,train
3da2bab14137f26c,train
3da7fe458077210d,train
3da833e33cddc9ce,train
3da9b9bdd79c352c,train
3db05b870f66d51e,train
3db05e498a5f7687,train
3db142fcd32aef8d,train
3db426d6aedb6096,train
3db8be02fc633df5,train
3dbd55ce9e49a682,train
3dc58bbc1196fc16,train
3dc62328c00e8708,train
3dc74465d9eeb6bc,train
3dc7da5d70bc9f6b,train
3dc9662da99a7396,train
3dcac950814670e0,train
3dcce240f5a83583,train
3dce99dd7185fe3f,train
3dd0c7bad5046a33,train
3dd0ead7830a77c9,train
3dd0faddb2e92ea2,train
3dd10452638a1e69,train
3dd1a21cdc489bc7,train
3dd59b639d6e8f8b,train
3dd6099024bab0e3,train
3ddb59ef88ccad97,train
3ddbe9b95ea2b5a1,train
3dddc9e39a1ec90f,train
3ddf8887d0ec8968,train
3de016e7d413028f,train
3de3a056a8088ef3,train
3de4168cf77fa2e0,train
3de4c6e86e2d4097,train
3de6103ef2f08438,train
3de7399f102b9116,train
3de75a34adc9f1c7,train
3de8b56c1d7cd6eb,train
3de9da4abdaa59e4,train
3deb188ed37b984e,train
3dec8da66f65b30a,train
3ded564ac734f28d,train
3def5688cc045d4d,train
3df064b94acc7142,train
3df09331e7b099b8,train
3df20b3d267944c4,train
3df617827e1e317a,train
3e019f306c2f7bc6,train
3e042ea758c1bc6c,train
3e061df565aee842,train
3e0679e12a8db3bc,train
3e0a0e78130e46fe,train
3e0bf676ca26f7d2,train
3e1262624f674a42,train
3e131457b1886a4a,train
3e145bd6edf56f5d,train
3e1538a961527460,train
3e1907326cc7a0fc,train
3e19ff2544e410bd,train
3e1a61b193947616,train
3e1fcc26b1f1210e,train
3e2988454c3bac89,train
3e2fb649954aa435,train
3e2fc8793b56bd2b,train
3e30d67557226d2b,train
3e32591aba86bd93,train
3e3664c31746b3dc,train
3e37e830269320ac,train
3e3958c127ca025b,train
3e3c746f1e9bf8c8,train
3e3e7074f47595d1,train
3e3f50890816cbe5,train
3e3fac08642240e8,train
3e4132e3775dc30d,train
3e42c3117954d8e1,train
3e42c6f79b0b3124,train
3e48126d991d5a23,train
3e4a3b3d5698bdf8,train
3e4e5979bccd04f4,train
3e4f963958326f0f,train
3e53823a37087e9b,train
3e5727c379a13c3c,train
3e57bd6ddf35a914,train
3e58d3a3786def08,train
3e58e0c1ecf7e190,train
3e5a80baecc54ac6,train
3e5cbb4465d6c6cc,train
3e5d59142db81661,train
3e5e007374fdf27d,train
3e5e007374fdf27d-2,train
3e5ed4fa735c25cd,train
3e5f82d129dd52c9,train
3e6125996f3eb3d5,train
3e61a150496ce5b5,train
3e645c2abb6b9140,train
3e6a73270cf7d0cc,train
3e6e1770d104847d,train
3e6fceee5978d9c8,train
3e782bf6ef969a15,train
3e78b111d6464125,train
3e7d106644866923,train
3e7d5d3dd99c0bf2,train
3e8021a810fdcb83,train
3e809ef57c0cb038,train
3e84cf4fc693319e,train
3e8693b4e221f42a,train
3e8bed6642e048f4,train
3e8cd8518c646526,train
3e8d7668eaf08eec,train
3e92d03198fc6c5f,train
3e994730fc98e047,train
3e9ad245e2e7e3df,train
3e9ea97dce30c7bc,train
3ea040099fb130c3,train
3ea0c0816b8d2c29,train
3ea4a9f74c8e9a55,train
3ea542febdc884cb,train
3ea56d4e930a86d0,train
3ea828426d3b8f12,train
3ea84fdd07fff58b,train
3ea85971bb70a99e,train
3ea92af3df30644c,train
3eab9687cc6f1b6a,train
3eabd21c829b9f86,train
3eae60f0da860818,train
3eaf32a80f804c56,train
3eb4c8f43b857e15,train
3ebae5ca11393ea3,train
3ebba347d1acdd4b,train
3ebddabdcd098822,train
3ec2b6806ccc918f,train
3ec42523c6795171,train
3ec563d3bcb03b38,train
3ec7d7c21abac8d4,train
3ec8cb97a2efffd7,train
3ecaa8c91da32760,train
3ecac3b89a0d2f22,train
3ecd9decf53c25b6,train
3ed30b63ddf08781,train
3ed672bd88852882,train
3ed9796b24e6001e,train
3ed99999196ecc3c,train
3eda050bfe68a929,train
3edc3b62bb079cbf,train
3edcb6ad65db8483,train
3edf434029ef8310,train
3edff16c4ac9cc02,train
3ee02085c328f348,train
3ee516a02f42a1d2,train
3ee572e494889fb9,train
3ee82d2d0805582d,train
3ee8636973cb6b71,train
3eea91d11b70568c,train
3eead4807fa17962,train
3eed51d42f08dbeb,train
3eef9a0965bb5458,train
3ef154530b3b8cf3,train
3ef24b0a7d63f389,train
3ef24b0a7d63f389-2,train
3ef2dce5047b8da6,train
3ef4cab3b0a6403a,train
3ef61074a17b79d4,train
3ef8d8d632fff408,train
3ef9980abfbc8894,train
3efa0bdf36ac6832,train
3efc2b5c91d0dadd,train
3efc851cd60f752d,train
3efe1078b6a309f7,train
3efe51d06eca5fa4,train
3f020f4da8d3da1f,train
3f04f84441585073,train
3f056e2152994d85,train
3f081700bca47482,train
3f0945528f6bca72,train
3f0cb5eb4e3c2973,train
3f0e627a71993521,train
3f0eeda15c6c3f80,train
3f1a510b41fc75e3,train
3f1b5722eb9bae3a,train
3f1ca5d0ea0b7473,train
3f233c825f3fc03c,train
3f2601d910011bef,train
3f2beb93b3d0f8c7,train
3f2cf196718671c5,train
3f2dae5fde51cdc4,train
3f30d56993e20439,train
3f31ef479af7f98f,train
3f322054507d2674,train
3f3261fc84959f07,train
3f33b11b55751343,train
3f34c2d5e4996b61,train
3f35bb70d4305615,train
3f368784da9c2cda,train
3f386129e0c125fb,train
3f3a15f7d228ae3d,train
3f3c40eb24590381,train
3f3da6a41ff540dc,train
3f41fd312b0f268b,train
3f43e51ef5118327,train
3f442fdfb9409ce1,train
3f45396c910462c3,train
3f469ff29408840e,train
3f47aaf6fb95d00a,train
3f4912d5313e37d0,train
3f4cc29f93ad564b,train
3f508aa0393819a9,train
3f53d091e82e38d9,train
3f54704149594a5c,train
3f5751923d6a2cff,train
3f591a1fad800b8f,train
3f59392a42860b5e,train
3f5dcee6d5ce82b9,train
3f61a930dbf8917e,train
3f6367d3ad7d76ed,train
3f6367d3ad7d76ed-2,train
3f64783bce3b64d7,train
3f660a28779a360f,train
3f67236f539733fd,train
3f6917c293c58ca4,train
3f6956a907927c04,train
3f6a9ab66e3f1b5b,train
3f6c5d9ed8e5d600,train
3f6e8dcb2b56fbe3,train
3f6f160cf22c8341,train
3f6fa28ee7db4c87,train
3f7136f20f25d6b6,train
3f736444e74a8233,train
3f77dcfcacdc654e,train
3f79dad2312a5f93,train
3f7b0abae5d1b299,train
3f7c44dd6140f90b,train
3f7df9b8f86b7a0e,train
3f7e93576e6c35b2,train
3f82a60872805d3d,train
3f85c8617b0ffdf0,train
3f8843266372ce98,train
3f88f17bd50ed161,train
3f8b7ae4ffa20dd2,train
3f8b89809c6510ff,train
3f8c2de795adc2fb,train
3f8dc88fa127021b,train
3f8e005b37435cf8,train
3f8e21b01ff44add,train
3f8ea4af0d3e6ca5,train
3f936a15f828d3a2,train
3f93e524c5e3d10e,train
3f9981eaf73ac47f,train
3f9a22675108f965,train
3f9a49cfe683d8e0,train
3f9c109851dbc189,train
3fa29560b72d1a4a,train
3fa2a386178070ae,train
3fa43a0572a9bc0b,train
3fa4f338cbbb8749,train
3fa85dea1f73ba50,train
3fa95a64dba343ec,train
3fa9dd6cb2b27532,train
3fac57d7c764dc59,train
3fae33386018fb75,train
3faed09f647b7f3d,train
3fb0478b1970490d,train
3fb11bd84481abf2,train
3fb31ff3e053812a,train
3fb34ed5797bc583,train
3fb674b1d4117305,train
3fb9a098f5ebd9e0,train
3fbaf9d2af48baf7,train
3fbc8eba62aa7e8d,train
3fc2f7f234493702,train
3fc5076499927811,train
3fc68e3c73695ad3,train
3fc6aa78cc2842e6,train
3fc7ce1f7c515663,train
3fc9aa8b1170e4c5,train
3fcb21b5df2b1339,train
3fcbad344527c090,train
3fd525982a39c043,train
3fd90e65d69995d4,train
3fdc401a5ec96aec,train
3fdf442e4c1adff9,train
3fe041acfa26cccc,train
3fe5f2bec4aefa97,train
3fe797e4be732a06,train
3fe7a7814cd0ae1e,train
3fea639a3ee57421,train
3feb12b8ae853bac,train
3fee73f8608532f9,train
3fee7969acfc4a21,train
3ff1a5e35bf36195,train
3ff2d6f9fe4a836a,train
3ff5ff1d2305e4de,train
3ffa589ac01a72c8,train
3ffacbba2615ae46,train
3ffe7adcd6f48acb,train
40003fde46220251,train
4000b70eb61f3e96,train
40013f247ccfccf7,train
40017565fa126fdf,train
4002a6d296a7e1da,train
40066a9f9e71e084,train
40066d154ca6ed11,train
400749f6428bf9ab,train
400c1f0571f14d29,train
401358a9ffba7583,train
401a3700e08f0057,train
401b28dab3693be4,train
401c68a71d44db95,train
401ccd51c3637476,train
401d6f6affa17150,train
401d8e51c4cafbd6,train
401e296fc09d0eac,train
401eebe203ac1d62,train
402206d527b2f86c,train
402643a4c240596b,train
402a32f80e8ef7d2,train
402a8e5ff21a38f2,train
402d1c746d0a7dc1,train
402d22d923d625ff,train
402d616bc28e96f4,train
403094fe5af80e91,train
403120661045a3ac,train
4032b6c0bd98a902,train
40335b80725c0f73,train
40339ed26d693e03,train
40365b6f3fdd469a,train
4037b424d17fd767,train
4037e30f768129df,train
40384ab9e5eb8d7d,train
403c5ef19fa0905d,train
40430c60cea10c20,train
4043918406575fad,train
404479a8c730e1e1,train
4044a7e8a43531d0,train
4047d7aa03a0b0b6,train
404b028cb2bc89bf,train
404b939ab3346561,train
404e68c5a3cc026c,train
4053a37d74c4c1fc,train
4053a700144800e1,train
4056cb7cd084acc1,train
405a50bea757d5bb,train
405e415d7cd486dd,train
40659ee31f5c8df6,train
4067b60cbde8af57,train
406a29b8aa2d6311,train
40738247ae7b78e3,train
4074c5349c713471,train
40763651a2ed8be7,train
4076d9acac3b33a0,train
4077a8901737187b,train
407a19c4eb74cf30,train
407b356caaaa09c9,train
407d4083b304b983,train
4080a5fdf348840b,train
4086f588ef9c7888,train
4087233353a55782,train
40897782a1348c56,train
408c995e03698211,train
408ef9cf77d9ac72,train
40931649c29d5d27,train
409550e53f57e73f,train
40960ec14cc2e839,train
4096f9dce7bea990,train
409849389e4b2d07,train
409882269161d3f8,train
409b2e0fa56f9da9,train
409bbc8a1400f498,train
409ed33b69fb493b,train
40a10f4aa51c1de9,train
40a26bdccf38582e,train
40a2c13fa2dc82ee,train
40a2ff4b488d18c0,train
40a55a49bff7eb14,train
40a57dd3d9e2ceb1,train
40a9462e4da6de6b,train
40a9cbd2e9047867,train
40aa5f1bc08b2ba0,train
40abf1f3c4137257,train
40afb5a48825c747,train
40afcab2fc1518c2,train
40b1ef76653bdae6,train
40b310b87f0b1085,train
40b4a43bb3ec339c,train
40b695297d40c639,train
40b8e0fd9f1b2cb0,train
40b8e83e226fd234,train
40bb594dd7619092,train
40bd506933df81c5,train
40be1248b7e5c0b1,train
40be12fc6d25a962,train
40be284ba7ba7de0,train
40beb03fc55c4e48,train
40c1322563abe092,train
40c2ea0f966a9d09,train
40c31aaf31aa463d,train
40c3b02d40391ac6,train
40c5e0d4b28f0709,train
40c88dc1b6cf84d2,train
40cbb5222da42502,train
40cc5902fd61634d,train
40cf873aabd30208,train
40d02d4448d314fd,train
40d08859cd0ca213,train
40d0e37607bca63d,train
40d1b1fdee5f270a,train
40d2b9ba75722251,train
40d506d1abbe3e8b,train
40da51f640b31549,train
40dc367763aa6f2e,train
40dcd2a06512df71,train
40dd14f600f46cd4,train
40e27b7b4ab8b86c,train
40e342043bfb418d,train
40e798d0e236dfee,train
40ef23aa996e49c6,train
40ef88182cd0c8bf,train
40f1defcb13792e0,train
40f4c23a3305688d,train
40f581bc79dd2206,train
40f614ab9e776abc,train
4100f5affa5f2202,train
410138f22dbd0c3a,train
410209a91f13dc7a,train
4106aa7cb19838b7,train
4106aa7cb19838b7-2,train
41071832a8953d24,train
410bc9e1c87f3ca0,train
410e1884e0ec7712,train
410e66dc11e0be5b,train
411147b209863109,train
41137f512566539c,train
4114a82874a3fd67,train
411508591b08e94f,train
411919ea1859a7d5,train
411ea4136d076c72,train
411ed61e7c4c0f43,train
412020b9c19697c4,train
41206e1409bafb61,train
41261f23aa403fda,train
412714b8acc877bc,train
412978b30a746d34,train
412add2931f59caf,train
412b027ec6b32212,train
412b29f591f42f6b,train
412cfdc52917519f,train
412db4dd0b68b52b,train
412e7b5405128123,train
412fd200a9174fc1,train
4130db321e0dbf92,train
4132728e98a5116c,train
41327c2062be78a4,train
41352c07b928f42c,train
4137f3aba76e8f7b,train
41385833dac805b3,train
413e30ba93c60e77,train
4141689eeb00fa25,train
4142b835ca60a6e1,train
4142cb9abc81e523,train
414398d70a58b88d,train
4147e1981fc91f2e,train
4148a9ada054b60c,train
4148ee1f283c7ef1,train
4149d17e8245b8be,train
414c9bf1331f7599,train
414cda205d773a50,train
414d71f85c61efe5,train
4151beaa08cfbf7c,train
41524df530775901,train
41526c03fd78856d,train
41546ec34dc7b26c,train
4155838203d4be6e,train
41583c4999efcf2c,train
41586b336a436e67,train
415bb556b6f97681,train
416076d4a0e62a57,train
4161d54a1a986e9a,train
41639bea9179aeb6,train
4164f832753b250e,train
4164feba58f191f7,train
4167cfec608f048c,train
41680fd08aefb4bb,train
41683b72451251d4,train
416ac56b39dcbc3c,train
416ad0e09ad27715,train
416b9db9a9467c2b,train
416bb7cd156664fa,train
416c103c6de0201e,train
416c568c7df61259,train
416cd92b931c742e,train
416e51db71443f14,train
41719dbfe604d7dc,train
4171bece6df7c837,train
417336b8b1cb2480,train
41754a5aa51f4799,train
4176a5e7a6858b63,train
417c8743c4cbdeeb,train
417eec6e909e86a4,train
417f1e7f13bbd5f9,train
417fa9998c3b0071,train
418354e9f12b1959,train
4184d549b03025a8,train
41861b641ba640cf,train
418836ffbd72c9dc,train
419087ae68532f95,train
41920bfb772e0c5a,train
41920cbec7a611c0,train
41945a378fe60f7c,train
4198e12f7a90acc8,train
41995f52e8ad4f73,train
419a54a4b618729a,train
419a87a07b80c7c0,train
419ccb31faf839e5,train
419e74660fa57cd9,train
419ff390eb88d493,train
41a10ed50c64ba54,train
41a26e36313ed4ed,train
41a2c54da949d85a,train
41a2c8357999e2bc,train
41aa354dd53eedfb,train
41ab3de17aea31f4,train
41ab8f4a761ba70c,train
41b09367c77ebee9,train
41b1364acb935028,train
41b382222da08edd,train
41b3ed56405817df,train
41b3ff3f9c9829bf,train
41b92b46d9968c94,train
41ba2e781936f50a,train
41bcb12d3b368e72,train
41bccbe91fd78d45,train
41bf6198e698d305,train
41c127704f67a9d2,train
41c56e4831fa8aa3,train
41c5df1e347c1b49,train
41c7eb642313df43,train
41c8bb267e902941,train
41caf45e18f9d1ae,train
41cb84ea5e4cc228,train
41d16076224ecca1,train
41d389ace8070661,train
41d5a496159e0baf,train
41da3527af13e201,train
41db491a23acf5ed,train
41db67e4470f3873,train
41dcaa7315e67ee7,train
41dcd5628356c805,train
41de72096db1abaf,train
41e093ebb2d26b82,train
41e0d1268b051cec,train
41e53b6dd3d8c6f2,train
41eb796655f8362a,train
41f254f58f2ad078,train
41f4f288326e8595,train
41f584af89d97c0f,train
41f917a7f217702d,train
41f9eb5e6f547092,train
41ff3fb92a697b20,train
4200de49393b117c,train
42054236f38738ea,train
420c107bb028606e,train
420c317e77d4bc75,train
421187a95cc7bf43,train
421522fd27a04e7a,train
4216ded9189eeac6,train
42189f5d88fb630e,train
421b02a50009c4b6,train
421d696e4ed901fd,train
421ef22df9bcf3f6,train
421fe7103fec2024,train
422632b925f45312,train
422636921aa5430d,train
422686ab5ccf68a4,train
4229119c3649ab84,train
42297f7a86c3c3cd,train
422b55fb145df377,train
422ce18afe75053c,train
422d7455e429b678,train
4231128e72f536d7,train
4232199a70fdbf60,train
42354f2f0cb4aaaf,train
4236f491adf21c75,train
4238b898d6d73f34,train
423ed3fb7502ca07,train
423fba0eaea5088a,train
42437489883fa1dd,train
42437f03170386fb,train
424387889646e730,train
424f8a8f8a4fa533,train
4251cf38c3234b45,train
4254334ff48a0794,train
42556322d15bd58a,train
4255ec13dd05cd06,train
42565633b9d1c95a,train
4256c059936d9fff,train
425739a70dcbad91,train
4258fef72ea2975a,train
425acd90540d9d95,train
425b0eb75cad7469,train
42602d8722903f14,train
42610e032af3b862,train
426355601f5d7aa9,train
4267d3573584149e,train
42696092c1a6fdd4,train
426bfbc38d8d23f6,train
426c93f5132ee55e,train
426cb6cff728a5ef,train
426cbb44796da867,train
426d27d394f1bf59,train
426e344442bfcd14,train
426e63e5d335de6e,train
426e9831bf9afa50,train
4271af69e3a26386,train
427226f0635c9778,train
42733aa476795d47,train
42737e84855218d8,train
4275f526b3ca7350,train
427714aad35b3168,train
427d1485a621e0d3,train
427f09e6e72cf92e,train
427f86d36cb3bedf,train
4282679329e4d868,train
4282d8fe05406c1b,train
42831af3b38e14b5,train
4285769ed9be8c3a,train
42886e0224f268ef,train
428e96c9886d58e6,train
429319a17e7b7a91,train
429487c80b05f57e,train
4295d87134c82577,train
429650cb53f8c187,train
42a1dc6adfda981b,train
42a29e0ef363d047,train
42a2e7fbf4e9eca8,train
42a385f6143512c1,train
42a4cabd0a6fcba3,train
42a7b06a6aa9d8e7,train
42a972bd4f809903,train
42a972bd4f809903-2,train
42ac67c536ec899e,train
42aeab45a43b6048,train
42afb3042ab29fbb,train
42b06910c7dbf503,train
42b20c482036da21,train
42b3aea86469e4df,train
42b65d125aaa46e1,train
42b9da69885738a3,train
42ba3f45fa276703,train
42bcbad321489210,train
42bdc48a03f04557,train
42bff965b2a460f8,train
42c1ed3b2ad92113,train
42c34171d6843bb5,train
42c43aa769bdd817,train
42c52e193d7e3bef,train
42c539be0f2b54a9,train
42c5d3bd3602a773,train
42c720377d37712f,train
42c995689ab34e3c,train
42ce133116dcf9d7,train
42cfe5ced91cfb04,train
42d439713de67fab,train
42d50637b8f985e9,train
42d6f47a0a9b354d,train
42db4cb1ea34c8cc,train
42dc23816feaa8e2,train
42dc79860f904bb4,train
42e027c29fbbbfbb,train
42e2fcbbf56c67e9,train
42e3f2741c3e489a,train
42e441235b023fb0,train
42e605064cdaf979,train
42e74375cad426b1,train
42e9135274af0934,train
42e91e5147a7f3ab,train
42e94c9061c68d26,train
42eda1353117d28f,train
42f2a346080dd93c,train
42f46f93b0814405,train
42f51298f9b40fa4,train
42f655d3943833b5,train
42f85c2e0e18bcdc,train
42fcbfbdc7085c9b,train
42fcfa5584368791,train
43007c524357783a,train
4300f15880ba0d9c,train
4304ccc2fed0ad8f,train
430713f57faa4058,train
4307c9524a9ef63b,train
430942834333f8c2,train
4309ace61b2f9d18,train
430cf23c8c95c26a,train
430d679844c3b7d1,train
4310ee10a7cd1e14,train
4311effb09b4e9e8,train
4312e3046afa9c12,train
43133bfdb9449ede,train
4314eaa3c2e8c769,train
43170bf6597fed43,train
4317259c72513907,train
431a25c172d73dc7,train
431a7ac87ba6b9eb,train
431c9e07786f7767,train
4322c3333711139a,train
4322d8efa47e29c2,train
4322eb9ec969dfbe,train
4324ca07f7914b54,train
432a082cdab7d99a,train
432b24ff2ea9422a,train
432d1a79f4f0e3aa,train
432e968eaaaf54bb,train
43313057f499be2b,train
43320f23062e0ff9,train
4332956265466081,train
4337d1cf4f747560,train
433dbdc1ed8bd517,train
433e9af7fac9ba5d,train
433fad5abc16319d,train
4340a3f69d8d862c,train
4340e0ea1569ee9f,train
434429cd759080b3,train
434433ab018ee8a5,train
434aa3c6aeb3f1a4,train
434acb9419e55132,train
434b5ca533ddba9a,train
434c089da3830ce2,train
434ce49e70e39e56,train
434d1399c5d213d9,train
4351dad2c6d3a9fa,train
43523bb908b070cd,train
4354b23eabe6f759,train
43555eb673470938,train
4356cfc944d65e55,train
435a57ff5622275e,train
435d02489945fa9e,train
435d765d0f8f2f5d,train
435fd217ffd6e6fd,train
436047417b364a72,train
43612c0fe2fd0b1f,train
4365f2386d6da4f1,train
43685a950d34035c,train
436a954f6e213022,train
436f9faad398806a,train
4370a0651f82436c,train
43767a963877e66e,train
4378f7c57c068fa5,train
437930e9bb752832,train
437bd779e175bff3,train
438403c11e37700c,train
4389c2be5f8385c8,train
438cbcc453b0c2db,train
438e8b29fb126e14,train
4390916d51262193,train
4395d90378a966ac,train
43981d6074cd1745,train
43987eb02303c3c3,train
439b82f62854c00d,train
439ba506fd810448,train
439de7acf1e7a3a5,train
43a138cb0d9013ed,train
43a18af0554d75ca,train
43a4c300f54a37eb,train
43a96570d26a6a48,train
43aa0acdec58fa6d,train
43aaca10b971ea39,train
43aaca10b971ea39-2,train
43acdd83ee166ddf,train
43ad66e6371a0fd7,train
43ad9e0359406230,train
43ada0d26c0da035,train
43aedb36ab3e3656,train
43b1e1774adddb20,train
43b2b0d165565e72,train
43b59dc756d50587,train
43b7c4c2055ce45e,train
43b89c71dd1de18b,train
43b8e62758517593,train
43bb99e79e927d31,train
43bc8d679ae3b076,train
43be6f8d508af792,train
43be83a0399493c5,train
43bed904b8b4d3d4,train
43bf88704af05e05,train
43c05c42fc5a1f12,train
43c0b76576b1eb70,train
43c35ae704721b3d,train
43c3df1367595cf5,train
43c5b30beff6d13c,train
43c64d2e9347c998,train
43c9789154e33cd7,train
43cbae0a65e39056,train
43cd01a378ea7124,train
43d03fe5c2d7eb41,train
43d1366f7d372e25,train
43d5bff0412be3d8,train
43d78380c31a99a7,train
43da9b39e943fbcf,train
43dc7a3602be66d7,train
43def00a416b5f09,train
43df23cb6cebfcd6,train
43e0a13234eddd6f,train
43e129fdc17e3796,train
43e1d9b9d2204b0d,train
43e78cba78a8351d,train
43eddca24274a30f,train
43eefdc935dee205,train
43f16612e625b9c8,train
43f19654ab4f0cf8,train
43f303f0437b3996,train
43f7ed8aa497e528,train
43fa9bf1e03c5985,train
43fc968ea72a48dc,train
43fddd82921f1e72,train
43ff23ad91b248c6,train
43ffaf2405e854ae,train
440028dc47b88df9,train
4404ccc4c0d3d1de,train
4406dc09cac7ff91,train
440fdb2d525ec5ce,train
44107313e0482f5e,train
44132ad507551496,train
4413ee1251408031,train
44199eadc9991bac,train
4419eb0248084b72,train
4419eb0248084b72-2,train
441d24a66f809fff,train
441ed35bf0a9a872,train
4421de1ae0162b5f,train
4421ec4d2a9b8175,train
442501ac18b05beb,train
44255f93c8a1bc09,train
4428ad97b5e4824d,train
442d9b2c828eae3a,train
44360313cb273d31,train
443a0a46f62bac32,train
443a4f8f6f06d698,train
443e5ca12c05831d,train
4443d8d4a84d6f84,train
444542d69acf0b10,train
4446a6e09c64f766,train
444946fbdfb13740,train
444fa95b85325e0c,train
4450e71a3601ed5b,train
4452c0cacf9c8237,train
4453ace526d7793e,train
4455fa5731828028,train
445710724bc980f9,train
4457606f08754a04,train
445984ad460120ab,train
445a0e827b17e81e,train
445a754f7ddb3c8c,train
445b8542035db031,train
445bd9ff49f38aba,train
445ca0ebe85e78e4,train
445d4fd0f8a4df84,train
445dd184e4d6f661,train
445e3f7443388dec,train
44655bf11f0d86be,train
44656cab997b8aeb,train
4466ab33406ee853,train
4468a771ad018c6b,train
446a9d8c1860339a,train
446d1c1fa1eaf324,train
446dac4edf4babaa,train
446ffa912a94f6a4,train
447728c359c7485d,train
44779a8966a3dcfd,train
4477acb12f5ac24f,train
4478c248bd1e70d6,train
447a2560ac870edc,train
447b7d08e30e7528,train
447cf3d343293bce,train
447e01a45d95a2e8,train
447e5329404f6bc5,train
44833d9fcbf8cbfc,train
44841a669b74876a,train
4484ccd0e34ad2d3,train
4485fa4aa7276354,train
448820924048945d,train
448986a8e1737c92,train
448a528aec79fefc,train
448cf654ffd57c31,train
448de7c736360d96,train
448e6892c37a4e55,train
44908addbeb449f4,train
4491138e623243bd,train
4492c5ff6c112520,train
4494f00995cc9f89,train
4497478a3f14958a,train
449765ece9a94b11,train
4499a4c0a9e61c65,train
449ec0d221679f70,train
44a09747171d659f,train
44a0c0714ac5a62f,train
44a36227a5e1d115,train
44a4242f8cddb5c2,train
44a71daeb6933769,train
44ab8be745f9eafd,train
44af471879cc6eab,train
44b5dcf8dc4934f2,train
44b829c5e9139b28,train
44b8343f305aa019,train
44b9d7dc7196e974,train
44bd48c2ff0583b4,train
44bd912151649a52,train
44bf8e7db7080283,train
44c02cc921249e6c,train
44c156ce54c2514a,train
44c4e849828a8f7d,train
44c546ae85b39df1,train
44c7e1183eca260c,train
44cca2f42ab5e6c3,train
44d04643c7f9a6c1,train
44d272086b11b232,train
44d2d025ca07cf47,train
44d466db6d5f8615,train
44d49a8f520f74af,train
44d621fcc56b5bb7,train
44d768d47f74b963,train
44d779d7015f1a38,train
44d861af3ee9f564,train
44d8cabda7d9eb09,train
44da3033022d99aa,train
44dcd764ab8b0f91,train
44df3d2af42e5bac,train
44e0422d3e6dd89c,train
44e0a3734d965ea9,train
44e188f928da5f4f,train
44e37deb158801e4,train
44e3c79f629f8eef,train
44e3fae6ddb4d30f,train
44eb343403df3ff8,train
44eb63696bf337c3,train
44ed2b8953e30f56,train
44f278db753f578f,train
44f3908562969ce1,train
44f4e375bb1387c6,train
44f4fe1fdf2c6eda,train
44f5866fbf8bba82,train
44f6b8a28bebe8e0,train
45007184e3c15994,train
4501744e8f4c3f59,train
450860f146092c92,train
450a1f32060af406,train
450ef5ecbca17223,train
450fd438e996a9eb,train
4514d03e02267a7c,train
451e284d6297ec60,train
452161d6d0d78969,train
4522ef287a2033b6,train
452780554c69898a,train
4527a098ac04ba71,train
452a7231a914ad09,train
452c2b0c0f6aa27b,train
452e6a78b25aa3f9,train
452f351e1fc4c4bd,train
453044cafab2250d,train
45311b422219ff3d,train
453512914fe21db2,train
453557189f25c32e,train
453611a10d7413a6,train
453efd48417da415,train
454239c755cffc0b,train
45442c9d5ae813ac,train
4546294b40e5fea6,train
45465eb668a7f55b,train
4547058fc0824e1b,train
45496b5916f60371,train
454a5383a423805b,train
454b54d1449174bf,train
454c9ab9fd48caba,train
454db341aee180a5,train
454eb1fbdf527666,train
454eda7245ae508e,train
4553caf3cf325cd1,train
4556770a367432e3,train
4556770a367432e3-2,train
45577f8a46a10bfc,train
455ded103473d409,train
455f64c8905c63b5,train
45609911b07da4a5,train
456604427f9e550f,train
456830ec04f2aa63,train
456acedd31cd4c0b,train
456eba92709d7ea3,train
4570be2c29e2364b,train
45735e74ec083502,train
45741c226cd57bd3,train
4575980eeecb56b8,train
457b3364feaacd28,train
457bcbd9d4190c07,train
457f7a302ec7ea09,train
457fc8bbe8cc6f5a,train
4580541f2042f012,train
45806e79f9210677,train
45822d1cbbcebb44,train
458237c991f031f5,train
45842d72d8b917c7,train
4586eb5ef1eb6450,train
45882eda9f8e6559,train
458ad436470abbf1,train
458d85a2a58d97e1,train
4592ed4afdced42a,train
45943c7ce4e94e31,train
45943c7ce4e94e31-2,train
45969fcf4a09188e,train
459888b3ffab0c6c,train
4598d08da6a659f8,train
459a41b86793f9a5,train
459bd61a9e82aa4e,train
459cf34c7ff50260,train
45a572ad7004ea99,train
45a5b8af694c488c,train
45a5bf2fb34bd1a1,train
45a79186a2dbd393,train
45ab83c5d937583b,train
45ac88ce38d4b1ee,train
45ad6dc2ddda9079,train
45ad83342d8b5332,train
45ae44daf87752b5,train
45afe926ff23918d,train
45b16a8e6749f1a8,train
45b1c2290cff06eb,train
45b366c70a71e4fd,train
45b4179206ba9c59,train
45b4c15ef87d61ee,train
45b673fb2ddb984b,train
45b90bd4584d7f11,train
45bba1fb2e8206bd,train
45bf00e2419bdc5b,train
45bfb936f8573fd1,train
45c5653e9a30e461,train
45c6ae90a2b246f3,train
45c828f96f8e6d04,train
45c84f9f400ecf0b,train
45cb3b593bcd5bcc,train
45cbfa5ec264136c,train
45cc28ce757a404f,train
45cf5af5aa7102e2,train
45cfee92e2824ede,train
45d40cbd28fb1d84,train
45d58bae92a2372b,train
45d73a51b0954b02,train
45e2b3caf5394f88,train
45e6c4059bb1a61b,train
45ec6e36a6dc7a3e,train
45f15c49be7ccbee,train
45f1fb7104fb3ab8,train
45f2dfd83283153b,train
45f31e15de33e80c,train
45fac1ab9a327698,train
45fc365f00d3c50e,train
45fcd247acd3d935,train
45fd14a2f0379821,train
4600817c50e151a9,train
4602500fdc0c1fdf,train
4605a2be9d1e6bc9,train
4605dc423bc23933,train
4608c99ce37bd0e5,train
460b4bf0e8c8816a,train
460c175e29cd6129,train
46137898d4d819c3,train
46140391c34cf51d,train
461927a3fb7b4a25,train
461a14d411015f18,train
461aca759a6a9be4,train
461c929ce17c68c1,train
461e1d0e0d6bc7aa,train
4625473a13491c3b,train
4626c307ee1a5dbc,train
4626d010048f3a57,train
462a8036ffdf70be,train
46300acd6482c7a1,train
46353fe654152cc3,train
463669747f2f6221,train
4637ff9914b0d4e4,train
463adbbfcc1bd0cf,train
463c1dc4209e80ef,train
463d1f8d4309855a,train
463d5896995ea771,train
463d8af97454de04,train
4643c1ef77c59de8,train
46447bd2d9f6962e,train
46473785e17384f4,train
46479d7c108dcbb4,train
4648a9893935d044,train
464a51ee271309fd,train
464bc77323100b55,train
464c1c058d5ccaa3,train
464d3e606deac1e8,train
464d406b4f115226,train
464e736829ca2095,train
465182c5007f5f39,train
46524d7c7ecc703b,train
4652da3c1fe0d888,train
4657562f29b9adea,train
4657dfc2a6721ec5,train
465b98ea42b48c14,train
465d57c4c1eb1829,train
465e81d02b53ae87,train
465f20dc9b3a61c7,train
466045bf27245c7c,train
4662bb970d55aa81,train
4663742ce85a4032,train
466447976e40d43f,train
466593a87c6757cd,train
4667fe7c3ad04322,train
466c4ad8222f4595,train
467241d4594e28c4,train
4676201aa5214369,train
467715ccc163baef,train
46774588e9609a3d,train
46775391409ae46e,train
4679aa20c7deab86,train
467ba4c51bd89102,train
467eb5a61263b0fe,train
467eee3c16fc30ac,train
467fb26be56b4cae,train
46821556d7b29686,train
46863d3b818896f1,train
46895e13314fbd37,train
468bd56bd8cb82ce,train
468c03322705126e,train
468e6bdd17388e1c,train
46916fc1a7c80594,train
46975b7f80aae32a,train
4699d0c21ae16972,train
469e7042c9cd6ce9,train
46a63208cd68f316,train
46aa696376d71787,train
46ac337b05263213,train
46acb32132889300,train
46b0cbbf5ce1d7a5,train
46b16f3a5fe1b26d,train
46b2421238ffd95e,train
46b661546509c7ae,train
46b8051b0209ebe7,train
46bc0a09e97276c7,train
46bce81c0da1b8e1,train
46c31425d2e3ae4b,train
46c4865ccbf7ffe9,train
46c5c841c723d3fd,train
46c69498b1073f9b,train
46c71671c7add302,train
46c7938af3363a64,train
46ca0b3858ba4ce5,train
46cf4272862c500e,train
46d4b3a2c0829b5a,train
46d5300ddcef1b2c,train
46d777f5ba57fced,train
46d8b070259470a5,train
46d9c7137d545b8a,train
46dd9f11c56577b8,train
46e3c74035a24675,train
46e8c37a05c3eee6,train
46e9fe88be04a1c5,train
46ebda0a84692d9e,train
46ed97845a5b272f,train
46ee07bde2395313,train
46ee66baaff0aae5,train
46f6fe2560f4909c,train
46f826488dab5dee,train
46f91c64db9c3ce9,train
46fa326b0a1413b7,train
46fab7b7587cdb25,train
46fda32cd7484a57,train
47003e1aab843d33,train
4703e27efde8f40a,train
4706a0d9ece5a7e2,train
47072c0d489cc599,train
470a710d03772305,train
470b07455ddc3bdb,train
470ccc8098807006,train
470d5e73fe4067df,train
470f61e266e2efe4,train
470ffbcea1ca0374,train
4711c058acea62f2,train
4712ca979a34b09f,train
47163eb9e7baa793,train
4718aac85be1658b,train
471bd5690c13e2b2,train
471d1a7c420da409,train
47220735c177befb,train
472af1e43f0fda14,train
472c92dfefa93925,train
4734aafcb199d973,train
47364d2576a9be12,train
473d406fbd9d4114,train
47427c6c3a463b7c,train
4742b3831a372e86,train
47456c4d63651675,train
47481d0a8bd59532,train
474a2df79944ffd2,train
474fbc0c1de896af,train
474fcddf76e8f8c6,train
475630730403974a,train
47567f7b449ceae0,train
4758093dc5608def,train
47585c9948b971ad,train
47585f2e96b73849,train
47590980f91e8093,train
475b0e2241c2ff2e,train
475c03cc12f7ba7e,train
475c83712c98d733,train
475f1e535c410a96,train
476224b54ace4652,train
4763ab744c206f9a,train
4765dc873e8ba7ae,train
476a6b32db921b78,train
476a7401f815274f,train
476aab9fcdcfe290,train
476aea990cb934d6,train
476bd58985eb2dbb,train
476c9abd62c1f1ed,train
476e2e51d8c8a07c,train
476e586e01ae6026,train
477523077e691f20,train
477acc6410dab710,train
477f52c9bf313c1f,train
477faeada2457610,train
4780a03489c47089,train
47869783f5075f63,train
478838cd9434ed16,train
47885d8fafb148b4,train
4788694c262591b4,train
478993f75ff86c18,train
478a25b4a341fbc7,train
4790f8b2c510493e,train
4791169388391ab2,train
4791c2742e77c9da,train
4794a7ab8e636f00,train
4794a9d9c258ce45,train
4797159d31c05fab,train
4797b90eca3be2d9,train
47985167ebbd65cb,train
479c21e34cd84495,train
47a118c9548e7f1c,train
47a2fa10499adbe7,train
47a92c20522efc4c,train
47a9a49c2f08d982,train
47a9d4eb35dd12c7,train
47ad762410cb1728,train
47b245871bca6667,train
47b727323b8ec605,train
47bba6c3e6ce631c,train
47bbb682af1892fb,train
47bddd27cee23915,train
47bfd5a6377fcb23,train
47c3171fe4b930dd,train
47c440f138284eea,train
47c8338d26c7596f,train
47c8516f53dd7702,train
47ca7def8c0546ac,train
47cd0197853085cc,train
47cd4e501c7afcb4,train
47ce838cdbf136f2,train
47cf5f4f7704a76a,train
47cf73bbc503176f,train
47cf8a2731250e93,train
47d0fd90fdd82fb9,train
47d1c28682e043a7,train
47d4335a099d6c54,train
47d5208a44b5a917,train
47d7e8f303f0f7e2,train
47d82ffa498a15aa,train
47d965beff56122d,train
47dcb0eeb7e7ce4f,train
47dcf44f2199f195,train
47dee188958fd624,train
47df2d37f5e48a56,train
47df56768077e002,train
47e2339faf122daa,train
47e37a6c7c89e624,train
47e3b5ebdf9c6665,train
47eacfaf152c5fdb,train
47ec1c7dc7ae64b0,train
47edd696729d0414,train
47eeeaed2a21a9fe,train
47f0ee91f6ee8d56,train
47f1481e79f2f298,train
47f2d8dce6925deb,train
47f35872032ffa62,train
47f5a3a6024fa410,train
47f65182b16f9006,train
47f8b51c5aa6ef37,train
47fe8adb96bc9c4f,train
47ffd7007e1013d1,train
4805c4c2e0ff4ff4,train
4807d16b2a6999cc,train
48084c910d6d45f9,train
48092f91ff396fd6,train
480c2a320f503123,train
480dbf74a64eb23e,train
480ed34ab72de3bb,train
481069bcd03b47dd,train
48123db494a365e3,train
481561a66789920d,train
481c3a87b4521d44,train
481dfdf175a0e66d,train
482175bf0cd5dbe6,train
4822aef70a854fdc,train
4822b65132cae397,train
4824bc0971a80d29,train
4824f0e9d2af4e0d,train
4825b457fc4b1d74,train
48282547698f4b46,train
482a3c955a318adc,train
482a5926c584f7b7,train
482a88a3be8e1861,train
482dcc94c75e844c,train
482f47bf65a0f761,train
482ff1d8e1d78d7a,train
48329aa52b444af1,train
48341101a75685c8,train
4834c87121102310,train
48350c09f3bef1ad,train
4837a08be1630735,train
483dc7fa549fd6b9,train
483e3ca7c45a9ade,train
483fdac2a530451b,train
4845edc6632fe4e8,train
4845fb3c703132b7,train
48466b17e167cf07,train
484922be80d3198c,train
484b527d0a4ac956,train
4851e74f775d99b0,train
48535996b10534d7,train
4855af28075cd432,train
485754edec0576cc,train
48583aea139dc381,train
485d885607846e93,train
48618755feaa4436,train
48641be3eed4d7a5,train
48669a66a6dcbf33,train
4866ccc12c1f643b,train
4866e7ddd5ff041b,train
4869c9800ea69b1f,train
4869fa8510977e07,train
486d1e7d391f7be8,train
487534196ea1c328,train
4876d52ef2b24d10,train
487b1a7e5abf00b8,train
487c1dc1b93d8d95,train
487cd5efd22e1102,train
487eaf5ae2dcfbbb,train
487ed0058273c878,train
487fba6f0408cadf,train
48821d7c66b35251,train
488345bc34f316f2,train
488994e3d394d5b8,train
488a6309782ba981,train
488c475731fcb3c2,train
488e29c99f8b4d2e,train
488f2a661b51c1b3,train
48914b28e683ab88,train
48950afc149ad45f,train
4896c8899728e667,train
4896e4fc68280e2e,train
489819e7af5ac25f,train
489e32dc09c91c7f,train
48a73b7cecb868dd,train
48a863659bb886f4,train
48ad8614fa07d5c9,train
48afb8da52bda5e0,train
48b11cd896bce510,train
48b7d70937f11879,train
48ba3adadfcb2e07,train
48bd5948828e4c2f,train
48becc956b9e98f3,train
48c3cb6241eb2d31,train
48c4940ec6cd5e33,train
48c4d6b4b07c69de,train
48c74ec4c645f240,train
48c7531579323508,train
48cab8a4e1a935fe,train
48cec064b624952a,train
48d00ba00c5be022,train
48d03fba3248fc15,train
48d20e69425aede7,train
48d46b232b5ffe52,train
48d972c03d2a27b7,train
48db8a864f3f804e,train
48dd0ef893967a76,train
48df8c9c6791917a,train
48e07052b16d023d,train
48ecb64727a6f3da,train
48ecef8ebc41a8af,train
48ed2576f1b4f755,train
48edc57ca3ee1130,train
48ee2a8fddb9c81b,train
48f291b592e6dd6e,train
48f32b50369d00c1,train
48f94cc35f100dc1,train
48faff7d32cb7e66,train
48fe32c7009a1ef3,train
48ffa64c9af9bf3f,train
4900e4b67ea6c63a,train
4907b094268de782,train
4907cc8531e55db8,train
49094336cd756bb5,train
4909de97cc07854a,train
490d519e6a3f13bd,train
490d8c0b32df8922,train
490dac2e1dd2bbed,train
490dfeecd748f378,train
49102749b2ae8c03,train
49105dbff7641b4d,train
4910d171c33bc6ea,train
491168c86bcc7c16,train
4911fcdb8f4c071f,train
49150fe926d90991,train
4916968d4ebbc829,train
491b8c8bed44afe9,train
491b93e814db8694,train
491d1d41206a82d5,train
491efbe3685775cf,train
4927cc1503c05672,train
4927f1c9e93e7443,train
492809cdf89ed599,train
492b5e1ee0a5c225,train
492c8bbe3b493c7f,train
492d65ddd5938469,train
492eb1f876cbf7a5,train
4930d03896ccde82,train
4931767bb7b639ef,train
4932348e804d86f9,train
49333bf0ba69b976,train
4935e9dc3e73657d,train
4937b3580f2b1654,train
493a6f1d4864f9a5,train
493befbd9ccc5f28,train
493c62a33f8af722,train
493d58757cd88afb,train
49400a39167b1cdb,train
49429a5ce2934014,train
4942a531c35a995f,train
494a059aa4ca2484,train
494a7d601e9173cc,train
494ca994d87531bc,train
495514e9622526e8,train
495c9ce5cfa830e0,train
495da36b0702971e,train
4960b5774850d4a6,train
496253dd2817e6e7,train
4963d9fac720489f,train
496436348d0ad1e9,train
4964a3e3ea418baf,train
4964c0a98d53c81c,train
4965a6d5226620ad,train
496c4d23e7a77b72,train
496e1aa1d72114d6,train
496eb887683bd61d,train
496ec9d76ed2983b,train
49708d9cdc1fe1cc,train
497350ffe9078093,train
4973726563371609,train
497599cd12bea9bf,train
4978833043acbe18,train
4979916bd4fe3bd2,train
497a813cd1d65450,train
497c7eddf86df9c2,train
49841427fde3888b,train
498a72659c7fad1b,train
498af7386e98dd85,train
498d174cec03077c,train
499513d425319b7f,train
49954759f1c9ef0a,train
4996087701689efd,train
499a82908be5f590,train
499c14f718ea93e7,train
49a50a68e7ff77a2,train
49a7e1b7ef832cec,train
49aa26c5870c9b7a,train
49aaae2853b91f5e,train
49aaf27c2d8208ac,train
49ae95578533a28f,train
49b0bc8324ff077b,train
49b168736e4b0bee,train
49b1f21b73ec3e99,train
49b2758a4fa8de28,train
49b2cf9155577eab,train
49bb63a6f1c60cb1,train
49be3540fe942243,train
49bf294171182798,train
49bfcd47c557cb2c,train
49c372f0232752af,train
49c592817870316b,train
49c5ba12ac70e053,train
49ca0cdcc6ee2801,train
49cd7b3827c7c1cb,train
49d221f9a1f6cdbb,train
49d314dba6cad8f6,train
49d5db6f9c9782d2,train
49d6eb21f0717625,train
49d743fa34365774,train
49d8059f4a436e31,train
49d845d568c66a4f,train
49d9ecf6259c24e0,train
49da13914c913ae0,train
49db1124c33a1e66,train
49dcc3ded1eca95b,train
49dcc6efe3f201f4,train
49dd4435bb2e9891,train
49de3dee1f3ca0ec,train
49dff5c0303e877e,train
49e11a2ba6509c4f,train
49e268a55223e5e7,train
49e44500942da23a,train
49e50ac5fdf3c06e,train
49ed40f854050ed5,train
49f2341b2cc81357,train
49fc6916c17df584,train
49fc73c63dcc76d6,train
49fc98a01190580e,train
4a02a4d4b02340b9,train
4a05a3f4cc31f0da,train
4a06d10cea118ced,train
4a07227b2a1d7115,train
4a0763d80f52b195,train
4a077f304b7e2f24,train
4a0b69777d8f65fc,train
4a0bf2d8f97471fb,train
4a0cfe9f32e9e1e9,train
4a0d6d7b025a0b0f,train
4a0d9c2ea10dbff9,train
4a0f7879ef624d71,train
4a12c21ed31e4a94,train
4a13aebdf80a395f,train
4a15a938b9710c99,train
4a1ef9faaed31297,train
4a2183d34ef3f015,train
4a220ad0091a8d49,train
4a223a666482b546,train
4a264e25a7585b1f,train
4a27106d523a634e,train
4a27268a096322f0,train
4a276ee1718e8f2f,train
4a27b1834bc94876,train
4a285f6bce26880a,train
4a290afc93d7f202,train
4a29d011246326dd,train
4a2a8e6211d5b055,train
4a2cc8b7e2e57a14,train
4a328e99f3ad67a3,train
4a36b4d29f845570,train
4a3948df716af9ba,train
4a3961d0a1dd5959,train
4a3ab93feafd3eca,train
4a3b81f628872278,train
4a3cbbe55e89f0f0,train
4a3e73248ee410fa,train
4a4244c604887857,train
4a42f742c842cd73,train
4a450257d153230e,train
4a47483077110726,train
4a4776c5411c17a0,train
4a4d2909a4cdcd66,train
4a4da276ec963265,train
4a4e71eea89e19d7,train
4a539932c157e173,train
4a53a977ee6fe6c7,train
4a56aa5344b0b1dc,train
4a59c81bdc532954,train
4a5d95c41de5c0f7,train
4a5dd8f0b7534179,train
4a60e08b9979efea,train
4a6107fa5a99f59b,train
4a621628c0dbafa2,train
4a648104b8193f71,train
4a64d7315a12d6e8,train
4a655ea9478f452d,train
4a65f4c06a0ea5bc,train
4a6622f411db6f43,train
4a6c3f4ccbd3f4c4,train
4a6f2a06bfd725f9,train
4a73f4c6e1dd6397,train
4a745c4354d0d57e,train
4a773cb96a931a3e,train
4a7ca9854f87e89b,train
4a7ea652bf1521d1,train
4a820443e8be4843,train
4a827a3a75c2658e,train
4a828f241709ab91,train
4a82dcf847d11864,train
4a841d9cf93ca526,train
4a8458c01bb5243f,train
4a85366ada6ad53a,train
4a8654f899b3e2e2,train
4a88e2289b5176c9,train
4a8a97a15f2cbf65,train
4a8e4c2ce997e463,train
4a9632475ac24d3d,train
4a9ee0bdab4a18ce,train
4a9fbda0991fbcff,train
4aa07ba7bc3b3054,train
4aa1351626ba3b1b,train
4aa7a52539024a33,train
4aaecc6633b923a5,train
4ab06374048cb17e,train
4ab10ec753c1c1d1,train
4ab197c562d42b9c,train
4ab4dd02821711c7,train
4ab7ad483472dbd4,train
4ab8eda48558d646,train
4ab9550bb74b14cb,train
4abfa48ecdfb07da,train
4ac3a7180a3ab596,train
4ac46ccf5cfdf21d,train
4ac561a2ae5edb4a,train
4ac599ba0bf2688f,train
4ac7c0247834d121,train
4ac803441a9aff38,train
4ac9ed04604aab7a,train
4acc8188a146afa5,train
4ad2005a3a73bca9,train
4ad3e782ca3e4138,train
4ad3fca5f8a61a07,train
4ad72551db23db2f,train
4ad96de714762e47,train
4ad9ab1efafc6ce8,train
4adb07427da2d9af,train
4adc089e1bd52652,train
4adfeb42796c7871,train
4ae11a2c2594cdcf,train
4ae1b20a0d21766e,train
4ae231b457ee5d9f,train
4ae709fab800d12a,train
4ae96bfa0d13e68c,train
4aeb9f233d6d2b71,train
4aec4488d47ea606,train
4aef9c30f30915cd,train
4af3d10a99ad8c73,train
4afc107372412667,train
4afc3ad416085283,train
4b018930f8717307,train
4b0206b5a783ad2c,train
4b04cd9de3b64240,train
4b062173a495caf8,train
4b08aaebf89784e5,train
4b08b7b5aaaf3962,train
4b08e891cbdc2c8c,train
4b0963e234f7c2b7,train
4b0b019f0926c996,train
4b0c603049405b13,train
4b10897bfa786a2a,train
4b1214cd63c551a4,train
4b130597d073ab31,train
4b1386f758edafb1,train
4b162a734f40ac82,train
4b1717136b9b28e3,train
4b18358e0c397991,train
4b18358e0c397991-2,train
4b197a309da8963b,train
4b1aff0ce897ee49,train
4b1cda2074db2e38,train
4b1d051939690406,train
4b1e255c7b6e9b83,train
4b1f1566b1e34cac,train
4b1f54c893388bde,train
4b2409b69b4ba217,train
4b24bb41c9bfa832,train
4b25634689d41f2a,train
4b2926ceca428c09,train
4b29ca87534385ff,train
4b2a19c5a470dfa2,train
4b2addb279f1099e,train
4b2d47432177c30f,train
4b2de27d1c786b73,train
4b3260ce00b0c5f0,train
4b327849f20f8a2e,train
4b345c236162be13,train
4b36669c2c8f3b05,train
4b367894568b8cc4,train
4b3789481d561426,train
4b40910434329b6d,train
4b41a70253149c42,train
4b42b54c734db076,train
4b458d0c1b4aa012,train
4b45da1b39a885a2,train
4b479b0945882e91,train
4b4f5fe6410e134b,train
4b4fef8b78e60f13,train
4b51d64b07bdbe7a,train
4b51e489d5adcbb1,train
4b544699e98b0d7e,train
4b54cf9a80bf3005,train
4b56127db4650b79,train
4b5a572dca1c27c9,train
4b5f2088845d315c,train
4b5fc0f801ec3072,train
4b5fe92e2b82f292,train
4b601d6ddab74435,train
4b60c96a23065d9f,train
4b65b77d4ced07a7,train
4b667efe255546aa,train
4b66bdddfc247804,train
4b671c9e013ea4e8,train
4b6db90718102456,train
4b721be2329c347c,train
4b72bb9132ab308e,train
4b73b1d04062b9fd,train
4b7555c003953591,train
4b7abdab30591476,train
4b7c2a9b81477044,train
4b7dd32ed2a16585,train
4b7e603e53abd834,train
4b8041672e7e9813,train
4b80b19789468cd8,train
4b8928423bff243b,train
4b8c5591fedd38c0,train
4b8e72c6e57ff3be,train
4b91bcb42133a180,train
4b92f09e74a63591,train
4b9768ab244720f2,train
4b9791e6ec59ff4a,train
4b993d1e6d3accf6,train
4b99d3f307950ea8,train
4b9b80f0496a57fa,train
4b9b86622fc2e304,train
4b9bda6096508216,train
4b9c980d17617101,train
4b9f2f3c7699710a,train
4b9ffee0cc876b61,train
4ba668ecf3e321cd,train
4ba9dd7935b29436,train
4baaf83d61dd72e0,train
4bab1faf2415fb00,train
4bad1bd1b6585cc8,train
4bb0d6e22ba3bc2a,train
4bb0e525fd69e994,train
4bb18854fd7d67f2,train
4bb1c193a04e9ee2,train
4bb3200b6001a469,train
4bb50dd7286d0bf7,train
4bb82a781f4fb84a,train
4bbb4247205237cf,train
4bc331ae4e665577,train
4bc442367d3ad7ed,train
4bc6e63fe08018a6,train
4bc8711f237cca7b,train
4bc96066d3b519b3,train
4bcd684e508cb924,train
4bceae3e92d91e9b,train
4bcf00a7f827a317,train
4bd2368c669d8e1a,train
4bd41a447208f250,train
4bd4956aaa3a4dbd,train
4bd497b66ef72989,train
4bd526f748a9ac1f,train
4bd5f399a4be8b8e,train
4bdabcee5e71afdc,train
4bdabe5288e76f27,train
4bdae2d31f707ad1,train
4bdb2a937c0beda0,train
4bdd11fef3a7f572,train
4bdeb80f2afbe745,train
4bdef5fc6a3e166a,train
4be019f14580f23a,train
4be1a659661fddc9,train
4be5156787d3c589,train
4be69696871d5d58,train
4be8925ea13f22c6,train
4be8af70d709cce7,train
4beb64be49abd2bb,train
4bf03f81c8dc858c,train
4bf3a91c7733311c,train
4bf43c0467a18240,train
4bf73db8ba59a09c,train
4bf89ca9882a1405,train
4bfa09008d6c6b96,train
4bfa2a868830d9ec,train
4bfa5764d9f8859a,train
4bfde690e263fcc9,train
4c004cd1fc8b4c5a,train
4c036c7be8fc58a5,train
4c0409bedcb52cd0,train
4c052c62b4222472,train
4c08c74fe19748ed,train
4c0a7b308df21156,train
4c0c4f2683b61491,train
4c0da558c2684617,train
4c0fd78cfd3d94a3,train
4c0fef9cfc5676d8,train
4c10cc51aa0c0d0a,train
4c11f4a0784d7262,train
4c163a6586dff954,train
4c19ffddff4b2c72,train
4c1a6d73967c1117,train
4c1cf54a839ca0d4,train
4c20e81511e33439,train
4c26aedbc584518e,train
4c26e74707b7d7a2,train
4c27fb0f7ef6d53d,train
4c28a7cf0b99f5df,train
4c28af5a998bc4f2,train
4c2997ecaa11584e,train
4c29cfac7763dbe4,train
4c2bd6c361e38318,train
4c2c797023e27c7a,train
4c2cef8cc72d6463,train
4c2d09ffb5f80d55,train
4c3382134e82c2e5,train
4c33e4070b0d89a8,train
4c36b11e5c5689d3,train
4c36c91d460d887a,train
4c387be695a0d031,train
4c398439d4c21905,train
4c3a3d3d0c79aee1,train
4c3b402c43407aaa,train
4c3c4f271789878c,train
4c3d34a6e56ba234,train
4c42ae005e6e9515,train
4c46657178c35f77,train
4c4ccaa09a269b5c,train
4c50cf5394f0266f,train
4c5191f9da8bd11e,train
4c54d3f3fb1f92c7,train
4c54f830091fabbb,train
4c60634310a930bf,train
4c640c33a2949a63,train
4c687af577a209b5,train
4c69106a7810f9c4,train
4c6d7c773d63acc8,train
4c6e2e556d84cfba,train
4c71e45910775047,train
4c7304758d320525,train
4c79fc8f5920cff2,train
4c7a557da210ae8a,train
4c7b8e64105014f5,train
4c7c405bf1e6b7e5,train
4c7d9b4ba543db60,train
4c7f05991d9c8ca4,train
4c8186f7f28b8bc5,train
4c821bfaedbf3199,train
4c83137d9fb28462,train
4c86556944c49c14,train
4c88aa797bb9e336,train
4c8ae3750b31d35e,train
4c8b14f5cfc307a9,train
4c8bfa5c3a449b39,train
4c8d9ba484948419,train
4c8e2bf83ce011e2,train
4c927f48809e8326,train
4c9416954ab7843f,train
4c971a8955ee35fb,train
4c9737dac1eb25b6,train
4c9c7cfe16f4c61b,train
4c9fb328fa6f91ad,train
4ca80ce4fcf203f9,train
4ca96d76460485b2,train
4ca9fa1d26c7f658,train
4cac3ba1089cc5dd,train
4cb969a4e7d93aad,train
4cc0ca297fd27654,train
4cc1f1058b6b98f3,train
4cc274f734464809,train
4cc34457f34a64db,train
4cc61582552fb353,train
4cc7d700e949c8a0,train
4cc837e839526be4,train
4ccbb792c4adfec6,train
4ccc5b34d724e419,train
4ccdaed874befdc4,train
4cd4552f81a79ae8,train
4cd45dc3c97761c3,train
4cda6a8b8684f04b,train
4cdc66800b9fba44,train
4cdc702f830f1ce1,train
4cdd02783546c90d,train
4cdf8b70d8ea9b91,train
4cdfb65ac3b3d877,train
4cdfda485b57b8cc,train
4ce198daac3deb46,train
4cea343880438f9f,train
4cf47cc6f12ae8c6,train
4cf4a25a696ea8dc,train
4cf866d3b4f26b6f,train
4cf9a6b04e4f856a,train
4cf9f48470a40880,train
4cffe73f9c27729b,train
4d047f296ec2532e,train
4d05a8b9ac48bc2e,train
4d0a376f7e9f169b,train
4d0a376f7e9f169b-2,train
4d0d4b55fc4fb047,train
4d0f2a50cbbdd36d,train
4d0ff2bad4e70be3,train
4d103e3cbf36ccaa,train
4d1411b8d3afb655,train
4d14de1c0f035d9a,train
4d14dfff362d2adc,train
4d179b34d780a763,train
4d1a7eac7bcbf263,train
4d1b40f467a87f48,train
4d1c603e724f56fa,train
4d1cad8555f77302,train
4d1d380e31ffd775,train
4d1f00a34b5bf5a7,train
4d235d1c8640bffd,train
4d25cb8c7c92c12d,train
4d261887d6ee02c0,train
4d27459d1a634173,train
4d2771e5be5c8e32,train
4d2d67b456451d4b,train
4d33701646482936,train
4d356231cd1c0bd6,train
4d3750db773df094,train
4d38d9da9307b4b9,train
4d3bef2b026036ec,train
4d3c51191b4c60e9,train
4d3c53acc5e12554,train
4d3cbcf3e7d1f95a,train
4d3d4bdf9a1f2ee7,train
4d40affdb7f64658,train
4d40c71c3ec20043,train
4d422deb414148b0,train
4d4240d82f9766ba,train
4d43278a3441b7db,train
4d44ffb1f16d7bcb,train
4d47be64d34e2a2d,train
4d4ae7916da16fd6,train
4d4c14d053f3aa27,train
4d4e4188cadebeab,train
4d5405c4c6cdf0c3,train
4d5ac786d9418747,train
4d5cfee19a4fc4b6,train
4d5d6b704a7738d2,train
4d5f248f55862d3f,train
4d5fb181c634b203,train
4d602cff453cfb9b,train
4d669f8e4bd73a99,train
4d699eb8b1e3183e,train
4d69a0946f770d8c,train
4d6b4d8087f9eb5f,train
4d6bc294ec996f85,train
4d6e6bce52dcea66,train
4d6f3b8e901da10b,train
4d72ac07df8c6088,train
4d7a3739d62fa9b6,train
4d7a8e8d9f099d61,train
4d7bf40bf60b9711,train
4d7c96034e05ba38,train
4d7d13c63b174d59,train
4d7e77be20ded379,train
4d81d9994f5fc226,train
4d877b575e96b600,train
4d8a4f4c05e292db,train
4d8c1b2f68cafd61,train
4d8d31ff9fc51e85,train
4d8daa8a1674a424,train
4d8e761a5e1f1469,train
4d96f333d492ca35,train
4d97e1357da4e5fb,train
4d987a8f21661221,train
4d994cf8dd6dc493,train
4da4065c93f9eef9,train
4da699e3ccac06f0,train
4da78e96c029ec1e,train
4da81e85f403d6f3,train
4daa07897b0ad9a4,train
4dab2e6276455254,train
4db021e10ea9e8c3,train
4db188d5d1dfce75,train
4db1d4a7c65a2985,train
4db26e8995a1938f,train
4db2e5a3e7dd01c6,train
4db3458ea150a860,train
4db98f6f4745514b,train
4dbeb8d382662864,train
4dbf78629a9e6545,train
4dc1c45b663f87b4,train
4dc294eb6a8b7774,train
4dc78e8d0608be27,train
4dc7b717ef783908,train
4dc9adf57b606f3b,train
4dca9bd028995acd,train
4dcd35b8e17b3e56,train
4dcec65339fe6726,train
4dcf20ce4080d3e1,train
4dd36945e58394a6,train
4dd857323e5706f4,train
4dd8d8e4cd229f48,train
4ddb3f2632d45d31,train
4ddbdda7bdd33675,train
4dde7ed36f942767,train
4de2c0426d8417d9,train
4de3c8e9ce675eef,train
4de426136599e9b0,train
4de45f367a5422cc,train
4de6305af1b80c5e,train
4de74a15c78582c0,train
4dea0b8fc8e5162b,train
4dea4211ce2afa77,train
4df26c79a22ce8ec,train
4df2f14581e5b853,train
4df51c23a36b4b67,train
4df6155a366fc0ab,train
4df7c3b5f6b3c245,train
4dfa5aa78fdcfec5,train
4dfd21b7bf8f151a,train
4dff457892f5fb63,train
4e000ea59fff9e88,train
4e088202fe2db40a,train
4e08c29527ed9d24,train
4e0de9a74a319f69,train
4e0f951fd486c275,train
4e12d07e92ba5f4b,train
4e139dd69c00df14,train
4e13ba6e73c35976,train
4e1df6e6d23be411,train
4e214d25c1e418b2,train
4e25817a1f1da49e,train
4e271ee6a2417fa6,train
4e2f0785ef948a95,train
4e32b58cf58e97bf,train
4e34f1b227a94f6c,train
4e3756f04ea2a165,train
4e390220f427eebf,train
4e39d051cff7c238,train
4e3b8cde0f1d026b,train
4e3d16775e171936,train
4e3f3c0725ce7635,train
4e408c0b01219a6f,train
4e43597dd0b47e4f,train
4e43930df0172aef,train
4e4604fab4139114,train
4e48a7dc068283cf,train
4e4a91352b747ae4,train
4e4db8f453f86c8c,train
4e50e48c5f27147b,train
4e5107f3a7f40f93,train
4e54101bf5cf9610,train
4e54aeabaf6f4121,train
4e556717a30d7025,train
4e559a09a6775608,train
4e55d1e205d79f54,train
4e5f26c99cc0742c,train
4e60ba8a1b6295d3,train
4e62fd921d06135d,train
4e6379e7117ddc3f,train
4e6807c4bd227fb5,train
4e691cc0c476b979,train
4e699f6f956eb937,train
4e6d306e8080e222,train
4e71892b660f1355,train
4e747c0aa0a4ed78,train
4e74c96fd5f4835a,train
4e75af4c77b0d35b,train
4e77ba9dcc73254f,train
4e7969b88aa28d68,train
4e79e689bcc66392,train
4e7bf1bdbbc24783,train
4e7cdf797d823fee,train
4e8122eea4136c43,train
4e82b12a3b71bb10,train
4e8339d5bb2b52c6,train
4e836de825e88cbc,train
4e839f5fb08e16a8,train
4e8621db06c326bc,train
4e8ab9656e7ae276,train
4e8b181b8953390b,train
4e8df314dc56c1dc,train
4e8f4988f87f90ef,train
4e924e99aeae48d3,train
4e94723fdc470df6,train
4e948319313cb5e9,train
4e94b46eedd98fec,train
4e94c0dbed8d887a,train
4e95cc8c2c49fa97,train
4e98f82524322441,train
4e9a1d5544bc9b55,train
4e9f0d64b99e99f3,train
4ea00b657da1f2e7,train
4ea36bb6333cd9e1,train
4ea53a7257c237c8,train
4ea6996319370a37,train
4ea6a9bd5ac8165f,train
4ea8b431576aa941,train
4eaa586eae6346c3,train
4eaa5e4a93cfb164,train
4eb30b617b1bd4f8,train
4eb3f95ca59e226a,train
4eb56f658f6c1190,train
4eb7212b6698b11e,train
4eb9d8be319149c4,train
4ebd8b71e8da5de7,train
4ebeb55457cd98cd,train
4ec6ef137ef31772,train
4ec722a77a6e1c3d,train
4ec994de30e6a39a,train
4ece4c79b2d25390,train
4ece4c79b2d25390-2,train
4ecee7f2f790a002,train
4ed5a63f54f92717,train
4edb9a141ab346e7,train
4ede64d0eac07a2f,train
4edf58b2471385b0,train
4edfe2defa3dd01c,train
4ee172735c935666,train
4ee546327ca57c1d,train
4ee6fbbdc6d42f5b,train
4eea2209ce667b53,train
4eebe28df6b9bc5b,train
4eed5c10197943fe,train
4eee29bbfd957dfa,train
4eee74467d0c97ee,train
4eef7c633351272b,train
4ef0acc8c93619d7,train
4ef4d1b9d7deacfe,train
4ef7122817080e34,train
4ef85a6fc08b79ce,train
4efd5287a67a4e16,train
4eff296b6f739129,train
4f00669f3e0bf9f0,train
4f011d8e1d909422,train
4f04443ff69a6aa9,train
4f06a65245d4abcb,train
4f08930c67fb808c,train
4f0d707be07c95af,train
4f0d827eed138708,train
4f0da9b88f8b12c3,train
4f0e425c80faab16,train
4f0e814354646246,train
4f13b987d1efd561,train
4f1aebcbe169c317,train
4f1b5d3e50b1f579,train
4f1f4f780c28f54d,train
4f2136490d2be38c,train
4f2502b35e1ff93f,train
4f263813145a536c,train
4f2a2b6c1700ad8b,train
4f304a97d02a7bb4,train
4f309ec5f9d10504,train
4f312bdb144cd18a,train
4f315306fc1a3c33,train
4f31a3455bc7e3d3,train
4f342b14119e5e13,train
4f36d46370792556,train
4f372868cd819fbe,train
4f3919933c2add1a,train
4f3cd5a865723f2b,train
4f3d3fdb8629cea2,train
4f46852b12734e9f,train
4f47fedd002c871a,train
4f4812057b4b90ef,train
4f48bdbf0d172cd5,train
4f49a5e49f6e3f28,train
4f4a965ce759baa8,train
4f4b9dcfc5666d6f,train
4f4cc0c8fa76ba54,train
4f4e186612a42cb6,train
4f4fbaec0fbbc5db,train
4f512ad7eaecda11,train
4f53522f2f70fa64,train
4f572a992b4c54c4,train
4f5b70b398edc0bf,train
4f5ee3e61eac5211,train
4f605cb004ce64d5,train
4f620dbd59919cf3,train
4f6289663c7fc37c,train
4f62b567e9df5278,train
4f640758d67cf98e,train
4f64dd227b14038b,train
4f64f686fce99231,train
4f65149ae98a6a68,train
4f65c69985d8a542,train
4f661abd7750ecf1,train
4f663faa8a17c6d7,train
4f67a9e1613abbe4,train
4f68fa637493aa13,train
4f6a645b9994d46f,train
4f6b6f979930120c,train
4f7322942e34394c,train
4f75515202f88046,train
4f7705ab0275153c,train
4f795015759b6376,train
4f7d9fc9e31267f3,train
4f7f455ccfbe7a23,train
4f7fba5e5af6cb9e,train
4f81e6af0e54fbfc,train
4f81f3b21a0021c2,train
4f83e3ababb834a5,train
4f869927d023b5c0,train
4f86ebc96efa4fef,train
4f87f4f3978c5b45,train
4f880212d9a69686,train
4f880939a7b7e31a,train
4f881669483ee3b5,train
4f89dd755b21fb90,train
4f8d2fbe1a13da00,train
4f8f6dc57873e27d,train
4f8f79f8830af175,train
4f907ae4546d82e2,train
4f90a2f1bf12f60f,train
4f9258e4c0b2601a,train
4f9264f64cfcf180,train
4f92d06a767be1f4,train
4f95c36fff6b8bdd,train
4f98a717fa035ed4,train
4f9c272eeed2b310,train
4f9fad39b372b571,train
4fa065bbbdb038e0,train
4fa3b161ef0c6a57,train
4fa511dca338fb47,train
4fa59c505b244c42,train
4fa5ba7eefd51d95,train
4fa8c7f617662c4a,train
4fa8cd4034938c05,train
4fad3f2579b48342,train
4fb8c74dc3d0abcd,train
4fb97860e5a54b6a,train
4fb9c8299a06e057,train
4fbb0175b61ed6f8,train
4fbbe9e5551c197a,train
4fbd03e80bdfde44,train
4fbd1f51e289a1f0,train
4fbe6c7342a3b77e,train
4fbf761f496b5903,train
4fc1827199d22ae5,train
4fc4263cc843856e,train
4fc7cc8b8be17fa7,train
4fc8bddbdbd90575,train
4fc97af696a38ef3,train
4fca0b4f17acc825,train
4fcafa1ca23021d8,train
4fce06db0dee47ff,train
4fd11c8b84fcd5c7,train
4fd2eaa552730c2e,train
4fd533a754f4bb7e,train
4fd56c9743cdef95,train
4fd6e6d1e4e2a96c,train
4fd71ea6371e8044,train
4fd7cbee807f1526,train
4fd7eb26af511ff3,train
4fdb63c9294ce996,train
4fdea24c8d6b3ba9,train
4fe11168c501c8c2,train
4feb47b9794248ca,train
4fed15c53a136c0d,train
4fed3c36274bedbe,train
4ff172229af09470,train
4ff2e5777dbaf517,train
50030999ed5caa86,train
50051c27834ff4b9,train
5006c3e8dd94d5d3,train
500bf6174ab52b5c,train
50115963459ef8b9,train
50130c97c2dd19ab,train
50151a08fdff2c1b,train
501925a949b8d95c,train
501ab5de2de1550a,train
501b27bddc3b5696,train
501d4e43defd373b,train
502366e8ae3abcdb,train
502786061676e9a0,train
5027be2238efbd62,train
50294f4513d85a11,train
502d3185818d7616,train
502e70ca22aa5726,train
502ef6609083cac7,train
50304d24730efba0,train
50313cee4d1469dd,train
5031b493e314199f,train
5031ec758b039c56,train
5032b1e54d53e927,train
5033b85f88a626b8,train
503a0933de31feed,train
503abe9c3ce21400,train
503cccdda0c77c9f,train
503d1988b8db830c,train
503dd56050f932a9,train
503ec57c2acdf9d9,train
503f6a036f85b6cf,train
50408f2003861638,train
504158475b1836ac,train
5043a7cff8215af7,train
50451dcfdd97f52f,train
504872aaef9cd612,train
50498e6e5a29fc55,train
504bf03114b3b375,train
504d4123af8065b4,train
504e9b0c794b99da,train
505405ad504ae090,train
505751aaf97c63e3,train
505889f1fff0731d,train
505bced04a9f04f0,train
505c78b5ea4d1de6,train
505df11ab190fd61,train
505e2f00468e18b1,train
5062cbcd281b3fb6,train
50638eb3fca73d68,train
5063984e700c34ca,train
5067fd3ae5000feb,train
5069c8633b8b85e5,train
506b1e35ae4f9d29,train
506b6e6197253373,train
5070defa5680b97d,train
507145830d545a5f,train
50765698a0141af4,train
507c20844f364dfc,train
507fe3c4589f51ab,train
5082b1ceb3f52676,train
508c0e5f80f540be,train
50913feb007c0f54,train
5092c2999a10f4e0,train
50953c178318d24d,train
5096db9d1b0e3aad,train
509a08b07de46e1b,train
509a4942360ac8c4,train
509d23dcf2854266,train
50a3210849938106,train
50a366932c979027,train
50a4de36aee344eb,train
50a84a335cfaeebe,train
50a96a1055426bf1,train
50aaaec07dfcd5f5,train
50ae201a53892c1c,train
50ae2e393c87fd32,train
50b32376cb81bb47,train
50b3c78c9c09405b,train
50b4cfe0f8cfcc62,train
50ba098c67f975b9,train
50bb4814c7810e48,train
50bb75a4e0e22203,train
50bcce938960952c,train
50c10218f398141d,train
50c14176b8bc9477,train
50c3653b302453a4,train
50c36d4d8de124d4,train
50c85d650a86f59d,train
50c85d650a86f59d-2,train
50c89247c98721bc,train
50ca9e49b3ddf608,train
50cd11b1a4aeceb7,train
50d0c3e47dc0996d,train
50d3d058856ab840,train
50d547b343eba0fa,train
50d6b3ba6e82d378,train
50d82d3eb20a7619,train
50d89068a3b96785,train
50da2d9312cdae4a,train
50db21266912697c,train
50dd16b68b227f0d,train
50ddef1ca54a1b3b,train
50deb1532997565c,train
50e05f42300533e8,train
50e0e58c471a91d4,train
50e33a18f7c0644b,train
50e69738ba77023d,train
50e8d93803b6f45d,train
50ea3fed9a8774ea,train
50f3a0b851e00080,train
50f520ac3ad2c809,train
50f590a285b3a38c,train
50f71dad117dae1b,train
50f85f6732f822be,train
50fd51ad8bbbd7f5,train
50fe1ab694fc3832,train
5102fcafc923c808,train
5108900250d44e2a,train
51096182ff4417da,train
510c90395dc6a23a,train
510eb24623bab7b2,train
51146f5504741d54,train
5114e712c8791045,train
5115a6f90c292d89,train
51164e1ea75d2dfe,train
51234693673d06f8,train
5123e08ad431a613,train
51267453f9575302,train
5126db384c004314,train
5128668224401e61,train
512894bd6c569985,train
5131768ec1143fc9,train
5132d617c8ba2c2c,train
5133806b7fc2d720,train
513439b99154610d,train
513b2a79fc0c2e76,train
513f39afe815c5ff,train
513f58bef24348a3,train
514166de9ba62b0c,train
5143b0237c2b4c48,train
514677f48426f59f,train
5148518be499b1a9,train
514aad59cf334f9c,train
514bf1542cdb5d3e,train
51505b20b4ef94ec,train
5150a00d59de077d,train
51517d33a1352008,train
5152ef7d11853b41,train
51543a0473dc4831,train
5154cbac8b6678e1,train
5154e2f57a23b1ba,train
5159a650c211d457,train
516383c2215a14de,train
51667537b89ec35e,train
516684d6c15a1db4,train
51668a0b85f22105,train
5168549aacc79526,train
5168aafabddddc0c,train
516a2a4de42c39d6,train
51701b37aaeaa376,train
5171a34f2ca102b6,train
5172f822c9d1ceb1,train
517572cd5dbb52dd,train
5175a236c8195f4c,train
51772cc271503564,train
517b949a50266607,train
5182bb5542f4dd97,train
51836a2602c12299,train
51839ad486df6538,train
5183eb283146028f,train
51874c21c276ca6e,train
51883b9adc33c811,train
518a2a0950da91d8,train
518a663385c50b20,train
518c02826d12387f,train
519524e6e69cce13,train
51979a527b42cf83,train
519a8ae7bc2e21a9,train
519d2c7fd2b302b2,train
519d3207320b6c01,train
519dc9bc0af0ccd2,train
51a1a25079d77c5d,train
51a496564266d8be,train
51a65f6665e6dda1,train
51a6776c4240e65a,train
51a72f981dc27fec,train
51a8e697f398cfba,train
51ad6fef0f2c2e70,train
51af2beadbde0229,train
51b3668e86ab37cb,train
51bc64147c66ee1b,train
51beb384701de7a1,train
51bfcb56dce92bc3,train
51c0cff34fbee56d,train
51c133d6a572d404,train
51c85c60cc26d33f,train
51cb26859a30a24c,train
51cbbb0719a08548,train
51ce59212fb86403,train
51cf86773fef5829,train
51d3f90bb46fa00a,train
51d566b2748f6133,train
51dbd530a3058c83,train
51dc3c86cafdf077,train
51ddea8a4d3d707b,train
51e1c0ebb7371323,train
51e35ea9027b9aa0,train
51e3e40ff5b5ee4b,train
51e7b2d7f144ae8e,train
51e81822ea96234f,train
51e81f107006820a,train
51e864e1e601ea1e,train
51e8e3623f102a85,train
51e99b306b1d5383,train
51e99f01779d2301,train
51f1aa9b4be7b6d0,train
51f222e47019006a,train
51f2278e1b76a863,train
51f59be6f72fb27e,train
51f7e99a554220af,train
5202e6748636e1ed,train
52041f4e4863aa15,train
52054823e0b5eb01,train
5206fc23dd4a7726,train
520788bc33a9860d,train
5208016f79a71ab5,train
520def26766db8d8,train
520f0a9a499ea7a9,train
520f3b94fd8d6199,train
521367b93a25b5f7,train
52157ef6fb4660e8,train
52159f49791d44ac,train
5219a3e7c19b5a87,train
521a812ecfc5ff52,train
521af9fbd525c7d8,train
521b47cc9a147439,train
521baaf5a2a53b09,train
521c075a4bc190f6,train
52209ea8817b6194,train
52219bbc3331d038,train
5225780b0b50124c,train
5228996be776127a,train
522d65e58bd8beb6,train
522ffbcfbae76fae,train
5232b847379ac9eb,train
523338f025c5efba,train
52339bde56eba893,train
52339d4d5527fe7f,train
52373f26cee16d4b,train
52374fa422b65404,train
52383b157c8533da,train
523a347fb1de2426,train
523b4fd0c681639d,train
523cb70e47359c65,train
523eee09b73eed20,train
524320a78cfd67b8,train
5243aa38e7109258,train
524434fde7a241e2,train
5245d5601fd3fbc7,train
52487616e046239b,train
5249b3775c1315fd,train
524b36a2d525bd65,train
524b42e08ee5d66a,train
524bbd7e5ffed5ca,train
524ce96a4f421ad8,train
5250fbebf081584d,train
525258351ad31271,train
5255fcc467562cab,train
525650b073084168,train
525849ae4f4a6a17,train
525ae23a31328e35,train
525b315f35a1c020,train
525d050752c1e654,train
525fd7f90c421aa4,train
5263781a83bffa86,train
5268dfd8411da8a4,train
526b07d8de85e646,train
527028b1bd74fa91,train
527527d2381af54c,train
527623e4295ebbac,train
52784e9b571d741b,train
52788f7a281b20a4,train
527b8d8214a150c3,train
527bda811199c8bd,train
527c88891e3f4917,train
527c9b2a930e7a73,train
527d6eb1a6050bcb,train
527fecf97cd5415e,train
52819b6a884f7f54,train
528349ee887e493c,train
5284cbd7989af5fa,train
5286598e27d6c449,train
5286fcea5d07839c,train
528734bfa694dad1,train
52931951a3aa186f,train
529480425da0143a,train
5294a4194f0c1790,train
52992e0f666c690b,train
529b7abe18137075,train
529c191831600f05,train
529d291a52580142,train
529dc97c0e1e4e5f,train
529e4ded30fd5402,train
529e9eb3dca7eca9,train
529f2373af0618da,train
529f3c567fbd47a7,train
52a100015f19e921,train
52a18005f6a29367,train
52a18ab51a7a7f8b,train
52a41e9bfad26eba,train
52a607a232e2faa7,train
52a6a5e5c389c17c,train
52a9e908d80bc9d6,train
52af17a450a997a5,train
52b166d8a7b88aa1,train
52b2738bee4d36d8,train
52b45022f0bd62d2,train
52b4edaf737c702d,train
52b6374560b37971,train
52b78a00eed1168b,train
52b7ea25a7d26c6c,train
52b81e512bd4e39c,train
52b859b9e718972c,train
52b912844b0329a6,train
52bb34dd915f5d8b,train
52bb34dd915f5d8b-2,train
52bd22a1fce41349,train
52be7e75d8d576a7,train
52c485dd8c0d574b,train
52c54e2fd3c3b9aa,train
52cbfa6bacaa2d0f,train
52cd3c86ab1bfddb,train
52cdd0e9cc9f9277,train
52cf9570e9c8f72e,train
52d51cb730bb27a9,train
52d6105a157a5872,train
52d8d221687647a6,train
52db1c37ce07afac,train
52dc6c3b146ed941,train
52deb92bd5b1916a,train
52dfa30b76d7cd41,train
52e2ac131ea120b5,train
52e2ad348eb78b5a,train
52e33e0a30ff0af5,train
52e3c5603d0b3549,train
52e7353cd7c477e6,train
52e8180711e98892,train
52ec3cc962aeb361,train
52ed9b59e5725897,train
52ef3f8cde0f0f6e,train
52f7932b607cf76f,train
52f89d765d5fad03,train
52f92fc831072d7a,train
52fac997a836e9f8,train
52fb28cca940f4ba,train
52fb28cca940f4ba-2,train
53023b389b6ab611,train
53029dce9751230d,train
5302d082036355e2,train
5303e2b6dae4891e,train
530592cdc907dff9,train
530617099ce1156d,train
530a12983f10af7a,train
530a82e2c15abc8f,train
530b3590063c10a5,train
530d2f0ff4b211fa,train
5312590772cad8fe,train
5313853a5faa5adb,train
5318c6fa4848bc85,train
531a2f54c7665984,train
531b4e0763a08191,train
531eb5d4b472dee2,train
531f57721074456d,train
531fa90397673b4b,train
5321ecaf9b60b305,train
532c49189a2d213c,train
53311a8e703d1399,train
5332682979be74f3,train
5334e5a60870db6a,train
5335cc18ce420a9b,train
53391463aab514cd,train
533e7b7397d4dbb1,train
5341f84e59b16c8c,train
53430f13bfe20f3a,train
534479e9f710674a,train
534844cb89c74c39,train
5348d3b072d687e4,train
534c29e10df2702a,train
534da98b03a6e7d3,train
534e7ad067f85827,train
535062d4a140eb05,train
5350e1290dce4ce2,train
535171910445a62b,train
5352fba1e4c1a017,train
53535fba82a2cbf1,train
53549d2819aad0c2,train
5354ff699aa367ec,train
535a5ba393f287a4,train
535b1252807c621b,train
535b76939a910ebf,train
535cd4f8519b89e5,train
535ddbbe52eaaf58,train
5361d834aed16636,train
53621c99886767fe,train
53628093f71389c7,train
5362c6d78817c433,train
53643f1f08ba4f92,train
5364501fea2815f5,train
536704a75d0b3be7,train
536a50481a6a7074,train
536b93bf5ce74edb,train
536dec4d71f307d6,train
53716f736ddd5d03,train
5372892b35c362ec,train
537363abfedbe280,train
53743966b0857d60,train
5374f363fb8c5fe5,train
53753ac19fe5e190,train
5376b83f5de0d836,train
537a2f7df3a4a41b,train
537a9547ed9257cc,train
537ce9aaa2df438a,train
537ceede728c9325,train
537eeae777e77cba,train
537f2c267e3ec2bb,train
5382f83355a27875,train
538502603ff64e0e,train
538657a16c87b7b6,train
5386c4f473f63944,train
538802adcabff09b,train
538a4933025a6afb,train
538ae9186d65d6dd,train
5390128b90d1c046,train
53928e3e32d16507,train
5392c293044babe2,train
53985d15b0c8810c,train
5399e660dafcdaf5,train
539a51241d44b21e,train
53a09cc2b4ba8668,train
53a528a0b9725260,train
53aa64a57574ee9b,train
53b6ed49d5d18574,train
53b9b16eb38139d6,train
53c0df95f4dc3877,train
53c1a920d8fceffc,train
53c70c240b2105b6,train
53c8cdbf76c45680,train
53ca531ba767a85c,train
53ca5e4a341ceefb,train
53cae563789d1e13,train
53cb12a04f0637e8,train
53cb9187c084b918,train
53cd7961da782623,train
53ce7cbe90f8deff,train
53d2991a0d61d972,train
53d3d8df875de50f,train
53d7437db45e7a0d,train
53d8614d029bcef6,train
53d8b4bc5d287e1a,train
53dbe54798cdcb5a,train
53df7055a259ceca,train
53e10f35f0a99c1b,train
53e5552f67db921c,train
53e9c4a59fb6a0b6,train
53eaae7e375c2503,train
53eb751e75b99bdf,train
53eba8f192fd62ee,train
53eebb1400d46276,train
53f19a51dd9f5a7d,train
53f4b2d5cc0dca32,train
53f4bf9020d35d26,train
53f5c522200e369b,train
53f7509c468f94b1,train
53fc374f6ad56636,train
53fd4cd3afdcd5e8,train
53fec83340db396e,train
53feed9708eff6a9,train
53ffafcaf47a5e61,train
540195150db46cc3,train
5403b7f48ea62170,train
5404f3b2f882605e,train
54051621564f6aff,train
5408219f28a34433,train
540e7bd53f1d7d31,train
5410371727053f07,train
5411c20c8b7cbbc9,train
54133768e942daf8,train
54193c4ea0c7a119,train
5419c280148a2183,train
541aefbc2ca28fc8,train
541b9646a248e604,train
541ce3ec722923da,train
541de4e94738238d,train
54227c75bc9f0d53,train
54253ef881cb36fa,train
542924c84fe796fa,train
542adb2632a95192,train
542b2b51b44a5b25,train
542c564b30e4efb1,train
542d5b4f78a26119,train
542eb92f84eeb7fe,train
5430f218be70af12,train
5432f30dfbe98711,train
5432f88b2706d944,train
5436ad303c3e18f3,train
543fa79bc28bb9c7,train
5440d1808401ecdb,train
544179117ce08327,train
544377d12538ea4a,train
5443ab3927f6ece6,train
5447310897a2c796,train
54483409c93a3920,train
544dafcaa5ff4c3b,train
5450a38d34ac3877,train
5453fc43ace37d5d,train
5454b6172f5615df,train
54560d97cd32940b,train
5457eb53cd826db8,train
5457ecf4210951f4,train
5457fe54a4c689d7,train
5458e3ec30eac955,train
5458e8dedd83a10e,train
545a5fa0304d974b,train
545c037bc129295c,train
545c3812b0c38780,train
545d20f6b97cf3ff,train
545d4ca6a9cff3f2,train
54605354e8774a20,train
5463530e1de1d914,train
5463ac16ad098bea,train
54648b7b79c17b9d,train
5465482138f45573,train
546839a299779fd7,train
546e6ccdabf4836e,train
546f6e42742601e1,train
5473358b8d58f335,train
54771e7a0c1ab0f3,train
547a99cdb6f96a64,train
547ad0f8bc70afb2,train
547e7b18ba97c5aa,train
54803ed577c33310,train
548289744dd7c673,train
548479124aeadca7,train
5485ef72e53741ba,train
54887ba025034a76,train
54896d750b417a7e,train
548b6c7d7b914b56,train
548bafced311a0dc,train
548be8cc69f48d7f,train
54912dab19d1ebc0,train
5493afc7f6ac3703,train
5494ddde0e9e7f31,train
5496a24c906f5819,train
549c029746caf016,train
549f0ae4987810a1,train
54a257467c63fda1,train
54a4302fdd8bf0bc,train
54a719d94780a1d6,train
54a8c42422116f51,train
54afb288a5d75673,train
54afda0b0b322b1d,train
54b27ceb1a37e770,train
54b3b65f09b34bdc,train
54b779f2203b8be2,train
54b833221035e0bd,train
54bda875e7c7e9be,train
54c06f7c08865538,train
54c4974ce87b45dc,train
54c54e21c8a734ad,train
54cd1b25f331c865,train
54ce7cbe9d9422ac,train
54cfd541dee37314,train
54d2bf41809d5477,train
54d3b0e215441050,train
54d45d797b9a30bb,train
54d58ab1b3f9ff5a,train
54d58ab1b3f9ff5a-2,train
54d9553eb714c770,train
54d9a8c24a5c0bfe,train
54dc7a3cb50254c2,train
54de99ceced24aa8,train
54e2caa62712b668,train
54e3ffa0b2670729,train
54e5f99e3fa75f12,train
54e7418c2409263c,train
54e7cc7d4db16b56,train
54e95358eeca15ac,train
54e96d165f368e5e,train
54e981bf2f31e042,train
54eaf99009cadf3f,train
54eb022347ebdfa1,train
54edacb8197696d5,train
54eea547bd7ff1e7,train
54f0b539ec3badda,train
54f2949dccbf0564,train
54f2dc1a2d42354a,train
54f592c3f812a808,train
54f99ed6b4bb6eb3,train
54fb1791904e6330,train
54fdc9fc0711f437,train
54fdded2a8faa3c6,train
55037f04beba831c,train
55059c394389b785,train
550643afb4f8c8a7,train
550a44822e6a7808,train
550e32d37481fc17,train
550f4b22805b17c3,train
55107487bef6f63a,train
55136dca6a5f3fb2,train
5517a609745ef14b,train
55196e7e14fb917c,train
551a224b3f023f2d,train
551a90fd4fdfe94a,train
551b3fccace533fb,train
551b47d11daf09e7,train
551cf9aff1d79053,train
551dbf926d6dd289,train
5523f21edb066328,train
5524b8fef471b9ba,train
5524eb29c2988578,train
5525b30605e761d8,train
55274c037c1cab9a,train
552a4b376ec21fb9,train
552abc1e3f28ac92,train
552cab4db410472e,train
552d02169c4324b8,train
552db29a6278abbb,train
552dd4c888218c57,train
552f7eb308f9fa87,train
55370782536d08f3,train
553893dca797ac1c,train
553e6fbb7a33e15d,train
554042ad5bc270a1,train
55414f5f50451264,train
554328ea548816e6,train
55441eb202fe98ee,train
55444e2f5e810de6,train
5545cc309fb605cc,train
55496a0bc7276963,train
554b8f60b6b2d376,train
554ef05e769b4c5f,train
55536a83f88ad439,train
555c397c1507e69a,train
5561eb7b611f6c76,train
5562fc843773e0a1,train
5563e574ceed4b52,train
556416b7ced5a7d7,train
556554f48e37c603,train
556b01e58ec3f32f,train
55704f5c261a2115,train
5573ce3e8bb9e2ef,train
55756f18292be0d3,train
55793083dc9b1e3f,train
557a67db47848afc,train
557b50802634e8a7,train
557e97abe6619d94,train
557eb9ebada795da,train
557ee00127584a8c,train
55840582eecb6bca,train
5585afa8d44c7d2e,train
5586a65efb31109b,train
5587912a5d96fe35,train
558ef1442e597dc1,train
558f521a7d2afc10,train
559565022d1f75b6,train
559869ef176a0151,train
5599a345970d60bd,train
559bbda357a1f090,train
559c187386556011,train
559c6adcb558daa4,train
559e07d878c942ab,train
55a23752dd02297f,train
55a282c448f0a25e,train
55a3cd35887cfb3a,train
55a4a996a23e3b74,train
55a74c12830d72e4,train
55ab163b905d038e,train
55abde73c2a88024,train
55b7169e33722f28,train
55b7a5e61820f419,train
55bb77ed6f08af7b,train
55bbc4480b3e9d75,train
55bf89c039bcf9b9,train
55c1ded2cf313246,train
55c1f41648edbb6e,train
55c7c72f4a38f30c,train
55cd739ea28e9b07,train
55cf18cdab868ae2,train
55d17f2880a117eb,train
55d8cd3b51e093b3,train
55d9992b892fd432,train
55daa2973778bb07,train
55dc007f437f6e9f,train
55e0df6fd9cd66fb,train
55e2a21c8014573a,train
55e35dd5264677fe,train
55e6262d4d3d6d59,train
55e9a1d97790a9cf,train
55efb5f34a45cd64,train
55f04de923e3973a,train
55f11487f7fe684a,train
55f3360c867a436c,train
55f42a7e20eeb820,train
55f44d54493d2e3b,train
55f4c5fbb26e5d4e,train
55f8bc8de00f1f07,train
55fb52f7279df83d,train
55fe41ea1f7547c6,train
55fe722c40b7400d,train
560263dd760ba601,train
56040e7e8d2db788,train
56066d43fa2d1ea2,train
5607396d7645366e,train
5607e2c10ebe3249,train
56086b46a30ba308,train
56097485cd088730,train
560b441ea01459e6,train
560ec9fd5d9ebd67,train
561393319a8d74d6,train
5614a65aaf5c313d,train
5614c61146f94d33,train
5615811c9add10f5,train
5615d40b5c84cc15,train
5616358d0a5b50fe,train
5618303e8fb837c7,train
56198ce13d601d80,train
561cfe07e55a4487,train
56215396c397243a,train
5622c9b539904237,train
562c530bffd3536b,train
562ce3914619585a,train
562f1bb1e933f478,train
562f3db9d50bb8f9,train
5630d0679b671efa,train
5631827897ddbacb,train
5632a2e75f74522e,train
5636f254bee66476,train
5637ae225631d123,train
5637bcf5ed9c0b9a,train
563a2414876d3998,train
563be2262c114b91,train
563ce0630eca1f16,train
563f1d1a2a59c3f1,train
563fdc5ebfce47fb,train
5649e946e2e05821,train
564e47492d7936e5,train
56554e93e7b2f844,train
56555283da050de1,train
56572812b96060d1,train
5658429769db6970,train
5659090ac640a5b6,train
565a87c6792dc112,train
565bc8e8b09c64c8,train
5660578540900194,train
5660ab4c085525af,train
566193efe4853bcd,train
56627eb394d85820,train
56673a0edb023e27,train
566a51318cdfa8ee,train
566be9621cb41eb3,train
566c51df7a220cfb,train
566ee5a1aa9c1783,train
5672e01521479641,train
56784361eab901ca,train
5680357a215be7f9,train
56840d1b91de286c,train
56850b0561b90318,train
5687d83c5d39e9ca,train
56888a21d0dc2449,train
568d44cb27530670,train
568d54fb4daecc8f,train
56a24b15ea0bea38,train
56a31df8a1017586,train
56a31f58860bbaef,train
56a4a56663723cd7,train
56a8e6b515e6d244,train
56aae981227d505d,train
56ad5bfcc8c57b9c,train
56affb82e141645e,train
56b01ecf64a23d05,train
56b130f5b9ea48bc,train
56b5494b3a0c3ffe,train
56b8e45889340f17,train
56b91873da2175e7,train
56ba88bf0c53ad2f,train
56bc6cf707e0651b,train
56bdd14b0ac4d505,train
56c0ca9e0a0237ea,train
56c152b73476abe3,train
56c2e128bc52270b,train
56c4262d3c90128a,train
56c7dfd458404715,train
56c833a89c781cbe,train
56c8efa2362dd7e0,train
56c98dff2605697a,train
56ce09b7337754b6,train
56cedd12aa0bbb62,train
56d21595b4047598,train
56df14329d2a75b2,train
56e04ec54dabde87,train
56e1c92182121bce,train
56e3dea380790397,train
56e62480588dec2a,train
56e6514495f7d008,train
56e87f71803ce7f1,train
56f1855a6a192bcc,train
56f298348e8750c4,train
56f31c4b3e571d3a,train
56f559a7de8b5529,train
56f5e8497d8e3846,train
56f71ccfdebbcd8b,train
56fb81c2bfe6e6e7,train
56fc270a9d22d967,train
56ff66cd4c9de7ef,train
57012ea916a48f24,train
5701ce4d226775d9,train
5702f484db4d003c,train
57068d861b777011,train
5706b619510e0ff8,train
5706ec7516f39d9d,train
5708a52eec2400f9,train
570b999044411be2,train
570e56be6acfced2,train
570f390f6f087e59,train
5712f5db795784d0,train
57142cd8566b222d,train
57170f7bb6e659e3,train
571b04cc4d12f490,train
571ce6cd370292db,train
571daa9fbed22a4d,train
571ebed782b9fceb,train
571f4743214e5fe9,train
571f4bd9c62301e4,train
572000c7122c9c64,train
5720578701d76754,train
5724465cbe81dbb3,train
5724e6cd5ff65cb0,train
5725205eeff3f726,train
572760fc78cdb1a5,train
572a38a48e2ca585,train
572ad88bb2480d48,train
572cc06cfc9ae288,train
5732caf38213391f,train
573548156f071daa,train
5738e1225eeb6e55,train
573c66c98e27a154,train
573dde4f94b0567b,train
573f9071b9009bd4,train
57405d00628247c5,train
574083821a2d01c4,train
5740e15d8eada2bd,train
5741904e225b98f6,train
5744ca2301677f75,train
574959585b731f4c,train
574a1f6a6eb2b8e9,train
5752b844f325caa2,train
5752f3705715020c,train
5753bc0eda6c79ff,train
5755591b581c5570,train
575777cf64c7f27f,train
575dbd1ba8974407,train
575ff152cd693da6,train
5767f7e60aa21961,train
5768b15fa6f03a56,train
57694eeb5830b1d7,train
576c94ddeaa82845,train
576d2d2f9b573b91,train
576d89ba63ffd0e8,train
5774b5a7813b0169,train
577abd2bc956a53a,train
577c4f22c383b01c,train
577e3321fd7e5323,train
577e5c57f286b194,train
577e6585e5517cbd,train
577eb5d96d880837,train
577f5b44a6da468c,train
5781bfaa192ad978,train
578994cdcd844b76,train
578a32af67f4e86f,train
578af5cf339fc59a,train
578d27ab514df884,train
578e3032dfb5cf25,train
5790401cc5f2ae0a,train
57953fcc9e7144ca,train
579639f04db786b9,train
579b864aa6d2af98,train
57a16a70b7585957,train
57a42a9ddac43902,train
57a61984ddcfe269,train
57aa027faff5e8ec,train
57addbafe7bee5bd,train
57b146a00a031a2d,train
57b67985f5c22435,train
57b7aafe69b3f0a0,train
57bce6d3150a6e9d,train
57bd9ce7a224322e,train
57bdc8ac71e8d403,train
57bf27c95da053d3,train
57c28ccc9857f28a,train
57c2d26d2894aa40,train
57c424e6005ecf76,train
57c42fb11ed523db,train
57c468f0dc4cd8a6,train
57c5f1e609b89bf3,train
57ca255bead4a9b4,train
57cdf484f24f899f,train
57cf1714dbf07999,train
57d1ac2000e29057,train
57d204f98e3291f8,train
57d2beaa3885d6dd,train
57d2fceae66c17e6,train
57d398b02b42192c,train
57d5c054b282d8db,train
57d64a5daec11374,train
57d66ad79afdd630,train
57d6920b14734411,train
57d8e62906fc53c8,train
57dc27cbb3954f13,train
57dd0f2602fe5731,train
57e0befd3718663d,train
57e26f4570a9d1c9,train
57e4013f0e1be709,train
57e4acdeaf9cbb9c,train
57e57c0a100f5549,train
57e59b33901accef,train
57eb44d6fdcd43e2,train
57ee6216399fac62,train
57f197eb47da5c46,train
57f32f7214ad1f8a,train
57f732d59bcccf97,train
57fad1f7349dd09f,train
57fae0fd3568dddd,train
57fd358b38f571d7,train
57fd654fa253468f,train
57fe08115e6afcf9,train
5800faca39bf5582,train
5801933ff74e1d8d,train
58049d9072470eb4,train
5804d9cf9c6855c4,train
5807bd145c162683,train
580899719683a4d0,train
5809bffd5cafec08,train
580a5fe4b91a0cbb,train
580ad38b02612697,train
580d3d9ef1308c44,train
5814db56007ed89e,train
58182f9063f96f62,train
58187a41e84069e2,train
5818d781265a9a11,train
581dccfebdea360c,train
581dfdcaacb93b66,train
581e8917294d2877,train
5820632564872dd5,train
5820f0d401cb493d,train
58219c3cfaf26e3e,train
582459bd8d713c6b,train
582621393f99da37,train
58298223fe5a8395,train
582beea92d3de64c,train
582ea23fa5eaf4e0,train
5830449655b45c27,train
5832986c88c76495,train
5832d9e20958d0e6,train
583404d2baec544b,train
5835f37905077f67,train
5836a6887056d7e0,train
58376574c392848b,train
583b85937365e278,train
583d74931a99d7a9,train
583f95c8ef509774,train
5842dc97ddeeb526,train
58499c02bad220fb,train
5849d448764a517c,train
584db9f78f1d1e16,train
584e2524235525f6,train
584ee61a653f1e69,train
58594205836b468b,train
58594205836b468b-2,train
5859e7d2a02d1f24,train
585a19a9f84a43ef,train
585a75952f107741,train
58616e7ecee44529,train
5861bbf7cbdcbf09,train
58629082a64c3e30,train
5866c5c0763d088a,train
58684ec938bbb245,train
58688435f708ad12,train
5868f2ff40ff2de0,train
58699536c7ce7903,train
586a3f6ea9aa1169,train
586a4ab9da2edcf9,train
586c94b75b03ff48,train
586e7df85773435d,train
587155f42e8614b0,train
58732d0c9eda926c,train
5874d0c62424dc3a,train
5875593be06cbd09,train
5875bee122c29a9b,train
58774bd32c3b0d17,train
587794dd6eca720a,train
5877f295253018cc,train
587be29ec553f15d,train
587ec94fb53892bb,train
5880caa9d065efcb,train
5881977a06fdf022,train
5883f776a3d37239,train
588580ed5094ea3f,train
5885e82a44e71d09,train
58864547fda454fd,train
5889b6bc51557846,train
5895a85667d0ea8d,train
58963f612656e2de,train
5896f6f83f76ae32,train
589a314825a31a6b,train
589df84866053139,train
58a2abc741ed9178,train
58a346a773e1559d,train
58a6dc37a30a4914,train
58b281f25576b69c,train
58b301aa270a30dd,train
58b6df89426f4663,train
58b71f9eaa00ec92,train
58b7f55f69c45226,train
58b851588df211bc,train
58b93ad5f9758800,train
58c37866b3b3e8d2,train
58c52272d4ae27d5,train
58c5e9f25ff8757b,train
58c9ec9a3384ab49,train
58cf6410e37f2d03,train
58d2158347d93573,train
58d82f3003086784,train
58e06d46b89c6367,train
58e4f5bfc0f1f475,train
58e5290e8d803d40,train
58e57b9bcaeaf509,train
58e5b678f2acccab,train
58ea7e0576a67623,train
58eefeb563c3d8a7,train
58f701c9b7c6fe80,train
58f70ea2f7d7d23e,train
58f820abe1a06e80,train
5900508238e30555,train
5900fe28f0bae4c7,train
59030e3e9e7bebb7,train
5905db2d31166e5f,train
5906449fe8986e45,train
5906e654af8970ff,train
59074cd7b666f9fb,train
59097aa6f74c2386,train
590a6e3250eddd5c,train
590a9c9994e81f08,train
590c0c72fe044e70,train
5911a265ecfaef0a,train
59149c68a168c799,train
591588268334a0c9,train
5916ec27e6db761f,train
5919bcce2fbaa07c,train
59261ff9a2526036,train
5928942e38af964f,train
592d44d7bdb96ab6,train
59326f867c2046eb,train
59348032b82f3f84,train
59358c083b83636f,train
5935ba32e5d59e95,train
593b8cfaecd30b39,train
59447058990a911c,train
5944aefcfe5f39cb,train
594716eadf4baf83,train
59560ca1f1e9e4bc,train
595d63e4fe57a66b,train
5962152771c2fcf0,train
5962da2ad8b0e04a,train
59662f37fd5bcb76,train
59672cd1189a7df5,train
596a91c4e824f42a,train
596d504323945c04,train
596f3e75a57ebe8f,train
597033ece3cc095e,train
597197f1bef68bfb,train
597557c9d25007d0,train
59796385698f31c2,train
597f92d54d3de7b7,train
598042aeb7d7f26d,train
5982c455833ff241,train
598348ad661e166c,train
5984ef7222827ba2,train
59866b5c58b83d38,train
59870aa778733a89,train
59879e73a7488791,train
59892ea2854b47b7,train
598d02ad17901728,train
5990b8b9648ffe4a,train
5999495ddc40c1f8,train
599a6d61bff2320b,train
599b403f4fbc08c6,train
599fa3533670f9d7,train
59a0aba3803c63d6,train
59a3137d483c175d,train
59a332edf545de70,train
59aa7552653aee68,train
59ada76b5d896474,train
59ae5b858ef8ec85,train
59af3ce2eb423e06,train
59b581b0c2e82bee,train
59b591c996efcc96,train
59b6e522b74a340a,train
59ba1bb7c8949579,train
59ba48c2a153c799,train
59bb264a42f23c11,train
59bb7f2fa7af8a9d,train
59befd5db0c27e5b,train
59bf615c9f43612f,train
59c1571c629ad573,train
59c19ee57484bdc1,train
59c65833c7beb842,train
59c6d5f0303d6cf5,train
59c70814b4d74506,train
59c7d5fb53c2f4a5,train
59ca7daf0a5a02c8,train
59d02e7ee1780c7b,train
59d2bdd47327b18a,train
59d37845be2b17c4,train
59d3aaef46129663,train
59d8bb6d1d4cdfe2,train
59d8fd7d26b9e52e,train
59e0875a1353d246,train
59e1085416b5c992,train
59e2192d53cc83d1,train
59e28a6c547a7bd4,train
59e29dbba8d65e08,train
59e443fe24fad25f,train
59e4cdadda3e0f2d,train
59eb3120cb7674fc,train
59eda321b2767b7b,train
59ee5ba8d8706ea0,train
59f3648511699419,train
59fe6b6cdf7400a8,train
5a00fb351435c67a,train
5a024b1e62ad809c,train
5a036eabe30ffb6c,train
5a03feef1b0385e0,train
5a048db4ae04e882,train
5a04d80f614fe226,train
5a070e88e1d2da61,train
5a079a2a3aafe73d,train
5a081304413c30a3,train
5a086ef9cfd7706e,train
5a09e11a036fb898,train
5a0d4b781f8a0404,train
5a10b13e4105cb65,train
5a1671a94238961d,train
5a1bbf4a392b44f9,train
5a1c4e2f2ac11c2a,train
5a1e8b75459eb258,train
5a1f2989de3b9bfb,train
5a1fa5c24fbc48ce,train
5a1fc34f4e3a388e,train
5a206cb8212631b2,train
5a23764b2b90256e,train
5a24b628b46f0b8d,train
5a28bfffe5216df6,train
5a2a3b7cee4c6677,train
5a2b306ef2ca7558,train
5a2dd9dba7183bbf,train
5a2e7f1c45e0c9ae,train
5a2f00f0515634f8,train
5a3c67f6fe043098,train
5a3ec1946f424c1a,train
5a41994398f6fee0,train
5a4209b028c5b3f9,train
5a42ca71b1a610df,train
5a465487e7ec86b3,train
5a469993cd4474d5,train
5a48db6b688b2150,train
5a49ef5c334b0f9e,train
5a4b7b66e642e34a,train
5a4b964e5d26aec6,train
5a4dd87bfb749e4e,train
5a4e19ec310bcf22,train
5a4e75625a5fd994,train
5a4fa29edc447fd5,train
5a5001a9a4547a66,train
5a5569208ab03d43,train
5a56a11930c77257,train
5a5853e2bb4db786,train
5a59b36038d8e5cf,train
5a5ccb804cfd7764,train
5a6060e8d7841833,train
5a68e5f6c16f0818,train
5a6b3fa4bceee769,train
5a6c178c6e28cb6a,train
5a6ddfeef50cdd2a,train
5a6e1b9daf8f95b8,train
5a7364b0db877aee,train
5a73acf27a277b22,train
5a75fe4efa9317c9,train
5a7774b79e6ae295,train
5a777bd16ef906eb,train
5a7ab330197622c7,train
5a7e78b80d4fb9b3,train
5a7f71ec4a8c7e6f,train
5a839b7f3894c54e,train
5a855914bf66b9e3,train
5a85ed18925eb836,train
5a86d6d1d3290fab,train
5a8713b5fb3cb9dc,train
5a894aca2245270b,train
5a8b86af627701d9,train
5a8bf54d808e908f,train
5a8fdf320b798955,train
5a90202e30554c59,train
5a92d6e86db02dd4,train
5a92e08086633cc8,train
5a94f146fc2ff93e,train
5a94fff2d7f60e18,train
5a96607b07351df8,train
5a977e906a2f1840,train
5a9c123ea46869d2,train
5a9c48756b7321f5,train
5a9d3a94c624755c,train
5a9e0afda2e9549e,train
5a9e660c4c79bce1,train
5aa068cb56532027,train
5aa165ff45cda4fd,train
5aa474668a89ee0e,train
5aa727adc2e881dc,train
5aaa1322fa8f38fb,train
5aaacaf67374f69e,train
5aacddc219c5f59c,train
5aad9516e516f444,train
5ab1307881b8d7ff,train
5ab1a11b738b094a,train
5ab430c3f3cba511,train
5ab72863f4793969,train
5aba34a355d8b3be,train
5abbb469d3f0ea35,train
5abc4b68fc87678e,train
5abcd2b44a1c2097,train
5abe997a5f2dc508,train
5abf537f778e3a63,train
5ac01e540bd5418f,train
5ac0e8191777629b,train
5ac114f4e56a8978,train
5ac114f4e56a8978-2,train
5ac30b71185567cc,train
5ac37a3491237b83,train
5ace6d287f401a4c,train
5acee02f23e1c3b6,train
5acef16b83a5a061,train
5ad1a6ec9b45b931,train
5ad457176f8de5d4,train
5ad7afc5f4444961,train
5ad809016b90a969,train
5ad85faae9130d7c,train
5ad894146cc7bfa5,train
5ada019f73b32456,train
5adc66c3e13d4b6f,train
5adecdae1cce9299,train
5ae41775be8db0a3,train
5ae6688130e565de,train
5aed107660a2772f,train
5aed90932f24242a,train
5aefee7912bf7a6a,train
5af09f13b7ed5450,train
5af46a63498368cd,train
5af5bb88ef2859fd,train
5af66f78a61fedf7,train
5af92f92323df204,train
5afa7843eb184211,train
5afaaa6ced70b67f,train
5afd5384bcf03a8f,train
5affc7c7ca8c2f93,train
5b0185360fdfeb4f,train
5b01ab4619be09eb,train
5b027fe58c6f3203,train
5b039062763e9b1b,train
5b039062763e9b1b-2,train
5b0825421cd37e0e,train
5b09918fc824de05,train
5b09c94a5a6cff2e,train
5b0a1f6757ba4052,train
5b0c61c1dce679d1,train
5b106134ec4fa01d,train
5b1212af9cfb0281,train
5b126911119fae83,train
5b1328f34bd78d21,train
5b133c068a2a170f,train
5b139274a08fb2d1,train
5b17843db15c221a,train
5b18c794d99fd443,train
5b18c794d99fd443-2,train
5b19e4200b381cbb,train
5b1dc94c7d924660,train
5b1f8cb96441267b,train
5b202114cc57b839,train
5b202cdd51fa3332,train
5b21f810f3b4acc6,train
5b228f0743a72ddf,train
5b24b3cbf2d8d6ac,train
5b24d1833b8937d3,train
5b2516432001684b,train
5b2b16aa2b41aaf4,train
5b2c7f05fd0c8f17,train
5b2cd79bc0b8c5b0,train
5b2cf6c0c36c7f5f,train
5b30c55923a49a71,train
5b30d74ac06ef6c1,train
5b3454bb108335b3,train
5b34e2957a99bb86,train
5b352e50283667d9,train
5b37f69c79258a31,train
5b398c60a2f2b9e5,train
5b3a66a645a8c464,train
5b3ad7f97c8e86d7,train
5b3e2888440479a9,train
5b3f1d7d555fbeee,train
5b441f112971fb4e,train
5b4625c1cda9b2f0,train
5b4637345247d3ff,train
5b4678478bf11187,train
5b46d07c97ef3b1a,train
5b4723917edeeff7,train
5b47c395a2beb9eb,train
5b4f7dd37a4d47ce,train
5b4fbdf1fbda8b43,train
5b506c23289e413a,train
5b51863c60168270,train
5b54287bbef69e19,train
5b55db4163f81ec5,train
5b56dedcad4d938e,train
5b5841494c8d7e43,train
5b5b9c60d6441339,train
5b5f7da891a2ecef,train
5b6030e62411355c,train
5b61804bcdefbf76,train
5b62a66175f6704a,train
5b682a41ffd7a54a,train
5b69bcd5b99e6e3c,train
5b6d6de30fa45d28,train
5b6d7ef483df016d,train
5b6e27c4d9b3d278,train
5b6f186ef5abc35c,train
5b70cc3e16d0f49e,train
5b70d951daf98c83,train
5b7389d34a32fe99,train
5b7bc2952cc3f30a,train
5b7d3b524f949166,train
5b7d3b524f949166-2,train
5b7f84f91ee0cabc,train
5b8073db23850367,train
5b80cca4b841ffab,train
5b83aed840c7edbb,train
5b86d4f2194782d8,train
5b876ac7e348d845,train
5b88a2e3af61912e,train
5b8c89aa693d0cb3,train
5b8d615e33d0c5b2,train
5b8fc2cd9648d867,train
5b969beb6715c7d3,train
5b9b1fe0e12d9809,train
5b9b7a7fa9da8f34,train
5b9cf9f9c001648d,train
5b9e46e7354a5337,train
5b9eccb48a04e077,train
5ba2414ce97e77dc,train
5ba4c5a679ce3093,train
5ba6c0b8b5251394,train
5ba71c9eed852498,train
5ba950e44485ccd4,train
5ba9f980e869112d,train
5ba9ff13c324d6b2,train
5bab2701cadcfd0a,train
5bae384f732ca637,train
5bb27be92112f1d4,train
5bb457b2c2e3d429,train
5bbc1fbd2caef523,train
5bbd89f46bceefef,train
5bbf47bedead0f5c,train
5bc3b27b1a0f5073,train
5bc3df5842a0bbcf,train
5bc3e01baa057f54,train
5bc4fe77709b0218,train
5bc6a201df3f99d5,train
5bc6e72cf09badd8,train
5bce41433759af6e,train
5bd1fe1abedff0ed,train
5bd23ac4b7cab5ba,train
5bd503ceb75c76dc,train
5bd503ceb75c76dc-2,train
5bd50d4319bc858c,train
5bd869a349a841e4,train
5bd9bc82abf07939,train
5bdc1fcfbb86e4dd,train
5bdc2a71e84f62b3,train
5bdcc7d7b7ad98d0,train
5bdd9d190bbdecf8,train
5be1b39c20728b9a,train
5be5eb1befc8309b,train
5be667b273e9755f,train
5be7ece3dfd8ee0f,train
5bea8aa4912bb6b9,train
5beaa2827d255cf1,train
5bed53bcf15ca91f,train
5bf1080f55534e5e,train
5bf12624076612d6,train
5bf417aa54f63f1d,train
5bf4eba84410d494,train
5bf59b52d6dba047,train
5bf630147a845391,train
5bfa52460b216eae,train
5bfc7049e8cfbae8,train
5bfe7d5f8b737606,train
5bfff2707463db6a,train
5c001c4cc87a1d16,train
5c07528a0b2b0c04,train
5c08c5f826560839,train
5c09b4c00b69935a,train
5c0bfd196ad20b4c,train
5c0cddebe3136030,train
5c0e0bce33ef5991,train
5c0ed52e9b84d5b1,train
5c0f625ecfd602db,train
5c103301883a7fa5,train
5c11323d446c9810,train
5c11d955c49384a4,train
5c12733c85f0880e,train
5c1517153fd1db46,train
5c162d64069f4739,train
5c1b1e829c54fc3b,train
5c1c1f9bc0c0a9ab,train
5c1d221047336cfd,train
5c1dfac3fcf2c219,train
5c1e3db30675a11b,train
5c1e92f701ea96d2,train
5c1f6fde4eca95b7,train
5c2003264c23783a,train
5c2228137ff312cf,train
5c24c2f14391b605,train
5c2c8069ae999469,train
5c2d6f5e39bb0515,train
5c2e2569036aba4d,train
5c2f87099bffcf6a,train
5c30d394b6a306a5,train
5c30ef92fda42b9f,train
5c313ebf81b1cdf6,train
5c31401f09ebe05a,train
5c31601c878ed704,train
5c3852c66adc6aa8,train
5c3b05493c24bb55,train
5c3b0fae1e8d8e6b,train
5c3d3e488bd3beb5,train
5c3f0a9a2058cdf1,train
5c412213715b6fb3,train
5c41412cdc62f7c3,train
5c417f2b3a50c888,train
5c4333d0595217c0,train
5c4474af2416ac00,train
5c472ad338b98e91,train
5c474cc469c1090e,train
5c49225eeff009fc,train
5c4b43ab422f5978,train
5c4d47999f47e7d6,train
5c57622d70a56035,train
5c5aafd5371c2dca,train
5c5b0adf0930e494,train
5c5d56e27ff6299d,train
5c5dd89216282c60,train
5c5f0cbf51e15257,train
5c618ce0aa534ed2,train
5c61e0da38ed0d71,train
5c646759950a288f,train
5c68732473eb6c61,train
5c6ae131b4a5ccf2,train
5c6ae131b4a5ccf2-2,train
5c6d063c5ced0ca1,train
5c740d235b9a24b2,train
5c75b37016c4d0ad,train
5c75ffc80c96d2ea,train
5c76e547f49c61bf,train
5c7a719b7d88bcd7,train
5c7af6aa06fb429a,train
5c7c0e4136d099ac,train
5c7ddc0dbec9e733,train
5c82e791f9383de4,train
5c85529e5f60b2d9,train
5c86083859fe6864,train
5c86570fbea09ce1,train
5c878de404feec09,train
5c8799e140a9b7fa,train
5c8a487df40d3a3a,train
5c8af20146dc9814,train
5c8c879fb13edee8,train
5c8ec2971e8961a0,train
5c91aef46b3389ec,train
5c9312b68531c42b,train
5c941a2fb1599082,train
5c95a22eb0115588,train
5c964d111559bc33,train
5c98b49230719dde,train
5c9f56317bd9fa0a,train
5ca12e5c4a027d14,train
5ca2ff4e242abeb6,train
5ca5de4cfd844fe4,train
5ca89139f0a5adc3,train
5ca9c75a6f19f0e4,train
5cad6b1039aaa7d8,train
5cb20499eebd581c,train
5cb33adc2972c0e5,train
5cb7a64870b22cb5,train
5cb9fbb11331edc8,train
5cba0f6a9d538d9d,train
5cba4d496c0aaa71,train
5cbab70ba709819c,train
5cc0e70054f4fada,train
5cc28d107502fb1d,train
5cc53118569f81cf,train
5cc81c4e97630c50,train
5cc8487ff97212b7,train
5ccd705a3221ac98,train
5ccdd6f70662ac40,train
5cd580a9cad89983,train
5cd774114b1b311d,train
5cd8bfffff65d7ef,train
5cdb6bc592fdda01,train
5cdc1a7c73cf7ef5,train
5cdc6e10b01df74c,train
5cde564e7caa9aa4,train
5cdfe9e14a9026e4,train
5ce027d7da7a86fb,train
5ce16a46e92ddf25,train
5ce7e60e7c849429,train
5ceee4fbfb17a783,train
5cf1d79e17c8a450,train
5cf2abd4ba69fdfa,train
5cf2fa4df2d5c6b1,train
5cf48a284d151bf8,train
5cf5966b0c79574a,train
5cf719f68001f949,train
5cf81b88dc89fac6,train
5cfbeeafe91b49ed,train
5cfc234c9594a1bb,train
5cfc8a0ba3dd6437,train
5cfdde567e4aa559,train
5cfe2a02376f9166,train
5cfee296fdca0159,train
5d0161c4e7840ed1,train
5d0502fa23cf9b10,train
5d05389e5420c9c2,train
5d05b8124df1418b,train
5d08fee73cc384e8,train
5d097228bed61286,train
5d0b96f306c9b3d5,train
5d0d8f5e6a16a694,train
5d0dff65b0b8158a,train
5d0e0f61de81b599,train
5d1291e8489b917d,train
5d138cc6537a1938,train
5d13ce1b3d5af624,train
5d14acc3f4282c93,train
5d15f27637dbcb18,train
5d19998683235854,train
5d1c71271b5d3c8d,train
5d1ea17161eb4cde,train
5d1ff69797229160,train
5d295e0732d52d36,train
5d2bd3f3aa4deeb7,train
5d2ea5b4d3181abb,train
5d2fbec1311b8b3a,train
5d30e40dee7e0aaa,train
5d312327deb827c8,train
5d3261562770d4ee,train
5d35bf4d50b791fe,train
5d3833581f4093eb,train
5d38a25af7541862,train
5d3c0e40eaacc70c,train
5d3c77d08ccc164d,train
5d3cb649ba9c33d7,train
5d3f474bdc3607aa,train
5d400220b569bb4c,train
5d4093433af363aa,train
5d45964b8d60b691,train
5d486ec8f69166f8,train
5d4ca43ff9ba0c2c,train
5d4d22572e77a924,train
5d4f341216384604,train
5d509dd1ea506125,train
5d55543567646b75,train
5d5b9785c5e29680,train
5d5c0743d7648f22,train
5d5e81c9ac0b1625,train
5d5f683a6b6fcb22,train
5d68737a29f3033c,train
5d6a5b885bdc5e9c,train
5d6fca48074950eb,train
5d77334e4c739f7d,train
5d79eeadd1c66824,train
5d7b10820eee4587,train
5d7c692cb48e71fc,train
5d7cd2801af41012,train
5d7d5301c4955a37,train
5d7e3de1f642ffb2,train
5d7fe7f54cba1503,train
5d88016037a558ab,train
5d89539f7f7c9469,train
5d8aed6fe72f113f,train
5d8d69be6997f625,train
5d94c2905fddc042,train
5d97302b2066de8a,train
5d9b2e49e928e2f3,train
5d9cb6c0f71bdde0,train
5d9d4f3cf58059b0,train
5d9fe2398f2b3248,train
5da2c07ecc2f54ce,train
5da3f9d45547e5f8,train
5da97301f1ce5d0d,train
5dac5e5120748901,train
5db0d77998f6d7a1,train
5db1fe0140cc0a87,train
5db3eab5d8e4e6c8,train
5dbadfdbec126684,train
5dbc6fe887a2e5c4,train
5dbf23373327c7df,train
5dc0260014d6056d,train
5dc0e9f7cd7847de,train
5dc0efbac4f205bb,train
5dc17033df110ca0,train
5dc3e39db38a5be7,train
5dc7b46541c3cac0,train
5dc866b30e557da2,train
5dc9c91ac54e7c4e,train
5dcbbdac53d755f1,train
5dccf5e58cafe7e4,train
5dce13620890df3e,train
5dced518b2db690f,train
5dd5aa944c390e4a,train
5dd6115b26e4d150,train
5dd700029866d507,train
5dd8ccce94bc1acc,train
5dd8d7299c184b84,train
5dd9f89830c0d694,train
5dda1c269938b49a,train
5dda685ac943d894,train
5ddb9a4afbf6114c,train
5ddc151e91419bce,train
5ddee2804cd8227f,train
5de46703e1053717,train
5de4bb2946af53a2,train
5dead884868169f6,train
5dec133d0745e6b9,train
5dec5b9193a47f8b,train
5ded78ca9500834d,train
5dee234054fcf436,train
5df077e3b0b4e19b,train
5df5bf790cd48356,train
5df656cd204df96f,train
5df6737408eb7275,train
5df6ae7be10ab61b,train
5df95425f372ca0c,train
5df984e1747cb089,train
5dfe9ae02d773292,train
5dffbc0bc8e83232,train
5e000ea1a0f255be,train
5e016328006ad782,train
5e0313b33530b851,train
5e0e5f27887b5263,train
5e0e9857921c63c1,train
5e1095f758a5a320,train
5e11195ddeb78b87,train
5e11c74fe7700963,train
5e15132bb558e097,train
5e1563fc3f082c7d,train
5e16e2a88de74be1,train
5e1b1d53a6ab9f46,train
5e1c0bbd0016326a,train
5e1edc6e850b9db5,train
5e2555014615b2d7,train
5e27ba00bbc2712b,train
5e2868479fe14489,train
5e2c08b231b422bd,train
5e2dd3df1fb6ed23,train
5e2e2faaf94fbcd3,train
5e30a881e286087a,train
5e31e2683b409cd5,train
5e3957ddd7e084a8,train
5e3ab82fe92bd05d,train
5e3c7e978e18acf9,train
5e3e4a0d12ed4a95,train
5e3e5eaee794d9dd,train
5e444a751a159c39,train
5e46154c4dc21fd5,train
5e46188b024c92c9,train
5e46f27c714e1549,train
5e49ca3a151dad94,train
5e4ac636b9825032,train
5e4ac9d0f2b18f21,train
5e4b2a7877445964,train
5e4c5dbff9e1aee9,train
5e4e8ddf4f85ddaa,train
5e5583e4c6094060,train
5e57ae24d3ff6e7f,train
5e5c8d9cd1202c62,train
5e630db6d06a067f,train
5e64f21653aae2f8,train
5e66687643f57351,train
5e66b5603a66eea3,train
5e6733249b997e2d,train
5e69745265a44e3f,train
5e6a7fcd469995c0,train
5e6deab626279a0d,train
5e6fcbf6ddac640e,train
5e732eb453d5748f,train
5e7570351e78d1fc,train
5e7700ed10a27c82,train
5e781e8ef530c865,train
5e7a8f32f62fe8f0,train
5e7ad9867d9188f9,train
5e7ae48da40c4430,train
5e7b0682f6e8736f,train
5e7be7c2f6fad15b,train
5e7e9e9f8c3cd12c,train
5e8591d5a86a21ba,train
5e87ca909be75e9f,train
5e88e3ccd4ffc92b,train
5e8c28954787e365,train
5e8c467b1c085e48,train
5e9d46d45fb45bf1,train
5e9d89868cd30a84,train
5e9e1ae20146614a,train
5ea0e6e9bfa0841e,train
5ea1407d2d34a1b5,train
5ea2545ea573e823,train
5ea5b5c4a0f3985a,train
5ea5bfc13ef8133b,train
5ea8360a783fb1d2,train
5ea9ab4aa86415f0,train
5eaaac354b6020d0,train
5ead8a753730ed26,train
5eaecfac642f5640,train
5eaf0c83d37d9cfb,train
5eaf582b0f1736ce,train
5eb157871cd64247,train
5eb923a68c4ef1a9,train
5eb92834763cc8c8,train
5ebc06856dc6034a,train
5ebc7bc938f1ed2e,train
5ebdccb6da57778c,train
5ebfa9074c367661,train
5ec00bd8f4519f14,train
5ec99169dfe0fece,train
5ecd180419565732,train
5ecdbd66ffb7928d,train
5ecf1e33d1da2208,train
5ed06f1ea7d5e66e,train
5ed0cd1a9ecf7d48,train
5ed127fa465b3728,train
5ed335c170f159a4,train
5ed38e3a16d16622,train
5ed5033164f24c39,train
5ed655afe6a2ff24,train
5ed94424604fd57a,train
5edf956e04702540,train
5ee13f0239d5a8a4,train
5ee2a616b16c397d,train
5ee659ec66a12b6e,train
5eeaa0ae182ee83f,train
5eeae48543b349b6,train
5eee58bdb2bc05d8,train
5eefafd1002c164e,train
5ef16aad08877e43,train
5ef47cea67b04498,train
5ef90444ac798542,train
5ef93a7162477fcf,train
5eff1569f45f83d0,train
5eff4e6e6bd04676,train
5f009c590a38db1d,train
5f0247eb216fc98f,train
5f05c6e826aac2d5,train
5f09a3ba170715a7,train
5f102fffdce2ef66,train
5f108f67931141c2,train
5f10d8904559e89c,train
5f14c2b9057e7d26,train
5f1576020c0aedfb,train
5f16e2f3ab24fff6,train
5f199b96986ba309,train
5f1a3acf5ed5300e,train
5f1ae62284420120,train
5f1bd4f505007304,train
5f1be72016fbcd47,train
5f1c0fb2ae5a35a5,train
5f20af890d8783d3,train
5f21f49892ad32b1,train
5f224828fa46a85d,train
5f22ae64d00542d6,train
5f277fca69637b8a,train
5f2859151458f63e,train
5f2928644790213d,train
5f2a298443c8768d,train
5f2ad727a1a95741,train
5f2f17d2b28fb457,train
5f3072c0028efda5,train
5f368481853c92f8,train
5f37bc6361b51e01,train
5f3adaedcb0ee410,train
5f3b906cbe143d68,train
5f3cea9e03440a65,train
5f3e346dee0f07f2,train
5f42b1d4ef1a544b,train
5f43f33ec175068d,train
5f441da9f088cd88,train
5f453195d2abd124,train
5f47d8ce11ea3cda,train
5f498cb509e4a875,train
5f4b126137e4939a,train
5f4f1db18449c7cb,train
5f5125c71e4394c8,train
5f5152fb7577f6d2,train
5f532a927341c2e1,train
5f5c0494b5c328c4,train
5f5c5647a5e7e739,train
5f5d871e976692e9,train
5f5eb166c205780c,train
5f6582c5562b9f1d,train
5f664691daf20765,train
5f66825dcbdf7c77,train
5f69ba451b403174,train
5f6aa9713a9af83f,train
5f6d128b301268bb,train
5f7085d1f3558f7c,train
5f7b870c77c584c2,train
5f7e274989ebee06,train
5f81ed8b2af8b3b0,train
5f823d42f03271eb,train
5f8259b034d6cb7c,train
5f83d23fd3dca566,train
5f8517ee7de79d25,train
5f8788b002c3b697,train
5f8852c52126dfde,train
5f8b0bfd23871322,train
5f8cfd5f6833ab2c,train
5f8e3ab5386dcaf3,train
5f8eb7529a69e8a4,train
5f8f40a653ee9b9f,train
5f93fa28eacb0bf9,train
5f960666ac5209df,train
5f9a58d40e2f45ae,train
5f9b8e1fd7199743,train
5fa13e346476d44f,train
5fa24c96d280c9aa,train
5fa64d15b14f5639,train
5fa77be052d45345,train
5fac0f59e08d526b,train
5fac33bfc568cbb5,train
5fadbbf5278bcaeb,train
5faed8b23a59cd42,train
5faf25c784733a64,train
5fb1a7e3382c1b32,train
5fb2fb1b1d588156,train
5fb4b47dda9e2cc0,train
5fb6dcbe89433a71,train
5fb90274310c2daa,train
5fb97bf87b2c7e9c,train
5fbe1b325d03d935,train
5fc0744ffab00396,train
5fc07467291fb309,train
5fc6144995920569,train
5fc8dbb015724714,train
5fcffc5bcce7e141,train
5fd1875b3ce3a2c1,train
5fd2769785989929,train
5fd681d2b50fe81f,train
5fdf3a5796d4732b,train
5fe14ad78402ad71,train
5fe290f24e87eabb,train
5fe2abd17cb4ced6,train
5fe7d6f7879139f0,train
5feca7de5f84079d,train
5fef622277f90b5e,train
5ff2fa30003c9243,train
5ff2fa76dee0e4df,train
5ffa47663eb5eb36,train
5ffbb386a4a9103d,train
5ffc05b3902e97ac,train
60007060d5fccf32,train
6001162abb1d3697,train
60039d34049f6398,train
60066333917fa1f7,train
6007664cf25959ca,train
6009664887b12581,train
600cafcf68aa2547,train
600cb66a2cdf7000,train
600e1143b848839f,train
600eea596eacbcc8,train
601278286ed1a729,train
601312055ff5fd4d,train
601860409fe45e98,train
6018701dcd73d88f,train
6019b5b3c28a2797,train
601b7a8e4868e109,train
601bf15a129ea6a3,train
601cbc5831def2fa,train
601d13914e7b9a6b,train
601e49a5bb70a76a,train
601e4e2454614b03,train
601fb92d269cd27c,train
6020512ed932bb34,train
6020756ea4f15095,train
602085ec88ad4a17,train
60215ea2b7e0ac01,train
6021d1e60e386243,train
602475c637868ffd,train
602550996dd59415,train
6026c26879246391,train
602733da0ad2198e,train
602b15a58560ff27,train
602d0c4ab07f0929,train
602e2a5b2feb4abc,train
602f2372174a4121,train
602f391d4ba8da27,train
602ffb7e08ea97ab,train
6031b481db98ddf2,train
60322622f4137640,train
6032f4f3969f210b,train
6035530e54a97811,train
60357e76374a8c74,train
6035fdcc4c805015,train
6036827ef42f10c0,train
603a8311b4efd26f,train
603ec8b151256daf,train
603f23cbf82b5232,train
604ac9bf08abcf99,train
604c03886148d4ea,train
604e20ebe9f756a1,train
604e83d24d23512a,train
6051afb8ece191ec,train
6051ed77f3987676,train
60525613d9a9c4f3,train
6052cdfd16b37a94,train
60531b4dd9e65ec7,train
60537bece6da542b,train
6053ba014d870ce6,train
6054b042e2696351,train
6057bc1357e952d8,train
60586e98048df3b8,train
60592830bf686d40,train
6059749943672d78,train
605c61b189c98a2e,train
605d654e2215a840,train
60600ad146e35526,train
606346d0b873aeb9,train
6069ddeae1831569,train
606ac5681c8161ba,train
606b7681616bd4d9,train
6073bdc3e4e5e9ec,train
6074597ca32e01b3,train
607b065994b04429,train
607bb5504d8bbdae,train
607be0867c5fa7c7,train
607c90c8f8256008,train
607f37b5e3100f13,train
6080440d732431ce,train
6080ff7d33e15784,train
6081752a0a1a0c7e,train
6081ed7bba17e0f4,train
608277ef95c10012,train
6088043997ad77a7,train
60889df1575e6627,train
6089801308e7dd90,train
608c99e77a13cbd8,train
608cf94198b094cc,train
608d2dde8e1f1959,train
60912f4232414b0f,train
6096cfd487fd8e11,train
6097508aade4d9db,train
6099238d9291c8a3,train
609abe7fb9016556,train
609ca79178423c0c,train
609ce06cf3b2bef7,train
60a0ec7d6a13e43b,train
60a19dc5ddbe8de2,train
60a343d9939f4b1c,train
60a5166d511aef2c,train
60a5a593a5664044,train
60a956f1fb8fbac1,train
60ac1b71e4949dde,train
60afce01d5aa4a17,train
60b04a62869cbc59,train
60b0b260739f7a98,train
60b2d59bf4547de7,train
60bba0fccb3358dc,train
60bc13ad35cbaa75,train
60c3f2df310caf43,train
60c47b52d280413f,train
60c5f05f8048e55b,train
60caa17f3ccc271e,train
60cc993a085171bd,train
60d0396f9d5f9037,train
60d230c3ec9fd04c,train
60d2a06fe69aaebb,train
60d905fa36f3830f,train
60db53e2b2126e5b,train
60dbb07ca631e25c,train
60ddd5e56be98cc5,train
60e01de8f63449a4,train
60e0e8bc6e823155,train
60e42995e58e4659,train
60e4f9049966424c,train
60e538d10ccf7ac1,train
60e7538f7ed7f375,train
60e7619db41b4801,train
60e928b645800c62,train
60e94348222eaa0f,train
60e964ab53bebed1,train
60eb98ddc73110d5,train
60ede4339efd36ce,train
60f12aac6b300ab8,train
60f139fd9154ea89,train
60f1bfdfdcc8834b,train
60f475e32a65fa0f,train
60f4ebd9e118c651,train
60f4fd1a85cdbc6b,train
60f67391c8d048c1,train
60f77994f39601ad,train
60f8b5824d61143b,train
60fa82808567a0c6,train
60fd8dffd2d57650,train
60fdf815d9372597,train
60ff26161b0074dc,train
60ff748a0a0ca3fa,train
610252d623df63b3,train
6104610f4b02974e,train
6105b224e2cb554b,train
6107a81518fdce20,train
61092d799326d899,train
6109d64d1d6d5f61,train
610ac3fb78202448,train
610e9043a96e33f3,train
61140119e673f5ac,train
61155fbdbfa21d55,train
6119fd5e0f69151c,train
611d2153fe98ce9e,train
611da4c533ff3852,train
611f1715a4164d27,train
611fb774a1fd2fe5,train
612308bd0a26dd8f,train
612499eb9656ebcc,train
6126de6e8b04d59f,train
612e506fc737b89a,train
612f42e3054d0937,train
612fe7b6695a7544,train
6130e01cd97f141d,train
6132b56de2078543,train
61335304b04a1ea7,train
6135567d6b8f522f,train
6137b37dcf975616,train
613aa2cb99de2e1e,train
613d07ea055b25fb,train
61416d80101b8f22,train
61432b99a2b07e3a,train
614551bd8a5e00cb,train
6145a94393fe4e54,train
6145f4678737f4f7,train
6146066de1276e3b,train
6146424ad61ec4cb,train
614735cf7e55a72e,train
6149e7153df0dc96,train
614cce79bfc39aa9,train
615077a192b24341,train
6155fa3ad50ea59c,train
6156fdd785128bb2,train
615da35f69f4c4d6,train
615fb9857ced5797,train
6161703c11ea401d,train
61629f40a64bb0e6,train
6165d323a0741f0f,train
616cec56e8d8f15b,train
616d1010ebbc6696,train
616f44863db38629,train
616f50ed119d1164,train
616fbdafa3f1a85e,train
61711b783c19e33f,train
61757251120c9c12,train
6175f31d12c9e3c3,train
61762432f5430738,train
6176a37a265ccc6a,train
617857f62459a105,train
6178ce3c1dbfe756,train
6178ce7e39a74fcc,train
617b69ebc1bb4fd6,train
617c8e3df93531f1,train
617d1dc619873e61,train
617d844a9bb305a7,train
618802d97e612f47,train
618b7dcb23b91b8c,train
618c505193773523,train
618de0be0fb22562,train
618de9059515472b,train
619471c1019d0be8,train
619b864af7fbeb8f,train
619c3ee1424a5dfc,train
619d573d96d4cd94,train
619e20f2d7181623,train
61a159cb212f234c,train
61a1d0acb5b4316b,train
61a39f72601200ff,train
61a4f01396b0f5cc,train
61a6dca32f41be06,train
61a8ccfd00059b6d,train
61a932a6a47008de,train
61ab54e21fdb7de8,train
61acfd7df9aadc97,train
61ae06551c0d9b76,train
61b0fdcd52e809ac,train
61b32973fd3c1386,train
61b4f04af5a397bb,train
61b62e8d8d90b8cb,train
61bafedff279a070,train
61bb19b54511ce06,train
61bbb377d27c7b6c,train
61bcd9b44a65138a,train
61be252dc3a5b893,train
61be7ed2dad6b72b,train
61c2ce6d2518b36d,train
61c8f774dd459a0a,train
61c9c6a20f9651d1,train
61cd790db5ca243c,train
61cff5a67a90d16f,train
61d0eb22632190c8,train
61d287f7dc5d066a,train
61d55cfa4fb54f9d,train
61d8078059a8a434,train
61d91eabe4053134,train
61d91ef8d0d6661e,train
61dcd0cb2812d1d1,train
61dce2693bbac9f3,train
61df5fdf934bf20f,train
61e23fc93076491e,train
61e37e7f57042f61,train
61e7bbe8f8a8496f,train
61ef5dc003d0c698,train
61f0b931f49621bc,train
61f16f35ccf23e72,train
61f17dc7cac7637c,train
61f41d77f58364c1,train
61f563b77723734e,train
61f852a96f69d53e,train
61f94938d9a4bdb4,train
61f960b953f82fea,train
61f9e9decd0c39df,train
61fa825517414b20,train
61fc5a8f36d8c7e6,train
61ff9824e76b3847,train
620062d20ed172c6,train
6201ffef3c461037,train
6203afbf5789eaac,train
6208100a492fd5f1,train
620ed10780c53aba,train
620f56e2cacf7448,train
620fd90772076609,train
6214f9381b71c8fb,train
6217073ea8623149,train
62219b1a921eca4b,train
6222854040f97809,train
62229f3db7c3999c,train
6228ffbd4dbb66f4,train
622b97cdeef75cf6,train
6230b872203dadcb,train
6230e33097dba837,train
6232b504cd330a81,train
6233fa7313598683,train
62361efa721c7d12,train
6238c29b735f8e28,train
6238dd4dfc69aa4a,train
623997a554afb4dd,train
6239fb4283b10aae,train
623b4b2f471c58bf,train
623ba728861fb295,train
623e501f5a6c2eb2,train
623e58c5590e8e43,train
623fd6dcd1cab6cf,train
6242782605ca43ef,train
624465166f594be9,train
62461d7e77ea8573,train
6246d83e20bc3594,train
6248f803f85a8b27,train
62491b9a1f751084,train
624aa0c710d0b247,train
624b55ee9bced77a,train
624dd89bf3ee51df,train
624e545eb64a3bd0,train
624e60fa06f74969,train
625117bbe50a709c,train
6253a7c48d748900,train
6255f618465137a4,train
62566bf4267c2ec8,train
6256d736d1ee752d,train
625924f60453b8db,train
625a6e4dc19ef19d,train
62607ad6dd382517,train
626234be423f91ee,train
626a0b1bae490e07,train
626ee1c6e7d0b39f,train
62710f89c1194f3e,train
6271ca293746caf8,train
62744a8fdeb0603c,train
627675bad6002127,train
627806c9666237af,train
627bdc5f5de642f9,train
627cb76b6ec9a505,train
627d162e587d3725,train
627e4da95f161531,train
627e522e94d71a68,train
62812d8ea1c9cf69,train
6281af7913098abc,train
62848dac214c91e1,train
6284dc01f588b63e,train
6287e91e34aef28e,train
628d2e226a7033ed,train
629039cf9a8cf029,train
6290621d00c197f4,train
629085c061e2150a,train
62973dd2f415c5d0,train
62989aa327c1110d,train
6299d66d3df7f401,train
629b5b6fb0ce11aa,train
629e450239838709,train
629f5a1f7299cf2a,train
62a0d0aa135b176b,train
62a1a45f3847f363,train
62a444228b21295a,train
62a7741e2ca205db,train
62a9e65936339aaf,train
62ab15086de6ec35,train
62b09f878dd986e4,train
62b824fbf1bb8839,train
62bcc6bf97693d2a,train
62bcd886c61eea80,train
62c031d629c175b8,train
62c8754048ff097b,train
62c9c9c810ef85e5,train
62ca12e140938f13,train
62cb3f18035b6713,train
62cf1d8245268242,train
62d2b4988e39ccdd,train
62d3b139a19f1d19,train
62d8c2c605032804,train
62e0537748e289f5,train
62e22912b8e223a7,train
62e36b4e6281796a,train
62e3e748fac5c7d7,train
62e7e90d41743433,train
62eac0519791253d,train
62eb99a0fe1d7270,train
62eba39f51ad12a6,train
62ee5142f4d6802d,train
62eed2a5e8b09ac6,train
62f03caa02898540,train
62f0ec7535f8c7b4,train
62f1022ab04d3033,train
62f1e723a3302478,train
62f2a4fdffa35a30,train
62faf0728bfdba73,train
62fb5edc4c0414d8,train
62fbe4e2b4fdf4ce,train
62fd3d67c7448b1e,train
62fe14f055a0056f,train
6301c1e8af9ebea2,train
6304df7719677d74,train
63077c499a5481d4,train
63078590ef7fb3b7,train
6308ade60297ee74,train
6308b242510e065b,train
630af52e1d4b8e23,train
630b55a1b8c0142f,train
630bcc0901dbac97,train
630c309d9558aee1,train
630cddf5b6e293c9,train
630fa9ccbbb79c3a,train
6310898191427714,train
63168ea6493d6abe,train
631a03832533e9c9,train
631aa686514f249b,train
631c2b0147fd67ab,train
631cd31ef7017e8e,train
631cf04d8bb78e3f,train
632121f8d90913a4,train
6323483c8571f12c,train
63249fecc55a2d53,train
63286c57ce6abe5a,train
632dd195f9530e35,train
6331db3e389c1103,train
63339ee497ff49c1,train
6333d4c3878defac,train
63361c6291eb4f20,train
6337b78a02cabf60,train
633a3dc6304a53c9,train
633ac020848735a4,train
633bc1bf049a901d,train
63422173e2e0974a,train
634241ec8992a39c,train
6342cce8d3f85949,train
63435a6041a9c358,train
634779bc2fe81e6c,train
634793fb1cfd9727,train
63479bb405da8f20,train
6348bfe7ed4c47a1,train
63499990170c3065,train
634a09d56a20702b,train
634a5f79469008a8,train
634b2d956fa1a971,train
634cd7297801782d,train
6353c23755972939,train
6357415261c72466,train
6357db371f0cd27d,train
635848a84d298ef5,train
6358cdb2be283680,train
635e2bc7848471f4,train
635e8924d03d2308,train
63602f90412d1bba,train
63604c0588228b17,train
6369cddd6d39d394,train
636d22d0ad6bbfaa,train
636f55699eafdc00,train
637142d3f5672836,train
6372acd54e25772f,train
63748759c6d026eb,train
6376da244aa35e1a,train
6376e97215132a33,train
63772b9ea9b26db1,train
6379050025ca10a1,train
637ac20931caff5d,train
637b08e4c6e2955f,train
637cb9c6fccf61fe,train
637d0b7cb53e64b1,train
6380dbad4b0163b3,train
63842dfbb11aefb0,train
6385550f2449d125,train
638a1b1dc7d3e647,train
638f5636d8b6964a,train
63912f5ace2e329f,train
63933775ac77b016,train
6393ed10b5076e79,train
63955a25cb295f82,train
6399e405b2f1d0e6,train
639a58289eb46274,train
639b47a2d71aaf19,train
639bd83f5ee06d74,train
639e20ba9e847b5b,train
63a22c072da77dbe,train
63a438ac20238b7e,train
63a4392ea724c3f7,train
63a595a8ddd66cda,train
63a858c63a6c85a3,train
63a8c44a42d7cf6f,train
63a8ea2c06f98696,train
63a9157eb85e2a4d,train
63aa1de7ea910b8d,train
63b0b811bcde08fe,train
63b28d6e95a8d8a1,train
63b37a254c1c2f1e,train
63b619eee0da412d,train
63baa2f095b924d6,train
63bbe45dc1924636,train
63bbeb301f2a2655,train
63bc971ad72e3996,train
63be479e8b8c3ae7,train
63bf514a0fb8c787,train
63bf6b4597b02bed,train
63c2fd79d5a9e2d4,train
63c3220bdd94ba48,train
63c4221b25300f0e,train
63c5160391c937bc,train
63c6f862a6e4258e,train
63c95f0c139ad939,train
63c9f87b58fd8500,train
63ca4be155bc929c,train
63ce0e606ae879c3,train
63ce1f0ef0c17bcc,train
63ce82eae1360e1d,train
63cf4205af63f590,train
63cfa1df213b49b2,train
63d0dc43e6598168,train
63d2d6fa4a7c1b23,train
63d36ad14b61bd11,train
63d423a585f428c1,train
63d5d1e47a9bde4f,train
63d6f0a8ab8db5c2,train
63d8081ed445191e,train
63dc45c889d81cc0,train
63dcd53af7b9320f,train
63de59c35e1586d0,train
63e1fdeb52b97386,train
63e2ebb7a7bfb4de,train
63e5edff3ad95c98,train
63eb1d2b43ba76b0,train
63ebe2de58fe2f30,train
63efa280fe0a3c59,train
63f12b6b35da06d0,train
63f4339d421f17bd,train
63f4b32f3957cc31,train
63f5d592511b036e,train
63fbeaefacd645c4,train
63fcd71088c74a1e,train
63fe7db8d92ca5ab,train
64001c1cc3070ee0,train
6401982b2c50bf1c,train
64060f047f4a4e72,train
640726d5e9f0b129,train
6410c16808ce3188,train
6410f5c00adb248c,train
6417bf29c7ad53bf,train
64188adf26d646c4,train
6419a387700f0079,train
641a36be707470ec,train
641c034fde493e0c,train
641e6cbfefab3444,train
641ee0b6b33fbbea,train
64217ca4b6d19a08,train
64217da24410b398,train
64249d801ede093b,train
6425d3d6ac63d3c2,train
642864ef5b9fab0f,train
642951db96e3b7d2,train
6429bf1798ea19f9,train
642b58c084c9232a,train
642c09d00d9243bc,train
643350d4f85ddb37,train
6434b5f323ab400e,train
6436746b63dcd5c8,train
64372456d9190c1a,train
6439d21bca1aad18,train
643b43a49b405e90,train
64424a462f3bec69,train
6442aab54a4d65c2,train
644449f9f7a29934,train
644512d02ec43a8d,train
644c2b2463135e36,train
644f098b4d64efaf,train
644f82b2bb192328,train
6451d8b3e9703647,train
6451e6467e19e6fe,train
645db26380bd80f7,train
64606027ac8abbe0,train
6460cd3f76a10ca2,train
64615de0b8c35742,train
6464966f96d6323a,train
6468c283b1485313,train
6468fa2b3088fdde,train
646a4cf24afcc7ba,train
646a87c396dafb34,train
646baa9196bb52c4,train
646e78313d925f07,train
646ec28f049e74bf,train
6470156f5345a154,train
64728cefade4c4b0,train
64734ae277546ba5,train
64762227a734ae99,train
647ab544b147903f,train
647c1ba269061bc5,train
647d559e98974c2d,train
647d8a44d715344f,train
64802364aa13b2b6,train
6482f49df094e20f,train
648443dd6a3efefb,train
6485124c4bd5a51e,train
648956aa67e3a65f,train
648f4f3dd24e7df2,train
64916c63cebeb928,train
649456c846e73449,train
6496f5252b1bdc65,train
649a447d3c8bb62d,train
649d7cd99565d8f8,train
649db205d02a94bf,train
649db205d02a94bf-2,train
649e00b1806f5c2b,train
649e31acf9278c77,train
64a626cd69a04bc1,train
64a916b4bc6e9ffb,train
64ab2e43f0737203,train
64abb264ca469a1d,train
64b398eeaa004c7f,train
64b4337cc76a2a7c,train
64b68240d9ced6fc,train
64b6c92f2292b7f4,train
64b92bcca402d918,train
64bae94f57a16ba4,train
64bc32360a8f0900,train
64bdd7c60ff0b62a,train
64bf4b7bf76fd505,train
64bf99993a975705,train
64c03695bda3c382,train
64c2e002a63484c2,train
64c4a59c1c0727e4,train
64c56d908cf9b5ca,train
64c6368851e84f9d,train
64c7318dccecc769,train
64cc091e654c3ed1,train
64cc84a7a48f429f,train
64cda83f9989f580,train
64cf0bb286f6547d,train
64d2f76aeb881425,train
64d41ea8e9a442be,train
64da86a1e8577d1f,train
64dbe9711d8db6a3,train
64dd3fd7de60b0b9,train
64dd51393fcce9d6,train
64e2cb477450e54f,train
64e31fd9c354e12c,train
64e3bec5dd7b9db6,train
64e4167b07c99ce8,train
64e72540652d033b,train
64e7b43eeec9360e,train
64ee18dbe37dfc92,train
64eeeb71122ca622,train
64ef111f45a584eb,train
64f13d9f81ff51fc,train
64f266100f487720,train
64f47c99480059ad,train
64f4d0d5c0ed2efb,train
64f7749f2a54679c,train
64f8606ab84d639a,train
64f8e59a8f6bd2af,train
64fa96f5e56df308,train
64fca4e86c2b3bcf,train
64ff2686e2f1510c,train
650185c8039d237b,train
65043585af556f72,train
6508aa5bf169a361,train
6509eccc26427ab7,train
65113ecf2412930d,train
65118f44c1e487ed,train
65122727081cf45c,train
65132c7b3403344b,train
6513c786e1e9f0df,train
6515299b06976d59,train
651531b07b455c7b,train
65177b8765686584,train
651816e5a517a9b3,train
651c6114bd1e0b6d,train
651e5184ac7a75dd,train
651f654c24785ee1,train
65200286a031a8c3,train
652354f8873f7cbc,train
65241128e2b2dde5,train
6526bda1c0ad4075,train
6526f432a22d89d7,train
65272691a5a4ae21,train
6528aa818d1326f8,train
652a317d46bd066b,train
652bf6d0b206af8b,train
652d426bca1ad593,train
652d8152f619c0bc,train
652dfe9c9205b372,train
65312560358f202f,train
6534f6b0eb7b5ea8,train
6539dc15344c51bd,train
653bb0d81d0f1f7b,train
653c5027662cacbb,train
653c9af65acdb147,train
65414144b888ba11,train
65424cbf7539bbc5,train
654a4993d8ae642d,train
654a5d1e4c60d4a3,train
654b592530bbe425,train
654bc5db0bff17ba,train
654cd22e3a81a7a7,train
654f73de5044aa21,train
6550f331d9659600,train
65513c17a7bcda04,train
6552a6867eafa386,train
6555dad4b20f749c,train
6555ea1134f26965,train
6556578d2e496a95,train
6556cf97441da21f,train
6558564dc2ee7214,train
655f621337c11dce,train
655ffd45cc3a497a,train
6560ec5f9b879ca1,train
65618b7b8091b1ac,train
6562dcddd3a297b7,train
65655868f7fb7e6a,train
65668fa3807092b2,train
656f5018d1490008,train
6574a8a05e35c003,train
657517f111110cea,train
657876bdab461d06,train
6579a5ea1efeefca,train
657c9864bb2f1ced,train
657f2bac4847e855,train
657fa8af0ff7071c,train
6583d25ffae3db79,train
6586b816935df9f9,train
6589c77c8ddb75d3,train
6589e86f792ed994,train
658aa0b520ad8a7e,train
658bb6e18d1079fd,train
658c2b805fb6c982,train
658c7a0661b149e0,train
658ca7b42f7f72e5,train
6590917fc0a5c127,train
6590b4949c1175ad,train
659178758bee497d,train
659192bbb269b05c,train
6594c535194ee1ed,train
6595ce44f0355cba,train
659719522732ea2c,train
659b2ab5fe6a4458,train
659c7440f596a8dc,train
659d83645911ed7a,train
659ecb65a6bb07e1,train
65a773523976d8b7,train
65a9d628a39a874b,train
65ab410767bf31a1,train
65ab6c78bdd755f5,train
65adca0723197a6d,train
65aee88aafe4e648,train
65b283d562dd662d,train
65b66b44a2742b3c,train
65b67a2217917eb4,train
65b8cf6c2d105768,train
65bcdb965be7aa6f,train
65c05333005191ce,train
65c274147b4cbc58,train
65c4c94724505e0a,train
65c9fef4273d031f,train
65cb07592014059f,train
65ce38d43e3b5d87,train
65cea6a0815ce724,train
65cf333a3ce1492d,train
65cff09b298c6f0e,train
65d2638993e2fb07,train
65d2abc28811248b,train
65d47487d2f49614,train
65d78da1aed53c4b,train
65d866023e1182e6,train
65e0c3875f5ac28c,train
65e142c232f2e514,train
65e2eaa9fa7192e4,train
65e7799969edb4f0,train
65e78726bb5bac7a,train
65ea6a12a2bb9d20,train
65ecf63db98a43f3,train
65ed8bfce9b63ef9,train
65ee54f55001b43c,train
65ef3040a8e4b7df,train
65f37724ba1463cb,train
65f613e645925fc2,train
65f7bfe76a1c2911,train
65faff1636651cde,train
65fb9d61696c40af,train
65fbf234998717f6,train
66016e6b3b684341,train
66028cbfe3a11896,train
6604287859a928aa,train
66082fb67cd66611,train
6609e45ea73fba79,train
660bd255870c3a72,train
660d95423891b7ac,train
6610bbbfb6370fe9,train
66125c791618498b,train
661371f390623673,train
66153d6b31168779,train
6615655e22122719,train
6617e67183f3c8a8,train
66197038a101ff5e,train
661a9be04767a1a9,train
661b1e6bde7d1dcd,train
661c4aa5c025d363,train
661d4da3812a8718,train
662175fba16cf83a,train
6622b3d1ebe335f2,train
6623f8cf999d8334,train
66248572df57efdb,train
6626ba46dd51a0ce,train
66272ef31c49c85f,train
6628a43dd53982a1,train
6629046185fca494,train
6629f2bb4e6e9bd2,train
662ee0a00e4c01d3,train
6631d6e57ed4fe10,train
6634f340326e02cf,train
6638e0b7804f10ff,train
6639132b7ab9f50c,train
66391ff589fa17a4,train
663b008ed3a9df3d,train
663ceee7d2499b12,train
663db38e44ba3f68,train
663f47a42062623b,train
663f87a5a521117e,train
66402a853f896564,train
66420f1ab34bad83,train
66438213eb494f2e,train
6644d92b3748dc93,train
6644fb8cda1b5a81,train
6647d44b08ff9ba8,train
664d3e62b928978d,train
664df932b1438222,train
664e3ed700af4075,train
665109fde8298887,train
665720edc19462d8,train
66575ac46693911e,train
665a111b943689ac,train
665b01000731f302,train
665c5b8be24a0735,train
665d2a7acb1b00db,train
665ea01fdca06c99,train
665fd8cfef575125,train
6660adf5e913f988,train
6664413d21f3f691,train
6664976b5e814145,train
6666b6229a388cac,train
66670ef05e30c36c,train
66670ef05e30c36c-2,train
6667d259014d6a87,train
666c97109d979f38,train
666f3c0c43aa1517,train
6673422097edb26e,train
66742786ffbf81c5,train
6678174a187bbf9b,train
667b4c7a0a56e240,train
667b7b054f77ce3e,train
667c027234600803,train
667cf5d76dad16a0,train
667d331105eb5497,train
667ddeff4f550b60,train
6681b6765641cf1f,train
668309096085a214,train
668767b2efd2a7e8,train
6689d2617627a079,train
668c53d9161fc6b0,train
668da8392bb48815,train
6690327ba6a3c574,train
66918b73ecfbf483,train
66919ab40d82bb9a,train
66947e7bc1f89e6c,train
669546cd7f78854b,train
66963030338cad6b,train
6697c46a8b07d5be,train
669aaf438a8c1f4c,train
669c5240bede49ce,train
669d0cce44f2e830,train
669f0e426d718fd5,train
66a06ad49882bcc0,train
66a32b3c42a9f741,train
66a987d8c3298049,train
66afe83e3836747c,train
66b230be41e35412,train
66b34b5acd1a2d95,train
66b85017fb6a11cf,train
66bb588406918fb1,train
66bcf16e57135b3c,train
66bd195108c2e169,train
66bf91e58da20b7e,train
66c05a26dcc38c2a,train
66c11498ac42bc35,train
66c6c960dabb5e2b,train
66c83a3e97d41150,train
66cacccf6f2b7b3f,train
66cb5c9738e0f351,train
66cbc046ad84aa94,train
66cf7ae4a1d30f2b,train
66d149fa19ad69d7,train
66d3dde7a349e56b,train
66d606c7ad0ce4c8,train
66d70359937b69cb,train
66d7e9da3029f444,train
66db0d5e4c1c3698,train
66db91079e9c1d0d,train
66e525b99b6f3004,train
66e5ee376ceb7271,train
66e68140beca137f,train
66e71976328f2bc5,train
66e9018ec8966137,train
66ee4993645dbc68,train
66ef04972aafaf72,train
66f0ab09ec4a0ea0,train
66f2e6a0c04a9ede,train
66f4ca4b552fbfae,train
66f54611e399965e,train
66f8e09d9ca7efa4,train
66ff85360d0c70dc,train
670368358031f1fd,train
6704098c283ff4a8,train
67043b474a3134b3,train
670525ebfa99913c,train
67068342a3d462dd,train
670753a3664c65f7,train
6707c9ce54708ea2,train
6707f4566ff88805,train
6707f8139831154b,train
6708e37d6f913a41,train
670dc99fbb3f2922,train
670eef92e2b39033,train
670f99153ec3d7f5,train
6710435396eda1b7,train
6711b3e8ec88fd6d,train
6711b95118922b3f,train
671474e0add94f35,train
67165aa211069ee0,train
67213494de41529b,train
6721b9970446b580,train
6724154c70aab3ab,train
67281f8f1123b9d4,train
67286470a992d383,train
67296d561ddedf10,train
672f04539c86597c,train
67321d9c4a3ae914,train
67357618205d1aab,train
673a443940c3422f,train
673d93b62b01f177,train
673f2919d28ec28d,train
673f2b7e3f5f04e0,train
673f689d038d7e73,train
673f803bd3075ab0,train
67417b22fc57f7ee,train
674248c47b4bd2a8,train
67432805a1a3d6f3,train
674a49d7750cddf8,train
674bbf8ef821ce60,train
674d036e24d92c48,train
674e60ed57be3b1c,train
67528d4ca1d7b6e3,train
6753f6e028d9250e,train
6755846261234201,train
6758c0a5306d9522,train
675cd85e9cecc4a0,train
675d8802d2670de7,train
675f89a9e340808e,train
676013e71c5762dc,train
6760a83f16c32682,train
67625bb3fc218fcf,train
6767d691bb490765,train
67681bd364498473,train
676bed2d323d6499,train
67714b797c31d93b,train
6773ba217643e88b,train
6773dccf03307c50,train
677b2f2e7732cf8c,train
677b423d1852764d,train
677b9da5d94be754,train
677d26d50b0ec782,train
67804f00aa05ac54,train
6781901df2015f7c,train
6781d90696a1572b,train
6781df7dd91624c0,train
6783d7cdded3cf42,train
6786dcd2f41c1652,train
6788df5f0f79cb7d,train
678a692e89630a3b,train
678ef8662cb6422c,train
6790f9d24984b7b9,train
67948321d0dd2af1,train
67975573d367c17d,train
67994c0b53fcefb6,train
679b6859bcb7fe85,train
679bc365f2ebe88b,train
679e1b696b40ce10,train
67a39205d08c04ce,train
67a527d18530a001,train
67a9059d54a550fd,train
67a9a0d8bb26c1b8,train
67aa6b873bf70fc7,train
67abc2e7f578e967,train
67b1e8f0891c9a0d,train
67b5dccabfaeb8ac,train
67b95edc6fcc5567,train
67bd2510ba0b972e,train
67beae6765061d8f,train
67bf8fa4c4adf9eb,train
67c1358ee4aeac4f,train
67c2fb42f3755095,train
67c360214251b9aa,train
67c4b804c88768f9,train
67c5c4d1952139b6,train
67c6ee5108ad4a59,train
67ce8cdc02b80919,train
67cefc1d38074f35,train
67d4f6e67791dff2,train
67d5e8a06cb90f92,train
67dad13862467fa5,train
67def3cc2f8aa0e8,train
67e178b9366b169e,train
67e1fc114b88c76e,train
67e61c51560c3fad,train
67e80b7f56e43af5,train
67e939a702551401,train
67eb189668971466,train
67ed2a0ef12197b7,train
67edda0e554e86a5,train
67f1b78faab1f37b,train
67f2261cfa714d84,train
67f6bf9971141aec,train
67f9364b8c836c23,train
67fceb1b49bdf5e3,train
67fda594a7f261cc,train
67fde86cb48a0eab,train
67fe1f850aa4a745,train
67fec570deb50c3e,train
67ff8788f552e971,train
67ff9473bb1051f8,train
680178885460a94a,train
6802442fb42f0d34,train
680396886c1eb897,train
680476ffd6856656,train
68062c1c2e1f7d5e,train
6807d7bec2168f06,train
68092d6af4868ed6,train
680dc11ed285706e,train
680f0b1a168c90ca,train
680ff16ab01adea2,train
68119511049dd57c,train
6811d023d23ff051,train
681246ae4060cd2e,train
6816f76edd938feb,train
6816ff2473215fee,train
681ba7dfb86f1f01,train
681d9e5bfa78829f,train
681dcf21bb105172,train
681e775dcdc6324a,train
681e9e5daf14f315,train
681f7066ecde267d,train
681fbc67e719a949,train
6820ffb156bcf22e,train
68243a41153403ac,train
68250529749591fc,train
682561494280d285,train
68290b01550f1cc8,train
682be74c5022a90b,train
682bfa96eeda073d,train
682cc44a0ac802a4,train
682ea7640a62c15f,train
682f6d4b2ec39b86,train
6830323ea6614911,train
6830809f0910272f,train
6833a0ba20a8003f,train
6834cf12a692ebba,train
6836bbf53b3d67c1,train
6839f187d3411087,train
68401de1715fdc17,train
68412d3990a5bac4,train
6841d59b969465c5,train
68433ebc8fe4a2d9,train
6845e0e1166783cc,train
684853ddff12d061,train
6849314e5f0b0e87,train
684989d2582d8dab,train
684a4d939b4571d1,train
684b5e20ec5a6e48,train
684bd5835acbc298,train
684d41474a685054,train
684da628a7c0d47f,train
684de2df266b8c3f,train
684ef37cd48058c3,train
6850282e47448d46,train
6851c25cb83fa2e1,train
6854678b1ff879ba,train
685616ad809cdae5,train
6856236a6508613d,train
68563535454bd972,train
6856e6dacd659a15,train
685a653c697a6131,train
685c9377baa17acc,train
685f1d586416ed5d,train
68610c733fc6cee6,train
686170cf6f883039,train
6861a319164fdfb8,train
686590547b1f720d,train
68693d0af86e01b5,train
686aa80f5c802136,train
686ceeaad1363048,train
686cf862dfe41c25,train
686f1b0336cd05e9,train
6872d944e8454d3b,train
6873ba08acfcf92f,train
687cada3e3fc60a7,train
688137612fda1b74,train
6881dd8f00ad90ba,train
6883426115106ad0,train
6883b80f2666b1e5,train
688c31d961299c75,train
688de16ff519e5d0,train
688e00b9a833e552,train
688ec06f4ff6ed7a,train
6890e3acf85e3371,train
6893aa0658ba2980,train
6895ae953fc40cc1,train
6896d9fbb9770a9b,train
689b3d9e829c8fd3,train
689f54cb97f75902,train
689fbe2668a18c0a,train
68a0ea89753a88ed,train
68a23a970dac8654,train
68a3ddea680f8ad5,train
68a5b83971b49ccd,train
68a71d6d014fa452,train
68a824376ad7f64e,train
68aa92c9b76fd509,train
68abf57ed9f237a6,train
68ac27fe3b62d0ce,train
68ad74ceb2f796d0,train
68adbd0a75b4a704,train
68ae6e09abbf084d,train
68afaa8952f60b7f,train
68b12e193181e4a9,train
68b3091fca1b710d,train
68b810b0873b8008,train
68b87e0fb8e827c2,train
68baf906ec301349,train
68be1569fb58f860,train
68be89ceded2fda3,train
68bee48bc4e61089,train
68c65ea6456f6041,train
68c7376575dd2648,train
68cac2196a63fc66,train
68cb010b0a700d29,train
68cb504e5736abac,train
68cc14960073e377,train
68ce71715589f567,train
68cee4492b7240cd,train
68cf645f73040686,train
68d1218343b2a845,train
68d554d99c2f3ac2,train
68da8090a7f55925,train
68da92349f17182e,train
68dc04d6b0afa131,train
68deedc96ac08076,train
68df925357bc6c0d,train
68e08a8c6a12f926,train
68e0ce6f84614476,train
68e118218aed565b,train
68e2b81573b5d77a,train
68e3575d1646cef7,train
68e3b7909e4f07ee,train
68e504e57ad911bf,train
68ea6d74dcaec006,train
68ea92da716c002f,train
68ec604dd1290f3e,train
68ed949d46baa47a,train
68ede31fd61ceee2,train
68ee9dce06303ac7,train
68f156a81be6bbbf,train
68f1654961f20186,train
68f21711a5a638ba,train
68f52de836cf9b3b,train
68f59973ea8946de,train
68f757f22421fd8d,train
68f7eaa1c5f6c37a,train
68f9da7b15f50dbf,train
68fa7ea3f4414fc0,train
68ff6e4e0923c009,train
69068634621d40e9,train
690ae0ce35914dcc,train
690c2e80786ef838,train
6912f44cbd7f7d66,train
6914ca5f46a80df5,train
6914d3a66dcf6717,train
6915943057d37ea5,train
69167f3d91fb53b7,train
6919b1836c65bc84,train
691f2d242b9e0d5d,train
691fbe0fe4f04568,train
6923959b07f40cd5,train
6926d775cc7cfa97,train
6926e0f7569ddc5d,train
692e41973e02babe,train
69300eceb1c71a3e,train
6930a12912efdadb,train
69314a8952b8ad07,train
6931dff2e25fe48d,train
6932b9c49e491f8a,train
69332223b99f6234,train
6938739b7c6441d3,train
693a6ca57036a532,train
693b9f2af6c75823,train
693f7520719886d5,train
693ffa486955e493,train
6940bc222e05db01,train
69410c36fa4d08a0,train
69410c36fa4d08a0-2,train
69444668df323e9a,train
6945b7b582915708,train
694775bdef38b0ec,train
694a3e19cf640c81,train
694ca27c6330cd21,train
694ed15ca9ad57a9,train
694fae1fef79bccf,train
69505022dad71542,train
6950db57c37144ab,train
6953a6513024d1bf,train
695a81040b149a28,train
695af970a40e5f93,train
695c4fd70f6eed3c,train
695d64167fa94d4d,train
695fbe94301a4bb7,train
6960759baa823444,train
6963a86624c3144c,train
696aea3a27f8111e,train
696b7b55ffd2e65a,train
696f82b084fe2c9a,train
6971ff5d53bc5053,train
69767acd0d482d4b,train
69798732fbb6d9d3,train
697fcd88607fd9a6,train
697fd684e1f7ac34,train
698179fc615bff3c,train
6989d421e6e08ae0,train
698ed5f3563f5c9e,train
6996f4d31d1010d5,train
6997581ef8982ead,train
699c245697abc656,train
699cd8d5cab882fc,train
699ed19e359a1683,train
699ffa60c272c66a,train
69a288494328ab26,train
69a514cd91bcb5a6,train
69a5865994d7f652,train
69a6c04338e554e3,train
69a7ad8f644ec13b,train
69a9ba1891262d08,train
69ab9e1ed40915b1,train
69adcd0b4d086935,train
69af366778be10fb,train
69af96df2eb0eef8,train
69b2bbc4acacbdaf,train
69b5a0357a3bda04,train
69b79eb7528adefe,train
69b98ef121878b94,train
69b9d2809e1f2ecb,train
69ba0c19c9d64d12,train
69bb0a4712704d70,train
69bd517377e10b11,train
69c107657bbc58fc,train
69c269b752dc6254,train
69c39f25fa516267,train
69c7f0ab1fd0eb69,train
69c8483926e58b3f,train
69c88a9e675440fb,train
69c8f184ffb9945f,train
69cabb2ef5d5d1e2,train
69ccd56309191636,train
69cf4f5bf3f92db6,train
69d2b387f9809ea3,train
69d444caacbd5339,train
69d5a472853bd845,train
69d62c852ce992d9,train
69d7b5b7261b6616,train
69d8333c7d242ae1,train
69da499707bc64ef,train
69dd82a2a0418a55,train
69dd9518c9c95fbb,train
69e00cf8977d3de1,train
69e1cc1326fa465d,train
69e39d6412dbef91,train
69e580898e15138c,train
69ed047ff54fd9c7,train
69ed3820669af621,train
69f474544ce1db5b,train
69f5c8d8c3821e2a,train
69f5e7e6966714e7,train
69f77a2eba986d7d,train
69f9647183d0dd49,train
69fae9b0575733c0,train
6a047775d575a255,train
6a0bda17f1b700d6,train
6a0c63f3342a0b74,train
6a0cd223f1af5f4e,train
6a0ce559ea90216f,train
6a13f2e9baa1d3b0,train
6a1691cd2da342fb,train
6a1939010bcbe83a,train
6a1ad4c6d6692b0c,train
6a1d564aa6a98322,train
6a21daba2fcd7d90,train
6a246f8af718f34f,train
6a2592b53f19d16f,train
6a2df056661a4d9d,train
6a2e4107f9035e76,train
6a2e5e7ea19fdaf1,train
6a2fdc30e7436a1f,train
6a2fdc30e7436a1f-2,train
6a32cf80a321b042,train
6a333520093bfd8b,train
6a33da00c6102f1f,train
6a36751bd826085c,train
6a36eb495bdcf4f3,train
6a373acbbd49a70d,train
6a37da52164749a4,train
6a3894ead812ab2c,train
6a3b6e2db45a809f,train
6a3ba7c77696fe42,train
6a3f6c894d7eeb2e,train
6a4147221a8ea424,train
6a436e775ca2e50c,train
6a4c223bffc2c739,train
6a4c2722769b3f09,train
6a4e00424f56da85,train
6a4e5dea9c863bc6,train
6a4f9806012d1d7b,train
6a5298cae0906f36,train
6a5476455140f409,train
6a55953dde6b8494,train
6a56ad70be8a02db,train
6a58afa7f165bce5,train
6a5b5fb55b9771ca,train
6a5c285d50194320,train
6a5f54440b41a801,train
6a605567e879acf6,train
6a60b20bb0eeac5a,train
6a60f088970e7466,train
6a61353536aed7db,train
6a61b9fc2644bb44,train
6a65ca6967ec5b71,train
6a6bd364f6cfa5e2,train
6a6d79e101be5f38,train
6a7325be73676fdb,train
6a740a627d636d9a,train
6a767d25cf43f6af,train
6a7ada9887f6c2e0,train
6a7e5854c5f3b705,train
6a7f2aaf7c19ffbf,train
6a8267ed572813e6,train
6a839c67715682ce,train
6a8681b12d44dedc,train
6a86d59ea72bc39c,train
6a8c0d5006196b6e,train
6a8d14158711f63a,train
6a8e50401de6043f,train
6a8faf540998b292,train
6a904b501336d78e,train
6a935c4260e9a9b2,train
6a93f401ced1bc43,train
6a959da1b6ec4c0a,train
6a97196002396185,train
6a99b9ab58fa79f6,train
6a9aed03c4e894e1,train
6a9cfbade3a7d3ec,train
6a9cfbade3a7d3ec-2,train
6a9fc959726e214b,train
6aa1bd0eb4f996d0,train
6aa1e6e6caae083d,train
6aa3ecf566a1689e,train
6aa412515c694ff1,train
6aa505b354f05f5a,train
6aa6889ce91351bb,train
6aacb29b07bcf3da,train
6ab41a955013cec3,train
6ab4369dfb31b2f9,train
6ab57326adc528b6,train
6ab5e64665454e4f,train
6ab7c90e91072f72,train
6ab84e219a49876c,train
6ab9fec1088bddbe,train
6abba325ae9af6f8,train
6abcca52275475d7,train
6abe9caed25ceba0,train
6abf5fbefd0b5b09,train
6ac215e5e6f18144,train
6ac4c98077b769d8,train
6ac7afd79e4fd13a,train
6acb2cfe2cf08cc8,train
6acc4c3740e8bca2,train
6accf9044b303863,train
6ace05dfee041950,train
6ad055eef2e51cba,train
6ad48873c3c727d7,train
6ad5f3c0a3c31b00,train
6ad6ebbd307e7b14,train
6ad791f1ee5f6f0f,train
6ade559d026cbee8,train
6adedcbf98ec1a5c,train
6ae00e93a11f5ffb,train
6ae02ffcde204384,train
6ae0614d50229e69,train
6ae25da8e2fbde94,train
6ae3312c07c9ccc6,train
6ae40f75f876b35c,train
6ae5842ece001abc,train
6ae61416fba49659,train
6ae6d7c6dd665410,train
6ae7cefbeefba3e7,train
6ae995dec6759a94,train
6aea57123c797c6a,train
6aed0486fd97ae83,train
6afd78b01b71d9b3,train
6afe2584e0bd660f,train
6aff2c58a5ba7235,train
6b020d25c3a06355,train
6b02339146673528,train
6b023b4554ba2c32,train
6b031d464afc1774,train
6b062e6e7049acee,train
6b06d67ffb6d5ca8,train
6b07c6c3b55a033c,train
6b0818700077d63c,train
6b0be46d4f4c2243,train
6b0f657ee8b8277f,train
6b10566b0dad3c03,train
6b15456359cacd80,train
6b1703226bc0c58c,train
6b189c07686fcb1e,train
6b1a10db94b70238,train
6b1bd2aab190514b,train
6b1be9e2fd34a5fa,train
6b1c82b0d2259983,train
6b1cc0fa523b4ef9,train
6b1f42ef493c68d1,train
6b1f7a0a5a419316,train
6b219f4f04ca8028,train
6b26bd4ffff84737,train
6b2708d202dd240c,train
6b27fc8b7eee3dee,train
6b29dd7cd0d515e4,train
6b2ea118d9a98129,train
6b35f72d73cec454,train
6b38fcdbb8398652,train
6b399b0218ef4aa0,train
6b3b26e6b604a5b6,train
6b3b7ec3c40a5b01,train
6b3f95e5c445885f,train
6b40707fc467976e,train
6b412213766e8c4c,train
6b41a6be8c30ab99,train
6b4314a42704ffae,train
6b43e34004941abe,train
6b4432a6002f7fdb,train
6b4436429eae39e0,train
6b44eba6519c6700,train
6b452ad676fa56bd,train
6b45d842728c452f,train
6b4ad64cf86de38e,train
6b4c83402fc71643,train
6b4d69a2d28d7c8c,train
6b516be8c779b694,train
6b51e495a2c05fec,train
6b520f0307e1d0a8,train
6b52b6075dff158a,train
6b5630a3c91b9565,train
6b59415002c84e4b,train
6b59c0b9648c3e1c,train
6b5a65eb441fbdd0,train
6b5b871794fb8038,train
6b5d2789ee1ccdd0,train
6b5d35871e418623,train
6b5f3152424975b1,train
6b62a32a3947d0ae,train
6b65ecc5c79f2edd,train
6b67645391f45414,train
6b6a851aab37c343,train
6b6ba642cfb1c37e,train
6b6c5fe6e138c74b,train
6b6e6a9e11559226,train
6b70016e20cf73f9,train
6b707e65fe933eb6,train
6b7085a0975e77ae,train
6b7158144cfd0931,train
6b71e16290787827,train
6b7364b71dc2bb30,train
6b743ef8b0dfb7c7,train
6b74862b4bb879ef,train
6b757b61223d0578,train
6b83c59b0077d985,train
6b869c6eccebaee8,train
6b8c4cd7da31af01,train
6b8e3080ed4a7613,train
6b9391300c6e4349,train
6b9670db682d64ad,train
6b987a01ff598541,train
6b99c7be0c9707f6,train
6b9d6ddd164b535c,train
6b9e73422d3fa815,train
6b9e99c229a99564,train
6b9f1a3a6625036a,train
6ba094216307a936,train
6ba2189538ab5e61,train
6ba559f8b6df0cca,train
6ba7a1418ef09736,train
6ba9299e7ce911d0,train
6ba9438dc9d6659d,train
6bae9c6a218b3bb9,train
6bb0215735a48c1c,train
6bb6eac62fff288d,train
6bb943214b6034e3,train
6bb97cc3637c491d,train
6bbadb892d1cc88c,train
6bbb5035841b2cf7,train
6bc21cb005cb5787,train
6bc569f2bfddfea6,train
6bc76100d4012807,train
6bc96f4a98a46bcb,train
6bca1a178c736493,train
6bccc17a1f6b42e7,train
6bcd16333390f258,train
6bcd9e80a03b02a0,train
6bcdfb3607d81cd3,train
6bce9a86c3feca67,train
6bd1f536ba9487e2,train
6bd5fef1d922c86d,train
6bd89c116e661986,train
6bdb6b3b5d813ba2,train
6bdce69dcbaff07a,train
6bde654c5177803e,train
6bdfeafb4bc491c8,train
6bdff819dbf55915,train
6be40ca343d78e19,train
6be436f9af74ec72,train
6be436f9af74ec72-2,train
6bed36fe028aa94e,train
6bef02b51582f62a,train
6bf03350998915e3,train
6bf1e335907518ff,train
6bf33c2e072455ba,train
6bf35da4ccf595cf,train
6bf53254ce134ac0,train
6bf723afd9ebc077,train
6bf7cc05867a8d5d,train
6bfc562fb17e308c,train
6bfdb90fafce8853,train
6c0898c1d02e970a,train
6c09ca3e7503d8fd,train
6c0df7e25587bc3b,train
6c0e454cf39c7723,train
6c12fbf42c7b6993,train
6c15156969aa324f,train
6c151f40ed3eec67,train
6c15d94cbe8a4554,train
6c15f2ed42f40f26,train
6c1fa34a4a4a96bc,train
6c259818fa72fcc3,train
6c28127b9a2b7506,train
6c28c98e20ee3189,train
6c2a4adfee045efc,train
6c2bc9b661c898ae,train
6c2cee00de5bb7ec,train
6c34e056934abdb3,train
6c350ea5a1ca8051,train
6c36698fdf54769e,train
6c3e473f34b6dd37,train
6c3f06ad1487ab44,train
6c3f17d72fb64135,train
6c3fc272fbcd23b7,train
6c42012ed170242b,train
6c4219761ae2e6a6,train
6c474000bda3226c,train
6c4a0f82185877a0,train
6c4f336ebf4e49e6,train
6c50bdd3e3d640b0,train
6c53510016f07773,train
6c5572f48ee991fe,train
6c58b79dc5ccffbb,train
6c58e56852d36020,train
6c59850102454aa7,train
6c5a9754b0fe867b,train
6c5cb77b26ea8980,train
6c5f0cf55c2daa15,train
6c5f5958d1c50bb7,train
6c60be550ac6349e,train
6c6248f443385cd0,train
6c644d893d02a4a4,train
6c651b710c586740,train
6c6769bcf2bdd904,train
6c68d34d4416f744,train
6c6a2c0e7877cab9,train
6c6de6065de0fea0,train
6c6fe7e383caed93,train
6c70a8498a11b187,train
6c7108716b1ca790,train
6c733c0cbf3551c3,train
6c78e226ac843428,train
6c7d85f5ff533623,train
6c7f522f5b369380,train
6c7fbb470f24950e,train
6c7ff9b4b00a45f3,train
6c8410d32c605d7c,train
6c8647e6b14d8f0e,train
6c86dc46de409add,train
6c86f1195d3fea05,train
6c880a49d880764d,train
6c8e8b9760e68692,train
6c91bd9c41b86d87,train
6c92523dadbfd752,train
6c95a42ee143b7f7,train
6c98b952407172bf,train
6c9975a1f7b136f0,train
6c9c615ead6e33b3,train
6c9dcec9c5dc76e5,train
6c9fd1b1eb05ee14,train
6ca10d71483345f3,train
6ca3fc66339b6f27,train
6ca5bcdf19268c42,train
6ca61c3042bc7be0,train
6ca6f4c1eb9f0dbb,train
6ca904555cc7b316,train
6cace53234321e5b,train
6cb0f21a0bcb8309,train
6cb1139641175f3c,train
6cb167e352090029,train
6cb1dacb4b610cba,train
6cb4852819cf2538,train
6cb60ed906e9bd52,train
6cb7032594ff7fc2,train
6cb70a35850f2a20,train
6cb89d890a6125ec,train
6cbaac224389889c,train
6cbf250bbde5b434,train
6cc0cc3d5bf772c7,train
6cc6079e512d1aed,train
6cc61eeec993ac72,train
6cc7178bbcb2f215,train
6cca70607e87bef8,train
6ccad324ebd410da,train
6ccba1d7af410204,train
6ccbba9fedc47ed0,train
6ccde45eb88f7486,train
6ccf1e5272cbb6f2,train
6cd2f929e3ad1984,train
6cd461ee3998a6ee,train
6cd49cfb4d73105c,train
6cd6bd6ec8384afa,train
6cd7f940bc48e052,train
6cdce73ef3691a28,train
6cde5045ee7ce570,train
6ce5dafcbab87ab6,train
6ce762f422fa4b72,train
6cea67a316b0ac55,train
6cea73c974ea4812,train
6cf0388f99e46900,train
6cfab55ac99c2f3c,train
6cfdf957188cb1d4,train
6cff3523b40ae936,train
6d02ec1c6a9f55b1,train
6d0358cca4b3a856,train
6d036dc0ef6f6e27,train
6d05d7742e070016,train
6d07f09854c199d2,train
6d08d622c30acfcd,train
6d09df4048c68a98,train
6d0a0f5bf71a30b1,train
6d0a7d0a4348a10e,train
6d0aaf35e9a39e7b,train
6d0c2cd0679e1e4e,train
6d1794c96bba1c90,train
6d1854a90d16d0d5,train
6d1c8a0b945bda9a,train
6d1ced4b7aecc98c,train
6d1d1c7a517470f5,train
6d20a3f18aeb9e07,train
6d226101d936a08a,train
6d22eacff9f006db,train
6d230b442115106a,train
6d25c4f4eb0100e6,train
6d2766e1ea76d3de,train
6d2c7591a248eb5c,train
6d2cb7596e8641e0,train
6d2ea50110af112d,train
6d3081210c155622,train
6d34a313365e208c,train
6d36ab3c472cf902,train
6d3a4cae26f37dcf,train
6d3b2d783e3c30ae,train
6d3c3738dd7d57bf,train
6d3d14e8324cdb60,train
6d3db2e3d637ebcc,train
6d421ccf2190667b,train
6d42ab22ba1056a8,train
6d437f36133911ee,train
6d4834dff7231688,train
6d49f8fa75ebca69,train
6d532a23a5c8ab0f,train
6d53fdc03f9f825a,train
6d5ce3de58ed89ad,train
6d5d2fe07c510ac7,train
6d5f8bcafc832755,train
6d61d348dd7e7c8a,train
6d66020a52981ef6,train
6d67a2f5f3928ecc,train
6d6953892c0ae9f4,train
6d6ba91047b4f750,train
6d70e5785096ee19,train
6d7552b68c7245fc,train
6d78950db6c39c59,train
6d799d7b72dfb0d5,train
6d799ee05165faec,train
6d7b45cb65789105,train
6d7c57a58b949b1d,train
6d7c65d43f8e6bf5,train
6d82c0388a3e262c,train
6d8362b91a4e6128,train
6d88822e73150158,train
6d894b9a462be258,train
6d8a63483cc5cbb5,train
6d8c49f80ac43129,train
6d8d5d77b70278fd,train
6d8e81563cd0ff00,train
6d8e83b751020534,train
6d8ec8ac7e58fad2,train
6d8f06fee7b7b9b1,train
6d9173ff5281c94f,train
6d9321940e0ccfb4,train
6d93b6359949c4bc,train
6d94d81bb7118f32,train
6d9628340388b2f4,train
6d9796f0198d9af5,train
6d990694f5fa41d1,train
6d9a62e7b49f7006,train
6da091cdacf61918,train
6da7757813a6a464,train
6da7cdccea21b325,train
6da9863174967d71,train
6daae28628061212,train
6daae8c8b04ec0b9,train
6dac292730632a09,train
6daf45005e643637,train
6daf7f8e574e24ae,train
6db2205785c92f5d,train
6db7c973ccff54e5,train
6dbc53a62336edae,train
6dbfa6063c500a4a,train
6dc112457ce94b5d,train
6dc1701622bd1aaa,train
6dc2737ee0259b07,train
6dc3cb83bb22dfc1,train
6dc63855b0855017,train
6dc87a5f1bfb07b4,train
6dc8f362ebe9f378,train
6dc9c95d0a2fe2bd,train
6dcab370d6f418ff,train
6dcb78a135475e7c,train
6dccd8dec913ebac,train
6dcde26bd5361e32,train
6dce883b8604f569,train
6dd049ea87e77f15,train
6dd1b12ecec194bb,train
6dd30a823a9e2a88,train
6ddaf549ca8df0f2,train
6ddbdf753c5b98b3,train
6ddc0382bec9a93b,train
6ddc6b971d8165c5,train
6de5f6495f5d47c8,train
6de75f747b9d195b,train
6de76d63beb5c541,train
6deb1442b99aeaa1,train
6deca1d3498b97df,train
6df15d1e569b0364,train
6df372bfa1f88da4,train
6df66242349a5ae1,train
6df6e92d18f5cbad,train
6dfba28759ac5690,train
6e012ff43ec266ff,train
6e05059c7575fcc2,train
6e06038d18b85a07,train
6e0b8278c1dfbf06,train
6e0ca81e942775dd,train
6e0cb81ba7cf9a6e,train
6e109c6476546232,train
6e12ced83ba83da4,train
6e17540f2633d506,train
6e18416224356957,train
6e1bf1cae9523714,train
6e1d8a23befe397f,train
6e220932bf35c539,train
6e270915c73d93fa,train
6e298ab49f8a609d,train
6e2c7f734e14fc3e,train
6e3ac050e8c01cef,train
6e3c44070011636e,train
6e3ca258ed31def6,train
6e3cf5d6dd37fa22,train
6e3dc9b5ad020fa0,train
6e3e3676b1daefec,train
6e3e9c91faa28713,train
6e436ae8d42c041c,train
6e4663bd3d4e385a,train
6e4a012909ffbd6d,train
6e4e7c9a862c478a,train
6e513b4b18354b2e,train
6e5219a7c9debcd8,train
6e5224e1b6991a63,train
6e532174d3becacc,train
6e56eda8fcbbdc50,train
6e58529a0cbc4275,train
6e59ccbbe4736b18,train
6e5ca5192ccacf7e,train
6e5f3983b9c19905,train
6e5fc61527d5c1b9,train
6e607778f9a33b20,train
6e627502d668de22,train
6e6350637237c406,train
6e67b457779c5959,train
6e6d72cf451208b7,train
6e6e3acb7c154706,train
6e6e5f246fb670cf,train
6e7312a79cb0a004,train
6e7617eee7b75196,train
6e776b0b8880e786,train
6e7848b65312f701,train
6e789b4e79c2ed86,train
6e79b24df581c5df,train
6e7b09ce9e5bc387,train
6e7b38ad193656fa,train
6e7d58a0556c2788,train
6e828cda0609db28,train
6e83b78b2e362cba,train
6e862643ca7dae1e,train
6e886e8837a65a7b,train
6e8ab68a40ea5470,train
6e9066da6faf8ccb,train
6e9720e104e9dddd,train
6e997282daf746ad,train
6e9990a16ba1df9c,train
6e9b71ca1c7d02a7,train
6e9e50700ff3b749,train
6ea04bdb6ee50b91,train
6ea1bc0ff2ae5140,train
6ea43da796d7ad05,train
6ea4a7cd08f8c0df,train
6ea5bf546ed66e13,train
6ead54f363f23ca3,train
6eb13dc72eef3775,train
6eb34bc1af5384b5,train
6eb9040c3997362c,train
6eb9697ae5a86340,train
6eb977630e9de0e1,train
6ebb7a5224fe9a94,train
6ebbe4b3bc06709f,train
6ebc0fd9c90fc58c,train
6ebe0b44bae67956,train
6ebe99adcb2ff763,train
6ec4cfda538bcf5a,train
6ec5cd5ee5254aa3,train
6ec60d9d332c829c,train
6ec65dd1a669d507,train
6ec7c708237ee095,train
6ec82133c5eeb870,train
6eca179eff0e9a6b,train
6eca18c21fe6ac33,train
6ecaa6f43bc3f16d,train
6ecb9ef1fd26c95a,train
6ece6a884fc9cd56,train
6ecf3dcd2c142839,train
6ecff9d7ac8d74f6,train
6ed32780a83181bb,train
6ed3471a799f1013,train
6ed43cf312c272ad,train
6eda87f5d416ad09,train
6edb70a0fceafc42,train
6ee13547711da1dd,train
6ee4f67d95a9e064,train
6ee620114878496a,train
6ee79041029da3e4,train
6ee83f43eb962488,train
6ee8cbbdec156bc4,train
6ee9683644062abb,train
6eea3a9649fe6ec5,train
6eebd1a124d88253,train
6eecd0522e749f68,train
6ef1ad3d6e77b8b6,train
6ef5ece30d5b4e85,train
6efbb97e1deadc72,train
6efcd407cf66eabd,train
6eff3854ddee4b74,train
6eff3a100a537b2d,train
6f00aed36fc968b0,train
6f01ca983c052a8e,train
6f0e2dac84a16d02,train
6f0f4e00ae6955f2,train
6f10909c05749251,train
6f13b6201d63bb97,train
6f225a04de891b2f,train
6f23aebb281d7130,train
6f24104812e4f2ee,train
6f2452bf204219ab,train
6f254b7b22b09194,train
6f285eddbac8f704,train
6f28f5379cb87715,train
6f2c86dc985692c1,train
6f2f8cc1750bbf5e,train
6f394950ecff5f4f,train
6f3c2e57bff4be9e,train
6f3cc38ab53c1fa6,train
6f3ec9195b2561e1,train
6f42f6bc2a423aad,train
6f443ecbdcc5bf63,train
6f45049b124dc7aa,train
6f483cece159e310,train
6f4b288a692fe609,train
6f4d4d7e8017f10f,train
6f4e4ee9bb987dcf,train
6f51397d79515a52,train
6f51833c58848fcd,train
6f53903b4bc6d215,train
6f54dd06938c6bdc,train
6f565adc8a6538d7,train
6f58620df25f6382,train
6f58647eeb544ab8,train
6f5935d3f3a41b05,train
6f5a08c4b148e9af,train
6f5c06eb424cfda1,train
6f5d41a594172ea6,train
6f5e9535da250c9f,train
6f5f0b3f64c9e01d,train
6f5f53f0abd8d034,train
6f61034a6ad00d75,train
6f61179644f603b5,train
6f642a42c92e7518,train
6f66e56b0ab30554,train
6f6bc43d13ce1a2a,train
6f6f1c343d61277d,train
6f722eb6e308f91a,train
6f72bdfc766a5f74,train
6f769ee95ccb3e54,train
6f7c57d82c51c309,train
6f7d4bcb22b6ca2e,train
6f7ddb0664da7bce,train
6f80b15f7924bdd0,train
6f81586899671ca6,train
6f8471a5da06470e,train
6f84d10e32f88009,train
6f871a37c46825f3,train
6f88818b35ffac51,train
6f8aeece415abd51,train
6f8b0cfc5bd03b29,train
6f8c88a7fb33c7f3,train
6f90926e375c9186,train
6f917a7654cee23f,train
6f9300aee242e7a2,train
6f946ab871d97697,train
6f94b19c9809bc6a,train
6f95cba66c090470,train
6f961b3214b27250,train
6f971c427a221806,train
6f99b79ec0fb7e01,train
6f9d30f12fe4bbde,train
6f9f861b89924573,train
6f9fdf13ed11785c,train
6fa1c2640ee9f8e4,train
6fa658addd073d23,train
6fa696256baf371c,train
6fac47cbd84606bc,train
6fad3356a7e953d6,train
6fb31b38b4645153,train
6fb43b8145cda288,train
6fb5224570aa6b87,train
6fb71987202ef121,train
6fb9a6442afe134f,train
6fbae97341557b01,train
6fbc6b160060716f,train
6fbc90130a67f0f5,train
6fbcc5ba638961f9,train
6fc0a5bfc6e48ed5,train
6fc116a53857a768,train
6fc2364fb05fd9e0,train
6fc2c7722b46475e,train
6fc3d7bf5a6b6b1d,train
6fc506eb83694596,train
6fc5f385eb26c226,train
6fc7d814ce567683,train
6fcc096af9a839f9,train
6fcd6b5ed51db5f2,train
6fce3c1315f368ef,train
6fd24f8ebf558eb8,train
6fd273afc931d07a,train
6fd2f31cbe8aced4,train
6fd4f2f145e4bb01,train
6fd94ac92f51180c,train
6fd9a54b6dec6941,train
6fda19098c62fe24,train
6fdb48b78a8dc37b,train
6fde19f1c8a539f6,train
6fe2a9a7cc0acfcc,train
6fe3f7b2f300be6a,train
6fe99ccdf37018e0,train
6febc3cbd5757ba1,train
6ff5344d9f97b5ab,train
6ff66e08db678d5f,train
6ffde87becad6662,train
7001f3b8df93db19,train
7009be1ab46b5dd0,train
700a436f770cb286,train
700ac6c51a0c134b,train
700ba5f26d2ca3c0,train
700cfa00dc4b4c22,train
700f44ddd54ba5db,train
700f50ae525fb8a5,train
700f9d3a64af3839,train
701565ff17f7963d,train
7015812306123eed,train
7015ceb93fa53642,train
701612aa3f78648c,train
7018d3159a4a49e9,train
701959095bdffa5d,train
702155c69013679b,train
7022e6d9d7842a2e,train
7025394d04f85bf2,train
70269e7d4c8fa1bc,train
70289ed09dac367b,train
7029dc4e95e3d60d,train
702b1f54479443c7,train
702d0c48a50a11cb,train
702f534c5a02bab2,train
7033eada5b6f0893,train
70342f7b89ea9ec5,train
703621353fa3a698,train
7037431426d129e8,train
70389eb5ed3fca51,train
703ac13aaded5592,train
703b02441e82df41,train
703b5d127d4214de,train
703fcbeffa91e2fa,train
704620927bcef81a,train
7047656055104493,train
70493d711a3e1290,train
704c3d9216fe6b9b,train
7050fcf89fe2b319,train
705302a5754dc547,train
705b49415569d63d,train
705d4b0ccbb7b18a,train
705f07f5715a25f5,train
705fe05cf25217d8,train
70600a6c02f7b765,train
7060625e8ce76d69,train
706422aaa815f183,train
7065bf47a4bc8876,train
7066c2b3662e56f5,train
7069d636e54f4f92,train
7069d8789e757eea,train
706bffbdc4868db9,train
706c5d63bda5f544,train
706dfb97c8921f10,train
706fd4220594e157,train
706ffe2f5cc86d41,train
707076da7c72f3c9,train
70712f4a6b4e0434,train
7072cc5cf4e6504f,train
70733a542f8528f5,train
7075782cb1631180,train
70767e4444e1fcd5,train
7077dc41e4b9a066,train
707abcbf80207b2b,train
707f25a1cecd4150,train
70804a6b9dd734fa,train
7082c3504396ad48,train
70841f68a251333c,train
70863726f6473adf,train
708c8194fec4e735,train
708d71ebc8732981,train
7090d54691a9e172,train
7092038a70de3a24,train
70948539a06eb634,train
7096889ecb74527b,train
709a99c57c660acc,train
709c6fbd175c4616,train
709cf056db8931e1,train
709d677178c7b532,train
709e1c1ac8993e33,train
709e901a11939d7f,train
709f7a5742dabeef,train
70a01a0a4fd1da2e,train
70a04487ce0b3e0e,train
70a17f5817d30be0,train
70a22fbe95a775bc,train
70a48f0e36bcbab4,train
70a4ee17110b7f18,train
70a5b5e19bdae664,train
70aab86dac1ff989,train
70af0e1e32573293,train
70af2fb92f04c386,train
70b337cec2e987ca,train
70b7ae1b623a787e,train
70b80262736e7847,train
70ba11ed97681887,train
70bae0d518d50de2,train
70bd4b417659fedd,train
70be1ba4fc42835d,train
70bf02cea742d194,train
70c69ff13b862a00,train
70cde88acdb53358,train
70cf83142169e948,train
70cf8bdb17a030c3,train
70d32fcd44ec9fb2,train
70d6a6522a898376,train
70d7105417b040a9,train
70d775ff1bc2c6a7,train
70daca0535cc04fe,train
70db6f2478b76e31,train
70de194fddfbc154,train
70e20201000d6e91,train
70e44dcc43acd37e,train
70e489fc6c820fa8,train
70ee04569e644603,train
70eec1b2ab48818e,train
70f6e1c1d170fc64,train
70f8cf2093ea5713,train
70f9f00468df54b2,train
70fa49e41109020f,train
70fb61d10c5c8203,train
70fbae20c288d0a9,train
70fca8bc2d2b80da,train
70fcedc96f234aa7,train
70fda8ae9a8d3f3d,train
70ff2085b246e3db,train
7102f4c83b96ecf8,train
710562df32aec37c,train
7105b8ac1d32f244,train
710881118745bc25,train
71097783e96c498f,train
710ee088028ea0fb,train
710feacba7dcbd8c,train
7112302b0b45f36a,train
7114f87da8af5386,train
7115e2e9d2248eb7,train
7116547e1a785e71,train
7118f060e3990236,train
71194a662fca34fe,train
711c43a60c00272d,train
711dca1702246dee,train
711e202b1f0f0ae2,train
71217da5b8269243,train
712180a0de727b7b,train
712285a6185bb8a9,train
7124f6504004da09,train
712802709f859e9e,train
712b2da5a962d020,train
712d7c3b40f24978,train
712e498e81f47680,train
713274b852bb9ce8,train
713330ddeba3c2ec,train
7133c2447e1e7711,train
71343cc33f72cbbb,train
713586ee6ab174a3,train
7135be48dd8add80,train
71388193deb89020,train
713937692c54cc83,train
713d9dd6bb0914e8,train
71411ff67242d000,train
714437a59991db2a,train
7144cfad7681b25e,train
7145246a04693d1a,train
71471433bea2b25e,train
71475f7226892430,train
71483f4b65907566,train
714d332cca30b393,train
714d903aaa50acf3,train
71519f3463f43e27,train
7153381c3456ac91,train
7154fdb62e8c7444,train
715521bc0be77e15,train
71560fab92e74f27,train
715c38f1a8e85c55,train
715e17d4568e0679,train
715f504ab97576c7,train
715f92585acbef10,train
7160b333f170cc6d,train
7161372b08ba6a27,train
7163ee79f0825fb0,train
71648235d6deb22f,train
71679395cac1a9bb,train
716a876d36ce4561,train
716ad93152f39721,train
716b8050b6c25da0,train
716b8050b6c25da0-2,train
716f96022fd8f7ca,train
717619b6c57f639b,train
7177850cc48b2184,train
717ed0b6386f13af,train
717fb0335fd7f50c,train
7180dc1c23eddbd0,train
718118648df32d67,train
718266f8576a878d,train
718308bb450fad47,train
718441eafc82f4ed,train
718574c79f4c989c,train
718981e343d77acd,train
7189a882675f6150,train
718aff97e1645baf,train
718b6ad900f1d5fc,train
718c270895339d4b,train
718fc3ac177005d3,train
719a13d17bd3d792,train
719b64ea7da3da69,train
719bc91701c7124f,train
719c2573f17545a3,train
719e5ef61bcf8dce,train
719e9c9ae4b8e2a2,train
71a46e1fd719ac15,train
71a77f9e50edba4b,train
71a7e1116d87f0f6,train
71a821d45fd142b4,train
71a8a3c8ef4ff9fc,train
71a8e820e533512e,train
71a944e13a15d08b,train
71a9484a2ccacc3e,train
71a9e1d76e8f29c0,train
71aae423987bc776,train
71ad1e2a7b4db70c,train
71ae0504aca8ab95,train
71ae0936dc065ff0,train
71af5f180211f765,train
71afe3d94aec1375,train
71afef3228c29413,train
71b94124c25167f5,train
71bab895e60c4ea3,train
71bab895e60c4ea3-2,train
71bb57b387936cb0,train
71c6ff42a578d811,train
71c70a23c5156369,train
71c9fb2c573f6b30,train
71cd0eeaaafb97ef,train
71cf2468b75ef79e,train
71cf28bc74648467,train
71d15f2fddd24a43,train
71d399e2d63aa464,train
71d8141c70b5bf64,train
71d8bec2b187e8d5,train
71dcd9086e70bdc4,train
71e354dc577ea113,train
71e3ef982a1c2db6,train
71e44f3c454d00df,train
71e4b737551b1093,train
71e866857bcbf030,train
71eb9cc272c834ef,train
71ec84d973fe4fa3,train
71f00f0898e640bd,train
71f62c9388db2e44,train
71f9b24be680ea9c,train
71fa0d62ad87a3b7,train
71fad22734e265a3,train
71fb7c0436424ddb,train
71fca5e86404803d,train
71ff65c29a2669e3,train
7200071f21c5b2b2,train
720280d6887285ef,train
720429d0d8a0f022,train
720c336be30e44fe,train
720cf058d62e9e35,train
72118f842cc0564b,train
72152179c7995535,train
72166459e3afeefd,train
7217363e139049d8,train
7219257501b233e2,train
721ac19872a5cb47,train
721f0aacfb12d81e,train
72207e9552d83bdd,train
722461c6071c5414,train
72249daecb5b38a9,train
7225532b2581b4e5,train
722b7f196e9cd330,train
722be898110f8741,train
7230d66ca89883bd,train
723451ff5dc6b7fb,train
723a4717499d7f27,train
72420a718e99b664,train
7246d2015cb569d2,train
724b7205535ea9d1,train
724baa417135ecab,train
724eb5cc02400524,train
7251fffa1d890a0d,train
72549550c05bd368,train
725576d89087afb8,train
7257141ab6076c1e,train
725794e94380a4bc,train
725b0925e4e3c044,train
725f6df50034aa35,train
725fabfddf10da8f,train
725ffcee00e70566,train
72637078fd21e99e,train
7264aa9cb8fb33d6,train
7265a30a8d377550,train
726ad2ed9f049914,train
726ae35b74d87da7,train
726bbf467b2e39b8,train
726bd88c85bc24ff,train
726fd57f50a66e52,train
727146fb7d15d170,train
727a13cf16f73eb4,train
727c55d7dcfe11fd,train
727d4265505f7c46,train
727e9c2445b21344,train
727f68653e399db5,train
7280fca36f93e8c2,train
7282114a0f2115af,train
7283fca0e6e4b893,train
7283fca0e6e4b893-2,train
72850b5a255548ca,train
728924112d807f7c,train
728c392b0d269fc4,train
728c943adc2e60a7,train
728ea12c26171fe5,train
728ecc58229d5829,train
729695028bf53a92,train
729c2652d0159a0d,train
729f5b71510be85f,train
72a07e3a1489c4ce,train
72a17c3fe184e4b7,train
72a26bbdbe3e4c95,train
72a361e87dcac252,train
72a388dfb4910755,train
72a39fc2ca17b073,train
72a4ba558abefe41,train
72a536cccddf28a7,train
72a63776e40e388d,train
72aa63128806dee0,train
72ac6832d15e0d3b,train
72ac8eef723cee38,train
72ad6fceac1911d9,train
72b02e7e3bad98ec,train
72b08459259a9ca5,train
72b16c9a78e56726,train
72b46327c8117e16,train
72b6fadc4a841197,train
72b86bae19f897c6,train
72b9609395f1e0b5,train
72bbbad638c81aae,train
72bc6d86e76d423d,train
72bea6b13c8e31a1,train
72c14bc24a249e58,train
72c2f51eb31343f3,train
72c314f544492130,train
72c4dea675c0a9e9,train
72c521b54e67cfb6,train
72c748fa03551cd7,train
72c7f5206f61505b,train
72c8db3680a262ec,train
72cd7ebdda47ed41,train
72cd7ebdda47ed41-2,train
72cdc0df7d315a86,train
72ce908041e16a46,train
72cf4fa7ac54bbed,train
72d1c3a50ac1e478,train
72d230b2b498f2fa,train
72d30cbae9d49049,train
72d5ba3bebdbad39,train
72d8a4732f240cca,train
72da6a677fe71848,train
72de4ee181959a76,train
72e028e3e97db5ae,train
72e5b864c4c2c151,train
72e5c2a5a63c6074,train
72e652bd76f48dba,train
72e86af70359839f,train
72e9837fc09db72b,train
72edf6fcea153184,train
72efd57d76a06ae5,train
72f1aadb339e915c,train
72f2128e657ebab3,train
72f2ef0993e0a153,train
72f34a1b83353776,train
72f6d2d28f5b8428,train
72f714cbff4729ad,train
72f9d614987f0a37,train
72fa96cde64301ba,train
72fe381676cf4db4,train
730138fd9f13f8f0,train
730202e84ace8755,train
7303489bb2152735,train
7308542dd33d50c8,train
7309aa8948dee37f,train
730c66752769a900,train
730e4372cef34a47,train
730ecd0fa4dd71ee,train
7310cd5c9a47e7e1,train
73160ae2baa73854,train
73174bb960767005,train
731bde9cfd838086,train
73200f6032e7fad1,train
7323601e49413312,train
7325f87c15ed3223,train
7327fcdc61be33f1,train
732b8f5ed2315fcd,train
732ba75ad2e8f673,train
732bac6bf7866e90,train
732be664148f06d9,train
732c0f62dbdb122e,train
732d152b330aa004,train
732d19c96001b94e,train
732ef86b5cd4d1a9,train
7333ceb90ffef7c7,train
733584142dbbcaa5,train
7336787070ba0daa,train
733680e1cff72e30,train
733c906f645366ab,train
733e588f59110346,train
73407bdc3f016b54,train
73431ba6d0959ea2,train
734383dfb759fe95,train
734533df2a767ba9,train
73457ca223cfa120,train
7346644b7611f413,train
7346acd9d6890d1e,train
7348eba06697c251,train
734a52267696a00c,train
734afb8ee0c65568,train
734c86f59194852d,train
734c86f59194852d-2,train
734f4120bf169a0d,train
73522a6df5a2f1ab,train
73522a6df5a2f1ab-2,train
73526e826f7cb9d7,train
7354325e4abb913a,train
7354d29d6bddcf8f,train
7356a626b474af32,train
73570b1562fdc8c5,train
7357ad9603fa8e35,train
735a7bcd444e8ce5,train
735ed26c02a0924f,train
735f337d0b73fb4b,train
7360844b129b3f37,train
73649dd3d666b959,train
736552d0f97a91bb,train
7368ae51a870c888,train
736ab89f4deb95a5,train
736bbe29b974f667,train
736e7286c340e3d6,train
7371678249b5f518,train
7379eb69ce0aac98,train
737db48818e84187,train
7383b820916a2909,train
73843023bc5bf964,train
738727762c2ef4f4,train
738827aa0d8ad01e,train
738b30e1df1af8ba,train
738dad8ddf71aca3,train
738fe5110871450c,train
73911f4d1f5ffdcb,train
73938b03ca1663c9,train
7396360f883828d0,train
73979d5947814791,train
7398b15d563400ac,train
7398b654da382bb2,train
739b08babf7baee9,train
739cdd74eddfbbdc,train
739da61fdff38d7a,train
739e7751d6df21af,train
739fed6ed590c246,train
73a1dbdd65514cae,train
73a21fc3a2e07da3,train
73a76a7d9110e534,train
73a78f7d05b24d20,train
73a81baf0d3af225,train
73a8894d05b58f28,train
73a9f3092203d9f1,train
73aa028c1394276d,train
73aa3cf8bdb0b463,train
73ab88ce1db3d94e,train
73aca7fd9e38a8ac,train
73ae59aa1f66f3e8,train
73ae945ad472f8bd,train
73af780a70189ae0,train
73b3ba1e782eadc1,train
73b63b534c6e8054,train
73b9131ac8801548,train
73b99c94c6d38093,train
73c4b2eb83e25e79,train
73cfe197040d2a44,train
73d1bb6aa458f8e9,train
73d22db49986cd7e,train
73d3417bf19f63f7,train
73d42b355a425506,train
73d9abe356006b3a,train
73d9df4cd1c9173e,train
73da3c3cf8fd7acb,train
73ddf814680d3ac3,train
73de363fe358ef3c,train
73e23bed5f04cdcd,train
73e3606ac3d34816,train
73e3a752f0ea3164,train
73e466564a85cd57,train
73e68d1543158705,train
73e6c76d2072e6a0,train
73e7d2a10dd43e0b,train
73e9e06e70d1fa07,train
73ec49c5914fdff2,train
73f141dc8dc48b6a,train
73f2b30539aca34b,train
73f4ec071f44ff69,train
73f63e6a6103f4d8,train
73f8311c7fa904af,train
73f8521781a18803,train
73fa180c99c19ff9,train
73ff23299fba3656,train
7400061e3973e0f4,train
74004272d1c799e2,train
7401ed57f6b1aee2,train
740298f05b007376,train
74037ef5dcd14b8f,train
7403b6aa3a1aa230,train
7404a9297ae783cb,train
74053ad2488602e5,train
7406fb1a5fe04379,train
7409c188070beca0,train
7409d0fb50776433,train
740a514b19d00763,train
740a78f989bcf468,train
740bcb9330a5b25c,train
740d2ec733930522,train
740ec575fd7302b4,train
7411c5fde906e08b,train
74123f696d2a892d,train
7413c66e2e4cbb0d,train
74141b313b27bfbc,train
7415fbcf71468a5f,train
741746a203e50519,train
741a1ed0e6d0b80f,train
741a52750575d4db,train
741b2e9edc91a615,train
741c5d2f8670746a,train
742331092f762491,train
74269514bffaafbc,train
7428460469303133,train
7429097fab5c5424,train
74298e9d4f4b868f,train
742c2526effe75ff,train
7432a2c3c8590239,train
74343dfb560d01d2,train
74357af401d76275,train
743673bbf5c71cf0,train
743686040c529072,train
743896ce148e3f21,train
7439003c9317c9e7,train
743a25e99b641333,train
743bcc14c7d57605,train
743de05e776e89d4,train
74494b1f021ebc20,train
74496cba2a95c650,train
7449da22d1ebd337,train
744abe9861dd7aeb,train
744af2acd61a6df3,train
744bcca15316c0f7,train
744c15733fadd58a,train
744f387772ca1231,train
745019cf09348fe2,train
7450b3147c9fdc3b,train
74530010a58df78d,train
745313c896312954,train
74534ca4327b1870,train
745364e5c7cef011,train
7457d6c2e256d1b5,train
745817c2d031ac6f,train
7459557fc0ccc4b2,train
745c2e63a161f3c3,train
746281987d2ab7c2,train
746b234b857141c6,train
746b5da754e28fad,train
746def39c5a53d1b,train
7471e47d0922a479,train
74741e0505d19611,train
7475efe2a9ad69b4,train
7477e49f72fd99f7,train
7478fd95c2a1e2e9,train
747d02df8b17ddf9,train
747d339140959fec,train
747e480e593738a5,train
7481b3c039ac2fca,train
7482411e281c61f8,train
74835fd369f49896,train
7484b7d1467d0e82,train
7485496a65b173c5,train
7485bda820b5a844,train
7487b44aa36ea368,train
748b75eba15d6f20,train
748d6cdf613fba84,train
74900ddc334d4835,train
749213ebcec1712f,train
7492a1292a593630,train
7495e072bb47cf41,train
7496cd41060f1ce1,train
7497241198889309,train
7497cabc03ed91ce,train
749a73f179b2606d,train
749db7d878c61a70,train
74a36bd55be8c7ec,train
74a36be5e1209798,train
74a52b1156232fb7,train
74a597eb80bbf3f1,train
74a6195ee5a5372a,train
74a8434950a8e868,train
74a858b27015ea1e,train
74aa743c24a74467,train
74abaa802b5fc924,train
74abe6af3a872127,train
74aed035a982540a,train
74b0b8e682a84169,train
74b2c13b8295cb59,train
74b3892ee63e3a54,train
74b461a1736dd9e1,train
74b6b70b580cd16a,train
74bb33d017ed98ca,train
74bbd6e54330ceef,train
74bc1408cfe7ba5f,train
74bc5f2390888882,train
74c25c9bc04573f4,train
74c3991390e2c400,train
74c65f5fc7397fb3,train
74cd5bcd587939b2,train
74ce905327040b2a,train
74d09d79f4c0c41a,train
74d26660ca4093f5,train
74d3463d5184f812,train
74d4f5ee278cfd8b,train
74d870cfc9fd7e46,train
74d9d20fddff2684,train
74dac5fb87deba3b,train
74dba3f2d4b942d8,train
74dc79c76c2199f8,train
74de90fab72d2bf5,train
74e00e786e306321,train
74e11901b4e0cddb,train
74e1fb37049a080c,train
74e28ca5ff90f7df,train
74e36ca718d8e039,train
74e39e06ae0a95ce,train
74e3a4d9c2ddbccb,train
74e6bc3250d47921,train
74e77073756c4336,train
74e8d732cbb76712,train
74ebcadb5151e8fe,train
74ebd2f7964957aa,train
74ee50eed479ee92,train
74ee787d573af73f,train
74ef502b0dfc9208,train
74f6457bc2acc49d,train
74f7dacca264d9be,train
74f8f70d6d8052d7,train
74fee2e05abf1ee0,train
750032863a0f0fbf,train
75035e0c51c2fa07,train
750a2d83395037c2,train
750a989c49524157,train
750bc4f5f33fcd6e,train
750c4a0186b4870e,train
750cca581bb2feef,train
750d7fa0d1cb601d,train
7511605510f478ec,train
751359ceac13669e,train
75186691dfe389de,train
7518b7415419a4f5,train
751a00391b0e19f4,train
751b2cc1f3dbaa2d,train
751f43bd34b3862c,train
751ff29d8f513ac9,train
752260ba2553ca4e,train
75290d6a80fe2364,train
752a52296104e657,train
752cda00e2fbaae3,train
753280d58b1b2828,train
75370e9a0f0242eb,train
75386a282d3cbf76,train
7539dc6a7d48898e,train
753f5b294c4f7688,train
753f7b0bdb033a1e,train
7541da94dff21554,train
7546b5e02b0edc8a,train
7549562a62e95f69,train
754af5b55adb1db1,train
754e7aa060a8397a,train
7551b41b93bcd2c7,train
75523856ba648d17,train
7554c358ac4ec7c8,train
7556b0472b46526c,train
7557ced0929e4ce0,train
75587867646651d7,train
7559634fd52e9604,train
755a19cf5bf31245,train
755ba75a963ef518,train
755c8af0dcab682d,train
7565dbf14b1306b8,train
7565f9897482b9a9,train
7567408ebd5cfa80,train
756801f49ab7ad61,train
756cb8e7e4d72675,train
756f289c3b2c5ca0,train
756f2a44dccafb3a,train
7570fe7b3b67c565,train
7573f65793a2a1fe,train
75740479137b1634,train
7575ed2a86f38c6f,train
757e2b972fe7f7fd,train
75814eb7a9790296,train
7588f215b0c88d20,train
7589054501843743,train
758955b4995c5580,train
758a9f9a7beaef83,train
758b6ad7c74cea0e,train
758b788447c0563d,train
758b8f1482655951,train
75909ef097cf8531,train
7590b57cf745a60a,train
75916e2646f47c04,train
7595ce0e486e4bbd,train
7598aa31e2a97f99,train
759902a3d81fef97,train
759beaf4e74c270f,train
759d022749b4fbc2,train
759df4ee98dc3277,train
75a28a15e12653fc,train
75a3de230e471376,train
75a41b1e024f8b11,train
75aa16dba11bd3a3,train
75ac2009f5f1f8bd,train
75ac6f620ab50236,train
75ad1515ca0e5691,train
75b01b117cec276a,train
75b08ca010369edb,train
75b5c60e1fa1515f,train
75b6ac75fe5c0c6b,train
75b6e0cd5f6bb851,train
75b7b1a67985334e,train
75bec2baa7e939cd,train
75bfbf387789fe8d,train
75c041386675a95d,train
75c0fe5a9be97ad3,train
75c2a95b5550541e,train
75c56bb73a48e2ff,train
75c6aace6755647d,train
75cbec43a53c7f9d,train
75d5c148916ead13,train
75d7d8873544e772,train
75d8d688ce47a973,train
75dd41ca5a392f9a,train
75def1459c90d0ff,train
75e0240d250fae3e,train
75e317cac4045d81,train
75e35cbe4476d556,train
75e74753cb1dab0d,train
75ea09e1d99e0dba,train
75ea68b6422cbdaa,train
75ebede814f35f88,train
75ecfbd8b309af3a,train
75eeefd741c58ff0,train
75f35c83d0c37088,train
75f52a27d3bb2ad0,train
75fa9bca9a8de04f,train
75fb8d0cc424f2ec,train
75fc90a4d15f2a6c,train
75ff1085fed265ad,train
75ff94a9338451ae,train
760453fbdbfe6a36,train
76092a3576e596b2,train
7609db05389e4197,train
7611339b41f7e6de,train
7613bb6b55930ddf,train
7615ecb015865cc8,train
76183caa16c72252,train
7619028f79033edf,train
761936474ffcb773,train
761b639faa11c625,train
761cf06d2e70e0f9,train
7620f18d7f63fadf,train
76226dfbe948dcf4,train
762354aed12e13da,train
762383795d6b5de8,train
7623f86cd31b8dc4,train
762598d18bfd67ab,train
7626df0400366c68,train
762c45169fc4c54b,train
762f3695c9fdb497,train
7630b00cbe88e673,train
7630b33d9d7f5ac3,train
7635ec512fe98417,train
7636550425a84546,train
7637dffcd82a66b3,train
7638a84ed5c10713,train
763b1e9a6832e316,train
763d10ed2715e809,train
763e45799aaae64d,train
763eb04aebbab06d,train
7640fb8e6af1239a,train
7642f2587d048c13,train
764c661b32e50456,train
764cdf9bef151e01,train
764dca3c678e558d,train
76513769774edb7d,train
7659a0fd81cc5333,train
765aec37410baf31,train
765d8aba387b4f84,train
765dcd10dd212baf,train
765e798568f3d231,train
766161e6de1c13a5,train
76623e2ba774fd6c,train
766278f97a9b0c0e,train
7662d23782509acd,train
7663874e39bed7cb,train
76639ee4dfc6944d,train
7667142c51abcc3d,train
76680f9c85ca9948,train
766852fbeb0056ac,train
7669ac88fb1576ed,train
766ac0ba0ba8648b,train
766e916ffb66ffb4,train
767540faa9eae1a4,train
767577879379fe69,train
7678bfd2838efada,train
767abda347ff7843,train
7683ad7de7a109a9,train
7684280aa77c0e8e,train
7687753c607091d2,train
768f26e6626d13a0,train
7690e55f40da5900,train
769238dc1c861d2b,train
7692abe5bf2735ba,train
7692eadd1fd03eae,train
76933f728963ec43,train
769536c68170f328,train
769584e08a1c8441,train
76969cdb00d2aaee,train
7696c908c2332048,train
769a31611b86a2d2,train
769a4218ae8bc2b2,train
769fcf79ac3561ce,train
76a4c0f9f6760c08,train
76a63d54e24ebb36,train
76a6c4d728e29328,train
76a9849c3730dbb0,train
76aa3955b984c4c2,train
76ac39b4ce257cb5,train
76ad059f0dbe2f41,train
76aedbd894afa0ce,train
76affbb687fdb257,train
76b04bee16c7c119,train
76b3a17f4f3fe481,train
76b3ba6d658df8e5,train
76b486575bb374ef,train
76b806eee489071e,train
76b81168a383d6b7,train
76b88c1159d44fd8,train
76bb3089f4aa2a24,train
76bdf76d673775ac,train
76c01d2b461edad2,train
76c6f71033cdb6f8,train
76c9fc2dd01799e9,train
76cb2d22548101e9,train
76cb83f083436075,train
76ccc1d0debd6b63,train
76d2d476d9927bd6,train
76d5835b7eedb761,train
76d5da3c0378216d,train
76d650b1a6bcc43f,train
76da532d36f95dfe,train
76e0c0d33b22f01f,train
76e3165020e19ca4,train
76e52ced408d001c,train
76e73c17ddc9d26e,train
76e9400a11e09adc,train
76eb8ae21cf5437a,train
76ed9cd0cda84cca,train
76eee95dd38c4549,train
76f1f6a64bd1c076,train
76f2851c2f2fef28,train
76f99beb7e3d923f,train
76f99bfcd61db709,train
76fd1833b5ecd1d0,train
76ffc5c769e4e5f1,train
7702f36c354d773f,train
7704ef734ad1a436,train
77051c922edcf1e7,train
770792e8b29c8f56,train
7708f49f16dcbe5c,train
770a6f612473baec,train
770cd9d7f4da16ed,train
77107f5f0e1c502b,train
7711f3eed0848051,train
771466156716952f,train
77161325874e325f,train
7717bdb094fead78,train
771ac2a8bb6a4dd2,train
771b5af3711bb665,train
771c16455030cfe4,train
771e802891d45d18,train
7722649be455bbf4,train
772724c54796f2b6,train
7728f0b8e99ee479,train
772946bda05e42d6,train
772950bb90a0ab00,train
772aee23e1ef4cd0,train
772ddeca7a19ca33,train
772f19cb6d6a0400,train
7730626389037b3e,train
77330cf24579532b,train
773856891bedc6a2,train
77393ccb35d2290e,train
7739b34fefb96074,train
773ad6b1bb258839,train
773b131d583734f6,train
773c8bb92aefbc0e,train
773cc5af9c9c6762,train
773d4b286e847853,train
773e290cb5436c19,train
77471fa2bfceefcc,train
774c6a87b25ff03f,train
774f50871ae85413,train
77549b0294430f6b,train
775ba2ea3b3161a7,train
775dd661400c7cde,train
7760954364b5a8e6,train
7761a466825e8265,train
776376bbdb3b7bd9,train
77663b9b3f465f68,train
7768164f97a43bc5,train
776a8d805325d4a0,train
776ad2c71890296b,train
776b729e55d7a47e,train
7776adfaca3b0eed,train
7777e7fb038e1560,train
777938f2832dc321,train
777bb8a104dbd351,train
777e259a1895ee51,train
7782c409b8bb9e7c,train
7787dc34bdc07ced,train
7789159abeee7bdb,train
77899294df197213,train
7789db0aa9c2d459,train
778a403f07f68211,train
778b58a5f3060ad3,train
778be03a9fdd20a6,train
778e18297818181e,train
778e664bab8c0f1f,train
77922aef812718a2,train
779340148dd9bf42,train
779615b5f47e168d,train
779ce2894f2945e7,train
779f7078caffaaeb,train
77a1aed21f27c9cb,train
77a1d44dc4e65670,train
77a29283fa535500,train
77a37d0fa38e1617,train
77a5685a190ce2bc,train
77a7f37b91157d65,train
77ac7522cc75aa09,train
77af15bcd5b91b1d,train
77b09799fc11279e,train
77b1aad34ebf79fc,train
77b953b4b644e572,train
77bef0428e60c952,train
77c6012722b73665,train
77caca6ba6cc313e,train
77caf91f03f08e6d,train
77d0460259155c93,train
77d45aa550f55473,train
77d6ad69375b33b6,train
77d6d0f610afef05,train
77d9aa7e1d98e99a,train
77db5abe05157920,train
77de32b35e5279df,train
77e220c1dc2e6144,train
77e28790f053e037,train
77e33979c9abd93d,train
77ee26d03ddec184,train
77ef2a0ba3b4f1e9,train
77ef9d9e6469590c,train
77f1da3293ba0565,train
77f8c9e66017425c,train
77fad8c3fc90ba9d,train
780047d5cc49d7e6,train
78015627bbfe7cd7,train
780521bc5c80318a,train
78089c39f4f8a262,train
780983fcb082d226,train
780b233726e04d16,train
780f7b1bc373601f,train
781019baaaaef46e,train
781391dac58610ab,train
781850616b33bcc6,train
781a5187bf10e548,train
781afc583277c685,train
781c4afa6ed67545,train
78215f10257a2efd,train
7822c94e1185acad,train
782372ce9fcf3213,train
7825381b03d0d653,train
78270cc38ee08fbd,train
7828f3189cadea30,train
782b80014b07fa3b,train
78315d1269865090,train
78324c23afe4d895,train
783303fd91fb4aa9,train
78372a35d8b8839b,train
78386cc1b0e4dad7,train
783c8785ec8acc0c,train
783d1cca0f8f2b11,train
783da06c3958461c,train
783ebd968ef275b1,train
783fe36cd1e3235f,train
7842a049b09e19e0,train
7843498518b0881f,train
784411d65560d0ff,train
7844c312d286dcc9,train
7846edd93c01e4e4,train
7848d5464b9a90ab,train
784b2ffa59cc9944,train
784f6bceebb71e14,train
7850c3f4bdeca1ac,train
7855b942187b381b,train
7855b942187b381b-2,train
7855c0c1675496c4,train
785715231f5d54f6,train
785cb95999ecbcf6,train
78622e769f3cbf4e,train
78628c61a6d71f4e,train
7864fe97f6239f1f,train
786ab2bc12d8026c,train
786d2991bc616a4f,train
7874fccbdcb85456,train
7875582f2489207a,train
787652d1f8c0edbf,train
787c295a560f22ad,train
787c573c4e1014ae,train
787ffe140573121e,train
78803abef4e4e7a1,train
7880459c95bbbb45,train
7883afa7e38553e4,train
7886242504e15c1e,train
7889d0ee7c07da54,train
788a61305fa6367d,train
788ecd5d5790fd90,train
7890ff87110c5c9c,train
7896589f7a812cb0,train
78975f99488c79c2,train
789a1c998eaab4bc,train
789a1d2b863cd472,train
789e63a1950b6450,train
78a004d61cc728a5,train
78a02b6f9b0e8b29,train
78a145a039a5411b,train
78a6197da2d0f4f9,train
78a9e650325116f1,train
78ad347e4f5640f2,train
78ae5a15e4d4f725,train
78aedc859d83d1b3,train
78afedcd0f85967c,train
78b1447180a1a894,train
78b36578c15a8fd7,train
78b5996330f2a817,train
78b850151b21deb3,train
78b9fdf63a02be4f,train
78bbd9b74a4d8e2a,train
78c0f50d8b25e4e3,train
78c2e83ef261271f,train
78c61bc15eefd8d1,train
78c6252c3eaa12a4,train
78c6b05385b1397f,train
78c9440cdcdffbb0,train
78cd1cc16aebf3c1,train
78ce34e59a7298dd,train
78d01f645285168c,train
78d31d537b94ca5f,train
78d412bb96ecb3d9,train
78d738ee477b7ca9,train
78dad7e3a0117fbd,train
78dde38f75ca82de,train
78e1eaf2fea05455,train
78e4bc44eae392c0,train
78e4f98c548b2fc8,train
78e5d80cddce8489,train
78e67a0edc003f32,train
78ebcfb6b73dcdf3,train
78ee823066dc4286,train
78ef319ad8058290,train
78f018a20ceea050,train
78f212b023e61e74,train
78f38e2617885b79,train
78f3a2b690dfbadd,train
78f5892b4a6e0392,train
78f7d11cc3bfa3e9,train
78f9a395d390c23e,train
78fe557d73eebac6,train
7900c015ba9fbc94,train
79018eae0518a0f7,train
7903afea702a6871,train
79043e5dc9d99ab4,train
79062d4c32342b7d,train
79062f2756656ad2,train
790633cc34b517da,train
79095899a47e4c76,train
79095aebe92f1203,train
790c6dd44380409b,train
7910dcb2482df9a2,train
7912c346a34876ca,train
7913ec8c4e5bcfc8,train
791628385d232046,train
7917bc51467397de,train
791c3a304303e8ce,train
791cdcc38d1cd188,train
791ce6c991fafec2,train
791ddb0eb59a37fa,train
791ddba133157b05,train
791fba3e771dbe8f,train
7920a6ea56385596,train
79239fde30c3365c,train
792513b35ebc0c71,train
7928ee80218bd6f3,train
792949359c50da69,train
792a16bea4657702,train
792c882b365984b7,train
792d03ccbc977ccf,train
792e2f093c721a90,train
793309b219971738,train
793364b4ed9754f1,train
79359d5d0e327613,train
7935a73e20105e4c,train
79379c9f5d3de811,train
7937fe832ee7afe6,train
793a5383003790bd,train
793ac6c9ff981d21,train
793b0ad91b3c7ae6,train
793b5e44ea9064d6,train
793ba774e27046c1,train
793c76776ceb1c85,train
793cb57b62548f15,train
793fe91dcf518db6,train
794122393b61cc1c,train
7942a964db537511,train
7943dd69b5f76fef,train
7947bc597341badc,train
7948c3120cf1555b,train
794cb1a2a121de85,train
794cca5cf58e6080,train
79500203201ba0a5,train
795015d28db0ccd1,train
7950936229a23e5c,train
7952604831084eff,train
7952c2eb64758e2b,train
795305edff351d19,train
795380be4a87f7fa,train
79551978d482896d,train
795772bcb1179890,train
7958c38eda6e40f4,train
7959667b13d71fc9,train
795e546ad666b920,train
795f4278226fecf2,train
795fcb9572999c04,train
79603bf11a3e9917,train
796370ed0463b877,train
796578880f8d603e,train
7965b00908fcd35b,train
7965c18a27a876d0,train
7967e3f9a57f08de,train
796bfe1ecf5aca22,train
796f41b6a6cdf196,train
7971b1c759a0330e,train
797821d0bfcde6b3,train
797ccbd2e7c6b845,train
797e8dd7c6b5498f,train
797e8f5fd9420377,train
797f577c02c631ce,train
79834a3b5cc5b733,train
79849a3abadea129,train
7984de1c6ad302da,train
798680c620b8119a,train
79869a41a005cb43,train
7987a707862914fa,train
79896f885676e1aa,train
79898908a75f8978,train
798d448ebbb3f9e1,train
7990a4e4b1db1f4c,train
79948b845cfe75ca,train
7998902243452824,train
799bd1c20f0ee45e,train
799db595080114b3,train
799dfb26dc4b910d,train
799efa76e33965ab,train
79a0ec3cd28b3946,train
79a429ec099f00d0,train
79a744164b862c00,train
79a87dd6efd37a97,train
79a8a4e79149eec7,train
79ab493ce5bd7271,train
79ae35c42fdd5feb,train
79ae96e1287edb86,train
79b1fa399c85f1fd,train
79b8c3a7c870a98a,train
79b93504ea293e10,train
79baec8b4c9d539c,train
79bb63a04d0f449c,train
79c167dfe9bd266d,train
79c37a0859c86ad2,train
79c84eb24ff501e4,train
79cd2c3e05db1f1e,train
79cfa1aea380e1ee,train
79cfcf4ef4520632,train
79d29b9c0d84144d,train
79d39251dbb52e7b,train
79d6536e2f0db231,train
79d90ad4ceb361a3,train
79d95c7f51de11f7,train
79db3922adfbc5f5,train
79df5ff769f41935,train
79e0f37744b88809,train
79e3145a74e9b3d6,train
79e55d134233c04f,train
79e9a8cc9c73be6c,train
79ea93bdd9cbcef2,train
79eae41a311d4753,train
79ef2996de19fb38,train
79ef7a65870f41f8,train
79f08cf75d4d4744,train
79f1ed98aba25fbb,train
79f45a87e5c6ca44,train
79f9560555245e8b,train
79fbcec45b69d4bb,train
79fc097b7e91317d,train
79fc8fd74fbc2fd1,train
79fd0d3032cc0196,train
79ff6fdbbc3479c9,train
7a00a90e4474abbb,train
7a02bd6d490f4e70,train
7a031c2f56c9d19f,train
7a0361d3a6ff1d77,train
7a045922f4ded2bc,train
7a0463dc5e6ab71d,train
7a0709639be7db6b,train
7a09f5dbff76559a,train
7a0be326f006aeb6,train
7a11cca8f2e51268,train
7a123aee6490a397,train
7a12e1e362d913bb,train
7a13f7fbb9181992,train
7a14a05bc10a818f,train
7a16ab08e54b6c96,train
7a17c6a75871764b,train
7a181076b21486cd,train
7a19b59c1785f3c1,train
7a1c4e7496b91e78,train
7a1ec0cbe9c2c269,train
7a1ef2d9eb9c23cc,train
7a1fa049d1debef1,train
7a21f9c2ba2ec709,train
7a2873bdac18fdcf,train
7a29a36ed4869fe3,train
7a2a416f2826c92d,train
7a2f7cb41790cf62,train
7a31594d7c26bce1,train
7a31cbe88d0f4258,train
7a37d459394a15c8,train
7a38524778d5d4b0,train
7a3a88dfa8212239,train
7a3b254999d09b44,train
7a3c70fae61310b3,train
7a411bb43f7f520c,train
7a464f37065e77e0,train
7a4824d1e8692a9c,train
7a49d435c9c76098,train
7a4d220ce083af80,train
7a4e65930353cd60,train
7a5025020e2f409d,train
7a543bd25ea7fb58,train
7a546a80becd89a6,train
7a54845c6516d110,train
7a54e8aeacbbcd68,train
7a5794ca7196e36a,train
7a57ea0aa7426eba,train
7a58b99e8c25def7,train
7a598e91460dc951,train
7a59f50179f25893,train
7a5bdc6a42311623,train
7a5c3dbe9943d84c,train
7a5ce92c4f82d11e,train
7a5d68330cbfa8d5,train
7a5eecc3af656236,train
7a5f567c80c91aeb,train
7a5fe5d7626c3bc0,train
7a63bed3c4278b47,train
7a672a0e71f7967f,train
7a681051359996d7,train
7a6858456c9f7b01,train
7a69179ef3e0bab1,train
7a699da312348586,train
7a6c7fd5b86e2ef7,train
7a6d4be8d5235163,train
7a6d91116f298400,train
7a6dd1cdbca0d06c,train
7a70e50b96ecd75c,train
7a7201d9656ea128,train
7a739f3c7944169f,train
7a73a3a9571c7b49,train
7a769ad62d45731e,train
7a7701b4708637c0,train
7a7860574030380c,train
7a78da5a61114c02,train
7a7b46ed5c98af92,train
7a7bbd9deddabfb1,train
7a7c05c4316221ee,train
7a7cfa8d3a25dcc8,train
7a7f4b4a3afdb7b0,train
7a7f53a1e3f0e5d3,train
7a7fe6c6dd80753b,train
7a81f4c7c6cb55fa,train
7a83db9cd0f606e5,train
7a85ce12fb3697f0,train
7a85e205c78bcf99,train
7a85f80d316cb7a6,train
7a87bd70cfda933d,train
7a88ad035d7cc516,train
7a8a1b1f363ed433,train
7a8f3aafbfa7c5f7,train
7a92e6db0a2d84c4,train
7a947640b2c5b5d5,train
7a98b57c81c8114f,train
7a9a06c391ac4426,train
7a9b1b6068537bcf,train
7a9f840867c296aa,train
7aa16327829109d7,train
7aa26dca29da461b,train
7aa440c30c233ead,train
7aa72c74eae08f2a,train
7aa73df698656667,train
7aa8d348efbefc88,train
7aaa3d2e50f7414f,train
7ab14c72c641fa00,train
7ab549098e4027ce,train
7ab551196c3edaa9,train
7ab8d347dbbc5046,train
7ab91dcbe8033efc,train
7aba264246fc5eca,train
7aba73d73bbe6c2d,train
7abb41e107da0126,train
7abe99fee4901f9a,train
7abfb842b4b7bc1c,train
7ac0735ded933172,train
7ac15759a0603a44,train
7ac227ce88e2e1fa,train
7ac260f485af562d,train
7ac5aff8817cbd3f,train
7ac5e633c899af9f,train
7acbf1f2eff51f5e,train
7acfe1f492292917,train
7ad07105b4b6873d,train
7ad0d39d315b3e99,train
7ad1c75b9b93769d,train
7ad25afa80a9da58,train
7ad7a8734bd30902,train
7ad800807cab0bd3,train
7ad8bb0648147888,train
7ae08a1c38b86166,train
7ae0a3e90a3cb1ec,train
7ae1e5edce4f9485,train
7ae2e517b15175d7,train
7ae3c34b682b53b8,train
7ae66437e7c732ae,train
7ae723ab23b557ef,train
7aec65ca290e0782,train
7aef752a5744656f,train
7af115e1817c47f0,train
7af131b62e8ff831,train
7af149ddb586e19b,train
7af2aed6cb5597c1,train
7af46e7628aa303b,train
7afafafcc2b3fb67,train
7afbdab20dd92251,train
7afc5cca800c1feb,train
7b042a5a9d05509d,train
7b05c8bfa7f4d031,train
7b088643f1e74d62,train
7b0e4474c37cd5bf,train
7b0f580333826e62,train
7b129eafb70040f1,train
7b1bf2da200cb6ae,train
7b1c4690b57f66bf,train
7b1c6fdd0dc936ab,train
7b208463e15eb869,train
7b215d3336597b2f,train
7b24dc1b598b6ec5,train
7b26f712e250bc17,train
7b28429f45db9e2e,train
7b2ca5c2f84004be,train
7b2edb541a1bb93e,train
7b2f4d460ee71ea1,train
7b3267782f64dd81,train
7b382813c8dd2287,train
7b3cd28f6a1441ab,train
7b3d8293cc915ad5,train
7b3f9e591cc34d08,train
7b436ce95b16577e,train
7b456409fd5370e1,train
7b457c93872c8ddb,train
7b4966883ae7bd80,train
7b525efabcccd606,train
7b52e0fc9428e746,train
7b536f0f7dbf84b5,train
7b5612a13f152b78,train
7b57dcaaf75ad724,train
7b59bc4fee38a277,train
7b5b66da744fbc1b,train
7b5d15535bc4da5a,train
7b5d55b0f9853f61,train
7b5db614e24816c4,train
7b5e7a6561a79274,train
7b5ef20270bce864,train
7b62cecf5e930fbd,train
7b6322ca98168d6e,train
7b632a3ff7cfe367,train
7b6417929043595d,train
7b65b0432a4fe190,train
7b6b7cfd1e561562,train
7b6b85bf8da14756,train
7b74105f5ae5fd3d,train
7b75fee18e991ad5,train
7b77498cbb9fe669,train
7b777ec2905fd0eb,train
7b79e8e11c648aed,train
7b8105ff0d745f32,train
7b8135b5833cf8d2,train
7b816501a6429b7e,train
7b81938c03db77c7,train
7b82e4b31a503216,train
7b86786b4f5131da,train
7b86e6e8f36a16db,train
7b87333811b12128,train
7b88356b71eeb6ac,train
7b8a8d82cf13f5b3,train
7b8f6c378f87e418,train
7b903b6ac8b6c28d,train
7b914f5e666d49c5,train
7b91df56868fca19,train
7b92721182eb2605,train
7b969dd8eacdb039,train
7b96f07a5b43e69b,train
7b980c1d8b3ab34f,train
7b9aa55904f438ac,train
7b9b91d468b0cc97,train
7b9d63157adc77a3,train
7b9ef5c260e0f0b4,train
7ba1291f458ef49b,train
7ba64025ab4c6cbe,train
7ba83bad0becbfe3,train
7bac28afd5b4cb22,train
7badd7c9ddb8771a,train
7bb00ac83292392f,train
7bb03e7da88ec4a3,train
7bb0ecb2d14c07c8,train
7bb5b2003ced5678,train
7bb94175685b5be5,train
7bbe9f47c38b96f1,train
7bc2dd6283858c90,train
7bc469ea3afd3321,train
7bcb6f6c192e3d96,train
7bcc5d95db3cccf3,train
7bcd5d9abae67c85,train
7bcd90d9c8953060,train
7bd5d51a63ec16d7,train
7bdd9e411cf97a95,train
7bdf0e64131107c5,train
7be1b41ee6544c17,train
7be3e8afe462b035,train
7be578d4fcf0a876,train
7be5ecf8d148452e,train
7be91b18aff8d00a,train
7be936c1f4bda737,train
7bea63712b43e998,train
7bed4df109c39739,train
7beda3847025df34,train
7bee5c4f6b9513e2,train
7bf050707ff0f0b4,train
7bf49692cba14344,train
7bf5bf3a07ee897b,train
7bf5c596bb77a1ea,train
7bf74ad8052db5ae,train
7bfc3dacd83d7ebc,train
7bff1a389aa21b1f,train
7c003244b3fbba1d,train
7c01dc0c5aea6119,train
7c04b443c5e240ae,train
7c04bcda5b2bfef2,train
7c0525fcba4627bb,train
7c061c134ab810c0,train
7c076e33a0e1991e,train
7c094a9014c06eb2,train
7c0a91467383c00c,train
7c0b6a4350429788,train
7c0d354f3d53f9e9,train
7c1192656b3ada5f,train
7c1223391710f16c,train
7c12549a8e97d95f,train
7c14361bdf72e5c2,train
7c1502b9e477cad5,train
7c156b3045a39e05,train
7c162306c6c39815,train
7c16dc175009b54a,train
7c189ce982294312,train
7c1907fe89fc39c7,train
7c194d405a096daf,train
7c1ca7368bd1f755,train
7c1d233e6b416edd,train
7c1e00928e1aabf2,train
7c1eab0f79d3bdeb,train
7c1f098260f6a8e3,train
7c274032a3f3f5df,train
7c27fe943365aa7c,train
7c2828ba5d5e9c29,train
7c29146212fa1668,train
7c2dbed2ab833a5f,train
7c30bdfea141acd3,train
7c342a81d9552766,train
7c35b6a403ff0ee5,train
7c37d0c115c0e753,train
7c3b2c6a0b8ac44d,train
7c3c86334ec6a5b1,train
7c3cb7fbfa3a6478,train
7c3e17736b778f9c,train
7c421427efa9617b,train
7c433bf3681c0da1,train
7c43dfc0a6a77ace,train
7c4756a674bdffb2,train
7c4a00d621292c25,train
7c4aa5ca2ae70949,train
7c4ae8f4807af8e7,train
7c50f3a0df02b38e,train
7c5192f46696b08b,train
7c52516fde6baadc,train
7c5748a366557830,train
7c5834f0af535840,train
7c5875adf6834a3e,train
7c58af293efd2fd2,train
7c5dc10476604303,train
7c61938d04230b58,train
7c62466fe2566af1,train
7c62466fe2566af1-2,train
7c624faab0015749,train
7c628316c3bec0bd,train
7c630481ea9a6a9a,train
7c63f75585b2ca52,train
7c6509ecb375b12f,train
7c66ba129e6724d9,train
7c66c3896d273240,train
7c670dc871e68d4b,train
7c68c53abee804c4,train
7c6a225011d86004,train
7c6cfc34a539fda0,train
7c6f32ca27da0503,train
7c749023bad691bd,train
7c74f1458483e5d6,train
7c75565e6a0c7b27,train
7c757fc55b9f6548,train
7c760b894e9d07ed,train
7c826fe0c251532a,train
7c842ae014f85c9b,train
7c863daa5e2a5011,train
7c8b0fe0e8dd0827,train
7c8be81d8b91e787,train
7c8cfe368fffef3a,train
7c8d13cb70c96150,train
7c9183a76894efcc,train
7c933ee88cd0c97a,train
7c9679113f53afda,train
7c98b392ee5811bd,train
7c9b788cb22b9aaa,train
7c9e863f4f74ba4c,train
7ca6054140348c99,train
7ca7fdd4c436d1be,train
7ca8b9d0238e7351,train
7caae264bd5bb9d9,train
7caffdca05f2bef4,train
7cb39635ef9710f2,train
7cb5f1c24a1bb913,train
7cb7448e4ae4272b,train
7cbb320cd8061719,train
7cbb36f2d4390e08,train
7cbd5421972d6474,train
7cc2cf8194828882,train
7cc5900602af38a1,train
7cc6045930a66ba4,train
7cc67b383f206949,train
7cc6d1de7f7295b9,train
7cc7f1531936720d,train
7cc8a7ef30e35e2d,train
7ccc377254ee873d,train
7cd503a23d4be68e,train
7cda6d34a135784f,train
7cdbfbdc192be6ab,train
7ce02eb5addf280d,train
7ce68e73e5ae3abe,train
7ce6aa0fecc41a93,train
7ce92d5309960575,train
7cebe7e9abe1acdf,train
7cecce3041c63163,train
7ced1a53a070485d,train
7cee7c9e35676298,train
7cf195cbd0d8dc8a,train
7cf673ddc8d30a48,train
7cf88a45c98d3912,train
7cf9c58caa2238bb,train
7cfabf90781b2fe7,train
7cfadc5f42376635,train
7cfb4afd88453b08,train
7cfbcc1a7579aad3,train
7cfd4e8a9cb8395c,train
7d01edbe6e0a9780,train
7d03f4cadd422bbf,train
7d06e4d0933b53ff,train
7d08c806bca2ced1,train
7d0b75c8499996d5,train
7d0dc988e7b7cbc9,train
7d0ecd9172d6fbec,train
7d0fbb62be8ebb65,train
7d10eb9e2df8755b,train
7d120217671be717,train
7d138611b97811aa,train
7d174bee003a13a2,train
7d177487362930e9,train
7d17f8e088eccf03,train
7d19a25ea0a46c8b,train
7d1bfdd6b392b599,train
7d1d1751eae8f08d,train
7d1e1e1911eb4aa1,train
7d23724124fbfd27,train
7d24f5dd64287d77,train
7d287779fb13321d,train
7d28bb03fdf2fafb,train
7d29045ea44eb487,train
7d2a78082300e4f5,train
7d2e716cd805667e,train
7d30392fa7111452,train
7d30fed9c18d65f2,train
7d32b9b0ad02aa27,train
7d33238f514e5b5b,train
7d36869f8eb4aed1,train
7d391983126d6fa8,train
7d3940f3a79289c7,train
7d3b88f0598e3a6d,train
7d3f54da16362ffe,train
7d3fa9db1d27927f,train
7d40963c9e96d50b,train
7d40e439aa56d8d2,train
7d414e7836e812d2,train
7d41eae55a488d4f,train
7d46e13d7ccd265c,train
7d4771146a3122f3,train
7d4783fe2f26ae9f,train
7d48744c2327bfb3,train
7d4948c73fa484f3,train
7d4ba66e2715f1f3,train
7d5562e5db54cd15,train
7d55aa76056c141d,train
7d5a1bb2d50ce6c8,train
7d5b7e9cce4a931a,train
7d5d6acc13f80492,train
7d5d7a99b2a20c83,train
7d60921a386e34ec,train
7d6473d2d3eea94a,train
7d665ba95da55b45,train
7d67a136afa97880,train
7d69e5d1ffcdd2f2,train
7d6be33f927010e7,train
7d6d70a0f51e29d9,train
7d707365ecaced2a,train
7d721c444da1937d,train
7d724c018be00e80,train
7d75173fb40b965a,train
7d76cc4d3d5f735f,train
7d77cac5873b1ffb,train
7d798a9c63194b28,train
7d7ae5b0f40edac5,train
7d7c2b5de67854c7,train
7d7d4471ff4b9c26,train
7d7e3d81a2dd48b1,train
7d7e6896e24e7d7a,train
7d7ff696f0f417a0,train
7d82da0b5c18c1f9,train
7d8317e65c6bdfb4,train
7d837890c886f344,train
7d8568bc5c266260,train
7d8679ec5140b765,train
7d870559c8fec45e,train
7d8b2baeb36ea004,train
7d8fb090dc7fa2c3,train
7d903816753c1c5c,train
7d91b9d54d478088,train
7d959672ef1791ec,train
7d96032f0bdb874d,train
7d96fc928f9fc7cf,train
7d973d61068f0b37,train
7d99c909535b37d4,train
7d9a620afd92a5c0,train
7da0a29a6d6f7d9a,train
7da24a1db569dead,train
7da363ca870675a0,train
7da9f0afea4460cc,train
7daba212cc55cd76,train
7dadde10b2aeb58e,train
7dadf5639f18cb46,train
7db3ae1ad2206a4f,train
7db3c5262e6413bd,train
7dbc32a2c1ff998a,train
7dbc5a3b498f6049,train
7dbef78c8f9a6f71,train
7dc51d97d64aee20,train
7dc6087addbf3b37,train
7dc6f15424a600c4,train
7dc77213d2166cbc,train
7dc7d4c14c8e4c0d,train
7dc9439c07ac2d8c,train
7dca163240f75452,train
7dcc898f1080a01e,train
7dcdc5155f898684,train
7dcfb23924c3148f,train
7dd0489d491bf89d,train
7dd131181ffc74bb,train
7dd189557ffbcdb4,train
7dd1caa5e1a2f855,train
7dd330e0d44161e0,train
7dd33dff3c7905a6,train
7dd3f717b5574ba1,train
7dd70ab66b3d8efe,train
7dd9a8c0ea1b3677,train
7dda36f730b5ac4c,train
7de12d7fc4765b18,train
7de9feff408f76ac,train
7df5af3fe9057ec0,train
7df73f48753d0b96,train
7df906c32af00bf3,train
7dfc42a7f40f077a,train
7dfd4ee3197cede4,train
7e027a7b9a957427,train
7e04621533672598,train
7e05fa3bd50bcd8f,train
7e091b7cf8616d05,train
7e0b18a88635d24d,train
7e0ca01cba3254b3,train
7e0cb2513827031d,train
7e0ce1556c8f6cbe,train
7e0f98c17e14c333,train
7e1490cc889fe62b,train
7e162c374687ffe6,train
7e17b3ad2593ef21,train
7e18904b6467fc68,train
7e1ce7dfa9ac4f5e,train
7e1d85608fdbc7c2,train
7e205e3efaa850f5,train
7e2173881b54eefd,train
7e23d0f448f3fcd1,train
7e24c4b5e3f10640,train
7e25304ad8bb280a,train
7e253adb6512250b,train
7e292ca25e34425c,train
7e29f6f7b1e4381e,train
7e2af51ffa81b46d,train
7e2b34cf61b3f4c9,train
7e2c08b5a6941f0e,train
7e2d9d294fe2a452,train
7e2dd5f8830c75f5,train
7e327e1b0e300e2b,train
7e331a2ed3df2e08,train
7e33c8b330af7d57,train
7e3a40487039399b,train
7e3ad86994129ed9,train
7e406511cabbe018,train
7e407fc45c7c17db,train
7e45594d57688e78,train
7e45982160f2420b,train
7e49c726c846aa34,train
7e4aa695624d62df,train
7e4e491ee09ae568,train
7e50e2063c5fb0ac,train
7e52a8c3dea9eed0,train
7e54f6d7174e333c,train
7e55d9ce85082c09,train
7e57028ae6fb5d0e,train
7e5d6b4632698791,train
7e5e0b7d7917539a,train
7e5e0eaa78baa4b0,train
7e5f70e341f39aff,train
7e631023a509184d,train
7e671b1878624be6,train
7e6f16b815ecfb28,train
7e727786a9b587c8,train
7e74e4b493f9b11f,train
7e75f1d6a96a96b8,train
7e77b799ded8afda,train
7e7a566dd2aa6644,train
7e7a666d1e2b4987,train
7e7b86da78d5e3dc,train
7e7c6298e8927f9c,train
7e7e4d26314d8a87,train
7e816c779433ea5e,train
7e829fb117b5cf60,train
7e82db54e6aa6c6c,train
7e8396e0dc1cae48,train
7e83b7ef61c7d73a,train
7e84a4f4da3eb988,train
7e8a14058ee3c332,train
7e8bb621fdd19992,train
7e8bdeeb073f8f57,train
7e8f85e0aa4155e3,train
7e8fbca0b74d3de1,train
7e9363e0f6a06e1c,train
7e9993976ff887d6,train
7e9b7d19e888f1f9,train
7e9ec4874f33806f,train
7ea12ce4bce73fea,train
7ea23eac1c7b0cec,train
7ea508dd1417181f,train
7ea536b18cfa0b0d,train
7ea5bd99f4ec32fd,train
7ea6b87fbec45bc3,train
7eaedac296a3e646,train
7eb16de89fcb4b1a,train
7eb24f46d38589ec,train
7eb4513e6df6c96e,train
7eb48aecee64c86b,train
7eb497c73730a112,train
7eb52cf396815e4e,train
7eb819fc5c9b097a,train
7eb90d0cab342494,train
7ebc5c06bbdbf120,train
7ebdac4b98c28486,train
7ebe4245ffa83eef,train
7ec3d436d6fcd904,train
7ec76e4e06c953a0,train
7ecc7650345f75ca,train
7ecca13ff2400b08,train
7ecd9ab883beab82,train
7ecfde7da9b3507c,train
7ed5ba729e0adeee,train
7edd91f46ad7239b,train
7edea82e59e95d64,train
7ee052cdc0b2413c,train
7ee086578ea6961a,train
7ee19071707e5fec,train
7ee1fb359a7cd360,train
7ee4a60c49d8c1a1,train
7ee6dec52f5d228c,train
7eea44bb73f1ea58,train
7eeb83d4c8d9e587,train
7eee3a6c1d4320af,train
7eeee7f407b2a8f8,train
7ef1ccfa3432c608,train
7ef511dabb7bb0f2,train
7ef517957f1b596e,train
7efe6277487619ae,train
7efe9445b55c7678,train
7eff4c33a34c0832,train
7eff82469221dc3f,train
7f008af890a615ae,train
7f04b2a5f32dbc37,train
7f061981ab59f20f,train
7f099649bc3cf210,train
7f0c0bcce4356484,train
7f0d1ed63539fc70,train
7f0dc47c350b57fc,train
7f0dca96a7f5c459,train
7f0fcaf472c73106,train
7f13f4cc585d4ccd,train
7f1577f8dfa9b416,train
7f164b13e4b62178,train
7f17495c914a1296,train
7f1880d51ed35144,train
7f1887df9837251f,train
7f1ba974feda8ef1,train
7f1bf91d4c895b71,train
7f1d9e5c60d3315b,train
7f1e6a8b1823b79c,train
7f209b9e24080c64,train
7f2310ec3f522b9d,train
7f239b5e1afb56c1,train
7f23dbf2af677a55,train
7f243fc8145eaf55,train
7f261206dea00f4a,train
7f2652d3f6e37168,train
7f2d3a420e4e8a3e,train
7f2dc0e061655953,train
7f323447771f07a6,train
7f3241420e537099,train
7f3376a5c3afae4a,train
7f3a383903fdfdee,train
7f3c0fa7a2565d4e,train
7f4158297a089acf,train
7f415e547d2389d2,train
7f48a145244cd055,train
7f4f0bfca78da587,train
7f5032ab570ae051,train
7f584cfc7c9a218b,train
7f5856143bacce77,train
7f58828273e07e84,train
7f58c3470643dcc4,train
7f5d097a4cf8abb3,train
7f5fa65a7778e241,train
7f6410f59c5dd390,train
7f656ebbfcbdbcfd,train
7f6899f242bbef86,train
7f690343f6bda2ba,train
7f69d93fb9c08eab,train
7f69f30658722ba2,train
7f6d16b668d726b8,train
7f6f08d39921c443,train
7f6f51b4f9a7acd2,train
7f70a55f083f8be1,train
7f70f982b8920201,train
7f726d274d290e60,train
7f74a56ffb539d2b,train
7f74da5c49a3e265,train
7f7541fb91153ac5,train
7f78f86dd3508e71,train
7f7f5a429e5394c2,train
7f817f20966a1e96,train
7f822265a2e74915,train
7f84123c3519dd90,train
7f84f048d7299ec3,train
7f8527c7f15d3d58,train
7f8730c348499eee,train
7f88dfe2cab1eaad,train
7f8a0fc46a38a7f9,train
7f8abd08b884d0e3,train
7f8cb3d10ce3168d,train
7f8d95e5e6f1dd8b,train
7f8f1779ee3c1e04,train
7f8fe1ec896e1dc4,train
7f92019f5e752ee0,train
7f933bdf0fe04887,train
7f94aa237128b05e,train
7f9612fced8348cf,train
7f98742625bd4991,train
7f988fd8e7598635,train
7f98cc09741d0321,train
7f9bddd6ce791e8a,train
7f9c69bae5cb1557,train
7f9cb1342a25d207,train
7f9cccd26d16be37,train
7f9ef03a12f14123,train
7fa4d68c602a2e03,train
7faa276cc5945835,train
7faa41ad849976ef,train
7faa545d7fd42873,train
7faaad906a34e542,train
7fac99414302625a,train
7facf9799300133e,train
7fad8452164cad0d,train
7fb0220581785e52,train
7fb23cb929cf3b13,train
7fb3022779c3d8f2,train
7fb570b0e59e0873,train
7fb787c54e24627f,train
7fc125b6644f0400,train
7fc1c68165c81fc9,train
7fc274adef66f229,train
7fc3a9ce9b910d63,train
7fc4653d7c333e0e,train
7fc847773881889d,train
7fc937129948f7db,train
7fcc77304c00a825,train
7fcd610ee6003acf,train
7fd022465bf32c85,train
7fd3c3fd7a570ea3,train
7fd4b8aed897f174,train
7fd7a27a90584e43,train
7fd946fc4ce96447,train
7fdaf2f640f2e341,train
7fdc53dfdfe1a94d,train
7fdd1634f6ea4955,train
7fdd8a820733ce9b,train
7fde516730c103f2,train
7fe05aa59ef872af,train
7fe1750640a49401,train
7fe18f428529cf37,train
7fe5278a9bf6af87,train
7fe5dbbf95d21467,train
7febb0a5c6d350e9,train
7febd9b47f485ce5,train
7fec1d8b3ca729dd,train
7fecf8dbd4ca367a,train
7fed00948a985c4b,train
7fed8b4158b37ec0,train
7fef18daf59727b9,train
7ff11025257c5acf,train
7ff3864db80898e2,train
7ff9f9793f9f3df6,train
7ffce2ad3e2db0d2,train
7ffeb4a1f73695b7,train
800055540a75b5ec,train
800b8bea14d05381,train
800e2ae514baa623,train
8010cd506f600d47,train
801270c2f526fee7,train
8013358c6d1ed96d,train
8013b690263750d1,train
801a069af3927c1c,train
801ff12bf919caec,train
8020bb716a2d6166,train
80254c6b3e37e6d2,train
80260dea5854eea5,train
802b7dcd798bcebf,train
802c62aca1fe0b60,train
802cc9c09d8affee,train
802cec3a43bc6478,train
802d5d73e2e4d89f,train
802e8ff0f3af2154,train
80305b28b0b5d88e,train
8030aacf6e188846,train
8030d6c02f4ff35a,train
8033720cb8cc67c5,train
80374b9169deaee9,train
803fc8bf9b1830f4,train
80429c9584c84313,train
8043303bfeabc3ba,train
804420de934dafd1,train
80442ea1e7ff3ea9,train
804b114235cd9210,train
804c056848607d0f,train
804c344c941facdb,train
804ea02a2a9be6dd,train
804f3379f90ae31c,train
8054234d79ea53aa,train
805513859c0076f4,train
8055891bef261451,train
805ba9d06a8c1331,train
805c16aede80e9d9,train
805d009ce085404c,train
805d059ef6416c7d,train
805f4f195b53f1cc,train
8061a7f5861361d5,train
8061bd5f2500b984,train
8062267dbe0ceb76,train
80639a73c6958f65,train
8064ed34f4ac32a3,train
8066360d95ba219e,train
80687c79676ba6b3,train
806a05abf779888f,train
806d24aa8f1df9d6,train
806e891e314d8d99,train
806fdf5d0de7c72f,train
806fe9b498c95af5,train
807117838c58a148,train
8073f5a17b3de781,train
8075e7eb2be1b233,train
8076ec71c54dce3c,train
807bb744158a4272,train
807e92406e76540b,train
807f8fe6331dca8a,train
80839f9ec3e37d9d,train
8083feb020cac42f,train
8084c59726824cc2,train
8085a60a93555726,train
80862077473ac89e,train
80866ed7a03789a8,train
8087068bcd75410a,train
80874d425987ca66,train
808a1d15327cb662,train
808d250767b55d80,train
808d641911741461,train
808dc4bce1dbca35,train
809149b980d4f300,train
8095cbac8969f94f,train
809807b6bba21782,train
8099a3adfb27d2e7,train
809a0ac940236d77,train
809b16853c6b63a2,train
809b954b83a31225,train
809bae09b7067750,train
809e19cc80f459aa,train
809f62b45e95a114,train
809faf82be4da9b3,train
80a2d40c72703b13,train
80a31ed360a2d8fe,train
80a7f748b96d6fef,train
80a8ff5fc32f15f6,train
80aad33655550b1b,train
80ab36086134444e,train
80ab36086134444e-2,train
80ada96b87107fc0,train
80ae20ff4509bc21,train
80af53d7af1b4c47,train
80af62025195f9ce,train
80b0fa276403d1c7,train
80b2228849a2fc14,train
80b3fa8a09dc4902,train
80b50b7bbb99cd48,train
80b6a202562779ca,train
80b7d48442c1dd13,train
80b7db14be0cb4f6,train
80ba888d73c44531,train
80bb973e90109a58,train
80bc379c4e5d3690,train
80bc9892bc3421be,train
80bdf344c8a721ca,train
80bef335506d019a,train
80c3a079e770e4f9,train
80c4c7b977e0a278,train
80c5867d601816e6,train
80cb5f1c40900b22,train
80cc51c6551ba655,train
80db08d635320143,train
80db1b42871ebbae,train
80dcaffd174c7eb2,train
80dce90f732b4743,train
80dde77a97a0d7c2,train
80def178ae50d72e,train
80e35c832398f9ca,train
80e404a1ae61861d,train
80e4c5f2e0a9924a,train
80e7d9fac37d54e7,train
80e9cd66cc345f28,train
80ea12eb4262c752,train
80ecefd07ab95fcb,train
80ed340f1d74aed9,train
80edb31cca151443,train
80f9c59bff31f709,train
80fbd4dfebc73dc6,train
80feca14cfdf2b0e,train
810118d7e9e4d08d,train
81053b2cded7252c,train
8105998e5201d436,train
8106436006edc727,train
81072a739993eb85,train
8108a7cad6343a7b,train
8109e056b9298e13,train
810bdae7a83decd7,train
810ea279fc67cc89,train
810fc4d6e6b7a779,train
8110391811dc8063,train
8110c22fca66177c,train
8111ee68405769ac,train
8112cdf2bb842611,train
81136fcc273b1c48,train
8116599d5db72775,train
811668b9ef6d63bd,train
81181f1972c845b7,train
81187b36559a3e7d,train
811a04e8d3d123bd,train
811d2518884f8a2a,train
811e2c8745a7370a,train
811fe744b3a601e1,train
812737defdf64252,train
8128e1437bba4c7b,train
812c090cfef2d184,train
812c7a066c16ecb2,train
812daa46f90a8bdc,train
81356ca25fc47385,train
8136f87331f48726,train
813795fdbf882a0e,train
81381c595c25734b,train
8138522f7b6efe9f,train
813a5ab98497b97f,train
813b2c62b3c3d0f5,train
813d42db204f504a,train
813d42db204f504a-2,train
813e3c56fad2711b,train
814525fcee5a1d1e,train
814581db8a8fe000,train
8147892ac7dbfc0f,train
81484ff85348af50,train
8149ecc34cb7dd37,train
814fcc3e0883e7aa,train
814fe8e3ddc653ef,train
814ff2d58c025844,train
8150e7ef818dd833,train
815187fb8aa9e5ac,train
8152245f672f8a0b,train
815273df86c7bc58,train
8153f903aa4d6eaa,train
81552f7156bc4373,train
81575cb0ff366fdb,train
815bb35ec4415d96,train
815d614bb32fd99e,train
815d7f8980c1bcd6,train
815dca8341191bb3,train
815e0efb983ed1eb,train
81601975b1d8227c,train
8161e870074072db,train
816453e746fdfdf9,train
8166e8793e37e028,train
81674cee75d3d477,train
8169684eefb63b35,train
816989670903de26,train
816ca263dfd44482,train
816d4b8e83ea4b3f,train
816d6878f6272544,train
816e571bc891cd23,train
816e8e7c251b47f2,train
816f9b3741d3dfa1,train
8170d031ae2e570f,train
81720330d1c13cd4,train
81730f0aa960c19b,train
817410b04f25d38d,train
81768f6149ee9992,train
8179def5262811f7,train
817d4b078b3f0d72,train
8188bfd832bae76d,train
818a0fa8b9b1e05a,train
818c1111797cd1fe,train
818d271ddc556848,train
818d9cfc8b72c66a,train
818fde9597bb212b,train
8191e5fb1c5cd7b0,train
8192ca57dec08598,train
81949831b2012109,train
8194bf1d27ea574b,train
81975a64936198a3,train
8199de2e47b0c17e,train
81a114bd2e8fd5e4,train
81a3eb024de4666b,train
81a468e2ee7d7c00,train
81a482aa145eff0d,train
81a5b13382b8862f,train
81a66ce91d16d938,train
81a73e88352fef2c,train
81a8df326fd8d127,train
81ace83bc1521802,train
81acff9b7c89bc3e,train
81ade147be061e68,train
81b2c0e121994804,train
81b31b6b835f74f2,train
81b3ee8bbba0328f,train
81b43d068707a32b,train
81b4d54020b6b4db,train
81b6a552490734bb,train
81b7e0cf712940c5,train
81b91d12b7f9391d,train
81be6c3c32cf6d7f,train
81c1fc52f4ca9d7f,train
81c20f96ec9ab1b4,train
81c2185853468bfa,train
81c4b9b976f13fc6,train
81c7242717e667e1,train
81c9cb8ae0b47251,train
81cb5847c0ad4353,train
81d426df8d5686ea,train
81d9fcb285bf8816,train
81da1c5854e4f7b1,train
81dcc4b1f7ceef49,train
81e2750d1370327e,train
81e59a83f6f9f7f7,train
81e791302851c17d,train
81e8955ea3ab09a2,train
81e9e5c49ecb49d7,train
81ee88f0ac9fac56,train
81f0d22379e17acb,train
81f10b33bce2535a,train
81f4ee1d5e1ea794,train
81f953e471a72ad1,train
81f9d5626a04d31c,train
81fb16162b7caa59,train
81fb4c37715eaf74,train
81fb926d690a38ab,train
8207677083c398e3,train
820813b3709b3c70,train
8208d53dca246da7,train
820a4058995ec237,train
820a7faade157135,train
820c94000070a56b,train
820feea6aabda244,train
8210c0747474222b,train
82125f6114c2804a,train
82186dfdfce06f26,train
82190e8f52c25300,train
82196c17cafdc31c,train
821eb2d618e0c376,train
8221b7cb2e0269dd,train
8225eb00ff2f08aa,train
8226882072dac598,train
82286d84e52418b6,train
8228a88a431822fe,train
822974b324d879a4,train
8229f067a522329c,train
822c7cb7bb9ea02b,train
822cec21298bc019,train
823011d229ab027b,train
823318663c59fc48,train
8233377428216984,train
8234505c395a066a,train
8234d49e5a6d1129,train
823666db9930de5c,train
823f1c2f89ef393a,train
8241a5d3d73ca9b9,train
82450e81efb43d5b,train
824701c7e40672b8,train
824730f4c30be5cf,train
82475623daf8504d,train
82487991a83d8b0b,train
824891000a6c5209,train
824a89a3e8398cbb,train
824bbeed2bb97947,train
824bee131fcfb47c,train
82520a92d087fcec,train
8257d2ac26dd3c9b,train
82581b093405ff0f,train
825aeffc7223505f,train
825f8d2b89f13082,train
8264ad679d6de05e,train
8266c49695356649,train
82682739f887643f,train
82684a32c9b23561,train
8268ed450d923aff,train
826d2f67b6d15899,train
826fdcbac1ff18bb,train
8273e2d8e314ff8f,train
8276e2a44cb4cf42,train
8277034377d99096,train
8277b18d62ac1c08,train
8278fe4aeb335fe6,train
827b12bff3c14e30,train
827bc430f547cbaa,train
827c5ce04747c392,train
827d5405ec2ef73f,train
8280bcbb15143421,train
8281670a84d9aa8c,train
8285aacb77ba9b48,train
8287fa7e66594a53,train
828866f5d9132b38,train
8288905d6892c0c6,train
8288fd73d0bc3466,train
82892146b8f23718,train
8289f361eddb595e,train
828cd50002cbba6a,train
828f25e1067d5dd7,train
829335bcc7a65953,train
8293c42cdb60cf51,train
8294dd3af63f463e,train
8297910309184cd1,train
82984311d50281fc,train
8299b86a28b1b691,train
829abb22cd408c32,train
829db1c089410e99,train
829f46ae3d759cbf,train
82a10764d60493f1,train
82a1701c2d9d8efe,train
82a2283c652ed364,train
82a5992ac305b0b5,train
82a7941b21e8fa8f,train
82ab96685c5de302,train
82ad22105ee8b4a5,train
82ae37751c8d5f91,train
82b02c6d9ae92795,train
82b378ec04bd0139,train
82be91c85f3aebb3,train
82befd5939ada43f,train
82c152d9e35648f5,train
82c3cf5c750099d7,train
82c47f6da11847a7,train
82c66823a359892b,train
82c9ac6fad83e8d8,train
82ca081c10c02a73,train
82cbbdc21ed647ba,train
82ccd0387dda128d,train
82ce9844c48eb871,train
82cf9adfc3b176b7,train
82d12122f76059fe,train
82d1ae83c0760957,train
82d2727f0672f376,train
82d36f47dd8625b4,train
82d5b73c222edfae,train
82de18f2b2adca03,train
82de4bd2e06523a4,train
82e4b36faff09298,train
82e86cd4cbeabcd3,train
82e8b207a6642391,train
82ea153ce27f269c,train
82ea4d1898159df9,train
82ebcc0ac756a714,train
82edba3b9f1b851c,train
82ef2c3dc2e85415,train
82f04c0457c7f89d,train
82f0754e1213f962,train
82f6a44b05af067b,train
82f73c0631d2e140,train
82f74d175620dd80,train
82f90ee5d6b03802,train
82fdb69fdbfd96c2,train
82fe6e4684969767,train
82febf3a70d5f99b,train
830059bc18171a91,train
83016dfe8d8a5fe1,train
8304114fd4b1bc74,train
8307480b73af1fb2,train
83081f7bd117b2f0,train
830a7644e8274aa2,train
830b9c5fe37540df,train
830d76ad7c5020c5,train
831699a0daef6b03,train
8319454322437313,train
831aaef6ffa98c06,train
832165a7cfae0fd5,train
8324dd15177cf6e4,train
8324dd60d39688ef,train
8327003f3d40c893,train
8327b3b15d15d2ae,train
832a76324fc13a26,train
832a931c086076a8,train
832aa037de9f6263,train
832b31142c03ccca,train
832e477aa6dbe008,train
832f4654f3308f43,train
832faa1187a56f47,train
8330d565a8bb848f,train
8332dc4b63b478f0,train
83330a93cf64b4f8,train
8338d60195b6c741,train
8339192b34a54ab7,train
833a1d317ce46671,train
833a28ba08a1ed66,train
833a39663e624c17,train
833b02d76e57f433,train
833c47bab0aaccda,train
833c9c551bdddfa2,train
83426b4d0bc9d56c,train
8343cefa9fbdb782,train
83440735d1841f29,train
8345227c6068c744,train
8346b6bbb5bb7a6b,train
8347f202cf6d6a0c,train
834a63fb1886291c,train
834c9eefdbbf23d2,train
834f23862132a6d2,train
834fe0b0d320fa27,train
8350e571d0b6bcfd,train
8352dcccb0e50449,train
8357224064816c80,train
8357f0e2386befa5,train
835ac74ab3283620,train
835cd6d48e4c91dc,train
83688bba0c7d7e45,train
836b8ecdc7cb1357,train
836ba5cdc3268453,train
836c18d7726197fa,train
836c74679a9ae951,train
8370b6e63a5a4298,train
8371354438ef9742,train
837152150fca7bf5,train
8371dbc0a8d4c7cb,train
8371e2bd648f3257,train
83729479cd911b0c,train
837661c0958c58d2,train
83768b6332041c56,train
83788eedf3a1062b,train
837e63815629f6c5,train
837eaf072074e9f4,train
837f853491e896a2,train
837f981de438a6c4,train
83804b5cb4c5b000,train
83804b9e68453661,train
8382932bea7e6e69,train
8383d91b2657b314,train
838affda4d348f34,train
8390388b27e279f2,train
8392ac7383bbfc83,train
83990ab8b60ff785,train
839a6143f9bddb76,train
839f52dbdd3148a0,train
83a1eb0527f7d3e8,train
83a23b32017fcce6,train
83a3a8e2897ddbfa,train
83a3f01a33ae201e,train
83a5360bfa28b3dd,train
83a5663b80eea251,train
83a66fe96a0b3876,train
83a7446fa819d38b,train
83aa7210973ee111,train
83accf2cfec8327a,train
83acf79d7d5c0b9a,train
83afcba2933bd87a,train
83b01e0230e947fd,train
83b02e526f17f3ce,train
83b07b7eea31c926,train
83b0f36c31a7966a,train
83b16c54c552ce1d,train
83b5401169fc4e90,train
83b73b1277f239f2,train
83b7da7557bd0f3f,train
83b90da9599e4cff,train
83baadf9ae56dc26,train
83beba3132dc2fea,train
83c09b7c3e00657e,train
83c43edc43a62b86,train
83c5cb4c46b95032,train
83c60e5f818786c7,train
83c93757f1d60a03,train
83cf8c13d979fec8,train
83d35eea2d235025,train
83d71c773d856ea3,train
83db96bb142c23da,train
83dcbf53c5f826c6,train
83dcfe81166d0471,train
83dd2831d90d2c76,train
83de32fb1028157d,train
83def1ce55d65e9a,train
83df74ef82434e02,train
83e04be96e336ba0,train
83e18af40dafc8c2,train
83e35bc298d532d4,train
83e58914aae9bdb6,train
83e6f4b097af1d3e,train
83ea10f066cc6650,train
83edce8da5994ef8,train
83ee80a9d78018ad,train
83f1c67cc98a6608,train
83f2977e16504f3a,train
83f4bf92c299cc99,train
83f582f9c67465ae,train
83fa6c6ee0103ded,train
83fd03c26b060ce7,train
83fdc2044e3ffc3c,train
83fee16cb9028567,train
840193cdab0b613c,train
840250bac4c05c95,train
8402c04bfe0bb3bf,train
8403ce0723370d5a,train
84046d9841a8abe8,train
840498e025c1e19e,train
8404a37d115d76a9,train
8405b28e5e2cd948,train
8406c4d4d38a42e4,train
840b52c1d636c345,train
840e8c01ba4c5296,train
841190d8f2f8523a,train
8412e937e651f19f,train
841765c6cfce97aa,train
841a60e68ab11a53,train
841dded9f6b66202,train
84202da8c771377f,train
842168903c4c035d,train
84217933cb90491c,train
8424af971383b33a,train
84266c9f593fb3bf,train
842b092aa29ade5a,train
842b2e77054d70fd,train
842fd800e60b717e,train
8430d7dbffb0b7c5,train
8430fcd84c649450,train
8431ffb4f2fdae66,train
8433c47d6e52390d,train
8436293f65572609,train
8436b7fcf2fbeecb,train
8439eb63aef54759,train
843a0248a5c792e0,train
843a160b308928b0,train
843dc28afe2b97ca,train
843df7223b6a9b65,train
843e5d56a165b85a,train
843eba0fae1437b6,train
8440dc412a45b93a,train
8442a546453b0dfc,train
8447602fdc36dc12,train
8447f388adb3ae7e,train
8448827aebc154c6,train
844cef3764b7978a,train
8450132cb760a216,train
8450dca18b429b01,train
84520f344effb69f,train
845399d96d778ee2,train
8453baae8b9e1fb0,train
8456336a14b9d541,train
8457a78ccc96e989,train
8458969a9f0701f6,train
8458dc1a3c3b8064,train
845a39ebd80c5599,train
845a5cfff1b25493,train
845a9abc3b699bd8,train
845b7f981b93343c,train
845d3aa658f00ffa,train
845f475d2e473c25,train
8461997f906befe9,train
8462e49d1003a5c5,train
8463f7311c0e3d1c,train
8464ca542abb0bfb,train
8465fd86102ea5d0,train
846d0ed4eda846fd,train
847067df8d8254a6,train
8471fbc83758f573,train
84724c16e239d818,train
84735ea7fe8c644a,train
8473959c74cc163a,train
84747fdec2ec57ff,train
8476100ac0369b94,train
84780aee146b1b56,train
847811ecc94357f7,train
8479496c70effed0,train
847ca37f388beb69,train
847dcfb7f1b1980e,train
847ea6d1d080c7e9,train
848330d6f75ebca4,train
8484863921e7aacb,train
848782c9a16e9394,train
8487d795b7ccb156,train
84965156a59291c6,train
84994ba24f339a04,train
849db7092a6ec76b,train
849ef347637fdbdc,train
84a34427a12921f3,train
84a478c329f3066b,train
84a8099517d873d8,train
84aa2c29034c81d0,train
84aa87c5686bec67,train
84aa9213f0b1cb80,train
84acb0e906175dc1,train
84acb642e29816da,train
84aea972d59a9fd0,train
84af98c8e1174ba2,train
84af99dd09881a1e,train
84b042248f05661d,train
84b056e35ba8d09c,train
84b0f9906c24a223,train
84b2d3892e1e1495,train
84b924a088624bc3,train
84b97605a8fae2ab,train
84bd33543d7cfa3a,train
84bd667f15fef30c,train
84bd7b89952156b5,train
84bd8c44f4c539f7,train
84c07a7aade10ac8,train
84c178477608f1fd,train
84c3899a27b6cbae,train
84c6f46d32c31370,train
84c7593ee5c6f4bf,train
84c78f1567bc9b65,train
84c81a3b794e5e7d,train
84cb1ad57ddb2ae8,train
84cb3ea8fb284977,train
84cc4fb91de7fa25,train
84d07bfa52796dd5,train
84d2377a4f3386c2,train
84d7432c4efd0e45,train
84ddb47e195afa31,train
84e103b4757185f3,train
84e13867d7580169,train
84e3ac4fc1adf08b,train
84e4a06318053c07,train
84e56b3f417450b9,train
84e58b41df9569f3,train
84e69d7f333931e1,train
84e7914853f136e4,train
84e91f62b8856c66,train
84e9440e44bcb1e1,train
84fabe28bf6ab761,train
84fbec2b09afb1a1,train
84fc44b4d47be0e1,train
84fce1617c738a4c,train
84fd1cd6e86a819a,train
84fd74b8a8b2693c,train
84ff16bcf23ab5b8,train
8502a4f2057a1d63,train
8504a75c5609a2d6,train
85075dafede23a1d,train
8507e397deda3523,train
85082bf8eecf1512,train
850a1e69f6c1d78e,train
850bc97d1b597607,train
85116338b47d683d,train
85126e2587a32083,train
85169dea8dacb96c,train
851a1ff147982679,train
851d18fabd5c10ea,train
8521408aa62ce2d9,train
852170e38a238a2b,train
8522b93b44cd357f,train
852390dd5db7ec3e,train
85261f2045ab6d3f,train
85272b773f907c81,train
8527bc42185bbfae,train
85290050512d2b78,train
8529a4dfdac9da08,train
852a5ff0021dfac3,train
852ada02e9f57f0c,train
8530bb08ab0e4980,train
853361d3a812dc23,train
85337e560f64087e,train
85378fde5226493a,train
8537d079b53ef71c,train
853a8cfec15e4bc3,train
853d7cc3bb9e1caa,train
85443342bf178581,train
85476d7ea1ec24ee,train
854c2c8abb98e5c6,train
854d9612994fcf0b,train
854dff9eac8bf2f3,train
85507b29d7380942,train
8552bbee8faf85c5,train
855374c9198406aa,train
855374c9198406aa-2,train
85549e3ff71b7474,train
85552904b944e2c9,train
85554069d05f37d4,train
8558dcea68eadf38,train
855967cc3df140f6,train
8559931a69581e11,train
855ccb06bd7269d3,train
855f0ef1b73e00b3,train
85606d69cf617b2a,train
8561059821ffbd80,train
8565966f2bb5daa9,train
8567d74e310c971d,train
8569cff5bf8daa9a,train
856a941e4f4ba8f1,train
856e3bebeaf0beab,train
856fe0c7db32389a,train
8570dd5a1c6f44a9,train
85712858c7abca04,train
8572327811291d59,train
8574f83b4bec1bf9,train
857848ca843a77a8,train
8578e24fb1d9c125,train
857ae722ec6ea96e,train
857af0bab8be5568,train
857c4ad0e9998205,train
857e0e29a98b9aba,train
85841e17478c13d0,train
8585f3bc2c2e29e5,train
858890dc47d48058,train
858b15edc03c4d31,train
858d280375a63298,train
859108e0f578c8c2,train
859223670b0f0ee1,train
85930f6aa7e85fc4,train
859330151166027b,train
8594d8ab28eb2eed,train
859a9b1fc5a27c64,train
859d4d8eb32ea9a3,train
859dda0a9424e2d3,train
859e727620ebdca8,train
85a12213dce33ea5,train
85a12213dce33ea5-2,train
85a2ec684a1f828e,train
85a348c44c2b86c0,train
85ab7f9cb4508280,train
85b07c87680f83eb,train
85b20625ebfd323f,train
85b859ff7fe2bd33,train
85c255fe71ffe167,train
85c2f41d48d2a981,train
85c31e27b222a865,train
85c5ceb7c29279ef,train
85c8b24ee11cf7e3,train
85c9babf8c304f23,train
85cc8ed9d37e033b,train
85cd0ba7f02ed2b7,train
85cd60ccf3e1bdc8,train
85d0e88599c2c922,train
85d12151350ce399,train
85d2ed81af89be58,train
85d3b54a94436c75,train
85d50fc923c23854,train
85d99eb091166a57,train
85dad90e462166e8,train
85db8e3c4113cb90,train
85dcb064c02fca61,train
85df250bf2d33db0,train
85df5397d36731d5,train
85e51707a3bd0981,train
85e66100ee00ceb8,train
85ecf1b3424b3526,train
85ecfb81bb791bce,train
85ed3fe1c463001f,train
85ef4e1d56614cdc,train
85f0498b9e819c85,train
85f188120bb31dc1,train
85f18a2f79229a27,train
85f50499dbd45479,train
85f60e7a468f5152,train
85f618f2bd690824,train
85fc7bad50f981cb,train
86025e8af1672426,train
860ae6f1a6152f8b,train
860ce0a3c957afd8,train
860d3f013f38ce1b,train
860db7a5be126298,train
861279744300f33b,train
861d917390100d7c,train
861dcb513cdd929b,train
861ef3e3c225d3cb,train
861fec2c496a69ab,train
8623bebe1b3eb4b9,train
8624b63629224101,train
8624cb133bba1f2a,train
8627cd9e3a9aa7dd,train
862935169cbf765f,train
862b1105946a7975,train
862eb4fb0b6ee2a8,train
86333fc7c317d9a5,train
863ae9f763da4c70,train
863f308cad32651c,train
8640cea82edcbef4,train
8644facaa2995427,train
864ca8ad17fff3e4,train
864cf322dd11355f,train
864d89b46a82bca8,train
864e0427a4ba883e,train
8654a9b595cc73b0,train
8657dd64e3b8abe5,train
865b344c6d964795,train
866285fb5c6d53a0,train
8662f2960b8cde0f,train
8663983eb3b9151f,train
8663e199dbe48a5c,train
8664de5e902a15ea,train
8667491f0a722733,train
866d2e73cd52c9be,train
86729b2936ae796f,train
867461ca26024cfd,train
8675e9d501ced01b,train
867639742a8899c8,train
86792efa8b481d61,train
86793f5ade403ba3,train
8679cc96d5f2fedc,train
8679d9c6f014bd90,train
868138e552878555,train
86862477a3e53642,train
868b520406b647e7,train
868df4b6618ac1b2,train
86903b9206e71919,train
86919a16b99aedf1,train
869284290951643d,train
86931b718a549252,train
869c785c2f2130bb,train
869eb0d4a6bb54c7,train
869eb839a098d4fb,train
86a11239a371517c,train
86a29f95f1ff7ab6,train
86a2e2f783cfb476,train
86a5478e25a4d984,train
86a5ca234b640c9a,train
86ae8697f5f9c900,train
86b257697d133962,train
86b3516fadc42ebe,train
86bbc242634180f3,train
86bbd48d41b4690a,train
86bc237a82f750d6,train
86bcc431bbe1e0ab,train
86bdde08844dcf2e,train
86bff39f7a291e83,train
86c195d700781e8e,train
86c1d1678ba0be8b,train
86c493b4d2e4d981,train
86c71e50c7e1a1d3,train
86cf34289eb61bca,train
86d226b076c648ec,train
86d2298092bc011d,train
86d4ee018bedfb47,train
86d68e675ea7e698,train
86d6dc3d3ad6d556,train
86d75d033bd960aa,train
86d7e4eb35ab9938,train
86dbe9b68a65554c,train
86dc5da1df4cf77f,train
86dc8696ebc6048a,train
86dfdf4f8638a6e0,train
86e1538c5fe8c0fe,train
86e1645c40069353,train
86e3997e803e7f65,train
86e4238c3e0ece0e,train
86ea091dff30d64d,train
86eb31a6aa041264,train
86eca6df715fc6b0,train
86ee8db3e45da7ae,train
86f0a985d2aa9c65,train
86f21a05ea10443a,train
86f461f2f1d4bbd0,train
86f59bc1d7673897,train
86f68d5199012d33,train
86f7a251cb0ecde4,train
86fb20e97d00a059,train
86fb9c603a06bea2,train
86fc61e726907e7a,train
86feac13484e3844,train
86ff487aa495e914,train
87005d4247013ac5,train
870246106c4676e8,train
8702bde659750088,train
87036be41f54a8f4,train
8704421facedac86,train
8704bb9dab749146,train
8705deaa04194a81,train
8706d59359562eb3,train
870732358109c116,train
87087824614546c1,train
870b928f8da4e89a,train
870d84db950f829a,train
87117785b4c4adb5,train
8713c5d3ef5a3697,train
8713ca4c58b1b202,train
8713eb2c47231ef9,train
8715049c2467a952,train
8715e0bb01bdfd7c,train
87167ff95ac8644e,train
8717c0f9a47a931d,train
871bc478a842571c,train
871eecb21f2ff7c8,train
871faf2b5f390280,train
8724fd61870b2da7,train
8726d90bc10f69fa,train
8728fb2b33b97311,train
872a7685c7fc30d8,train
872e9a9309894535,train
87381031ddbff8f0,train
8742151437d043e1,train
8747624de590b39e,train
87486ac63e982c37,train
8749e10c93d6e541,train
874ab65d326ca4d6,train
874b9a3238122a0b,train
874bdb4aa6796d34,train
874dda524050731a,train
874e3c0781288d64,train
875ad726981e420f,train
875c887f3f740059,train
87633cd81bea21fb,train
87633f2a8d56e371,train
8763abc837f2de53,train
87652732294a17bd,train
87679827e9f7f7b4,train
876e271c1c8063e7,train
87726fd365a9d83a,train
87731d45338221f0,train
877612e8f2addb14,train
87785dc08c89f22e,train
8779e90136d7f569,train
877cdef0180a6495,train
877d0436df17bbf6,train
877e81b08dd6353d,train
878619fcfab8d437,train
87899382c6867fb5,train
8789bbc5fb1e0eb3,train
878abc006a4edb70,train
878b43feabf600ef,train
878cf3a9f335030f,train
878cf3a9f335030f-2,train
878f88bd1ea56cdb,train
87909697f5888533,train
8791a7867c6e5b57,train
87990f38d949f370,train
87a52b8a91e36420,train
87a59c40804920c6,train
87a7f8bf2f5e174b,train
87ac14d78f151e5d,train
87b1bae1e82415db,train
87b2403c3e4d3324,train
87b28628e0d0d74c,train
87b34f4cdd1c9206,train
87b40ed26efa213f,train
87b45c6a90af5822,train
87b60cb383d5af93,train
87b7b163409cf3f3,train
87ba0a1759f14c54,train
87bd60815f7e0f01,train
87c0652c97ba123e,train
87c0997f70e879b9,train
87c127b0bcd3a9a1,train
87c17a9202c42c61,train
87c314bb649bb96d,train
87c5aa15fc2927e2,train
87c68b255da37fb4,train
87c7678183c47b61,train
87cafcde6a6605cf,train
87d0149a14fd50b6,train
87d32e6684a34d8c,train
87d4bec3958b0f2d,train
87d64c65f40c7b9f,train
87d6e965caa2fa96,train
87d8a1ebee5dfbe6,train
87dba7bfd450a5dd,train
87dbba66e7679658,train
87dc4e73da564939,train
87dd7cd8dd09a166,train
87dfb51cfe1f0852,train
87e0d30097db800a,train
87e52185d1ebf6d5,train
87e5b92158321a6c,train
87e7617bedc0030d,train
87e85e259db2588f,train
87e96342cac41410,train
87e9823930ca1854,train
87ec375efb7a97da,train
87f0c5d203f3cdf9,train
87f3068f520bf263,train
87f5d4f6744ba169,train
87f6822cbb3f6a4c,train
87f7cf442d36255d,train
87f82fe1e5eef383,train
87fa85bf8711c055,train
87fc666d90fc10fe,train
87fdf3707d130336,train
87ff2a0ba5997446,train
8801d0c9345084c4,train
8802003955124218,train
88035dd324b1453a,train
88079c8c8574a3f3,train
8808d4e1e13759c9,train
880b3cb36b0b3156,train
8810dc9769613ce5,train
88146f7fa5e32089,train
88163c49d09f5529,train
8816f281287f2faf,train
88172a4f044f55a7,train
881ad84a1f7fa961,train
881c0d8d4938ace6,train
88206cc45042f9b7,train
88212108ad33ff66,train
882480fabaa5356c,train
8827298a768db094,train
8828238d5b8284f5,train
88299be8b5849798,train
882a48553a421123,train
882c76a466d9362a,train
882dc2c286c5df2f,train
88310b94fcda2288,train
883588e3420cbbaa,train
883a36c78d489a4e,train
883c21c710d7ccbe,train
883c7582154f79d3,train
883e8a87176c04ac,train
884522073a93fec6,train
8845597b60eb3e69,train
8845cda71f304290,train
8848486352e7a824,train
884b42d31e9b4def,train
8852655a5ff53e5c,train
88538e597ac434cc,train
885623e7cbb4a7e8,train
885bde2e23931aed,train
885c34bd20af056e,train
885c4c02763f90ee,train
885dc8bec921d43c,train
885dc98c00242c6a,train
88600c0d22ea71e4,train
886014abb74e892b,train
886358bdadd2200d,train
886619c84e433448,train
8866b7339bd07251,train
886a78f20e00ea3b,train
886da83fb59334c5,train
886ea86a1ae31bb9,train
886f790d87dd268c,train
886feccfffc3f7c0,train
887170f7237fd25c,train
88753a643b6a5bf1,train
887700fbf14389da,train
887799a341ab398a,train
887b32d43dc44cd8,train
887b5af80d5eb00f,train
887c1f3ce71bdfac,train
887e42ba35b53248,train
887e83baaf6867de,train
888170f1ddb587ee,train
888183e6b53822aa,train
88844eed2527db78,train
8886b495a10a3adc,train
888d3b1f4c49eb05,train
888ed7fbdd13e560,train
88908e44e8eda4a7,train
88908e44e8eda4a7-2,train
889465caaed325bb,train
8895e2587bd4c912,train
88966b27086f9474,train
8898408cbeefa488,train
889c60455edcd11a,train
889cb191e6552b53,train
889d9c42fd3c178f,train
88a14c5c93282167,train
88a422d3a0d15d7b,train
88a70002945868ab,train
88a88cbb19158e19,train
88a9acc22c75579c,train
88ab9d81304bdaf8,train
88acadf1e7e75569,train
88ad6f0106b20c8b,train
88b1d7ecd78aefac,train
88b2730de52e3e94,train
88b3bec28b9bd765,train
88b7f9f4a832b743,train
88b92cfcb203905e,train
88ba18a8bdd31809,train
88bc1ee14bc5b2fc,train
88be0c08d832b55f,train
88c0460eef0481bd,train
88c214b2a68151e8,train
88c291bc142d7d9c,train
88c307b1dd59b807,train
88c51d8d0587b0f4,train
88c9d78e6105de04,train
88cc14f11e61e1ea,train
88ce2a4ced320976,train
88ce800aa5398a42,train
88d04bbc9b78a1a6,train
88d4c934d88959ff,train
88d5290b3d213643,train
88d5bc2c828d0722,train
88d76ebb60a86a6b,train
88da966e3d8a39a2,train
88dac9d50b18a496,train
88df02e7fea77dda,train
88e56484b2e7dd0c,train
88e59892c30da675,train
88e886da7c84e7aa,train
88e89232bcecb832,train
88e8cbdab788aa82,train
88e909a094c2f240,train
88eaaa81ec1f814c,train
88eeaf9e2e1bf6cc,train
88f05c8b0494b420,train
88f3c8db5b6ff6fc,train
88f5d7faf7db9e48,train
88f6f16ba61f7b55,train
88f7a9f64fb93d20,train
89022fada3b851ce,train
89026df6fa846f4a,train
89029273eb92d2a3,train
890302f1c90ada82,train
8903134e838e3119,train
8905a4d774186d1f,train
8905f48da99f185d,train
890678ba2ee0ab2d,train
89094c63da063fa1,train
890a9a60bcd98ac8,train
890c7be07afa689d,train
8911df4fb7e97703,train
891369e55c0ca814,train
8915da66c17bccd5,train
891621c76d888612,train
891772ffa05ae2a7,train
891ca46110001dd4,train
891e00a191c4902d,train
891eac586318aa6c,train
89227d58822a8220,train
8923e83c41c1de1b,train
8924fa8f4b968e7f,train
892dd1fce594f0a8,train
893177a10a917e32,train
89384e2ba5abcb91,train
893cef24f7a356b6,train
893f7c360a794dc0,train
893f890528957dde,train
8940618fdebc90b7,train
8942cd5ccfddf291,train
89464c933a621ad8,train
894884485918d123,train
8949843c100d5baa,train
894ab955a7938bc1,train
894c6ba12fd4b7c3,train
894c6c4500490e67,train
894e96a46354fab8,train
8950770b196102f3,train
8952c86c8a2378fc,train
895328e07ab4f4e3,train
8954283bdb735bcf,train
89550e08de1f8729,train
895a1b317a7d288e,train
895aad24c1c73ec2,train
895e6687015c4b70,train
895e9492a02d81a1,train
896078f3eac03875,train
896479c8cdec900f,train
8969df5ec4d1d432,train
896d34d19a3fdbac,train
89713cb2262dec96,train
89724869df768be0,train
897458e0bf84109b,train
89773050b9ab7b34,train
8979d4af9ad15476,train
8979d4af9ad15476-2,train
897b9bc550052e67,train
897b9bc550052e67-2,train
897c92a16b61cc4f,train
89803d567e922f7e,train
8981acb00c4558f4,train
8981da3055b0c238,train
898310626270da87,train
89838a6eef43ea32,train
89848b978bad2dcb,train
8987d3eb2f2f7e17,train
898851ba2f2a10c5,train
898b90902384ed45,train
898c86fbe5a0890a,train
8991ee2514fd5617,train
899e6a0edaf3870e,train
89a0778e30c2b220,train
89a25d25e32ce318,train
89ae811995104e25,train
89af5cda08e2dcd2,train
89b30851dc2d9575,train
89b4e4448bb9611f,train
89b84b236d7ba688,train
89b977dafd639259,train
89bdbb1cf292d180,train
89c4bf2803f6bd43,train
89ca521bebc690f1,train
89cba0b584b11f6b,train
89ce391586936e03,train
89cedc71f4d554a4,train
89d0a97458cc168b,train
89d22faa814ce5cf,train
89d2618b579c16cd,train
89d2d072458ab0c2,train
89d631ae2f4701ed,train
89db721e8dfd3c59,train
89dc15ddac94a2c7,train
89dc2455cc7a2bc3,train
89dee073152e1e89,train
89df7486c501f9ee,train
89dfa3a8efebedf9,train
89e1374f7574d6c8,train
89e24614794e2e34,train
89e36a98ab009d86,train
89e642ff74d6e39e,train
89e80e5f8f9e4208,train
89e933ec9d16aa7c,train
89ede59555f4f035,train
89ef7b80ba96e85c,train
89f22dcd8fbbf2c8,train
89fd848375d72d01,train
89ffbc1563de0012,train
89fff53b3427b4b5,train
8a01454e24bb7289,train
8a077078160cc2b0,train
8a097636c505908d,train
8a0990b54e3d19ef,train
8a0bcae240d493b8,train
8a0bd1f5d9b61d68,train
8a0c1610532bd69f,train
8a186a9ab2342212,train
8a1961b737707807,train
8a1b00204963493b,train
8a1f19f68e55293e,train
8a205b9170159a1d,train
8a2299a7ee5d3220,train
8a24188552227487,train
8a260494a275ec7f,train
8a273eb66dc288a1,train
8a28d20881445a0a,train
8a29178f259c7c13,train
8a2af12898abee49,train
8a2b1c4bdff1d494,train
8a2c08e78cf9fa56,train
8a2d0903495960f0,train
8a2e041692080744,train
8a2e3232b30a44bf,train
8a304ef629dc005d,train
8a30a9d26aaaa45a,train
8a31d7c949885e5d,train
8a39df84a07dcb17,train
8a39fd2f54a1ea22,train
8a41e26d01f11b29,train
8a4345499b025659,train
8a45eca33e48e26e,train
8a48999142eaf977,train
8a48aa917ff434ab,train
8a4fb0ffbc461bdd,train
8a5178a098c69971,train
8a52a37116130135,train
8a536d652993b43a,train
8a5752d45513cdee,train
8a595ab2f9afd2c7,train
8a5a3a579d28ab19,train
8a5abb63f4d96303,train
8a608b4e6687aca3,train
8a6095e19c94664d,train
8a613b7ac67b0266,train
8a631b30d3e756b9,train
8a634cf29c8759a7,train
8a6507493d68c905,train
8a66ae96cb46e178,train
8a6a5fe553074ebf,train
8a6f9e8ff4133b9a,train
8a72474f66658a10,train
8a74958ca1179013,train
8a75bc9a099a5715,train
8a77622efbf485dc,train
8a7c3efd4cdea35f,train
8a7c8e61166942d2,train
8a840bd1972e170c,train
8a86d8a7d00889d5,train
8a87034fa23bce86,train
8a8890af57e037d8,train
8a8940627a7d6914,train
8a8a91b4bd9f9f8d,train
8a8ac2c38796754f,train
8a8b0c1698ee26f1,train
8a8b7977ae73fefb,train
8a8e70dd69dbffc4,train
8a91bf139e8a5967,train
8a91dc0f102dfb31,train
8a9314845a000b9c,train
8a9462488cb4e673,train
8a979d4b2a796ea0,train
8a99ebbb555ac092,train
8a9d5c1210f71b7c,train
8aa18fdbb6bd289e,train
8aa275f3bf1a2086,train
8aa3f23906f6e771,train
8aa84618153511ce,train
8aa9671954e68840,train
8aaa4d428739109a,train
8aab10ba36197c10,train
8aae075dd7494029,train
8ab22ea2251edb0c,train
8ab69e0cb095af48,train
8ab934361d88417d,train
8ab9a32ea2b5463d,train
8abbfb8c7ce0169b,train
8abd0d70a6446a2e,train
8abef364e5959535,train
8ac0db8777d98e27,train
8ac4fa72e7638d26,train
8ac9c1fb67da13c9,train
8ad0ebb03490ce69,train
8ad5b127faf5dcec,train
8ad6549a4ad8cb5b,train
8ad963c54c6d1f8d,train
8ad99167cbca443d,train
8ade3d051c69670c,train
8ae297211cea7bd3,train
8ae311375971a4e3,train
8ae3c4d64c20af10,train
8ae3c8321f87fd76,train
8ae89803cfacec63,train
8aed739ad04cf954,train
8aeff751e14479ec,train
8af09e09d05f774e,train
8af0b6e9965cf9ed,train
8af2785d013a296b,train
8af442395dac7be8,train
8af485429af0ba09,train
8af4b5c89a63ed68,train
8af4d2c9cccc129f,train
8af5575f755a721e,train
8afc116c75cfc92e,train
8afea2afd6845ca6,train
8afee5570ae243bb,train
8aff81a8905c57b0,train
8affa231fa64e4b5,train
8b0135e6dc49fb94,train
8b01a629ff0cc766,train
8b0bb399d5a1bfdb,train
8b0f9ff7f08654f9,train
8b138b0350aff941,train
8b14ef529739eaae,train
8b188cc4fb521033,train
8b1d2158f97bf47e,train
8b1ed09e5538c47a,train
8b2019896eefae86,train
8b2040fb8f06c8fe,train
8b209a63ecfcc390,train
8b2766ca9f2408ba,train
8b2a34463630fdb5,train
8b2b5b74b56e9dc3,train
8b2efdc6f872b604,train
8b36b6d823abbe8f,train
8b3b2c2b3a469170,train
8b3f00eaeffa8848,train
8b3faeb66fac3cb6,train
8b3fc226a02cc1b3,train
8b413e99abb3803a,train
8b414c271fe0aa7b,train
8b41ba695fcd1e50,train
8b41cd158742ae41,train
8b423ab9387d720e,train
8b4bfbee3e1646a5,train
8b51f42a1af453af,train
8b52512cd1a79e21,train
8b53e20b9bdb4079,train
8b58d2e96b50876e,train
8b5c7898151a02c5,train
8b64611296fb73ea,train
8b66f6f8abef11f8,train
8b67714d2027afa8,train
8b6a79d6ed945451,train
8b6ba51f746afe7e,train
8b6d58906091b5e3,train
8b793d7c9c090705,train
8b7cf26362a26866,train
8b7da8c9d758a197,train
8b7dfa992d5dd766,train
8b7f518144b50484,train
8b7ff182249e9217,train
8b820128772fd431,train
8b84fc79b46a82a3,train
8b86865ad7e252b8,train
8b869bc7e9cf65e5,train
8b877a2049b98ee2,train
8b878fbe24533975,train
8b8f3a44c717771d,train
8b929da6d78697a0,train
8b966182c79a42cb,train
8b969fe8bebb51c0,train
8b9a46347b2e9e6d,train
8b9be921715baddf,train
8b9ea6ee4b45011a,train
8b9eaf2ac8dd0be3,train
8ba16a4be8085e90,train
8ba1d2419fdf90c2,train
8ba304bd679d4937,train
8ba5741a6cb14b2a,train
8ba5bff2c57b13e5,train
8ba7d90b26a62510,train
8ba8104add96bdac,train
8bada3db737e7ba7,train
8bb345b23448d72c,train
8bb3dd4bec4545e2,train
8bb4e890c1eda390,train
8bb794224ec09ee2,train
8bb7f5df83bcc163,train
8bbb41130131ad89,train
8bbcaa4cb001fb32,train
8bbcd90c222185f7,train
8bbd99127ab52eac,train
8bc3324c200f1742,train
8bc5f4b88434371e,train
8bc65cf2439b9a79,train
8bcad36c40ef4ced,train
8bcbb92312798732,train
8bcc508d7ceea788,train
8bccc8c3a94881b3,train
8bce8845fe76fb7c,train
8bd0d1b5e6cbbc69,train
8bd42a4e67f1ffbe,train
8bd9cc6e45da1e99,train
8bdcba0563700f8b,train
8bdfd4d59da3f4a1,train
8be0cb35a4ae89f1,train
8be1732d9582e465,train
8be2844a3c585a7e,train
8be58b3bee0efdad,train
8be59305564f898a,train
8be6db6b3af05e44,train
8be9ce40ad4882f9,train
8bec77724487c603,train
8becb3420ddfe0d1,train
8bed0aac5a11d9a3,train
8bef73ac0773ad9c,train
8beffaec60da5128,train
8bf0293bd089824c,train
8bf0cf25328d45ef,train
8bf14a4d93191071,train
8bf1e083af98cfb5,train
8bf22ae6415c3421,train
8bf272f6f7d4844a,train
8bf43db0919b3d0e,train
8bf570c78c14b3fe,train
8bf88ed13631e76e,train
8bf8b7af4f03192c,train
8bf8cedd24b7ec62,train
8bfab56626955572,train
8bfaea570df5e136,train
8bfd2549239532ff,train
8bfd7ae22fe4f313,train
8bfe89f1bfbc2c43,train
8c0361ac81d32890,train
8c063bac0a96555d,train
8c0772c7491a7e18,train
8c0a6607b5da806e,train
8c0a6607b5da806e-2,train
8c0b11a8f3180aed,train
8c0b5ad44fbcd175,train
8c0ba4f8b4ae8853,train
8c0ba7464e3f97d9,train
8c0dc215715fee10,train
8c0de12608e30270,train
8c0ee82efebea1fa,train
8c0f9355e4621fe3,train
8c17825032255f25,train
8c189c7ae98ccf76,train
8c1ebf343375871f,train
8c214847ba78666e,train
8c21ac8be179dfc1,train
8c229fdfbfc23f63,train
8c24e4533222f054,train
8c26382a98ce380a,train
8c2d694c9f0aff2b,train
8c2ddddbdb96b9ec,train
8c2e8ead23aca91c,train
8c2f980c8237355e,train
8c31a2ca4890dfbb,train
8c32dd5b1473c3ef,train
8c339c1fea49071a,train
8c35d0be71cdef05,train
8c39f53b25571791,train
8c3ad478e8db6974,train
8c3b9eb4a08109e2,train
8c407abd026b95cb,train
8c409a49d7ca71aa,train
8c41763eb89ba6df,train
8c4237cab26e8281,train
8c43c1f843de0c30,train
8c45fe7041f0e14b,train
8c48c93828dd45ae,train
8c48e32e2d3f04e4,train
8c4d1207a55ef0ea,train
8c4dbadcf07c20c1,train
8c4f7b3fe6f9b3d3,train
8c4febd91d31f20d,train
8c576b619ce250e6,train
8c5ecd30856367df,train
8c605126a3703217,train
8c621778816113b4,train
8c6273faad21b399,train
8c65cae949776ff0,train
8c66cf9f912f8200,train
8c68cc024b380d29,train
8c692720873350f3,train
8c6af7b9504d4516,train
8c6e009545a224e8,train
8c6e0f07a30f3928,train
8c6e18778afe3736,train
8c6f8779941b4f50,train
8c6fad5ef0a76d5a,train
8c709f812cb207c1,train
8c70aabc88e30921,train
8c71cf5500685753,train
8c722e5e432685f3,train
8c78970ff30f4866,train
8c799afe6da7d45f,train
8c8517290b9cc685,train
8c88a714e03009c1,train
8c8c19f4c14f759f,train
8c90ff820d87c061,train
8c9126997e5b072f,train
8c96840f66b25b25,train
8c9a3525a1b1cb9f,train
8ca07f52d9630e9a,train
8ca0907d63ee37bb,train
8ca29c7a67c57afd,train
8ca3423be4fc9238,train
8ca3c0b48611cec5,train
8ca65679d7c74080,train
8ca893e7d2c9eedb,train
8cb0e4eed560326f,train
8cb551b2b1bed383,train
8cb7ea5924661c4d,train
8cb81e8d247763ae,train
8cb894eb8ac51716,train
8cb9d5e463d98525,train
8cba5cf73022b229,train
8cbce03399a18692,train
8cc1f57c9c119e6c,train
8cc243bc0d72e1eb,train
8cc5e236384c2e7a,train
8cc8fe1402959806,train
8ccaa8fc7b6d0362,train
8ccc78a498fc1345,train
8ccdd031af6e39cd,train
8ccf61e31acb633e,train
8cd146f5075edef5,train
8cd1db9488e00d87,train
8cd29c7ebe0ee0f7,train
8cd45dab0762fc5f,train
8cd478b574b598f3,train
8cd7457c1508497f,train
8cd8bd859add4f79,train
8cdbfd36abd8c4a1,train
8ce074a4e6d35c5f,train
8ce0c26f5e94975e,train
8ce66f034b6b776d,train
8ceb9359d0cdafef,train
8cf6b2a8662b296f,train
8cf92a08adf1ff88,train
8cfbfd3d5fd1b605,train
8cfc7a3ed3e3b728,train
8cfdcbea2e0117e5,train
8cfefc3894bb0079,train
8d029371e4b64e87,train
8d04e5ac86930f34,train
8d067a1912c07e9c,train
8d09fbe382527958,train
8d0eab154b49f65a,train
8d0f0612040f0e43,train
8d10b390ce7e7652,train
8d1351d07aef7e81,train
8d13c121e1cb52c2,train
8d142a5c77e74075,train
8d1456dca5264d31,train
8d194cc7e2720777,train
8d1f17fc85aa3a81,train
8d1feaff4141602f,train
8d2141c634f9bae7,train
8d257aaf24985898,train
8d25fc9bd923c385,train
8d27af99ee29abdf,train
8d27d12006b66aed,train
8d343cadcb2421a4,train
8d351e2ad1a86e8e,train
8d370bdc4ee7e235,train
8d375487a7cb5892,train
8d37ed005b14183e,train
8d3a80fec0d9351f,train
8d3de3f1250c42d8,train
8d3f3731990534fc,train
8d40db42e609f03c,train
8d442f2252f2ec6e,train
8d459859fa167c0b,train
8d5147444ebd7c48,train
8d51f21d284f19f5,train
8d5269dda2c17e15,train
8d5733b858e99c6f,train
8d5eb006afae0610,train
8d61cb6bcae1c35a,train
8d64e2a896ebec99,train
8d65484dff0bf809,train
8d67b3a9f2665670,train
8d680d78f0144a92,train
8d688196cbd9ff62,train
8d69b2a8f0cef2a9,train
8d6dec88dbb98fac,train
8d7331eca337f38a,train
8d74950ef6633db3,train
8d76ec53659b8b48,train
8d77be3a91893d7d,train
8d78fb8398fe82df,train
8d7968dabd633a30,train
8d7ca7ab9cee7007,train
8d7d7f507b0d2ec7,train
8d7db8187f413c98,train
8d7e6abbb9bcd9da,train
8d7e97c4074b5f39,train
8d7f9b15c6f83389,train
8d8317f2371026da,train
8d84e6363eaecd41,train
8d85c8b2cc0fd5ae,train
8d888e985924c10e,train
8d8a1549ae05f2ac,train
8d8a7959cb5e4a47,train
8d8d2f7f844556eb,train
8d8debf98957e3a3,train
8d8ed11628c0a107,train
8d8f89a26f3e1eb3,train
8d93454ddfb21d3e,train
8d93c7f18858c422,train
8d9573db421d5010,train
8d9687d8f4a2acd4,train
8d9814285f2c37d5,train
8d9ad7eb48c9a96c,train
8d9cdd2aadcfd8db,train
8d9e6d7ad8a5e4aa,train
8d9f2f1ee43e6d8d,train
8da0fa360b9d0879,train
8da268aa83119066,train
8da31c1dc11752c1,train
8da62ee793d2705c,train
8da837fb334faf84,train
8daa480e7ac90216,train
8dabdb7265fa38c7,train
8dac41d7e123ef34,train
8dad19b5251440bc,train
8daf983b56da7739,train
8db0157e389d15f3,train
8db35f27d1335e93,train
8db6d9861538e2ff,train
8db80dfd3290f047,train
8db8c26756036c64,train
8dbb30ad5f6104cf,train
8dbb53e6d5e2eba8,train
8dbcc004b20cbd21,train
8dc3089da018289f,train
8dc49a8a6b0d1731,train
8dc5a1b401b46c7f,train
8dcc25576cc847e1,train
8dcc25b2574df492,train
8dcd0228acd79f07,train
8dcd90afd0becf46,train
8dcfd577cbd4107e,train
8dd8d934b9bc15c0,train
8ddb96a8cba84201,train
8ddc2f20019058d1,train
8ddde1ebba9fa840,train
8de50807c708fdb4,train
8de558c84a905b98,train
8decef3e850c4dcf,train
8dedb99f3e894945,train
8df95c8c47630f67,train
8dfc51f1905852ff,train
8dfcbcc5a7ad4680,train
8dfcfb677171c0d7,train
8dfefd0ca97e4480,train
8e08a75a450b18f9,train
8e09b6eb9c431802,train
8e0a452790c23192,train
8e0c306876a9847e,train
8e0cab02d7163416,train
8e0dd772d045e216,train
8e10b71fd02c6abe,train
8e11374d08921d48,train
8e125173194848c6,train
8e18b4a8c1b04001,train
8e1a2f246bd9791a,train
8e1a660bdb3834b3,train
8e223c503dd994bc,train
8e23564ca241061b,train
8e2aa1c9fb3cc02b,train
8e30c6502feedad5,train
8e350652ca4f1db7,train
8e36b4564a2ba43f,train
8e382686d46c5494,train
8e38699809cae453,train
8e38a10b5b92c1a0,train
8e3b3ef75ec4df4b,train
8e3cf23ec84758da,train
8e3e3202b517b52d,train
8e41b90e0618ef4e,train
8e45e14479a2db98,train
8e47336d34144ed0,train
8e5083d0f81607f6,train
8e52756ede1ef4ed,train
8e540456b29ee34d,train
8e544d07c3e0d15a,train
8e547da37433e034,train
8e594d88625e0226,train
8e59eeb6c458f0a5,train
8e5c48d3aa51b4aa,train
8e5ffa9d897f2f9a,train
8e62539138e279d3,train
8e635756000e739d,train
8e63f44a4e0d8b90,train
8e6c0ef93b1bf20c,train
8e6e169d38eb925e,train
8e6f913f6b91bf07,train
8e702077322d8fef,train
8e70b443cdae54e5,train
8e70cfcee1f8fd61,train
8e712aed26e8cba4,train
8e7226cdcde051b0,train
8e752527472136eb,train
8e75b58787b40a5e,train
8e7c107fcae928b3,train
8e7e1cb55f7ab580,train
8e7e1eeb83750836,train
8e7ee0e15795f764,train
8e80865c16de1172,train
8e863c7ec2c8ce1a,train
8e8674c8fb91483f,train
8e86e65bd3d16636,train
8e86ea5269d698de,train
8e87085c38501662,train
8e89a1a3ddc9a6e9,train
8e8a19795849a850,train
8e8c91b7ce2e2a3a,train
8e8c99627b446707,train
8e8ff25f9ca467ab,train
8e905fc7794363f1,train
8e935889afbbd5a1,train
8e945a972c43f07a,train
8e94de4d7bb84cf9,train
8e97d615aa6e93e2,train
8ea130863b3733cd,train
8ea252eb1dba96e8,train
8ea2544574f50af6,train
8ea8d96c2b45933a,train
8eac2116a35c01af,train
8eae6820bf9b56aa,train
8eafaf61d15c0357,train
8eb0c15a85f105e2,train
8eb0e3ec2ccb3464,train
8eb2e588cf3acd2d,train
8eb5017e5d4ccef8,train
8eb6440028da6aaa,train
8eb8ae7c9c082bbc,train
8eb8f8416c4370a8,train
8ebafb1a86d38cba,train
8ebb970dc47cfc7e,train
8ebbb03b25ca0582,train
8ebc2567d717ab60,train
8ebe03ea029199d7,train
8ec2f154144f8646,train
8ec8e0337c289b08,train
8ec8e31d8c8e1b24,train
8ec8e6ec73155da0,train
8ecbac8e3a2579b6,train
8ecca8aa24ebd66a,train
8eccbf0a4b8e668a,train
8ecd5defaacb468c,train
8ecdc34e3ca32663,train
8ed232d1d80673e5,train
8ed26a7175a9a6a6,train
8ed2efb2c412d662,train
8ed3fc0203be4b3c,train
8ed642a8196a5d75,train
8ed6f277280ccbda,train
8ed7a74f37cbcc92,train
8ed9b482e14e6335,train
8edb26539fa52fe3,train
8edb5977a1397254,train
8edc2fc023df6f4d,train
8ede1e930e83b6e7,train
8ededc9b4a115b8b,train
8edfa954ebe8b60e,train
8ee2f21493693498,train
8ee3fa467f964ba6,train
8ee49cc76786a1d0,train
8ee788a5ade83bb8,train
8eeb37b96a6f9c05,train
8eee8cb01d5917b9,train
8eefefa875b049b7,train
8ef05dc1b2d8afad,train
8ef248145f40ce6f,train
8ef319b937628cca,train
8ef53934d6012bec,train
8efd37c0f8a35097,train
8efe0176202d2bca,train
8efead73edd3e1b7,train
8effb573a32f149f,train
8f002a2721c784d7,train
8f02224e5a5b5994,train
8f02bb2888ca91e9,train
8f03bda04699eb4c,train
8f03f9706fd19117,train
8f03faf6fe7ca568,train
8f087976075a70f1,train
8f09aaa46e413076,train
8f0bab53d9876472,train
8f0cb8d01ab4a616,train
8f0cec67c895f525,train
8f1034cb2d32a579,train
8f1167a2c2290859,train
8f145cf1f501bc1c,train
8f14c7530375ffaa,train
8f18ce7e0f9e2a70,train
8f1a4efa6cfd9782,train
8f1ea8c56a1283d2,train
8f1f950628348109,train
8f21ae104f841d38,train
8f21ed2928ffde3c,train
8f23dc497f7da87a,train
8f24b58dc98294d3,train
8f25a621b5ebff01,train
8f272e1d336b6d1f,train
8f2747bce30ae341,train
8f27704c7ab7c3c3,train
8f2915bcac744257,train
8f2a075952ae3305,train
8f2c9c5481f872dc,train
8f2da153eeb7c77d,train
8f2de7519238113c,train
8f2ee3cb5fcf7fd7,train
8f324bed007ec0dc,train
8f34a76b73f83773,train
8f34c6b55fa2bdba,train
8f391ad1ee8e2e2f,train
8f3b25a64d2a3de3,train
8f3d87a68e9e395e,train
8f3d8e2605b452b3,train
8f3f268af1c9b573,train
8f414a1d70392f94,train
8f414e628be41a4c,train
8f416eb23066e06a,train
8f42466857a24b40,train
8f42d32a268a99ec,train
8f42efdfe71abc5f,train
8f4378a3290f545e,train
8f449256c39ac5b1,train
8f478805dbcccd12,train
8f48dbbea575937b,train
8f49f4d19dfc4b1c,train
8f4e1c7eb2f28ca2,train
8f5140159d31a6ca,train
8f529e7c81902307,train
8f532e58e454c3e2,train
8f5668b8d840d457,train
8f57d0480c9f9c77,train
8f581eb7013a223e,train
8f59157f5c0b6fe2,train
8f597dcbea394386,train
8f5ae01de2fb7509,train
8f635a0d8525a364,train
8f6401a87db9ef27,train
8f69039e5c51303a,train
8f698539a077a8d9,train
8f6f1630f467d3df,train
8f6f62481f3df664,train
8f6f9f3b1a014d1b,train
8f6feac405ebdf90,train
8f7286e303805a63,train
8f73b316ddaeeef3,train
8f763cb559228acc,train
8f787b6b655b5b95,train
8f7964a9707c430a,train
8f8027dd167a764e,train
8f82f1b437c859d5,train
8f88a97a3ac118a2,train
8f8a71985e2881c7,train
8f8e7182c4a62eee,train
8f8f9b1c8efac78f,train
8f939bcb6f669e9a,train
8f947aaac2dfec9d,train
8f96fdeef2427135,train
8f987102f0f1b7cc,train
8f9918242cf6b127,train
8f9a71bbe83e3a0a,train
8f9b9c4a577406d2,train
8f9b9ffa95b1a5e0,train
8f9c4103de2690e2,train
8f9d246f1db35c21,train
8f9d7f96f29cba15,train
8f9db896ffdde470,train
8f9e5bea891fa397,train
8f9f8b4362b72882,train
8f9fba97afc92a38,train
8fa4fb5dddf87929,train
8fa5ab6f9fbbfbe0,train
8fa6d31ef1292603,train
8fa7441d04130190,train
8fa969c6fbb9f1da,train
8fab136efc8c350a,train
8fb0a0b2783156b9,train
8fb0ae56ff4184e1,train
8fb32962b6f4546b,train
8fb5200007568596,train
8fb58c70d28a5f01,train
8fb7d1da3c5987bd,train
8fb9e335b5880455,train
8fbaa540b533b0a2,train
8fbbe55a9a36bdf5,train
8fbd8b62fb9819c5,train
8fbf3fdf449c4055,train
8fc1c3e454586c5c,train
8fc30aedb858c38f,train
8fc445f51c4279b0,train
8fc4adb9e324d980,train
8fc769713aac793d,train
8fc85b62bab154a7,train
8fc891cf2ab29943,train
8fcaf70c1bc01be0,train
8fcbcd5d9cfaaa5a,train
8fd0cdd2125e0588,train
8fd24982c739da20,train
8fd6d625cd47476c,train
8fd9f37c0be0d952,train
8fdd8aa8bc5bd5fc,train
8fe4630d68c4f388,train
8fe769e3f9fade0a,train
8fe8cb4d02e5c936,train
8fe9b79ff0d223aa,train
8feac8d90af920e1,train
8feae0c9fb736034,train
8ff0c3b50a10cae6,train
8ff26ab382605a6d,train
8ff411e1ba0731ca,train
8ff4ddbab76a83d6,train
8ff7cec37c96e140,train
8ffa1721dcab7739,train
8ffbabd3f9a6bd78,train
8ffe73ce893e7003,train
8fffba6c9789d120,train
8fffd72b5e415793,train
8ffffafb600231c1,train
90025330926d28a2,train
900642e8583ecf0f,train
9008101f92885e61,train
900a1fd62c23ef2b,train
900e7f6e6013d189,train
900f161fe39abba9,train
9010d7fa79d0607a,train
9011b3c2fef00f66,train
9013ef84e5358f24,train
9017795a0597979c,train
9017a35a5f1ae417,train
901aa03386a12316,train
901b9bd6167a46c4,train
901bbb3085b8b1ac,train
901e46bcc758adfa,train
902245b9d005861e,train
90248d720605f569,train
9025a1e909a75818,train
9026ae5413a2ec26,train
902b35c7e84cfc76,train
902d333fa92c70f9,train
9031b47b5ac07679,train
903bcdc1f957c3f0,train
903cdb4693eee289,train
903d3f99e749beaf,train
903da2045bfb8f9a,train
903eff36f681912e,train
903f62924b8f4968,train
9040d1b0d1f01931,train
9041e9bc2d9752ee,train
9045426ce87e4626,train
9045cc493cb6a227,train
9045e4217bc12178,train
9047882f9c9743ce,train
9049d189ac3fed19,train
904a20fb108c7bdb,train
904b6ff9059c5d01,train
904ce7f5bfd8ca2b,train
904f6fdfb9d29155,train
904fb011053d31c1,train
9051af2b95950004,train
9051aff286d1fa79,train
9052f2efdc0e5689,train
90546a973b2a84cc,train
90554bd06e40963a,train
905cc1ceb6ccccb3,train
905fe6f71034f58b,train
90603c86fa754050,train
9062ca7467e12732,train
9068ab5272c3ffd6,train
906cb4647d31b1ff,train
906db554c7272f0b,train
906f2e53ee3e6897,train
907113b336f79ccb,train
907116e0f397f36a,train
9073d0f3e96915b5,train
907461c76300683c,train
90746df25f32c76b,train
9074d3ee6d6af445,train
9076dfe1e011d51b,train
9077c3a08090fa14,train
90780360e052d5ce,train
907a220734a08642,train
907accfcd106bf64,train
907c1b33ae4448fb,train
907c277e9dcc3d06,train
907e8f086ff65ea1,train
90817a715644f99f,train
9082446b742d5706,train
9083dcca324b5b93,train
90847b311f9fd55e,train
90862b1d82adef3a,train
90875ac688396284,train
908ae52b77195427,train
908b13875a2b617a,train
908da395ac1b3707,train
9095733b72a65be2,train
9095ba35a9b03ee4,train
90998cc80a7a5abf,train
909a280fa4a3fe51,train
909cf9ee54552ab9,train
90a0b9ad9ddbf68e,train
90a166c502dfaf52,train
90a253995cb44865,train
90a409663b83d6a9,train
90abbf7d602f67f0,train
90acbe0c420e808b,train
90accc833dd18387,train
90ae68b438671241,train
90ae713955f77530,train
90b0a4174c42f31a,train
90b730bb232a02d2,train
90bad1c6bdb333b0,train
90bb4a4623861b9a,train
90bb9dc318e7aba8,train
90bc897828019ebf,train
90c63f280fd0163b,train
90c966f2f7bdddcc,train
90cd7a69801e528f,train
90cee3b3daf41d12,train
90cf10f5b3ebf504,train
90cfa3798d0a43ee,train
90d55514a94725a2,train
90d5e5de9b136351,train
90d9ff6a9a8db3ef,train
90da3793811f7427,train
90da5701442b4f23,train
90db06f776c1ede4,train
90de287367f0eca1,train
90de5ab070aa5159,train
90deac23716fb13d,train
90e3640c0c8933e2,train
90e71256a02036da,train
90e7ea51f152629b,train
90e87da3fba2d1bc,train
90eb6bfc0582b2c7,train
90ebfb33148d4119,train
90eca229e190df6c,train
90ee89596da1c0d4,train
90eebff4407d339c,train
90ef29727db2c04f,train
90f00a035b008c99,train
90f0aa1684e66f2e,train
90f0d0fb174b3943,train
90f4f252d4f67e68,train
90f5d186c5639b2f,train
90f68b36ea021f94,train
90f693fc9febc167,train
90f783703709579d,train
90fac966766fb223,train
90ff11a9a1c37edf,train
9105a36f1f8c2a13,train
910785bb59293268,train
910c171feae460fb,train
910f377ad3f1a101,train
911140256c2ff360,train
911352b67547891f,train
911359ed0cb28213,train
9115cf663c9de597,train
911a21af7c1ae2e9,train
911afe9e72a37632,train
911d18f664cb3ec1,train
911e95b8ad9436df,train
9120908bb69d56b0,train
9120b98fe9154b63,train
9122c3c711a6da9d,train
9123d3f12df1034b,train
91270f27c70848c4,train
91272b701a5534c6,train
912832741fef6732,train
912977e863e58d31,train
91298e62bb5a5db7,train
912bbc56d5d909d4,train
912c094d7b0e5162,train
912d402547e69f7b,train
912dfecd8e272757,train
913065ff7f30fc90,train
9137038b04c52e0d,train
913c09c4073bf29f,train
913cf219066e8046,train
913d0f11c5fdd8ca,train
913de4c7ec1bce4f,train
913e68ecc8482510,train
913ebc8d49992ad8,train
913fcc6d0e036798,train
9141dc40185cc1c0,train
914303a696264412,train
914465f12d654c85,train
914504d9edbf9ad6,train
9146317d9b2ffa4d,train
91469b0b9ac0b0ba,train
9146e443427c8c6d,train
914845d7e21a28a7,train
914a39a0fc80e0f2,train
914faef66a2031c9,train
91559b04be6ef99b,train
91573501deafb12e,train
915a993a94ff2a27,train
915bbcf205b2f268,train
915dc975a6195bf6,train
915eaaea732b88fd,train
9160039c757092e2,train
916464c334997088,train
9164c699116dbf0d,train
9168e86ead0ec390,train
916b31ffab74a12d,train
916ba691cccbaa86,train
916c5d9685507640,train
9171471560b03cc4,train
91734f840a719de9,train
91749f7367cfcb81,train
917778d6207319d9,train
917873ae9a3c6846,train
917b42be2f21c89e,train
917b9736a03f4e02,train
917f7c4b8f248c7c,train
9184bca3ab39c4d0,train
918ad6bef32abfb8,train
918cf2c91eca6cdd,train
918d0af40a7e626b,train
9191b068db4c2dd7,train
9192c3e5faaada78,train
91930d18e65c046d,train
919524aa77ac4d73,train
91967059b8a2eff7,train
919d1911c210a758,train
91a07cd5b23fdee0,train
91a1496725562d84,train
91a1a9367db20d02,train
91a1db40cd7abae6,train
91a203ec0c230a47,train
91a38281ecf205a1,train
91a746980a1b139f,train
91a9d6f3edc9554e,train
91aa8be658a0ce05,train
91aa97f558f69e69,train
91aafbf8e28d6b57,train
91ad5707bd428388,train
91af1814c14330a5,train
91b09598ab3c29d6,train
91b106ed7f590b17,train
91b306d7f6a58607,train
91b409fb233c2312,train
91b7847352078f1b,train
91bb4c290721134d,train
91bd0e91f62ccd39,train
91c98019a3c933b5,train
91cb6e360616583f,train
91ce81e920c7ed6a,train
91cf18d1c222e9e6,train
91cf769a00090635,train
91d58f7683b02fca,train
91d5b31944214afd,train
91db06a9eb8b88fe,train
91db2e1db5b89e90,train
91dbce9c43fbdddb,train
91de78eb2ed44973,train
91dfcff5bcd0fc9a,train
91e466829a517781,train
91e5ab6c8d25c6f7,train
91e982a01e98c792,train
91f28edac114e005,train
91f2b5e0b60337c6,train
91f3d4b9dc7d4ad3,train
91f7e2cab12809ce,train
91fc9a265ddd9b7d,train
91fd3c6917d75168,train
91ff3cd6bc0ab32e,train
92025782f15b5897,train
9207b0ab58027034,train
920ac7ba9738959b,train
920b76518364c419,train
9210c40a701cf312,train
921105e2c9635bd6,train
92124f500a9c73f8,train
92139e72a431611d,train
9214168676824cf5,train
92155b15b103647a,train
9216d3328172a1db,train
921e244a5be9be53,train
92226c7fa8f3c70f,train
9222cc68b8963b14,train
92231444b3883151,train
9225aecfb5fba6fb,train
92294fe59c74c57f,train
9229d3b5dc9593bb,train
922b181396f709ce,train
922bd80374524d63,train
922f5317c18329e7,train
922f55a36a6c239c,train
922ffd33301ff6b3,train
9232f0a288d983a7,train
92340190e735aca5,train
923c6364a8e951d9,train
923c880f45ecd28c,train
923e8b1750264779,train
92400fdb73b9b04b,train
92404ba8b0d73027,train
9240690c476c5944,train
9246672679f1703a,train
92470cc284e03163,train
92491b34a733dd2b,train
924fb1e8bd24109d,train
92532081391eaa35,train
9253ee49b35d7e3c,train
925625d55bddf77b,train
92576078102db684,train
925ac02c3c367d61,train
925ae77c6a33b3fc,train
92615f93c70feebd,train
9261f26cbd3953a4,train
927acd1bd074a0ea,train
92877ba5753e4ede,train
9288bb0dc6880ef5,train
9289b7162e910f13,train
928cf9c05a83d90e,train
9291457eb43c6f51,train
92916adccadcf53f,train
92945f1ed27be0b9,train
9297e829cbf40aa5,train
929cdb4652ef0ce2,train
929d68c4448a0c70,train
929d99e9ddc60eac,train
92a07988447729a1,train
92a34b589bae0cc7,train
92a50eede89d8471,train
92a6c0e1489649c3,train
92a86929247448e3,train
92a8bc7bc63209b7,train
92a915f5c7435a58,train
92a96078f3cfccdd,train
92abef07cae6047a,train
92ace3778711cc29,train
92ae5b2d8ad3a02a,train
92ae7aeede774edf,train
92b470b9176813d0,train
92bb3ce3fbe904dd,train
92bec87355981412,train
92c00a2b0f83f030,train
92c328d9919e9dd7,train
92c6659ebba82532,train
92c83bb529d50674,train
92c98391cd67b899,train
92c9ae8f074ca167,train
92cbbf9361b0d908,train
92cccfb84ddfe463,train
92cd4e952d4a5912,train
92cec227b1c6b8d2,train
92d36386865f5c49,train
92d5a155e226e4be,train
92d8a1ae253e66c6,train
92e317865a0ed263,train
92e7444cdef3e833,train
92e7444cdef3e833-2,train
92e77cf94f93d974,train
92e8ee899c742872,train
92e91a9f5c371d1a,train
92ecccb2cf9042b3,train
92ed41ee4bea1140,train
92eefb572a866f33,train
92f1c5d6b7f9d7ee,train
92f25cce5f0791f7,train
92f5ae70011844e8,train
92f71ba264400b14,train
92f74f72614f2057,train
92f7ed1d69b2fc9f,train
92f8940e602b737e,train
92f8940e602b737e-2,train
92fc273b0df9b36d,train
93018388bf231858,train
93048ea808ecf260,train
93054511eab6e400,train
9307d6e5ef9ea06f,train
93094eed68921ea3,train
930f706f3c79e38f,train
93123279cfda18ff,train
931260f6906c32ff,train
93143b47e3390e7d,train
93157c622398817c,train
93172844aab5515b,train
93179dabd05448bb,train
9317d49308640b2b,train
931bbe3ed720d498,train
931ec688db4e391c,train
9321190c0a1923c6,train
93213bb7bdcc4d28,train
9325a55fc4d9cddb,train
9325ba9e3459b54f,train
93268744e9a3a154,train
932c424ae1a7c2b4,train
932c923821abb7bd,train
932d6792ffff09fe,train
932e8f5ae53d103d,train
9333c0ad53370a33,train
93345a6e090c99cb,train
9336b131c8fcaab4,train
933877455ba5be0f,train
933e6c177805090b,train
933f11dd51642e32,train
934206c0b976003b,train
934adadf223523ac,train
934d422a978d0c58,train
935087e5243b079c,train
93526a23c6e13373,train
9354000ad091103d,train
9354895fb753f293,train
935666b62823ac2d,train
9358655a4064e0c2,train
935ada93ea3cea96,train
935e27ca45a8559f,train
936046771e995d35,train
9361fb80d7611f96,train
9364f93b395c94fa,train
9366a7458ceef80b,train
9368c370cecdd419,train
936abf0fc306c34e,train
936cc3f3e9670d4e,train
936efe727945b010,train
936f793bb8e26be7,train
93721f64b82d0c79,train
93721f64b82d0c79-2,train
93740238cdbb3bce,train
937966f44b95efb9,train
937aa9ed7f0aca22,train
937d0f624a64da9f,train
937e4a0a7632c5b0,train
938023bfc94f47e6,train
938206ef831295ac,train
9385229228d2cce9,train
9389b1f627d9ff07,train
9389eaa9aa045b99,train
938d0012533fd5a4,train
938e4a5ad8305073,train
9394525f18598764,train
9396bd4356196a3a,train
93974923c32bad80,train
939c5010f6d03c1e,train
93a0b2334dade4f5,train
93a0b2334dade4f5-2,train
93a54df0a3c3af02,train
93a6e7fc3963e505,train
93aa7eba304c67f5,train
93aae76898ffa1d9,train
93ab865c935f7886,train
93ac93eb367d16f5,train
93b0c3fa261a92f6,train
93b221f2034b463b,train
93b3b32960c86d2d,train
93b65830c91a3b63,train
93b85988579d2d64,train
93b8cfcc79a8133b,train
93b9b036cf121e2f,train
93bcf7c24a283ee6,train
93c09b24c7fa3dd9,train
93c2b889d6c31f0a,train
93cad0e81f0ad325,train
93cb837bcffa7b85,train
93ccf44270f2f369,train
93d3289839e00e25,train
93d5bce04ca07733,train
93d97b241cc8436f,train
93da41afe017a487,train
93dc5e94d3d0ee23,train
93dccc972068fc6f,train
93ddec465375567b,train
93dfdde2c400fdab,train
93e4ebda9429e71f,train
93e64d4832545591,train
93e6666969573378,train
93e7dedfb5a1c47b,train
93e7ecaa1b345cb3,train
93ea6e1e31a9cd02,train
93ef13a45d76ce40,train
93f067f179c7b078,train
93f3602d7d01238b,train
93f397a43420440b,train
93f508986adac963,train
93f7146b804091c3,train
93fae1ed04d6affa,train
940153b82e210fcd,train
9401c2170a12124b,train
9405a3c03c6ea039,train
940a5fca19c86489,train
940bfa88968251e1,train
94114b2bcaf306d5,train
9415b5f16bc8c129,train
9417036c5918b19c,train
941779d294e7dba1,train
941d87b191b6f797,train
941de295763a1af5,train
94222cc15cbc9843,train
94223a28ca55db9b,train
942395dc6e1d6f45,train
942b61b9bd61a66b,train
942b971bb5a34ba7,train
942c36bf284d88c4,train
942d4923a6610276,train
942e8efa6f836e32,train
942f59a3924ddb8a,train
94327dee58533547,train
943b7c9741255db7,train
943fe5b5af2c0983,train
9440a2c46c5d74f7,train
944614204326b6db,train
94461e586ade5b34,train
94462562c46cc081,train
9446c5d1252e2926,train
9449b5112dc97c07,train
944a0a88b059f720,train
9452d70c72d5d736,train
945303c10bfd902c,train
94543e9d107e2894,train
945e7268a6ce8560,train
9460b0630a8c97e0,train
9467771959759918,train
9468d8dc811adbeb,train
946ca0e3fe5c10e7,train
946cf27e0e6cf23d,train
946fcaf13b39c3ca,train
946ffb74bc423ec6,train
9470aef60b11fec1,train
9472fdc611bc6501,train
94747065939a5a81,train
94752cd6137d1832,train
94753a0f6db85aa5,train
9475a3a2ae5dfde7,train
9476e6d7dec8edaf,train
94779b8860ecf2ad,train
9479a688d1b70d2d,train
947a2a730e67cabe,train
947e405ce6dd8c01,train
947fde66b7e7ef23,train
94804a6edce4b8ff,train
948290cb4497baff,train
94841ffc86c5e148,train
948564627f8ec1bf,train
948924725cf5d84c,train
948a530ab5fda1df,train
948c666ff12f90c3,train
948c69a6f33c231c,train
948e585a39ac5ea6,train
949567f8c685a91e,train
949661385de1770f,train
94986b730c0bfaf5,train
949d687369662add,train
949e97e4fb4881f5,train
94a032de793778e2,train
94a09426997538de,train
94a2154219404e09,train
94a5340c0296e7d5,train
94a75dceba645c65,train
94ad33343fbfd3ae,train
94aeca328e14f8f8,train
94afde25c334b2df,train
94b00d7d7ace0bd6,train
94b5a0f8f4e0ae66,train
94b64a96cfaf1bfa,train
94b6a50ce81f7f44,train
94b7eb86e55e687b,train
94b8669fc39becd6,train
94bee6a048556931,train
94bfe08e9aa7109e,train
94c0586aba665e3f,train
94c7435be440c9c0,train
94c8048b40f36334,train
94ccf730d36923f8,train
94d05dd41f7d5453,train
94d5f6d3654f6b46,train
94d76125ea4a8fc0,train
94da1645896a61c4,train
94da2ad117431d36,train
94dd3e4c212ef810,train
94de93e4ab0fccc8,train
94de93e4ab0fccc8-2,train
94df31938c85a7df,train
94df51825385279e,train
94e17479151c94ce,train
94e59743bd561298,train
94e603af60897237,train
94e6ec39d731e47e,train
94e89353d99b6e61,train
94ee01d4d328e630,train
94f0c99b24cb2179,train
94f2282e795ad867,train
94f58a9c92e17b10,train
94f63655d5693cb6,train
94f8ade7bf104a5d,train
94f8d90928243c7f,train
94fe2ca23b4c4a10,train
94ff9853ae52e451,train
9501d9946e2f0ea0,train
950420b87c29671e,train
95065363c022f4e3,train
95070b789417c468,train
95085bf7d919de62,train
950af72cb4411635,train
950afa2a833aa104,train
950b4bdc4e77eb53,train
950c0180ea5c36fc,train
950c1f2ea9b1d129,train
950eaf99b583d123,train
950fa8772f706474,train
9514844d167f0db2,train
951500ba9a1b16ac,train
95160c58ca91942c,train
95181b7376782e8b,train
951a0ebce78bd780,train
951b03128391ccec,train
951be5e44f255452,train
951d28c81d2b6d19,train
951f6cc35b71155d,train
95290df92c963895,train
9529bb656fdbc936,train
952a339769a1f4b3,train
952b77ae7d2ccf7a,train
952c9a346be6ec8c,train
952e1a774b820c70,train
9532316830434fe7,train
9533f911dde53924,train
95348aad1cef4529,train
9535fb5dd58f22de,train
95367aa003d01a4f,train
9537306d115a8dbf,train
9538659918ebfd8f,train
9538ddf5f6d3089c,train
953bd608f2aa7c42,train
95431d759cd85701,train
9545e1f6d99b5f4b,train
95470188f4ae98f4,train
9547184b8cd9ea3f,train
9547a780f4e44c9a,train
9548721fd623314f,train
954c0abb655110d0,train
954db5facbdd7581,train
954f9d80fbc4a578,train
955120f7be30be6a,train
9552b1bab46b7726,train
95567732091bb31a,train
95574ddd5f25edc0,train
95601f1ac7a2e476,train
95602e3b5d2e14db,train
9563332e4dba6a10,train
95655c06303e9679,train
9565cf4799b82e1d,train
95668b634170a594,train
95696517132b23bf,train
9569996405f3df37,train
956aaeee43372a83,train
956f7029e202304e,train
95715fab56318a21,train
95722be737059cb0,train
9572b563bc3b103a,train
9573681452d5c1d8,train
9574814391e90c2f,train
9574f426a23790b0,train
9578a652c630d20e,train
957c1c79e6694ebd,train
957e975bba6a0da3,train
957f086582de85e5,train
95862c2bcd41bd17,train
95863979df320893,train
9589afaefe149726,train
958bbfabbd252adc,train
958c87998542005b,train
958ca78a54591efc,train
958e58d6cefac629,train
95947cbfeb6a440b,train
9594b9c9bd55df94,train
959656d5ea3abb21,train
959839935252b78d,train
959920382d723336,train
959a281d0c26228a,train
959bfb25c03f9e17,train
959d299cbb18a72b,train
959fffa8d6ae6085,train
95a20962a81d89a9,train
95a2357e22f5762d,train
95a48ce8ea3ef1a0,train
95a530d24cf5ebe4,train
95a7a9b3d6ace19f,train
95aa8f2b98c3e9c8,train
95ac96b5d827d7fc,train
95ad01c8d1d60fea,train
95adc3440a2f323a,train
95b0037036583d51,train
95b3affc9bdba148,train
95b719045261a207,train
95b73f51cc0221b7,train
95b8f76a651ad04f,train
95bb2fa2404a5d1b,train
95bb37560f80ae1c,train
95bcf5a802c8ffa6,train
95c5ff4d69bc9e6b,train
95c6a7f81c6c72ed,train
95c6d1d7db289ee2,train
95c7772420a32efa,train
95c7bcdc9e5269ec,train
95cbe90b16175dc2,train
95cca905ceab85c2,train
95ccc78d21c3f29c,train
95ce03d55bb9f9cd,train
95ce34460c9741d6,train
95cf0d1e4f45fc4d,train
95cfd54511c2b534,train
95d21fc4e220a3e1,train
95d2ba957034ffd9,train
95d3df862ee6d173,train
95d4f601a106a15f,train
95d5a6bf13c22ddd,train
95d651547355aa88,train
95d6f9b835f8a82e,train
95d77892c70b96ee,train
95d97a2be70f40e8,train
95dd643ed6d23370,train
95dd699823102644,train
95e16c8b99f180ee,train
95e2e8f5d7b4e4f0,train
95e34edbcc3ae203,train
95e4f87d920abf72,train
95e7d4035ad99e64,train
95e87d370de7cdf0,train
95e925f6610e7add,train
95ea72417d8c781b,train
95ec204dcb04c64c,train
95f2c7483b5361e2,train
95f3db9c21447fcc,train
95f520fb43f8aa79,train
95f91eb1bd60dbb2,train
95f960519e280de4,train
95fc5cd0ea57357f,train
95ff4b1f38620205,train
9600f878fd506568,train
960180bfa5912b36,train
9606e47c852db861,train
9608c231069fe4eb,train
960a4b2ed5665357,train
960e13c12ece2009,train
960eaddaa003ae26,train
96122b83808ed12a,train
96125cec1fca71a6,train
961512f3adce7d21,train
9616ff992e242b99,train
96179608986accdd,train
9619292a84129d9e,train
961be01b785d9956,train
961d855fb4449a16,train
96226f7426222281,train
96228f3981b7bcb7,train
96233fdbc0c98e48,train
96241cdafcf7fea8,train
962448d883ce3f27,train
96252b887bae84e0,train
962719497d46d45d,train
96292add6ac31d4a,train
962a14ad46ada37a,train
962d70a5b5730e6e,train
962e161ef2d9876a,train
9632d7f866277cbc,train
963353610af23e45,train
96346369382bbe16,train
9637f4553b1691d2,train
9639490d3ac379c4,train
963a1b4e413fb1c8,train
963be0a0560ee70a,train
963c164314bb9986,train
963cac845d54378e,train
963d258725599b3c,train
9641f901485bcd90,train
96469b096d88ba9c,train
964ffac3d951b3ac,train
96581479d0233f7b,train
965daf39747727de,train
965f5032c221bbd3,train
96627ed1fbcf1f12,train
966957e4acaccdf4,train
966c796abfacfbd5,train
966ea15adc3ccd1a,train
9672382b3670bc19,train
9673327f6747c556,train
9674112b75fc4c8d,train
96755c5d7e813245,train
96797cdbf2e3e661,train
967be8d7021e5903,train
968085d1b8e5c547,train
96812e61076026f0,train
9681c2fc4e44ab06,train
96845b34d5207c96,train
968498038a80ab1e,train
9684d7553ce02ce7,train
968ad1f87a51c774,train
968d5db4b0650f07,train
968fe2ec0b9f5950,train
969286cd0ca0aa53,train
969307574a46ca64,train
969ab9604e0353d9,train
969b47f2cac4ff06,train
969d383165f33440,train
969de70ec4586e96,train
969f78c7bcfabcdb,train
969fdef82f47db42,train
96a662632f3cbc1b,train
96aa23efe69c55f2,train
96acfcc8bd91868f,train
96ad8471a9e23fff,train
96af8f4b492d4cf6,train
96b5b300e5dd7ae8,train
96b92a29a291dbc4,train
96ba68673635f944,train
96bc9da54670c8bc,train
96bea557014c9d34,train
96beda8bb5501f16,train
96c1ec9f944379c1,train
96c2c50a5f1e619a,train
96c48ba51e139826,train
96c52f3092947e54,train
96c60a4102382340,train
96c67cc77a698f3f,train
96c95371e67e767e,train
96ca348fb360cada,train
96ca6aed66811c64,train
96cc4eb76ad5d610,train
96cd05e600d3cab3,train
96cf9d7f8e7a3088,train
96d10d699458cc82,train
96d11b3dd08d6046,train
96d59c158769a637,train
96d5ec319f1df4a3,train
96d5fcdcaf80b7f2,train
96daa1cad390f476,train
96dbc62987dc808b,train
96dd86bb8ec18657,train
96de7cf6bd07a96b,train
96dfa29313658e78,train
96e067c63eaae11e,train
96e1f9f03074572a,train
96e474fb552ffc8d,train
96e47614b37d4ded,train
96e756891e22d396,train
96e792093d6fbe2f,train
96e9b14f6193f11e,train
96e9da5a014c0252,train
96ec01e5bc37f29d,train
96ef1850e0b2b3af,train
96f15cf928755b57,train
96f1b69386a013a3,train
96f2f8d30a856956,train
96f35ac900ad83b7,train
96f8bdb80b3b1f04,train
96fbe4a1e019d7a5,train
96fc14f169037d78,train
96fcebd81f7351be,train
96ffe6d9af540a06,train
9700bbb871e0dbf8,train
9704238e1d42adb9,train
9706bbfd4c68c682,train
9706bf9cb92d57d7,train
970883a70d9a287a,train
970883a70d9a287a-2,train
97088415936ca6ff,train
97092d1bf4015ff5,train
9709b16de13ac6ec,train
970b070694b6d76a,train
970b612ca172490d,train
970d97878e4ea129,train
9710aa4cc89fceb9,train
9710b1b6f551d391,train
97125134306a8b76,train
9712b7d4440efde6,train
9715f4a78e6fa763,train
971847a5a6e19317,train
971860c8a6f1beba,train
971b879d3a11b228,train
972054d4cd7fcfdf,train
9721765545b299eb,train
97253eb37e9f2dd1,train
972735083d778ea2,train
972837ae5954b52a,train
972b9ce3e2472d0e,train
972def84e16399ed,train
972e770397467af6,train
972ffbaa7924b25b,train
972ffff36932b7fb,train
9730e69de2661728,train
9733ffeed52e1407,train
9736f099fa4307ad,train
97379790a07bcbf9,train
973a7848245b01d5,train
973dc65bbff1a2f3,train
973fec4ac67d8097,train
9740c6a75f4296a7,train
974214c35794f856,train
9742ecbccb19f145,train
974997cdfa42574f,train
974c95a3d2c145ae,train
97525bcbc1d90eb6,train
9752ef656abcad7f,train
9753b2371c9374f8,train
975b45a484f03ca3,train
975c8f4c4bc55abe,train
975e19e5f5deca3a,train
975e43779eb454bb,train
975f82105db88375,train
9760537cddf44b7b,train
9761d57edfd5d13e,train
9762d82feace5efa,train
97654b18714aca2c,train
976621b5c2c3a9d3,train
9769012e24bfc7d5,train
976a31c92ae58181,train
976a3d4b2c05e4a0,train
976b895cdd79ce10,train
977075b140d7c337,train
97716114c0f841a9,train
9773c567ee36cb61,train
97777c530b8dbb77,train
9777c37d32adb35c,train
977b73a5085a56a3,train
977e4ba0e70d8ea7,train
977e9013dc31ccbf,train
977ee6d9d2cd4c4d,train
97847af1ab065d44,train
978785db6e7b2157,train
978adecfd9de8b02,train
978b881f8eb75935,train
978c2b0147d3b6d5,train
978fe387431323c0,train
979251a81dbf454e,train
9792eac370b5aca8,train
97930c46b9245566,train
979330affef12997,train
9794b3051ec92e8a,train
979920dd27c8fd71,train
979a9fc0f146750b,train
979c048f51891334,train
979fb86396ae5512,train
97a57dd3d417d920,train
97a5fa33b768fbc8,train
97a703ed8e35a1aa,train
97a88e6a5920d337,train
97a9238b9d3e7105,train
97aa76e43f4f04fc,train
97aba71803229e6e,train
97ad496022849c3f,train
97ae49c90c071e57,train
97b3dd0051b2e81c,train
97b47c557972a8b0,train
97b4d487f2ee2756,train
97b78e8c3693e565,train
97ba2ec0aea7a2da,train
97bd278373fed792,train
97bd8ab42fdf4e42,train
97be2bb5617cb458,train
97be7bf36bef65bb,train
97bee586d740d3de,train
97c064b19f77d9f5,train
97c2cc68ce02dbf1,train
97c2e977f2e4d4ff,train
97c4c384bd7699ea,train
97ca27d7dd597db2,train
97ccc780b30a68d2,train
97cdc17af05906a3,train
97ce48c9a0a2d0d1,train
97ceed37ae4531d3,train
97cf0f6de1dbde16,train
97cf974aa55c9aee,train
97d01bd1295edd68,train
97d1f5ec66b827e7,train
97d3ad1eaf1ae813,train
97d3c1191c1665d0,train
97d516542126123a,train
97d6de746804725d,train
97d82ad64eab27a0,train
97db1ee1d09d123e,train
97db91280f0cbb4b,train
97dc0906e6d585bc,train
97df55f79a83af7d,train
97e0675a189bfcd9,train
97e3de91e3944fa4,train
97e68f01eacd0ecd,train
97e6a18de4da5c64,train
97e9a12df1d45190,train
97eaa7b4b2c5080c,train
97f20a32665f3416,train
97f3a59266915625,train
97f3ebc9af4bbaa4,train
97f526622468ad6e,train
97f5b440bdb819d9,train
97f6b2b06a982588,train
97f741b42114e829,train
97f99bb4d21659b1,train
97fe080221d3299b,train
98021f49b42b2ea6,train
980653cd4c8b5b62,train
9808b16438031252,train
980b7959298fc0e4,train
980c1a5c212c5115,train
980d42bcf928123e,train
980e0abb53ee1c8b,train
98125bc2178a2937,train
98148fa087871286,train
9818e42210fdedae,train
9819861ab7214486,train
981d1d7d66fff2ef,train
981e71fab1242246,train
98256d40d2991da9,train
982cec22e89da998,train
983146938c3eb53d,train
9832a53cdb17e99b,train
9833c1253dee40c6,train
9839471fae8834a1,train
983e700e98ba23c8,train
983fb1211f02591a,train
9845c5325ef5041e,train
9846bc2bd1ce0eac,train
9847e8d8a51a295c,train
98498f7254020487,train
984ebff03423ccc2,train
98576d58652d9f6e,train
985807ffc1a047ef,train
985b7fa2e8bd5aae,train
985e82e23b2c487e,train
985eac01539d42e3,train
985f92db49d0654b,train
986027e12317f178,train
98604ea5f50877aa,train
9862d6155f521d9c,train
9864adf7ec480319,train
98662428d5d1105a,train
9867b7820b24769c,train
9869e80153540c18,train
986d86a89be0c659,train
986de611f88204fd,train
986de924dddc541e,train
9872a8542e7be565,train
98765c597f6039b0,train
9878999d8c78a7d4,train
9879df8c665ff94e,train
987ae2e3482abb92,train
987b8005f1447ac0,train
987bab25deca8050,train
987d155b906de85e,train
987ed4bd3839bc18,train
988163fe7934018c,train
9884d2ee12745496,train
988840f968f2a961,train
988d2a040b2714cd,train
9890873829414bd6,train
989385ab6d8eeb03,train
98951f17fd7ad068,train
98989908b4009098,train
989908de5229e4c0,train
989e644cf4e7d1bc,train
98a1a2a6bde475b3,train
98a288294d7674bd,train
98a4e64322e3ea4e,train
98a86a154df50804,train
98a91eef1c0ef84f,train
98a981882be9cbed,train
98ac65cacb046b03,train
98ae03038dbff0e0,train
98afa4705fea27fd,train
98b5bdf4ff9b6d57,train
98b8fc7414624c54,train
98bb0027aae46d1b,train
98bc32cb9c1c6ac0,train
98bc5e624cdefd2d,train
98c83b2c3f1ad465,train
98c88bf016df3b79,train
98cb2635dd9538ec,train
98cb269b79e31eb8,train
98cccf4eb245f058,train
98d05474f9bd5e64,train
98d07322fa230f1a,train
98d1d48e0851a6f9,train
98d25d9fcd2e48d5,train
98d2c70e5761837a,train
98d9cb3fde6e3fb9,train
98dda989a5e46192,train
98e0112d6bdd7ef7,train
98e071992d3cfc40,train
98e0886914b2cf76,train
98e2c43e7a091fad,train
98e5fc605da4568e,train
98e750ffc10e852b,train
98e765958d0218b2,train
98e9b1321e591f56,train
98ea7e12279edbbe,train
98ed652d185f5637,train
98f27a80e2f13113,train
98f4c839ed2103fc,train
98f5218ff3ecf630,train
98f722f5272d6167,train
98f84842d9240d8c,train
98f9330402e57835,train
98f9e07aff46614f,train
98fc073840be656f,train
99023b2d2a34f3b4,train
99027c79bcec90c9,train
9903f0d2b1161e31,train
9906253ce953f109,train
990778d3dfcec671,train
990a5ec49e0f99ea,train
990a62f230828eb2,train
990d2e005b224fae,train
990e79eec9638421,train
990fcf4b742329eb,train
99110b216a407944,train
99157485ec40a4bd,train
991d2c1b8bf44c0b,train
991dd92b87c32c68,train
9922653909987d79,train
9922c0343e6ced38,train
99232cdb395b0df9,train
992348e799e71186,train
992558cfc8e3677f,train
9925b947f6a76070,train
9926189d1713f244,train
99269b564fe07431,train
992b926e567bea18,train
992bcb7273b68141,train
992ccc4b0d079064,train
992e49b7a9824246,train
99303e7dd8fe5b2f,train
9931dbd4b1a12854,train
993698e5eff1ec13,train
9937bf6a2294d97b,train
9937c7474e0e489a,train
99403a23ee1cc551,train
99405805a785c1d8,train
9940ca263bb55766,train
9941319e77300022,train
994435c9b2176202,train
994600e192a22b9d,train
99477c2f2903f2e1,train
994886a8ef3730be,train
994914c9ed9e966d,train
99497f1c3d1df446,train
994c82c21a9f0a8c,train
994e08b4863bc05b,train
994f382629dd5225,train
994f99bfb7343934,train
99536af2a6074035,train
99549ad6b62e026d,train
99561207afcff107,train
9959901b444539f6,train
995b02ace0ff2a94,train
995f3911599afb2e,train
9961073225501ab4,train
9961d7f58114fb49,train
9961fceeddce5202,train
99658baf59fd9c03,train
996632c6fa5ee54a,train
99668a6cdeab8639,train
99685d0f64453b9f,train
996a7fc848382a92,train
996a9471df3e06ba,train
996b9c8c246bc96a,train
996bd4e16ba84472,train
996d3be002e562b9,train
996d5a4e3b472f0e,train
996e1b84493f240a,train
996eaefd6b5f6199,train
9971024e8ded5318,train
997110c2938f03bb,train
9973296fccd860da,train
99749a1b107cfb53,train
99763329570be47f,train
997b4def57c7c816,train
997c2f9f2cd55013,train
997c2f9f2cd55013-2,train
9980fe41249feb7f,train
99822353c26979b3,train
9983b4b651f23b17,train
9986d2e990da75c2,train
998a38d2a5600e68,train
998a8a7da20c1cd9,train
998fbd0c357e698c,train
99905ec02d871137,train
999083af92bad1c1,train
999903d95d60d911,train
9999e77fdcd47058,train
999a00f105062ba9,train
999d14bc35c11d3a,train
99a0afae42727394,train
99a11de5e64f12d6,train
99a36c8994496603,train
99a51b81375de1ee,train
99a66dc201d3dcb1,train
99a82059ec1ff188,train
99a9243005bc74c1,train
99aa516cb89f86c8,train
99aa895d84d7372e,train
99aaa6d589001382,train
99ab0e8aaa575f71,train
99ac2b914fb41419,train
99acfbd942cc11e7,train
99ad9420632da99d,train
99ae4a2088992e99,train
99b096956565ff25,train
99b15ef86662bc58,train
99b58e5a4aeffd2d,train
99b6f4a8423dfaed,train
99b868625eee91b7,train
99bc88d1d9cdb8b0,train
99bcc519bb95f0d8,train
99bcc5647b380a85,train
99bfe071cba2887b,train
99c02cbc092b6b70,train
99c0351761645976,train
99c60f88eba70390,train
99c63db8ff2fb873,train
99c98ed7f3905990,train
99cc1040ea350fb0,train
99ce4baae9629676,train
99d1230ecd5f835d,train
99d544123d7abbc5,train
99d75033eb96d355-2,train
99da8c5782311c5c,train
99dbd9a83e35b47c,train
99dd129d3b2a8f86,train
99de922b164d87eb,train
99de9c099ee68437,train
99dfa35f5cc6a824,train
99e44f5d0f91c9eb,train
99e797d2a526c46d,train
99e8623e7e87a5be,train
99e8d404f71aafb1,train
99ed7849077e0a1e,train
99eea2ca3209fb44,train
99f151aff33289a0,train
99f187a6007ed4bc,train
99f1a3eaac4ee5cb,train
99f53cdb51c049e5,train
99f540fb42888168,train
99f5507ea5bd3880,train
99f5c0331a7d32e8,train
99f5f143b2be81c4,train
99f601dc2edb7f1c,train
99f6ddea91927003,train
99fcde6117119e11,train
99fea1861272cc0f,train
9a006491f46ec50b,train
9a01796f810eca35,train
9a0181bdf2b1d772,train
9a02a3762f76ab70,train
9a034c9a76a775d2,train
9a03a979c8fd54dc,train
9a0426674db93aa8,train
9a058b40cf97452b,train
9a06833813bdddb2,train
9a08890f6d3591e7,train
9a0c1d8ddf1a33ac,train
9a0c94f3d1310939,train
9a116554668a4bef,train
9a11ee86df0ccc29,train
9a123e7de6b288e9,train
9a14faa71acbc6a5,train
9a159102529a7f30,train
9a161b4ab8873d3e,train
9a1711662b9b2ea4,train
9a1773f391ce02ef,train
9a1839e38cd121d1,train
9a19275cd5eda1a1,train
9a1a3e5c6469e395,train
9a2332507b7dbcf5,train
9a27b578ca763b30,train
9a28db742dfa47ae,train
9a2960d4bacdd967,train
9a2a79222ed6ee79,train
9a2f502157c6283c,train
9a3176508de0ec25,train
9a35bc209a400a94,train
9a35c246983e8785,train
9a378091fdbd4583,train
9a3ab8e8599a8732,train
9a3b7d5b2cd08576,train
9a4165735a2f37d3,train
9a441b521392a78d,train
9a45eeec690ca59a,train
9a4ab14385cdb6d2,train
9a4adce81573a60c,train
9a4d2bc6517abb35,train
9a509d60279581aa,train
9a535c1286702d2c,train
9a5a6cf932e82040,train
9a5afe7924705cb0,train
9a5cbfc8e1cccd0a,train
9a5ce8b86f81c8ef,train
9a5ce8b86f81c8ef-2,train
9a5e2ab6b38851b4,train
9a5fe4a9622c9423,train
9a619b0deed24711,train
9a6704148f71503d,train
9a679e6f46329bbd,train
9a67a16413a7f60e,train
9a6af133a35022ea,train
9a6b18fa6ca511bb,train
9a6cb748f7039944,train
9a6f55795814b9c3,train
9a7021a834040941,train
9a710724828a08d4,train
9a7871163af64440,train
9a790384152dbe2a,train
9a7a049cde855258,train
9a7aabbc910ed399,train
9a7b801a3a1a4fa6,train
9a7c5b6d3ca0f949,train
9a7d53cda2574f0b,train
9a806d9a8bf73501,train
9a81796a57993fad,train
9a81b1e67e8da11a,train
9a8310eafe76dd46,train
9a87078373dddc55,train
9a871459497ead13,train
9a871b9cac80de21,train
9a880554b0ebaacf,train
9a88ab471ad3059f,train
9a89496586666575,train
9a89500c06f29087,train
9a8a9cd0c2b8d8c3,train
9a8b61d3be0f64f4,train
9a8d165567a228f3,train
9a8fd8d009d53a5c,train
9a8feb585bbf3100,train
9a9248d76c2709ef,train
9a9d6e1cccf76ba9,train
9a9d87fc2b6d8b4b,train
9a9eb5af29b5c681,train
9aa2a994af35bcc3,train
9aa84042bfc282da,train
9aacd39730425044,train
9aacfbea694b957a,train
9ab6c7a2492910d9,train
9ab7b2c20caf0928,train
9ab8655de99650f0,train
9aba039bae1c6cdd,train
9ac8cea2341ed6e1,train
9aca2384af5962fa,train
9aca4c2abe9553d6,train
9acd89d7e04c464f,train
9acf364d850ef545,train
9acf6eff245b62f8,train
9acfa6430fd8ed8c,train
9acfca1a188f1b7a,train
9ad0e65a1a903359,train
9ad2f545a66d78bd,train
9ad578dc99cf692b,train
9ad68d4bc37fa951,train
9adac635c336baa8,train
9add5b18da5e805c,train
9ade22ff697decfc,train
9ae43a16020ace4f,train
9ae78a891abaf415,train
9ae81f4e89ed3de3,train
9aead568eafac983,train
9aeef2dbe6da6640,train
9aef7038d9ba21e6,train
9af0423e45a47312,train
9af04d9c55bb282a,train
9af0d69c0803a01c,train
9af1816e15a9fca0,train
9af2e2ddab307623,train
9af508e0c0494acf,train
9af5afd22221b19d,train
9af6874d2e0ace70,train
9af98ab661927335,train
9afb078c216baef7,train
9b00caa03733ee8f,train
9b0138d4c0e121d9,train
9b0293ee420fc080,train
9b02b1380be941ec,train
9b045794b6e8f9ab,train
9b0a01c8f447ea90,train
9b0e392cd3085a62,train
9b0e9de0b638eb26,train
9b0fc98ecb5bdce3,train
9b1077f25d114427,train
9b168fb7f307a71b,train
9b1b379b666d5ef3,train
9b1e5da6757c4d60,train
9b1ec0e524245218,train
9b1ee9338617406d,train
9b1f38a3bf712cea,train
9b228dc023a25787,train
9b29e62ac64c0cb2,train
9b29e62ac64c0cb2-2,train
9b2a55b79d452ed8,train
9b2bb432306871c5,train
9b2d0175d56219bd,train
9b2df358ffabfbd9,train
9b300364bbfeb4b1,train
9b32dec9fc6478c8,train
9b33101f49ae263f,train
9b335cd2a51ce367,train
9b35d0712a46e795,train
9b3666466217be93,train
9b38587e9371417e,train
9b3e432ebaf949a1,train
9b42bd12bd348843,train
9b4333ae15412f2c,train
9b4459b0784d0bee,train
9b4680a95cebdf4e,train
9b4ceb28d4f2e276,train
9b4d0faae6b0e285,train
9b4dd9fc3e072756,train
9b53201241c7149b,train
9b550cb9d8cd85da,train
9b55f5715802d7fe,train
9b583fb06eba18b2,train
9b5ff7da9ec2f21b,train
9b67f40f60c17865,train
9b68f40d07cc7264,train
9b6ad57e31030d5e,train
9b6cb75ec70c5c8d,train
9b6e8e869e1cdcbc,train
9b6f2e6cb561f722,train
9b6f53acdc227444,train
9b70df52f834b255,train
9b71fa8302b45985,train
9b724e29386cbd4b,train
9b780d09bbe98307,train
9b785b13c6be8450,train
9b7f948a753c8c28,train
9b80ffdc54cd88e8,train
9b87f4046aa932cd,train
9b8fcf377f831bf4,train
9b903ea8ea26f0d2,train
9b90fee551f860e7,train
9b915e32d720a3be,train
9b91f9a63971704b,train
9b921e740c4c9732,train
9b952befcbb66572,train
9b99bff9a54c76ac,train
9b9debce65064463,train
9b9e96737e888b26,train
9b9f2bf9d9680973,train
9b9f65ae8c6dac3f,train
9ba66e2a37c31032,train
9ba74aa07f1aff53,train
9ba78a4b77c7a261,train
9ba8aed2ec279129,train
9ba941732e7a2a8a,train
9bb25d34cc25ccb5,train
9bb47aef9b3f1209,train
9bb65e7766335f63,train
9bb6fc52e9eff2cc,train
9bb70890b20551cd,train
9bb7a7f63053c9a9,train
9bb87f005c1bea1f,train
9bb9fe7d3b1c90d1,train
9bbd2b1125e8792f,train
9bbdd3a13fd5e518,train
9bbf5bb9294bbcc2,train
9bc663c9a8646b27,train
9bc7099586bc0215,train
9bcb3136906b2202,train
9bd075e61ebf19c4,train
9bd18a5f2d89cad9,train
9bd37523448eecb5,train
9bd707673efddccd,train
9bd70e486ea85612,train
9bd7ab26d9900618,train
9bda28c49320a9c4,train
9bdcd8ae6564d09b,train
9bdd66c8f7429eb0,train
9bde1158289f8200,train
9be0f0de51c52828,train
9be28ecada1ff4b3,train
9be6cd781c35903a,train
9beb0b8276ca79c8,train
9becd1539550dfdb,train
9bedf33f8a930733,train
9bf07bffa66ea2e7,train
9bf0a7e139dbdc3c,train
9bf12df1aeac2912,train
9bf26fcb1d7c01f5,train
9bf2a349fed61fba,train
9bf5e5c01fc882ab,train
9bf8ab8a59c9e198,train
9bfb2fa0a4339cf5,train
9c024e6e68d8a616,train
9c02ef64b6218b1e,train
9c050f86800f9aaf,train
9c059aa8d2d21b9d,train
9c0645bf43752f16,train
9c075d06649c8403,train
9c0c0a0485a22bbc,train
9c0ce2be1d063976,train
9c0efa8e97121f1c,train
9c10ae793f085b21,train
9c112066c3be460c,train
9c1415a033e7ce9b,train
9c1bb6c876851d6e,train
9c1cc0771379c6a3,train
9c1febe6636c2ba1,train
9c213b5dddd938f1,train
9c24aca121db2499,train
9c2aa651c9945d90,train
9c2d1b8765218143,train
9c2dfe5985985af0,train
9c2e7a0593c4bafd,train
9c2ff4e3d809ac32,train
9c32028115930875,train
9c3329380060e7e4,train
9c33d9c040cee718,train
9c377d027708ccea,train
9c38e5e54f5c6bb1,train
9c39286e6813fb6e,train
9c4367e9c08be841,train
9c4406e5aa6bc7bf,train
9c45a0fcb98f2ef4,train
9c4b81a2103cece6,train
9c4e4101afe3af3d,train
9c4e51c0c632d0c1,train
9c4ebb5a56dae3a4,train
9c4f4ce45198eb91,train
9c51a6c343d612c6,train
9c53665930c17207,train
9c54b9154002fa9e,train
9c54b9154002fa9e-2,train
9c55da5e5ac0d599,train
9c5a71e854e7bed5,train
9c5adf99ecd12119,train
9c5cab9f94b47f16,train
9c5ee11ab108aee5,train
9c608185e075cb39,train
9c629a8af3738ce9,train
9c64d6dde9ba1ee3,train
9c6595a9671331b0,train
9c686aaf842d72d2,train
9c69e9d422a2a046,train
9c69f0bc865c16d3,train
9c6bc81de84177e8,train
9c6fab8491ad819d,train
9c710440929ab459,train
9c71e8a82ea68cef,train
9c73d76bfd266b39,train
9c73e3b00f651f7a,train
9c79cc382bec85d2,train
9c7a353096d04bf9,train
9c7a83bf3c87b4b6,train
9c7a9e09cc1d68d1,train
9c7af0c4fc03480b,train
9c7baa426187a583,train
9c7c539e590ae5b3,train
9c7cdd9551387d33,train
9c814742b2ead6eb,train
9c86b1e116b1f5bf,train
9c87f241c5d753ef,train
9c899926089e9f1a,train
9c8bdbbf54ea96e6,train
9c8f02918e292b8d,train
9c90e0ce7003602f,train
9c92538d746f03a6,train
9c94cb13e731b8e8,train
9c95b90a99dca3c0,train
9c968a97d53ac877,train
9c968a97d53ac877-2,train
9c974184aeb939a2,train
9c988e40f51d7b86,train
9c98e6ca46defda8,train
9c994ac88a0287b8,train
9c9b7d44d6773470,train
9c9dc471b3aa3e42,train
9c9e288365b12588,train
9c9e9dc579ec7375,train
9ca11849bec6f4a4,train
9ca308be9050880e,train
9ca458adcd2cd5cf,train
9ca724f5fe60ebdb,train
9ca7e575edf2bf09,train
9cb133b4a877346a,train
9cb344b86974b857,train
9cb4da26d78bd3b8,train
9cb610fc17e56b6f,train
9cb7cacb9408ea87,train
9cb8d98e7c38286f,train
9cb9a78d4c7e6904,train
9cbb0fa30767fe78,train
9cbd36488e0dea58,train
9cbdfea7d3935482,train
9cbfc90f1ea3024f,train
9cc296bab2abcb3c,train
9cc54cfb31f261db,train
9ccb27bdb61acadc,train
9ccc4cf749128019,train
9ccde20d3a455ec6,train
9cceb1dafbb1164f,train
9ccf4e54765d03f3,train
9cd19885b62ae036,train
9cd2bd593a1c9232,train
9cd4516bed319c86,train
9cd572a1bd375c5f,train
9cd5a1a6a318e114,train
9cd92e9b3aa9f8de,train
9cda5d478313800f,train
9cdce86c9db6a177,train
9cdea0dd0c0a1e8c,train
9ce0d23e2a6bde39,train
9ce4b0dcaaf916cc,train
9ce5913c93496066,train
9ce6b86102fef65f,train
9ce74e0b8bada917,train
9cef2248c7f07d80,train
9cefda19a02b6c2f,train
9cf091252aa63d1e,train
9cf5f8925ed6d4e6,train
9cf60f2e548cb954,train
9cf892ca84487cb4,train
9cfac0eb06afea7c,train
9d026762646d5f34,train
9d0f115a442fbb56,train
9d135f7258d49e26,train
9d14948c28c71c8a,train
9d16d23e39199944,train
9d17124617a1eb27,train
9d1827c50c66ddc2,train
9d187310c916e716,train
9d1be3bd2dd3e023,train
9d1df7f30b3eb76b,train
9d20d12d49bb09aa,train
9d24199914726e59,train
9d28e6ff10be4bc0,train
9d2daa0d67069f60,train
9d30f4d1a80e94a8,train
9d34ecdd94733126,train
9d3820cc70e6adf1,train
9d395c1bc1c58fd6,train
9d39959607ef80c2,train
9d3b7e76180d443a,train
9d3d9ce83fd1df77,train
9d40aeda45ed65d5,train
9d4405c2f0d772dc,train
9d4569175a7b88c7,train
9d479beae4774318,train
9d488cb8d7fc5700,train
9d4999123d24b134,train
9d4cda2461872f38,train
9d4d7310dd587787,train
9d4d8ff1ef3aa84e,train
9d4fc694c266d18d,train
9d4fd95c550b4331,train
9d50d9b26a8c6995,train
9d524a3987c81623,train
9d53d237debc9509,train
9d57511b8792ffa4,train
9d58a1d4dda7837d,train
9d5cef80e1d1dd87,train
9d5e39c17ca432c2,train
9d60ac35d65c3576,train
9d619ec5fdd646e5,train
9d6328d9dd455839,train
9d660f4e1f8a5c50,train
9d66327727e19d2e,train
9d6636897e252fb2,train
9d6903c4429f7bac,train
9d6d4c56695348d1,train
9d70945f9e5dc016,train
9d739f77e7561753,train
9d78e35d4b4117f2,train
9d793eaf65b7e8c6,train
9d7944f085e54337,train
9d7b1829a700a89b,train
9d7df927ef8b1fe5,train
9d81fb914b83a72a,train
9d864329798d4b91,train
9d8f85dea2037875,train
9d8fe2baa40df384,train
9d9558a238b2f665,train
9d965e93c3683b05,train
9d97896083f8070b,train
9d97d823c713b1ed,train
9d9914975645c042,train
9d9d392b37bd7f47,train
9d9fabc228a7af87,train
9da1462050cf3eaa,train
9da29611be44d946,train
9da3966d63ad1276,train
9da48a4ba2aa1126,train
9da4b8f24c2ece50,train
9da6322cf1bd4807,train
9da65f7331f30a03,train
9da764fcf7dc83af,train
9da7f493d25caf1c,train
9dab82f1c07d444b,train
9dad7246962eda18,train
9dae2d878e770b90,train
9dae2d878e770b90-2,train
9dafdc027d6af32c,train
9db31a1ee03f8dc6,train
9dbb721ba240aa5f,train
9dbe75e50b31039d,train
9dc3bd4c8b645e98,train
9dc5566d0e8061e0,train
9dc85cdb434ecdf9,train
9dc8642b72318654,train
9dc97a442ce3f88a,train
9dca38259178a1c5,train
9dcf79a42a364da8,train
9dcfe04ae960e93b,train
9dcfe3b6a3aac6f4,train
9dd29c40284f9f75,train
9dd4915a40d78ff9,train
9dd58f5e1b13929a,train
9dd960ad85b665af,train
9dd97fc0a8dfb9d3,train
9dd9c8aab94bbe92,train
9ddb28c536c7fa31,train
9ddecccb4ea71b89,train
9de2caaab7fa7328,train
9de3093d4b3bb8e6,train
9de49a03aeb64e2b,train
9de6167c5c3ce65f,train
9de89e00270511d4,train
9de8c37072381069,train
9df10e1fd0a9d5a9,train
9df498b31484f074,train
9df60e828b5be13d,train
9df74264ce76b482,train
9df841f33abe28ed,train
9df8dd99e525c177,train
9df9ce1271ab6f5c,train
9dffc3bc8a93929f,train
9dffc729fbb30fe9,train
9e0230c19df81ef0,train
9e0268bfc5eb80a1,train
9e03a3c433262350,train
9e05462db55c2107,train
9e05e57e5470c903,train
9e0617347f5d4e63,train
9e06d9feea78e4c1,train
9e0839ef15acdfbe,train
9e089f13718ae8dc,train
9e08d2e362734e3f,train
9e0b003cc5a7ae02,train
9e0b42c157d94473,train
9e1458dff4a9f34c,train
9e159291a4412417,train
9e17e3a3a0ff4f2d,train
9e18218da9397f63,train
9e1853a525d43406,train
9e18871498a7bd6c,train
9e19142c96735d2f,train
9e19b7c9ad8196dc,train
9e1b6b6595d6d966,train
9e1f69dc8a299092,train
9e2084a0deda2c65,train
9e230c439242ed1e,train
9e23bf2688c1dc56,train
9e2b1f4fe28cb7ef,train
9e2c3687528dd9d0,train
9e2d86a57fdf0622,train
9e2d88b18317426f,train
9e2eac17147faa2f,train
9e305a9c9e99035b,train
9e38185cd0fcaa47,train
9e3a179de48090ab,train
9e3e65f2c09e8ba8,train
9e3e75370e9e21b2,train
9e3f438487349928,train
9e41298f30a03c1b,train
9e440a103962292b,train
9e468dae1874cd0a,train
9e4867189d8ef63b,train
9e4a7e3911b81f8c,train
9e4ee4c66867e24e,train
9e4f24659f025997,train
9e4ff90ca208681c,train
9e50d10aee9a0fcc,train
9e52cf0ff8743a47,train
9e52e2c3169a7cd0,train
9e55ad33ad75b93a,train
9e576ac458d70dda,train
9e5c8b27ec61962c,train
9e5cdc33ddeebbef,train
9e5d7f72681ed0fa,train
9e60067aa29665ba,train
9e61c1692d08509e,train
9e63b8f1798e785f,train
9e68185c4e1dc2d4,train
9e6bc700835e109a,train
9e6d242f31173789,train
9e6ecb8f0bc2ff78,train
9e73c18276b884cf,train
9e76182643096ac4,train
9e76faec5dc7a101,train
9e780208878341b6,train
9e78dfc00d7b82f4,train
9e7b27377ee4d961,train
9e7d260b17e6209e,train
9e7d2e9b90e34d1d,train
9e7dd7922893303e,train
9e7e24a28dd32cda,train
9e83de043d70f5dc,train
9e843db58606f961,train
9e8642bbb7b28309,train
9e86894530fc24a3,train
9e8ad7ebd0213dcb,train
9e8b68a47b0927ed,train
9e8b694005debb4c,train
9e8d609564b667f7,train
9e8d9cbfec93e909,train
9e8db53b52f0f0c8,train
9e8e5e51150392aa,train
9e8f37c844f02a80,train
9e9019a6ce822a7c,train
9e912c8051682410,train
9e91bf1d5bdecd38,train
9e95be20286752d8,train
9e95f885d89fd556,train
9e9ad86e69378f57,train
9e9b85566581ec57,train
9ea5745f00efea34,train
9ea79d9b180d3d88,train
9eaacbd8f7ce81ba,train
9eac7514c05c6ad2,train
9eb1d04b9a326958,train
9eb264bd327d39a0,train
9eb2e8bf6156438c,train
9eb43855bb4319ec,train
9ebb1039fa276ef8,train
9ebc235db05af991,train
9ebd65c31f58d6c5,train
9ebe5030b0746293,train
9ec079faf0e97e3e,train
9ec221d548b21860,train
9ec3838563b02eaa,train
9ec81f1fdc692bfc,train
9ec88c97249338f0,train
9ec92d88edb1954e,train
9eccbced11a0a368,train
9ed040b2502b0f69,train
9ed12fbeab424f1b,train
9ed15e0a63442332,train
9ed32e57e0bb9439,train
9ed81dcbbb3bd54c,train
9ed8bc83af1f1ead,train
9ed8d2c4a4f7379a,train
9eda9a364179cce4,train
9edfa0fd5444addb,train
9ee00af0b7741728,train
9ee1a964cb6fa3f0,train
9ee25c52f89f1d09,train
9ee2ba26d58f709f,train
9ee35cb133ead167,train
9ee394144226de37,train
9ee5f01e41e45b82,train
9ee6320d945c4747,train
9ee693acbb7a1195,train
9ee85a9bce50a873,train
9ee9d119111ac958,train
9eebe0ec0dc41433,train
9eece40cbbd354bf,train
9eefc6bb6bd75cd7,train
9ef12a5e4072e824,train
9ef3d78be12043fc,train
9ef7d14477b5c466,train
9ef8cd718e5b6aec,train
9efa045e41277762,train
9efe9ef382a9f8cc,train
9f01bf57edba9fd7,train
9f06f3fc178f5c70,train
9f0a39f0245f3cb9,train
9f0b7166722cfe21,train
9f0b88e8c6fdc366,train
9f0bce740d4e2af3,train
9f0bce740d4e2af3-2,train
9f1350b556e21462,train
9f19475dfe06c5da,train
9f1bf0d0847e3a48,train
9f1efb420434da98,train
9f1f9abb4b50b94a,train
9f21e20789d87f34,train
9f2276b65bdd2e8e,train
9f2e4b17950105d7,train
9f2fb25463b135b5,train
9f30b991fd4dff20,train
9f32361ab2143c31,train
9f32e2c143e90d55,train
9f34df9932fea18f,train
9f35e27a6cf2c2d7,train
9f3750f7baf87d71,train
9f39d5383dce3ae6,train
9f3f7a0ea7c8b041,train
9f408605dce74415,train
9f4206fa6953f1e2,train
9f42d2b455bf68d2,train
9f43579d3f7e7528,train
9f4484f5909b7ce4,train
9f487dc08a30bbde,train
9f4e6571b1c7ba4f,train
9f4e78b1edce58bd,train
9f4f673116b2b93c,train
9f52d63880789645,train
9f530b0fe0b9070e,train
9f5487d1c00e4147,train
9f5614e97c98643f,train
9f58344607d1d322,train
9f58cb8fe3dab8ab,train
9f5c854d06686b84,train
9f5dea12ea2328cf,train
9f600198fc5d17fc,train
9f63bf19fd873f7b,train
9f64f9a8b57a24ba,train
9f69b95132f01db0,train
9f6a2a6e3f53dde7,train
9f6bdd13d9edcf9f,train
9f6ec1f98ce58d01,train
9f6f08fd5f767840,train
9f714e62cd362af9,train
9f73f22f82000e65,train
9f74971e46aa54bd,train
9f77c7ff317b0a1c,train
9f7877f07676d94f,train
9f7a2c19948c2e54,train
9f7ab0c4617a2e09,train
9f7d61deea877a69,train
9f7db966bf31beba,train
9f7f6c81afb414ee,train
9f80a9dbcace6c1f,train
9f815ab79c13f2ab,train
9f834b4086f05afd,train
9f853d68b03e3aae,train
9f860fe2cf007f94,train
9f87c0bff2f1f8df,train
9f87cfde51458fb1,train
9f91affc45cd577a,train
9f996cef829b2409,train
9f9b2df258a9622d,train
9fa48cff23f2fa4a,train
9fa4fbcfde076a89,train
9fa5147e9fcdddb8,train
9fa68a3ae8f67cbf,train
9fa80f2b34451aef,train
9fa83250024381b6,train
9fa9ce3299dcdff4,train
9faf0528d3578d55,train
9fb06eef7cd8e304,train
9fb13497233987dd,train
9fb25ba5f769f54a,train
9fb384e955d50d62,train
9fb62d0170b37638,train
9fb69e68f10d4872,train
9fb7d80cd560d102,train
9fb82c4add851131,train
9fb880ac7fff3965,train
9fb965bb0054256b,train
9fbb1c3ff42c9e9b,train
9fbcfe4261ea92d3,train
9fc1a1214ab53fdc,train
9fc37825f76870c9,train
9fc3de87d3c2c02f,train
9fc43b73e1492f0d,train
9fc5def459318776,train
9fc64bf053de8ff9,train
9fc7390e831642bc,train
9fc7c4ee3976a143,train
9fca9a188333deeb,train
9fcaeae2dec129a8,train
9fcd5db4d27167b9,train
9fcfa7bd5acc459a,train
9fd31d1118d3695d,train
9fd3ff09b3c4d6f3,train
9fd50fc9e53b0bda,train
9fd5de427b312224,train
9fd61a7239f2eed5,train
9fd8110d520fec70,train
9fda8fd5de944da4,train
9fde0f0e840998ca,train
9fde2d3dd8b1bc94,train
9fe0a426a86e68ba,train
9fe0d8288bbddb92,train
9fe0e71e75a10aec,train
9fe26da2318a9fad,train
9fe576391c90bbad,train
9fe60a67ba17b193,train
9fe675a098a40171,train
9fe6871d5776d6bf,train
9fe732631896cdc5,train
9fe7d9c0c75b4be0,train
9fe8b9b92172a1ea,train
9fe8fcb01e3604df,train
9fe90516ad987170,train
9fe9b05536eceab0,train
9fea26ca865f770e,train
9fea690009fc3eff,train
9fee8c7daaa317a2,train
9feed7345f153176,train
9feeeaeef8978e58,train
9ff48655340c2ee2,train
9ff4d3af4d439597,train
9ff6f83266a4752b,train
9ff7daaa20fd7584,train
9fff2bfbacd128ee,train
a00144ca5d72c50a,train
a00183fa47b8e1e7,train
a0020a6414336eb1,train
a006be0ede34ce75,train
a008149ac5c04276,train
a0091451bcee461f,train
a00ab95f77471ec5,train
a00b8f0ad9ea0dbf,train
a00bc4f652a910cb,train
a00bf804d9a9afae,train
a00c4ac49bf68b00,train
a00d8af5fefaa97e,train
a00daa70c5e4d2bb,train
a00e760fbfeb7af2,train
a00fd269d64c65ab,train
a013216088fc9ed7,train
a014bbf6a8321ca7,train
a014ed846b4512c9,train
a016bf15a96fdb29,train
a0198d5693b73ead,train
a01ae30ee5b37f0c,train
a01be501ba79fd34,train
a01d2923313becef,train
a01dd4bcfd07966b,train
a01ebd2e14db8c0a,train
a0203e6acf9bdfed,train
a020c0b2ed94110a,train
a02112ba80ce5027,train
a023c2ac1aae9dfb,train
a026159be3d8a6f4,train
a029a9597976ba21,train
a02b4da51064fff8,train
a02e5ca363c83b22,train
a02e5e9b03551b26,train
a030a271f1539b47,train
a03161e78b808522,train
a032202412bcbbf8,train
a0326a5157522410,train
a033292acb24d9af,train
a03477b98d6e703d,train
a036310cd5368772,train
a0390d0e936655e7,train
a0395106121667cf,train
a03978b8c9521e6b,train
a03b19cf042c79e0,train
a03d13c5af82bf24,train
a03e824dff69fb72,train
a03ec963e235b746,train
a03fd763d8e3cf8b,train
a040e03895054fdd,train
a043f7c55842e7f3,train
a0454c2066a30897,train
a04ab3757315db82,train
a04bd99cf7f051eb,train
a05032d378daeeec,train
a0509f941f572a67,train
a0519e7371f661bd,train
a052ce57193c0114,train
a05692ff61250359,train
a058094d19714e92,train
a0587a08a746ea58,train
a058e349af3316cd,train
a05ab0fc8726a8d5,train
a05e416470c66b57,train
a05e6686e1a35435,train
a0602e0380237134,train
a061f430e9ac8dc4,train
a0627903b1555317,train
a0646a90c6e810c7,train
a0664eafd8810488,train
a06736764cde6b8b,train
a0673898a590b291,train
a06db6cb0c83c842,train
a06f4929ba52b09b,train
a0712d0fe7474717,train
a07251a6714f8fc1,train
a0738e50ee3dfa98,train
a079f0bad9b1ad3e,train
a07c89109ec2c3fa,train
a07d791ddc3f9d0a,train
a086054c02e31bd4,train
a08c5e1495839a37,train
a08cd710d2278918,train
a08d8118d44469c5,train
a08db76161882db7,train
a08e17ab48893426,train
a0965d07f17d4ebb,train
a09f8d49fbf1c8ec,train
a0a3f9eb4f7af37c,train
a0a3fff1f7fa4111,train
a0a8d18cf70f6404,train
a0a92b1a8d22642b,train
a0aba946f0953203,train
a0ac03c53607e79b,train
a0b01c172b7f3206,train
a0b1e447e590ffd1,train
a0ba19ebf06535dc,train
a0bae1c6ee5b189f,train
a0be3f3284d8d7a8,train
a0bf91017bf2069c,train
a0c6420fd6bfb7a7,train
a0c717dfd250d28c,train
a0c7a528c56c9aa4,train
a0c88e804020d257,train
a0ca652ef1d15387,train
a0cafc508d68c7da,train
a0cc303aa36cc194,train
a0cd4c7769ad9f07,train
a0cd85e52f305051,train
a0cfcdcbf5be306c,train
a0d02996ef88968c,train
a0d176b968c19eeb,train
a0d2812273d4b840,train
a0d4e56f549cc28b,train
a0d58459f7d34674,train
a0d6815893a8956f,train
a0d769562457c402,train
a0d81297cde45aa7,train
a0d8b9ab8286d12d,train
a0d91e8b07a3eb39,train
a0da6516067d2828,train
a0dbf8f0e7266919,train
a0dd1644a9093fb9,train
a0ddc90a7a7837ef,train
a0df93271c560192,train
a0e3e0f1d3c5ee65,train
a0e7b77c94ae49b8,train
a0e7eca26abc6122,train
a0e8e82055eadc56,train
a0e9a356b28d4117,train
a0ed176131b53088,train
a0f1cf371a15a7b2,train
a0f4342aea894ab6,train
a0f500f90a1ec0b6,train
a0fa6ebcb334c746,train
a0fb3dd192a94cc8,train
a0ff747645b6a0f3,train
a0ffa7d2809c1dfb,train
a101728b2a8d7ebe,train
a105f7af14f964ba,train
a10b2b99cbefec85,train
a10b766c813f30ec,train
a10c534d72ffa4ad,train
a10f105830df2295,train
a1160dad5ec81834,train
a117d2b1009bc643,train
a1190d6ae0e91c65,train
a11b4627a9c8d0b6,train
a11bf46cb1ff1dd7,train
a11d1b750ad04f7e,train
a11d49726b6306f3,train
a12029c721780df5,train
a1254d794afceb77,train
a1375e45cca845ac,train
a139a51966dcf12d,train
a13b7fa013b4c607,train
a13bcf31e1e1fc77,train
a13fd8f355b74b62,train
a141bf22c0218e7d,train
a144167b2ef18ce0,train
a147090f67c0787f,train
a148e5b1727d79d6,train
a1490692a70dd238,train
a14b479b9de69df0,train
a14bc34887b57b36,train
a14f106d5f06e814,train
a151c40d090936d2,train
a151f99695ced9fe,train
a152e949630a0398,train
a155d541c3a98b4c,train
a1565f3ff5f89e02,train
a15c2060a9ea9879,train
a1608a610134e6f7,train
a1660c0e98e54b11,train
a16626c9be8f51fd,train
a166bd80995129ee,train
a167956bdddbe480,train
a167fa0bcc3c058f,train
a1684b7b9958850d,train
a168b26160fa01f8,train
a1697d68c4f164ac,train
a16b79f48f8e22b1,train
a1712e2333512002,train
a17275cfa8005eb3,train
a1738c9422b604b1,train
a17728c6a3b9061a,train
a17729aedea31f5f,train
a17a209c0e0dde9b,train
a17a47585eff561b,train
a17afe70016de805,train
a17d4e4ebb395104,train
a17d5589cfdd0e80,train
a17f963ef44a919b,train
a1819885d04d6ae9,train
a181e073ccf5a281,train
a1862badb25fd5d6,train
a188b0136cbf7c5a,train
a1891114d740b0fd,train
a1895cfa02a3224e,train
a18a7c7cff95d99a,train
a18ceedbe5d2a443,train
a18d6ad1f0db8765,train
a18dad74dab64524,train
a18f4a542f664008,train
a19146f0ebcc1e7a,train
a191dd39894d0ad1,train
a191fe37466d0e1e,train
a1954ae322008a6c,train
a198af6c81318e63,train
a198e8848eccb1d6,train
a19951fac38d5e90,train
a199e0ad1e5464a2,train
a19c9fec96e0fac5,train
a19d4a81aaa221c0,train
a19e9f99de5fdba0,train
a19f5197c6ea8b65,train
a19fbe7e21f44ddf,train
a19fe603544146fc,train
a1aad874a69c1b8d,train
a1aba4a705503256,train
a1ae435f69837f15,train
a1ae983847d03895,train
a1af83accf4d0f04,train
a1b0e94959a69bdb,train
a1b0f52f74a474ea,train
a1b392f3f8345bf8,train
a1b3d40a741b6e3d,train
a1b7c45b02c80234,train
a1b7dbcb002e9715,train
a1b9ff1f2aec1958,train
a1ba4c6388ef1bff,train
a1bac53b4fddc535,train
a1bdcf1ad97ed2a7,train
a1c5deeb69f32b32,train
a1cf91b9f653a30d,train
a1d0eb0c2c0016c4,train
a1d5119fbd915ef8,train
a1d6f4d6c22a0534,train
a1d7a6a252d96af3,train
a1d967ea60b35d75,train
a1df4d5f36ba11ca,train
a1e6ea08e6a34224,train
a1e988a2d6f2d3eb,train
a1ebc67d82246dd4,train
a1f104f9fec1137c,train
a1f4783914b05b7a,train
a1fb977998d03273,train
a1fbf4c05b552d20,train
a1fda073889bd26d,train
a20035c1053bfa11,train
a2027d3ef4338f09,train
a2050ac7382dc9ab,train
a20b6f463648f398,train
a20ed6d515414766,train
a213008298840a05,train
a213bda71842995b,train
a215a48aaf2e3a2a,train
a218d752a053f0fb,train
a21921e29e4b6e41,train
a21d254984dda46a,train
a21ed424de034a3e,train
a2241e5b49794349,train
a227b99eb8dc125f,train
a22a3ba9fd6288c5,train
a22b8ff2e36bea23,train
a22ef14617b10d1f,train
a2311d1f4677ae35,train
a23137a1110855b5,train
a2347fc25db39878,train
a234bcee39c1f301,train
a236060fadf7b573,train
a2361ad1fa76a812,train
a23761230531bf16,train
a23761da0e852fe3,train
a238cbc298d0f6b9,train
a238dff445d4cdb0,train
a23a08087542b765,train
a23aa0d3de1e7f22,train
a23ccc05db0aff2b,train
a23d957b98ec163d,train
a23f646a275bea80,train
a247765d80fbaa86,train
a24958f6e1a173f9,train
a2499b591e0e46cc,train
a2523b6184438191,train
a252bc08ca56913d,train
a25599b9cda1fa74,train
a257a1dcbcb851b2,train
a25b2e143f5f87b8,train
a25cc40143947a3e,train
a25d28a1c390cb77,train
a25f86ac4641b189,train
a2628fc849034735,train
a263f2ca65bf5656,train
a265933e2a2662fd,train
a267c85f402263de,train
a26808103a022299,train
a26b4d4f5bd55c1e,train
a26c259751676db8,train
a26de3bfe830aa2b,train
a26edc8b24e15631,train
a271873256642909,train
a27202845f8fc394,train
a27804dbec34f4f8,train
a27849d52b943e71,train
a278af9fdacfd0cb,train
a27b4729a7015b3a,train
a27d7023fe193285,train
a280e64cdbb714f6,train
a2827e32bad59d0f,train
a283b7695e267db3,train
a2854fa6681a6c51,train
a28990a9deb86b5a,train
a28a349e6f5502ff,train
a28ad536a62ff0b8,train
a28d84daa28b14a7,train
a291d177b0690dff,train
a2942cc966778396,train
a2956693064c2a1a,train
a29995f0013b3818,train
a29bfaa93e946356,train
a29dbaa2f409d948,train
a29dbe23bab01749,train
a29dc7c13b3d4719,train
a29f9879e32c7718,train
a2a0d9fbfbeda323,train
a2a1db227f30e78e,train
a2a3128a75982073,train
a2a9e76fda6c6a4f,train
a2ab6a84c673d241,train
a2b131586ecb39e0,train
a2b427ed93b77952,train
a2b44b17f4d300a1,train
a2b54922e795ec84,train
a2b698ce71479973,train
a2b9296f2aa83d09,train
a2badec2d61cd91b,train
a2bb8d2e72d2e892,train
a2ca760b03926d1f,train
a2cbeeed8a13d028,train
a2cfb9a886bec62c,train
a2d4b0bfd8dfdd19,train
a2d5819e9aeb7dd7,train
a2d676d0d2812caf,train
a2d9af07e0dfe76a,train
a2da64f53fcbc96b,train
a2dc7460115cbde1,train
a2e116d836760140,train
a2e50d5d5f61aa6e,train
a2e58e3d53fde856,train
a2e5b41e1b51d87e,train
a2e5ba83da1f1e9d,train
a2e65445e2886bf4,train
a2eb5fced8c455a3,train
a2ecc319352ad42d,train
a2ef3cd7b9612d99,train
a2f0dbf0c99fcbc3,train
a2f4db80b5e0f035,train
a2f59c9395c32882,train
a2f728baf6206525,train
a2f7cf3a7e201962,train
a2fc035cb89b2dd4,train
a2fc66b9a767799b,train
a2fcbddd7b995325,train
a2fd73e39587c19e,train
a2ffd12339b96694,train
a3026b08cdece955,train
a302c8414fdd4240,train
a3046d173a96d219,train
a305609754df2894,train
a30b771554782201,train
a312b6402be82186,train
a3131e472938eca0,train
a3134855cf70da96,train
a313aeb3d898e7e3,train
a31410737b09d837,train
a3152e5fb997fed7,train
a3156d941dc86739,train
a31827d0efbc6a91,train
a31958d150d15f3d,train
a31d62c6e4b62256,train
a3206f4986251627,train
a327b0c97a5e8fae,train
a32a3f6a4fb1052b,train
a3364f216ce70213,train
a3366cc6bba960c9,train
a33a4f5eebde1bd2,train
a33ff34c4e9193d3,train
a34087acd75d7dba,train
a3461946b9e72fbe,train
a34932f1dd900913,train
a34a89c97792d5f1,train
a34bb0dcd4cb8a81,train
a34c107b26e8d21f,train
a34d1414e5058d81,train
a34d39b254ab23fd,train
a34e2bc9769f21b5,train
a351ca4461d25649,train
a35426adde84efbc,train
a356814bf93ef90e,train
a358d0b01e60bbdb,train
a35a47590c514722,train
a35d96cf222ee4d8,train
a35f373d4c07c859,train
a36059c43da2beb9,train
a360ed8c9125c822,train
a362dfbe157eeab0,train
a36fe23c29cedc19,train
a36ff2f9d0ee5223,train
a370879571059aed,train
a371e3af96cc83e2,train
a3735765eb3ba812,train
a378488390f3483f,train
a3794d6f97e1ba74,train
a379c2f86af612ac,train
a37b9b1e54114630,train
a38414992027a213,train
a3842f7f0b7a5c6c,train
a3850d16521679d5,train
a385838371ac23e1,train
a38733778f34623c,train
a38abf54af5a0aa5,train
a38b12d9b9d3743a,train
a38d48d94b7d6563,train
a390040dd2082fd7,train
a390b3cc8e53581b,train
a395d39df9d303dc,train
a395e5f7c6750929,train
a399722f49b209f4,train
a39a72d86099e085,train
a39c53efb5fe4c16,train
a39dc492bdfbc820,train
a39de001cff3b638,train
a39ebb5ba793d831,train
a3a12567643e68ca,train
a3a24eab6f7b5a83,train
a3a36c8a98079ea0,train
a3a64d751a768c91,train
a3acf8eaf74ed455,train
a3adac4867d8f4d3,train
a3aed646f1020543,train
a3af174851e0cfe7,train
a3b0236dd569835e,train
a3b0c6333b54c3ed,train
a3b1651d649fa226,train
a3b4b40b5c1ecb36,train
a3b7809eb29c1918,train
a3b815ebf87e802e,train
a3c31fdbe01b8114,train
a3c4aed27461374d,train
a3c7cf6f9fe1afa1,train
a3cda65996ea3b8d,train
a3cdbd7edf934305,train
a3ce0dccc7755ea0,train
a3ce60a539a2ea77,train
a3cea1e45b7b27bd,train
a3cf89082e93222b,train
a3d0b4bd1042a2ac,train
a3d4182236ed50ba,train
a3d6dd8e18f38bb8,train
a3dacfd61d40ca19,train
a3dc166795178ca2,train
a3de2c786acd8222,train
a3e58494230efb51,train
a3e718317693a417,train
a3ecf8c5d9f8ef50,train
a3f2c2a5e06e1364,train
a3f306cfb327dc55,train
a3f3e08902e6764f,train
a3f53ad03ff44d6e,train
a3f563219fa423e9,train
a3f573803271b431,train
a3f861e911d1c3fd,train
a3f9560bb37ef39a,train
a3f9d1884baa0196,train
a3fa7b22409b4cec,train
a3fa7be7f254831c,train
a3ff541acd8b58ae,train
a4084dc48e2ba529,train
a409cba35d0e1de2,train
a40aad4ecd520770,train
a40c28f7563e625a,train
a40e691797757fd7,train
a40fd598619a26e0,train
a410c530cd23ed02,train
a411fe90084b344d,train
a412496a912be496,train
a414e96ba309ea91,train
a415a17d195a5c9b,train
a41c9c1057ae57da,train
a41eecf8eee0ff22,train
a41f9446e9174883,train
a420020d30680cb6,train
a4225b11219961a1,train
a422ca54f9c81555,train
a4235de2a6409cc6,train
a42785106c9edfca,train
a427c43e77c3a00f,train
a4280318697c62a2,train
a42dc605c47f51a9,train
a431baaad7eea920,train
a432a6dab80a2481,train
a4373d679b1cfa6f,train
a438ef69024fe9e1,train
a43a6162a6032113,train
a43ae59da549a577,train
a43c808aedc695e4,train
a43d39b7aec071cc,train
a4463ac1f0269fa9,train
a447027e877a2596,train
a447b5b1b04571e4,train
a44c706f274b8af4,train
a44cd477e735f4ea,train
a44cebfc8fbaf5bd,train
a44fa21c471cab32,train
a451ab77e38ec820,train
a4526c08410623d9,train
a452def3ee8e3e8f,train
a45756b5162ef56e,train
a458aee9126c4a45,train
a458d8e9caa9c9ad,train
a45a4e047e9ce6c3,train
a45a6f63c2a00816,train
a45b56c7b14a72fe,train
a45d90579aa95783,train
a45df3ff68f5c5b7,train
a45eedd2fba423cb,train
a465fadfac2373cd,train
a466e66de463ec2d,train
a4698c56a307128d,train
a469cc8aaba7058f,train
a469ea97d3deb5bf,train
a46e0851293746b8,train
a46e13d35b92b244,train
a47103e37a1fb815,train
a4711586ad883560,train
a475e120a0900af5,train
a477f5786b023cde,train
a47a0be9c9ef534e,train
a47b776bb5cc04f7,train
a47cd9eef9c9d946,train
a47e843ba8e87de1,train
a48266712f460caf,train
a489f67d883c3a4f,train
a48a76bd6fb6a0c2,train
a48aeb63a4ca894f,train
a48b78617d010caf,train
a48d227b08c3d843,train
a48e1c99cf28fc8d,train
a492eb1bdd67955c,train
a4953196dd5e489a,train
a497cfff03abd471,train
a498d3ffb6082c17,train
a4990ae944c3ece9,train
a49aaa50526caf58,train
a49df7309121b28b,train
a4a2bd5daf373dd0,train
a4a33ef260bdabec,train
a4a464ca470da6a7,train
a4a7638676547b8e,train
a4a9addf0a77c515,train
a4ae0d4d5dd7459f,train
a4b12c056f3e82ab,train
a4b12d0dbbb510eb,train
a4b1afb7929fa982,train
a4b397dde19905be,train
a4b5fb441bda6de9,train
a4b89e60f02d1909,train
a4b8d6fb85242d69,train
a4b8f7a62be4dce0,train
a4b972617065b3b1,train
a4bde9a9f1abfd7a,train
a4be2a4db8fc4839,train
a4bf3daa6e94e283,train
a4c0de91f4fcd599,train
a4c448dfedf2af45,train
a4c4bbdb5b3efbfd,train
a4c5c36c3425ba40,train
a4c7e41c8d46a265,train
a4c87dcdd2604704,train
a4c95900c09935c0,train
a4d33cba3d6948b7,train
a4d3644dd849717b,train
a4d6785f55fcb7df,train
a4d8145e281b87f0,train
a4de7e02b51dffc7,train
a4df3d241eb3a1e6,train
a4e029f7a77c46a0,train
a4e0c0ccf00049fe,train
a4e0ea017b1b9075,train
a4e1b0757c67788a,train
a4e21fda9336625d,train
a4e288e9709ad1ec,train
a4e301ffc51a5a41,train
a4e4f5e478c0cadd,train
a4e6ae1acfca9f28,train
a4eefa706be9979a,train
a4f43a120161b79e,train
a4f86d574a8a0283,train
a4fa54679c44a39b,train
a4fbaac14a3d4375,train
a4fbe247c76647ea,train
a4fde5c96bd874e5,train
a4fe37f2079ba36a,train
a4fe67276a642796,train
a4fe91842b3c9ed3,train
a500a0257cc9c9ce,train
a5022ac62c9ce2f3,train
a505eaf003110de1,train
a5060b780a9fc527,train
a506ebfb80b922c7,train
a50e548ae1fb04d4,train
a50fdbee3946bb21,train
a51010e22d781bb1,train
a5136ee048591645,train
a51610da26448ea3,train
a51621e4fca01dfe,train
a51874491946ec96,train
a518ca8c7100d5ac,train
a5191c88ab4d2a7d,train
a51aa7e4b71ac7b5,train
a51abdb8f140b30a,train
a51b924ebc98b211,train
a51bc52e66e46ab1,train
a51ce5dab597dc28,train
a51f89792453bd7b,train
a52226e14ffa9fb1,train
a522b1f948c016be,train
a52497c1c8040d4c,train
a5259b38199324ff,train
a52650679467ef3d,train
a5287ae40de3dfc6,train
a529f319efaa4e56,train
a52a691c03b6711f,train
a52be2f42e7530b5,train
a52c77b2e2c98d52,train
a52e264fd3b5b133,train
a52f07eaef2bd22e,train
a5314d0c4910699e,train
a532e42a782af9cf,train
a53592245a7934e1,train
a53a4d1496503a99,train
a5405e83ef748c31,train
a540f87366dd4821,train
a542c7448c0b8c61,train
a54b45d4e75be2d9,train
a54b55250760d412,train
a54be0c18cd3aa69,train
a552b205c2278995,train
a553ab1b331fb923,train
a5573becd5e4beb0,train
a55768a43678b098,train
a55993db102e8c54,train
a55dd5f266341114,train
a5643654aaefee42,train
a56ac8495ed51c91,train
a56b0a9b04a13aa2,train
a56bc15696b0d439,train
a56f6e51468269f9,train
a5725be5ada531f7,train
a5754320e4afd074,train
a57599c47100de42,train
a5760aedd8765e98,train
a5773e3a2302d9bf,train
a57990431ff1ed2a,train
a57b1b4e93eef8cc,train
a57c7ed6bde330ff,train
a57f2d1ef9a45a7a,train
a58160f28e436f10,train
a584e8c78853744b,train
a585581e117f05e6,train
a5857dd7024e5ad3,train
a58bfd0315691c01,train
a58e7efd23a179dc,train
a59204dd1f1e13fe,train
a593141d0d092f6a,train
a5966b9ea2119407,train
a59c9847632d81e7,train
a59f4dd14e65a216,train
a59f787469589ea0,train
a5a19caa34ca3c69,train
a5a66f533a74986d,train
a5a6b8dabad9ed28,train
a5a914a3659f0a82,train
a5aad5f906aafff9,train
a5ab9edde9487d54,train
a5ad49a8537dc6a9,train
a5ad75f61fe8d323,train
a5ada8929853319b,train
a5b0fe5bbbe50317,train
a5bba1377cb09d2f,train
a5bc76fdff963abc,train
a5befabc5a4dfe93,train
a5bf8a8c216aa9b6,train
a5c007d0ba3be4a2,train
a5c0d03326f1bbb1,train
a5c35d5b1b465cad,train
a5c787b1ee9aca5d,train
a5c86c3fef099427,train
a5c943edab564e34,train
a5c9d87a0d04dd1b,train
a5cc5b543096651d,train
a5cff7ea0eee6836,train
a5d48a76c80c3023,train
a5d4b968ad51e096,train
a5d803e0e2c2431a,train
a5dc813d7bdeb764,train
a5e33717b8900af5,train
a5e3c3130458bcef,train
a5e6dedb4b86c52e,train
a5e93ab320f431c4,train
a5e9784dbd7cdfb2,train
a5ea2bd9f2cfabb6,train
a5eafc6230db6358,train
a5eb88aa1670f6db,train
a5ef04b3442a145c,train
a5f46ef7fdbd5e37,train
a5f7294ad725fc94,train
a5fc2d21a83dec98,train
a5fc5721ff383773,train
a6004207fda3149a,train
a603ca1b4220a81b,train
a60493366083f391,train
a6054a64d5370620,train
a6062dd3c78b9181,train
a609923922b54373,train
a61028169877aca0,train
a610566b94a5416f,train
a61304128766ccf0,train
a615f05999d575dc,train
a6198aa26820098d,train
a61d1c1ec57eaff4,train
a61e061352b8f8db,train
a61edfcd964963b5,train
a61f49ff1e91acae,train
a61f5582ec159d2e,train
a62099cbe76debd3,train
a6216c57a2373838,train
a6227b22c9d4407f,train
a623eb0aad689494,train
a626fdab373de6a1,train
a627d6dfd0249fac,train
a627dd03650a24c5,train
a62a6d40dc9a3561,train
a62befc369d58ed8,train
a62c17f7afeddd3a,train
a62fe7565c339bdc,train
a6316fb39146bd9a,train
a631ce62da708764,train
a632251ff052d4ca,train
a632903f6dceba2a,train
a632e3f3cfca22cb,train
a63518c75092cd4f,train
a636708fbcffde26,train
a63a75845241310d,train
a63b15cafa9823c9,train
a63b33170495e076,train
a63bebc6232e4092,train
a64a1e1422ea6f0c,train
a64a212a1bb1284a,train
a64a4a105f78657a,train
a6511f4d12be92ab,train
a6523e2bdaa51ff0,train
a6526abed66b1b37,train
a656843c448fc6ea,train
a65beb9977237078,train
a65c55278460b156,train
a65c9b31315b761d,train
a65e3d7b3a252f3d,train
a65f41ed5ce2f7cb,train
a662399461098632,train
a662ec8d4f37314a,train
a6669267d048ccf0,train
a666a27db4dc21a3,train
a666b668f7762bcb,train
a66718010f7a7d36,train
a66725a2f563d6a4,train
a6679a46f2c7f509,train
a668cf841382b4ee,train
a6690ab871b81260,train
a66d0d77c8ae657a,train
a66ddc8a2080e449,train
a66de53473f51229,train
a673f38b5da4e94a,train
a6749a614c8af2a1,train
a675c5c9effda4ec,train
a676a3e0726f65c1,train
a679c8dbdc6e66e0,train
a67bc7a769543b2d,train
a67dc76516a54c24,train
a6810a78e18a2324,train
a683ead744b7e5e2,train
a6846b6407242cef,train
a687cd431540578f,train
a68aaf23bff2a486,train
a68e628c9e8eff28,train
a6925322af36c2cb,train
a6962794934f6c5a,train
a6989e673f04a235,train
a69a6d71c8d57fd3,train
a69cd19f4792c3ff,train
a6a074b90909b567,train
a6a32ddc9607f69a,train
a6a4705cfca7abe9,train
a6a57429d6ee3fd5,train
a6a74528a87fdc0b,train
a6a7c6cc313b98a1,train
a6aad7334b10d43b,train
a6b0a562cd2a16f0,train
a6b0f483e1f1167c,train
a6b29c27ddcdecf1,train
a6b3496a909b5a30,train
a6b47c305077f35e,train
a6b82721299403f7,train
a6ba4ff2984b6d31,train
a6baa3e31804fe62,train
a6bc28115e46a006,train
a6bd55f77e0af909,train
a6bddea643713698,train
a6c15451fd1f7adb,train
a6c2878f2484d8cc,train
a6c5998692422b98,train
a6c7aadec5d462dd,train
a6c90d6aa9d26e7f,train
a6cefa651e29e7a3,train
a6d16311e1190233,train
a6d1825f08919835,train
a6d36ab058abe0b6,train
a6d398e60fc6f8cb,train
a6d670cdcf4d0e11,train
a6d79b93283c630c,train
a6d7c53397104efa,train
a6da2534c6e9f4c6,train
a6da946071970900,train
a6dd9c65b2164909,train
a6dea83fed36bf0f,train
a6dfb09a0b66bbbe,train
a6dffdd5e1fbdd2a,train
a6e1d94e353d877a,train
a6e353b3b1f6e4f9,train
a6e3706f6bca3d64,train
a6ea69a4a4f62b9d,train
a6ec0a8fe55e03f7,train
a6ed98291114b5cd,train
a6eda52d2d142edd,train
a6f08e722714ee3d,train
a6f7f261734d5397,train
a6f8bd14a60b69c3,train
a6fd47d3fdf63e66,train
a7007a8ef29360f2,train
a704d0006dc9e235,train
a7050853affea7ef,train
a706572ce316406d,train
a7076bc29aeea11d,train
a7085399c1e8c491,train
a708fdb9d5558723,train
a70a7fbb89151caf,train
a70cb305c6c59bce,train
a70ce79071877542,train
a71293272869012a,train
a712e2b10bc590fc,train
a713ad8f804890f9,train
a71469e5c1908168,train
a71660d820cd1f83,train
a716f1682d96ec98,train
a71a1495899c0f85,train
a71b0e3158f93e97,train
a71b5d423487c77f,train
a71d58ec59c927cc,train
a71eb100ed3b1fcb,train
a724ce3f0a514bf0,train
a7259dc26c71eb65,train
a72a25b21190fa39,train
a72a56bd79befb69,train
a72aa228d96704a1,train
a72ca64f5f77692a,train
a72cc812883880e7,train
a730886b5572d401,train
a7324842de763643,train
a732595c4c08f1fd,train
a73380b83bc20df6,train
a735471c63ac0253,train
a736862be03ee616,train
a736a5a297a57493,train
a7390c98a57b885d,train
a73b3e33c85d6b63,train
a73f225b21c6c941,train
a73f266fcf3bf673,train
a7447e0a7cd0f07b,train
a745a5ca338639d0,train
a745ed5a964b87f4,train
a746ce5c432e68af,train
a7486f43cc9a368e,train
a748d4763c4e9334,train
a7497c0eeb2354b3,train
a74fd6cccd8890f8,train
a75449ab804ba1b4,train
a7561a3906c74026,train
a75680f6e538cacd,train
a75a461d3af13110,train
a75e0618488cae55,train
a75e17cbebeba7d2,train
a75e8407502a8d81,train
a7608a2ab6f943ec,train
a76201ef60a84c62,train
a763e0551bec6341,train
a76512b80744bba1,train
a769bf26b0a3c367,train
a76c365c44e69bcc,train
a76ed66c133c0e11,train
a76ef61f27934686,train
a76f369026e20332,train
a76fa611efe261fe,train
a7728a2a9adea45d,train
a7791e60479063ef,train
a77d5951801c1b7b,train
a77dd6de8056c8ca,train
a77e7d39364d5dad,train
a7808e1f8a1ca85e,train
a78898f0943e6b74,train
a78af7ff35e7d51d,train
a78bd2758a63ab33,train
a78d5fe38ca75bba,train
a7900c0f864b97fd,train
a791f6e4a15acdec,train
a79271f13a985852,train
a7944e250c94f4b4,train
a794c0d1523d1928,train
a7970c81e1b242da,train
a79b558ebb176ee1,train
a79e1ebc94f4e39a,train
a79e270c28876626,train
a7a049d13beb9b74,train
a7a1d8353ae6abd3,train
a7a5dc414613fae6,train
a7abdb6914e126c4,train
a7ad8d3ef7f4a19b,train
a7ae8fac710eb418,train
a7b3be2f80ebed53,train
a7b4068e9e8b907d,train
a7b4b0a99f97d6be,train
a7b5ad52d5ecd33d,train
a7b74c9e0ee5bf87,train
a7ba383e08e92655,train
a7bac28d89cd448c,train
a7bac9d1e319d507,train
a7bae1463a2ffed9,train
a7bb099b7365ea40,train
a7bb4015dd12003c,train
a7bfc35da5cbb35c,train
a7c0ad61afc2d1c9,train
a7c3c9ba93cf78e2,train
a7c58e524a3e62dc,train
a7c5ecbe812c62d5,train
a7c74a84c7925f75,train
a7c8078428ee8b8a,train
a7cf69d7e38b197c,train
a7d521f4b00854d7,train
a7d6963b2bc39b15,train
a7d7a28f4f6c2a5c,train
a7da7f9a66b5ddb4,train
a7e07053334e8c5d,train
a7e18803161e1b53,train
a7e46d3a6a493f20,train
a7e6396c32e759c1,train
a7e7557615c7e8db,train
a7e826f90ff64b7b,train
a7e836c1dd9c143d,train
a7e8e98d7a315d43,train
a7ea18c374099da0,train
a7eba800c07fd10e,train
a7ef6a5a7ddaf7e7,train
a7f05850f8dc8298,train
a7f17166ed19ca09,train
a7f27cbb7851d6e7,train
a7f408ac750535b3,train
a7f844879bb40e7f,train
a7f8f0d99c6f1ca3,train
a7fa0c45e34eb1f2,train
a7ff41d4a95b978d,train
a80041051e0710fd,train
a8014d5690b96c78,train
a803c28dff6c5a98,train
a8073ff7be8307bc,train
a8096c79fdc6fafe,train
a809daf39cb86166,train
a80e1116266d47af,train
a816584d246263d6,train
a818340445d48d4b,train
a818751a3165face,train
a818db81c3b3985d,train
a819d71050fed1ef,train
a81a67e05c187623,train
a81e0a37efc793f3,train
a81fd195969a72dc,train
a8201b5c8edbcb24,train
a822956460c1e4f4,train
a8264867c33f157b,train
a828608b885e9246,train
a828974c18d6cd2b,train
a82925551192d071,train
a82a736cc969b344,train
a833a2e6da342e65,train
a8375218770a3599,train
a83c6db772904e9c,train
a83dc0ba7bc3b803,train
a840d723203b9ac7,train
a8418445585e78af,train
a845ad46d3fbbead,train
a84830c6ad4b1a56,train
a84b25d7be867e1f,train
a84f1b4fcd44648a,train
a84f1e6ec50916c8,train
a84fb5ac6117183f,train
a85167d33ad560fc,train
a852f6f126454dc5,train
a8532cb997d60897,train
a853c2dcf1aa1070,train
a85e58ef800b1070,train
a85ebb5f37b8d689,train
a85fcfd5d9262319,train
a860531be214937c,train
a8650d3a5e362a98,train
a8665d937f46adf3,train
a866624cdb5e66e0,train
a867d7d16634c806,train
a8686cf320a63d74,train
a8687a4f6c35cd6f,train
a86b52d6ac92d03e,train
a86bfa5e2fa9d6f3,train
a86c019a35994443,train
a86fb2d7740a3caa,train
a873a513953a4af4,train
a874a8963dc19dfb,train
a875d100e4ea0a1f,train
a875f556242c63e5,train
a87676bcb85ea32f,train
a8773976f540c8e7,train
a8784f39c1315880,train
a878e7078881ff11,train
a87b58d7bad3dde4,train
a87d0eb02b628e4b,train
a87f73541d2cb491,train
a883142b11e8ca4a,train
a88401277ea4a659,train
a88cf7066c85c2f5,train
a88d7097ef599194,train
a88d9332ae956a06,train
a88e3f0b257c3152,train
a88ecaf9028eb94e,train
a88f59e9db08cd52,train
a8900dfb496dda6c,train
a89294c7166b720c,train
a899c65f1940a80b,train
a89de398e56f5412,train
a8a004b01c1c8b07,train
a8a3496cf5dadc91,train
a8a84bd2ffd4b42d,train
a8a9fd8968a9b0d3,train
a8abde4d361a8eca,train
a8ace64d308afa05,train
a8b3ea2a2698f3cc,train
a8b5aa9267280134,train
a8b84492227f16fd,train
a8baaf99ad327030,train
a8bb39ba54117e05,train
a8bcbe19babd7aaa,train
a8bf84e2b0556408,train
a8c32b2e50840e86,train
a8c44bfb8a9503d4,train
a8c4b365de22081c,train
a8c7a98b78ce1351,train
a8c96910838c1617,train
a8ca81688a26cdad,train
a8cbd9f714b5ab77,train
a8d4afcbab02f0a3,train
a8d526c231203f1f,train
a8d865cbf42250c0,train
a8d9cfa92560c9ae,train
a8df0ab5f1dd8b7a,train
a8e125c8b6b3a5bf,train
a8e290f8d69476e7,train
a8e4ecef1ca3c4b7,train
a8ebe24709133fc1,train
a8edca071a42b02c,train
a8f0043a8567d71a,train
a8f10ef0e77d4d7c,train
a8f676fc188cde6e,train
a8f824c78e5671d9,train
a8f98c5879227a8c,train
a902330257ef52f3,train
a902468623e2f4e5,train
a9065c53b36dc045,train
a907ab5b6973931b,train
a9096f18c212a949,train
a90c82954d49aecd,train
a90e432874e566e3,train
a90e76ac03e6a959,train
a918d3b319f839bc,train
a91a28c1509faf3e,train
a91b676e3f3872b3,train
a91e46640529dc2e,train
a91efe5c581a6e6f,train
a920e0b3b6699ecd,train
a922784b45ba588d,train
a922b75dfebcad9f,train
a923c546afc0f9e0,train
a928d0934b41967b,train
a92a5d39b1dfe114,train
a92d6d62ffa5f40e,train
a9316a37e4a62f83,train
a938e2b1cb464f50,train
a939acc2388be32c,train
a93a61b46f45e2af,train
a93ada4925e0f8ca,train
a93d7e1c2fb231d4,train
a93da9af24705f0c,train
a93e36b4300b02aa,train
a93fd99ed91f2b12,train
a9408c11756c3b48,train
a9486ff1e2a0e9ad,train
a948b5bb963c2aa5,train
a94d08e032e9bcdc,train
a94e698b2458d654,train
a94ff05400b908e6,train
a9506feaebb43829,train
a951d129ed03921f,train
a9525377b0711a07,train
a953c709f7e801b0,train
a95432473fd2e706,train
a95b3b9dc6018af7,train
a95ec4c4a41dbee7,train
a960fd51f75ab871,train
a96101fae9efc88f,train
a962b6849ee10df8,train
a9653ac5173816ed,train
a9662e11d8b4d4d8,train
a96648baff3cd300,train
a967983335351ed0,train
a96865827e32ec00,train
a9688d8d19aa8834,train
a96a84124b8d319f,train
a96f91b9c211d064,train
a970d53f53871c59,train
a970fd9d2781210d,train
a9725a1f3eb27542,train
a9755413b7732fa3,train
a976c79f65815993,train
a9792372ad2bb7bc,train
a97bcb5c1ba636e1,train
a97c89d2c339ba43,train
a97eb72622f8e0c3,train
a9805a0cde18d34f,train
a98281e1d3069d3b,train
a988a7403f12e674,train
a98969fc4cd970c0,train
a98979b8ff3441b6,train
a990d9963240593b,train
a991a080a3a45896,train
a992f70fdb37094b,train
a9976048c4a64d16,train
a99e5b1c296c0774,train
a9a091c09fff8739,train
a9a4ee133edc8771,train
a9a5faa95f2fe7f2,train
a9a784ed9bf588ca,train
a9ae431d7a970d83,train
a9af9b528435226b,train
a9b3035c9ca18e63,train
a9b3cca45921646f,train
a9b44370ecf7bcbe,train
a9b5ef297549feab,train
a9b611dae50dbbff,train
a9b68fa6b922dc9c,train
a9b7960e9e63b445,train
a9bf3d657a781eb4,train
a9c20670ef33159b,train
a9c32971887ce90a,train
a9c81224ba68b9e0,train
a9c9e8457c251eeb,train
a9cbdfb48bf49cb1,train
a9cce1c4a48e09e2,train
a9ce4deff22e2c29,train
a9d0dde04e4fd654,train
a9d1387dfdf06798,train
a9d13c7350de6be5,train
a9d230e9778f8689,train
a9d264549b021f22,train
a9d5687a848c8c29,train
a9daf1419033795b,train
a9ddce9c12d61bb7,train
a9de1c176a08ca81,train
a9e0761d12c66770,train
a9e2b64ddeec18d8,train
a9e3c1f288e29e91,train
a9e898ce8d393e87,train
a9ebb428c78eada1,train
a9ebd836db7938a5,train
a9ebfaf089a69fd3,train
a9f057cfd439658c,train
a9f073204ef8de52,train
a9f437cce0ebc0c7,train
a9f49681207f3f39,train
aa00759c224154be,train
aa080f936da857a1,train
aa08709ebe7f7c5a,train
aa0a57d99d48cc67,train
aa0a59cabd8dc7d9,train
aa0d3561151e6e12,train
aa0da87e96acfe63,train
aa0f9f1101155800,train
aa0fc1476c6c0bea,train
aa11b13b09f69bb7,train
aa177624c5774a65,train
aa19592ea1d92866,train
aa1a6adcdd626ffc,train
aa1b76fdfea78476,train
aa1cad814ede30d3,train
aa1d37b6bb941871,train
aa1e23ec3f2907da,train
aa1e2c1c03273a32,train
aa1f4a9109d4c6dc,train
aa22b793abe3c5c9,train
aa252215e86f5309,train
aa269b3970388599,train
aa27fced88216392,train
aa296956615e0255,train
aa298eba002bdc89,train
aa2bce5efd834a34,train
aa2d35f387f1eb2c,train
aa35159ce7268d02,train
aa394b0307388eaf,train
aa3ad26d157c02e4,train
aa3e07c8a50c4672,train
aa3e43f23888a935,train
aa3fb0701b425055,train
aa40f0175b7c151d,train
aa43070e327db1ec,train
aa4676ae3c4d8bd2,train
aa485f7b07609bbd,train
aa4943457d9033fc,train
aa4b0083f630eca7,train
aa5537e7a36e44c8,train
aa573cc973656705,train
aa5a00a0648dd911,train
aa5cc59e7adefadd,train
aa5d2f607608bf9f,train
aa62830328353522,train
aa64ccf12151db2b,train
aa65caa1baf84396,train
aa66adfd69f780e4,train
aa683df17723f99d,train
aa684fabc8b7eb4b,train
aa6aa9ca89acc409,train
aa6ca13a09c4ac7b,train
aa6ea9201c666401,train
aa6fcf93e8e34c76,train
aa6feaee42f1a237,train
aa72c763aef5f7e2,train
aa752948865e22ba,train
aa7648b85882c845,train
aa79462abb78c0bb,train
aa7b15e32110e67c,train
aa800cdf94380e4f,train
aa812dc7163af764,train
aa82a7d6ee399a26,train
aa8338a39e59524f,train
aa83777821212eb1,train
aa8a4ea25d914165,train
aa8ab8a92e68a986,train
aa8af58c1fd18bda,train
aa8d50abc4a23d0e,train
aa8d59e83381d0ae,train
aa8f98c8f6caaea8,train
aa9187d7679da555,train
aa968ab96fea291b,train
aa96bd14178fb83f,train
aa982ce0aac72c85,train
aa98f11cf4c95156,train
aa9bc5a40ef6d08c,train
aa9d54d216f31289,train
aa9d92b170d4268a,train
aa9f39632f22729f,train
aaa0a9362fbb7f96,train
aaa16a057b73bc53,train
aaa21fd96745277c,train
aaa2d573c09e531e,train
aaa578e20caa745d,train
aaa5838eb73651a3,train
aaaa717906cdc304,train
aaabad3c0e1ab4db,train
aab058262e11e14f,train
aab106fed49d3edb,train
aab94fcc58cca1b9,train
aabcc687bfe413cb,train
aabcf45423ce41b6,train
aabd5e5b63d3bb91,train
aabf53ec6c7e3b18,train
aac2144eb265b2b9,train
aac6aad0b7d30346,train
aacab7f20bf6a253,train
aaccf64032a785be,train
aad03a9b4e0c6927,train
aad0bed2cf7f3fab,train
aad396eb781ad4b7,train
aad4dfed8a257c71,train
aad4ec9302a8c0f4,train
aad5eebc5315362a,train
aad8a8b85c826468,train
aadad0a51dbccb28,train
aadb60188239394e,train
aadf127c92acda27,train
aae168b64674f817,train
aae36d3e69cd4411,train
aae4a4945d578ca8,train
aae98bb0342a5512,train
aaed777a42af0c7e,train
aaf1e1f503621226,train
aaf2e458bcf6930b,train
aaf41d4c1a02e16b,train
aaf4eedcd1fd9765,train
aaf6c84239bbb855,train
aaf8303bc5c1982c,train
aafabc3bc511a297,train
aafc7db147260827,train
aafda0a189a01098,train
aafecfa3f305f5c8,train
ab02a67debcf3f1c,train
ab054cd4b22c5d7c,train
ab07547b1e8215f6,train
ab081b81ddebda73,train
ab0e2cbea21d2c9f,train
ab1318d436028afa,train
ab1538fd8b01461f,train
ab16837e2184f056,train
ab18fac46ab684db,train
ab194b31708474af,train
ab1e616b985b3880,train
ab221f1804c27829,train
ab25d0aef328ae37,train
ab2e085ac61c8f5f,train
ab2e7cb619397e6a,train
ab33148710e25918,train
ab336865a10a3089,train
ab3441d145bbdedd,train
ab346f4986cbece7,train
ab38fbabd9f58bff,train
ab3909f6e67c3764,train
ab3a27e199b66449,train
ab3b8f7446c52f6c,train
ab3cb5631acd4f24,train
ab3e0d3d0b426ed4,train
ab4386cd3ddc1f05,train
ab43cacd2ccfba64,train
ab445defee082b4f,train
ab48f8c2e4b21c17,train
ab4a4058b332f253,train
ab4c44ae878513bc,train
ab519fac775148e8,train
ab51be60853be212,train
ab51e10aff67e473,train
ab51e3930bdb9148,train
ab571e106b4efd09,train
ab577f3dcdcc9e6c,train
ab5b93d25ea8798c,train
ab5c55d100f07339,train
ab5cdd771fa9144e,train
ab5ee8175b2f6ca3,train
ab600ed1e4582619,train
ab600ed1e4582619-2,train
ab63bf77e6cd037e,train
ab661ab152c50678,train
ab674abfbd5463ae,train
ab6aa21cd1cbbe87,train
ab72e1cc54f9d16a,train
ab77ed2e4ab97441,train
ab7c11f519ee6ea6,train
ab7db3b87663df63,train
ab7fb300a3000b07,train
ab85aa31acabb727,train
ab86d54542556a02,train
ab8810f15ed428c7,train
ab88973d398cc1f3,train
ab88c37e2da0d2e5,train
ab8eaa229eff07c9,train
ab9418c55206e9a3,train
ab96d8fbdbab5594,train
ab96f5021c318dd5,train
ab97bf7fd1c15fdf,train
ab994106f3f37462,train
ab9a3ddf5d5fcbb0,train
ab9ab0c81576b731,train
ab9e278b1492a042,train
aba34a929efc24be,train
aba4311fd8d9a56a,train
aba5482cc9da56e4,train
aba612002be745d5,train
aba9544601ea6a5b,train
abad9b7af94457c3,train
abb1a0ce639b6125,train
abb371b8bae22421,train
abb41252d9379311,train
abb5639dfc6661f2,train
abb787af1e9bb7c9,train
abb9d099e53187dd,train
abbd2da1d86ffe6b,train
abc279af18978a73,train
abc551cde04eb0b4,train
abc7711950c288df,train
abcacf7597a88376,train
abcb43414976e79a,train
abcd58e961be615a,train
abcd925ca821b3f6,train
abce87bab2a09f0d,train
abd355e9159010a5,train
abd7e93777e695f6,train
abdca32d18344c91,train
abe4b0a47015289f,train
abe4fedb564ad1ff,train
abe62ccf0f64b203,train
abe98ee5a3a0002b,train
abed10c5495f9c36,train
abef9f523abbf6de,train
abf0782161249e63,train
abf0f0cc0ef56219,train
abf1132acd3a9b0c,train
abf32a7c1d40883d,train
abf39a079539e789,train
abf75289980b7f04,train
abf778d5a7c18ccc,train
abf9786a5655d9f2,train
abfbdd2d358993c0,train
abfdf85ef117e448,train
abffbd468299cc72,train
ac036e29c12f1182,train
ac046cf125a478eb,train
ac0966e4b69e9dd1,train
ac11587e6f6a9274,train
ac121c157b56294a,train
ac14a9ada72e6b62,train
ac17fcd52be203fb,train
ac19ff75e67d73f1,train
ac1b7bfb549c5c82,train
ac1c36982352d7ad,train
ac1c3bb25a795118,train
ac1e7c59cdb1f6a7,train
ac1fd59d3ea7420f,train
ac21944b64cfe356,train
ac21bcb85bab13d5,train
ac23877846bf8ea7,train
ac2398d6401dd293,train
ac23e5ab2ea9912f,train
ac33c1123c802e4a,train
ac3479c8c7989e99,train
ac34f8448d87df8c,train
ac350cbe977be521,train
ac36307eb1584573,train
ac36b007c7c661b0,train
ac374f83da7dcfbc,train
ac37727241f08542,train
ac393235b2445a69,train
ac39e21cd2e2fa44,train
ac3a239c5cd108e7,train
ac3d53893fe3fd94,train
ac4031c009e70882,train
ac41a1083d046f24,train
ac42ebc5f972c118,train
ac431dc2bad4a9e0,train
ac43ee4c6386ac62,train
ac44354c7461030a,train
ac4691cf08953857,train
ac4c177b5bf85859,train
ac4e84554d4114fe,train
ac4fdde90d45e004,train
ac5143c04d7b38f2,train
ac51477f3695aa99,train
ac5324f859c4a40b,train
ac536e4dd83794af,train
ac559fd887610238,train
ac57f83a93d92930,train
ac5982538ab275db,train
ac59aef79e2d6fe4,train
ac5f515e6b0e78e3,train
ac5f515e6b0e78e3-2,train
ac5fbc2c49b0f527,train
ac617d6d4928e1de,train
ac62fb33136db72c,train
ac63546ca62ef162,train
ac692c1dc84efc08,train
ac6c3c0489762071,train
ac6c7acb9fc5a632,train
ac6ff07708120b3a,train
ac7050a8d45545de,train
ac71290935be8a40,train
ac715ff43c920440,train
ac72a953cd77397c,train
ac72d2f709d91bde,train
ac76f556bec463c6,train
ac775b9b050acddd,train
ac795b264749fbe7,train
ac7dd547c08fa58f,train
ac7e24b90c2c51fa,train
ac805c94baf766ec,train
ac819bea9c9edb54,train
ac83e7c190560946,train
ac89a134dbcb2039,train
ac8bd1a8c14bab04,train
ac8fcd40cac51bad,train
ac90cb38d30e7236,train
ac91d002f4a61962,train
ac94426eda398b9a,train
ac9a8e1c979259ff,train
ac9b5cfb6fa98c95,train
ac9cb76cf777bc2f,train
ac9ead4b2b7ba733,train
aca08c2a50e494c3,train
aca0b6712bd66fdd,train
aca943140529650c,train
acaa3d00c01779d9,train
acacb64682f5949e,train
acb03a0cf83996f0,train
acb085c337d8489e,train
acb29a4034a0282a,train
acb9953d8dfcb3d8,train
acbaca1c8f5af01d,train
acbb1ffdf1d0faac,train
acbecc136514a61f,train
acc090b173498b00,train
acc51a93fc69ea76,train
acc88b41b31af7dd,train
accb49ad7c7e3dbf,train
accda702c4572b3b,train
acd05e749c35df58,train
acd3eb99f25f11c1,train
acd4a1694174acfd,train
acd5ab96f14759a2,train
acd889e78ad2175e,train
acdb8760136a6bc0,train
acdca0cf00627222,train
ace05988c43af6f3,train
ace20c302e4468da,train
ace3835175e2dcd3,train
ace400aefa2d7365,train
ace607dcfc3bc484,train
ace7d70512b682d9,train
ace86ab1fb9e9212,train
acea6ed30983c84d,train
aced02291ae7760a,train
acf3893c856fb776,train
acf73d0627c4ef78,train
acf8e10c1c357158,train
acfc8df39fa1a64b,train
acfca53e0bcdaf6b,train
ad00b0c60051584f,train
ad01608b6714d577,train
ad0485d872e7b716,train
ad04ddef8772fa00,train
ad04fd7edd50f5e6,train
ad06eb73c730af35,train
ad07402b231a62fd,train
ad0758f1030d3c35,train
ad134a7dfa44b543,train
ad13c4008ac0e63f,train
ad18cc2e1df6e1a4,train
ad19396ab2211f63,train
ad1949f2f4b3bf2b,train
ad197cd922265909,train
ad292145a7107274,train
ad29f716717f344a,train
ad2edb98ef86c5dc,train
ad31919e553aad5e,train
ad39b58f4f93ee69,train
ad3b30e39bb371ab,train
ad3fe416804fa934,train
ad42e84409b49161,train
ad4339bdd6d5b1e0,train
ad46871360195083,train
ad4ba9375b39f148,train
ad4c86f345b1189f,train
ad4dd1f13393f7a8,train
ad4e5de0c5aed658,train
ad51e474fb74263d,train
ad53a58803526569,train
ad548d85218b83b5,train
ad5875c7e8eb0fce,train
ad5a7b4f4adf031a,train
ad5c44cbd4626c32,train
ad5c7473ec80633e,train
ad602da4cb441f95,train
ad62326589671a91,train
ad62d4fad0036234,train
ad644065d27a569e,train
ad6b8131b5fd7319,train
ad6d4a31b13a12a1,train
ad70f139742e08bf,train
ad7cbb1010e06b14,train
ad809b48928ab6ac,train
ad80b9c8d7c1fa83,train
ad832e5b65e04b8a,train
ad84f46d2282f121,train
ad8515be0b9821d1,train
ad87998bf56c3f48,train
ad89dd239c336577,train
ad8a7689fa61eed6,train
ad8daea3dce72acf,train
ad8fd1835c97fd26,train
ad9136a455150ee5,train
ad94b99ede2e2fa6,train
ad9601ef8c9ba25b,train
ad989b8f0f1bc680,train
ad9924f74b976c29,train
ad9d8769946c3e5e,train
ada2374b4ffef5ca,train
ada351b60a3973cf,train
ada74937bcf7bfe5,train
adaa135627658ba0,train
adaa7159e975bddd,train
adac51705c755cf2,train
adaeac6f67708751,train
adaf8228970c6555,train
adb0c44cf696faf9,train
adb4ccf22ecf180b,train
adb987c986572c9e,train
adba4266bc0a725c,train
adbb4297c218c671,train
adbb88f34bc16a62,train
adbd07eda3ae0a4f,train
adbfa8021442370b,train
adbfead6ec15ad96,train
adc088ca7139bb73,train
adc160e3d77c0d3d,train
adc59dcc9be05eef,train
adc8ba188c0621fb,train
adc918f5133b0d2c,train
adceb4e8bb69e7da,train
adcf9b509f25c826,train
add07fdd84c80d08,train
add1fae11a41b3bf,train
add2fd534d0c7cad,train
add66a9e24208164,train
add773b1999ccdf9,train
add91999e181d641,train
adda23ef5c06c06f,train
addcaff50646918d,train
adde72252a82efb2,train
addf8df4dbf916a2,train
ade0dabf2c01bfea,train
ade13eb1a5891b28,train
ade1f5e10ce2a65b,train
ade71419c1e6a69a,train
ade7207c6e0782bc,train
ade82d36cd95f03c,train
ade88625b9915f8c,train
adeb41b78f60c44e,train
adec5b7407cab308,train
adedd948d12c4aac,train
adee6809066a441c,train
adf18e31297aa05c,train
adf436920de74450,train
adf9ce44c5ad5bbb,train
adfd14abb69fbd9d,train
adfd33cf433b9d46,train
ae05400014a48af6,train
ae09b54dad3070a3,train
ae0aae78c7218fc0,train
ae0b07239ffef1ea,train
ae0b3e1a04173220,train
ae0c6fbaf7824b3d,train
ae0db99dd2018cf2,train
ae115286e6a54518,train
ae120d9c79b65f56,train
ae141cb9ac5cacf0,train
ae18f828b8d913c2,train
ae199abf777d7a77,train
ae1b0ed7a01fa2c3,train
ae1d9f55b17cefd3,train
ae204741dd737100,train
ae2240d02d72c7bc,train
ae23edf8ac9a9142,train
ae24a2e65605c106,train
ae25bd91c79b056e,train
ae26e9f74804b5e1,train
ae29cec954ca2a84,train
ae2ccc77e94740d5,train
ae2d3f45d288b4d1,train
ae3229150055d0b9,train
ae35896395c4495d,train
ae35a2f58a12ee14,train
ae364c1427cda401,train
ae3739dcb824ed4d,train
ae3b647a4be9b086,train
ae3dbfa8acd0fd08,train
ae44c572560e6217,train
ae4b11ee9bb8042e,train
ae52be771040190f,train
ae5333bd562eb8dd,train
ae53a222e9657b5a,train
ae54970468e0b367,train
ae57034cb9d7d976,train
ae57a399bc448977,train
ae58b5be6e479e94,train
ae58e369dcd7e7dc,train
ae5c98b8d3e36d5b,train
ae5e17099cfaa19b,train
ae61f5085b6ca295,train
ae647b571caa1e21,train
ae64c6a37b62af7b,train
ae653e104821b46e,train
ae673712ac455473,train
ae69e383b2bbd849,train
ae6a9c556d0dc92f,train
ae6bc0c948641213,train
ae6d3eb76a6ef390,train
ae728f118004b773,train
ae731ab668f4f766,train
ae73662dd3d1264f,train
ae743b199161355b,train
ae74966212be62ae,train
ae76ea7224dcf3fc,train
ae77e728f2a099b0,train
ae7916f5aceedc9a,train
ae7c707e254b6132,train
ae8252dc10a113e6,train
ae84327ddad455db,train
ae85596c87c5af7e,train
ae866437b8829200,train
ae875b5efc1d7744,train
ae87c3bc7b6bd85d,train
ae89d16282dadf55,train
ae90736aa707b725,train
ae93fe0f73f769e3,train
ae95f37e28eba96b,train
ae9cb712c6ef8b32,train
ae9d3060f17fb6f0,train
ae9e84f853d0bba1,train
aea15114038ab332,train
aea61a519f8f1a81,train
aea788b0ddd51c1f,train
aeabc1ae4548e1f2,train
aeac885242bbd5b5,train
aead1f3c451f9687,train
aead7c8c2b18bd38,train
aeadc040f3bae873,train
aeae8d514ab98a77,train
aeb3b49b37d41712,train
aeb5450b6a9aa054,train
aec478bbd0294301,train
aec66f211199d99f,train
aec7836c870fb1a5,train
aecb7c454c090a5f,train
aecd42920b6c598a,train
aecd51a298988b01,train
aecdb1442e326e7d,train
aecff83844036210,train
aecff8ab9208dd40,train
aed230dd5fdbc4ef,train
aed68da7e6876b4b,train
aed69d0d728c741c,train
aed7ee21a0280a59,train
aed94d29d8ea1861,train
aed959aef72ab812,train
aeda640e107ba188,train
aedae5433e3a1ca1,train
aede6bca266a8700,train
aee2c95f1848f2cf,train
aee32a4f104b1ffd,train
aee74a7f040d26b8,train
aeea359dd86b7140,train
aeeada9695e5c0fb,train
aeeb190e1ad73a8e,train
aeec849785f8db2c,train
aeee273d738edef2,train
aeeed38b47dca130,train
aeefd230ba366634,train
aef09dfb07dfdd44,train
aef4235126b2982f,train
aef98f43fa37d78a,train
aef9b6446188f046,train
aefabf80a5d82990,train
aefc5971bfd8608b,train
af065e8dd137a5c9,train
af06eece7ebf1de3,train
af0b30285eee6180,train
af0b6ca7030d2fc5,train
af0c74c424c13578,train
af0cb5df190b2e04,train
af13236a9df76ec8,train
af148cda30d4de7f,train
af1641be0ce4d056,train
af180d685098ea66,train
af1942795ad09d2e,train
af1c38c5bd9081ad,train
af1e5224f8e2fa29,train
af20c447455402c8,train
af2255def2d55d8f,train
af251bcc75e470c7,train
af270a657d5f572d,train
af29d7d97b0964cb,train
af2c51ab7783f119,train
af2cbb3f575d62cb,train
af2d796c5bc866ac,train
af3289f7fcbf8720,train
af333c9a6781b02d,train
af34a4722a020dc5,train
af353c73b154b0ab,train
af3548e90a0ced33,train
af3c683d4bd643be,train
af3c6eabaed8b102,train
af3d1a44d690ca4d,train
af3d2303e5fc3a67,train
af3d5ee51fcbb5b6,train
af3ddafb0d57f9b9,train
af3f38b376868f1b,train
af41423dfe5189e2,train
af430e6461184caf,train
af44404aa0a4231c,train
af445b7cc813e106,train
af4542490a485a73,train
af4a51ac58c15f8b,train
af537405ff661d86,train
af5436865b197c46,train
af5ab0aa8188c418,train
af5b18fa86a1fbfd,train
af5c725574420244,train
af60c64216fbe941,train
af611fbe3ca5e9b6,train
af637372e3e7f823,train
af664b8642f7a971,train
af66fa468b28e73d,train
af697d4c475b391a,train
af69ee9422284a14,train
af6a86fe318d233f,train
af7056b9032e0fe6,train
af7059ddf999f265,train
af70812e6cf54e8c,train
af71df4916e0b42d,train
af7813f996251473,train
af78be3888a8882f,train
af7ba6b325e661ed,train
af7d231860c09144,train
af7d34716956fa87,train
af80c5c714723f97,train
af810ca90afbd2a6,train
af83116ae6f471cd,train
af84147e7ab967f9,train
af871f7117875775,train
af8f864b4159042f,train
af8f8b20c0819f98,train
af925a2fd1ae221b,train
af94f0dabdbc067c,train
af95a5ab48087a29,train
af96ee8cd89500d2,train
af97afa558f31458,train
af98c67abab2ef5b,train
af9ba7568c953807,train
afa28dff91d5cef6,train
afa5cec348d2fa36,train
afab42ac11d74df3,train
afb0993aa3a8c051,train
afb38a78e2614e7c,train
afb536ec757e5233,train
afb6b1584c724157,train
afbe2c6d0a863a08,train
afbefc2d9ee86dcb,train
afc19f6600765164,train
afc1ad39097d69ba,train
afc8c7d9cc0ceda2,train
afc8cb4566303465,train
afcac2492cbde328,train
afcbb7f81c8a3dc0,train
afcc2c42d29303a1,train
afcdcc30427a84c1,train
afcde634bbfec051,train
afd1ec40aef90642,train
afd2db61b7c3a1f2,train
afd3e33b46dd9e04,train
afdf51c15cc8c923,train
afe06da989b248ca,train
afe4e5f15b96d4b7,train
afe6ef709e34a2d3,train
afe8233445a080e0,train
afe9b113f9536997,train
afea95486b7f929c,train
afeb9d740e5b5f18,train
afed15f3b807ba3e,train
afeeac5b4f421503,train
afeee07ce339b22c,train
aff0223a9a07401d,train
aff0d56ec3dbb549,train
aff3755028bc7ee2,train
affbd0a7388d710b,train
affd786599026ee5,train
affec46d5a41ed66,train
afff5ca56168b147,train
b000eeab9be908c7,train
b0044ba278a46004,train
b004a1244cca34f3,train
b00bc92f050797d4,train
b00f950c20d65d5c,train
b0112a5db30bdc5d,train
b0116b52e8ef4d54,train
b0117a932436f1c2,train
b011be461141f68f,train
b012e833a556bdbe,train
b01cac2e5b7b7c84,train
b01de6cda190be63,train
b0207e3ce56f6679,train
b022df03245be317,train
b023a2c1139cb37f,train
b0280303bbe8365d,train
b02a0d8703c192d4,train
b02a30e3b799c081,train
b02b60ded888e5e4,train
b02caba52eea066e,train
b02e95099ead1709,train
b02fe86f987a22ec,train
b03252995cd07ce1,train
b032c3cececec4b6,train
b03437ef1c6b4a15,train
b0344b07ae88ba68,train
b0386719a399fa48,train
b039656476c22c8c,train
b039796282f0f856,train
b03abe251746b240,train
b03d5d1976d73514,train
b03db44e743b0a55,train
b03fc8615031c98a,train
b046cf6ad85acb60,train
b047d8e29cbbb687,train
b04824d36c23d214,train
b0485d4184ef63aa,train
b04963b1e08f510f,train
b04a8aa875d6c78c,train
b04ad40796a2e181,train
b04e359ec1f6f837,train
b05082ef410c3eec,train
b0544aa58aef9d8e,train
b0558142926f013c,train
b05698dd9d7ee500,train
b0569f0707f0cf07,train
b056a6bf5be0b535,train
b057dcc550f9889c,train
b057eab05ca5f754,train
b058929ace1fd111,train
b058e52f6f21134f,train
b05cf65b3865a78f,train
b05f38580549cbe6,train
b05f90d25b008d71,train
b0652a3466a978d8,train
b0694233cf267d6c,train
b06cd282f83982f9,train
b06d8143de5f3b1e,train
b0710f6639a06214,train
b0733bef08b7ded0,train
b0751abb30a4b9b6,train
b07aaa41f41e01df,train
b07b608b64805da2,train
b07d6b3175bd335a,train
b085524c44d0941a,train
b087bacfc81c6136,train
b08b58aa10f3b34f,train
b08c39919002421c,train
b08d39c7c32f159c,train
b08d84e20d9054a2,train
b08dbfce20383269,train
b08ee22bfa58733c,train
b08f239b26c57e4c,train
b09117fdbee522a3,train
b09226325d9cb111,train
b0924eef73c2a976,train
b09352da403d88a1,train
b09649d1207d2842,train
b096b63ffabfa634,train
b097704a8b2374da,train
b098d7d08bbcdb14,train
b09f85bfc8a03554,train
b0a312e2a35fa92f,train
b0a69936b07c0f3f,train
b0a948f5dcbc3b74,train
b0aafc2f5a009bf1,train
b0ae041d25100a53,train
b0ae7664bdd0528f,train
b0aea8e0aab540ef,train
b0af7e7474f5b21b,train
b0afed8c54cee254,train
b0b92b1e9c098948,train
b0bec8effb2406c1,train
b0c03592fa015201,train
b0c0814195876815,train
b0c1f5eeb138e953,train
b0c342698eef7b0a,train
b0c49a097eb88d09,train
b0c58098befd360a,train
b0c5ae26339fc244,train
b0c9d70f551590d3,train
b0ca62861136f30a,train
b0cb8f76a800cdb3,train
b0ccd0373190fe30,train
b0ce021626f0d498,train
b0ce5c548caf6332,train
b0ce67049b701360,train
b0d6abc4df77bf8a,train
b0d6c17b840f6b51,train
b0d9ecf6d1bc4c23,train
b0dbe40c5159bffc,train
b0ddb2659a3dc62d,train
b0ddb2659a3dc62d-2,train
b0df585765e2caf0,train
b0e0e53da7003114,train
b0e27d9de03d1f91,train
b0e628d5320508bf,train
b0e813c914eda74c,train
b0e815345d3ac25c,train
b0e878bb51a40172,train
b0e9432ce7a061da,train
b0eb4962b5acbe3b,train
b0ecf6df47b561d3,train
b0ee25625e0fcaed,train
b0ee2636773e25ac,train
b0efb55719a7ecde,train
b0f1583bef5ea7fe,train
b0f344a9ebf9256f,train
b0f4bbc6ec22c357,train
b0f69a72db8e90a4,train
b0f7072bb0e6f78d,train
b0fb902cba1d9254,train
b0fbe84877c18bc2,train
b1030ea27c17f0da,train
b10349debc362e91,train
b103ffcd6d6bbdb0,train
b1058569ca4da8a9,train
b105b69ead318e49,train
b10652e4f3a53c94,train
b107dabfb7aa1292,train
b1087a5b6ee0cb2e,train
b10ac1aa27167fb9,train
b10bae09d756fd78,train
b113a5be3e230304,train
b113d4bb0e8e3cdf,train
b115270679987d6f,train
b1169b9724dae573,train
b11cdbf116ea1a32,train
b11ce3883fa52ffc,train
b11dbe5660d5889b,train
b11e88202689d235,train
b12417b4cd910066,train
b12ad981381caf6f,train
b12c208c30448126,train
b12cc34aa3f65654,train
b13030aa1ddc76da,train
b1311ea95ba395e9,train
b132e81ddb7b9086,train
b13379f993ff2eae,train
b13aba735f00cc49,train
b13b1996e80cf099,train
b1429ed9e1d072a7,train
b142a14f09a7c791,train
b1433cfca43cc70b,train
b1446aab84102323,train
b148349d4b59ed2c,train
b14b034bce7e48e7,train
b14c62aaf03ba162,train
b1537a8ecb79f490,train
b153b4e68bedd9ab,train
b15468616ec2a19b,train
b1549e86a39effda,train
b157447b8baf23fd,train
b15809a711e331b0,train
b1581673e8b17827,train
b15899a587289418,train
b15a44fd110a02c7,train
b15baeb8aaa0a0b2,train
b15cc8d110c5a157,train
b15d0dee39ce43f9,train
b15f9bcd781f4933,train
b161bd0cf79b5683,train
b1623b45c3395e28,train
b16664dd6e4b3137,train
b166bd78c504d732,train
b16d0b9168658b38,train
b16e5c236009749f,train
b170a1e32377df18,train
b17234d05d2b68a6,train
b1749439567aa589,train
b1788dd35d4d0cc9,train
b178dd4df397a3ae,train
b17e5b3768fa5df3,train
b17ea183d4260d30,train
b18115b7846ec981,train
b183118ffc56fb88,train
b18940e986ddcf2f,train
b189513967f1ddd4,train
b18b28974c8b6bc9,train
b18cb31bf70b6909,train
b195c192720fb4c9,train
b198c12fe04ae05d,train
b19d251824ac5d4b,train
b1a1660ebe04ee67,train
b1a2d88f7e91a770,train
b1a335a58122248d,train
b1a49b52a1b6934c,train
b1a888654755579f,train
b1acfb8cb5e33a80,train
b1af8ff04c09ae62,train
b1afc33552559470,train
b1afc33552559470-2,train
b1b005ba668e8354,train
b1b0bb0045bc48dc,train
b1b13c7fa5b3ec38,train
b1b495acac463afb,train
b1b7af98832be020,train
b1b8fe428c97435b,train
b1b9d354c5b24199,train
b1ba41764900d623,train
b1bb9c31955b90ee,train
b1bf81df3197a7e9,train
b1c47ac6f3ffec0c,train
b1c5f43b15215213,train
b1c669b7064ceeda,train
b1c707d9cf99a954,train
b1c7319ba5b5db5a,train
b1c849555137463d,train
b1cab345f2678826,train
b1cae93e3fae5890,train
b1cb0c3cadbeea3e,train
b1cb5391d7612cf8,train
b1cb6cb00efa295e,train
b1cd0d0f94e6580f,train
b1ce0d35d2ec593f,train
b1cedc17e9a297a3,train
b1cfec3ca0f15353,train
b1d04c74e378d0f8,train
b1d20274fc787a9d,train
b1d4a12943430c10,train
b1d4df0c5f216aca,train
b1d576b0bcdd3167,train
b1db99c8b469b769,train
b1e36f6e2dd838fe,train
b1e4b9c3fb93662b,train
b1e6d28255170dd4,train
b1e704230822a28d,train
b1e766555e329304,train
b1e877ea0ead67e4,train
b1f02a7b8fdced51,train
b1f53b7872c8ede5,train
b1f6f50ad33ea977,train
b1f88ff22f582ef1,train
b1f8996b3affc13b,train
b1f9bbd2ce86fc1c,train
b1fad62f2fa1625a,train
b1fd222d1361db46,train
b1ff1b05847a8316,train
b200a4b7f336f892,train
b202ea546576b51f,train
b2036eace801347f,train
b2073dd921b826be,train
b207447f899e2fcf,train
b20791e1d72245a3,train
b20a5a29edb91b57,train
b20ed77a31413cbb,train
b21004098bb407f6,train
b2100c4544f930d2,train
b211b9ca01d362d8,train
b212aa283ad876a5,train
b214a179cde143e9,train
b2153fa022648bc9,train
b215748d1e19a268,train
b21723e1e74eb286,train
b217bdcbed7f81ff,train
b217e34eadea9ea6,train
b21940b92b34c70b,train
b21bf54aed30f48e,train
b21e081711697c36,train
b224c1861ac36416,train
b224e76bec337317,train
b22508b2305dcc55,train
b225deeadd8187b8,train
b225e9623e292db5,train
b22763f362c4f891,train
b22b3ee900562abb,train
b23438c2d6ec96fb,train
b23568d359d1ae21,train
b2370ac6f274c613,train
b23959d543660966,train
b23d4b6f80905e45,train
b240bb73c3506feb,train
b245a2e30d4f71f9,train
b246e3fbba53cc72,train
b2498d5521ce1b52,train
b24d7a0ac11bc01f,train
b2501e136d431f08,train
b2539e87768ddf31,train
b253a08f41b78fbd,train
b2573dbc1ca7f916,train
b25922ff8fa88bd0,train
b259bb84a7a87475,train
b25e5761c5a8a135,train
b25f76186db5414e,train
b262a466b5e0a3b7,train
b263b533e5c81d3b,train
b26533917697c212,train
b26665bc941f8fdd,train
b2673a5840da824f,train
b267b309b9c2b9e1,train
b267d1e0e93af51e,train
b267d9919771a740,train
b26db5fff9be3652,train
b27129c3d692a1c9,train
b272427f5cf12b51,train
b275ade34ebf145e,train
b277741f61f21cfb,train
b277998d15bb7883,train
b27b3046f690a6e4,train
b27f5d4a3dd17595,train
b280ad244b1159bc,train
b281f93a02563fc1,train
b284f8b0352b95c4,train
b2851207755190b4,train
b2881147f04d893a,train
b28818f2a3531267,train
b289d06b872c0553,train
b28a2586507bc0bc,train
b28e748d2186c460,train
b28eb9708218271e,train
b28fb1f1d9d477b1,train
b293e03b98d48d82,train
b293f911c32deb4b,train
b2960e0444ddb221,train
b2960e0444ddb221-2,train
b2974b644331ef4d,train
b298115d08c3fd1b,train
b298c66532ded252,train
b299c2559eb76a0a,train
b29b505383b30511,train
b29ef37f1ad1241c,train
b2a03d3b5d85ff63,train
b2a06df3b1938c63,train
b2a33a85bfd29079,train
b2a6bcc677520efb,train
b2ad1fc52566fe61,train
b2b0023408c93dfd,train
b2b0198786f837e9,train
b2b01b0a604c3ceb,train
b2b0668a37089185,train
b2b2e01edf6dad0f,train
b2b4ad7886e4f48a,train
b2b788c0d9d5a81d,train
b2b8336c1016cb02,train
b2bd5bd360015218,train
b2c31d08cdac86f1,train
b2c36065b7628405,train
b2c36f04c76db72f,train
b2cbe18b6cc7cd72,train
b2ce055a148261bb,train
b2cf6cce11bb7b22,train
b2d0b09ad5de2bda,train
b2d2485a9077743f,train
b2d36d7379ed77b2,train
b2d88fa60f1a511f,train
b2d9663e3ce3198f,train
b2d9dc0ba1c15384,train
b2dabbf0b306bea1,train
b2dba6cceea224a8,train
b2e3e5ba02372887,train
b2f0a59e03e96a57,train
b2fc5bc56b32bcb9,train
b301eedc783153fb,train
b304d89927a86b99,train
b307669d147ce094,train
b309c52a6dd1ce4f,train
b30ae5326b1552e4,train
b310b0b6c69e33fe,train
b312b4fde2bcc23e,train
b312ce2857a85559,train
b312d2071e4860b3,train
b31a6872d231dd23,train
b31bc6860b340de3,train
b31bec808f345486,train
b31c9f587e70df49,train
b31d78c43e5f19cf,train
b31d78c43e5f19cf-2,train
b31e3d2007b68691,train
b320d0c1a09d0ce4,train
b320e59b0b31cfb5,train
b3214b7f9950178a,train
b3224427eb4a3335,train
b322a006002beb2d,train
b325c9a888aec3a9,train
b328c024f3297362,train
b32c62a44a67d774,train
b32e2a5bc0f10906,train
b32e551f16e90197,train
b32e586148008750,train
b331567b7abc98be,train
b333f5534f139a48,train
b3346f98af6ec6fb,train
b33e7b4cd6b42dfd,train
b33f3c2b5cea8462,train
b3407647bdde28df,train
b34216c5e53c9cc4,train
b3447cc97d160f47,train
b3476c933256cffe,train
b348686ed7139760,train
b34929f0c333dbf2,train
b34f6c1d4901af83,train
b3563ae61cf5f056,train
b35698410e2ee0ed,train
b356a18392c323e5,train
b3571f197e7976a4,train
b35727d09c5c0650,train
b35d8ce9e3566ba8,train
b35df07b160b0509,train
b35f7497c84cea45,train
b36228141ae0b584,train
b3676b951b7f3c1b,train
b3690a5cc89f6746,train
b36d8663acbc08b9,train
b36df0097b35c66e,train
b3754cb3321cfb1d,train
b376f77878c1cd1a,train
b378bebbf3702fd2,train
b37a87889e36a979,train
b37c61365760210b,train
b37c73eb1d7db517,train
b37d68f0c5cc76de,train
b38066d770f4b556,train
b3813dfb304b640a,train
b3849dda612c47df,train
b38552d1b6c92e86,train
b3858926dba70ffa,train
b3869a30f353b5f5,train
b38b42494974a548,train
b38be636c9f1c45a,train
b38dc73a6681f0e0,train
b38efa1daacde731,train
b38f41c840d1dc2a,train
b39180a7cca325d2,train
b39384c0b28d859b,train
b3969ab8510d6a8e,train
b39c404302e5ddab,train
b39c72bc068fb83d,train
b39c9cabce7199cc,train
b39f34ba411dd843,train
b39fd2e0a7d6968e,train
b3a1f2180a90f171,train
b3a2a981262d849c,train
b3ab8594482fd16a,train
b3b0feaf68b08dd1,train
b3b127269b86c952,train
b3b186154a896a75,train
b3b42550534b9299,train
b3b4d7688467302e,train
b3b8e418397476a6,train
b3bfee3c70c27cd0,train
b3c04b58c2489a93,train
b3c23c10a362e1e9,train
b3c2ea0a74d9b7c4,train
b3c3a78f9008d5d7,train
b3c8bf1ef58b2606,train
b3c8c0a6c0722a44,train
b3c95affe250c11a,train
b3cc7f6d0f2886d2,train
b3d1eff41c93f8ba,train
b3d2862de92bf6d6,train
b3d37245e51d5db3,train
b3d604a23d6c5602,train
b3d908818b2c3315,train
b3dd195e3060fb45,train
b3decb3f053e38c0,train
b3df6fb43401dd2b,train
b3e0b7d3061ba5d2,train
b3e0c6f1bd8b0dce,train
b3e3b0e0f32bc055,train
b3e3e7ce09138313,train
b3e447263c56e3a4,train
b3e89f04957189d2,train
b3eb549fe736deed,train
b3ebf33fe4753556,train
b3ed83b39375b63b,train
b3eec07ae69f4c39,train
b3ef2384131b44c1,train
b3ef70a9bc8940cf,train
b3f14099bebd8119,train
b3f65eb7b6972ed3,train
b3f8c0bb8be1b5c4,train
b3f97ac89d17710f,train
b3f992094209e12b,train
b3fa32821ff4a781,train
b3fc76bcaf835e55,train
b3ffd7c00410576d,train
b40052c7fd733cfe,train
b401cb1de01302df,train
b40810f5187df215,train
b40a7645c94a4826,train
b40d1435dff2d503,train
b40fb8ed2e53e0b4,train
b4114428bd9d7dfb,train
b4119d70d0647b14,train
b412e608311e080d,train
b4137ab0b305d6de,train
b415af0652260aa4,train
b4183b671fca9417,train
b418d7a488dab945,train
b41b99523e9ce664,train
b41cf8929f2daa00,train
b41e1b6ec0308bc6,train
b41ef2271fc14b03,train
b4219d38ca5f00cb,train
b4252dbd761c95b4,train
b42b65a25cd2a119,train
b42fc4f9d2c93758,train
b4362744b713e6bb,train
b43a3b4f62b8a80a,train
b43a3e47120b98f0,train
b43fa8d5abbe26fb,train
b4419c1fb191fd3d,train
b443593308416ce2,train
b4442db9772e4248,train
b44699d5588ba2af,train
b447d08d0ef6b574,train
b44b9df467b47df2,train
b44ba8e449ddd763,train
b44bbe916dcc1986,train
b44c2dd0724aea39,train
b44fe85bdc3b3722,train
b455d5e5b3d9f3ac,train
b4574d157bb9edbb,train
b457f87bec84a350,train
b459abdc2f0e2feb,train
b45b5b7aedb9101d,train
b46374beb7e99f90,train
b464fbf6b187b06f,train
b465f39b22ef167e,train
b46814e75214f699,train
b469d741f7f763a3,train
b46a86dbd85d921e,train
b46c690dea4f4208,train
b46c90300862d0c8,train
b46cee3c98a863cf,train
b46cf5056882c0d4,train
b46d3146443f4bbe,train
b46d90cdd34b4a83,train
b46f77529b7ae9f0,train
b4738da5a48a7d12,train
b47417024d49d06c,train
b47429b44e558629,train
b474651da3882640,train
b4753a8454fc5223,train
b4754887f31e5b13,train
b475da2254a28e09,train
b476bac854aef3ab,train
b477877654d31a75,train
b4783b4bffd6d9a8,train
b479c21f4f81fc69,train
b47ef1300501ee4d,train
b47fb020b56742c4,train
b48083f860a62a1b,train
b482fe819a80b903,train
b483e49466dd6f8e,train
b4857f0a7fc3e4bb,train
b485b670729ef91e,train
b487edbff17d6955,train
b4883ed847cc1526,train
b48b88dede3b7a18,train
b48ef293aad4b4c4,train
b48f1f1227a96832,train
b49086836ff237e9,train
b490dde3deaf5d87,train
b49283eae24ac497,train
b492d4c799c77446,train
b495705c42d6551a,train
b495705c42d6551a-2,train
b495f11b7ce6202e,train
b496c726f2ee3345,train
b497cce3f7159711,train
b4981c0ec5266258,train
b49b4ca6a35d2fbf,train
b49dcca07ec3e71d,train
b49dea6767063e95,train
b49f2d05a244d43d,train
b4a0c3092b649c63,train
b4a0c8f89aa94db9,train
b4a16f0c5d6961f5,train
b4a289af938b7d1c,train
b4a2fb956fac54d0,train
b4a3bdbbc290773d,train
b4a5295d138bd7ac,train
b4a6df9391a19ffa,train
b4aa5b600e69563e,train
b4aa885cf7bee710,train
b4aad5a72fab61e0,train
b4acc86cd3353c7e,train
b4b3414f57fc58b2,train
b4b40e3c1cf14eb4,train
b4b51aebface3f8d,train
b4b586151f42a13c,train
b4b5a008bc51a82a,train
b4b5a9c52c4f8656,train
b4b5ce6ce77e81dd,train
b4b87452c95a9cd1,train
b4b8a7c228dd984b,train
b4b8e82eedc8165c,train
b4ba4b07d29c32c6,train
b4ba7277cd3f9834,train
b4ba8b03b76a61ee,train
b4bcba57f2a1f911,train
b4bd97552d3de2e3,train
b4c3fee713365d82,train
b4c54299946f6782,train
b4c86cbc234e9882,train
b4c9ea336ad06289,train
b4cd9d839f064d30,train
b4ce5f2358c6160d,train
b4d0378be2bdd23b,train
b4d2df5e9b4ca623,train
b4d35da537122015,train
b4d76358e4c0531a,train
b4db2ddc97c9b76d,train
b4db52478693c5d7,train
b4dc04db4ac4d586,train
b4dcc6a6198fa1ef,train
b4ddfd923dd216c6,train
b4df3dde08be4f4a,train
b4e19dfaa695c69b,train
b4e66cd02991bfd1,train
b4e75229b8dda0f2,train
b4ebc9bdf82dcd90,train
b4ec45e3997043bf,train
b4ed1bf88b4678c1,train
b4f1c33a3f1541b3,train
b4f3bdca67a7292f,train
b4f894c1a5685bfe,train
b4f9121078b3f5b2,train
b4f9fdd6170afd20,train
b4fa763eb4c28e59,train
b4faa588b4bf8364,train
b5009b4d334bb458,train
b500d793a2c54054,train
b501e343e256e10d,train
b504204790ef37e9,train
b5045abb8c3eb414,train
b50b1827f34cc5dd,train
b5128a14541a6de3,train
b51420ee222d73da,train
b5159325fb7b78d3,train
b5159f5d9a5b2221,train
b51a0ac7bf3b8426,train
b5210ec775e408a2,train
b52127b1bb9b10ca,train
b524b46f8a01b896,train
b5275da45019d78a,train
b52b4584de07bba1,train
b52d38cc4eb6faba,train
b52eed62822f1f3f,train
b531b76d2105cb9a,train
b5325a829c469a94,train
b5329a313a48fd04,train
b534619dc8ce56c4,train
b534619dc8ce56c4-2,train
b5367d5bc4677a35,train
b5367f85175cae41,train
b53a04376640143d,train
b53ada610748f5b6,train
b53d1f2b9dbf80c3,train
b53ee0e95399cd45,train
b53fdbfd9d189bab,train
b5401b52e7b0ec8d,train
b5415fff065cca3e,train
b54187ab6cd87f5a,train
b542dc5af035f0f0,train
b5434c30198c37a0,train
b54c0141be1beb04,train
b54c345b9eae5b01,train
b54e30873884a4a6,train
b54ea986a440a698,train
b54f9e6b92fe21cc,train
b55083363c7e3aad,train
b550b52bf7b25f5b,train
b5538065997533c0,train
b5548780b8617720,train
b558532d2378e5ab,train
b55cf866421db3ae,train
b55e9c4eb121670e,train
b560ea792524049e,train
b5631e5fe67ca6a3,train
b56388349ce8a32c,train
b565276b500f97c0,train
b56552844d272165,train
b56a9c5070382d37,train
b56e3043aaf0dcb4,train
b56fbce832ad95d4,train
b572188c653d233b,train
b573ab01657e05d9,train
b5748e7b744195be,train
b57d692fd45488a1,train
b57e9378577dbc63,train
b580a00580b65c88,train
b581e85148e8903d,train
b58587aa7006593b,train
b5874c90780ef974,train
b58af3f21429d1e2,train
b58b82d793bedbfc,train
b58f33ceeb2aa2d2,train
b5904eab03aa2214,train
b592fb8097b15f6b,train
b5964959b4ee6efd,train
b59d48da20220dbf,train
b59efb75a11310ea,train
b5a08bd8f17b524f,train
b5a13a52ce45b9f2,train
b5a2c9c0ee25cdfd,train
b5a6092d06a4cf95,train
b5a755d2ea8f009d,train
b5a7bca7b6c67663,train
b5a80648fe7dd079,train
b5a82a769fc2af4d,train
b5b143134d7d7348,train
b5b152a7016c0ad3,train
b5b3a6e174b60f17,train
b5b43ead961199ff,train
b5b4cfc640654c3f,train
b5b5a542eb35f6fd,train
b5b64338b28aec82,train
b5b703fe6193fa7e,train
b5ba7cf6431c0904,train
b5c1ec2164a1502d,train
b5c2701ef2417e58,train
b5c444ca3922c221,train
b5c54e9f0777af68,train
b5c649eebaadf167,train
b5c64dba71652f2c,train
b5ca08905607bd77,train
b5ca3b5800ad9d2e,train
b5ca4db5aa81e9cb,train
b5cb5af84874c141,train
b5cc81cd731612fc,train
b5cd90942065dfe5,train
b5cfe5bfe98fe757,train
b5d156472282b02f,train
b5d1a7ac4e31d8b7,train
b5d21f75fcb26d42,train
b5d3fb4e8d32f6a6,train
b5d593328b35d9fd,train
b5d7097c9301df08,train
b5d8faa9834ddf46,train
b5d93d8765afc955,train
b5d97ac8f0b3d300,train
b5dae493156ffd21,train
b5dbea449b008611,train
b5deab293b7d1663,train
b5deed61a8fb9657,train
b5df768b5436c64b,train
b5e2944949e0ee5a,train
b5e7b59fba7779fe,train
b5ea85f69c52d7d3,train
b5ed3fbdca6b083e,train
b5ee32404679b0d7,train
b5f1d378d5feea77,train
b5f4400dc6b7ebf9,train
b5f6ac079020aa8e,train
b5f75e44c215802a,train
b5f855a728490ff3,train
b5fc2d082930d2da,train
b5fdc17f7579ab15,train
b5fde7c8f2c41e0d,train
b5ff3df3911b6e2e,train
b5ff747042b12adb,train
b6038aa4b4879a9c,train
b606569dd06faa16,train
b60a691a925a7748,train
b60dbaca8e1938f9,train
b60e3a81e4a6fe35,train
b60e6f894399fd22,train
b61125741291fb45,train
b6120d846daf7fac,train
b619f6d00ad6aaa8,train
b61e9811ca398ef2,train
b6206d24f518ae04,train
b62223b56d05d5b3,train
b628a749fb85ab2b,train
b629f4b4815dc5ae,train
b62e3e5e77cb97bf,train
b62e4ba2c9075c3f,train
b62e659fc5a460b6,train
b62f9a3b8099066e,train
b630529b5e2f0d77,train
b634b61337f7435f,train
b635a0e98333664a,train
b6380b0be406c824,train
b6389e4d7d79af2c,train
b63bd63a0a3bfaef,train
b63bfa6b58e87a16,train
b63da18f174331ad,train
b63fda5ed5c79aa7,train
b63fe2a9f815203d,train
b6418b133ceec43d,train
b641a070fee99b70,train
b6433bacb9f4ca67,train
b64361ce17818f08,train
b643bdd2a09ef619,train
b64aabf2c4e1e2ef,train
b64b2d08b6dfe6ca,train
b652304bb2c1452a,train
b653d8f04e24d83e,train
b654185d223f51bd,train
b65420fe7ecb4946,train
b654e05d3722d9cd,train
b65b032b14d60c70,train
b65bfbc6f19877b5,train
b65ca73d6459fab0,train
b65fd01122c5c248,train
b660ec4c408f2d9b,train
b661c8a73f43d7b6,train
b6623f7e80302134,train
b665323b26d3b01b,train
b669eda4cc710aa7,train
b66a58c5853f1254,train
b66bafc3acc83349,train
b6707a69a2375a2a,train
b673c575cd7ed075,train
b6746cfbbafdb0b9,train
b6748404d313bded,train
b6752003249f81d0,train
b677ad9fa0e2a0d7,train
b6789c57bec4d5a8,train
b6792750811493bc,train
b679d52c0eef1f6c,train
b67a66fa9d5da869,train
b67c2792efede08c,train
b684f48a1a7d05f5,train
b689558835bfcd04,train
b689c2de8eda46b3,train
b68ac9ec3978e641,train
b68bbf47c90e05d0,train
b68c50ec38fde118,train
b68c9f9bbd910f8d,train
b68f0617151aceec,train
b68f214dc1b86e7b,train
b6920c1abf4ea92c,train
b692d05afc7b3432,train
b6944f08d6643186,train
b695976b15da7ad1,train
b69754f29ee72f5e,train
b697848df4fa3304,train
b697a517e3ee8e75,train
b699374a5e207413,train
b6a4a4171cf93a32,train
b6a60a5308c45037,train
b6a70d86ce2a3f83,train
b6aac1cddf463735,train
b6ab8ffae9e1a52a,train
b6b04dc40fb8b5ce,train
b6b23b2ff4f47597,train
b6b27ca320c10d9f,train
b6b7631175a7759b,train
b6b7f09de478723b,train
b6b809774237d146,train
b6b88c76e887f261,train
b6b9f4dcd1cc428d,train
b6bccede83f12f57,train
b6c221121de171b4,train
b6c74d4768b04704,train
b6c99747755c6faf,train
b6cd2cda0fb127d7,train
b6ce6baeb9851457,train
b6d0750a4190a0e1,train
b6d57b55eb9a2788,train
b6d79e75cd2e5a83,train
b6dd47e4acdfe335,train
b6e19ba67f0d0093,train
b6e2bb7f3aacc64a,train
b6e3f8225d6fac32,train
b6e51c84833f1ff5,train
b6e56aa3a3e7762a,train
b6e700c111e13bde,train
b6f21bc827f40781,train
b6f370f9b4a9e60f,train
b6f562bf9394d24b,train
b6fcde0987335eb6,train
b6fdfade9d663c46,train
b6fe60d85a7ee6f2,train
b703d1aa5b13465a,train
b704997d64458f8d,train
b705a2b64e5f824c,train
b706a1bde9f2af36,train
b7082e9cb6a95179,train
b70a24b146b55d17,train
b70a2ddd63217c2b,train
b70a62f9b9d767b5,train
b70af37f1f364fbf,train
b70cf666a3042947,train
b70e6e01af3d4ca0,train
b711c19a5cb4c299,train
b7197b428eca9ded,train
b72279002929f966,train
b7262771e6999708,train
b72635449e2ca34c,train
b72969c74b2356fd,train
b7298af6d5b22b09,train
b72cc0f029c9a4ce,train
b72d2b650c8442d4,train
b732df6a23a467ce,train
b733c8eb853d8939,train
b734da878b1593b9,train
b7353eec64147949,train
b737b7e60e1526e1,train
b7392d3e2a9de4b3,train
b739d2830bd0bf92,train
b73a13f64844dc12,train
b73d7c1b825c6224,train
b740bf43d1225532,train
b740ee51918b8a0d,train
b7426bb906656f88,train
b745f99d65a3ade4,train
b747b2dc5b36e337,train
b749699cced30836,train
b74a29249ca47b14,train
b74a6f1f725e2a21,train
b74c99af4d72d5ab,train
b74cc6f7b96e2c22,train
b7514ade6a95f38a,train
b751bd68cc0be995,train
b7520e0b1d16c879,train
b75251ea7938c3d2,train
b753cfee8e8b6b79,train
b75465fabe6fcd3e,train
b7557d7fa4032f82,train
b755dba79646e99d,train
b7569f214b74ae05,train
b75d463caf57d4e2,train
b75d7aa3b314b1b9,train
b75edcacff61a326,train
b75f4d742437f759,train
b75fa3f841f44c34,train
b76126fe0b49148c,train
b76149b46b6d9dfc,train
b7614e375ce2a4d0,train
b7627a93f9d12e8a,train
b76356144ad18750,train
b763b701582c37b9,train
b763ec7f691056c4,train
b76454f10f8d3055,train
b7664f4d517c72f7,train
b76add651427c5e3,train
b76c766cc9f193eb,train
b77436948ecb2075,train
b7755a1ec08e1db5,train
b77922ec517d16f1,train
b77a2d8c5c2c8547,train
b77ca2ef815b3a04,train
b77e361b33a07dfd,train
b78194610ec46af5,train
b78200e532c87a73,train
b78446388fbcb492,train
b785001821db8b67,train
b785bb271e2048ca,train
b7873d8c5457c0d7,train
b788ea5b4388c3cf,train
b7904cfb14f0eb4e,train
b79197be10baed03,train
b791b82452c9f197,train
b79294a3c645d1a4,train
b79447f40d15c6d7,train
b7972ed737b25699,train
b79740fcf5c658a0,train
b799f8a0153031ec,train
b79ade5f1b12a4a3,train
b79c068a40bbefd9,train
b79c66deab0af853,train
b79d7a19c33d9d29,train
b79eec7de1071e55,train
b7a20e47fe97a903,train
b7a33d30565ee4f1,train
b7a430c17835f8ca,train
b7a4c0b37fa54bbb,train
b7a68745e66ed633,train
b7aa0102762b215f,train
b7ab80a9643ba4a7,train
b7ac4a6e3df1c33e,train
b7af2dac0fa8e835,train
b7af8ac162021f06,train
b7afded5cba24b9e,train
b7b382fc945f480f,train
b7b49fbdeff4e9d8,train
b7bd6203906ed744,train
b7c0c610c7be701b,train
b7d2a832da0983f4,train
b7d61bd298d81ccc,train
b7d64ba6e73d10ac,train
b7d76ba578ffc907,train
b7daf51599de2940,train
b7dc45f930713bf9,train
b7e161bdfb39ed12,train
b7e36ba4bf2be63d,train
b7e3cebfac540037,train
b7e7849e725e367c,train
b7ed695c7d77724c,train
b7eedded040d7854,train
b7efb69e582ff0fb,train
b7f0e1a767db81ce,train
b7f5c00bd546b4d8,train
b7f6e20364497245,train
b7f79d2ba036aa9d,train
b801a4b3773bf193,train
b8027f44d356fa97,train
b80330de374095a8,train
b804180fa54fbccd,train
b8051f141b128cff,train
b805f3ad6ac60f24,train
b806a7d3d2c8a847,train
b808375e4376853f,train
b808c5821987f836,train
b80934674d3c8cf3,train
b813fa418b70384c,train
b81d76237d7f615b,train
b8210e8ebb612f3b,train
b822b0b55f0035fa,train
b8234f5673548837,train
b823c655cde3fb9f,train
b8245113d5286b02,train
b8251762e4a08588,train
b825fce1050811a7,train
b826019ebcfde0bb,train
b82603bc4dd67eec,train
b828fd45ff0e0326,train
b82e2665d93a495a,train
b83169b6e420e605,train
b83a40bc51fb6ad0,train
b83a5beccc2797ac,train
b83b8257155ba67e,train
b83c6266e0204a40,train
b8457ae8742a4ccd,train
b84635350d68734f,train
b846a55ffc192879,train
b846dee746b632e0,train
b84c49cbbfdc3536,train
b84cfc86c10193c6,train
b8500abeaee3aa32,train
b851478760b652e5,train
b85eb9072562d09e,train
b8647f85719decc1,train
b865c3b9bfb07e34,train
b865dc714a750ccb,train
b8676395f70c02ac,train
b8682c3ef98eb64c,train
b8682c3ef98eb64c-2,train
b868b00d0535136f,train
b86989613572823d,train
b86b45c2cec5cd7b,train
b86b4d014a368142,train
b86c12472086425b,train
b8712c31df5628fb,train
b873968c8e1d0450,train
b873cb9cd385919e,train
b876d9e73d51a922,train
b876d9e73d51a922-2,train
b87772f18a54670e,train
b8783c20e921dc0b,train
b878ebbd74f04b9e,train
b87c778bb48500f0,train
b882cd762a725b74,train
b883e4a4cbd36869,train
b88661bb18d9c72a,train
b8869f35e7938ea4,train
b8871f4249efcc90,train
b8878b82c80fa484,train
b8889c5da3015da9,train
b88a55dcd79b2ee3,train
b8963f25aacdd0f9,train
b899fef52a80ca35,train
b89a2ea6cb520291,train
b89b0bc5f1df143c,train
b89fe965dfd366de,train
b8a00692f418756b,train
b8a3896a20e0a063,train
b8a3c46a430c0f25,train
b8a6c6d12fd6d74c,train
b8a7f3fa91f01452,train
b8a8497c9b8ad098,train
b8a972656d1ddd58,train
b8b1c73273456e75,train
b8b4dfdf474c9b46,train
b8bb9e52d7909618,train
b8be1c22d23d5dd2,train
b8bed33b437a8d0a,train
b8c5e7669093773e,train
b8cbca0127d872dc,train
b8cc72936d55a402,train
b8cd93417cc86cdd,train
b8cde01ad3f666e6,train
b8d062b8dd61c595,train
b8d1e85d89975701,train
b8d257ac80a26cba,train
b8d30eff8f7216b5,train
b8d40997bd1a2a58,train
b8d4f5056119f7b0,train
b8d65989248c11d1,train
b8d7c0fdfc46d190,train
b8d7c0fdfc46d190-2,train
b8dac1db696f7fb2,train
b8db32ebc085e61b,train
b8db9521b728dea8,train
b8dc6290c07751b6,train
b8dc7826d8a92b38,train
b8dd74bfa9269850,train
b8e16362565b2084,train
b8e552d2165e06b6,train
b8e62a849da9406b,train
b8eeee60ad3b11f6,train
b8f4b42cb3f90267,train
b8f59607543212cc,train
b8f5b7d1699638ce,train
b8f5cc3467487bec,train
b8f5fa6f532c06ef,train
b8f7d193556b5ef8,train
b8f94e1111001f36,train
b8f95ceaa2e1964e,train
b8f9f9b9a2c6d71a,train
b8faec3faa9cad41,train
b90175096b246b3f,train
b901fd4fb8667d71,train
b902430faedeb19d,train
b904f32cf8c9e380,train
b909bab877aef433,train
b90c3e7bc8ca5604,train
b90cd8d2ad0a46c8,train
b90fdb8bcca60347,train
b91041bbcaa58e43,train
b9127b18b53453db,train
b9130a88ba871fb6,train
b914dec63679b8bc,train
b91593742f8e4af6,train
b91797d7a226f226,train
b91851011b0365f8,train
b9196e37886e75ff,train
b91c42b12120b2e1,train
b92938d240aa02b6,train
b9294a8d0191a8c6,train
b932e5d2b95da94c,train
b9360b00463ccb64,train
b93616c787a72186,train
b937f78cf071b28d,train
b9394b93c9ca9058,train
b93a3f83894c54b0,train
b93b08035ed8cbe7,train
b93b1b6480c49315,train
b9410e4953d2dbfd,train
b941d508ef063b7a,train
b942546451cf27f5,train
b9428b8adba1937d,train
b943f42145d14669,train
b943f46249009d06,train
b94428633263ef31,train
b94550dbd1c2e89c,train
b94884e50e55d924,train
b94a6fe7a4a3b324,train
b94ca2777f0814b8,train
b94dc96ebe27cb64,train
b94e3d34f0b8e6aa,train
b952cb6c04692cb8,train
b952d5e9b111a1d7,train
b953d2a20fdb032b,train
b95c385d924638e5,train
b9611754233d6c13,train
b962f5175e3f8483,train
b9637440a9cb93a4,train
b964847f350507a3,train
b9648f095d570cab,train
b967686f9bba7fce,train
b96904d0900bddbc,train
b96c4f44b97b0dc8,train
b96df09df72c1225,train
b96ebc46dfdaed1d,train
b96f56a3b51b1fb6,train
b97023ab2b9372e7,train
b9766abb06945585,train
b97680c720246aeb,train
b978c2a594b7a18e,train
b9790b522e705b61,train
b97b2e9c46e3eb54,train
b9808d4105a419ae,train
b981c78e72c84fa4,train
b981f9f2e297d028,train
b98205af0bed710f,train
b982386682aaf1ec,train
b983f29e64058594,train
b984dbe342f118a7,train
b986013debbc68ab,train
b98782f688af5bfa,train
b987f3bfd199389f,train
b988b0d4d58433d9,train
b98a003f1307314d,train
b98af8a9678c8ded,train
b98bbdf8644e9475,train
b993bede5aa8ed3e,train
b9964929c1cabbe2,train
b997d49e5dbe0e93,train
b9986a55f3abe0e1,train
b9991913871835ab,train
b99a552ab3d49671,train
b99b23c0c363be19,train
b99b2ef3f4b25c5b,train
b99bce1288e8a0f4,train
b99f672520ac2fa9,train
b9a0dab8eb9b846c,train
b9a12b34c8750b17,train
b9a23510a9d1bb6d,train
b9a402868e7a8e78,train
b9a98995924f362b,train
b9aa55182fd64e5f,train
b9aad2b40fa9f5f2,train
b9aad354454ada74,train
b9ad74b1b6336281,train
b9af76afdb090a8f,train
b9afc9a52df2ecc4,train
b9b2023080c89f8f,train
b9b799360e99cdc4,train
b9b964a920176d05,train
b9baa6b48875289a,train
b9bb6e21b892eb2c,train
b9bbfba7ae3871e3,train
b9bc3b5e117e04b7,train
b9bd572de108149b,train
b9bea748e6ee2f20,train
b9c05d4692f9e0e2,train
b9c19230a68d07b4,train
b9c36790edb46fda,train
b9c3f4f8aaf364cb,train
b9c8f3c3355d9e10,train
b9c95510916418f3,train
b9cc3c0c0c6644b4,train
b9ce15d8faf8d32d,train
b9d2faa1f26dd66a,train
b9d326c165d8d225,train
b9d68acc0b455fcb,train
b9d9a298cf97bc6b,train
b9d9fc7dc1b2e247,train
b9dbb4f52df81a41,train
b9dc31e5bd66d532,train
b9dca43b540f531c,train
b9dea678adee4802,train
b9dfc4b61a71754b,train
b9e2412b5c420212,train
b9e252f40a448c50,train
b9e629a40a187842,train
b9e6b33884b5c182,train
b9e741f13c9d3eb0,train
b9e93134e261cce7,train
b9eac10078c3d758,train
b9ee4f75df599dab,train
b9eecfc243680615,train
b9eff3ad443bf789,train
b9f032edcb3a54c6,train
b9f284b0cb5fc791,train
b9f2e863f2574626,train
b9f391eb13ba08e5,train
b9f3fa4349af53d4,train
b9f4705f3c0578e3,train
b9f66a42a6a82f75,train
b9f74811a9ef0f39,train
b9f869a7ceb53903,train
b9f8c970a60061d9,train
b9f8dd70ad332fa3,train
b9f9e1e205ba1bcf,train
b9ffd7e4930d59bc,train
ba017b4ee92c658c,train
ba018884bc3034eb,train
ba06f3bb35695de5,train
ba0899a1f5364244,train
ba0bbc0014d212dd,train
ba0dcd9590d3bc4d,train
ba0e0f18209a1b05,train
ba0fefc85c39cea4,train
ba13ae34ea2d182e,train
ba162c7db0f5975e,train
ba163f475b262075,train
ba17c7a5da7d78b2,train
ba17deaa5622975f,train
ba199114db08eb51,train
ba2296ca0e6e1d25,train
ba23e5cca2bedd16,train
ba24c92fb4e1bca5,train
ba29c7bc5316937d,train
ba29dcd9e5518f1d,train
ba2a4a627b5d3590,train
ba2c664a51e55f56,train
ba3243777624be5f,train
ba3484d3372ef46a,train
ba35febbb6fe8807,train
ba3b81f5b641d7f1,train
ba3c1629a8147feb,train
ba3dbbd4723a5905,train
ba42a2949bcb5000,train
ba44035d758f92bf,train
ba451314c18b7685,train
ba47419e23d20b3d,train
ba481573dd0a4ce1,train
ba49892992846323,train
ba4bf8d582d51e17,train
ba4c9403cdc8fb64,train
ba4f97b760b41dbc,train
ba532fc51defedd3,train
ba56f33e65041a41,train
ba572bbad362c71a,train
ba57bda0edded6f2,train
ba59af93331f7505,train
ba5d403621544dd7,train
ba5dd1057d266b8b,train
ba5f5559cb8c6ff2,train
ba5fe63433b59796,train
ba62105769213e65,train
ba6254f255e14a5c,train
ba63ebbb08a94209,train
ba65557f7107d54a,train
ba68770e9194c8cb,train
ba6a8f5396a44199,train
ba6ee297d90e9e6b,train
ba6f11a4b979ae4e,train
ba70bf692d7b2664,train
ba714e360bd72cde,train
ba71cc88efe68d98,train
ba725395b677d984,train
ba735ba728740c92,train
ba74f39d3eb62140,train
ba759966fafcf269,train
ba76279bd4aa28c4,train
ba79f26c54227f9c,train
ba7ba4b65d87d621,train
ba7bffe67882c73e,train
ba7df91c9e42f916,train
ba80a2272341dadb,train
ba83901cb1df1c9a,train
ba8551f245f939af,train
ba8b2df761ca3a58,train
ba8be8e80a7fc7c1,train
ba8e43ba3e790aae,train
ba8ff87ee913b042,train
ba90c4ba20d1f476,train
ba97890460841153,train
ba9a3f87afe27db2,train
ba9ba32cb458219d,train
ba9e7175cbe16e78,train
baa0e046e7236dd0,train
baa24b7880d945c5,train
baad67e57ca30c70,train
bab35ffa5b80e5f4,train
bab4927d9b0026f9,train
bab4a4442a73c4e0,train
bab4e4d76c2e64e5,train
bab61114899805fc,train
bab6e66f9ba0661d,train
bab7697c1759bc79,train
bab8d0e70b307301,train
babb0f40387c8776,train
babcc83feaf0b84d,train
bac0b02ee4a8735d,train
bac129b0cc1b1b32,train
bac240c88791b495,train
bac8a237ae60be4f,train
bac95f746b66063c,train
bacbdd071c78d58c,train
bacc7ba3051d027c,train
baccbede72cdf5b9,train
bace98e898a91cc5,train
bacf37a23227a699,train
bad92c3da2dba41e,train
badc4d639dcf329a,train
badd8866fb63a8ea,train
baddfcbd593e0200,train
badecd9315fda3af,train
bae0cf2088848940,train
bae1e95077b0b5fa,train
bae43ec4121694bf,train
bae80743412deea8,train
baeb174e53472045,train
baed6635c7bc087a,train
baefb754ad21e1fe,train
baf09d84a0c3a92e,train
baf4596127d67172,train
baf4851ffc8da0a1,train
baf6a6acedf80d5d,train
baf7362a7a5ecca8,train
baf812c0a4451d32,train
baf91ae6c5f3a477,train
bafa21ba369b8f4d,train
bafa585f7d502405,train
bafb50794a6c6c70,train
bafb90b3de4fa8a4,train
bafc48c432d66a5c,train
bafced3fcd8910d5,train
bb007acb07804331,train
bb009e5873038e51,train
bb01f782962843d1,train
bb03e0688749eeca,train
bb04a5498cca0344,train
bb070451e4a8c778,train
bb083f18913ba33e,train
bb0921267c19af38,train
bb0bd98dc539f6ea,train
bb0dd48c7ab44f5a,train
bb1309f2547547e2,train
bb1315b942afd398,train
bb17c3f499decf1b,train
bb1bb41bac4c2b96,train
bb21ceec44c41c7c,train
bb2236ac30294314,train
bb23ffbf38868efd,train
bb24b36c198791ee,train
bb24d5fc46dcd079,train
bb25561454323b96,train
bb26941d921d0073,train
bb277fb45df01e53,train
bb27a8e4c2651d67,train
bb27ec4c93051981,train
bb2adeba83e026ec,train
bb2f147479463dab,train
bb36fe8521c335f0,train
bb37ec47d2b936f7,train
bb3a8584007099e6,train
bb3c2b00b0b300b5,train
bb3d096f59d6e807,train
bb3ec548bb0dff8f,train
bb3f2ecaa58c0852,train
bb3fa07a53d5e86e,train
bb43a33f1372e67f,train
bb4881a7c0c8f942,train
bb495da9d213136f,train
bb4a480215d6b574,train
bb4e769054f3ce88,train
bb525c213e388c9e,train
bb55e5fc57449a3c,train
bb564939e03e2db1,train
bb5768b8b52d91d5,train
bb59a7620195f02d,train
bb59bbe992f8409f,train
bb5b20f516cfe961,train
bb5f58c1f66d8c29,train
bb64801b8c0b2e12,train
bb6650eaca6febb9,train
bb66c859a89fd465,train
bb675d3de24bee24,train
bb67cbdf4ccfb6f5,train
bb684887167079d4,train
bb68f0a66b0e5f44,train
bb69364368732841,train
bb6c3f13697428b1,train
bb792a9b756548ea,train
bb7bb07db3a1d2e8,train
bb7dd25a9fd9481f,train
bb81e593b5469528,train
bb845be85d11ea62,train
bb852afe624a3c5a,train
bb85b48f3f83bd43,train
bb86f852e549e81d,train
bb87a9295d68e06b,train
bb888c5eab2906b1,train
bb9106aa240277ab,train
bb9203c7b0752212,train
bb92578aebe7f850,train
bb99070413c42497,train
bb9a0d0e863e3b9c,train
bb9a47a4c36c92be,train
bb9a6c1990b4f4da,train
bb9ab2f659ca5634,train
bb9b627c73762e6d,train
bb9cdbe926004334,train
bb9fe15f30e7c3b5,train
bba3d3da84345631,train
bba987b9398103ed,train
bbaa437847808aba,train
bbaaac9d3c0725bd,train
bbacad4d96df9cfc,train
bbade05fde5c01e1,train
bbb15f523b92a0f8,train
bbb67b3d11794808,train
bbbb32ee9a02d123,train
bbbd97088210a9b2,train
bbbe341671b243a5,train
bbc81012c341ad6b,train
bbcb0c328dfbd4b4,train
bbcfd0b4e2c354d7,train
bbd2cf4bb9cbfcd7,train
bbd5d2d490f99079,train
bbd6a190cb5a3784,train
bbd92a0904c32f67,train
bbda303ccee3fb46,train
bbdb60f13e1283ea,train
bbdc5884287f6edd,train
bbddf5eb006a1613,train
bbdf15d01947c8d0,train
bbdf2ae28a95d2c6,train
bbe14cb3df7deef8,train
bbe3042a5dd2f0b7,train
bbe3d621757f4321,train
bbe408e641ef03b0,train
bbe44d6f4f08349e,train
bbe55b2aebfc2fa6,train
bbe5f5de43dc48fc,train
bbe72bb9d4486619,train
bbe73b9d1fc89ef1,train
bbe750b7dd41bf13,train
bbe90daa0e100cb2,train
bbe949f1eb334acb,train
bbe95e740a414861,train
bbeb03221b535908,train
bbeb3f01d1f71794,train
bbebf0b6be643c7c,train
bbecde686aac9466,train
bbed2b87ee30fc4a,train
bbedd41cb6a880f6,train
bbedf28c8e03609c,train
bbefacc2d5bbcae8,train
bbf1a347209f9b4e,train
bbf8bd5b40383c70,train
bbfad98e37994ac0,train
bbfbb126d12d1d5e,train
bbfd2160e0b1d7a3,train
bbfd9a6f64c31426,train
bbfeccec027ee7f3,train
bc00860f3bcd96fd,train
bc00dc7c24332036,train
bc03745b25c36a66,train
bc06589bfa07b3eb,train
bc07584b6dddfca0,train
bc0776e9d90d48c2,train
bc099395b06ffe99,train
bc0ad1beb20d01f1,train
bc0b8520757e198c,train
bc0e00dda1932b09,train
bc0e9bbd2bd850a1,train
bc0fdfad5b155d8e,train
bc12750879fb1147,train
bc17e451bb59bac3,train
bc1a5aac6fa65462,train
bc1b963fc0e76fbf,train
bc1c264278ea33d6,train
bc1c99598e4b7194,train
bc1ffe2ea12df1b5,train
bc2277f0234609e7,train
bc23c05b4776958c,train
bc240ace21ea4e3e,train
bc2989bd3e6fd7e7,train
bc331531745df09f,train
bc34584e8b784d95,train
bc3653e604bb857c,train
bc3a85895ecf992d,train
bc3afde0e1009e82,train
bc4023f0fa9e6fc1,train
bc424980931d4efb,train
bc4747c7c937654a,train
bc492c8b50b21c56,train
bc49cdc994861c70,train
bc4b00b3223079a9,train
bc53f88b8af936cc,train
bc54ba76e7c46d4d,train
bc563dcab9e53cb5,train
bc5b2b87df7595e7,train
bc5c2ca03f17cc03,train
bc5fa4d8d78cb39e,train
bc668e4127ff31d4,train
bc66cfcbec383546,train
bc6725b145912443,train
bc681a2e6e629a0a,train
bc6931c432a846d4,train
bc69ad147fd28858,train
bc6ff0aa1509e333,train
bc725a2b76097c9b,train
bc7317c50c3f8a4b,train
bc760f6e5dc9cdc4,train
bc76f662fab2dc0a,train
bc771371bcd29f2e,train
bc78b84ec1fb4f31,train
bc799b24742a2aa8,train
bc7a6406d82028f1,train
bc7b59ea711e7432,train
bc7daf28ec4f5d67,train
bc7e10d4876e5bd2,train
bc7f1057fd66db9f,train
bc8302012cc2b89c,train
bc834335c8b642a2,train
bc841914076d459b,train
bc86ef0131b0620a,train
bc8e9008e96b29eb,train
bc8f1f5c78317135,train
bc8fd7f6d0741951,train
bc921cd4a81a5fb2,train
bc9591b2f8198606,train
bc9629a2a6cac7c9,train
bc967d09c5ee91f9,train
bc96cee2cf215edc,train
bc97ff7bff0389d8,train
bc9bf575e891b5fc,train
bc9ccb76a8a09b56,train
bc9d6d807007363e,train
bc9f9fa2ccd77ea1,train
bc9ffd192a82ac94,train
bca30e3f9dbe20a6,train
bca69e96e0ad9654,train
bca805cbf1adfb20,train
bca82aa69f9c212f,train
bcac0a67b208a884,train
bcac84cc4e8e08d6,train
bcaf53539d7b9ab9,train
bcaf8bd72be7dc6c,train
bcafb68272ebd948,train
bcb0a9750250a046,train
bcb0b6668d1586b7,train
bcb3dea8bc287a88,train
bcb91793ac2eb568,train
bcbb3f296a44fd5f,train
bcc4a57a7c4f25fe,train
bcc7519935cb0cf6,train
bccbdfe9d7a497f1,train
bcce375b0aa3555d,train
bcce46ab29d6e948,train
bcce90834da24b1a,train
bccf8c26976aca18,train
bcd0ec291daca18a,train
bcd1a7beebae3d9f,train
bcd7fcfb74d26989,train
bcd86315dca80e37,train
bcdb8902c1d39ba7,train
bce0bdd365e59390,train
bce49499f57a9687,train
bce4b8373f0ae0c4,train
bce4d0d0b97d6241,train
bce5dced30cf34cc,train
bced7542d17ba3dc,train
bcef2f716488f745,train
bcf0a240a178a287,train
bcf2de8afe125c9c,train
bcf5d6f35a6b2895,train
bcf7d4fa865b57b1,train
bcfbe28f8d38f1e7,train
bcfc4ffe7a1f9a55,train
bcfdba42308ba175,train
bcfe3775a06e858f,train
bd014ea5eab8c8de,train
bd052c4f75e73ed6,train
bd0590a4a616905a,train
bd0742b9b4cac4aa,train
bd0bc7a1842ea85c,train
bd0c75724511c901,train
bd0eb278e79f92b7,train
bd120220c7b81d94,train
bd142fb9472fbf18,train
bd178c2d2b4ceddc,train
bd18be20c34f236e,train
bd18c0cfd5505109,train
bd1c6a18951e6467,train
bd2318200d6e5d86,train
bd257943fb8a6e62,train
bd261e417eb81597,train
bd266abddde8f647,train
bd29e0b0551abdf7,train
bd2d264113798351,train
bd2f133da13f697a,train
bd305c01ff36e4ec,train
bd3156b031c1da34,train
bd31788dd4f34d9b,train
bd33d3cd251d886f,train
bd3586a649d68222,train
bd36a71c02a8f0a6,train
bd3d45a2bc7962f5,train
bd3dcf3b6fd63386,train
bd3f9a16f2c9d6e3,train
bd403640bac03368,train
bd459d1a01607203,train
bd4616ed411298e5,train
bd46976919d3cd36,train
bd4764eba7ef607c,train
bd4b1f1473f81d11,train
bd4c4f5ebac5f0b4,train
bd4c6fe3160df005,train
bd4d550ea05ffc9e,train
bd4dc33c58269a32,train
bd501e1a631955d3,train
bd5091ff2226d8f0,train
bd5208acb8874cc6,train
bd54513416c36354,train
bd566d06bd85294a,train
bd5d0477a6e46954,train
bd5eb52cb12fdb7a,train
bd5f941c1e236c33,train
bd62efbd1b5b0000,train
bd66dbb2f63abe51,train
bd670b7ca5cc679e,train
bd684b9aee229c3a,train
bd688b1d2e5dfc61,train
bd6b36f116c79088,train
bd6c75e10907b461,train
bd6e31650907eb40,train
bd6e7f8f62f9e61b,train
bd6f191cb8d7bd9d,train
bd7fae10119d9060,train
bd81596ce5c71ff4,train
bd84b657936d6755,train
bd86199028c7cd8e,train
bd891503182f9b7d,train
bd89e1f19fb508a8,train
bd8d60173ece61c4,train
bd8f0f7394441292,train
bd8fc1a380b81c59,train
bd993c6bed8fd75d,train
bd9cf6601e26b021,train
bd9d5c695434dfe2,train
bd9e384138ce8313,train
bd9f83c874e8f6d7,train
bd9fd37828d3faae,train
bda0e87b9032390c,train
bda28209b253e912,train
bda2a3577f32b848,train
bda302de3f4bb58c,train
bda35ac7280bdc67,train
bdaa2fb7f9a58888,train
bdae5f58ff99aafa,train
bdae7c3047a73c01,train
bdb08a308fbd1a70,train
bdb0bc852097196f,train
bdb272b671de6626,train
bdb2c39903354773,train
bdb4c558f519545e,train
bdb4f75195bbd17c,train
bdb69516c0b6c6d1,train
bdb83e0ef58874e8,train
bdba05c471a9b064,train
bdba556073fe08ec,train
bdc066363d2f3949,train
bdc08591261a97dc,train
bdc23f4ae60c09a4,train
bdc357683d974529,train
bdc59cd89f3c526d,train
bdc5f88fffd1a964,train
bdc9eb6e8a4eab78,train
bdcc746343553b10,train
bdccf0ce90d80339,train
bdd15b843bb57c6d,train
bdd23f892f67588a,train
bdd3b523fc6d9344,train
bdd522dfc1ca417b,train
bdd5517e9104f657,train
bdd5f9a935dd5f68,train
bdd7b0d0246bb2e8,train
bdd7b1e7c7edc710,train
bdd8837887b2c092,train
bddad4427938ca44,train
bddcab9e40ac5e8c,train
bdddb026869094ef,train
bdddf2215957d9a7,train
bde21f9f31d8f3a4,train
bde511dcb6c9469a,train
bde53668cf6a4e1f,train
bde5a64dbdcd7029,train
bdec212601849252,train
bded3493041ba5c5,train
bdee2d1e27471e90,train
bdf0316963875c6b,train
bdf3133e58d551cd,train
bdf5955dda2e5a8d,train
bdf705d45f945ae4,train
bdf8f6da3f0e5ec8,train
bdf9a5723f948706,train
bdf9b03574188440,train
bdfe82c6d8bda2b0,train
bdfe95dbd914045b,train
be049c5da5cb9ad4,train
be06358273e7a863,train
be06358273e7a863-2,train
be08ae6997d35c86,train
be08f7c1695ae28e,train
be0b1b5b9c330683,train
be0e095425549325,train
be109de1488c53ea,train
be13724979172e24,train
be15c265899541ab,train
be1685001912bbc1,train
be16913041657e5b,train
be196e444425cb39,train
be1c6d268fd7d698,train
be1ef1da277da2af,train
be20eb9b566374fe,train
be22e40f0a6cfb0c,train
be2401c63857035e,train
be247c09a256e8e1,train
be248498975b78b5,train
be25bbd361587d20,train
be2a57752f59d863,train
be2ade132fccd4ce,train
be2ba585c925aaa7,train
be2dad0cf0b77837,train
be3506f8bf971460,train
be39bc3aa59f483e,train
be3a9b7088316be6,train
be3bef528e945ff6,train
be3d9f1425bf2d62,train
be457b8009da181c,train
be469b374738294d,train
be4b7ad812f1dced,train
be4c41fdc02f9e79,train
be4f5ec41db7c189,train
be50d29913816c37,train
be51980ea79fddfb,train
be51a045916568f0,train
be51a7881da447e3,train
be520ddc767378b9,train
be534762635272d9,train
be54f5bd99082464,train
be5623594790ea7f,train
be56b0b4ad64cdae,train
be58e6d2b8874343,train
be594b719ca37efb,train
be5b1b602fb6701a,train
be5d21930795924e,train
be5e1d86abd767fa,train
be5f821d3dbed1e5,train
be623ddfd59c5cbc,train
be6684abec306367,train
be69f09a91768b29,train
be6daf23fdcb9bf0,train
be6f88a2ba808435,train
be6f9751381b6e5d,train
be705b4f979f3d95,train
be77a6652cdf7803,train
be79e45925f57b05,train
be7a0a5bb77902e9,train
be7aa72e2f8d2410,train
be7b8918d0841a2c,train
be7c05b91ca5c445,train
be7dcb6941381ab0,train
be8082cc6b0f6eaf,train
be81aec5f1384f59,train
be82516b12543da0,train
be8436c01fc3b3bc,train
be88a84b57335bed,train
be8c040f13cd13fa,train
be9158a383db449c,train
be94eee19db2e328,train
be9766c661f75dc1,train
be97dbbded78b128,train
be97e04fa7be088b,train
be9a77bf9259ff49,train
be9c9759f7acd349,train
be9ee52d710d5b56,train
bea8c5dd9c08cae6,train
beac59dabe15a553,train
beaf1c8a829b4f00,train
beafb1efe5ee63bd,train
beafbbbca690e0f2,train
beb47998c5bf086d,train
beb54113a2b0caa8,train
beb84e4df3117075,train
beb9ab323e0c1b5f,train
bebb37a7663a7cd6,train
bebc7049aa473808,train
bebd60af4d41227a,train
bebdc09438f02dec,train
bebeb0455ee638ee,train
bebf4e475ff7fc7b,train
bec00e861df6e8d6,train
bec23cae92badfd7,train
bec3e1844ded06be,train
bec6e0e775b7ee93,train
becefa899292a937,train
bed1976b424836dc,train
bed343a48c58c000,train
bedaac486cd7f51a,train
beddd3c6a3aee9c1,train
bedf5ac069e4f42a,train
bee01f7385bbfe77,train
bee0259fa9a1c525,train
bee40a029ad26240,train
bee568803956f72c,train
bee605640c885bb8,train
bee777e9d952e10b,train
bee7ba26651f8b44,train
bee90f35d3950bb0,train
beea023d2bc8cdf0,train
beea97f3b6e52e62,train
beec173c5ba00af1,train
beedc19a976ab22d,train
beef82de0eaf056d,train
bef02e33da63d13e,train
bef2c74c3022e292,train
bef32ad7a1295c59,train
bef3a5e2da8d3d64,train
bef61f467b5307b8,train
befb0de1d717bf57,train
befd48dc0d7373bf,train
befeb10606015290,train
beff250ad5d7dd97,train
bf01297985df71be,train
bf015cfb5041bf30,train
bf09cdc1d0457816,train
bf09d6b6d812691e,train
bf0dfad467b46d85,train
bf0fae56ebc62af5,train
bf10f37cb5e46a03,train
bf12f500fd8c69f6,train
bf13204543159e7a,train
bf191e2d5dbd486a,train
bf1be11296561090,train
bf1dcfee6da428bd,train
bf1e4f936d006fd0,train
bf1f131b72ab27a1,train
bf1f131b72ab27a1-2,train
bf20483faf308173,train
bf21093c18ab2fb9,train
bf211d89babe66eb,train
bf232c64ad006332,train
bf25f98fb6158e8b,train
bf28bef6e2176ed3,train
bf2a3cdc7ee7627f,train
bf2abf7987b09ec6,train
bf2b5219a844222a,train
bf2c6135cf35bb83,train
bf2d6759a56ac07b,train
bf2ed0934c5d1def,train
bf2fbfb86f95fa75,train
bf33ca7b1f5f287d,train
bf360563a80f11ce,train
bf374bb29694d270,train
bf38358977dc6cab,train
bf39e48a7559f95b,train
bf3c35656b2bcaee,train
bf3c3a0b41298bf3,train
bf3c50be5f94bdc5,train
bf413fe62db6bd34,train
bf4398ef85684fde,train
bf486258e18cf1a1,train
bf4a50437bb3cef6,train
bf4b6dae7241abca,train
bf4cc8dac20b06b6,train
bf4e711156c56fe1,train
bf5117c48aaa37db,train
bf53685ca4a56444,train
bf56afb0ba5d81ba,train
bf5897c774e972fc,train
bf58c7749541b415,train
bf58e030f9317e4e,train
bf5e73afee8aa46b,train
bf5e9763d622cab5,train
bf5f9f5fcf0aa5df,train
bf6063ec85c23e58,train
bf611833695a8711,train
bf612ef9c58a57a4,train
bf626a5fa291cb71,train
bf66179ebcd35270,train
bf6a5104b3bbe0a5,train
bf6e4608aa836be5,train
bf6e7a5f21114b3e,train
bf6eef17ecd59a6e,train
bf738fb0ebe538bd,train
bf746fdec000942d,train
bf786cf7f9f0e112,train
bf78d11fd3560a31,train
bf790fe82d875cea,train
bf793afaae5a25b8,train
bf7a1bb62e760250,train
bf7ce8e1023af0e6,train
bf7d285631fcb4a1,train
bf7ec76ba7f05331,train
bf854ddb0e489272,train
bf8764994e8c0733,train
bf88fcce6fc0b614,train
bf89cc67d0da224e,train
bf8a17c8a64e13ca,train
bf8ab8860dc6fe91,train
bf8e1a193283433d,train
bf9740659b6c3628,train
bf9ac10fd578d702,train
bf9b35d16421bcc0,train
bf9db3e2ccbabb0d,train
bf9db3e2ccbabb0d-2,train
bfa0b86d47ca3cd8,train
bfa19756b5f3f15a,train
bfa1d1fbf1eb7f64,train
bfa9c9a4a0bf7308,train
bfaa25d12557ab33,train
bfaeb6a935ce6da5,train
bfb22064c3629589,train
bfb5082599d250cd,train
bfbac88cb0a34a03,train
bfc2c721c190f9c0,train
bfc313c75ae8acbb,train
bfc7bd49de05a5f1,train
bfc93e253392febf,train
bfcacc953f7fbba6,train
bfce4adaf6afe985,train
bfcee20368571d58,train
bfcf621190b5abbd,train
bfd1a11dcffc29a9,train
bfd29466b3064679,train
bfd6b5a53b197d1a,train
bfd9289e59d1e33d,train
bfd9ed35b92b9d96,train
bfde465058cb7c01,train
bfdeef1f95b25be0,train
bfdf7689d6540be2,train
bfe2857dd8739fa1,train
bfe4b29a4ad61861,train
bfe67ba6a398e467,train
bfe6e0000dd21fe0,train
bfe7ad32ed8600e0,train
bfe7ad32ed8600e0-2,train
bfebc70d1df75978,train
bfee724f3896ec11,train
bfeebc1da75e0a7e,train
bfeebc939ee127b0,train
bfef8b51fbd0b0e1,train
bfefdb554dc50306,train
bff06b067c18b392,train
bff0b1ecd82bcb56,train
bff0bd6a2831c3f2,train
bff2c2e20097372f,train
bff397a73aed07ba,train
bff3b1a4d13730aa,train
bff4b03d326f7b42,train
bff6a5012afe2df6,train
bff7d690db1e2e3c,train
bff9fa39b49211ff,train
bffb59a6f49444ad,train
bffbb18a0a6dc66c,train
c0000d38e39aac92,train
c00b1c075f9a8e92,train
c00b8720576dff6f,train
c0121682fa8a9c3d,train
c014f2c1f2632f3c,train
c017507a4477c5d1,train
c017ceed460e6e92,train
c01855da7922e97e,train
c01cab5530528fe6,train
c01e159d1c7f4a12,train
c0256ed4351502de,train
c0272ed3730b9628,train
c0277aaba672bf5e,train
c029aaf78b75e27c,train
c02cfbf6f69e2702,train
c02e8f429e260301,train
c02ecd95c722630c,train
c02f84ed056ef18c,train
c03055bc3c294828,train
c031c54814137311,train
c034362d4c527e5e,train
c0346192e69fc970,train
c035cef56da08b28,train
c0375646e987184a,train
c03aedd12862b409,train
c03b17714e3afe70,train
c03b1d389264bddb,train
c03b975c9d076fbb,train
c03c9ef99081df3d,train
c03cce00aa0a96e2,train
c03ee1692cfdeeab,train
c03fbf65a7690dc7,train
c04012d36d3aced6,train
c043845796bfa7c4,train
c043f644412ba9e3,train
c0440f56adba6854,train
c0450ff852bdb9e9,train
c046a4360a4a6144,train
c051868a0409bd96,train
c05588c42ff5a05f,train
c05662c22e56c5fe,train
c0595b2bda905b66,train
c059c2a8b6fef882,train
c05a3f76f6e99190,train
c05d691ad0e57217,train
c0610d8f32114821,train
c0611401014a69db,train
c062e66ab72252cd,train
c063e5e627e71605,train
c065b3624eb8aa86,train
c06662807f9e04b1,train
c0696d81ecf18765,train
c06b5d21e0e82c66,train
c06cac6ef242403b,train
c06dce51dd028667,train
c071d4c8113348db,train
c0738dac3a886e81,train
c075afa2425b75e5,train
c079b372b2936541,train
c07f5a6fed6312f1,train
c08568a2d31ba478,train
c086d86260062ecd,train
c08720fa7e0e0b83,train
c0889dfed9328b47,train
c08e982ca1171352,train
c08fe221be4b461f,train
c09678de855f8e68,train
c097ec26833e6f85,train
c09c61a8a2fe8a7d,train
c09e84d5f6c191e5,train
c0a07e777d9758ae,train
c0a32c2832e9a511,train
c0a7b0fda462915d,train
c0a7f209ccfc1a7c,train
c0a9953f209219c4,train
c0ae4e899987d7ea,train
c0b1c0c446038971,train
c0b5dd0107944389,train
c0b6e5d793f928d2,train
c0b9854bcf829228,train
c0bb8053cea35cd9,train
c0bdba41f266147d,train
c0bf69752f0ea57a,train
c0c39f21bed2ec5c,train
c0c4591eb2681148,train
c0c97dedd6076584,train
c0cce30ee5d88ab8,train
c0cd49e5a9f9b218,train
c0cdcadc75f96a71,train
c0d183cf2267bbe9,train
c0d57c98084c042c,train
c0d7ea184d422ac4,train
c0d8828257a6297e,train
c0db8b8fb6a68d14,train
c0dca89b00b42fe2,train
c0df2d5aac0072f5,train
c0e04122387cd7ce,train
c0e0994a66037b93,train
c0e130aab45a53bb,train
c0e33cefb38443a3,train
c0e4952996c8b9ed,train
c0e5273390dc8dec,train
c0e650a3f48c4dec,train
c0eaa21aa56edc23,train
c0eced0c1193e29f,train
c0ed1b9c54a334c8,train
c0ed8e0fa4307235,train
c0ee00646da17e78,train
c0ee4ec58e74af7c,train
c0ee5259180f1995,train
c0eecbed67ec002c,train
c0f07f22a5c519d5,train
c0f11ed744a30bc0,train
c0f4d5cb60d4d7b2,train
c0f6152253d2a00c,train
c0f9b25d6de13fd2,train
c0f9c1b00e64547e,train
c0fcbd1841ce852c,train
c0fd44e71c624a3b,train
c101136776a126d0,train
c1021708172e7370,train
c10619b7ed096dfb,train
c1075da3ace21295,train
c108d047372fba84,train
c10bd32e4c4ec67b,train
c113e0ee0424f5d1,train
c114819c2ac488fe,train
c118493d7d0dc04a,train
c11e1a9a1f829ad1,train
c11e6393e3b33bee,train
c11f7a03f08ac3c2,train
c121189f4c9d1575,train
c12761911e071ead,train
c12761911e071ead-2,train
c129eacc641b336e,train
c132a22d28ec3e27,train
c132f90c721f27e7,train
c1331fa53acee008,train
c135123d9c001f03,train
c1367f9724773f33,train
c138e3dd42fccfe5,train
c13a3bc0dc7f07cc,train
c140b45a3f3149e9,train
c1410b567406a9cf,train
c141dd88ae134486,train
c145fdba2b2b96cb,train
c14971f392d3c55a,train
c14999ba26c362f6,train
c149c03a3d8fe053,train
c14a8c0d6dad405c,train
c14c97a27e1a0a8e,train
c1527dc1ae9a24c6,train
c1528ea3a03e3871,train
c15533e6d63f8449,train
c157c3fdb34a2157,train
c158117f830ac683,train
c158d152c8941874,train
c159e075f23fb2ce,train
c15daa8b0915551a,train
c160df000e340ba2,train
c1628de80f1465f5,train
c162f829b12dda82,train
c1632e8dd0237db3,train
c163e2db082f85ff,train
c16c0bd15a5a9540,train
c16d5fbef40c6ea2,train
c16d685ce4d40275,train
c1701a6a06ffb16a,train
c1729dee3f98467e,train
c1770981b75656d3,train
c1790fccd0183049,train
c1793def98a66fe5,train
c17a78ad2e2c1a0a,train
c17c137de1dcd8d9,train
c17cf5d112c880ec,train
c17d1fea62ddb26c,train
c17d1fea62ddb26c-2,train
c17e1c1c24fb19a9,train
c17ed5ed53c0f675,train
c182e64d7bccbe29,train
c1848976163582e7,train
c188fdfcaf52a4f7,train
c18c451cc47f7daa,train
c18cac3f8d641318,train
c18d530038e9f7f9,train
c18d6c6bb3e7fce6,train
c18deb169333df68,train
c190ef186d7380bd,train
c193f6d657e545bf,train
c1960bc50af6a475,train
c196eafd8747dad7,train
c1980105280ae062,train
c19b16722f1f53b2,train
c19e7c32c7895116,train
c1a10d994c891241,train
c1a118d2d803471a,train
c1a2381b6d90e6f6,train
c1a4b7caba789606,train
c1a4e8561fd811d4,train
c1a5efa431e1eaf4,train
c1a61878f8652cca,train
c1a724facbb11357,train
c1a8ba18046d470e,train
c1ad84a4fc50716c,train
c1b0a6c240a5467f,train
c1b13e34c1d5d5e2,train
c1b1a9c45be7b8ba,train
c1b63425a93c0a86,train
c1b853323eff584e,train
c1b85effacc35b86,train
c1b95dd3d9ec319c,train
c1ba7155ffc4a5af,train
c1bf8d26b5a31ebf,train
c1c041122034d842,train
c1c05fc90712d654,train
c1c0ef495b501761,train
c1c1357ea2070eda,train
c1c3d940c8a17c1a,train
c1c5a6c3fd2f6189,train
c1c9c26208084bfe,train
c1cb72d533f4df9b,train
c1ce41542de2b3e5,train
c1d03580f7e4b50d,train
c1d0f036a64dd0db,train
c1d13a3b5baa81c0,train
c1d7f1def843f7c3,train
c1d9769f07aeb3a5,train
c1db21e3d7ecdf93,train
c1db744800fb3006,train
c1df348f3501fba0,train
c1df864b1ead1763,train
c1df95785e51c47e,train
c1e2e24085cb7ba1,train
c1e4ec906165d956,train
c1e7f1f719166c41,train
c1e9e39b8b36c76f,train
c1ea335ca40165f5,train
c1ea4528b7c41ad6,train
c1eb59a9c19907f0,train
c1f069bb0956d275,train
c1f0e9a25f25bae4,train
c1f2fb11bcd3f730,train
c1f7298ba8979fe7,train
c1f72d07732f881a,train
c1f9471108a4b952,train
c1fa0e39983d16d2,train
c1fa8a1bfe7333de,train
c1faddb1505d9983,train
c1fd59f1c2b0050a,train
c1ffd4ec0a937113,train
c2026a0abf362f58,train
c20458f7af873cf0,train
c204bf2ee6069006,train
c205cd707a8e2e97,train
c208ace4711b0920,train
c2097b07f35d0b17,train
c20c47a01d1e4ee2,train
c2125c60aaadabca,train
c2135b826c00089c,train
c215927b0e2a73c0,train
c21bac97256fe140,train
c21dff013904536b,train
c21f4fc6da79cd1f,train
c221673b4ca243db,train
c224639f09957654,train
c2288652a044e690,train
c22c76831caa5593,train
c22ef72f0d5a19ba,train
c23035c0e67d7f05,train
c230f445846b65ba,train
c23104ff6141371b,train
c231334b8dfb42cd,train
c23169c89bc19a2a,train
c23280c6e5f881cf,train
c235f53a8d71e00a,train
c237acdb75251719,train
c2387b481108a070,train
c238b91fdc2ed01d,train
c23b48444d56ef92,train
c23c4685acef3b72,train
c23ce2e305b82c78,train
c2419528b8e1c655,train
c2420792ae3a160e,train
c2427f343442979d,train
c243707aa54e2a35,train
c2475582d47594b6,train
c248f3150d9c21d3,train
c24a5aed2c12e06d,train
c24b30b129b7580a,train
c24b4b6d5f09bf4a,train
c24c39f9cca6c8f4,train
c24d6e334c7a045a,train
c25590a38e7ba2ac,train
c25693afdffa1cb7,train
c259628a54b59815,train
c25be867d4edf3be,train
c25cad2f74d40f36,train
c2608c7cc861244a,train
c263904350b3d001,train
c263910e49a73aff,train
c263ca7be50f6f49,train
c26417c28f92e830,train
c266444fc7d6eede,train
c26657d518434807,train
c26667ab141190cd,train
c2675da5d3533dc1,train
c26a0c6e14b8f5a6,train
c26a399158e4e834,train
c270b084a4175450,train
c273b412f90debbf,train
c273c2537236aa12,train
c275067b75235ca0,train
c2781f8554b2fa18,train
c27c25c5fda3e685,train
c27ca0c2663b3c9e,train
c27f09c97aaaf9fa,train
c27f24bafaeb803f,train
c28095f2db53ab56,train
c28574a2ff567eb6,train
c2861e79b47a08dc,train
c287649e1ec71ce3,train
c287f34ffe330401,train
c28c6cba45e34a1f,train
c28ed259c58c8104,train
c28f666546b751f7,train
c28fa70953f15bf6,train
c29053b60964f6c0,train
c291668251e45375,train
c29561f5639e85dc,train
c295cc05d255441b,train
c29631599c7240c8,train
c29646877f60b7ac,train
c297dea0b683103c,train
c2982a9459e32498,train
c2989615eaf7eeb7,train
c29b416529d75b45,train
c29f2675ddbef832,train
c2a3c8e2957a4adb,train
c2a617f7f6837388,train
c2a62117629d49f5,train
c2a6c7558edb1855,train
c2a6d528b16d60c4,train
c2a9f7c766b0eeaa,train
c2ab0a9767e781ff,train
c2afb292d97930e5,train
c2b084cd337d5faf,train
c2b226f1189efed2,train
c2b45b208bb5305f,train
c2b4990198eed7a2,train
c2b5510fa144f948,train
c2b5feb02f40da4c,train
c2b664320445afa0,train
c2ba1fcc7e103c9b,train
c2bd99907a363b12,train
c2beba61b5cb28bc,train
c2c18fecbc95af0d,train
c2c60344daa89c15,train
c2c61c7539aab07a,train
c2c7d80fbee92d32,train
c2c9be214e292c24,train
c2c9ed8afcc70cdf,train
c2cb0fad0c5375ef,train
c2cff39ed80e8fec,train
c2d0528a8b118e04,train
c2d48c0b73bf2a38,train
c2d4b4c61044748d,train
c2d556633b047f81,train
c2d9a60a9e219aa8,train
c2db0f879eebbd63,train
c2dcdf6428345aae,train
c2e4007137c090b1,train
c2e4d9f605c4965f,train
c2e59ac3f6617cb5,train
c2e5a898dffc4497,train
c2e8c86141c2e68e,train
c2ea4ffeb981eecf,train
c2f2412861b64904,train
c2f4f06a4093da2b,train
c2f6d3e0f459544c,train
c2f76ffc57f4799f,train
c30121dc1c7a370f,train
c30230a91fe9f90c,train
c3074adca226e088,train
c3097fc41add387f,train
c30b10c9731972e7,train
c30b1df5192ecdf5,train
c30da2fa69362e1c,train
c30e2a1bb80c101d,train
c30e2dc8e4d5f784,train
c31021121690fb6f,train
c3139e1ed4089b91,train
c3145dbdb6b7afab,train
c3146f090a653c60,train
c3148bd27d8fadcc,train
c31758534a94bd85,train
c3198170ab7cd094,train
c31b64c8279c1914,train
c31c41d834fd9945,train
c31f6f6d4038d53b,train
c32092fb101fb3b1,train
c32212826cf0b00c,train
c32378acb51ae768,train
c323eb5721edf6a4,train
c32457c06458b3e0,train
c328436937275d1d,train
c32b027f5f51a12d,train
c32b17a68219f0c9,train
c32d7426ec1427fe,train
c32dbc25b35ec92c,train
c32ec4a699585711,train
c32fa0cc3d87c018,train
c32fa4f0c9330d6b,train
c32fecea255d47b4,train
c334f45a9b6b79fb,train
c3350f8dc513ccc7,train
c33687064df0c5d0,train
c33699489946989c,train
c33793031692cb53,train
c337ba05174f08e0,train
c337e02982a48ad7,train
c33bac32d5d44258,train
c33d0d9e0a56ac87,train
c33d47ae5146da81,train
c33ffcac9851e0f7,train
c340c2fe72fe9ca5,train
c34296dd7c95e4fb,train
c342cb01f125a04e,train
c3434a9786152347,train
c3438d9df69ad05b,train
c344c50f236d32ad,train
c345e3f3de25d325,train
c346d9ef9de25692,train
c34752d5ed637970,train
c3494d654479bd6b,train
c34968e2ceaa4e1a,train
c34a249f0da42638,train
c34a996015d74a22,train
c34b28b47a9e6f5e,train
c34b8e1fab505085,train
c34c53b38eb2aac7,train
c34fb3cb5f9a5b46,train
c34fe02b763adaa5,train
c352162336bee67d,train
c35799a8bd4b5068,train
c358b197cd846161,train
c358cc016496a0cd,train
c35be8f2f76fadd2,train
c35ec584acd90bce,train
c35ee66f3cffdfd6,train
c35f0f5aef6dab2e,train
c35fca2aa94f6fad,train
c3648135095975c1,train
c3660fd70766e5da,train
c367867248c6b8d5,train
c36ab5303fe271cd,train
c36cd9aa2f10a8e9,train
c36d786cff074c63,train
c36e8be8313e4447,train
c36ff0c498296f2c,train
c3726f56958a8642,train
c3729f6d4a14d1d0,train
c37541f8ee2ca636,train
c3754c3780984af4,train
c3765c68cf86c406,train
c37e3cdf1e041330,train
c3836c8f99918fb4,train
c385e0b527703599,train
c386693c9818967e,train
c389984e57c9a0b7,train
c38ae5516b12a8d9,train
c38b05bc13d6670e,train
c38bb0bcefb8875a,train
c38f901c8f5c2467,train
c3911697e0851212,train
c391397f51ed249d,train
c393d44043b279ab,train
c395e5e21f09a450,train
c396f3746f9c6075,train
c39a143518efcb1c,train
c39ba44b8abc9c3c,train
c39c1e933f27afa3,train
c39c6ad3d35cdc78,train
c39cff033524b28b,train
c39eab1e44969708,train
c3a161accfb2d8fc,train
c3a23cec0aa73b79,train
c3a28a9ad21997eb,train
c3a3567aa0ffa8f3,train
c3a4997eb3fa189a,train
c3acd20cd49f3c29,train
c3ae206b0b784f44,train
c3b0681b1d9caf23,train
c3b81b482b786eb3,train
c3b872e384b72a85,train
c3b9d69932fbda8a,train
c3ba612ef1c113cf,train
c3ba9c44bbebbf45,train
c3bd0825c20f0b67,train
c3be3def3395851d,train
c3c05cbb05ea1371,train
c3c094251e5f8a2b,train
c3c15cddff0ce0a6,train
c3c1dfe5e99fea2d,train
c3c22c33c89b4085,train
c3c3e843897c851b,train
c3c6e850ee8a28bb,train
c3c72a46397d28d8,train
c3c82c3aa1a83283,train
c3cf721a0f812205,train
c3cfc40a0b19d393,train
c3d0ce8e9fff41e6,train
c3d5f5850b71349b,train
c3da9397640bc1c7,train
c3df6dd9946b8cff,train
c3e17b8d624c56f4,train
c3e54e9c8167a074,train
c3e63a03d7c6a4d3,train
c3e6a0eca8dce227,train
c3e8075974b83a2b,train
c3e8726e7cc55db7,train
c3e89e2c55d25627,train
c3e8d0cc3f064575,train
c3e927cdfe2fdff0,train
c3e96caef57be949,train
c3ec22d926c367f9,train
c3ed72978700baef,train
c3efad441ec23c71,train
c3f3b056967b34cf,train
c3f4acedaa66cba5,train
c3f62987c9337dfd,train
c3fe14729fc0603b,train
c3ff423c34b974bd,train
c3ff73fbd41a45a6,train
c401bb03c1947249,train
c4056cf1892e5f14,train
c40ac88d27a3aa84,train
c40dc7bccde08bf5,train
c4107ccb0ffe767d,train
c4116550286b1728,train
c411cb636f09bfe6,train
c4127ddd6ee8a3db,train
c413245e40b6bbbf,train
c41755529e4c5d74,train
c41ab53420c77da8,train
c41c1f5ce98c3b1e,train
c41ecedbac51b40a,train
c41efbb684416843,train
c41f57e1bccb8352,train
c41ff14d57f81961,train
c421a3b0702f19e5,train
c4238bf5a869c1f7,train
c425ddef90320c4e,train
c42604fdf5da807f,train
c426334342e3bfc2,train
c426b7bd97b5ad6c,train
c427fa9f83ee2b2d,train
c4298ee6a75e8bd5,train
c42f7ff93a3bd9c6,train
c42f9ee1e6759e13,train
c430b4cad228b7da,train
c434efa2e4a36f2f,train
c43675f6b4f36f07,train
c43b14a0d9189c43,train
c43f876362d7d5bf,train
c4411e296e55826c,train
c4422abd58b45594,train
c442eb9ad530810a,train
c445abeefdeac706,train
c445d6062463f327,train
c44a1ed1abc93608,train
c44a2a33111c0555,train
c44d25cc65d25986,train
c4540d2bd7d59f86,train
c45539b1d053c66f,train
c455a31783ed6c76,train
c458e4b14bbf0719,train
c459abd329f27c59,train
c459e35e70d55efd,train
c462a4e67db56f36,train
c4639874008b3456,train
c4640f74bce1ded7,train
c467fdceee28b073,train
c4698d58d74c3f7d,train
c46e3cfbc07b30a6,train
c4758f9bb6cb6d3d,train
c477e30f264708bc,train
c479c7da3f822fee,train
c479e532a8e837be,train
c479f1cd48b9bf19,train
c47a396420077073,train
c4805db4412b9fff,train
c483f95d543944c0,train
c4843b1c887cdc8b,train
c485d8a98e83e5e1,train
c4861de2519546c6,train
c4897b7890e85dc0,train
c48d529651a02b70,train
c48d8e673128a754,train
c48f82e4a1672b46,train
c49094dfcd1051e1,train
c490db6a845c84be,train
c491cca0271523e5,train
c492d29fe3433db5,train
c4962e0ec0850fc0,train
c497da6f846ee6d8,train
c49b24eaed347ecc,train
c49df424523ea8d6,train
c4a237692f18066c,train
c4a31dbcb081da16,train
c4a652645d0b6e6c,train
c4a657252e5052f1,train
c4a6c56937c4d7c5,train
c4a7a137aae5d182,train
c4a7e6f5ebc9a3b9,train
c4aa9979cde91482,train
c4ac53b1b433378e,train
c4b01e45c174f86f,train
c4b03e494bf9162f,train
c4b0455cc48f6d24,train
c4b18ffa714603c5,train
c4b32ee9e1cf0dcf,train
c4b3e555095b8252,train
c4b5710d174fe892,train
c4b92d515eea6c93,train
c4be580a5732f8a1,train
c4c40851e3b040de,train
c4c52b2c967ecca7,train
c4c72bc84d9766c6,train
c4c767d08fca153f,train
c4cdc9609754c991,train
c4d0014c47fbbce1,train
c4d27ac299d3e8c1,train
c4d282d83635b6a0,train
c4d2c0394d7c2694,train
c4d3a2f9033055f4,train
c4d3ccaa998f8f58,train
c4d573f4d4138b43,train
c4d5fbe04de2c78f,train
c4d70752dea48ade,train
c4d90df47757491f,train
c4da97bb56ee410e,train
c4dd0483c831e8f7,train
c4ddc1bd50d76fd3,train
c4dfbed4910294b1,train
c4e184b327d7ec6c,train
c4e1a524c05a0463,train
c4e1ea417314cfe6,train
c4e27d5089dcf875,train
c4e346ef1f9fbf95,train
c4e5572f0005e4da,train
c4eb743145ff9905,train
c4ebd24d39e16c74,train
c4eda510c85c7787,train
c4f15a6b0461483b,train
c4f462964e76597b,train
c4f4f5d8b779fbde,train
c4f7ee5190dfb3e6,train
c4fbc4ec1e14b62e,train
c4fcadb1d0e27bcb,train
c4fd4eefe0db0662,train
c4ff4e25a45e93e4,train
c500272f189c7c16,train
c50127928c210f94,train
c5025c8f8755ceda,train
c505576a7a749346,train
c505b2f642d10d15,train
c50605f01bfa3158,train
c506d4861dcf1a83,train
c507c3e42e253940,train
c50824e5668f40ed,train
c5085a428cef14d5,train
c50bae57175afe9e,train
c50e5a6d99749a6d,train
c5189434bb238a6b,train
c51d47e6952ae202,train
c51f6e6ffac8f93e,train
c521cdcc37af2835,train
c521d6cad2e2ce3a,train
c525f27deb044901,train
c52923d62a37a239,train
c52a6e157c7acf56,train
c52a8e867becb082,train
c52e1bd0fe3e9e84,train
c52fcbff166cda2d,train
c52fd52153154380,train
c53369e318db4e40,train
c533d780d0958c71,train
c534166d86788d97,train
c5354043fcfd6c93,train
c536ac7e464def27,train
c537b7a2dac394c3,train
c538010a037fa02c,train
c53ce14c0e5a7c79,train
c53fba951c1cb87f,train
c53fde3ee20ec8fa,train
c5438e0971d76bdd,train
c5440c29a600606d,train
c54628c7ab0456fa,train
c54c3281e8336251,train
c54c9905992e3948,train
c54ea7a795d18cad,train
c54fde737ccb90fc,train
c555444a77612928,train
c55905382f964a05,train
c55982f5bd473f7c,train
c55ad2ce8ca8ea64,train
c55c94e14e407e9f,train
c56165a093547df4,train
c5629685daae488a,train
c565d5319effe8c4,train
c5661b7ee6356fbf,train
c56704d61030bf1e,train
c569c79de921c6ca,train
c56d64d1e3f78119,train
c56e76d72c0b93db,train
c56e8622c0919d57,train
c56ea7897d5621bc,train
c57133708cd59679,train
c57137fa0f3a04af,train
c57c7b04e8bad361,train
c57d7d5dd93aee47,train
c5821a52f1e880b1,train
c584ec880e1b6053,train
c58a01fcc19cc09a,train
c5942a04fe44e6b5,train
c5953b5b633fc5f6,train
c595ff3c1283d62f,train
c5978ff65d279b37,train
c598adbb6028f814,train
c599f0154bcbe975,train
c59c0b06c1dbff4a,train
c59c266866fd77fc,train
c5a2cdcc392f38b5,train
c5a3cc9f3a88a848,train
c5a3f1313026f08f,train
c5a75b2477090f23,train
c5a75cb3650bcaf1,train
c5aaddb68618e488,train
c5ab266cd1a13a9e,train
c5ab266cd1a13a9e-2,train
c5ac2849424f5e4f,train
c5ade7d5e015772e,train
c5b07ec319a16352,train
c5b73203b90b377b,train
c5b79cc056df58c8,train
c5bc98736a805cff,train
c5c0697bbe91654e,train
c5c2568060396611,train
c5c68926d8925100,train
c5c8b1eb147e45a8,train
c5ca5eee7091039b,train
c5cbea7af3b32e2b,train
c5cbfdc782de00bd,train
c5ce3737a759a179,train
c5ce54db39427238,train
c5cfcc8c2fbc6079,train
c5cfe34730a92fdb,train
c5d18d4a0340178c,train
c5d2125b3c4c7d3b,train
c5d2549fc2f17ad9,train
c5d32b6527420905,train
c5d3d98678be2409,train
c5d94e24d12c95d4,train
c5dab6bbaefed88f,train
c5db27a68603cd94,train
c5dbc1c7a6eac4b6,train
c5dc74c11cadcf6e,train
c5ddc3b527b7ab4c,train
c5e06521326bec0a,train
c5e0ec97e014fb09,train
c5e211812e84f4d1,train
c5e215dcf2297a04,train
c5e31b2b050a22ab,train
c5e3316935b912cd,train
c5e686944c547bbf,train
c5e6f5cfb24cbb17,train
c5e72139826f9c52,train
c5ea052a833fba29,train
c5ead83cc3f28d61,train
c5f2f0eade94ffe9,train
c5f4d76e32f1261d,train
c5fb6fd437e26cee,train
c5fbea77f9a3c572,train
c5fdfbee9c57592d,train
c5ff6d2944c2e8ba,train
c601754cd64bf637,train
c604e62adf25388d,train
c606ab3492c987d6,train
c60950beb7ccf42b,train
c60adeec5d9ee010,train
c60d546952ff4896,train
c611a1c5420e84f6,train
c61436bcf9aaac33,train
c614bd5ff64264a0,train
c618907c06eef1a1,train
c61b2b6214485123,train
c62086bba76ec7d4,train
c6265031b3c2731f,train
c6279a5b402e6c43,train
c629cc9a7dd4eae2,train
c629febfaabd7d4b,train
c62db62c017e45e6,train
c62f756e40be2ab3,train
c630e2eac55971a3,train
c6321479f7246c43,train
c632bb5f8d59c93f,train
c63834ad5534072c,train
c6397331a8f564ed,train
c6399cda6ac70aec,train
c639c8a95e2c8fd1,train
c63a5366b6c1a2ec,train
c63aa0e2289b5328,train
c63ba8d912767a14,train
c63c94f3f21894e5,train
c63dce435ab2f49c,train
c640d9d361110317,train
c643d7dce856e3a2,train
c64467685e7a1bdb,train
c644cbcf168aa695,train
c6474102bb1b9fee,train
c6479fec48758776,train
c649ad6055c896bc,train
c64bcccbc73ba385,train
c64c66a9ef247075,train
c64d6d3af0c9f586,train
c64da5e444e6db52,train
c64ed209cb2ae01c,train
c650cea05adcb467,train
c653ecb8fcfca381,train
c65461b449caa599,train
c654667a720051fa,train
c65695a0a1e4ad6a,train
c65a9d239141b23d,train
c65cdcc5d1628aad,train
c665d1a016078d86,train
c666a7e912dd6997,train
c6675e78da98d5af,train
c6680c3ace48a747,train
c66a56219478928b,train
c67097cb3a802a5e,train
c6758734f80ab691,train
c676d2b7c2c14d1e,train
c678bedf49c9d92f,train
c67dc144239e30af,train
c67debef21863aab,train
c67e531ca8fb3048,train
c6805817c5fc1e4c,train
c6811677fe6d1b36,train
c687ca08bd395f07,train
c687fecade2ef73a,train
c68b23775767adaa,train
c690f594031a7563,train
c69277cdd2956d69,train
c693bb11fc5ea2f5,train
c69532453460408c,train
c69aee8a602b9662,train
c69d265c09c51562,train
c6a30aa5fe59cdae,train
c6a36b25580ba096,train
c6a3d04a0f061edc,train
c6a469c192996762,train
c6a9dd734d284d2e,train
c6ae03b1db89d32a,train
c6ae38dbfe800956,train
c6b003c10deb0bc1,train
c6b0be23c654afc6,train
c6b1d6ee66e07174,train
c6b3626d8f47535c,train
c6b68149e0c9d6f5,train
c6bb427af776decd,train
c6c0395b972030a9,train
c6c0dbf91ab5d221,train
c6c1c6d398dcb496,train
c6c80c08f4987506,train
c6cbd183a6eda111,train
c6cd06e763c75cbb,train
c6cdca6623c0612b,train
c6ce529b69b9bfbb,train
c6ce92d11a61d882,train
c6cff907cb13d65b,train
c6d37cb9ff7acda2,train
c6d50679437dca54,train
c6d8d8dcfa4a6b4a,train
c6ddc657f44fdbaf,train
c6e57f82b4783844,train
c6e85d7259e53a82,train
c6eaf39baf02c59f,train
c6eb6d6cb0e098d8,train
c6ef2affd2868bda,train
c6f4b630cc4dbf80,train
c6f5f9088575fada,train
c6f7437a2d4b3893,train
c6fa52b774d00611,train
c6fd53c3acc22cf9,train
c6fd53c3acc22cf9-2,train
c70140b856a2df95,train
c702aa2fd52e4275,train
c70365a6e361cb84,train
c707d2fa5c00a735,train
c7089201d8f7901d,train
c70aa74a83140f88,train
c70aca0e8354a2a7,train
c70b50f350a8cad4,train
c70c3f0b176db669,train
c70cac59d9398846,train
c70d0a594fe246c3,train
c71219fda0d5c548,train
c7126be19a71b249,train
c712ab9ee59a04dd,train
c712b31496b422f6,train
c713f02e1b75b427,train
c7140491af044b0d,train
c7166eea020749b2,train
c71826d46a9d07b6,train
c71a3b680fddf2e3,train
c71f0f4d9c0f1790,train
c7209673165d315c,train
c72235ffea2681f9,train
c724e80fa5a8e870,train
c726592a220bf35e,train
c726a4cd5fb73739,train
c72c7bc6baea5ad8,train
c7300db53154f612,train
c731fd530510428a,train
c73258217082cb85,train
c73276a924d5bca4,train
c7337c58be55b2b1,train
c733ece1ecccbd5d,train
c7344ff40f237179,train
c734bd7c3e102599,train
c7354126924bcd67,train
c735935ee937b9ca,train
c738aaaeb1b2c893,train
c73951ac5f2d4147,train
c739e9842bd08ed9,train
c7403fd680634970,train
c7407301dcfd3d49,train
c7468de8f26ef681,train
c74727fe9e2fc5b8,train
c7483a0a79275448,train
c7486f8af98b3546,train
c7488f019dde60bd,train
c74d5604159a16b9,train
c74f06d7423fd5e1,train
c74f612d94ed67eb,train
c750d0a9dd2fda21,train
c7545e4c078e0899,train
c755fa81e9df1468,train
c756e3823d577be2,train
c75be32ac51a1c22,train
c75e3ab2c7408cf1,train
c75eceb01f21061f,train
c75f624368a91482,train
c76402784b7baf97,train
c7643962a4b86425,train
c76773ba44aee378,train
c76822e8e8106d9f,train
c76935afe66756e4,train
c769b1a8d14b7901,train
c76e22546bf51896,train
c76e36348141f09b,train
c76f3945c946f8ab,train
c77127ddf796fd12,train
c774ec632588f4e9,train
c774f14cfdaaf66a,train
c779c09d41527d34,train
c77aa75f0ef6e3ed,train
c77b91454b949b8b,train
c77bed4d69babfa0,train
c780ddd2d0b3ebfa,train
c781b69a258e95eb,train
c783967a699e50f9,train
c784a8535ee39fe2,train
c788bc4bf9924efe,train
c789cce0e363ba4a,train
c78a39809beaa8a4,train
c78bcb718952e748,train
c78e24f524ae9821,train
c7945229e74f633f,train
c796db8486b62ef3,train
c798829f5075940a,train
c79921de237cd077,train
c799a4d15fa8af10,train
c79be630daca62fe,train
c79e1f2729235321,train
c79e757004d8c0cb,train
c7a33d1a8f2f2a9d,train
c7a5d66364f7fdec,train
c7a9d6296f53336f,train
c7ac05f930bfd963,train
c7ae35f30095052d,train
c7af2e2128ea206a,train
c7b1c091ea651908,train
c7b1f08f3159e601,train
c7b2d231af8e5c8a,train
c7b33b53bfdeba9f,train
c7b34a9b666aecb4,train
c7b3a2b3f8a346c4,train
c7b52f8aef280296,train
c7b57809000eb6c8,train
c7b727060bd638aa,train
c7b76f5fb1dfa56d,train
c7b86bb253d7af11,train
c7ba2c750fa9ca47,train
c7becce761cb7710,train
c7bfbdb93ff5828e,train
c7c1f8ab4030e3ae,train
c7c3247ad37a14b0,train
c7c3931284878026,train
c7c4763eefa365bc,train
c7c50297e34ea082,train
c7c616479f071a38,train
c7c7ad04bc5bb66d,train
c7c9f7ddc9a62c64,train
c7cd46be2c2dacee,train
c7cf296e2c563108,train
c7cfd5ec9bb821c8,train
c7d1711b8515bead,train
c7dbac7d416fe151,train
c7dc7ecda06065f2,train
c7de02ccbf7c7c6d,train
c7e053a8ce556959,train
c7e1571d50bd88fa,train
c7e7998b318342f5,train
c7e7a72d790f6a2d,train
c7e7b69823d8bf52,train
c7e8383262865082,train
c7eae5edfdc98876,train
c7eb20c0844a5374,train
c7eb6800fb5db731,train
c7ec3028ae3d05f3,train
c7f0ebd58eedac8b,train
c7f2e5144653db18,train
c7f8327b3d8fe315,train
c7fe1b99f3ea9742,train
c7ffa9ab067fad90,train
c80104b3c33ed65a,train
c80293e782d97dd3,train
c804550c532ee741,train
c80592cd56fd7e2b,train
c8083d723fe2ed24,train
c8087d9da05a02f2,train
c80acc33a2bd61ec,train
c80b39b9b36105a3,train
c811c2afb7df6066,train
c815383c2824a7dc,train
c815d4913e7c9d17,train
c8165ccbe22511a0,train
c817d5e83716703a,train
c819f975700b336f,train
c81a995d4e347d8d,train
c81aef6e9c1cfa4e,train
c81d23132db6b0de,train
c820715ebba5f49e,train
c820d4c490da26a7,train
c8228a7af6fa8b0e,train
c823991f94198ca6,train
c82475a685c91601,train
c824cf41fcf66378,train
c826f77c0b03d9e6,train
c82706fb93e0891a,train
c82851feab3def44,train
c82ced780e66489d,train
c82d417e58e9a2e0,train
c82e03710cdba110,train
c83287c5e7a8d7d4,train
c83679671469b40e,train
c837234ba13fe354,train
c83a1b38fb42e141,train
c83a2a4b46b72f8b,train
c83b435012f49626,train
c83db7fa0bd883a5,train
c83df71fced20e65,train
c83e414014879ff5,train
c83f196f517ea8d9,train
c84294006c972aef,train
c8437bb863bfa259,train
c8438ad64c3a7959,train
c844c88c9dd75f01,train
c8453a48dbf4bf64,train
c84882b92167d337,train
c848906f1b254ca2,train
c8491b392f23940e,train
c84e1c0d8e0cc480,train
c8535fa90ebe3760,train
c8561bf746ffe4c2,train
c856d19d45804304,train
c85810285f109704,train
c85ff8cb069fb057,train
c8630e9e61c0c822,train
c86330e48368ad41,train
c8644842701e559e,train
c864fdd834f6afc4,train
c86c0c776ba5599b,train
c872d9130ea3fad4,train
c87578f7bf17ef93,train
c876e87140c20393,train
c8798a3151548dec,train
c87c94ec4c6486fc,train
c87cedfbd3dab53b,train
c87ddf5db5c8c550,train
c87f8c0402d14748,train
c882444e837b2f34,train
c8835a82ad709ff4,train
c886c776c1e5dfc0,train
c887236b3a6af1e3,train
c888d135597d43bc,train
c889a59da836464a,train
c88a47ed3787e4f7,train
c88c827e09633aa7,train
c88df7bb5f252ef8,train
c893593735e67a66,train
c894b34aa0f7809b,train
c89c2567e3bad5c8,train
c89d2074eca4cc6a,train
c8a12fc1a423647c,train
c8a48c104e4182d6,train
c8a72aa5321a9c48,train
c8a81617e4f90274,train
c8acacb1197a17bd,train
c8ad3f3e3ab7909f,train
c8b6791c273146ed,train
c8b79f248e6a5275,train
c8b7f612ad6ef3b2,train
c8bb13bc28fd4ad8,train
c8bc0706d0ab7480,train
c8be88dd8b64e840,train
c8beb9fd5fef406d,train
c8c064fed52585e9,train
c8c3d9c5c5cb08fe,train
c8c6b7a1b2dcdcf1,train
c8c7e44039f7375f,train
c8c89870af558f37,train
c8cbbb15ed6612bf,train
c8cc0301e9f2f843,train
c8cc5c5aed6bc6c4,train
c8ce17fe230a1f8f,train
c8ce5af3349a1516,train
c8cf783e0b081eca,train
c8d0782da3ee3439,train
c8d28288a2ad817e,train
c8d3cb8ec46b7c65,train
c8d3fd999fe3ab26,train
c8d83d710e86bca7,train
c8e09313da302a64,train
c8e1c43ef055bb42,train
c8e3d182e3c30921,train
c8e3dfd460d0bd15,train
c8e57c0caefcf8b2,train
c8e6e9d7c99be80f,train
c8ea48350cd4e4f5,train
c8f3a0a701e14700,train
c8f3bbbbafe7ce9f,train
c8f49640a5236fda,train
c8f902e2ec72cefb,train
c8fc464b7ab0bfb0,train
c8fd8b5fa056df82,train
c8ff67aea89af26d,train
c8ffcb9e90986b76,train
c900d27df3e9f4ad,train
c900fce5a7978c09,train
c90438ca9892c501,train
c904d68cca3d52f7,train
c9059f3f33c72769,train
c909eace8bd3233a,train
c90a5c1a5dda4aea,train
c910249f16d9cba0,train
c911e20f3e876b25,train
c9138d33888c5a00,train
c913f2333bf9fa70,train
c9162b8855f03110,train
c91a75d039590a76,train
c91d6790155f8977,train
c92174b2a3a1a12f,train
c922e0b2b46bb487,train
c9242cb8b6a50df7,train
c925eb5edc63061a,train
c9268b7a282fcab8,train
c9269c7a0e96480d,train
c9279a184e879bb7,train
c9298005e5a7f6c1,train
c9299bc5f70c56c1,train
c92a468f4fb5dfca,train
c92a64bd0f285477,train
c92b4ccee5a48e3c,train
c92b6f16ab206788,train
c92c26cb63e3b529,train
c92eb248f6294407,train
c92f8ac9c59fed02,train
c933e011f25a4f86,train
c9374699f69338c7,train
c937c36bb52539e5,train
c93b64165c0a89f4,train
c93cbcafb2e6347b,train
c93ef1c8b66e238a,train
c9402634f6318413,train
c9409c6f3d0f95fb,train
c941bd89a1cb0f5f,train
c9439c36a75e689f,train
c943a2df398feac1,train
c94582393d3ff6c0,train
c94a347687355f5a,train
c95138067f01c811,train
c952604794efe6a9,train
c95409c6ff24a103,train
c9585d5ef4e96dad,train
c9588261be0eddd8,train
c9599aaf299b7720,train
c95a72b129ba55a7,train
c960723e9a883280,train
c96161464e4d578c,train
c963110b111b0a6b,train
c965ab5e855cbede,train
c96704445526253b,train
c96ed31799cc6ebd,train
c96f643977ee9623,train
c9707ea64c08393d,train
c9710859978945c6,train
c971822fef0a637f,train
c9720fe53b16ab5e,train
c97288e8863d3f00,train
c973ecbd0b65ad10,train
c976c48bcd84b1b0,train
c97956b2c9dec3c6,train
c979d2b670274a06,train
c97c18d38248d4d1,train
c97cc005f2aa73e2,train
c97fbbb77de78ad9,train
c97fd3e711c36cb8,train
c980c85bc21f2c49,train
c981e2d849c5d9fe,train
c98272871d2fdc53,train
c9828068c01e60d4,train
c982ebac6684690a,train
c985c28a57abeb81,train
c986a99e705a2acc,train
c988524c69589028,train
c98abb5bdff87046,train
c98c470ad8ea730e,train
c98d4d774ad928ca,train
c996300e855753ad,train
c99adb4b9c6c2c38,train
c99af9877a9be4ad,train
c99d5377e072dcfe,train
c99e2335a8313f4b,train
c99edf6fce02db62,train
c99ff5920f67850f,train
c99ff5920f67850f-2,train
c9a03a42b07fa977,train
c9a071649913a74f,train
c9a25bff61f4b2b8,train
c9a373834948a0cd,train
c9a7b5cda3a0b89d,train
c9a9702c2d859efc,train
c9aa83b32a2df4a7,train
c9aab477f433bc90,train
c9ab91b443e7d5b5,train
c9adef3e7c1fe8eb,train
c9b418a6e0e4f94e,train
c9b5d7eb77545294,train
c9b61f7987fa01a3,train
c9b72632b1890118,train
c9ba1194797aba26,train
c9bf6c1a7e527b4b,train
c9bf6c5a4b656dff,train
c9c12fd71375f0f9,train
c9c161271b3e7bb1,train
c9c210998618ffaa,train
c9c361b96893caa6,train
c9c75638b5ba42cd,train
c9ca4f10e6f24ecf,train
c9cc71c9e79ab337,train
c9cda057f5b25a89,train
c9d1253a56c1219c,train
c9d1e96bb13ddfa4,train
c9d217b97781c0ca,train
c9d2d5f3ea45ecd6,train
c9d571d8073a0edd,train
c9da50a7d68e6630,train
c9dc058254b3d70a,train
c9deefd5c61a976e,train
c9e1fb4ba0026f73,train
c9e25605802efbd9,train
c9e3d6d2e9125ac1,train
c9e574b6c3cf0f8f,train
c9ee1188b2dbc64c,train
c9ee7938c747bf92,train
c9f07524aa15654a,train
c9f4ea4f47b8dbf4,train
c9f7d761188856fa,train
c9f9da0196f698f4,train
c9febebfe6c05d02,train
c9ff4ee98fa70623,train
c9ff9b94dc2230c1,train
ca00a8ee23ff6867,train
ca08732642d7e74b,train
ca08a03c559039ee,train
ca0dd3aab2ab2679,train
ca1381760b2ba345,train
ca142dd0d9e28597,train
ca181f4f24d11ee2,train
ca18cab2a5cbc7f5,train
ca1fc96ce2a0feb7,train
ca20d331733fd4f7,train
ca2320b1144415b2,train
ca2b08be9efeb66c,train
ca2c7d77dca601b1,train
ca2e15e62cdfa5be,train
ca2fc4cb976f78cd,train
ca30080967d62532,train
ca31025865df96f8,train
ca3275c5fbae00fa,train
ca33c0cbc90473a8,train
ca33f3ec44c9e8c9,train
ca34a6323984a411,train
ca36dab02bb0441d,train
ca38e5cd588f154a,train
ca3b289a5970e9b4,train
ca3dbcb8118afca1,train
ca438d5c9d5dbc12,train
ca44967feddf7992,train
ca4600588051f518,train
ca486ba1b3b6eda5,train
ca486f009864af85,train
ca4c480be70d348d,train
ca4ca162aa7191ca,train
ca4ef865b2d41937,train
ca4febc2b49b75e8,train
ca50ca304a1247ad,train
ca57558fabdb574b,train
ca58415bf93b5227,train
ca5c26e4cafeac7c,train
ca5e03359d2bc85b,train
ca5e394ca5df9593,train
ca608446bf2be066,train
ca6227e1fc333526,train
ca630c2491aa1a29,train
ca664cf33b9be9af,train
ca66585e983a5cb6,train
ca6866789ff308fe,train
ca69c486416566de,train
ca6b3508d2d90bea,train
ca6b648064c4f039,train
ca6bcefbb7ce0b51,train
ca6f611244432fe0,train
ca7515a53f860c26,train
ca75f783b279cc29,train
ca76222d1134cbb8,train
ca76c55516cb09a9,train
ca78575aea7a22f7,train
ca78aff1d675167d,train
ca797f22fe831b06,train
ca79da57c97f0a2e,train
ca80baad4de6c413,train
ca8185f67bc77fdb,train
ca834a77e5c4c0aa,train
ca84c9549053d9d1,train
ca859c7a85eaac52,train
ca85c56a5b00b847,train
ca899581a99fa392,train
ca89a39e79549210,train
ca89bc63c2043cdb,train
ca8a4f813cb3dd4f,train
ca8bff5680ca85f4,train
ca8c969a2f1aba14,train
ca8f57af9b601881,train
ca8fc57450d4ff31,train
ca910a933d106b2c,train
ca93a9ca50372025,train
ca94c270d0a56964,train
ca9cf126c6b21136,train
ca9f2652b05d7e45,train
ca9f519544072650,train
ca9ff164d1cf9e64,train
caa0cc239644febd,train
caaa7aca343a97ae,train
caab0a99802bd14f,train
caac61cef4d79267,train
cab23cf3944e9cdf,train
cab44abd7ef32d2a,train
cab530b86e98cdad,train
cab534822c6ee59a,train
cabba0376d7c6c15,train
cabca8e350034ce2,train
cac0fb5a93eb67e8,train
cac1c0a1ac8fcc91,train
cac3718d44f00472,train
cacb72605113dc1c,train
cacda4e358381349,train
cacdd29c94703f21,train
cad11aeada663ccc,train
cad3c0cdfcaa77b3,train
cadaee1b0e16e9d5,train
cadcd59701247cde,train
cadf7906f508be04,train
cae0ad0a6849eda8,train
cae4cd7d45031f5b,train
cae6417e1dc37945,train
cae91cbb7efe2005,train
caeb6a44abf5a3c9,train
caed63294ea2acc4,train
caedb3bbdf79c54f,train
caef9fbf30b5238f,train
caf0e04ced747224,train
caf785d7c7ad14d1,train
cafb5a04906a1641,train
cafc2dc6c977e535,train
cb02c0ee4006e337,train
cb063ccf02760819,train
cb08d0332a8be469,train
cb0971995d7aa409,train
cb0d13096ac69fc0,train
cb0d3a11e159fe92,train
cb0d5e32e4aadc03,train
cb0fb0c28ff97d45,train
cb10ff26b20cc835,train
cb114a9862cc611f,train
cb1413fb12762a52,train
cb15ece75c14a3dd,train
cb16c6d4425dc30b,train
cb175caaa2f019bb,train
cb180f25204397e5,train
cb1881ab35067f26,train
cb1af4d01ffc13d0,train
cb1bd0751696b083,train
cb1e63dd2adb7739,train
cb1f0ac365c457ba,train
cb231ed8ca7300d5,train
cb242073dc4d1eb7,train
cb27476a50e910a6,train
cb29a35ae564077d,train
cb2de85aec9a184d,train
cb2fc555e54ae894,train
cb35b48902c7f2f6,train
cb373ab96364951f,train
cb39d514867cf52c,train
cb3a9c0a2b3323c3,train
cb3be4ac15fe9b1b,train
cb3c0b933a1b14a8,train
cb3d2da0c0f7328e,train
cb4177dd044698c3,train
cb41a97c344c2be2,train
cb43c7970c1a50d4,train
cb4445a3578f7048,train
cb4a0d18dbccd5c1,train
cb4f1591cb63b068,train
cb5174642947bfa1,train
cb555668abd7e221,train
cb5773061d58233e,train
cb5883bc8e64e908,train
cb58b66d40784040,train
cb5914910380820a,train
cb59947e4f2d6a1c,train
cb5b671136771eb4,train
cb5bf36ccb70503d,train
cb5eb7c0a8dfa8a9,train
cb5f0ef940cc043a,train
cb6275e4a922a1a4,train
cb62876c6aa7904c,train
cb64f391f7301915,train
cb64f625335d642c,train
cb6621fc48c827b4,train
cb6c521afd5b1974,train
cb70401dae3a054f,train
cb70914f07f58b85,train
cb7409559687461c,train
cb7562e4904bd9b6,train
cb7f5c6c4489b67e,train
cb7fcf527817e235,train
cb81e725170a423e,train
cb837823440308db,train
cb83a3a7de800f62,train
cb865993af5e00ae,train
cb8664f5c6285f08,train
cb87443e78c91eb8,train
cb884b9942c3338e,train
cb90c5268595b028,train
cb91488816cade32,train
cb9151a6af006b1f,train
cb922f83c66715e9,train
cb938818d369d14f,train
cb93918e87306a62,train
cb986562194ddadc,train
cb997732918f6d1a,train
cb9e9b2a542fdfec,train
cba350fd0cae05be,train
cba5ca44f36d9501,train
cba82a097990c774,train
cbaa5574a45748d9,train
cbaa7f216d8a19f7,train
cbabc6cb319bfd7c,train
cbb4428cc175a57a,train
cbbc2dda1860a5b0,train
cbbdceee1ef00ecb,train
cbbe3b7f2635b6ec,train
cbbe3b7f2635b6ec-2,train
cbbe5e7b69535850,train
cbc49de0bce14f6f,train
cbc654db5cef9036,train
cbc69a272ee26c74,train
cbc6dc1cf65ce813,train
cbcca16ed8ad33a3,train
cbcfc6d1f4fb22b0,train
cbd2ab2be60b026f,train
cbd4bb2743247153,train
cbd4bf45db0bdaf8,train
cbd9809f1d3fce00,train
cbdac12087169a3d,train
cbdc538b18bed90b,train
cbde5c475cb60a11,train
cbe053ea903a70a9,train
cbe1ecdeaa276c4e,train
cbe7ad5f17038254,train
cbe954e3ae8c504d,train
cbebbc958629bd81,train
cbec272cc73f63d6,train
cbef2d19e72a78e0,train
cbf072220f160d31,train
cbf3ab28ef19a424,train
cbf645417ec8a434,train
cbf75c983ca6ecde,train
cbf86202f424e609,train
cbfa27ab121ac3ae,train
cbfb5fa1d8812ad6,train
cc02c6c881415a08,train
cc03c4440b36065e,train
cc04a6ce23059d5f,train
cc0527f10f2506a1,train
cc0946e587c545f1,train
cc0ef7a6e6588c80,train
cc10d7b7fad5fc40,train
cc12113e03aea44e,train
cc12a64f64c23538,train
cc134e45e43054e0,train
cc16513644334b6b,train
cc1697dbcf8994b9,train
cc1a243f7423f20a,train
cc1d07f7273b48ef,train
cc1e25e0b3ce78b2,train
cc1fc1fb494a99e4,train
cc2651b8135627c6,train
cc26ecd56c23e84a,train
cc2708b36bc81d0c,train
cc2718a16ea17909,train
cc289a37edec4a35,train
cc291b9f8feae392,train
cc2c5a937b7fe8d5,train
cc2c67e7adec1c84,train
cc31c7dccab96981,train
cc3201ea19cf0bad,train
cc34316f70b0f653,train
cc3cc7e2c5e5d94b,train
cc3d6d998cabefaa,train
cc3f28b3a6269b7b,train
cc3f7342cfdf7160,train
cc3fa216ba31faf2,train
cc4154e2ce506cd4,train
cc454326bae6c4de,train
cc4f9bd0f4036920,train
cc52e1823dd87410,train
cc565410391cf582,train
cc56b9fc50dec914,train
cc571836a17697e2,train
cc58cd6b57e3edf2,train
cc5906476bfd2ab0,train
cc62c8a49fc37203,train
cc65b43027ae30d9,train
cc65c98f42d1bc4f,train
cc67f4c699b26cc3,train
cc6abaab0346d591,train
cc6bd4bddab84ecc,train
cc6be025ac8ed9fe,train
cc6e2eeeaf440dc1,train
cc73046546b514cc,train
cc749fc76fc75806,train
cc761b7d0bb4c114,train
cc761edd778d7882,train
cc77289777e828af,train
cc7779f33d8e5e1a,train
cc7818a6481de043,train
cc78b2074ccc2588,train
cc7f3834e364e115,train
cc81dd9d8390de3b,train
cc83e14d5654776b,train
cc84e11cfa336b3b,train
cc86fb976494a2c7,train
cc8a383c92ab387a,train
cc8b46f7c1de7e23,train
cc8c85cb1b80ab73,train
cc8dc72195129b49,train
cc8df5e3efe2376a,train
cc910d8a69f49d28,train
cc9380bef458160a,train
cc940619f37dd1cc,train
cc942c93122f8e78,train
cc95830e5bda25c8,train
cc97b3fb1d39e99a,train
cc97ec5681b15ec8,train
cc9aa8fc3b97dda4,train
cc9aa92732725e83,train
cc9d5d8ccbb1c1c7,train
cc9e78ce8fcac09b,train
cc9ea72281f99d43,train
cca1d83dcbeeb3e7,train
cca3666c78aae39a,train
cca86f6a14e6e94e,train
cca928c20ee4dea2,train
ccaa893453371d2b,train
ccab430fada16337,train
ccad10f666434177,train
ccad59120a581e98,train
ccadc0a20f555421,train
ccaf01d8667796a9,train
ccb1d0e0568d1074,train
ccb8f44711b9a343,train
ccba70cf15e03dda,train
ccbb5acb85030255,train
ccbf04d17d1f7242,train
ccbf985aa878f246,train
ccc27a7a393c6287,train
ccc6ace25c31f113,train
ccca1113a6a47152,train
cccd087a06454bd2,train
ccd0e8a1a1d7e544,train
ccd9c480f0a34819,train
ccdd692945e9b9f4,train
ccdef0723da646b6,train
cce149339b33d6ee,train
cce546cef22fba69,train
cce74d16811756b7,train
cce7ab028e94cc74,train
cce955312a5e630f,train
ccec3bdcb3c0bbba,train
cced90bc20a94ba5,train
cced937aaaddb2fc,train
ccedd9074c5bcc3e,train
ccf0e031da9f2d73,train
ccf3e6ee8d8ebc39,train
ccf4c7a3cd925369,train
ccfa622d2c7dfd86,train
ccfe8cb33518b6f4,train
ccff6a872f34a69e,train
cd031b06e9e78dc9,train
cd040ab74dfbff62,train
cd0530ce2e56026e,train
cd08d86365395a09,train
cd0e93a28c2c0aa5,train
cd0f2ec4c487c899,train
cd11ba25d3a47af8,train
cd124be1819127ad,train
cd14aa428ca2b830,train
cd151d03d2afa133,train
cd1ee48a0affd695,train
cd25922fa2f3f33c,train
cd25e4c01410294f,train
cd2674d1aa35053d,train
cd268d6b669514dc,train
cd269c10e03b3e8f,train
cd27625e7d62e3d2,train
cd27c9b8b4e7e8b5,train
cd28071c47481c9a,train
cd286fb6cc299d86,train
cd28f40ab446a8e3,train
cd2fa20b6f573efd,train
cd2fcc33027b4970,train
cd302f0caefce285,train
cd3394b76bbabb3c,train
cd342af15aa1f751,train
cd3884fbe7c8ebf5,train
cd388e8be3e2d321,train
cd3c9c892ae62946,train
cd3d23f454097294,train
cd3de7b30dee7aa9,train
cd3f919e3945390f,train
cd3ffc25367b9b1b,train
cd40d24cc5d3ff93,train
cd4434acfdcefbaf,train
cd4442eb607acea3,train
cd4586202dcbf489,train
cd46370dd0afaa18,train
cd46370dd0afaa18-2,train
cd466cdca25c0794,train
cd4b0113fdef264c,train
cd4cfe9b3dd1044b,train
cd4ef18e45f52d37,train
cd524b8d193b1da8,train
cd54b2e707ceecde,train
cd55cff5bd0a9c5f,train
cd56507bb6ca8031,train
cd62e48129a3fdce,train
cd678acb92b1f98c,train
cd6a2cec4c720070,train
cd6a946891942a99,train
cd71593959d943d0,train
cd747b8fcfa06cc4,train
cd74bdae35f56cfd,train
cd75ac224409805e,train
cd75b3a37fa48130,train
cd763e601ed3c903,train
cd797948d96d3a81,train
cd7a2eb641485e48,train
cd7b8f0b5456b8b0,train
cd7ef02949122a63,train
cd7f2cbe7f77b29e,train
cd82030dde82b33c,train
cd841ebbfbb1363b,train
cd86292df24a290e,train
cd877793da1eeda7,train
cd8b6b4ec69a0557,train
cd8c3f2fc830ca66,train
cd8d61ac0c2c981b,train
cd8fbb10abff89bb,train
cd91a2621e21cd9e,train
cd91b92bf3992203,train
cd943324f7b6d43f,train
cd9781cc9de6ff67,train
cd9781cc9de6ff67-2,train
cd990855ef744c15,train
cd99880116e907c3,train
cd9bfcec54462247,train
cd9c5950ed07d0ba,train
cd9c94edea2bf174,train
cd9e7da5fb15739b,train
cda4601614fa2531,train
cda54dc79d44f6a3,train
cda677ffc638ce39,train
cda71e87e37bfccf,train
cda722135f19ff6c,train
cdab5fbc309ff171,train
cdac2a50b147d2a9,train
cdaccf16c2a951c4,train
cdada7e11fe5c602,train
cdaee3a97c9aba47,train
cdb3acf270371518,train
cdb44fa66ce226c3,train
cdb4a8184b046001,train
cdb60582a35e4097,train
cdb77c3a60c91e2f,train
cdb89abd91f5242c,train
cdb9f41ce3ee645a,train
cdbd9c19986900e7,train
cdbee908d6e8bcba,train
cdc04f4d892b57b9,train
cdc3bff990a3b0d4,train
cdc56ca0b43b9852,train
cdc8377c6e2775a6,train
cdcb606ddbdb7bb5,train
cdcdb1d847889627,train
cdd04864a503d6b6,train
cdd23ad912aa9228,train
cdd88f0d9ba7b817,train
cdd8928893fef568,train
cdd8bf7a83ce3f3e,train
cdda51029983d6b7,train
cde149934c716f6e,train
cde7ebd9ba8c3b91,train
cde7f0a6cf53f580,train
cdea730889eadee5,train
cdec2f6377d63e88,train
cdefa0b925b92c96,train
cdf041f7175f62c5,train
cdf2f14313243471,train
cdf326a14400bef1,train
cdf52aa8bec19574,train
cdf5aad2b3cf6aa1,train
cdf94a2094f3436f,train
cdfa07e066e5a9e4,train
cdfb88fe0f7b2925,train
cdfe8b23f67be548,train
ce002daa9c9b996a,train
ce01518425a8bec4,train
ce03c8d59d4b34ef,train
ce04b80adda90c10,train
ce0bcaf425d0bf4b,train
ce10fa8943d559ec,train
ce133eabadd86f0a,train
ce1790c5a500dc52,train
ce18c343c0936244,train
ce1db333a1211d93,train
ce1f825632158b3a,train
ce1fcb2bc84901a7,train
ce23b4d8ae5cbed4,train
ce2cd32bbc251c86,train
ce32a299fa47dd4f,train
ce333f10b6d5f517,train
ce34be3d45303f94,train
ce35aca041abbdf6,train
ce3638cdfd140428,train
ce3939d905a1a9a5,train
ce3a0aa9d8228fc8,train
ce3ca3b39b5acb8e,train
ce3ccd1fbc3666d1,train
ce3e18e00f2ff81a,train
ce3e1be7eb14ef06,train
ce425a1db9b66029,train
ce4333301dd5a51e,train
ce436fdec9843fa6,train
ce44d9fcd7def3f6,train
ce46fd12e8b71254,train
ce47dfbb95bd66e2,train
ce48219db2c77434,train
ce4d3db722162d8b,train
ce4f856a1f5094b3,train
ce4ffa066d3e36e3,train
ce531c7cc1af4540,train
ce5377cedba5109a,train
ce54ee17d646ac6e,train
ce5526a234594af2,train
ce56faec039b757e,train
ce570c4cbbd0bc0d,train
ce57c149c8773b08,train
ce58f6e8e9da313d,train
ce59544f90443513,train
ce59544f90443513-2,train
ce5ab1245505120c,train
ce5b7c6e404f3cc7,train
ce60d327a2e51f02,train
ce6183f076f2f9dc,train
ce618eed91c78668,train
ce63c7a302496a64,train
ce63e220eb44cd9a,train
ce68aea4f29dcef1,train
ce6d630590c24fd7,train
ce6e1fe0121fb467,train
ce6ef10991d8634f,train
ce721dd95df786ef,train
ce72d22d8637a205,train
ce77edcc5d77e762,train
ce78a2761e156826,train
ce7caa55a4206523,train
ce7ef80ccf0debfd,train
ce869d27a19e017f,train
ce87092f611c8952,train
ce872eadfa11a90a,train
ce88dda6111c93db,train
ce8ca62cc7a2f252,train
ce8f0df8ae657f42,train
ce8f9ccd4764eac1,train
ce9029c056d5d227,train
ce94cdbfb61246a0,train
ce95dba560fb38d2,train
ce96da702b3e3c06,train
ce98b53aca98a9a0,train
ce9ba6960c53ae28,train
ce9e929a91da8938,train
cea04994cd68d1bb,train
cea3b0532d61a165,train
cea43f6e29d8d274,train
cea62c6751f5c95f,train
cea9205d2c2dddf8,train
cea9a88f5b39c642,train
ceac1eb6bbd4ed1c,train
cead36ece2baf223,train
ceb06c828633f399,train
ceb1e6e7f3bb5d4b,train
ceb2b6fd36781334,train
ceb5b6027f7f534d,train
ceb5b6027f7f534d-2,train
ceba155f8eac7bae,train
cec0d11b2fb17fcc,train
cec11df01a0ef07d,train
cec1d289f2d6c48e,train
cec741be98a06810,train
cec8e91b09c9da6d,train
cecd66e10e203fe4,train
ced07944c9fbe46b,train
ced10cf7630a8523,train
ced2fa5feb918367,train
ced44041be198279,train
ced54d4162b4bcf2,train
cedd717ca041b4a4,train
ceddc8643c89c911,train
ceddd599e92470ec,train
cee15e373a50290f,train
cee2750a9e261fca,train
cee2cc2cf924f557,train
cee38eb52975c474,train
cee4ddd43f3523b5,train
cee626b5877a391c,train
cee7136e8eddd033,train
ceea1b9c1fc9e459,train
ceeb2756e8712233,train
ceeb68007e83831d,train
ceee9619a5ee881d,train
ceef74f49ac56081,train
ceefed895c554823,train
cef2346e1ca8f3da,train
cef31ee150ed507c,train
cef45f36c97dfb12,train
cef6471e4ca37af5,train
cef9d70ef37f4447,train
cefac583d6ed58c2,train
cefd144f1aed7df2,train
cefd2b5f70dada6c,train
cefd90f97c2aa3b0,train
cefeb4214c501697,train
cf00c27fbaade188,train
cf01e067ff58fa3c,train
cf01e067ff58fa3c-2,train
cf051970dd6e6204,train
cf09c25a47dad549,train
cf0c831599f02108,train
cf10bc0fd0e09607,train
cf1286e8717bfedd,train
cf13c12a92139565,train
cf1a2dd60032872f,train
cf1dddd1c7b7ae42,train
cf1f572b5ea485ea,train
cf20b533e0db9248,train
cf227a310cd2d516,train
cf2a4bd0c859a991,train
cf2b5a24beec6b0e,train
cf2cf3edc565ec12,train
cf2d48a1f5097370,train
cf2e7071518964f1,train
cf2e8fde31464651,train
cf3157d660909303,train
cf32e8b7cbd2c5ee,train
cf38e5b013fea500,train
cf3df9749a7df447,train
cf3f21f24dc33a46,train
cf3fc24c16be0507,train
cf415ba9d6405a04,train
cf41880db64d8ea5,train
cf42200f82f624f7,train
cf4ac598b3947fe1,train
cf4b274fb3c1c9c7,train
cf4c8d3c1583b3bd,train
cf4cd6e47c027e10,train
cf4e4ed2228e96d5,train
cf4fca284da1cc82,train
cf50f419f82ee143,train
cf51dfa98f7f85bf,train
cf529fa6c9af868c,train
cf580a9c3fcdcc7f,train
cf5aba9a393e4254,train
cf5ec84ce7814890,train
cf61159f6cb633e0,train
cf6125be07793838,train
cf61a6e7455e033e,train
cf61fc4fa50bf1f1,train
cf620cb0208d4e8b,train
cf64f8a88b538713,train
cf6a9f57a5ea5495,train
cf7494680f207ab2,train
cf749dd76d915b54,train
cf755a0a3d6436d6,train
cf75cd86868f6a58,train
cf7bed4d946f06be,train
cf7da441aa28192d,train
cf7e1a5a502c6232,train
cf7f21a614d54807,train
cf7f71ea4a7a9d07,train
cf7fba65e80c5e9d,train
cf8211068f26a08d,train
cf8ae5cdd6c1b25c,train
cf8e43809d1970e2,train
cf90839a507e5133,train
cf9199d194bf4a82,train
cf93acfbc261409b,train
cf95a63144b64e4c,train
cf966602c6d01680,train
cf966d61769731b9,train
cf997f5c7a3df95d,train
cf9d58b4ad453947,train
cfa14a13e2b46397,train
cfa1d43c6b7c52f3,train
cfa2ba7b2a623cf7,train
cfa3eb863b1aaaa2,train
cfa4a0a04e26ae04,train
cfaa677b88fb6413,train
cfaac747fa35d7de,train
cfab33fdab85a901,train
cfac4f3cf733adaa,train
cfaddc49fcc7da5d,train
cfb10e0dd0183b8b,train
cfb1926ef128e028,train
cfb4c2d7a738d23f,train
cfb64c8d18511a31,train
cfb729c60e7e4c8d,train
cfb81b47769754e9,train
cfb840bdeabd51c8,train
cfba59aff8eca13c,train
cfba946153ca96a9,train
cfbcdda14f4eb576,train
cfbd2d05a7a58de5,train
cfbee009c04e93fc,train
cfbf80421f1ca834,train
cfbfea67e67cf5a5,train
cfc20a9dd0d3b845,train
cfc23e2a0981e87a,train
cfc612f8302edff2,train
cfc7507b1af2796a,train
cfc9eec21607e36e,train
cfcd4261c4c36548,train
cfd0964171a91b27,train
cfd350cd58d65981,train
cfd3c00f43776d19,train
cfd51b10e8ff4c60,train
cfd68ebbc63a90ba,train
cfd7361eab696668,train
cfd9208341355be7,train
cfdbb55fa231465e,train
cfdd02d11f3c3249,train
cfddc3de9725cb15,train
cfe4a8e4d2966665,train
cfe5a5bc7ad94fca,train
cfe72f4eee8aecc4,train
cfe936a39c356b91,train
cfe9cf78f59ec13b,train
cfeceeb1730b2f92,train
cff06bfb932985fa,train
cff1bf104d2765e3,train
cff5644ee3af78f0,train
cff581ab4d0dc96b,train
cffa087370c36648,train
cffa497d121dc9ad,train
cffbf820e2ba7c08,train
cfff01d442852df4,train
d0052ea213a66ff0,train
d0060b4169f18d3c,train
d00867cf8a837739,train
d00c74d2a35657ac,train
d00e417fbb5b876c,train
d00ef5e4a8500a49,train
d01494f03955f23f,train
d01978583188e633,train
d01de8e93ccf7a5d,train
d01ea8dcbaf1183e,train
d022843ab165eca9,train
d027a8db3379cec3,train
d027af38882ba2e2,train
d02902487917f8ea,train
d02bd3684662b2b6,train
d02d297eefbabd7e,train
d02e828e7556dbbc,train
d02eba1931a396b7,train
d031238b4912f0c2,train
d032318c2c8c2de6,train
d03238d314f2ed8b,train
d032d7753fdf2606,train
d033ff4ccf7429a0,train
d034aae5edbbf80a,train
d034ce3bd1362026,train
d0350a2be5d1e83f,train
d03551715f593ebd,train
d035bcb1f81d40ef,train
d037aed4a122d60e,train
d038167b806212c2,train
d03a760f217a49f4,train
d03d3f97de6bda87,train
d040c0796bfb4623,train
d04847ce66eaeb2a,train
d0485e2456b067a6,train
d05322d04b90a653,train
d05453e8871677c7,train
d0556947235cc3d3,train
d0562d6624276f34,train
d05a43474da4056f,train
d05f668603a8281a,train
d062aa5596620b84,train
d063074657085616,train
d065168eac5d035b,train
d06552a529935562,train
d067c6f0f5b4820b,train
d06a08358915c76a,train
d06a5d23e2c33c64,train
d06bbe09e8edac35,train
d06c758088209418,train
d06d677806fbcf95,train
d06dad3d3aa6db28,train
d06eb2d69c3c3431,train
d06fd7209832972a,train
d06fef7167e825cc,train
d070ae8288a34913,train
d075103def5b7186,train
d0762584cd49d289,train
d078951c5c980f4f,train
d07bafca1f2eb444,train
d07ec2ac4eadd7be,train
d0811479b9690b07,train
d082e4f23769ebbc,train
d083513bcc59937b,train
d0864d2913ea7fc7,train
d087125805810fc9,train
d08aa56bff0c93b0,train
d08c09c4af4db2e0,train
d090e07df0b54a90,train
d091435a9d79731d,train
d0919edccbefa899,train
d0968ce632e390d8,train
d098050ed050789e,train
d09dea41083ce150,train
d09df2c937bde3ec,train
d09f51ac86a02921,train
d0a1fddc985d6aa1,train
d0a2ba9a1cdbb995,train
d0a2c3c0a416f05b,train
d0a5064bfcf90ab4,train
d0a75603d5a847c8,train
d0a7d1cc3c1cc51e,train
d0ab64f433687eb6,train
d0ad2ce50d5efb2f,train
d0add66e537f14d1,train
d0b129773be9e3ae,train
d0b2961c4ef1dc01,train
d0b35f939eb19240,train
d0b4a25e53260132,train
d0b4f772c3b7a397,train
d0b502b90279e6d6,train
d0b90f125e6091a0,train
d0bab8a57765e0ef,train
d0bb3f6f2b37294b,train
d0be399b9273dd29,train
d0bf3f738ff8fba6,train
d0bf448b1f75264c,train
d0c1cb1d6f45a19a,train
d0c22994eb3f1e07,train
d0c28a131a38664a,train
d0c35add2d1f07d0,train
d0c3d033e106b4f0,train
d0c573ef7b1f537e,train
d0c5eec56ac096bf,train
d0c6b42fc80374b6,train
d0c7c9794b827254,train
d0c8fb28fed2e6d8,train
d0c9d4e833fc2348,train
d0ca53022d3b5ae7,train
d0cb7fdb9a7f9bef,train
d0ce92fe12a006e3,train
d0d0dd74773f7aa3,train
d0d178dfb5749d07,train
d0d38e3ae8a6da42,train
d0d3c04c43baa456,train
d0d69d7334f7725d,train
d0d7e16fe2f7c49e,train
d0d92fdec13537cb,train
d0d9e162c1652226,train
d0d9e33855dda546,train
d0da614f53a04b04,train
d0dad17229b19117,train
d0db7cae46dfa85f,train
d0db7cc39c654929,train
d0dfc3d415bfb383,train
d0e286ff5087cfdb,train
d0e291071dff8fac,train
d0e2c130096c9faf,train
d0e9b59836c73904,train
d0e9cf8349483c2d,train
d0eccbc0e61cb294,train
d0f2fd4e7bed885c,train
d0f48c357d2be55a,train
d0f4b251144957bb,train
d0f9707eb065453a,train
d0fb8652b942103c,train
d0ff2c05e60f7d0c,train
d103ef2ec5efbe9c,train
d10403baa24c55b4,train
d107da3838a08647,train
d10c13b5d2eb9392,train
d10dbdf9bb5a60ab,train
d10f170bed1d2034,train
d110f53b5ca6abeb,train
d111bdd28e9a5c5f,train
d114bfc16e064976,train
d11527077a48f289,train
d1163b7ebc3982bf,train
d1177c7cb7763a57,train
d1181fe33075693d,train
d11a3c757691a5b9,train
d11c089543e5a3ec,train
d12016c1f210384a,train
d120e6af79a3721b,train
d1212748d68a81d9,train
d1218c3ea7bf5dc7,train
d124b787830d1e7b,train
d12587aeee907ed3,train
d125f3ec6d170408,train
d1281b1e857489c4,train
d12b680d8cede768,train
d12ca442f5329f5f,train
d12d26e5e330966b,train
d131f8c5438ec388,train
d13267c7d6775d8d,train
d1334607b3e7e192,train
d135087687d94f53,train
d135a2f98c01b1f9,train
d13cebbc57328fcf,train
d13fecfb370d45a0,train
d143d88f141570e6,train
d14682d8d66d5ec9,train
d146e3db784bd349,train
d148501d52951afd,train
d1485892a2e02ae3,train
d148f24acf3671cf,train
d14a82aafe2f3c28,train
d14ad5cf9956c627,train
d14bbae52e7ca2f1,train
d14c45246067b996,train
d14d664d7d06e4c9,train
d14da858a4fb9c31,train
d14f00ae0bcd02f1,train
d150bc779e8b6c1c,train
d1527dfc966a0055,train
d152a2924ac2dbc5,train
d15432177aa61e87,train
d15479d10813f8de,train
d1571050094ca625,train
d15c514eb2e1d3fc,train
d162d55646f8fff0,train
d163c31532734e7a,train
d164f404b0685233,train
d166a49e7ec3d8c3,train
d168f5a43e17af76,train
d16929c5cdea9f10,train
d169aa8ce959f219,train
d16a223b811a7835,train
d16abdd921a2d120,train
d16c307866a904a9,train
d16da6c88bf101c2,train
d16da8566ae045dc,train
d17176c6a034b384,train
d1722f772578736c,train
d174b72a118522f5,train
d175ff64dcc4f22d,train
d178c7972792fc54,train
d17a91af39a370d8,train
d17af13746e10410,train
d17eb1d4a367ec54,train
d183a21754f52bf9,train
d184a3c20ac256f3,train
d186950517b6e7f2,train
d18aebcfcf3c91a3,train
d18b9bf5b15b2c3c,train
d1918d172ebbe529,train
d1918d81f3d5f59b,train
d192aac967c518bc,train
d19358a44477d1c6,train
d19b95e696b4bbb5,train
d19becffe175a0a2,train
d19cc1f9406613d3,train
d19d55ac55dcabc8,train
d19fb6b62f8a8685,train
d1a16283b0feb474,train
d1a2a4253f6ad285,train
d1a2d59f9f27fcfb,train
d1a57b5556a0b96a,train
d1a7b2fc70d6d28e,train
d1a9dc5f789c7a02,train
d1aa2ca26d8f7e97,train
d1ab2ccd7087d664,train
d1abf790f5ff2d66,train
d1aeda7859883856,train
d1af7c17213d4c0a,train
d1b01bed59c1ae62,train
d1b1310bc0e3bae9,train
d1b4709d65635943,train
d1b4ded8df432ecc,train
d1b5a0b7d34b037f,train
d1b6675e8eaef225,train
d1b6963a6c01524e,train
d1ba132c2442ab80,train
d1bbcbf0e4d3f49b,train
d1bcfdfc0a35f06f,train
d1bdc7d0a0a852f4,train
d1bf417e86f5a957,train
d1c2986eee60fb58,train
d1c7ad2200a58aba,train
d1c88072adde46c9,train
d1c9038f5f828cf3,train
d1ca321ef051c0c7,train
d1cc8644a3627760,train
d1cd22e7f463f057,train
d1cd2655da123328,train
d1cd544838c21f47,train
d1ce39f5c8310cb1,train
d1d105a4d677a7de,train
d1d2e492a131f85a,train
d1d4d7b6baf45eff,train
d1d50e94fbcf0354,train
d1d88fd59d76ecc4,train
d1dba726bfc769e8,train
d1dc1c0d70fb0d08,train
d1dd1d24badd59dc,train
d1ddc67c08611e76,train
d1de2beefec6689a,train
d1ded8ca2f9ee2f0,train
d1e1e75586fef304,train
d1e2954101741590,train
d1e8a104c57ae8e2,train
d1ec1b9ce49ed3fc,train
d1ec82e876309e09,train
d1eede2f2d3f23c4,train
d1f45e7c087c95f0,train
d1f4832631041137,train
d1fb35f07e2d7faf,train
d1fd17fc8d406ddd,train
d1fdc2e22a08522e,train
d1fdc39d2a0fa999,train
d1fe69ec6c23a4ff,train
d201f2fcb6a4acf5,train
d202c41af69696a9,train
d2065642bf9786b5,train
d207a0e487ef201a,train
d210d62ef7d4aad8,train
d21109c3bf2e6158,train
d211a168463d6b7a,train
d211d2a12d9bc2e8,train
d21b5b1911da99da,train
d21b6f078fec2050,train
d21c64d41044d576,train
d21e870cae61c8e2,train
d21f237ec8adf291,train
d2247788d53d0f35,train
d2258803127def9f,train
d22ad74c7b9a39aa,train
d22e4588c8ec86d1,train
d230888f2686e0a0,train
d230964dcde7555b,train
d2372fd868dc8193,train
d2380a34fa2aa55c,train
d23af242823fe2fb,train
d23b057e6dc35352,train
d23ddb9f852f68da,train
d23eb35f0527cf17,train
d2410e534115e647,train
d2461372da0c2487,train
d246d77cb1e30e6f,train
d24715e5e23bb95e,train
d248b07e2a7c8413,train
d249af35e72b2290,train
d24ba87fe9fd20ac,train
d24d22349007f39a,train
d24f7d07b36f270c,train
d254199d127b5a8d,train
d25b21bd4cffd0be,train
d25c678a8a1d24fd,train
d25dfc9723a913f7,train
d262a0ced5a29b56,train
d264a2eb0a2d9fde,train
d265ae5603667453,train
d26697ce812a0848,train
d266c50e0bafde7d,train
d2684cb6edf5d3a4,train
d26adc5e8aa59902,train
d26c11e54168f513,train
d26cd8434aaccedb,train
d27432a298d788e7,train
d27506842ba00834,train
d27a4bf761dce9ff,train
d27c3cd795ee1c32,train
d27c7bebe34b179d,train
d27da8b9dc7acbec,train
d27fe9dbc64f1b8e,train
d28130775e282a45,train
d282abf859b0a520,train
d283c6a7ac2b127d,train
d2851804e154fe6d,train
d285ced796608186,train
d287c27aace4b485,train
d289084a18f2f59b,train
d28b7d1fde78df61,train
d28f8a0778e83316,train
d290af4065efad61,train
d290f9be4198dc14,train
d2948cb4b52fae98,train
d295dfc5a4643371,train
d2980b3ffa07a7eb,train
d299008ac5df6293,train
d2991e121c24b60e,train
d2991e121c24b60e-2,train
d2991e121c24b60e-3,train
d299956039c5caee,train
d29bcc3a300c83e2,train
d29c59e895d3d7a0,train
d29d7991bd2821bd,train
d2a49bd4b52263a6,train
d2a55dceb5237353,train
d2a564b7fd5c2ae4,train
d2a5e849acd27957,train
d2a64787c978708c,train
d2a6bcd48a07c15c,train
d2a713fc986dfb8e,train
d2a855ca8aab5008,train
d2a8735512ed646a,train
d2aa2d46e024ed58,train
d2ad6071de81c798,train
d2ae42e0bd59d8c5,train
d2af85a90144754f,train
d2aff3a4f64d44ef,train
d2b05063a287f310,train
d2b297523454847c,train
d2b45e3e66769bfb,train
d2b5617b9c713e83,train
d2b7f617e82315e7,train
d2bd79fd87cf355d,train
d2bf6b4ef1c253b4,train
d2c0186fc8592c6a,train
d2c125d779ba7e00,train
d2c14203289c5903,train
d2c2ddacd14d67f6,train
d2c718b7f3f26f94,train
d2c84022c142b990,train
d2cac18734eaf507,train
d2cc565101908c69,train
d2d0c6a2a23342c3,train
d2d4fd770f17939b,train
d2d505ef9112a82f,train
d2d6fb5a925fa8b9,train
d2d78b1b3128b924,train
d2df2bd192b3936c,train
d2e3eb1ab8d5c182,train
d2e4d75b2c252864,train
d2e50f58d08fb8a6,train
d2e56b19e08b96a2,train
d2e706ddd85975b8,train
d2e72b9519c46e9a,train
d2e9908b4ccd9088,train
d2eb20fb8d2bcee9,train
d2f0ffbaccf8d1c1,train
d2f1d7682a39f40b,train
d2f268364b87b5a4,train
d2f2dee4c9584864,train
d2f32796e8826ecd,train
d2f422a51a65bcf4,train
d2f62018daf9f796,train
d2fa8e1dea3308fc,train
d2fbe8a4f2fbd5b7,train
d2fe07b43f759c18,train
d30077e9ba69c6fa,train
d302e81920af2a63,train
d3038481069ddcfb,train
d303b3aafa098188,train
d304eb5b8c38e7de,train
d3059b4510fd08cf,train
d3065419c56ec99d,train
d307080b1395cb3a,train
d3081cba8df1bb49,train
d308ca935d8ee4f7,train
d30b55b22e83724f,train
d30da9fb8fbd3d57,train
d30e428c953bf0a2,train
d311b69a276532fb,train
d312183ef47974fe,train
d319d91a8275fd61,train
d31ad1b8033a0ebe,train
d31cd0a5060d98f4,train
d31cd23edc278437,train
d320f5d9c8ebd775,train
d32110a720832602,train
d32171488f932c42,train
d321c65f766f066c,train
d322219f315abf69,train
d3226915a6ebbdd1,train
d322f7d6dc6c7d3b,train
d328e4e167e0058d,train
d32ec100d90a31c7,train
d332076de85e5d5d,train
d3345189078c8681,train
d33b036c4ab89f9c,train
d33cf7e223f87dd7,train
d33d30bd87ea34e0,train
d341f9bcfd0b4ddb,train
d3451f3d4bd4f70e,train
d34673b0911374a2,train
d34b9bc7db4dd81a,train
d34cc2655683a9ad,train
d34d03d1d8a5effe,train
d34e82f77b0f4ce0,train
d34f24414dd99d53,train
d350149028b6dea7,train
d3519a446acd9440,train
d352379818afe848,train
d352f1f1705685d8,train
d35bcb247cb6b3c5,train
d35d66563d718a41,train
d36173758d8e2dd3,train
d363aff0a8e96db2,train
d36715f8e53e62c3,train
d368686cae19ea8f,train
d36c178f0059308e,train
d36e337e51bad639,train
d36f01a27846b80b,train
d3709228ae535944,train
d370fea315aba90d,train
d3759de51b84fcc5,train
d375cdcf212b3236,train
d37bd1bef759dec0,train
d380e7a358c6b071,train
d385334c6b89fd76,train
d38a3c001a1f3bb9,train
d38a4998a5ad6689,train
d38ab5f757bc8c24,train
d38b596db17199e1,train
d38b62c7c1041c7d,train
d38c6f007231adbe,train
d38e67a3da112c0d,train
d38f15ff9e28a3fc,train
d38f7e929c4471c6,train
d38fae2d52add55f,train
d39088ea627b73ca,train
d3923be6b8c58610,train
d3924c6d60352ece,train
d3958aa2f3fcf8c1,train
d39808ef59d808e0,train
d398f12f9f3a3c86,train
d39936bd29094b80,train
d39c49799183fc53,train
d39d13d60fe8dfa9,train
d39d1add5269bb15,train
d39f94fc60bd408f,train
d3a255db85795970,train
d3a2669e04230793,train
d3a717359b80f057,train
d3a9879ba9512e90,train
d3aeb98fe32181f7,train
d3afa214a8024319,train
d3afb0fce05270ae,train
d3afe215bc1754d3,train
d3b08cd5c4dc9ad1,train
d3b56bf15034cef4,train
d3b611d12cef3dbe,train
d3b64f69e6cc9f1c,train
d3b6cb2842ce9764,train
d3b8e3174915ae44,train
d3bc75c175c3ca10,train
d3bcef8582cc36e8,train
d3bfb9c3da5e0aea,train
d3c080bc72e1b0f8,train
d3c0e400fa1ee099,train
d3c1707cc23275e4,train
d3c4fb0f035462b7,train
d3c68b2dd40604ee,train
d3c7edec3b7343d2,train
d3ccbe1ce6b252a2,train
d3cd75bd8302df30,train
d3ce38ab6530fe60,train
d3d6deddde4e1f0b,train
d3dd322377886d48,train
d3e1ad5b1e1d37ce,train
d3e2d550676562ba,train
d3e4da43dd1e6ec8,train
d3e6063f8d1955d3,train
d3e7d7495cd19fc7,train
d3ebf137da3732bd,train
d3ed3a4a15fae89c,train
d3ee253bf7481c65,train
d3f32a8aa06f07ef,train
d3f400e4921358fc,train
d3f456640399c99a,train
d3f485c20a7aa1c6,train
d3f643479f61e861,train
d3f6580d660292e3,train
d3f7bf3bb8cdb941,train
d3f824aaefa29d65,train
d3f9f46b55599037,train
d3fad21f2d10448a,train
d3fe476b1ccadb16,train
d3ffb60854085434,train
d4062f315c1b4721,train
d408f05721800f97,train
d40f68590762f2a9,train
d4103406896412ec,train
d410584269f234c2,train
d41062811e82e6c4,train
d411d563ccdfb136,train
d4166ab4d1770ddf,train
d418240576b10d49,train
d4183f0db1edd6d5,train
d418ff62480d7ad1,train
d41a6f306ce714b6,train
d41acc115f24724f,train
d41b057f3ab640ed,train
d41d1a83a404f9b3,train
d41d54107282f201,train
d4212ceab97f0e9a,train
d4226b6e3cee2705,train
d423f0806ee870cd,train
d425bfa63c13eddd,train
d42af4c57872b8f2,train
d42b7da9f21c0917,train
d42ebf7cbf91c963,train
d430fec57aefddd1,train
d4329a341a23502d,train
d434c869e9669a24,train
d435145b4ec0e943,train
d437524ac7bcfba7,train
d439723c6d2f3343,train
d43a644cda768efa,train
d43b587a70bf4f55,train
d43bb85298e4958a,train
d440dc359b30849b,train
d44372a9201d2717,train
d443ba1a531a265f,train
d444aa940e9d93d9,train
d444e018fd86cd2a,train
d44b1dbc79fadc7f,train
d44b850fc53dc2b1,train
d44b850fc53dc2b1-2,train
d44c20f2dc60449b,train
d44e470f3c0d18c8,train
d450083b96573d96,train
d451369a2bf692b3,train
d45362d08ed19023,train
d45395061f19073a,train
d45395061f19073a-2,train
d456722596cfd443,train
d457645f9cc6e683,train
d458a2c5657b6451,train
d45a2f9e08ace53a,train
d45b74a56123c442,train
d45c7d57944411e3,train
d45e80e0f4391a0d,train
d460b00549583bd9,train
d4617d653d34a159,train
d461fae8545771ea,train
d465999385fdef68,train
d467a8a7b91f4dd6,train
d469f981daa253e3,train
d46a46dc4152f980,train
d46c5a8e28574519,train
d47165cc4eb02627,train
d4729b3890227de8,train
d4746bd75d2c0e7d,train
d478c742e7dcd00a,train
d47d9ea55a8e447e,train
d47e6bd34b41db87,train
d48051d2521b9df3,train
d48178a092eb557f,train
d4830bca01e533ca,train
d48668d72e8ff58a,train
d48b98f1bfa52a74,train
d48f4237a9d8e7e3,train
d48fcd0c94d0af1d,train
d4902a6f54a39e45,train
d49543df41f2c2e6,train
d4960dd3ff68f416,train
d496e7e679a9dbeb,train
d4996daf3b53620f,train
d49a3e0d216cab72,train
d49acc3eb162d961,train
d49ccf1d1e7de3fd,train
d49f212f147ed9a6,train
d4a323ca3b936b63,train
d4a45751bb4fe06f,train
d4a57ea23932aa23,train
d4a74db02874d8e9,train
d4abf6d84fc350f6,train
d4ac8c5fb84e73d8,train
d4b21c3f1887102c,train
d4b45a09fc3f7996,train
d4c2cd5b62668558,train
d4c454014db9b882,train
d4c8367546c341fb,train
d4ca523485c6e493,train
d4ca895d16111e3d,train
d4cc94af9b47ed37,train
d4cd8e7ecd348dc2,train
d4ce320d24e911eb,train
d4d42456259ee49e,train
d4d5337167618b2c,train
d4d89b990919c4b7,train
d4db788702ccda7b,train
d4debad7c94ecad7,train
d4e1d7cd2a3a0d2f,train
d4e2f16aa2cfaef8,train
d4e6ff6845e50e0d,train
d4e7e3c323a9685b,train
d4ed1ecc903c1ffc,train
d4edf4d0f6d97dfe,train
d4f33d36df37d8f7,train
d4f5283feb10c231,train
d4f5b0897b5e2596,train
d4fc625598f3a0bd,train
d4fd8f9f5b6bfde4,train
d4fe07233ff56e6c,train
d4ffc47e334b61dc,train
d5006e56c63a03e8,train
d5023b08cbfe0628,train
d505462a9b9a3e4e,train
d50b0a921191d8c0,train
d50b70e239e74b3b,train
d50e6d7bb1cba099,train
d512e2a66c95ef0b,train
d5141b1679a5a4bd,train
d514a7bca95038a9,train
d51509c425ae1ae1,train
d5159034a0185de1,train
d51786648c043e24,train
d51c6fb7b3d05a5b,train
d51fe9c5169bac02,train
d520009a7c6c92dd,train
d52197a8b53399d4,train
d522183af00d7ba8,train
d5225d67db462457,train
d5229f522880e465,train
d52455f3a790f9f8,train
d524fcc4184c76dc,train
d529bf774acc0833,train
d53579b1873eb821,train
d5366697ef0b99f0,train
d537c87edc71a3a5,train
d53a2a5daefdc946,train
d53d59321f400c50,train
d54168f60ed1013c,train
d543335830e52914,train
d548ae32a7232bcc,train
d54afb7b8eefc0f2,train
d54b55b78196b85d,train
d54ce7c5d7b9780c,train
d54fda20ffc9348b,train
d550da1b804431ca,train
d558d9fbeb8a4bfd,train
d55a219aa8ac454a,train
d55a2302420b33f4,train
d55c545f101e3bdc,train
d55dc0f2810c1a1d,train
d55dd7d32ecd7478,train
d55e193a0fb15cf3,train
d55f5109c967c924,train
d55fe5917d2f46d7,train
d5631441b718f6cf,train
d564646536bd7e5d,train
d5649bd051cd4703,train
d568ecaa6575c320,train
d56d5cb9fefaafc3,train
d56dafb0297e3982,train
d56e8e505720232e,train
d5702cb3125fcd4d,train
d5703a40a412e792,train
d574213e1fc22fb1,train
d5750a2f112b319c,train
d57601086fa2362c,train
d5798ddd93f65a91,train
d5798eeeffe7d110,train
d57d237b53811dcf,train
d57d9d0f93227b9a,train
d57f82ada766f5b4,train
d581cd4d8ce0e6f5,train
d583551190a5e8fc,train
d5837b245469befb,train
d58552c52b072d61,train
d5868ad32da75dbe,train
d58bdaedc8ff60f1,train
d58e2569460e1c48,train
d58e7a1cd29aa5fc,train
d58ef973027816b2,train
d58f0675e945e333,train
d5906c91432c2780,train
d590fd226532db93,train
d5924d74f059e806,train
d593fa953e344e6c,train
d5943ad006d36506,train
d59b41a671bdbfe0,train
d59ce28c0baceb7e,train
d59fa687a7cd507f,train
d5a10e82b2938ab6,train
d5a2715630c98e6a,train
d5a2b1949d3478f4,train
d5a43987b97df01c,train
d5a460709ef7254e,train
d5a5b33fed447279,train
d5abe509e4e5ae32,train
d5ac59e4cfd5dde4,train
d5ac6ac7b223204b,train
d5ad0a43d9521a09,train
d5af950a465c55f1,train
d5b5d6cb49059669,train
d5b6a95042a1ee1b,train
d5b6e6ec25c317e4,train
d5ba3b1a31f78084,train
d5bafab1c76e7ff4,train
d5bb2f53342b6ecb,train
d5c039f2e43488db,train
d5c1b1af48b90a00,train
d5c329bd9168732a,train
d5c3600ded0e6282,train
d5c6096f5fdd4df4,train
d5c6d8fcb7697c6f,train
d5c7f2b81e464436,train
d5ca820a39e2f9e1,train
d5cd6f2a65f0ab08,train
d5cdadb371ee3c83,train
d5d0dbdfdc3c5f2e,train
d5d43a733a820c3b,train
d5d52e2094cf7dc3,train
d5d5a45f55e90dc7,train
d5d85e9fa17800bf,train
d5d8a9afb65669b9,train
d5d9ab219a9682c2,train
d5dd0f38b3767e9f,train
d5de884cf21b2870,train
d5e0a843ce0a1416,train
d5e224826dda1aa6,train
d5e2c34b68431661,train
d5e4bfe3306b8b0f,train
d5e5b8e3f0f350d1,train
d5e972e8f0798efe,train
d5e9c55b8aefea25,train
d5ed9791129331f0,train
d5ee20db44182781,train
d5ee9acf2e0add6b,train
d5f387ade6a76d84,train
d5f48dd69da87cfd,train
d5f83878427133a0,train
d5faff76ee0ed017,train
d5fc6773fb17dc77,train
d5fce4b17f969df1,train
d5fda05d8431d006,train
d601d59afd8dbc76,train
d605964080081720,train
d6061c40b954a82b,train
d60986f1e178e138,train
d60a9e29b748767d,train
d60d8814ddd99ad5,train
d60f2ef1005e1b3c,train
d6112449f2f48179,train
d6132b790bfd34f2,train
d61418e0b772bfc4,train
d6166759304aa404,train
d61800bba5cf062e,train
d6191aa6a8f1a880,train
d61fc80ff52de193,train
d620649f6bdfc312,train
d627c61184ff8949,train
d629399cfceb1aea,train
d62a1109c30a446e,train
d62a5697fe57f39f,train
d62dcbfaf807ab5a,train
d62f50c8351b5b80,train
d6326bec2b4770eb,train
d638dc9c74052def,train
d63b5dfc8227a19d,train
d63e3bb4b0faa993,train
d63e927259bf89db,train
d640896c46976a23,train
d6418a0b99d2ba27,train
d64228542e0ae15b,train
d648c10adc0c585a,train
d653173e06ae4873,train
d6555da485f02efc,train
d6587d777b4c4673,train
d658c7e616cd30ed,train
d65b49b2b9b58036,train
d65ceba838e67b1d,train
d65d45322894148d,train
d660a3b963a48001,train
d66210da42c53302,train
d662c43d646d0556,train
d6645350d92376bd,train
d664ba159d59333f,train
d664ede7217c9141,train
d665bff9e61c71ce,train
d666cbe55b7547f0,train
d669b21ad461d7cf,train
d66be572041d11a5,train
d66bfce5a3bdd62f,train
d66c0de86a4fb6a6,train
d66c2782b84c3ee2,train
d66df90e64dea79b,train
d6757ed573f512df,train
d675cf3255559e7b,train
d67635f58b81c460,train
d6770f71f4775dd1,train
d67745bd1fe92315,train
d6780159c2debec0,train
d678999c8307ae92,train
d6799bc87895ad87,train
d67af53be2dd0135,train
d67afcfdb846ce11,train
d680573e9a1f25c8,train
d6825b451d1fff66,train
d68ef5e1f1403c78,train
d68fa79b669e32d5,train
d691ee08886ac2d2,train
d698657f655b7862,train
d6986c5453a7e954,train
d698dc2c2c72d923,train
d69bfaa55425d0db,train
d69d2a6076b98c48,train
d69db9c68890d447,train
d69e0cd423f63fe7,train
d69e639efac3cdc4,train
d69f523bfe2f21fa,train
d6a601d19bcb01f5,train
d6a69d9836c2257a,train
d6a9c868402d40cb,train
d6a9d47439ca199d,train
d6a9e81fa07240d3,train
d6aac6b53dc5911a,train
d6af09d3c25482ec,train
d6b0a3dd6f3a8318,train
d6b2bf2c6da12082,train
d6b5fdbc6281bf92,train
d6b75332b6aaf07e,train
d6b84a3a74314bc1,train
d6b925fb4b4e639b,train
d6ba5a3220d0bdc4,train
d6bbc0e7c2309a29,train
d6beda38cb15ad9e,train
d6bf6561da41299e,train
d6c4a08713ae8e88,train
d6c5070a6232d1c5,train
d6c61a07390d1950,train
d6c68c66cb857585,train
d6c6a7dc218bb355,train
d6c878a9893bdb1b,train
d6c8d4d15384a95e,train
d6ca4c9a4b7760b9,train
d6ca4e821150fca6,train
d6cb22e4c20dc8eb,train
d6cd0da30c289f07,train
d6d0a43a7ab6eddd,train
d6d2ac902628b2cf,train
d6d30a5fd8fab3e1,train
d6d36753f17b25c1,train
d6d6eed0a1d7e735,train
d6d70e0671e16309,train
d6d765d0f110a8c2,train
d6dec78cbedf77de,train
d6df5bb6e8d95ba8,train
d6e0c9b18ab176ad,train
d6e2ef5b0b2582b0,train
d6e718d6523f1982,train
d6eee69636076247,train
d6efd5591510dc6b,train
d6f4fe899822d729,train
d6faed639ac2c6cb,train
d6fcc53f0c2251e7,train
d6fef16c928c81d8,train
d6ffdc83c2e741d8,train
d7044dcf9e67f788,train
d7049d4e309c4e4f,train
d70585e74b3d9e18,train
d70880fc35f16c5d,train
d7099c069680ff06,train
d709da97ec62d087,train
d70b11e085ac33dd,train
d70cef37e2655521,train
d70fdd42a00d8a02,train
d71081d53e73e1a3,train
d71081d53e73e1a3-2,train
d7119db97a545f41,train
d712e7287037cab5,train
d718589c5c725e7a,train
d718ee2ed5cbbc80,train
d71b3bcd3f0ee2ee,train
d71d60b3130bdf8a,train
d71d95c50e8bad29,train
d71e0430a96cb76f,train
d722f0cc8c028fd8,train
d72436c44a5f39a1,train
d72a6b4e9d10076d,train
d72c8a63e3098c72,train
d72fa14aab62b3a6,train
d7301976927def71,train
d73322c41354dab3,train
d734aab5507a6360,train
d734ae689b9ae7f0,train
d735b9be0d3c3f93,train
d73612118de55838,train
d73645c21c405100,train
d737ded4f2f8ac62,train
d73ab69bedf4a64c,train
d73fbfd5c98f4204,train
d74018430c19fef9,train
d741601d83b129d2,train
d74287b0595a1471,train
d74747f283bef9b0,train
d747f78646a9b861,train
d74a0759e59808b9,train
d74a8406b5a082b4,train
d74b93f1aee4a7f7,train
d74dfbe0248aeeb8,train
d74e4e752db67caf,train
d75386aa5328c314,train
d753b2cbfe7b328e,train
d75403e955e19039,train
d75d960aae9d0ad0,train
d75f4398c4c1cf14,train
d75f890a3370f6d6,train
d7623f39a526bb84,train
d763416393c829fa,train
d763ad7ea070453a,train
d764ca3dbe81c4b6,train
d76518d7a2c245c0,train
d765d301594bf5aa,train
d7674df4b2806c99,train
d76a3dc15705e28e,train
d76e19f88934db4d,train
d7703f9256d4b7bc,train
d773335361ea966f,train
d773d9fba5ed4b95,train
d773de5cdd4173b5,train
d77a1006345c7241,train
d77dcf81385586c4,train
d77f6549ba15bab7,train
d7847038a7802786,train
d785ef5839300922,train
d786b0370b5fcc6e,train
d7876beb288c9557,train
d787d97e1f798df8,train
d789559a912e22db,train
d78ab1937357b4ba,train
d78b4cc12c13387f,train
d78d223e955e3a8b,train
d78ececc67f47935,train
d7910931b623493e,train
d794c58a471b8c7a,train
d797c703368ed259,train
d79802ab84514593,train
d7982051453bc1f2,train
d798ad5b62cd8553,train
d799f9d6ea2b62d9,train
d7a05ffc1a587b43,train
d7a6f449e83c049d,train
d7a7a286efc4ef28,train
d7a8cc2220eba6b6,train
d7aa5667d6d3d8ac,train
d7ab4ce48cd095dc,train
d7aed78cd1dd583c,train
d7af1c7b1310a8f7,train
d7af8f7f0e962318,train
d7b47e98f7783bb8,train
d7b5ce62f95d7480,train
d7b64b73a348c188,train
d7b6540b6c87e8aa,train
d7b72c79685dcb54,train
d7b8acb4daad9329,train
d7bb019edd41c8f7,train
d7bbde6e2b26df3a,train
d7bce8920fbfda0c,train
d7bcfe540efefb05,train
d7bd1e391d54ad41,train
d7bde90a71c5a3a3,train
d7be345d9f5a7ba6,train
d7c08a2a3eacc9f7,train
d7c11189ae4e90d1,train
d7c6713487b14f66,train
d7c6e15eb1dff959,train
d7c811e00cf5c85b,train
d7c97f5a6cb7c050,train
d7ca9f2771152b0e,train
d7cbf246b4335faa,train
d7d1383097449a17,train
d7d3b440412edfbb,train
d7d51462762c66b3,train
d7d62d8f2b6cecb3,train
d7d657a8706efaef,train
d7db77a6723f21ee,train
d7de21415fe4902e,train
d7e0690944cfa48b,train
d7e39b488e00ade0,train
d7e4f7f515810e7a,train
d7e82fd6958d307f,train
d7ea0daea47268e0,train
d7ee81d1326a6b3b,train
d7efb2ad40934658,train
d7f1106b6998b928,train
d7f20056fea65211,train
d7f30eddfc0bce76,train
d7f86d80d0159763,train
d7f87a7f2702b9ec,train
d7fb90dd464aa05f,train
d7fd4f841b2e3042,train
d7fd688aa2e4d0b9,train
d7fd7c8edb07d92d,train
d7ff01b12b5d3c5b,train
d7ffd6d13cb64fb6,train
d802d06b7eee3a7a,train
d804e0c2a14837de,train
d80507435451b5d3,train
d8050b39b8fd4a7b,train
d80773258a8e024d,train
d807c15171195df5,train
d807c2d9604872c5,train
d80b803e2869ff01,train
d80e4754d7536b9b,train
d80e51e40565270c,train
d80f85735128bba1,train
d80f8586ee611ff7,train
d80faae99362ac2c,train
d816926c4e5eb675,train
d817f9f8b0f634f9,train
d81a42153da2925b,train
d822458c1809069d,train
d826d94f3f9bb74a,train
d82ac641273372d0,train
d82ad217b01a98ce,train
d82d57b4ef6ef14a,train
d82dc8f99959ac6a,train
d82e6a9aff38029b,train
d83194c46963bf22,train
d83427b102768efa,train
d83659a489cb5fd3,train
d83b0b85b8535bc9,train
d83c394787896842,train
d83d243ce5c98342,train
d83d94f164fd9b7b,train
d840eb0485d24e97,train
d8442390d4738693,train
d84600ef5ee8f0df,train
d84693529aeea812,train
d84980033709dc2f,train
d84ad241d3540ee7,train
d84b93305e1453d2,train
d84dd965d9bb1305,train
d84e5fd4d81db8d6,train
d84f59e4274c9893,train
d85208a9bf758c69,train
d8532e63e8cd035f,train
d856fbade4146ae9,train
d85804a8d0390091,train
d8593f23902de664,train
d860cb0c07cd9ce2,train
d861ea221608493f,train
d868dc3f219be5d6,train
d86a80eb54c29f65,train
d86bc9edb8eedb6c,train
d86cba138b0d7484,train
d86ce12cc74f852c,train
d8723ba7e588c43c,train
d87822e8d5004540,train
d8792d8eaca6f894,train
d87ab11b96b70438,train
d87ca76a2da19766,train
d880e2cc47fc8406,train
d884b206a98f85a2,train
d88513ac468a412e,train
d8886f97bba54e5b,train
d88c6f68b4d5bc9a,train
d88cd7ba7dd75384,train
d8903513cd80e5f2,train
d89181b6c021b5c3,train
d892bc87e9d9d6fd,train
d8965b609986d39f,train
d8968d3856a15310,train
d896e06d60b50d01,train
d8995570d7fca676,train
d899636056317489,train
d89c6cd95d756b45,train
d89cfea661b08fdc,train
d89e01ff1e1c2ba8,train
d89f76030ce05ba0,train
d89fe9bd0073ffdc,train
d8a0edcb579a401c,train
d8a16219998f5007,train
d8a73c5fef080d0d,train
d8aa6cc4845b765d,train
d8aa75834713e17b,train
d8b05e68157453d8,train
d8b069952dce4b42,train
d8b1962a50ab6c1c,train
d8b1cadfc2f6349a,train
d8b266aa4105b467,train
d8b698261522f7e0,train
d8b69dc620031f6c,train
d8b97def86dca9bf,train
d8ba5bb436325670,train
d8bda641e965074c,train
d8becd23e3c99fae,train
d8bff202ea584cbc,train
d8c3c4773f443a51,train
d8c668e15024193f,train
d8d24e4439637cb0,train
d8d41c75f32546bc,train
d8d4d8f33ea15a63,train
d8d595fb1f9a95f9,train
d8d5d5dcab4cfbf0,train
d8d751dc4b1f5ae6,train
d8d9784642a66f1c,train
d8d983595ed8756e,train
d8da6a9a3c35b419,train
d8dc7ca123ee28e3,train
d8ddd7372793273c,train
d8dec683e4c2de46,train
d8ded8b08e610450,train
d8e1e1b23b43dc31,train
d8e3210acb9aa4d4,train
d8e4edd55350d076,train
d8e674205c078e38,train
d8ef6a4b8bc6a3c4,train
d8f0a30e054f5b48,train
d8f13c9a9a9eab30,train
d8f6c8f7d6aa7cfe,train
d9007e720a4a0f49,train
d909081e018cd681,train
d9092e8e45544515,train
d909da50b4b7fac3,train
d90bd185ecba7a0d,train
d90cf0750d1d8b0b,train
d90e31e6237740e9,train
d912533145b26d89,train
d91901f925c67a8c,train
d91a93f996ec049e,train
d91b986eb6cd33bd,train
d91da428e9843a8b,train
d9209fc78a46335d,train
d920ad34df113a78,train
d921482faefe572a,train
d921e4aa01599ca4,train
d92889e49eae431f,train
d92bb11017a43448,train
d930b2ed197dc3ac,train
d9310cf042341f7a,train
d931249b6bc62a99,train
d932d489d2f6e926,train
d93426c70af7464a,train
d934699cb818b81b,train
d938cbbcf025831a,train
d93927af7ac66528,train
d939d089d96f5164,train
d93a237879a5e13f,train
d93b54824b1a6ad7,train
d93ce130f2cb2d4a,train
d93cf809137d7d97,train
d9413e4b86445333,train
d943af2ded2a25ab,train
d945c1e19da4c743,train
d948422839dc1087,train
d948ad4a917f0bf3,train
d9495695405600ba,train
d9502ce5c01409c3,train
d950903fc167cb94,train
d950fc2689fc3224,train
d951ca882f4d9a7f,train
d95525ddcbeda43c,train
d958242e538cdd5e,train
d95900a4c1584ead,train
d95c7bf190e7845f,train
d95f3ff4b95714dc,train
d96083aca9be0359,train
d9615cd23c51e423,train
d963cc566fb61e2a,train
d966c99ce595130b,train
d96ca46f053a4bf4,train
d96f2733bf108103,train
d96f4375b5b7b023,train
d973b46ee7003eb0,train
d973b9a5fd0b0eee,train
d974ddf6d4f16081,train
d977911ccb480108,train
d977ace1a90a61bb,train
d977ee09bf9c0237,train
d97a0a1f23096fff,train
d97a2f02034b6964,train
d97bac3d1b07e4fa,train
d97de809d5afcd99,train
d9817faec2e95c83,train
d9883241871968aa,train
d989d45a35380005,train
d98c76c8ff32d5d8,train
d98ecc0e6971b583,train
d98efc1bd818d5b3,train
d98fe23693d80f22,train
d990a99a57660445,train
d9929926e6fcbe4c,train
d997ffbbce329c91,train
d99a9414bc7c3d35,train
d99ac8246adc9417,train
d99bfc9d22f540bb,train
d99c7d22fa01d873,train
d99ec36dd3078f5a,train
d99f4b32b906bde0,train
d99ff998a8729516,train
d9a25fb570e3feb4,train
d9a3e7f4eef98dd0,train
d9a40513e9e70229,train
d9a78b56b26b3f66,train
d9a8efa0895f5961,train
d9aa05b21bb795aa,train
d9aa0feb537e5a29,train
d9acf42ee6e346fb,train
d9aee56e3c1139c5,train
d9afe022f4fab4dd,train
d9b0dd01036ccb50,train
d9b2299af9d49175,train
d9b25586378261dc,train
d9b2a7c493b28a26,train
d9b3fedf6e614072,train
d9b4f9b53f921d5c,train
d9b74c8fada0bd13,train
d9b8ebfa53d90316,train
d9b9ca39e68e48ec,train
d9bb6c793495edac,train
d9bb73433eee9c17,train
d9bc116735f83a4f,train
d9bcbada5fdaeb9d,train
d9bec6de9226e979,train
d9bf0346c08640c8,train
d9c3e510b8688c1d,train
d9c481fe14b57e7b,train
d9c5261ddef07b92,train
d9c68e4e1f18c377,train
d9c79d71a02adc10,train
d9c9364192c0b779,train
d9cc0bf4bb0cf62e,train
d9cc8f011d0c710c,train
d9d6985af22e484c,train
d9d6d8299ef250be,train
d9d8b87e6ed69deb,train
d9d930010abd207c,train
d9daddd4545e55bd,train
d9dd7891f242241e,train
d9dee0b29ac9eb32,train
d9e172c2c68a3c3c,train
d9e2c201c545a364,train
d9e882ffddc8aac1,train
d9e933809ab5bbee,train
d9e97dfe86ddbe8b,train
d9e98c9516b8eea6,train
d9f2f877d007f80a,train
d9f8d0c0f966a71b,train
d9f96254243819dc,train
d9f96254243819dc-2,train
d9ff8eda37d207fd,train
da01232e4f749ccb,train
da02551c46a65f69,train
da041ac4f2143df0,train
da052ea77ed867e7,train
da06514f4d5d800a,train
da0c50c2be72bedb,train
da0e32d9ffc96b53,train
da1085dacba88a39,train
da1134a95e6f8213,train
da1193c34d380739,train
da1194c16de7a218,train
da12e6775a18f499,train
da16a7368586c0e5,train
da17744acb18a9d6,train
da1910f80b80daca,train
da1c81fcfab79162,train
da1d55f7fb639c3c,train
da232cedc96b68fc,train
da23afbc73af95b1,train
da273ff58f4c195a,train
da29a76ee9425a62,train
da2cee45b23c49d6,train
da2d5cd17a2fca54,train
da309c780d2fbec8,train
da3295e886b978e4,train
da33d9ff539b8f18,train
da3ba648eb3426eb,train
da3cfc0fd3070b69,train
da3eb5ab6413d24b,train
da41336d0a2f31f8,train
da464aee8b7ac88c,train
da47d6d6bb66b155,train
da480b986dd1c977,train
da4a03029f317450,train
da4a932450b91dbb,train
da4acb7f837eb91a,train
da4b66524ea66941,train
da4d853e8fac9142,train
da4e0805ee7bfcee,train
da4e7f1bfbe27398,train
da4eae966af21998,train
da52faf1ca42c79f,train
da5909fe5f7b16d3,train
da62f50f11faa6a3,train
da64259f0ee506f0,train
da66ce04d5c72b33,train
da67c27b3877146c,train
da6817c4705f7982,train
da6f08c22cbda27a,train
da706539c518d370,train
da71f94a623b9d08,train
da73147620920dea,train
da74bb28165ee44d,train
da75a52cbe5d21e7,train
da76403338307c27,train
da772ec4f5212c99,train
da7a91c563eb7045,train
da841c53ab492ef5,train
da859c44569df2f2,train
da871fb4e6c063a2,train
da8a4a27d3e74b41,train
da8c50b04bc2e6e7,train
da8d6316947e2b43,train
da8ec3379bf5eb3a,train
da8fc2566168dfa8,train
da91b523cccc5bb0,train
da9272611cd378dd,train
da9322c53cfc151d,train
da938573030014f1,train
da9681f622f4a20b,train
da9777e39ae99fa7,train
da9c07f6fd258c2c,train
da9ef996b130ada8,train
daa1efb426377279,train
daa7bc48a489000a,train
daaa63e078d88046,train
daab84e70689c7dd,train
daaefd1112041a08,train
dab05aa6d1a2196f,train
dab0ffc9ce2b99d0,train
dab20128770fd02e,train
dab336aa88702618,train
dabe55654b58f607,train
dac44bce325e64b9,train
dac496027f8c818f,train
dac4d5788e989632,train
dac9605d8c26a851,train
dacef1c7d8365519,train
dad20ab186da0c48,train
dad447caf05e730f,train
dad5f4c1331e0b20,train
dad88cabe45c16b4,train
dad8cdd3c0972bff,train
dad93f7f2c2971ab,train
dadaa79bcacc6eb1,train
dadb87efb94dd174,train
dadf215e02491c25,train
dae29fcbd6282f9f,train
dae2d99be35a4fc5,train
dae5d10c550a727e,train
dae7b03fdbe021b9,train
dae89c6078194fee,train
daea447770d5ea46,train
daeadafbc98203bb,train
daec805c7f413d1f,train
daed7bfd8eec7297,train
daee76efd99e0afc,train
daefb8e1fe14253c,train
daf50378c09d4674,train
daf5e59ceca5928f,train
daf6b9478cf97d64,train
daf76698c3973000,train
daf784d9872039a1,train
daf89edc1950f666,train
dafaca965cc90d25,train
dafe8128cf28d684,train
daff0a377406a266,train
db01394ac1a1ef93,train
db017dab48c8ed13,train
db03f510d0f44933,train
db06d30f35598806,train
db08970f05b4352f,train
db08e7d7d737b2ea,train
db0bf62ccf3d190e,train
db0d995fba3c6c5d,train
db132bb45644f8f6,train
db14df8fa84c402e,train
db18948c73c72bb6,train
db1895306d16a211,train
db1938348c506f05,train
db1979c4746dc267,train
db1bf717d67bc759,train
db1d70ce7c23fb77,train
db1e27d8835c57d9,train
db1f816e4102b37a,train
db2152b30db9b760,train
db238151d6969086,train
db24344687e7ef6e,train
db2c7481cac73a46,train
db2cfc823fa3bfd6,train
db32807440344adf,train
db336c7d3768086a,train
db35dd6706c30122,train
db43f7958962c294,train
db45baadeaeea22e,train
db47716a70085258,train
db488935f2d1e931,train
db4b6c3ce057a803,train
db4f5e2f8ac764c7,train
db4fb6ff83c67cc0,train
db4fbedfc21db732,train
db5265b058b41e3c,train
db53128d661bb964,train
db538dcd60111f95,train
db58b24252e8baca,train
db58eff32cc43aef,train
db5d266ec002449c,train
db5ed7dec3546b0d,train
db5f2b2a80585149,train
db6130c7c52ab036,train
db6578413156261f,train
db65b777afb23f24,train
db667aa3549ece54,train
db685558af79a52f,train
db6cd03e01c1bea5,train
db6d9278ea2a07b0,train
db6de4665ae8a5ad,train
db6fbff3ddf5b9e4,train
db737726448782b9,train
db76762e61955536,train
db7afba06faeac1e,train
db7b1bfc6e25387d,train
db7dee02095bc75a,train
db83b4b471dee710,train
db8537f9769d4319,train
db8848323acafb11,train
db8fd166b7de22a5,train
db908bb90edde9a0,train
db94c616f9fa1fc1,train
db97101c56835643,train
dba32a56e1638629,train
dba51ce867d5f3f3,train
dba8d6d9dc8a4968,train
dbabe607d3dfd285,train
dbac4251c4d71374,train
dbaf2268dabfc709,train
dbb02d5fbd71e056,train
dbb45cb062073cb1,train
dbb5d17ab5ba6ed0,train
dbb653ae1384e9a0,train
dbb6a2df0b61267a,train
dbb7524cbad86808,train
dbb83fbb69859489,train
dbb979b0fe16484a,train
dbbd3152ae6fdf26,train
dbbdcd628b352e03,train
dbbf0ce4132ab289,train
dbbf8b52f3c532a8,train
dbbfd0ef67b89e7e,train
dbc2462499e9e131,train
dbc37b2ee2fa30eb,train
dbc4ef6b6019aa0f,train
dbc5460ef659ebc0,train
dbc6f85de0f8e6e0,train
dbc8ba3c865a2be3,train
dbc9e1ec147bf556,train
dbcd9fb217d981e1,train
dbd29ca1a2e06d4a,train
dbd4233f42cf6551,train
dbd5476ef3925388,train
dbd6d0a92b9c2391,train
dbd6fda0627b587a,train
dbd83fb4ee3e5641,train
dbd9842b004ed204,train
dbda3e4b3a119109,train
dbdc1c3ff160479a,train
dbdc2b355da3bfed,train
dbdde92667b7b63d,train
dbde2d571c5aed62,train
dbe0cb76ada27b54,train
dbe219b736f27e9c,train
dbe35118c7ac2ea3,train
dbe5c59fd29c1de8,train
dbe6ae83268be019,train
dbe7f4b0b9d6a78b,train
dbeab51a05bfb2d4,train
dbec2663091dd82a,train
dbec32c854a64019,train
dbf1e729a04cf6da,train
dbf5d64e35c278c1,train
dbf9ae8fccd0ccea,train
dbfa275f64978a0d,train
dbfc41b286f8b25a,train
dbfc4e13615c2919,train
dbfc72f68bdcca70,train
dbfc8b2a23f0d9c2,train
dbfd5c42059ae264,train
dbfe1e46ba8608bb,train
dbfe489d8bada10c,train
dbff80353098f91b,train
dc002064be301dd5,train
dc005208e39f50e3,train
dc021bde6ed4bd9c,train
dc0308d112ef12fa,train
dc03f14fcbc0fa8a,train
dc0a859aeb66dcf4,train
dc0b79f34037fa7f,train
dc0baa331a5bf5b0,train
dc117f58dd4c6daa,train
dc17b7ade5d50d38,train
dc1b03e20fe08388,train
dc1cee6d8ca14c70,train
dc1e1bc215991249,train
dc21b32b0e049e14,train
dc229a148d133353,train
dc22fc0d75037e8f,train
dc26ec2b31209271,train
dc27af85b69efa88,train
dc2ba18772aea10e,train
dc2c27522e57ed6d,train
dc2c4d5e3843d528,train
dc2d97aaa680196f,train
dc2e2f82437cfb58,train
dc2fa45601dc30b1,train
dc310b46b669a10e,train
dc347a906e172b31,train
dc3810fe3fe2eea6,train
dc390050132a9408,train
dc3c03674b132a9e,train
dc3df387bdf84f67,train
dc3fc5bfb540a9ef,train
dc40996fe02a192a,train
dc44670ce89a5ab0,train
dc4712912a4bb3ff,train
dc481606e6548e40,train
dc48a81b5f3696e6,train
dc490f3d2cf44084,train
dc4b8415575e4e83,train
dc4f9016f26b4cd1,train
dc51b02c84a082a9,train
dc5256fdc74c4c66,train
dc52a44b2b84cbd7,train
dc56bad2b05ab663,train
dc578d68dd439f2c,train
dc57d72747ad4dbe,train
dc5a42354ce794f8,train
dc5d459e6df946d3,train
dc5dcab0e8f00d99,train
dc5e9a18ab4234ec,train
dc60c47ca1c9e0f5,train
dc610cf14243e398,train
dc632087499dc998,train
dc6366953f96fbaa,train
dc68772dbe6d612e,train
dc6e1a760409ebf1,train
dc6f571b2b63c41b,train
dc70e99d557dea0e,train
dc72d2aa0da8f7da,train
dc73667d6342f584,train
dc75f3e83dea3efa,train
dc763ccb02b2bdb8,train
dc7b357999c7cbf0,train
dc7bb9c00929a477,train
dc7cfeb2834def2d,train
dc7d8394369fbb85,train
dc85015e3f557a27,train
dc870ad6510819f7,train
dc893fdbea687d73,train
dc8a2c99dba1e888,train
dc8c098783669449,train
dc8f36bf108bfefb,train
dc901d57a91ed247,train
dc90be6301f714d3,train
dc91ab630e9ddc67,train
dc940c565b7e35e8,train
dc949d0f328d0c76,train
dc95852235d93ac6,train
dc9715a86b1336d4,train
dc991361553b1394,train
dc9c337635c19cd7,train
dc9f2d063267826c,train
dc9feb6c6ea40b7e,train
dca6bd6fe885f37c,train
dca96652ae9262c3,train
dcaaf82a3448c6ee,train
dcac52b88f230fb4,train
dcb53b3dce58543d,train
dcb6a1f501aab0b9,train
dcb86413eb90bf1b,train
dcb892749e58a9b9,train
dcbd1ee10378eb86,train
dcbedb2f2537246a,train
dcbfa2f763661d01,train
dcc19db9df6b149d,train
dcc54e80a730162a,train
dcc6a54c85a7ec49,train
dcc973c670ad075b,train
dccaf5b11ceae44e,train
dcce12e3bae220db,train
dccef57563e679d7,train
dccf1effd2e908e9,train
dccf2d22fad7cfdb,train
dcd0516d05940aa3,train
dcd20a65537c52b2,train
dcd2e7655464f90e,train
dcd36a113d83bda1,train
dcd4d06e20642b04,train
dcd8b949f96a8a67,train
dcdaebbd7a9b6a6a,train
dcdc9e3a98e4c14e,train
dcded97e5c6eb97a,train
dce2a1a8649e52e1,train
dce3815d585d98a4,train
dce79ca38ff1c755,train
dcea5c040a171411,train
dceb664317f180d9,train
dced7bad297c6e4c,train
dcf5b892adfba205,train
dcf85ab9cec189ff,train
dcf9c57b51f5090d,train
dcfa023dfaa7d608,train
dcfc95e2aca6814a,train
dcfcc15f896e327d,train
dcfe78564b121884,train
dcfee8801084f94e,train
dcfef588fc6607c5,train
dcff2c3cac003c67,train
dd0074de73e7121f,train
dd0108f1c56c021b,train
dd0122656a4059a1,train
dd05d7fe06ba17f7,train
dd060a17f91350c0,train
dd11cf69c54f7c40,train
dd133cde0bcaaeac,train
dd13579d407f4832,train
dd14bff3583b00a2,train
dd15174b65d59d5f,train
dd16a66b4003c91a,train
dd1701ce817a0ede,train
dd1a387ac8380471,train
dd1be34643bd6f88,train
dd1d58fe9398262b,train
dd1dafe97cc4adeb,train
dd1dd7dbe8f0bdc4,train
dd1e74baedbf0535,train
dd1e8778aec69243,train
dd1ea9ef162ab691,train
dd2028fdc9319c8a,train
dd21aa26882d50c2,train
dd2311f825226e94,train
dd24eb8f8bdd35b3,train
dd25a21142180da0,train
dd25f30dded907bb,train
dd2a010365041912,train
dd2e307d7051c1f6,train
dd2fbe2337edeab7,train
dd321c8b51c954bc,train
dd3818f669dabbc2,train
dd38c4de94995857,train
dd3d81c6fb50bd67,train
dd46a484df86dbd7,train
dd48c65781ec4b34,train
dd4f1aa4f2eaa96a,train
dd53897608f2bf59,train
dd555c403d3d5915,train
dd55bd8793dc1447,train
dd56cb0fc44fa5e7,train
dd56d5e3834399c4,train
dd6063a48cedcb69,train
dd62fe3142da8747,train
dd643b1b6931de88,train
dd645c2e643c3599,train
dd67613ec39b1bba,train
dd6a60065ebd1d01,train
dd6d5ddc6939a483,train
dd6f17b1d022d364,train
dd71dd97cf31ff7b,train
dd738ff26e3b6d16,train
dd73c01113491b13,train
dd784947c29d3dae,train
dd79e2e6b948686a,train
dd7a63501a44c45f,train
dd7a659218aa6883,train
dd7ad8719a6103cf,train
dd7e9bd2699e8626,train
dd824ef7687ad08a,train
dd82551cd5d2e711,train
dd82fbcaf3cd1ed1,train
dd855010c21a3b46,train
dd85cddbc3c8e87c,train
dd868cfdfe5bbea6,train
dd88652d67086a52,train
dd88c6169db20a84,train
dd89fec36bc25261,train
dd8be217dd7de547,train
dd8e53ad190ac75b,train
dd9365a8f01bac08,train
dd936f9f209288db,train
dd94031757c93c1e,train
dd940bbf69986ea2,train
dd9447a76666ae4e,train
dd949dc22e142dae,train
dd94e60bf4c8d2cf,train
dd94fae9edb067d1,train
dd9547b8c9c712cb,train
dd97d6112482a7e9,train
dd989dcfe2ac3916,train
dda0b1df6bce5d24,train
dda32154cf638bfe,train
dda418c9262bac4a,train
dda47037d5fd634d,train
dda58f39318db0b7,train
dda63c59ef02f51b,train
ddad368edb114c71,train
ddae037b953e2236,train
ddb1cd8a5bc1408c,train
ddb4fcee3a1fda45,train
ddb71fc8ffcf3083,train
ddb771ee4e27f58f,train
ddb96b703ba5f11b,train
ddbcada3bf5847e7,train
ddbe4c6f19c762ee,train
ddc13fcb35b7a00f,train
ddc2f947f6d38a17,train
ddc91b176e2d8b34,train
ddc9b2188dddbfb5,train
ddcb843ac468056c,train
ddcb9ddfa52b0f72,train
ddccdb433b2c4603,train
ddd1fe195f84b82b,train
ddd290adaf18646d,train
ddd2b8fd7f90b28a,train
ddd4c4b481e5dbda,train
ddd61f658978641e,train
ddd67f1ab88bfb55,train
ddd7200218f3b91a,train
ddd8884afecaf068,train
ddd9e022bdfb37d6,train
dddb276ad431240f,train
dddb42e226edb16c,train
dddcfe52aae877a6,train
dddef2652188b556,train
dddfa8d686e22298,train
dde01063cfe16524,train
dde39b5d7440bed6,train
ddea8974681a4edf,train
ddeb7058f41bc844,train
ddebf33389a6f4dd,train
ddeda022f31960f6,train
ddefd4429e91d134,train
ddf1c4ab6a3612d6,train
ddf3da03276ea269,train
de00f7b1a91331dc,train
de016dc04aa3d4be,train
de01b597b8e7ee57,train
de02a8e22bc1a096,train
de04e22ef5136991,train
de06f00397e729a2,train
de0dc6f4905f8ca6,train
de0ddc8e5ee62a5c,train
de0ef7bc4202fbf5,train
de1080a19031a559,train
de12d850ba4a9750,train
de14852dfdf24537,train
de1b8ef29130fb99,train
de1edd0cb797e336,train
de1fb3c73cb4ee6a,train
de21a3d327ed81a7,train
de254dcf1d922b6c,train
de25da9d6647efcd,train
de2842b1d5d33f80,train
de28f2d53ca1bb7f,train
de2a598313eae7b1,train
de2aef8fc5af983c,train
de2b3fb330da0bf1,train
de2c651d5089958a,train
de2de0e6c5989ddc,train
de2fd3f3ad1041e9,train
de32c15aba24edee,train
de354d9d05cb17d7,train
de372859aadb9bef,train
de37ad5c1613864d,train
de3852381f1c3cc6,train
de39b5ca2ba6bd68,train
de3b4f00970b9ea4,train
de3d1c0182c6f751,train
de409daa86d04210,train
de46c2b27ad89bf9,train
de4aba1a5ba8d8f5,train
de4f5fecdcb35684,train
de531acedd81096a,train
de56af2e99033166,train
de597e94f9b55c4b,train
de5a65987b14f54d,train
de5a6f3eb1a3a7d6,train
de5c150880803d9f,train
de5daba16117e3bc,train
de608a91809cb7e5,train
de63b04f54d0cd47,train
de647316e26814e9,train
de6679fbbabfd7ad,train
de66b06528714a07,train
de672fb46f723e46,train
de69975646249f47,train
de6a7b8c65311134,train
de6f02cc140fadd7,train
de6f8e80aedf3aa3,train
de722402724b1893,train
de7429bd9ef487c8,train
de755596a7e68855,train
de76a0fc9a0f0f76,train
de7930cfc7f454bd,train
de8320884c59a85f,train
de8557a084ae5ab7,train
de8a858840656a64,train
de8dcb9b69ed5521,train
de92facd9d0ffa99,train
de956dd09e5ac6ca,train
de981b7036712930,train
de99c49467c95a70,train
de9a2baed48e9fd0,train
de9af8dd72c37b30,train
de9bf053c4611f6b,train
de9cfd20b3eeda53,train
dea074d844b2d7ae,train
dea2fe1618fb5778,train
dea44c8b59c0954c,train
dea66360f3181836,train
dea7b73ed75ed2d1,train
dea9c9b55daf27f2,train
dea9cda4cf909804,train
deb0763aba3a7a92,train
deb1b247bac69666,train
deb259e99662aeee,train
deb75de2ca81842a,train
debdbb74debda7ac,train
debdca68fdf1c312,train
debdf779c48758de,train
dec0d449ac292bea,train
dec15dc42e197eaf,train
dec27295c2ce24da,train
dec2ec83cb32d659,train
dec48e81409d58b4,train
deccff5bcb481260,train
decde03a19453c2e,train
deced9f55ad9b874,train
ded05e5c1838c2ee,train
ded0f718359601ec,train
ded4b72452e2e607,train
deda31578f3b36e5,train
dee5f60bf4dbec29,train
dee6a7ab9ce6f670,train
dee779f6c41203ef,train
deeccee84e9d7e7e,train
deee6e6561c1c313,train
deee97972727a63c,train
def2ca7933128781,train
def5d2b6a2904f14,train
def683af4c525ddb,train
def6ddb405398305,train
def79d25413baa20,train
def80ed24443790b,train
def8dadfa264cb4f,train
def982e7c3fbff7d,train
defb4fd62b70aa68,train
deff32cdaae505f2,train
df00c9e4d9cf8001,train
df0acb12e54028b3,train
df0c0fd501d671aa,train
df0c2d8a5b59fcc1,train
df0cb30c481ae2b9,train
df0cd1e14ba304dd,train
df0d514338e6e792,train
df0fc47b804daeaf,train
df1633a9a96cce4c,train
df171745bceee315,train
df1b62e4b220c533,train
df1c1e0b6d0d2962,train
df1cfaa3919f13ab,train
df1df88aa3f0e6f1,train
df1e056700ffd84a,train
df2249b15e8ef981,train
df2447a169c66871,train
df24901054152eb6,train
df2fd50f9cf8655c,train
df301f6c1786cc28,train
df310dc2686cdceb,train
df31f7a3e151c2f8,train
df3220cd31f7876f,train
df33006278ecfddf,train
df33e43f3447e57f,train
df3405d51d7e563c,train
df345fc1687d1d83,train
df351a5fb1d7ad0b,train
df36d0c155b20b35,train
df3702b9e5787ce9,train
df3847ea0a225452,train
df3a269d0c165fc2,train
df3b8c22d6298731,train
df3c87886b7904ad,train
df3e39ac7bbe6b64,train
df41c04ae49fc9aa,train
df41f9c356eb8e0c,train
df42bb0c3beefcb3,train
df42e65c3f7ed04b,train
df493e5a13475152,train
df495cbb814f3650,train
df4a40556b29d960,train
df4b86cf82a81b71,train
df5122be71b2f865,train
df5529db135a3d8b,train
df57cf0d975387fc,train
df581ef0915f4972,train
df58bca17172bc0c,train
df591ab4b95bb80c,train
df5bb9490955ff74,train
df5c4842d093306e,train
df5d806281f45af7,train
df5db5e177e97b5a,train
df5f554068d48c69,train
df6327530c7b0da6,train
df632e57b4a74bf3,train
df64bfa8668a24e3,train
df6645696b6b6cf5,train
df6a9b7f5d4a2091,train
df6d18f5ea2c1849,train
df70af4996c14de7,train
df73f43dbc1e120d,train
df75843f11266f28,train
df766be67d76b6c2,train
df778db66c28c337,train
df796b8608144759,train
df7cbb258dc74968,train
df7d3964a9b909bb,train
df7d8749bb82736a,train
df7e77b81c75109a,train
df7ffac0fe955537,train
df832c66977874fe,train
df8478b1debcdf24,train
df8d8d962e081e49,train
df9038013e6e5cd3,train
df9254c4a812a3d2,train
df9370138246d1ee,train
df93efc1994b5754,train
df96adb167c49346,train
df97e5bbca74b544,train
df9a27388cfb83b8,train
df9bff15092df0f3,train
dfa45c58baf8012d,train
dfa46dce67555e1c,train
dfa620c694c1f6d9,train
dfa693643e3de7dd,train
dfa6f7f0b4c75dcf,train
dfb56025cf0ba600,train
dfb5722d9b65886d,train
dfb74e39ef027ac1,train
dfb7d4e3df998178,train
dfba02a9efca2daa,train
dfbd2b8e8502f66b,train
dfbdd9446be9c728,train
dfbe77bb87d964d1,train
dfc11a212241ef4a,train
dfc62a35d645dc93,train
dfc63bbaa3320d11,train
dfc8cdaa435d3920,train
dfc8db65af5cea0b,train
dfc974541a42c764,train
dfcc0f00f37b083a,train
dfcdc02a78ae973d,train
dfcecfeb97e58342,train
dfcedb50555e16dd,train
dfd1e52bff9659c3,train
dfd1f013bf1d5658,train
dfd23b789f14d47e,train
dfd3a4b107e3af84,train
dfd6cb5a1438a9fc,train
dfd720b396b99662,train
dfd9fdab6767c7fc,train
dfddd5cc4d53c6ea,train
dfde0e84a6046b68,train
dfdf03455ff32bf1,train
dfe15cad2ae76093,train
dfe2bd9ec2b63318,train
dfe39bc7e6204660,train
dfe5cf2f5023c89e,train
dfe908f3f6779405,train
dfe908f3f6779405-2,train
dfea92ed670ce1bf,train
dfeae23d0ce657c3,train
dfeb4eac5cb80149,train
dfefae230da8abb6,train
dff14498c7215af7,train
dff1ec861a3ee224,train
dff1f3e72baa1efb,train
dff33d7f4cc877f9,train
dff540d242779f74,train
dff7be4a85b1c068,train
dff8448c13cea647,train
dffe6379153b25f3,train
dffefc5dda7e6b09,train
e0008f632fe48335,train
e000a0f4618c3bdd,train
e002681a261c16f9,train
e004123128c060e4,train
e00548bb2a3dd8ec,train
e007c9dc2b73a0fb,train
e008b9903a26667a,train
e00d7bd8deb8109d,train
e00de9287d1bab85,train
e0130566f3e4c794,train
e014fc4c34d673d2,train
e017e761ff418b94,train
e0199b36f00bafb5,train
e01d15bc7a5b37d0,train
e01e6643339fc82a,train
e020ff3fe0581b73,train
e02278f58aad86a6,train
e0300854f3f67670,train
e030f9e3f91813f0,train
e03a3719ecce8838,train
e03ce0cc1949860e,train
e03de19c775425dd,train
e03e35f2231db247,train
e0400f81f5cd799b,train
e040813036d7843f,train
e048f7c7a512ca94,train
e0494c9685978429,train
e04a3332ea6186dc,train
e04a37fdfe86fcc7,train
e04a67dfe3d817d0,train
e04b206a01a92b59,train
e04f106a07702fd9,train
e04f6d6bf56e0780,train
e051d25f92116dee,train
e0526118bc138481,train
e0533c787fa2c5b4,train
e05b188049c20f6c,train
e05e59682cefc688,train
e0606ab074ebb2ef,train
e0627325beb297de,train
e063e5687ce1f405,train
e0682681763e609c,train
e06c11842ad50c57,train
e070c1a9cbf001ea,train
e0726c76fffbfef6,train
e073bd435220cf51,train
e0754d4d0c0bc7a7,train
e076552032df7fa6,train
e078fba17c4c6df5,train
e07912825dcc3146,train
e07d3e1fd4f10f55,train
e07e43ad455157d4,train
e0802778468b462b,train
e085a512052ef807,train
e08b7d52816a5436,train
e08e9586548497d8,train
e08f80b5113bbf42,train
e08f9dd5ecd7ac79,train
e09130f6a306ecad,train
e09560c02f88d561,train
e096f6769d78af1a,train
e09a9607388b57c0,train
e09b1fd678e78355,train
e09d8010ce0aaf85,train
e09d80fafe6903c7,train
e09f7aa7a84becdf,train
e0a02678f5dd59d3,train
e0a2a43c51cdafbd,train
e0aa0d2ece9c1c1d,train
e0ac30023115daa6,train
e0ad2f6bb477b347,train
e0aec23d892219df,train
e0b0740218bd52dd,train
e0b0d571517fdb4c,train
e0b126d712dd8593,train
e0b1cba34452027b,train
e0b1d5d472933d98,train
e0b587d013e7be65,train
e0b94ce4a4df23e4,train
e0ba2ed3e503bc24,train
e0bdf6217a48154c,train
e0c10e40cbd112ba,train
e0c21c5f34122025,train
e0c3f17b5191ba1f,train
e0c60f4b1a4c3f1e,train
e0ca9ae630d6e494,train
e0d0c695b7b82b20,train
e0d27caada95bb2f,train
e0d41bfa3da908bd,train
e0d5413545b728fe,train
e0d62f4cb61759fb,train
e0d6b9f7ced671ee,train
e0d75f675bbcaebf,train
e0d7ec62435be26f,train
e0db64ce9208755b,train
e0db709050434a9b,train
e0dc486d99215923,train
e0de01577f234ee0,train
e0de26fa9368e88e,train
e0e32b56cba0aded,train
e0e52651cfccd9a6,train
e0e7b3d5a987bebc,train
e0ea17d2fc76dc9b,train
e0eade4c8ae31a8e,train
e0ee22efb125ece1,train
e0f5a3e53b55a5d3,train
e0f78ddc71ddbd88,train
e0f8830c984a5996,train
e0fb4dbbfef53aaa,train
e0fd2e2d4022a414,train
e10247842e256f51,train
e10373fbebb4ae06,train
e1047db051a75e57,train
e1063993633a335f,train
e1081cdbeb8d2036,train
e10825c8e34c22ff,train
e108fc36bd9a8442,train
e109ea4d78449f7d,train
e10e4970156b4d6f,train
e10e8d99d3ae5937,train
e113765a53cf34df,train
e11471ce2551d1f5,train
e1157f6ff1e9577e,train
e126cb51b85e1f2b,train
e1271745418e6bd2,train
e12a0e3b66ecd8ca,train
e12ad4526b2e2b4e,train
e12d0868b09a0b9f,train
e12f78d0fbad9848,train
e130c12edfa5f29f,train
e13386d4521ab1da,train
e1376af5d7d8f5a8,train
e13ac8246bd63be7,train
e13cd7836dce40f1,train
e13d62ca89dc7be3,train
e13efb0598a879eb,train
e14015ed9c508b6d,train
e143f67fb8ae176b,train
e149621b11d0208b,train
e14a100e7fef2eeb,train
e14afb02a3583e23,train
e14bfecc754b612b,train
e14d1e988504b94a,train
e14dc7210e0b9165,train
e15027db20151458,train
e151bea902749ff3,train
e151e499860e7326,train
e156673230a9a2b1,train
e157c959668cdf3e,train
e159ccc14017504a,train
e15afde3996f2a08,train
e15dbe03eccb1beb,train
e16160182ad070e5,train
e161a253ff6c0ed6,train
e162ebb53f5dea40,train
e16377095ca018c6,train
e1647a44a5e24ccf,train
e16524a33f72b596,train
e165d5478955e507,train
e16a5445bec3433c,train
e16bd652708c30c8,train
e16dbb1375d0d910,train
e16e1f828e702872,train
e1702bd5a07b4473,train
e1705bec36f0a43e,train
e17192810ae5e890,train
e17192810ae5e890-2,train
e17426d8fb823185,train
e17429e38ba70a18,train
e1745edc8cd9b825,train
e1780dbdba013730,train
e17c2f439ad3e181,train
e17cbb6f766bf022,train
e17d8bc4035fc66d,train
e17e1f72a4b3c482,train
e184737fb2228fad,train
e184bcbab317b066,train
e1851416d6135375,train
e187932f1e46175b,train
e1885642e6851e05,train
e189bc000d48bf0c,train
e18ab4b8be6d72cc,train
e18c1ae4b4c7940e,train
e18cb82b17f057df,train
e18cc3d3f4f4e870,train
e18f11ba67300e47,train
e18f56dbeb232b63,train
e18f97f11c96d591,train
e191df0f67928663,train
e1938d9c7196ba64,train
e1942aa08a25710c,train
e1995730eea896b5,train
e19958b96eabd349,train
e19b6634481a8144,train
e19bd086e1f5a3a1,train
e19cdaffeed749ff,train
e19e6b60c0590da6,train
e1a069531710aa16,train
e1a1242e873a8787,train
e1abb105451ac636,train
e1ad948e86ff5f55,train
e1b6673dd568b039,train
e1b67111b8055b24,train
e1b75df54ae18507,train
e1b97dea06c83f73,train
e1b9b9080ec36f70,train
e1b9f30aaf5a02b7,train
e1bb6deddfb68847,train
e1bd20fd844634a3,train
e1bd77d4f4f314cc,train
e1bef622f63ccafb,train
e1c02a3badc24c57,train
e1c08fdfb778217b,train
e1c23fde6dc1c9c4,train
e1c3a3939eb13422,train
e1c3a9560e6adc68,train
e1c6377fe24a68e5,train
e1c882c806be1357,train
e1c9203015cfa684,train
e1ca59650b840c5a,train
e1cb7cf00ff100e5,train
e1cbceecea9362e5,train
e1ccf28140765c33,train
e1cea9ecd3c02ca7,train
e1d388f8d9a8e08b,train
e1d4b97aad065001,train
e1d842fb27b912f6,train
e1d9b6700975e476,train
e1db2d31b47d1dab,train
e1dcc51423567723,train
e1ddedb6cd4bc94e,train
e1defa33d5b2242f,train
e1dfa7dde77a746c,train
e1e0c796e81d3185,train
e1e301ac941d1742,train
e1e4a1decf3110b8,train
e1e4ace30244ac50,train
e1e71fdef28b3adc,train
e1e74f4ba78d4e25,train
e1e854f359143e6d,train
e1e9091218f56195,train
e1eaeb2793fdd461,train
e1ed14b835a13efc,train
e1ed64efce5d3a47,train
e1f066ad23553c8c,train
e1f1e0b39a9673a4,train
e1f4d811676b67fa,train
e1f6168bf03ae306,train
e1f85615bdfeedfc,train
e201e1f9cd3a3f51,train
e20303b871d326bc,train
e204e1ac61ac04b9,train
e205b4f6bcc42584,train
e205c8576b4d8612,train
e205fd6bf98d81ec,train
e206df900066c198,train
e206df900066c198-2,train
e208e72c1ddec870,train
e20b2701059b677f,train
e20d1cac1330807b,train
e20ee1e7d741e0ee,train
e20ff5675f29efbb,train
e210b435e147c063,train
e21ac87e974e6ae3,train
e21bd80be52817ad,train
e21dbef6e731b7e0,train
e222826ed79188b0,train
e22310d07631064a,train
e223c4bff6f05ad3,train
e227355bc5f7c979,train
e22dda108cf45c07,train
e230fa19ef09eb5a,train
e2327fda3695c9a4,train
e2332b3381131d33,train
e23495dd63afb299,train
e238efd59383a846,train
e239023224440a75,train
e239c0752279bc23,train
e239eb1c10a0f787,train
e23b930f31321193,train
e23c9b9ad2453690,train
e23ed388c494de1d,train
e24110d9d314da27,train
e24110d9d314da27-2,train
e2412a72b217dcf1,train
e243017c4c331d76,train
e243f1dc01b95558,train
e249dc37838a70ed,train
e24b36224a2aa061,train
e24fb6615f0dc7bf,train
e254a12e436d1fcb,train
e2563e79977e8d17,train
e25eea1d936150fb,train
e261517cc18f802c,train
e261c8b2d6fffed5,train
e269a4096ed25f26,train
e269d7c6c5edb634,train
e26b72940e3da274,train
e26bd2c352a1ca29,train
e26cd5bac953776b,train
e26e379608e73e4b,train
e273da095dd9e299,train
e273eb50a461bf20,train
e2743ce8923f5e76,train
e2760136741fdff0,train
e276c9f800852d9e,train
e2788c7b2e15569f,train
e27bdf7ac0a87575,train
e27c553e65c073ee,train
e27f227b71aa63c7,train
e28074fd410ae847,train
e2810ecfebd9bb4a,train
e281e3f12a267722,train
e282eecec7326816,train
e283edfe0756ca2a,train
e28445988a8acf6a,train
e284dd3f0c81f3ad,train
e28a26bce446c163,train
e28b76865ad094c3,train
e28c213416e2e001,train
e28e3a8f56f52ef1,train
e291c162fb26ffba,train
e292a828c74c5857,train
e29554a1e4111d14,train
e295de49b9b4a952,train
e296d030686a3c43,train
e296e7f558c05d11,train
e299c4a7afbe6355,train
e29b0a3b3314792f,train
e29dfd46239c7c54,train
e29f709fbb9e945b,train
e29f9f1e2982e2d6,train
e29fa03aa0ec55da,train
e2a4196b98ec69b8,train
e2a9abd334f06468,train
e2ab459b1b74bcc9,train
e2abc78f4690e98b,train
e2abe4668b1cfcf7,train
e2ad28c765a2e3c8,train
e2ada9da083948eb,train
e2af02e497b4ce1e,train
e2b4eba3e06db687,train
e2b595f3488f71d5,train
e2b77bd2592b5c2a,train
e2b9c04b326484aa,train
e2ba9aa4b05e4985,train
e2bc8d290426ea57,train
e2bda75328c2526c,train
e2bf360a229c12a9,train
e2c24d58a0702146,train
e2c6948653a3933a,train
e2c89f0222d737e1,train
e2cb1e1aed6d5cda,train
e2cdeca54af38a20,train
e2cf891a2817180f,train
e2cffb85bb44f7ab,train
e2d112b8e012c946,train
e2d34df8b1a6f69d,train
e2d4559f2f14188e,train
e2d7989a64377845,train
e2df73b41bd39ca2,train
e2e3b6e008df6f43,train
e2e7ce67a5213ce8,train
e2f316a0743d2477,train
e2f331fd10b8a624,train
e2f7ab215d4c8763,train
e2f7fcd20192918a,train
e2fa2329327c97b9,train
e2facbdd1d6c4a01,train
e2fb372784bedc1a,train
e2fb464a5c4fbc69,train
e2fb8212150f0658,train
e2fc2b26b10b5fd3,train
e2fe68ffd7fb7463,train
e2fe7deac5fc6ece,train
e301cdd0deb95a8a,train
e30561f9086b8e45,train
e305743d513c0028,train
e306e35884c996b9,train
e3093d2debb32482,train
e30c5aaa3f91be45,train
e30ce9d2996afd75,train
e30db11cad6241bc,train
e31394a132ffcba6,train
e314473da8d5c00b,train
e3170520c1f774aa,train
e3189f4e900250a7,train
e31a4d0c7af17271,train
e3202994e6390f80,train
e32441ec3e7d167c,train
e324b52b6c1ab82b,train
e32964f227c40d9d,train
e333c413f62c5da9,train
e3345a8984ec74d3,train
e336a7568edae6d9,train
e33701a297222821,train
e33845f05c5e9703,train
e339aaf5c84e8d1e,train
e33c9764c5a917ba,train
e33d70d2b91c3a22,train
e34014c535ac42b9,train
e34119ba7b6722f4,train
e343f681f5be9c51,train
e3450557761ffa7f,train
e34b120e8b2b029a,train
e34b120e8b2b029a-2,train
e34d49794562d726,train
e35017dbb7d6ee98,train
e35242fab4098ffe,train
e359043930dc40f3,train
e35aecc83549eb24,train
e35cf6f6a936d961,train
e35dd40590eadf13,train
e35fa0fc4e1e170f,train
e3607384778cd3fb,train
e363af9a029f78f8,train
e364db7516b17375,train
e36a964984fdce08,train
e36bbea11ba9896f,train
e373e46c79e7a0d8,train
e376191c65e82908,train
e376e807b2dba67c,train
e377a9a3ff3a9d01,train
e377e30f75925868,train
e37ee1cdba8bb73b,train
e3853e81b2bae813,train
e3873cbbc61ef497,train
e38801db3abad5f0,train
e38af0e15d1ded03,train
e38d78b08e83be38,train
e38e90d810daad53,train
e38ec8ee2347152e,train
e39007e579452925,train
e39100383709259c,train
e3928c36f0470813,train
e393bce376e8eb8c,train
e3992fbb74c6c787,train
e39c1d8f69b26276,train
e3a1710bc4bbe249,train
e3a1a13ba7e31457,train
e3a2a47682030e34,train
e3a39466b2fab6ee,train
e3a39829df5b116c,train
e3a5a537e3c72811,train
e3a5bae84ee11a00,train
e3a60f4a8877fcdd,train
e3a705e23b730066,train
e3a9824fa429f6ee,train
e3afbbbf7a9a6cd9,train
e3b1a77c7206dcbc,train
e3b1bdb9c68fea00,train
e3b1c64b8ee61cc8,train
e3ba266e2d70f9bc,train
e3bafffa208bd1ae,train
e3bc94982245a671,train
e3bdff95b8fcc7a0,train
e3bfd10c7e3d60d6,train
e3cc4f9612eb3e07,train
e3ccdb41f56f177b,train
e3ccff4835224c8c,train
e3cd792279dfda54,train
e3ceac01c42577e8,train
e3d0efc0dc4dada7,train
e3d55915f3800585,train
e3d5deae5213a129,train
e3da827c79765b5e,train
e3de12abfe8abcb6,train
e3df4dd8c6e6a4f0,train
e3e0c844801d0b40,train
e3e3099f7b1a90e0,train
e3e839c955d8e23c,train
e3e9097e8e420902,train
e3ebd10bf63cf393,train
e3eda0194fa2aefe,train
e3efd762f6013335,train
e3f28f3028ae8942,train
e3f76f8c6fc456a8,train
e3f9d56ace883509,train
e3fa660df659e808,train
e3fa95e34bb934e4,train
e3fad05e45467220,train
e3fd05f24e565169,train
e3fe7d3e426f33cc,train
e3ff8589533969da,train
e4040284016d7571,train
e40809247c730819,train
e40e4c1a7bb0ab10,train
e40fa5b183dcf3f6,train
e410adfab7243323,train
e411d28868c9ab9e,train
e411d9230c618621,train
e414992ba49c65db,train
e416a7cc14cb132d,train
e417584b51dc4279,train
e41d0049961d92e4,train
e424e5021353bd6a,train
e429141cdf144a7a,train
e4291be421fbca95,train
e42a8fea74d1854c,train
e42bf0fdef2452ab,train
e42d25568ca053ec,train
e432aa745b172f38,train
e432cbd4fd34a74e,train
e4345f5830701b2b,train
e435ae14e9a5a540,train
e437cc742552ad93,train
e4394dedf75611e3,train
e43e6b11bf9e87cf,train
e43ee70b0bd7b431,train
e446f752a4e79534,train
e44b0176ee3bca3d,train
e44d1f6e462ff69e,train
e44e0d41634ac0d0,train
e457220e7e3dd166,train
e45886645ac3de45,train
e45a7eec1b95edc9,train
e45b6d08f9c4d9e3,train
e45d3ceb992275d9,train
e45e03f39ca56f67,train
e4600a419c16033a,train
e46102754e0080fa,train
e461ad34ee8d1566,train
e464b143cf2d3369,train
e46570e97240ed88,train
e468c50aec2ff715,train
e46bb90163038cf8,train
e46e5509ed0a7151,train
e46eccbeb6d2ff08,train
e46ee0b82b37092d,train
e4700f1928ccb82b,train
e471a8f47f8dbbfd,train
e4747ebb2f6b34c3,train
e478c847e7cdce58,train
e47b8d9fda77e1f6,train
e47cba21d5640a84,train
e47e039c6fa9d1a8,train
e481caf8359a692c,train
e483ab1eff0ffa59,train
e48466a2bf99c93c,train
e489862018780264,train
e48ba5cf85a8ac24,train
e48e04adbf322910,train
e48efc72dc659801,train
e48f9c24db748b3f,train
e48ff2b07ae4936a,train
e4910aed83ec4838,train
e491d2208c389da7,train
e493376842d66018,train
e493de33601dc937,train
e493f8e1667a0793,train
e4940e35bccd60cb,train
e497dae7907f8a42,train
e498520e7f1498c1,train
e4a11b9a6c62eaa8,train
e4a659611d48cc00,train
e4a77c29fc1c81da,train
e4a804216c5715bb,train
e4aa9fcf2031b652,train
e4ae2719aae51bb6,train
e4afb10e4283a580,train
e4b36b889aa2440e,train
e4b44b13e6ee05a5,train
e4b65a465c006f29,train
e4b6a6d67b23097f,train
e4c0bb9d97539eba,train
e4c156632b969116,train
e4c1dbb638b3461e,train
e4c6264960e6a803,train
e4c69ba997276c9f,train
e4c98434693792a1,train
e4c9f9bdb8a381a7,train
e4cb0bb7e533eb3d,train
e4cc5fe91ae8f255,train
e4cf307c44a4ae2e,train
e4d045bf87a51d96,train
e4d39d1b5bcc7138,train
e4d44b3550a2434b,train
e4d89cdc47d3f1d0,train
e4d9fc67aca23753,train
e4db3c7bc413eb7b,train
e4dca28fbb92321c,train
e4dedb952356773a,train
e4dfd04db62c27f5,train
e4e0934f4544edb4,train
e4e2075bf919ee4d,train
e4e227417a826231,train
e4e3bdd9731d0316,train
e4e4e55daf5628a2,train
e4ed1795c09b9e9f,train
e4ed6241f9b55636,train
e4f01421fef5fe0b,train
e4f0525742e75b6a,train
e4f2389675b81be5,train
e4f255dca2a60181,train
e4f2b348a0e50624,train
e4f2f5551cb36f23,train
e4f36f905a49eecb,train
e4f629706f1519cb,train
e4f713b6449a4621,train
e4f8cc3dff1d8604,train
e4f9966bf84ec68e,train
e4f9b15905380573,train
e4f9d453633c8c5f,train
e4fa3b92ca1f6da8,train
e4fb67d4f3be5794,train
e4fdebd995a837be,train
e5017c6eb63b7323,train
e501b9abb937d046,train
e502b5f7f302658b,train
e504bf644e6ef448,train
e506645e6b9773e9,train
e508f83906cb43b6,train
e50f23c92bef941e,train
e511bb1c9831ebb5,train
e5144c552f1fc951,train
e517e99f1ce120cd,train
e518e42dccc2dd7a,train
e51d2639bbc0dc82,train
e51f5e42126c53ca,train
e52140d9d18421ab,train
e52366d425c0943c,train
e524407314bcbccc,train
e5246c3c87174999,train
e529da055044a2f7,train
e52ad3f066ccecd5,train
e52db48ef35d7f72,train
e52ec2fdb8906377,train
e52f717152f559b8,train
e530022ba9f5a75e,train
e530c54c7c1442f8,train
e53773ab158735c5,train
e5394fa07af295bb,train
e53a1aae0be422c9,train
e53f1154efeef166,train
e5405c940c159e46,train
e5444d46d797a8d0,train
e544bdf20e9ab26d,train
e54589d9bdfcffb8,train
e5460faa4f87f142,train
e54d2b9db6904868,train
e54d6459b01bc9e0,train
e54e2843ed155a4f,train
e550de8643a47837,train
e5527bdbe8a8240c,train
e5547f6633893e28,train
e554c2e08f08bbd7,train
e555bcdfe3e1be1c,train
e5575f580ad14607,train
e5576928474fcd55,train
e559860e3097880f,train
e55bfefe8199a49d,train
e561aeea08ea9b08,train
e562d0f8f6496252,train
e565116e01a93894,train
e5657509bf7813fa,train
e56721663e8eabfd,train
e56b6322c9347534,train
e56bfd06ec322c75,train
e5714a22b3d728d8,train
e5723072c8e28b2d,train
e57477c785c902e2,train
e57541a5fa69207e,train
e575fb425d15064a,train
e577045e25ddca62,train
e57920ca28ff9ceb,train
e57a66cda200758b,train
e57b186253ad0063,train
e57cb8fa85fdef27,train
e57ebbbfbee3a019,train
e58003803afb5cf4,train
e580ee02ec642fc6,train
e586182643eef4c7,train
e586c861db0b7127,train
e5871bfc905cd37d,train
e589391165007b6d,train
e589b9f0e8ef48ea,train
e58ec6b82dc93164,train
e58ff55918db13b9,train
e590403f043b6277,train
e5904d074bd4007b,train
e59356321c438460,train
e596650b7891c0d2,train
e5a15ce735c228fb,train
e5a59d50b4e95c72,train
e5ad78ae074d6e4f,train
e5afb5d747980cc9,train
e5b3764754c116f6,train
e5b442d8ec43e1b7,train
e5b49472cbdc5490,train
e5b503f993f66948,train
e5b8b82fbc3e7b58,train
e5bae5f22eb9142d,train
e5bef23201036772,train
e5c6f8df251960f0,train
e5ca356380971c13,train
e5cdc645ba923f7f,train
e5ce14a4c2555d91,train
e5cffb20ef73f152,train
e5d2c148b80733a3,train
e5d37a919ffd34c8,train
e5d51917a6db066c,train
e5da4a8fb1f2b997,train
e5db049f38cd86a6,train
e5db72a7d0787a60,train
e5ddabdde74f4e1f,train
e5df5ed10fa63653,train
e5e056a3a308fe6c,train
e5e18508eb341fb2,train
e5e33f8336e8c3e1,train
e5e4082e124b9da7,train
e5e42b9c870b1161,train
e5e4946cefd89dc1,train
e5e53bdc737b107c,train
e5eff7adc95bbaff,train
e5f072a08fc215b3,train
e5f1eb942efcbe9f,train
e5f2b6a47db7ee93,train
e5f4d688f020fe6e,train
e5f55885ef52d727,train
e5f6d743d04b789f,train
e5f6dbbe0262537c,train
e5f77022f394ae5c,train
e5f91c22e81d9b1c,train
e5fc9b47a63a1463,train
e6003d5e7c617ba5,train
e6015455b348e8eb,train
e6015a4e25901078,train
e601853ccdbd7658,train
e6022ad836eac892,train
e603bc4411cb9d3f,train
e606e475525f3fdf,train
e606e475525f3fdf-2,train
e60874375835a8d9,train
e609f05e4c2caa42,train
e60f471e922dde88,train
e611601c0a2e5073,train
e612286591a6c7c0,train
e613549b12828877,train
e613d05328dc61eb,train
e614056e5e3914bf,train
e6156b86d292c04b,train
e615725a3cd43bf0,train
e615c84f0efe79c2,train
e6169560e322bb83,train
e61810568cbf02f6,train
e619d6660ea4b303,train
e61b7b8eb3acc67f,train
e61e5a89ee276ddf,train
e62072614cb22d53,train
e621ef60effb2cf5,train
e621feaef8fa3778,train
e622d6693f9046da,train
e624d9e01b2e8c87,train
e625b760b9ab0233,train
e626c2a81ed55c4c,train
e62733e3a1872b3e,train
e62b8b6540a063af,train
e633ff26e1128551,train
e636fad0f676ce71,train
e6381ca477bc91d5,train
e63f5c40a86115b8,train
e64409ac6a0a77c8,train
e644102d9fe062df,train
e64413ef88979607,train
e646d3fe392af1a7,train
e64813f7466f2860,train
e649438a9355e9eb,train
e64a30771d42df08,train
e64ae51cb2f797e9,train
e64ded77e2aeeffb,train
e64f1252eaa5ed2d,train
e650913a1259053b,train
e6518c9e4e2a05bc,train
e6596a6c9d59e5dc,train
e65a8a71ea5894e0,train
e65cf6f03b8c3d4d,train
e66082a88cfbd18e,train
e661fdab7422f540,train
e664495e502b768b,train
e6651919ecb29437,train
e6672ce41fc27edf,train
e66806c1f99c2dc4,train
e6686009a83dc968,train
e669066a281e3f97,train
e66a33c572db8e15,train
e66f5f5e99cbe781,train
e66f6a6d69fca329,train
e66f8237c0ea6dd3,train
e671d05047655259,train
e6755c1e8e16a1b7,train
e67752602316b72e,train
e6778600d23d2c9a,train
e6787eeee8fa547f,train
e678f0b0360443fc,train
e67a5108c2cbf830,train
e67b0de558f7793c,train
e67d0fe3bc169881,train
e67f9d31ff2d351b,train
e680dbbafd1cb3d6,train
e68126fc6fd235f1,train
e6818d4f3b6b655d,train
e681b7c789fafc9a,train
e683667d4a9ca2aa,train
e684ac43f9165a85,train
e686b8891d17a0b6,train
e6881f7f2142e957,train
e68cfd4f44fd0444,train
e68dc88ec6997239,train
e692e75ca07b673e,train
e6a292f696df86b6,train
e6a5b008f4da9e8b,train
e6a62a1db8618abd,train
e6a7d301eaad0bd0,train
e6a81f824849b571,train
e6a94de7c3184402,train
e6a94de7c3184402-2,train
e6ac8896d7966613,train
e6aeb7ccd7476c67,train
e6b5411972807145,train
e6b778fcec8a3e72,train
e6b8bac1fd86f130,train
e6bf463eb8c934ae,train
e6bf7542be6978e6,train
e6c0544715308cea,train
e6c199eedb38263f,train
e6c503ad0bc1c03c,train
e6c545aa5449b03b,train
e6c66e483efcae69,train
e6c6d034159a1ca8,train
e6c7c397cefa589b,train
e6c7c397cefa589b-2,train
e6c83a1222b56447,train
e6c862267b8bdbe9,train
e6c8aff6e296b97a,train
e6cbafe5411f72e0,train
e6cd7e306f62e9ca,train
e6cd7e306f62e9ca-2,train
e6d022352396c3c9,train
e6d11594e224308b,train
e6d13dcfd29de658,train
e6d32aec78208783,train
e6d33b1eb238912a,train
e6d40729b8b762d8,train
e6d47dbf19456a65,train
e6d623b7fe511a6e,train
e6df09ad849800fb,train
e6dfd3947873b0a7,train
e6e0ef58ff77f51f,train
e6e3c5f7366f25aa,train
e6e3e0b745d11e1e,train
e6e444dcf6ec2cdc,train
e6e5dc853c2ad675,train
e6e840604d093c4b,train
e6ebbf8e962f6bad,train
e6ecf8012f056159,train
e6f2e37579988024,train
e6f44f4ee630ce7d,train
e6f93d7943c9e49a,train
e6fd2e8e5b25e7e3,train
e7011bbec3c2c133,train
e7022257e249065a,train
e703a34c57e7dfd9,train
e704c7777168f5e0,train
e7077ed3b02e7635,train
e70964f62ba51b93,train
e70d5042dd88cda6,train
e70d85edc4267c10,train
e70fe1df415b02f9,train
e712831166b04153,train
e71409a37055539a,train
e7142ef9d4cdb372,train
e7145926b5f3daa4,train
e7163fbbb461f992,train
e71926329eb396bf,train
e71a054ee82c8190,train
e71aca3a788465cd,train
e71f46223dbe30ae,train
e7245cf442e8567a,train
e72501f13e2e9d45,train
e72625978c878ef4,train
e726856eb9209f0e,train
e727af764f9cc787,train
e727ea9eeb5dd686,train
e72cf51f5cc4a432,train
e72d8192d9ce0aa2,train
e730a3490322b546,train
e730b3300c762007,train
e7324747f6929df6,train
e734102f4bfbaa41,train
e735663251db9acf,train
e7393c3045b2af5b,train
e73a248e7e0b484a,train
e73af7438b651b21,train
e73d57f7a70f5c65,train
e73e54edc2f22dfa,train
e73e5c6b89a430c9,train
e74072d7da209306,train
e74074b9600553d2,train
e741d155f7ce6099,train
e74342b06fe5be20,train
e7435c162a3b467d,train
e7449519047f4a6b,train
e74660448171b664,train
e746d6abacf0227e,train
e747c03ae5ab26b8,train
e747f4493bf6445c,train
e7482a69a2348c1f,train
e74f8dd44ef65b7a,train
e75125a155110828,train
e751cd777558f5a0,train
e75274cd5a4ad278,train
e753552cfc770a2e,train
e758aab95d8dd235,train
e75a98722708c303,train
e75ad893a4f7ada6,train
e75d7cc7276905bd,train
e76255f33dd88c0b,train
e762f6d2b043cd21,train
e764a01b0f044689,train
e766ba62e975fdd3,train
e76e29ed2c151645,train
e76e3ca736da9c23,train
e76f287ebf1e025b,train
e7721d53b045f5e0,train
e7722dd12c444dc9,train
e772e8a60d916902,train
e77337be35bb8319,train
e777237acc8a8341,train
e779b9d3bdbe6bd0,train
e77a170c789c723c,train
e77bae0e87084a40,train
e77c3289e7e2c194,train
e77c5969a2608a27,train
e77e7b8e7cbec00a,train
e77fbafed3aabb60,train
e7884bede467c546,train
e78ad9117f8bc83b,train
e78bdf5953fa13a9,train
e78cc1c16941d8f8,train
e78d2ab431d5d216,train
e7948100b9eb9981,train
e7958932d769f23a,train
e7994a3f88574d16,train
e7994c4409e3ce84,train
e79957e4674f3834,train
e79bab61c6fdec78,train
e79d50d5483d1a64,train
e79df028538d796f,train
e79e1f5e19680f7f,train
e79f79fde5667b0d,train
e7a3cff6fa345e00,train
e7a4068c9a86368d,train
e7a41f0ecc8ceff9,train
e7a5fb41b2b75053,train
e7a6ab9d5d05dfa3,train
e7a787dd5ef645fd,train
e7a8f98ce26bc53d,train
e7a992a5b545a2bd,train
e7ab26b530af472b,train
e7abde0a0c225167,train
e7ac7740a3012b2f,train
e7ad49205359d505,train
e7adf397670162b7,train
e7aec4342105ab80,train
e7af29eb71e3d26a,train
e7b09896dbeda2dc,train
e7b250633b908ae1,train
e7b3e1c49f0dc3e4,train
e7b73a13ce38187f,train
e7b7967cfac69d97,train
e7b9b4afdbb2aa41,train
e7bb5f9d46a23e88,train
e7c11484553109dc,train
e7c18c5a1cb9ae5e,train
e7c7a26178dcb835,train
e7d20601ef138742,train
e7d22165a2f62b4d,train
e7d6bc18af78b986,train
e7db4c3030d2b073,train
e7ddf4d1b8ca136a,train
e7e16235e1a6940e,train
e7e3cba217d63385,train
e7e4e92a7b0094fa,train
e7e6e51ea44b72e1,train
e7ea2e37c3e6b47e,train
e7ea56938add5d4f,train
e7ec11d1b3069d95,train
e7ecac9020da9a38,train
e7f0651b136baec4,train
e7f4774ba76abf2d,train
e7fa1cdc48ae289a,train
e802b8a8180fddc3,train
e8074089c1d8ddfa,train
e80becab023867da,train
e80f0b799787053a,train
e80f602af5c98f11,train
e80fee9972b16fdc,train
e812113e06beb7a0,train
e8138e3e9afe1083,train
e81535e55b20d4f7,train
e81c84cbda8b86ce,train
e8209c873f7ea5aa,train
e82118effcd0e70a,train
e8227aa4363dfe8f,train
e8228aadfdbfde43,train
e8233eb379dae06a,train
e8234df20d87d281,train
e82577252b7ed38e,train
e82ccc72a32971b4,train
e82f45dd66149ea2,train
e8302fe82f01af70,train
e83046ddda802e1c,train
e830645c99b29a76,train
e8318284a57e66f6,train
e831c7e6f7aca5f2,train
e8321582c1320ff4,train
e8321d0273cac0fc,train
e8344305cc260faa,train
e835681d25d0ea02,train
e8363fc75e9c51f2,train
e836ce8c7c5cdd23,train
e837f1c709910c1e,train
e8383844cb13fdec,train
e83ab2cd556f88c1,train
e83b38f22f87dd1b,train
e83bb946524cef8a,train
e83bd1231001ffaa,train
e83e3e7950abb539,train
e8403712e39d4c1c,train
e843e4a906001ea4,train
e845224bd8d4b1f6,train
e8477a0c2b0a132f,train
e8493a39976b2db3,train
e84a1c782a040cc8,train
e84c0180cc012a70,train
e84d9600229b269d,train
e84ecae5e959cc88,train
e85414d685ef02ce,train
e8544b15e4c41ddb,train
e854d5113c5665e6,train
e854d6df2cf833d9,train
e855c6dab323e15f,train
e8569f299f4fa4e1,train
e8574171543d1111,train
e85cf7d39781c64d,train
e85d668855512eba,train
e85ecf92db2b2b6a,train
e85f5dfa33e80c09,train
e85ff5b1b09f7110,train
e863aab4785699fb,train
e8656fd9927d29b2,train
e867923b0bb97ce4,train
e86a636f91e3d6b4,train
e86e2f99e0673971,train
e86f1a641ea264f0,train
e870e4c87ee21e31,train
e871290133af6c78,train
e8728c0db8c3347b,train
e873682bde27a073,train
e8756cd015612c70,train
e87c792f22066d7b,train
e87c9b9cfe7bd391,train
e87ce126c06cd7dc,train
e87d49e1ba8abd8c,train
e87d542a429824c8,train
e883c48148169182,train
e884b09b7ff4328e,train
e884bc19e7caf48d,train
e88733ab0773d1b1,train
e8876930f43a6145,train
e8889e32997d752d,train
e88c84a959eaee90,train
e88cddfd3e3f5863,train
e88dbace7546a29a,train
e88e23de82c51a1a,train
e88f08e607d73a96,train
e88fa193787b50e2,train
e890a8ce76e78e6c,train
e892adf931ea1ff4,train
e8936a5064f1fb51,train
e8945bb7f5fd6fce,train
e8964d56d21eaffd,train
e89a7d185cf99c2b,train
e89d0faac3938699,train
e8a141347248a72b,train
e8a96960971d11b7,train
e8ad74316755d399,train
e8aea0536a225034,train
e8b01978b49842d8,train
e8b54f6de1457f12,train
e8b7b21b7036ffe5,train
e8b8ac83684621d0,train
e8b8e6b499568221,train
e8b93538776f7140,train
e8ba99f5156078b3,train
e8bcd3ec52227e76,train
e8bd6703191613d0,train
e8bf4a6031be00d3,train
e8c03897c410b208,train
e8c09dc07945d995,train
e8c0a555288303d3,train
e8c225cfa34a7843,train
e8c30e0260cece87,train
e8c362833987bcf8,train
e8c3f1517688177a,train
e8c48f77b5d864b0,train
e8c8090dc9e7ec79,train
e8c836a4649e984e,train
e8c91b6fc6b4468c,train
e8c937d5d06fb455,train
e8ce6e8368de0ac0,train
e8d01cd56ea2622e,train
e8d349123ea4ef4e,train
e8d6fb80978e61cf,train
e8d74e8898aa0cb3,train
e8d91077b58d1d71,train
e8d9123d874a2efe,train
e8da52f16da44596,train
e8ddcc4cee3d47dd,train
e8dee452e84fdf4a,train
e8e36736cdaf5bb9,train
e8e3f369b2f7bd16,train
e8e599953425e82a,train
e8e7c823e6e22574,train
e8e90bbecc2b6797,train
e8e94d0a83bc740b,train
e8ee8ff3b84d71f3,train
e8f03fc2d01d6546,train
e8f32cbadd0b3acc,train
e8f5503a4e5567b2,train
e8f62ed480299fa4,train
e8f8ff1c535b1851,train
e8f91cd25892cd48,train
e8ffb52776f09508,train
e90495ab62ad9275,train
e9069511c13d6daa,train
e906e178c4c88a26,train
e9095f08a516f449,train
e90ec9410009325f,train
e90f3a10c7835dfd,train
e90fb4eef7e483ad,train
e910538e22036d1e,train
e91426a2fdf5f6e0,train
e915b6caf7f154f5,train
e9176be7e6dd45e4,train
e921522391733487,train
e923ddc5d16bae40,train
e923ecae19910966,train
e92770f703f28975,train
e927c8ce11bdb061,train
e92ae4d5e7b9d126,train
e92d8e52ce24fa64,train
e92dd14bd40c4ed1,train
e931d703a5440003,train
e932f0163ed41a48,train
e9357a4688753bc3,train
e93a145ab855b476,train
e93bd2cc0f2c1624,train
e93d17e602254d9a,train
e93d2ce5b5a25bd0,train
e93f4fc96a116483,train
e940e59e36716ec4,train
e946316cced777ec,train
e9471717b9b7b066,train
e94ce87685bb1576,train
e94ed5c3dfc8ffe7,train
e95089bb56c8939b,train
e9510153e6d213a8,train
e952a383adece286,train
e9581d434d9e264c,train
e959d7d2a58e6e5e,train
e95b63a340965a00,train
e95b8734047e440e,train
e9612599d89a253e,train
e9613cb87e2128c1,train
e961644c32c549c5,train
e965a646081ae676,train
e966ab6ed11f61e0,train
e96b1e407f1bb89b,train
e96dfa7d34ab9b70,train
e96f199b78a3a964,train
e9708d170aeaa35b,train
e97130bc2473126d,train
e9735d8c6522b6fb,train
e977e30197d149b9,train
e9780b7be5b76013,train
e97bc77eda43444e,train
e97c50f23b6e3502,train
e97ceb5eef2c279a,train
e97d8beb35685373,train
e97f690c168c13cf,train
e981b1d229e6e0ce,train
e983c9dcd9b1ffc4,train
e984729a719f8aff,train
e984bfc9530d64ad,train
e985073cff5bbbb4,train
e988003afe119816,train
e98c92d03ef77f41,train
e98e67618eff9a33,train
e9920870f8fae4da,train
e993ed4f5099d899,train
e9980e88f00fb036,train
e9988ed5cbc6aa9d,train
e9994a803fbed8d4,train
e9997c01c15318e9,train
e99b7552220f678b,train
e99c401b9bfa7b5a,train
e99d47cf87da8a58,train
e99dfade4404ccf3,train
e99e19d9fc424fc5,train
e99f781a817b2f95,train
e9a33c9210506e3d,train
e9a4c407be4bb0da,train
e9a74bee79aef1be,train
e9aa83eaa3d8c581,train
e9aae3d9ac3f471c,train
e9ad9df424be20de,train
e9adf8bed4aea356,train
e9b0101b86c264e0,train
e9b2581784e551f7,train
e9b31d46798bd51d,train
e9b38aa83ea3f784,train
e9b7e1620a424bb0,train
e9b9752f352ba50e,train
e9b9c0cf499471c2,train
e9b9c0e7eda4d91f,train
e9babd615452ee7c,train
e9bbeaf99e03da3f,train
e9c1e381ffc14d5f,train
e9c3f5671907ac75,train
e9c60a0e62d3a07d,train
e9cccc2e72d13675,train
e9cf00f2faac5223,train
e9cfe4741dae9547,train
e9d04cc919a97379,train
e9d5a4a1da3be2f7,train
e9db41035d914fc9,train
e9dcea1655d2d343,train
e9de974628cd20fe,train
e9e2ed37d8505259,train
e9e863d75ab40db6,train
e9ee0ed793a8a6f9,train
e9f1cc47780575c4,train
e9f46c92f97b3613,train
e9fb221ead0c0e4b,train
e9fd18bf55c31239,train
ea000d15c707f357,train
ea018860d33b24a2,train
ea018860d33b24a2-2,train
ea02c3ea2fd7c4d2,train
ea0321e1ad81a9e3,train
ea06271af9c7c5f5,train
ea08658dc517c923,train
ea123b25421c7f8f,train
ea16bcff0228f22e,train
ea1a06b24504667a,train
ea1b92e9e40bfbc2,train
ea1cfbf263778bb8,train
ea1d7a50becb48b2,train
ea1f6bfdb7c90f00,train
ea1fcffdb5f18dc4,train
ea21860509382521,train
ea23a4c4dcd81d26,train
ea2482449209c591,train
ea24bdbf3e8392e5,train
ea274fe79503a4ac,train
ea2819d417313fa4,train
ea2a43ffabad60b3,train
ea2ac2321ec31034,train
ea2b1882b9dd94a7,train
ea2dea60a953b374,train
ea321c349429050b,train
ea34f27340f2cbdc,train
ea35cc7b1d514f13,train
ea3624815692a74d,train
ea3644c84970db8c,train
ea39b55edeca47c4,train
ea39d98168832aae,train
ea3e75b8b7dd0215,train
ea3f3e1e86c489af,train
ea44cd63c3390085,train
ea44e9551bfff79c,train
ea46e12221f89191,train
ea4b0c3bf08f2073,train
ea4c23c7dbbc41f6,train
ea4f1e75ab59c7a6,train
ea4f3abe09ea1545,train
ea5568c83038a247,train
ea5734f8c5ac6a8a,train
ea575c1fe39528eb,train
ea57ac160dfd2121,train
ea58b83e369c3fa5,train
ea5d1af8fcf22393,train
ea5eb0826a496c90,train
ea6104b0e0c46a76,train
ea6718455ffb1f79,train
ea6a04b2f4879db4,train
ea6abe75d7571246,train
ea6caa94cba4061f,train
ea6caa94cba4061f-2,train
ea6d7308aee5a674,train
ea6e83cf89fe2f87,train
ea6f0ef6fd1247db,train
ea72ea2907fd2bc7,train
ea7321f1c57956ed,train
ea74a7060dcc76ae,train
ea7ed0602088a381,train
ea82973e6b2b4460,train
ea89745dcc56999b,train
ea89f011c752913b,train
ea8b0d7fbfc85a8f,train
ea8b8ae9a43c3643,train
ea8c4e966688130d,train
ea9042a22e91b25a,train
ea94ee54299d0c20,train
ea97c17c5883f54c,train
ea98397b92ac314e,train
ea984738387ccade,train
ea99f986de3adc4f,train
eaa40833e3b46b88,train
eaa4e15b42bd3d7e,train
eaa7935430752274,train
eaa9cc0b6f13edc2,train
eaad19afcf41dd64,train
eab3d9fec770a421,train
eabd06804e694b8a,train
eabeb1739c93c028,train
eabff7d89768dd7f,train
eac4b957d13523ff,train
eac52768367f83fe,train
eac6c283233bfd95,train
eac976484d86ff7b,train
eaca8a244160608b,train
eacb0a404b06fc9c,train
eacdb0829d636b9e,train
eacf103ebe21f7ce,train
ead0597290cc1e10,train
ead51bb92008bc3e,train
ead639c9bbe8b12f,train
ead6c070c484634d,train
ead91302298e0abd,train
eadb07d6f8a99d09,train
eadf0565eb5bdc1c,train
eae1793ae6501423,train
eae206dfdd04b5cc,train
eae315b7c18b86ec,train
eae3235b4923c43e,train
eae7f403c6f3133a,train
eaebf3f53afa2740,train
eaeec2b2e1196af3,train
eaef2571f799f259,train
eaf38bab9a265841,train
eaf52a109d63d515,train
eaf6654a49671e35,train
eaf971e70ffe6bb3,train
eafa2a885954d970,train
eafda1ddeaf42694,train
eb0249e4cd8e9094,train
eb0573c24091b0b9,train
eb08b518ffc2526c,train
eb0a97775b76eeba,train
eb0b962413c13806,train
eb0c6a02470e4159,train
eb0e1efc21f8bdea,train
eb0ecfac4a70ed36,train
eb121af70e2780a0,train
eb12dae55d74eef0,train
eb15b00d41f282e5,train
eb1625bfcfbb4099,train
eb18ee26e33ad64d,train
eb192bfc9d1adbe6,train
eb195eee376e3ef6,train
eb1b2ab4122812fe,train
eb1b774c120b1d18,train
eb213f45ca65629b,train
eb2771f09dbbae6e,train
eb27d560de5d8891,train
eb28539d6335d4cb,train
eb2885b4a25d5910,train
eb2e131c9d28609c,train
eb307c740765a5db,train
eb30e12933b7f19f,train
eb326057b77e0c4e,train
eb32e98bf8dcbb43,train
eb337a7911dc11df,train
eb33dfbd18b7c8f5,train
eb35d29f7c0bbf41,train
eb36b5f88564ea85,train
eb3c8f7d84a5a189,train
eb3cb78b9646799b,train
eb3e04ffcf7d2b70,train
eb404f4995cbc662,train
eb4115533561f802,train
eb418447075a075f,train
eb41cda258d80917,train
eb44870ac53b6353,train
eb457fdc60034432,train
eb45f66255103084,train
eb4670ddf7b2158d,train
eb489ef3adfd2926,train
eb498c1220aeb2e4,train
eb4afc411420c4c8,train
eb4b8f550c10e55a,train
eb4df634944d7b0c,train
eb52038912879f22,train
eb52aa428fa0dbcf,train
eb5329d1e71cbb84,train
eb5356a4bf837ef4,train
eb55c7776cf8a39d,train
eb562f758de0247f,train
eb5656ac9539da48,train
eb56e31617866e81,train
eb5832a918dbf348,train
eb589916f4998d03,train
eb5a17ac1db111a3,train
eb5c89029579ebfc,train
eb5f0a6d07d7f0b5,train
eb603d84dd716110,train
eb608143047591c5,train
eb63b94502869faa,train
eb68bd5c91a5ca3e,train
eb6aa6883ab45fef,train
eb6f20089f794b8c,train
eb705e8c43244f85,train
eb70a7fd571006c1,train
eb77e96063d55ad7,train
eb7ae1b14fa97f52,train
eb7d0ce326b89ebc,train
eb87bb65c4167c99,train
eb8b3f2637afd50d,train
eb8cf87e3c542c19,train
eb952dbecaab0052,train
eb957ab30a8aae88,train
eb95c0b361b2e1ce,train
eb99645ccd540839,train
eb9c6d37abb74532,train
eb9c6d37abb74532-2,train
eb9cfa5417294256,train
eb9dc46940bbe48c,train
eb9e6845859c89c1,train
eb9f7d913cf4c326,train
eb9ff5d7e5ec3e29,train
eba3f27ab951aa94,train
eba45003435772d6,train
ebad1383aaee7ba5,train
ebae4ae9401f281b,train
ebae4ae9401f281b-2,train
ebb3139e36ec0c2a,train
ebb31a3aba5c85df,train
ebb4a51d23cde0f2,train
ebb4b4848cf92a1d,train
ebb8b579d5f985bf,train
ebbee3146adfa7d0,train
ebc079c39bed19a6,train
ebc0f7d7d04a13c6,train
ebc3290dda6a6306,train
ebc43cd5981fe0a6,train
ebc722936ba74cbd,train
ebc79b8b17403efb,train
ebcbf50f9b57c076,train
ebcc0f82e2940e52,train
ebcc75958ab6a43d,train
ebcd8a87bb9dd0f5,train
ebcf9f303ad7d834,train
ebd143db72a87433,train
ebd2c3314d1bfb1a,train
ebd4d4a9978e1cda,train
ebd62cfcb87f4284,train
ebd6b5f8f6c74468,train
ebd730f1c13dc7c5,train
ebd77d94f2620d4c,train
ebda428bfa1d6147,train
ebdd4eca1c624248,train
ebe05d670b61454d,train
ebe6e370064bb5e5,train
ebe6e518aadc5ccc,train
ebe7d09f3879bf6c,train
ebebbf3ee2546436,train
ebebc393388cb140,train
ebec321635b2a3cf,train
ebf39898e31a3d89,train
ebf550101e8110d4,train
ebfc199eccc41210,train
ebfc913f3320ab1c,train
ebfd2e90c448eec4,train
ebff91d5e215283c,train
ec0024c333965159,train
ec00db7d125f7e19,train
ec045ab01c6881e8,train
ec047e726f968651,train
ec04a6b8daf93197,train
ec07362e95365ed1,train
ec10c6b98eb7471b,train
ec14ad871b019dfa,train
ec16045f8c965b37,train
ec176e0d3b3c7be6,train
ec18dee414df87ac,train
ec19043146041d5f,train
ec1ba425f1854672,train
ec1dfd43e9307719,train
ec1e7482b611baf2,train
ec2016281432bf43,train
ec20bb5e38ac1577,train
ec21f68311e034fd,train
ec284ae085269c53,train
ec2a53ec7c247985,train
ec33d6053541c57b,train
ec35d4f4e815a220,train
ec389570f331f951,train
ec3b42438e76cb11,train
ec3c713d40a8884b,train
ec3dcf0ccd8ca0fd,train
ec3ee2392d7df9c6,train
ec417b26bb658dad,train
ec42f2d079989e34,train
ec4b0319e17a796f,train
ec4b0319e17a796f-2,train
ec4e000a7dd36647,train
ec508a3d4dddbcb3,train
ec5099bdced1554c,train
ec51b36f0308441b,train
ec53b4ac4187018c,train
ec54390718798977,train
ec562b01a60ace31,train
ec572371fce68a56,train
ec5795c8099e419b,train
ec58018aa39abd29,train
ec58b6f10abe5c2f,train
ec59d4e8b7f53d1f,train
ec5cee21ec0dc05b,train
ec6047b56ca307cd,train
ec63003ee2d928ee,train
ec64acd7cbb6581c,train
ec6597806af98e94,train
ec68052ff4886ca7,train
ec68c00fca7d8c8f,train
ec716efc6750925a,train
ec7206835eb32c52,train
ec76c2ef704c7b82,train
ec77e6278083859c,train
ec7cf3db4e241f23,train
ec7d0f53187dfafe,train
ec850a9bd7199b45,train
ec8e58fd28e20b55,train
ec8e874d78ef363e,train
ec8edef66da217ec,train
ec9011d2659beaf1,train
ec9843ebf01e214d,train
ec985703856357fd,train
ec98e162ad2f5a53,train
ec9acd6853a7219c,train
ec9dc870a9ac7826,train
eca1b0675b0cd815,train
eca1c57935fef623,train
eca2084342ef69c3,train
eca356465b17811e,train
eca421e6956d8b17,train
eca460089552c7bb,train
eca5b429058b900e,train
ecac0c399960d36a,train
ecac3bc9dc2ef47c,train
ecad0fd65e5a3af0,train
ecb580fe14b8c872,train
ecb6eb01a0b2c73a,train
ecbcb0e0b97a3404,train
ecbcca9eac451b9e,train
ecc021bbfb7582a4,train
ecc045432ba3016d,train
ecc340ce0d11294d,train
ecc554f9d694451e,train
eccb225a965c1989,train
eccca9d0e059f3fb,train
ecce4fa6354b9eb9,train
ecd333a94a670f1e,train
ecd380551ca9ba1c,train
ecd4a412d1e5a3ea,train
ecd515088fc21be0,train
ecd9320adba2d0db,train
ecda6bf1dfba0a88,train
ecdbe6aec4833af0,train
ece59442ad2d539e,train
ece624da89e32b4d,train
ece67d8ca315c038,train
ece9d556c0a96a9b,train
ecf1c9abdcd21477,train
ecf26b176df89e34,train
ecf721269801180a,train
ecf7a410be57a107,train
ecfb46742a4a0ab8,train
ecfb46742a4a0ab8-2,train
ecfd0aaa8a51d42b,train
ecfd0aaa8a51d42b-2,train
ecfd51dc5829c4b4,train
ecfda3d9bfe8f63c,train
ecfeaa6d7aedf262,train
ed0014de40d9de2c,train
ed003c6efcd47c54,train
ed0680c6c834e4e7,train
ed07d05d61dfccf5,train
ed099456544c5d8a,train
ed0a67af2d711ebb,train
ed0be3f6d3bced6e,train
ed0f9660701e564e,train
ed10095cd7fe791a,train
ed12c0fe4d4bff0a,train
ed17912ebc306cb1,train
ed1b5c759983b129,train
ed1d3cc29d0301a3,train
ed1da3f7d47b77c7,train
ed1e1e23eb3147ae,train
ed23f2a354f999e5,train
ed279d6b5894a8fe,train
ed280b2a401d9710,train
ed2b04d074397b7b,train
ed2b1cd672f88931,train
ed2f30095ae84ff7,train
ed3067cab25c4b2b,train
ed3108fda62d196d,train
ed319daa50a7ddca,train
ed336665aaa2e759,train
ed356c159e9cb33b,train
ed360958b84a4fd7,train
ed36312377e7b779,train
ed39a28986901cf1,train
ed3b9b37a48211d5,train
ed4242fe0abbac18,train
ed439ab71bca596c,train
ed4932ee46340809,train
ed49629aa2b32a44,train
ed49f8ee9ea8ec63,train
ed4a9517f6ca22ff,train
ed4b7813d2ed0521,train
ed4c94b047a147bb,train
ed4d625c07fb0a5c,train
ed5794e46e1ef77f,train
ed5c79cbcf1e78aa,train
ed5d35d9fcff398e,train
ed5d71fadec704c9,train
ed5e69f04b74bee3,train
ed5e7949a79e2130,train
ed61a5e12b44a383,train
ed6443061f101cc3,train
ed64fc0f927daa97,train
ed653640920d4487,train
ed660c51469f54b4,train
ed6a57278e7449bd,train
ed711f5e6bb0053e,train
ed7187a2216bc21b,train
ed73808e05772379,train
ed753f58f2d83299,train
ed7bbd71dd1e26cb,train
ed7c3ae2844c3740,train
ed7e13ed6c700d33,train
ed860b9232369889,train
ed8cd5f85dadcf3b,train
ed912a77a343ff87,train
ed925569ee5e4c90,train
ed93b6a8eaeffbcb,train
ed95a9eadf4ab194,train
ed960cc0b03585c2,train
ed9899348755d504,train
ed993cbb44d570bc,train
ed993cbb44d570bc-2,train
ed9aab599a385488,train
ed9b9c557221805a,train
ed9d17fb83aa37cb,train
ed9f7096e329e84a,train
eda03c79299e3e64,train
eda3a209d0d26b84,train
eda5b615755c4430,train
eda66a595557fbff,train
eda7901ee4b5bdf3,train
edad23628ab90f98,train
edad8508b9e95c5e,train
edb018e14d3c1998,train
edb2980d112e45ac,train
edb3d86666bf31d6,train
edb6f745e8ac5788,train
edb9f5a50763208d,train
edbc4df975821d19,train
edbd4663fe56d4e9,train
edc3fc5f986f42fa,train
edc480a53deb43e2,train
edc62e4de59dea50,train
edc63d115c007d5c,train
edc81dcb33720efd,train
edcda98c28b19760,train
edd04cb10baa667e,train
edd39b1ec5a74a60,train
edd5a461555f3be8,train
edd817cc546d05f5,train
edd95b879e30617d,train
ede05935358ce4cc,train
ede0b0cc8e7c45ef,train
ede251cfb9f936ed,train
ede4b3219c0b8482,train
ede7712db6d6b771,train
ede79fc658bc1053,train
edeb3414e007c738,train
edef0bb22c995379,train
edf1e7a28e612364,train
edf674728e303530,train
edf6e6d452a79ddd,train
edf794214ad5e5be,train
edfd50d0ea22824b,train
ee01aba71bab7ff5,train
ee01d7d7a41e3b6b,train
ee05cdddfb6af02b,train
ee08529eec28f162,train
ee0aec121c384f03,train
ee0c1cd418f30f1b,train
ee140c434687b22e,train
ee15f26efb6147a9,train
ee186dfbd8e59542,train
ee1b2388275278de,train
ee1ce5006c45057c,train
ee1e5e6124c7aaa8,train
ee1f56d9e35600b1,train
ee21a92f4ed0527d,train
ee26409d7d2f32ba,train
ee27cfec62249a59,train
ee282b38030818ea,train
ee296487f5649676,train
ee2b27e69461ad89,train
ee2f8e588a327820,train
ee3274e4071a3dfc,train
ee3365e2e11f6e43,train
ee33e9a488c2c6a3,train
ee3c64217729a733,train
ee3c64cfd2235ee7,train
ee3d0d4f4e4bbf6d,train
ee3e67599b0c2214,train
ee3efbbeea61ced9,train
ee429a7e668932d7,train
ee457887ca2ab29e,train
ee46d60196394e44,train
ee47dc7567d63f59,train
ee4822bcb35fddcc,train
ee48cd7f7fc27358,train
ee4a5deb60990440,train
ee4e178618c5d4ef,train
ee505f246161aaeb,train
ee520e9c869d8a2a,train
ee54c5757fa23b1d,train
ee588dd0036741ea,train
ee68d0d5a57b3ce0,train
ee6e3a90f41f693d,train
ee6fcaf6d3a4ce9e,train
ee722b8009c98641,train
ee7346d01cf31a82,train
ee7bde15b0b5c23c,train
ee7c929845a78067,train
ee7dbe86a655545d,train
ee813328eab02fa2,train
ee82a38a0c9d1127,train
ee832007c3b02cd7,train
ee86e2e41e3d4b44,train
ee8754d0479dea41,train
ee8833638abbfe6b,train
ee8ab564b6e38032,train
ee8edf75511696cb,train
ee8fc2ca7fc8dd9e,train
ee90d3a621f406e4,train
ee94b818cda76b82,train
ee9681553c8f61f2,train
ee969760c49125eb,train
ee973075b0c6c4c2,train
ee9fae4c3dd93011,train
eea2e7f0f2506d94,train
eea36d7ac9418ba5,train
eea39d83c0ea5826,train
eeaa3ed99965085f,train
eeb2cf7d83c83354,train
eeb79eabfbd5244d,train
eeb9dbb27c28f692,train
eec0606cc9759f4c,train
eec0baf604c5659f,train
eec2d1874054586e,train
eec48ed3d2465ecb,train
eec523c926ed073a,train
eecaadf0d9f73f9b,train
eecad897da801d83,train
eecf75282cf97e85,train
eed1f3e073bdb0e0,train
eed3089e84fc6cbe,train
eed4885ab205162d,train
eed7e72329f9f462,train
eed9578462a395c8,train
eedadc0413c03529,train
eedc789a689e62fc,train
eedebedfa3956a26,train
eedf14af9674c893,train
eee1ce815c30e046,train
eee1f63d39c97129,train
eee4596fcb7e3f31,train
eee4903e51a0d895,train
eee5c19e5a4b5019,train
eee6885e6cd754c2,train
eee7c3fbdc273c1c,train
eee9a48f06f3414a,train
eeecbb37bea311df,train
eef62e6370375678,train
eef6ff64e89ed40c,train
eef7941dbd793401,train
eef7feb48283238b,train
eefe8e22f5dc579e,train
ef0196d5fe4c65ac,train
ef0314932cf71432,train
ef0603548650dcb9,train
ef0a6b732cb0ff4e,train
ef0ac3245154b554,train
ef0b5c121fa26fb3,train
ef0c656958f2d5e3,train
ef0fda2a39546b8f,train
ef103fd73c7566bc,train
ef1190efe606a4b9,train
ef11e569ad9ce75f,train
ef14bb8e2cdde86f,train
ef165ab0a8395fc8,train
ef1744b05c63635f,train
ef18478f1c1ab6fe,train
ef18e0dfd9aba29a,train
ef1cbb1c06382798,train
ef1d0fa3da8cc77e,train
ef1e766e7efabba1,train
ef20ea65a24d6dde,train
ef214b61337e60d9,train
ef24e3943de68d24,train
ef25720795e68a8a,train
ef2a90681c26ffc7,train
ef2c26313a899107,train
ef2d2474e5211a35,train
ef2d284731a6616e,train
ef2e7bcb2f436843,train
ef2f242b34a9defa,train
ef30ea6b0b9f388c,train
ef3269c50b3c471c,train
ef35ca7ac377c237,train
ef36529ad3d90e2c,train
ef3872d384da46f1,train
ef38c42a35e13081,train
ef39f23f37cf2b4d,train
ef420f7d5f3c6bc4,train
ef43661b78ee71c5,train
ef44aabd2979fbab,train
ef45b334be62f9e6,train
ef4868ca620541a5,train
ef4a31bbd91c382f,train
ef4e3df2e43f6cc7,train
ef4e7b1ca9b52459,train
ef4ebc13aa5cfb85,train
ef51b17397e8ede3,train
ef52a503d7da557d,train
ef548e5267660a54,train
ef5572ad65fb0fb4,train
ef5b5d06700ebe2e,train
ef5c490205b51706,train
ef5f5d7eee520f89,train
ef6422d1251f7548,train
ef66d66d38ce5157,train
ef6a6fd4bcf1fb58,train
ef6cadfbff352e9e,train
ef6d5c27a2cd6dee,train
ef6e82b9964d4996,train
ef7029c55994c2c4,train
ef72401518c3f42c,train
ef731c212474b016,train
ef796ed09e9d5729,train
ef79d9c57927d45b,train
ef7a7adb1fb6faf2,train
ef7a9b5bbd9b0021,train
ef7af4614374e390,train
ef7b1db473fd63d8,train
ef7d50d61dca3755,train
ef7d9230bb191910,train
ef8114d19bb65cbe,train
ef822c36b31bcf70,train
ef82af26d2e3dca3,train
ef832835d46a862a,train
ef83522cd135c76c,train
ef83993c3eb01cb1,train
ef874c222e5245b3,train
ef88eb6ddff0dffa,train
ef89e530ca746b0f,train
ef8a8e5ae2d7abce,train
ef8ac2360af3de7b,train
ef8b0661bf29796f,train
ef8bb9f3dae4ac71,train
ef8f420393bb13a5,train
ef9471b473bad0a5,train
ef97cd6de5235991,train
ef98d7e6013eb72f,train
ef98d7f4015bc0ee,train
ef9bcb37ee2c9faf,train
ef9e8dc157753c51,train
ef9f093454d93da1,train
efa08c3ab311f7b9,train
efa248d4450d1465,train
efa303c0a026b266,train
efa79173e425aec5,train
efa8169f4112d867,train
efac1aeb93bf0aa7,train
efae2614d9c02492,train
efaf7c0af7b95dd4,train
efb07a02b1f3aee7,train
efb280cc3c55ff08,train
efb82e9b7f3ca01a,train
efb8f4b85a8b51cb,train
efb943e021518a8b,train
efb9e88467809878,train
efbdacfa40a8959c,train
efbf275ac29bfd95,train
efbf6b1bc62e8c9a,train
efbfc994a6ea450b,train
efc041442f0fc60c,train
efc1860d9714e0d0,train
efc1ddc06b638de2,train
efc21dff30e4853b,train
efc47a60c2982e1a,train
efc566b197ac29d7,train
efc73146cb005365,train
efc7875f8ad8147d,train
efc8457fa9a6fa78,train
efc85bb1ee8b2d72,train
efc8e14e94ec6a72,train
efca5116a02bd7cc,train
efcb4e5747452ec8,train
efcec0e967591b1d,train
efd1dab403de65ce,train
efd24fc9f3663455,train
efdc28dcf54a64a5,train
efdc4d391d706d80,train
efe06af28310bfa1,train
efe124016c7eff11,train
efe2b6b123c59a9a,train
efe5bfdecec0d75d,train
efe9990fcf1f39ec,train
efeaedf7448e35e7,train
efebf967696251fd,train
efefa9d1008f722c,train
eff067d8fb300259,train
eff28a03eb2a5241,train
eff3128b03d0e27b,train
eff31682e6f22f55,train
eff387b1c52453e6,train
eff3a504ff5e01df,train
eff58404df2f84dd,train
eff658ae0d135ae9,train
eff734e9acf67aed,train
eff75df4f4eed390,train
eff85a80ad28c6ac,train
eff8e4e579a978ec,train
eff9a9ae1d97ccf6,train
effabc9e35cf0e75,train
effc159de7c6c437,train
effcdd7da0ea7d19,train
f0005a156b8cfab2,train
f0020e0f2b3fbb6a,train
f002d2f021dda892,train
f0085df59e0b5e7a,train
f008a896dacc4f31,train
f00908bb77ce8e1b,train
f00be5d579704701,train
f00cda90f506425d,train
f017d594c63c08fd,train
f01830915ef702fa,train
f019ac3ac9f1f40a,train
f01aa3e6c83b226a,train
f01ad2e69bd736ce,train
f01b0b56c6440ca6,train
f01c42b6d37ea86f,train
f0223aa1bc4e0178,train
f02894d73383ca71,train
f02904013d8d8657,train
f02af5f023774e03,train
f02dadc82e8bc9cd,train
f030c61d02426c36,train
f0379d5b59825304,train
f03d10e56fcf66bc,train
f03e52df73e69a14,train
f0401250f85fba78,train
f0404450a49083e7,train
f04235fc0073aa7e,train
f048136b0c375e41,train
f0482b47db3904ea,train
f04ec29182e72d12,train
f05010b56b749744,train
f050c8dcb2838d36,train
f051e37f0fa84c3c,train
f052b0cdd0afdb82,train
f058c711a747926e,train
f05b4ba37f7ec6c4,train
f05f7ab6fdff12b3,train
f05fef23c8a5ce08,train
f06163bf2ddbd7a7,train
f06273d1fa9664ab,train
f063b6cc9dbba5d4,train
f0687023139378ea,train
f0688915818b579f,train
f06a65357b7ae871,train
f0727fd3e7bb6b97,train
f07333b63d425479,train
f07855edddee8edf,train
f0786ad5d85d0599,train
f0786ad5d85d0599-2,train
f07917ab50936b1e,train
f07a30cece71b162,train
f07a483ec5f1d756,train
f07debbdf81eecdf,train
f0800a8cb90823e5,train
f0810702acdff1b0,train
f0844a5d5e5dc32d,train
f084d2dad0a23c0a,train
f084fcacc645a66a,train
f085bbcd2d739172,train
f0883dbcf7723559,train
f088796981034a32,train
f089a67c07c322d5,train
f08b20dccce93644,train
f08ee2b47c869896,train
f09136887fe8fe6a,train
f0941e7c4dd2faa1,train
f09498e585734021,train
f09551a3943ebd71,train
f096d3dd67501f15,train
f09dd20506c02123,train
f09f308a56f10cab,train
f09fd7f82eaa9bad,train
f0a47351786fdd0f,train
f0b62cad535fa0fa,train
f0b953cdec899252,train
f0beac0d5326a3d0,train
f0c3aba8874517e2,train
f0c4f645e5747ede,train
f0c5197deba8e2bc,train
f0c5ef67193700b2,train
f0c8b65d301a1e94,train
f0c94d7c1f2850a3,train
f0cb181f1fb07834,train
f0cc979a210f4318,train
f0d1059fa10779b6,train
f0d1f221678f69e4,train
f0d263b29965edde,train
f0d2fe67bed66dac,train
f0d36161c07f6ee0,train
f0d549ad73571ad9,train
f0d78981b9f71c1e,train
f0d7f6ad57fcb751,train
f0d7f6e658ce9b80,train
f0d9182e22c008c5,train
f0dc84f710e4f1f7,train
f0dcc4c23d861361,train
f0def5e934ec2104,train
f0e09d368d54669d,train
f0e2f9b25b5dadae,train
f0e3e40fc66d3ca7,train
f0e40c2c787b892c,train
f0e652a9ff2a65f5,train
f0ed2c43a79a7867,train
f0ee05fffd8938e4,train
f0ef03fe47d90f07,train
f0f30659d0e72981,train
f0f440bba164e93a,train
f0f6de79dd5c9aaf,train
f0fa9ca9bb41bd7e,train
f0faedbe76b50880,train
f0fc7ed9d4fa983e,train
f0fdaffcb843bf6e,train
f1012a66617d1622,train
f10172c46a3acab8,train
f102cbb7d68f440e,train
f102d55c281ab702,train
f10520a07f3f927d,train
f10787d9754591c7,train
f108a236c83b57e7,train
f109edfde932d6f0,train
f10a543b60c232df,train
f10af9cee8def632,train
f10d634e68dbfb51,train
f10ecaff5164339d,train
f112c3709cb2a8fd,train
f114190b2cda54c3,train
f1147cb7c5aed031,train
f117e1080120cea9,train
f11858880dc664b3,train
f11a278a7772bdc1,train
f11a88ffe7161c94,train
f11c18dc7c7718f9,train
f11f00306f676beb,train
f122acac5f6f43c0,train
f1250549a034630e,train
f127dde5d7626fec,train
f1280a3bf504b29c,train
f12bc0e98e7acd95,train
f12c302854fa01e0,train
f12e74cf555da155,train
f12f28be9acc4cdf,train
f1302f3ed7850364,train
f1305bfbff5f4300,train
f130dc8c406b036f,train
f132fc6ccc166b97,train
f133774c341ccc53,train
f138a8e23c58d867,train
f139ea5858b61bcd,train
f13bb831a11ed354,train
f13be796e2fc4996,train
f13cc5938633ad50,train
f13e2db7d3ba2977,train
f13fd9b86463f25b,train
f140afbf4aa84385,train
f14291a376acf18e,train
f1430c1594b4e80f,train
f1438d236c779a47,train
f144ee929fbe9fff,train
f14514d0d442db9e,train
f1452141b709fc5e,train
f145f15673999d37,train
f1474bb4120a7725,train
f1482401796d2b27,train
f148bccf0f11c304,train
f14a32ff6f0d1d43,train
f14b3afee15b5be7,train
f14d42a17282e6cc,train
f15117f81353285c,train
f155b3fe164c76ef,train
f155c22cdadef052,train
f158eee291c72726,train
f15bfc5c545ff143,train
f15c0d13110a98d7,train
f161831c22ae758c,train
f162148ee7ad6d71,train
f1643de7cec948c3,train
f16d4c4c4c3fc93c,train
f16f61fc1dc37208,train
f173115538104238,train
f175575aff3cec05,train
f1765733db68211c,train
f177ac51bdef2a21,train
f17e18936353111e,train
f17f1441d0abdb55,train
f180742db4e9d128,train
f18240ac64b2d80d,train
f1838a90a288d948,train
f184bd797957aee0,train
f187706833bc91af,train
f188453f058aaaa5,train
f188ba59444bfbbe,train
f18ac41dbf04a2be,train
f18b6df2eb0d6722,train
f18b9abffd81ef2a,train
f18cf2575caad8eb,train
f191ae8cda03d1d9,train
f191cfb67d47e628,train
f195a2aa39894f5f,train
f195c6986d8e3aed,train
f19c358bafb6dce9,train
f19dc0cc7b6374e5,train
f19ed55c3d713222,train
f1a009d81f02f917,train
f1a1931f833877a8,train
f1a36972e0ff605a,train
f1a3e18258d743bc,train
f1a9c5b83fb855e1,train
f1b027a2c46648a3,train
f1b0c482fbc7e0c0,train
f1b2f23889d8ea6c,train
f1b386a48c3f9dfc,train
f1b41bb94dfd9bb1,train
f1b4783cf6e6facb,train
f1b75844effb247e,train
f1b7b0ef5ed8bf8c,train
f1bbea766177545e,train
f1be092e43d0d9ae,train
f1c08449d763f22a,train
f1c0ee6b6cea9e85,train
f1c3f1a9b7659db9,train
f1c586ad54475796,train
f1c70ad0e5134c7b,train
f1c77ef1a4daacf1,train
f1c8ce33b9920bb9,train
f1ccfcfc38b65b53,train
f1ceb6982843642d,train
f1cef4814c87d481,train
f1d24fa2775d6ef1,train
f1d838ae37d01f5f,train
f1d8a916a3cc597c,train
f1d9cc97e83174c3,train
f1dabe51bd80a0c9,train
f1dc9d4c58301f60,train
f1de543a18b292fb,train
f1e006afe8abf356,train
f1e4e7ad56cd7654,train
f1e6ee1f7fa75754,train
f1e94276d9ff68a6,train
f1ea2525e34ed854,train
f1eb5b6ebc173ce8,train
f1ec825f7280f01a,train
f1ef56bcf1a174a9,train
f1f3ae66645fd80e,train
f1f4c9fd9034569d,train
f1f7a8aacabe871c,train
f202e66c80077ec9,train
f2046355a2c92001,train
f207802215eb4b96,train
f2078a3c502ef2af,train
f2086dc67774bd91,train
f2098b116733831a,train
f209c5e61af3c6e8,train
f20a17266dc09b3e,train
f20ad3af36abb0f1,train
f20db22d4ad6a89f,train
f2128f04abd36926,train
f212bf2f382685e2,train
f219950d648bf954,train
f21a1d89d3d1a2b1,train
f21eedd6bacc320b,train
f220d95acd745806,train
f224e5bd528fa3ae,train
f2252f1f9641fa2f,train
f22730bbdab363f6,train
f22bc7132ca3511f,train
f22c5a42c951014d,train
f22d856167f0feda,train
f230a00b8a27da0d,train
f23332b67348acc0,train
f2345f74639a20ce,train
f234ab193fac4e77,train
f236ca8fd46d908a,train
f2375713daf9fef3,train
f237a1e1efa60573,train
f23a4c4c2da7bac3,train
f23de84c3e8c8583,train
f23efb5ae6b11337,train
f243b3bf4d01c7a2,train
f246a1af4845370b,train
f24cfb80f9a133e4,train
f24d03f37877749f,train
f24d4ed4a5b68bb0,train
f24f2382a8f0743a,train
f252889bd4b12910,train
f252a35345bddeba,train
f2567645b3cd9e5b,train
f258c25052258d2a,train
f25905e0f794f441,train
f25905e0f794f441-2,train
f25b4fc5e55919ca,train
f25bf4e5b7a67779,train
f2615c54b6000290,train
f2640947a1ef330d,train
f265336ca02d2e0a,train
f26bf9b98157deb4,train
f27100d42aa24079,train
f2732579ecd8065b,train
f274a39cfbba6f6b,train
f27852c9a62c9dbb,train
f27e8fc0df4844ce,train
f280bc3c5155a161,train
f28489113392c1f4,train
f2867488871746e7,train
f2871924b31ae255,train
f287e897c3a717c5,train
f289ca287ca82593,train
f28dae84cf0a64f0,train
f2944400ff545733,train
f29519593b421a00,train
f2973ae6674d8636,train
f2993272c5118cf3,train
f29d2ec0ff344f93,train
f29d8efb3a94ddb9,train
f29f8af5028de216,train
f2a196dc95576342,train
f2a1b0a938cbffc5,train
f2a28b4cf4d5a8f6,train
f2a2aca99426582b,train
f2a5f2ea4cd0a3e7,train
f2a87d5a79f4fa47,train
f2a96491227184e4,train
f2ac5d535e7c5ec1,train
f2b19fc24c3b035d,train
f2b20ff83a7886e4,train
f2b3b1293141eb39,train
f2b3d1dbe1c5b956,train
f2b3fd2a309ca3a8,train
f2b425e34a2930af,train
f2b553d99791abe7,train
f2b90452b19d970b,train
f2ba85ca617a2d92,train
f2bb454ea4043b89,train
f2bbfe2d40e94bcf,train
f2bd9c60358c7a72,train
f2c06353903d2762,train
f2c1b16b6dc9d801,train
f2c2e08c8c2c2180,train
f2c3f35379f2e99a,train
f2c817b8930b836b,train
f2c97e7df888f706,train
f2c9e46b5880fca6,train
f2cb0783588fc0d9,train
f2cf099bb017b767,train
f2d06277987b6420,train
f2d4a07ace1638fb,train
f2d4a07ace1638fb-2,train
f2d6870a6aaff654,train
f2d6949a0b3184a2,train
f2d8c32885cbce4b,train
f2da3b802a9f9ea7,train
f2e05602f56b575a,train
f2e107b879528d2d,train
f2e3c1c7ab423f60,train
f2e5459e15721c17,train
f2e71bb57af84cc7,train
f2ecd407dcdad38e,train
f2ed59a855529914,train
f2ed61fc61b60959,train
f2ee5da8302f1bd0,train
f2ef7ccb28e56739,train
f2f108ed3b4638e0,train
f2f846a29e56ec2c,train
f2f90106cdbc28df,train
f2fa8ac02659c64f,train
f2fb28713a2e0154,train
f2fc940c694b5c42,train
f2fca112f874f575,train
f2fec1e0a6c5a413,train
f2feffc6ab623cb1,train
f303a00cd6123db3,train
f30544b568403b83,train
f3094991bc900f5f,train
f30a1e6153c5f643,train
f30b9613b434b0dd,train
f30b9c1c822bea48,train
f30ec0df25ecec4d,train
f3125177c2bbdbb9,train
f3144cae0a1c5734,train
f31451acc5fb79d6,train
f314abcc42245804,train
f31730a392a85ae6,train
f3183934ee19db9c,train
f31d243e4de0fc0e,train
f31d914752054721,train
f31f2c2ebabea988,train
f31f9bdedf87dfe6,train
f3231427ee5b8922,train
f325fd66381533f6,train
f3281722963a0e7d,train
f32c148e5bb5ede5,train
f32d159abc9270f3,train
f32e25eaa3ecebb0,train
f32fa12e3aff7124,train
f3317a51fb5fd27e,train
f33271ff7f0c1820,train
f333a4b8e2c3a9b9,train
f333c878081ae57e,train
f33403733c2a0f87,train
f334496710055d6e,train
f335749d80858a39,train
f338dde34f5a0eb1,train
f33988184eb2e730,train
f33b49178bcd9246,train
f33fd18d20c1abe0,train
f340188b7b2470be,train
f3470a1eeabd5c5d,train
f349fd288348d334,train
f34b8100962ccfad,train
f34bdc7ee659b609,train
f34c7b6dfdb31159,train
f34c7b6dfdb31159-2,train
f34d02bcb0688a3d,train
f34e39c140a9ca20,train
f352aea56918b144,train
f3557e7667339d61,train
f35608555ef8dd23,train
f356bdb116295206,train
f357b150aa3bc43d,train
f35a2cb6abcec48f,train
f35aa42b727c30bb,train
f3606881afffbbe4,train
f360f63f3b0623c0,train
f3642ee393b26051,train
f366a920b0efc5ec,train
f368b9c2dab33796,train
f36a85e9ac8394a6,train
f36b0103b34579ea,train
f36b7778b023e051,train
f36fa3f3e4435c1e,train
f371a041fff6e367,train
f3755f1c9f329f62,train
f375901c843e66bf,train
f37748356e0e82d5,train
f37764919f9eb0af,train
f3782f7105657602,train
f37b2fa5667692cd,train
f3803b00d63dd029,train
f381c1432ecae136,train
f38354098ffd7f20,train
f38408bbf11e8a52,train
f38a6253743cb933,train
f38a79b4b18b6d01,train
f38abf64c5e4e198,train
f38bb2a4f9f93406,train
f38c87286197a55b,train
f38ceef7ad8f37d5,train
f38de7e78285b61e,train
f3910812ec24ac80,train
f39185121047a92a,train
f392a6ce54e27ec7,train
f399c3bc2d7289ca,train
f39e5bf7a783d340,train
f39f6228bebadc7b,train
f3a014e138aef525,train
f3a2ab0a5b720f33,train
f3a41cb7294aa8c8,train
f3a521348e3ef82b,train
f3a58a583b6e46a4,train
f3a5de64f971a3a0,train
f3a6872d6872092a,train
f3a8c2e31003d6f5,train
f3a96d57afb1fe5e,train
f3ab83d4cbd845df,train
f3abb916f2cd5253,train
f3ac52531a8b6f17,train
f3ad19d66b332f5e,train
f3ad89215084b8f5,train
f3addf2e612f54bf,train
f3aebb86bea42f66,train
f3af55187bae6320,train
f3b01aad16349682,train
f3b01e198d4e60ca,train
f3b20104f2c31bb3,train
f3b823192a076c5f,train
f3b97264af6de169,train
f3bc885157a83eda,train
f3bceb1e40ba632b,train
f3bd17495192445a,train
f3bdd59f806cb456,train
f3bfbc02c83ec379,train
f3c195f77df23f3b,train
f3c3266e1215e013,train
f3c88a213c78d9a8,train
f3c8dffcad94870a,train
f3ca2c8d88431759,train
f3ca4942fea61351,train
f3cb217a21b428f6,train
f3cb5a5bf2c1070c,train
f3ce1c53d4ef6727,train
f3d54908717d2624,train
f3d5af6d51bdcca6,train
f3d69d1dfcf723d5,train
f3d84d8517549f7a,train
f3d91ed9eedac230,train
f3dc1b0cc9f52abf,train
f3dd9d347004acc2,train
f3dddeb2c499fb76,train
f3e00c6915e3c11a,train
f3e1bdf10fa813ee,train
f3e315e9e966a01a,train
f3eacb413e63b1aa,train
f3f10e6fe603c0a9,train
f3f1abdf71eb654e,train
f3f74c46dfcf1d5a,train
f3f7e26ab7c92baf,train
f3f83e42d2fcebcf,train
f3f840e836a87ac3,train
f3fb8e4ce143ba64,train
f3fc870acb1beae9,train
f3fe8ef1d1357047,train
f3ffa848d1debfb9,train
f40b9f518a522ae2,train
f40bf956bd390732,train
f40e7ec118f47676,train
f40f522d9679907a,train
f4142022019c9b2a,train
f4157f00752c0184,train
f41654771af5c4ee,train
f4178527fec23323,train
f419434a8bc52b34,train
f419694350a004cb,train
f41a0555b6c8ecd6,train
f41c846bd58297ae,train
f41e4fcfab671d9e,train
f423f1dbeb49c83a,train
f424573b0bf5ad53,train
f42569a9e189a304,train
f42663c706721a35,train
f42716da7b5e4de1,train
f429910f13032949,train
f42a485d9c8cc0fe,train
f42b72c43feda1ad,train
f42c5ac6284f013a,train
f42d21fedcaaecd4,train
f42d4e40be19b6d2,train
f432d57cb73551c9,train
f4330c8a1658dfb6,train
f43639f8c593ceb7,train
f43682c2b0ef8839,train
f43784e73ceda125,train
f43968852d0fcca3,train
f439a3fdccacfac0,train
f439b255b719bcd2,train
f43dbebdad58ff44,train
f43e73b2dff33212,train
f44a194e195b78ab,train
f44a1a077c1a5c24,train
f44a3e6237ef4d06,train
f44a87ac65753fd1,train
f44ef162865be316,train
f44f766f316873ed,train
f4521be4216a564e,train
f4597499968c8fbd,train
f4598454e5cd84d7,train
f45c54b5af0a7393,train
f45c6e707e573106,train
f45f36b478e2dc46,train
f46158c233daf602,train
f4650a3fb354070c,train
f466e521c39e0f9e,train
f46827a6166a9218,train
f469dbe6f69e65ac,train
f46e8d181fa3cb72,train
f47515f3f6cc8706,train
f479a3a7adaf0ace,train
f47cf2eabb64a776,train
f47df630da7bb3f2,train
f4869f7d2a8cc326,train
f487253954d3e22a,train
f487978fe573c258,train
f48a2bfa403aba70,train
f48c43ef970b2846,train
f48d0424b1d3ba21,train
f4933d0984134959,train
f493d479c3972878,train
f4973a5d150e1f17,train
f49c5ced034f9323,train
f49ce661174cf5f2,train
f4a131e8d3814a9e,train
f4a419dc62bac320,train
f4a7a42d81b4b9d0,train
f4a7afca553d8567,train
f4ab1e41c9ce4991,train
f4af46e736edf7b8,train
f4b199bc36c12783,train
f4b5c405f0c11b62,train
f4b9a25e00e68e4e,train
f4ba0489930289ae,train
f4bb8ae046ddbdc4,train
f4c1772060fd7bd7,train
f4c1b5f87288c695,train
f4c2db918530d172,train
f4c35d5ed7ba4d03,train
f4c7914c99c1aa35,train
f4c88bd2e8d85e11,train
f4ca14916b570b8a,train
f4d17c1aefdb331a,train
f4d1bd1163eb7323,train
f4d496a9890241f7,train
f4d49c8be74b6e19,train
f4d75de5b6f4937f,train
f4d89398806dd30b,train
f4db1f6cbb9eb1c1,train
f4dbd1045dff0d41,train
f4dcaa0ef8357ff5,train
f4dd113e521c60f8,train
f4df9b6303cc3ab1,train
f4e1a6b803957b96,train
f4e84705e4eba3a0,train
f4e9138d823ffd81,train
f4ec4b7848f7c25e,train
f4ecbb4c77d2ee4a,train
f4ece46131b6a76d,train
f4f1e2fdac3a3703,train
f4f4d90d0562ef0a,train
f4f521ab4596d482,train
f4f962c476b03b0c,train
f4f9703577bafe4f,train
f4fab7fc98953735,train
f4fc041807828e61,train
f4fd4d410ca05eca,train
f4ffa0d204c62359,train
f502bccf864a5b04,train
f5033978caf9eea1,train
f5050022f79f3c2a,train
f50a5a862210dba5,train
f50becf5cb80055a,train
f50bf1aef3f84393,train
f50c2d281bc6beab,train
f50c7589a5f53d71,train
f513d6e22d07df10,train
f513dce6e2f40bc4,train
f514929746c67fb1,train
f51ba92e0f7252de,train
f51c3e2be85a929f,train
f51cf566f20ab8af,train
f521e2d42d80d931,train
f523e8bd376e1b43,train
f52534cbca9ec7b0,train
f52b81a89cc744ab,train
f52d30c4630461f5,train
f53047170c1186cf,train
f5350bf760afbdfc,train
f5371d94432f83d2,train
f537c72c982eeb16,train
f538c5e947c6f892,train
f5393fb45deb75ce,train
f539e63b91da4f1e,train
f53a72450cd11adf,train
f53fa691666d67bf,train
f545875bbedef626,train
f547cfc85ced405a,train
f5483af9ef6c9570,train
f549fd588b3b1313,train
f5504644ba191e40,train
f551f5c69566520d,train
f5570e41cd06778e,train
f55924d63e93eb17,train
f55eb7acab108816,train
f5612ecd8dd2ae31,train
f564b050410bbd38,train
f5658a184aff78df,train
f56866d9a634c608,train
f56a463a58ce2ea6,train
f56a97f8bc443e8a,train
f56aace586c08705,train
f56d491196109fc3,train
f56e7a794d742f19,train
f5716627c9d440a7,train
f57461e29c3a649a,train
f5750a4ab3a21201,train
f57755304d16517d,train
f577a1e9c46e931c,train
f57a597dc40849ca,train
f57a80441d05cf52,train
f57b6d6785deb094,train
f5816b5bd6d8b4f1,train
f585ff6c68f22771,train
f5887f7846b18d87,train
f5896b2e76f1e215,train
f595439f78cee39c,train
f596a153200c2c32,train
f596a372301d7be4,train
f5978cd115540908,train
f59a13f74e65f83d,train
f59c06de5c4b290a,train
f59c7442c44d06ae,train
f59dd7a507552c8a,train
f59f7378d2c205f9,train
f5a064ff764d681c,train
f5a23ed1676ac3e1,train
f5a758f19c844458,train
f5a89bc18664a622,train
f5aa3262c5537bea,train
f5ac0be2636900d9,train
f5ac27106f04c4a3,train
f5ac464f1242a606,train
f5ad30881bc43d57,train
f5af51645ee34f9b,train
f5afaf3d37f06758,train
f5b180e74c1a0ad4,train
f5b228ff4df061cf,train
f5b325e7ee2b6f19,train
f5b36193d9bbc940,train
f5b44c481236e696,train
f5b45f6b9411d313,train
f5b4d128506f6c21,train
f5bb17797a58f010,train
f5bc0e1d3b923bed,train
f5bc750f1c2b450c,train
f5bc7a8c4b29b6a5,train
f5c24164510cadf5,train
f5c62c7e037cadd5,train
f5cad2e41e6eec32,train
f5cc4b84ce5b9c97,train
f5cc592bfa2a734f,train
f5cc9d0161587849,train
f5d0690815facee6,train
f5d28306c5bc74bc,train
f5d7813e5f8692c2,train
f5d8d535eb8eeddd,train
f5dfd7bc2505e985,train
f5e076ef9d474cab,train
f5e26800c2362a20,train
f5e2da252f5ee3f6,train
f5e3d72b1a64cdf9,train
f5e4615ee9100cc6,train
f5e5153144b47716,train
f5e6b250fdba0619,train
f5e917bec8b3d64c,train
f5e9b935f6694a71,train
f5ed6cc404b68abb,train
f5ee75cf6bedb88e,train
f5f09a9b5003705c,train
f5f0ba334d5a70ee,train
f5f35ca18e3deaff,train
f5f4e05699a5eabb,train
f5f6a0703f451a91,train
f5fa57aee6ff2876,train
f5fc08fc6f2c5700,train
f5fc4a3558b51c60,train
f5fdf096bbc18d9a,train
f5ff745a250cb37b,train
f6014649cd4b3f5c,train
f6031790b438aa56,train
f60545a03744f9ed,train
f607b8a0b6a2c5c2,train
f60815f9bd08dba1,train
f60b7b8b460bb2e2,train
f61304fc9a2a2829,train
f61313c12847894c,train
f61556907f048fa7,train
f6156b9278a1bde0,train
f6159eaf315681de,train
f61735bc964997b8,train
f6177a8197264562,train
f61815e082f1f583,train
f61b9d5ab80e5597,train
f61c8bfcab263adb,train
f61d3907f3a2901f,train
f61dbb13b3dc8389,train
f61dfd40f4af9161,train
f6239fd41c572816,train
f6240af888841116,train
f62b223b1246f5cf,train
f62d022e6949f7a2,train
f62e28774d8e81c3,train
f62f0535e0faf4d7,train
f630ef92b1c86fd3,train
f63117497d16880d,train
f63343473b92e728,train
f636157e8e4f9718,train
f637620419f3fa3b,train
f6390e0b58aa57b6,train
f63af5af63b24b27,train
f63b271d011b12e5,train
f63c791d7aa24b2c,train
f63f3bfa9e2fb067,train
f64448283e759dab,train
f6461729817af491,train
f646390c2453ae74,train
f648b64cca5207df,train
f64ae4e2eb70e305,train
f64bc57bad22a48c,train
f64e17ac82fc5d17,train
f64fd526de0e4040,train
f653668d8bec8777,train
f653ff93f2448743,train
f6575d83bf9c8a16,train
f6576c8d7d48284e,train
f6587291e059f106,train
f658f698ec698b20,train
f6596b748dd4f6b4,train
f65a014f84c68144,train
f65cabf8a1dad9b6,train
f662b58ab3430c35,train
f665ebc60a56a5bf,train
f669438d19d23d08,train
f66a1597b6fb3fc5,train
f66ac272dceb507f,train
f66b935a107f1ea6,train
f66dceee113ee810,train
f66e14ec3d3f14bd,train
f66ebe5e8310bf4b,train
f671ce3980b7c233,train
f673a7441574cb48,train
f679bb663b845faa,train
f67b552847679e38,train
f67bb4a191d09401,train
f67c18c2c4821b3e,train
f67cb96e62633e9c,train
f67cbfc776e0a49f,train
f681f2d20f73080f,train
f6861e3056cda0d6,train
f68747fb220c89c5,train
f688f76aa50f3056,train
f68a800ce5fb1a8d,train
f68ca064fd45d9e3,train
f68e5930c959d683,train
f69052e364e6da26,train
f690d8da9969189a,train
f691b59369b6b438,train
f6938cf5d7382512,train
f6949bd383452101,train
f695b0fba914d03e,train
f6979e526764b35e,train
f69877ff94fb61fd,train
f69cd6ec630530b1,train
f69cefae69b4d5ad,train
f69d1d42f46c4bac,train
f69d89ca6d073959,train
f69e32540f41dad2,train
f6a5093a8d6ab4ba,train
f6a72ce686b3a9d1,train
f6a9b88e5cbe6d35,train
f6ac20262366baee,train
f6b5193294a8ed49,train
f6bada68784b78a2,train
f6bc87327651d40b,train
f6be0bb5d2d482cd,train
f6c1339ff6fb72c4,train
f6c62cd5c86afc16,train
f6cab20077ef2126,train
f6cd0fc3d0691f3b,train
f6cd62c62edd2b8b,train
f6d47e5fb3c63679,train
f6d7c5744a527840,train
f6d833a3da4bdf82,train
f6d91cb612f16518,train
f6da9d8ac663ff07,train
f6dc68e569db6b63,train
f6dd70fed3a4401a,train
f6dd90c3760bec2a,train
f6ddd40f8dd9f52c,train
f6e02b7fd16fac61,train
f6e1cf6b5797b600,train
f6e23844c25849f2,train
f6e404c33e609034,train
f6e502a1dae01e98,train
f6e8a3560bf0d52f,train
f6eb7dedf893fb4e,train
f6ee66b06d0edd9c,train
f6ef12df02a2f327,train
f6f0609a56d19d36,train
f6f133e98d89623e,train
f6f14de8cf05d73a,train
f6f228ce44c10e1f,train
f6f2bad7755a405a,train
f6f3ae3f7b461dd9,train
f6f83fa73dcd99f0,train
f6fd09dca6f5ab40,train
f7038c597770648b,train
f704d66213985a13,train
f704e32e06d837da,train
f70514c325afaa06,train
f705dc5eb468274f,train
f707645e74fb0ab5,train
f70846b7e736c6f4,train
f709811cea840b9c,train
f70a0993a158f591,train
f70aef96a0940606,train
f70b1c05b00b0d3a,train
f70bf9813f5de9e6,train
f70f550e395104ba,train
f710d228c5f54a24,train
f711f7a945b991f8,train
f719188dd45e2243,train
f727ad49bdf21466,train
f730718ab48fbe2c,train
f7357d33fb0597af,train
f736093154fec909,train
f7376277cc8529d6,train
f73a9fbabd5f9a30,train
f73b180f0f985d7d,train
f7432c91a7d60da8,train
f748b997cc836fe8,train
f74a5f40cbb1cc4c,train
f74a9cfb8abbab58,train
f74f3891b51ddfc5,train
f752f65ecff39832,train
f754783149bc5e7a,train
f7556116c3f13dd4,train
f755dacc3d061b39,train
f759fe7bf29686ea,train
f75addf2026be004,train
f75b9e0c6ecfc227,train
f75c18fe40b3e595,train
f75c3ec9ac841d39,train
f761c21175f76ba2,train
f76203cb58cb7dad,train
f767399a74e0fe42,train
f768044b8fb5b9a9,train
f768b3f46751d164,train
f768c1f46d961485,train
f769bf95c386b2a4,train
f76a3d533da5df8e,train
f76a7ae6948b1cb1,train
f76bd8bd1d3d1871,train
f76be9fbfe741966,train
f76e5137ae6228f9,train
f76fc8f6b15093a6,train
f777dbcd60ae9ded,train
f77d6c9fafeac460,train
f77ebcf4562d7c88,train
f77ef7b13a242836,train
f77fa4f0d3e9f337,train
f783044d0542341e,train
f786004ecdf38060,train
f7888ef8588129df,train
f78b5a0eb8ce9fb3,train
f78db56df2d51081,train
f78eddb9c5f4c055,train
f790134a537cd9a4,train
f793c5d3cef70709,train
f79702cc9fb78150,train
f798ada0f65d71b9,train
f79c4b979e25a256,train
f79c98d78778d8ec,train
f79cfcb03ebd182f,train
f79da7df7f489ba7,train
f7a0646112492a94,train
f7aaabead2f157be,train
f7ab36ebb30138e9,train
f7ad849903ce573a,train
f7af029542cc83d4,train
f7b20bded1a58664,train
f7b329be2ae87e7e,train
f7b38adfc874d719,train
f7b53382d527a090,train
f7b6127fab413ada,train
f7b6fe023255efac,train
f7b753a4d358f6fd,train
f7baf4f49c8ca6bc,train
f7bc42f7eb196040,train
f7bc5daa97d1a109,train
f7bdbe6f59d8e473,train
f7beeaae0250d089,train
f7c05e0733b24146,train
f7c1f8dc1b260f72,train
f7c2f86bf7a38ce2,train
f7c3cd3f924765b5,train
f7c4425bac4c2ef8,train
f7c51f7d12cfbd77,train
f7c6621b51e1ef39,train
f7c7816db3c38166,train
f7c786d3861b6fb6,train
f7cacb4b313840e4,train
f7cba429415a86ee,train
f7cdcc0013d0a49b,train
f7cdfd200655158a,train
f7d1f0612be82e6a,train
f7d5bd07e573acf4,train
f7d7f18bfa305811,train
f7d8b47643a61aa2,train
f7da3cf81489e25a,train
f7daa146b02e4995,train
f7dd59fa3a1fab1d,train
f7de029783f21455,train
f7df22ec68915047,train
f7e0eb5b3ba9a36b,train
f7e184a5b8e0654f,train
f7e9fd3f3df8378f,train
f7eac5b46eb13df7,train
f7ec0da6b927b529,train
f7ec6bec1736c3dc,train
f7f18e009c42f697,train
f7f656895059238e,train
f7f69ddd6bf9f47a,train
f7f8bd65cd85f9ff,train
f7fb2c0d42440b82,train
f7fc3f4949bcc1eb,train
f8022d60b274f64f,train
f8052ea11a5ffec5,train
f80597bd81bf302a,train
f805d6e2d67bb7f7,train
f8060b7bd9a47271,train
f808efa590ce0ee9,train
f8098ed7841eff7f,train
f80bb0a80956b07b,train
f80eee160c8e2be3,train
f813c55a0f177a3d,train
f81a2785c8ea3e0f,train
f81f60c5aad8d6d9,train
f822f0011421f28d,train
f8240843009d28fe,train
f8251cc1140c0ed3,train
f8288968f105a134,train
f82b33c88260e4bb,train
f83228d8be3d9629,train
f832d9fc94f721d1,train
f836dd43190dac95,train
f8380a949f3c5dc2,train
f838d29e7f359263,train
f83919c0357ee7e1,train
f83a40f85a50d559,train
f83d99601f835447,train
f83e80c2fd155c7a,train
f83fadcdb9e46b44,train
f84166da1ba1d0f1,train
f8470cc091758a34,train
f847b57861ef6e48,train
f84c02a3e9c87858,train
f84de4a7c4960db5,train
f84e0303bf09148f,train
f84e21b393a45c8f,train
f850810d3b723844,train
f851fc27bce21344,train
f853d85021b40217,train
f856f303fe4f5e8e,train
f857f799bcaec332,train
f85a282184667acf,train
f85f02d24554fdd4,train
f8604076e06f7375,train
f86119122ba87a4b,train
f8665370df8dc193,train
f867529b8d1a0534,train
f8691f21b011dc9f,train
f86bbd751dd80a58,train
f874c75424a9fe6a,train
f87548f3da9407d5,train
f876123fb381c385,train
f879041de66da2ee,train
f87a073ff9038d7f,train
f87e7012bb2ac392,train
f88189e1557d24fe,train
f8836bbef0613470,train
f884c34c31b81450,train
f887120bea6d80a1,train
f8896ddfa4e5d436,train
f88a0c9755497db5,train
f88a50106f354e95,train
f88bcf8c46d7e8d3,train
f8905830df2372a2,train
f892ced750078ec8,train
f895fd48556854f8,train
f8980ebd54090b0a,train
f89e9e198f461e61,train
f8a01b32185fd604,train
f8a0523d886896c1,train
f8a0699add140845,train
f8a2b1573d0102ea,train
f8a4e71056c7e260,train
f8a5ff56e9c2ba8c,train
f8a834707b2f5de4,train
f8a87aad0e06bc5d,train
f8aff55a946fbf40,train
f8b07495502480e3,train
f8b158c786253c49,train
f8b5ea9557621fd4,train
f8c11b55a4bc5cb5,train
f8c4c8b0050f5c2b,train
f8ca611c232e3f44,train
f8cab47bb86c4450,train
f8cd39a87614c5f5,train
f8cea769cbed53d1,train
f8d01871ba1fa077,train
f8d2317bd77e4109,train
f8d7ff39d5ba3441,train
f8d8ba408bf0de6a,train
f8db4454419c7fe5,train
f8dd05c872ae5e9c,train
f8ddb9c66914e534,train
f8ddf84f3c99633c,train
f8e3a0f5e6bde971,train
f8e3ec364bd6818d,train
f8e74ad6ef825871,train
f8e79728c452e505,train
f8ea448882bcbe89,train
f8eb73286adf8346,train
f8eee67f592b39e2,train
f8f5a189149d6351,train
f8fa70c981a84f21,train
f8fb8566788c41fa,train
f9002f3843a930e0,train
f90564deacff1a17,train
f906621fa21126bf,train
f907a962e920ccb6,train
f909dd66a8c1d9a2,train
f90b84638a08b645,train
f91396300c90b271,train
f915eb4e8279f81e,train
f91a20adac86d6ec,train
f91a681ccacab366,train
f91a72e0bd6f73d2,train
f91ca6bb495fef4a,train
f91f3ee9546ff00c,train
f921692dd1d7cee1,train
f92312c96c961514,train
f92bdd415be257ac,train
f92e50f69584a132,train
f92fc23ed0e19d66,train
f9311d1175166314,train
f9328f65d636d12d,train
f93461b32318d804,train
f9360084d2b4d911,train
f937332d24af5d59,train
f9379a46d9204e26,train
f93951d230045914,train
f93b11115265c4c9,train
f93c00baad7a0415,train
f93c5a6900e31d75,train
f93e77aa566e7546,train
f9414f46b797557a,train
f944564dcf0259ba,train
f9454343089b5397,train
f95871c362e44b2c,train
f95b0d0a60327345,train
f95bd83c6426e01c,train
f95eafdc2041ccc4,train
f962202c4efa214a,train
f9629cd238844d83,train
f962d97516d4e863,train
f96363aed08635da,train
f963954270582adb,train
f96678dd11e91aba,train
f968ae377e3e2691,train
f96988bbae3ecf62,train
f96a779d741075e2,train
f96c3056ab4358be,train
f96caff5c8616d8f,train
f96ff8d865c97ca6,train
f9733143533f788b,train
f973c8bed0b588d2,train
f974bcef7acff974,train
f97aa2f112a8c394,train
f97c9b8d8fd51228,train
f97d2baa430f3746,train
f97df8e6deb32408,train
f97e346970dd6328,train
f981387862e650e2,train
f983d6cb5bfc528f,train
f98538330c8a3aa5,train
f9865b8b11eb477c,train
f98980ea4566a0a1,train
f9898805a6696dd1,train
f98a1bf6e3d2fc5e,train
f98c0ed30721cf4a,train
f98cbfe2aca4e406,train
f99350a72f30bbda,train
f993b8e5c7d225e8,train
f9964f7e9b6cc06b,train
f99745428c4f4208,train
f99be91892933416,train
f99c1b13367023b1,train
f99c2b06d75c9b4b,train
f9a0cf5459b5eb9c,train
f9a4b342050c0b16,train
f9a978058a9fdf4c,train
f9aaaeda7e51931a,train
f9af3f8b99b295a4,train
f9b0a111066dd2f8,train
f9b2268182f5768a,train
f9b3ec8fedb9af92,train
f9bb8ec723103921,train
f9bd6e310d5c1351,train
f9bf358cf9dd1c0a,train
f9c1cf6a4a332aaa,train
f9c6af624fc1119c,train
f9c7d14ee9067229,train
f9c8c00fada2decf,train
f9c9b5c897b622ad,train
f9cb52de928450c8,train
f9cb6f9cbdf9c706,train
f9ce7a3294d7c957,train
f9cfcd798511f502,train
f9d0aee027df82b3,train
f9d2ad69cc11d4f1,train
f9d3506db7c15ebe,train
f9d42df1f5ebf949,train
f9d4526ff8ccc266,train
f9d5211aa9c16588,train
f9d90d2dd4a1ae2b,train
f9dce07d8fb48557,train
f9e411763592b9c2,train
f9e67e0f8aa08cae,train
f9e86c99609bbd68,train
f9ebe84e2002c0aa,train
f9ec96010e4456a2,train
f9f0eaaeb39ef236,train
f9f455bc9bc4435e,train
f9f4930fcec7ad12,train
f9fc1055b2b9d0e7,train
f9ffcc6a8ec7f5e8,train
fa08bd012f418b12,train
fa1138c411405f87,train
fa15042b4a1e8a4e,train
fa15f5cbefd8123e,train
fa1876b1380ec3bb,train
fa1ca154e5b67484,train
fa1e6adc8fde7d29,train
fa21d1f88642097f,train
fa24673b99799843,train
fa250d3c990afeae,train
fa29977a85d7aff3,train
fa2c7249ffc94d81,train
fa2df531b19d0acc,train
fa32a438ab51d0b6,train
fa36e3802ed1310f,train
fa3add346cbea6ca,train
fa3b4a2996b2ff23,train
fa3b50038ba20954,train
fa411ccd3287e99f,train
fa43d09d6a1199cd,train
fa43d5d0aab09242,train
fa4656a5904d24f1,train
fa469ca1fb382166,train
fa47fae431de6f90,train
fa4d6472e4d03d0a,train
fa4ebdd8329554b6,train
fa4feda5656f068a,train
fa5166bba96e18c4,train
fa51d2ac882aa3ee,train
fa55bb37b5ae4316,train
fa59da72d94f0143,train
fa5eca060e8c7872,train
fa5f7738db0bb2aa,train
fa5fac6a1b1320d0,train
fa60909ec8ae9bb6,train
fa61316d328152f6,train
fa62274a5792bfb9,train
fa65da92d1aa2870,train
fa66b3a7cb88cb69,train
fa692d004fcb8dc2,train
fa6ac90e1a317226,train
fa6b6dc16303f5a7,train
fa6b78061cf8c95c,train
fa6bb9edfb3bea1b,train
fa6d107d63ad2555,train
fa7163a262724040,train
fa71c8be11821493,train
fa7242fc2790eccb,train
fa744cbafc380d04,train
fa74af900acd8f5d,train
fa7ac2872ab617ec,train
fa7d6d61cab2cdaf,train
fa7fc3a8a9593567,train
fa80c1656cf68ec3,train
fa80d3b7c1e047b7,train
fa8304a341f15464,train
fa83563e2b1a8875,train
fa8456b8b69a52ee,train
fa85fdc1e2011714,train
fa878b36fe5a950e,train
fa8dd57b1c5ddca6,train
fa8de468341990dc,train
fa92f78dc157d4fd,train
fa93425a4487e944,train
fa94c42950992f24,train
fa9851054cdf69a6,train
fa99cc73318d5ca5,train
fa9dd7e8e6a7f869,train
fa9fa93aab932cce,train
faa0cd11cec7a834,train
faa2d444189f3478,train
faa3e3a5af6925af,train
faa579bacd9518d6,train
faa9592ad4755d72,train
faacd2bf68a19f02,train
fab09c0a8fde3719,train
fab350cef7d6abb6,train
fab5241c611ad9aa,train
fab5c7e62b761ce4,train
fab5e99e89393f74,train
fab600ac06b7737d,train
fab698b5239eb832,train
fac54dc2c9a1ef3b,train
fac560d405d5f3cb,train
fac58dff1a8026a6,train
fac77ab5280ad71c,train
fac89aab43bcecd1,train
facdaa085e0c0fc0,train
fad00207ba9ed118,train
fad085324cd1f2df,train
fad225d6bb71462c,train
fad5af453691a497,train
fad999cf8293d964,train
fadab84373cd0a3c,train
fade40684ab6d154,train
fae1f0f5669efebf,train
fae25ce4ee16cd38,train
fae2c1031e8b0f2c,train
fae4eab588512c10,train
fae6379d05e916aa,train
fae66ebaa4256406,train
fae96839965e843a,train
faec59ad1fa959b7,train
faed074f447197bb,train
faedb968c972f400,train
faf3b3259e3d87af,train
faf5adbb3911e7ec,train
faf7c3bd1172690f,train
fafba670ff6487b7,train
fafbc8b77ab9fee2,train
fafe5fd00837ad00,train
fafe63d27dfe0173,train
faff7940dccbde0c,train
fb033546e9d2850a,train
fb04f13ea1ee7d9e,train
fb05375ceb3a9a9c,train
fb06fa6d7d2a0129,train
fb070a85455af499,train
fb095c6d8033041c,train
fb0993f47591c864,train
fb0ac8eb220b30bc,train
fb0bc552614ead0d,train
fb0dbe32ba78af31,train
fb0fc06d46d97cb2,train
fb0feac0fa42d8b5,train
fb14039fdc52f080,train
fb15f22418b78184,train
fb15f4aab0cecc61,train
fb161c49e1f19b57,train
fb1c18fa6743666d,train
fb2195f4ea6cc56d,train
fb21f12476061aa5,train
fb24adf39f5e42e1,train
fb24adf39f5e42e1-2,train
fb26bb16f461e36c,train
fb28e683d99c3e73,train
fb2b7b9e3f33e701,train
fb2d6e9ca200a13d,train
fb2ea77124a83e83,train
fb309dbf9d1b707d,train
fb30f522f32a24be,train
fb36b376d60f8460,train
fb38bee059008606,train
fb392b561561bce5,train
fb3bbf29595621f9,train
fb3e3a089fa20f88,train
fb3ed76eeab7dc80,train
fb40741e786950ea,train
fb44b13a78162741,train
fb44f1bf5d452e8e,train
fb462abb0165212e,train
fb47799e218a5ee4,train
fb49e60cb42420ed,train
fb4ba9740593c5bc,train
fb500de86c969954,train
fb51c4064a9e3281,train
fb52456ecefe98b1,train
fb54e504b06dcc69,train
fb581b275df8afbc,train
fb58f8bbd4d7e53e,train
fb5a395ae952bf4d,train
fb5bbd9496d6b87c,train
fb5c0f6b1956d988,train
fb5c49bab996cef3,train
fb5cb83644c70500,train
fb5d5aa35cfd4b70,train
fb5e166eefb50838,train
fb5ee5d3a5738571,train
fb5fe3b77fad9b99,train
fb60d588d7565873,train
fb61e48d4360ae9b,train
fb632e946ed15b99,train
fb64174a1978bfbc,train
fb646acf78c9ca8f,train
fb667fdb2429ad42,train
fb672718c6c2a898,train
fb6789562366961f,train
fb67f3fd5334183d,train
fb688fed49248d3f,train
fb6b78a3e4603616,train
fb6ba855b3377db2,train
fb6c48348197333b,train
fb6dc043f1f22f4e,train
fb6f259a1bc96dd2,train
fb71c2a11ad0b2dc,train
fb72fa19d59d7794,train
fb7459434bf791e4,train
fb75b15d5642e7ab,train
fb77bbb7ef2d7683,train
fb7998ff7e887955,train
fb7b002e3058441f,train
fb7ba51f0adef2cf,train
fb7dbb9020e8ea6f,train
fb82ed7dbcbc7b79,train
fb8707b2ed16aaed,train
fb87b8b51594e011,train
fb8a5d4af1c2b59c,train
fb8d2e39033583ea,train
fb904688a56431f1,train
fb904688a56431f1-2,train
fb912f65477d2968,train
fb9283a0952b05d7,train
fb96d072444570f9,train
fb9733707c7cb374,train
fb97af50318139a0,train
fb99ab0a860d5198,train
fb9b0df3ae03d34b,train
fb9d8c66bd726414,train
fb9dd57c4bd60316,train
fb9e39ebcd6d69d8,train
fba21b68b31df3cd,train
fba235bf8779f854,train
fba580672a8296fb,train
fba61fe33fa50ea7,train
fba6e59983fde4c4,train
fba7266981728472,train
fba95e6344a0ccff,train
fbac546fa53ebb6a,train
fbad4bb17adab55c,train
fbae78eed688c793,train
fbaee60761f00ebb,train
fbaf050b443b8746,train
fbafe12a2a94ac85,train
fbb3299ed4dc59a9,train
fbb5586e720b2414,train
fbb581f8a60bcdff,train
fbb5eff3fec467ed,train
fbb880cedca55fd6,train
fbb8a71c04ca3aa9,train
fbb91d94e51c4888,train
fbb9dad4e1687ff6,train
fbba3358a26e5c4f,train
fbbc4c47611b22d3,train
fbbccc5b131a2c09,train
fbbeb72c15eba5c2,train
fbc2e51c2e6279a2,train
fbc6c3bb19944edd,train
fbc700a0f95b604f,train
fbcca0a94ee202f1,train
fbcfb8e076636675,train
fbd1f2fe0f2fd69d,train
fbd4490f27156d77,train
fbd4917df8967f74,train
fbd633ee45144182,train
fbd79e8fbfe1fe35,train
fbda85cfa63a3bcf,train
fbdea7d521430a0a,train
fbdf616988a3e6ef,train
fbdfd6ed3a55f150,train
fbe1a0f983d208c4,train
fbe58b8ffbd0f99f,train
fbe5f01e7c4ad3a6,train
fbe75e2e33621f7a,train
fbe9a79b0b5380bb,train
fbea0329282840f3,train
fbec8bc9d9a29261,train
fbec8f751495c062,train
fbee61364e705940,train
fbf083eeebe3d861,train
fbf1c9f0afb8db4a,train
fbf200683ba26ae3,train
fbf22ec071337ee7,train
fbf4090a75fd71d6,train
fbf4090a75fd71d6-2,train
fbf46f958a2c9c90,train
fbf52a67dce845bd,train
fbf93ae96ae4f202,train
fbf951ea88746a7e,train
fbfa1b94605a5e67,train
fbfbd6881b1d20e7,train
fbfc9b4d6f6ad7c0,train
fc00a194c98a23c8,train
fc03b7f1a1ca0eb8,train
fc04932714e8ae54,train
fc0c54c16d1b44a5,train
fc1050bae3e9bbb3,train
fc14b190244b98e7,train
fc1799c464b7b39c,train
fc1a8f9976558440,train
fc1e71eb4f348fcd,train
fc237fdba24c6fd5,train
fc25ad58f369293e,train
fc29eff0529678cb,train
fc2a60a5be526cef,train
fc2c11a07f0beb9d,train
fc2d739927238df2,train
fc2da1da45980b1d,train
fc2ee69d1a74f902,train
fc30bb2a4d403632,train
fc32192ac7461b26,train
fc351a2ab5a9e337,train
fc358715b7ff1e48,train
fc36015b36d6c01d,train
fc41daef71a29522,train
fc439286f68b69a4,train
fc43b2475f77186b,train
fc4479ba640c6279,train
fc452fc6ad2425f9,train
fc45aa903a2b07fb,train
fc461f6b8d8b15fe,train
fc4da5a366f75604,train
fc50246f35ca6375,train
fc548675b45268c4,train
fc586c986e7bf910,train
fc5a27f0837f9f80,train
fc5ad65e6d62d470,train
fc5b3f86810f507b,train
fc5bc0697391e215,train
fc5be3c18ca50307,train
fc5d057c1f9c0318,train
fc5e0bbac793114d,train
fc5fe445bcfbdc23,train
fc60d4d8e87a0ba0,train
fc61b52501c22eb6,train
fc645a888e6f687f,train
fc64ea7975bcdb02,train
fc64f795d47a08ca,train
fc658f4fcff5b401,train
fc665a585730dff3,train
fc6667508972f7f4,train
fc68dc67fb7ff22f,train
fc6cd73b6e7bd136,train
fc6d02ffaadc49f1,train
fc6dafa66fc06c13,train
fc6e492c2befc94c,train
fc70ab5627ad6a47,train
fc723df688292df9,train
fc77904028d8aeaf,train
fc78e9a3c75631ab,train
fc7b644910189850,train
fc7cc65313180d39,train
fc804c2e28f1e47b,train
fc82b039c93f4dca,train
fc85985aead183f1,train
fc8916ff4ef2d1e9,train
fc8bf77e83def408,train
fc8d801d09924410,train
fc8e19a469cc22b1,train
fc933e0e996e4222,train
fc99741b900e0628,train
fc99a153a568be10,train
fc9b33a48b635ef0,train
fc9e196347964d28,train
fca048171f883585,train
fca0d0157178933d,train
fca1d7c0b8327e7f,train
fca6358ab7a3e220,train
fca8ea288491a131,train
fca936ff287f0aef,train
fcacee744870279e,train
fcad116475b9ae99,train
fcae2cf4c0333b62,train
fcb28e3a3e608736,train
fcb2fafd83df204e,train
fcb4353ca697c9c3,train
fcb5d268878f534f,train
fcb7cb3e2260faf5,train
fcb9f19b6ea0f4a6,train
fcbc95e1ea2aeabd,train
fcc028ace4e487c8,train
fcc132e9d212e80c,train
fcc8cea76b31ea8d,train
fcc9890acd41f0f6,train
fccb58c85640a666,train
fccb94de4b432e60,train
fcd1f89ff85d7659,train
fcd3611aafaa54fa,train
fcd66f71d2ffc58f,train
fcd79c967183798c,train
fcd9c90205dbf158,train
fcd9da9db63acba0,train
fcdba2b84a43e308,train
fcdbbe8ac287c6f8,train
fcdddbc57d51ea3c,train
fcddf065b3b1f4e8,train
fcdf177817de33b6,train
fce029b1c30a6651,train
fce2eb9bffc66116,train
fce6a129e3eb5419,train
fce846a70f02bd9e,train
fce876a883ba1c08,train
fceb0320bfde584c,train
fced37ddccafb920,train
fcf2ac3ef44cc8f9,train
fcf61bc0b7ffb431,train
fcfc30087fb730a7,train
fd002024020f3616,train
fd005040116a6bc6,train
fd016a23025ea287,train
fd0210b04fe9473d,train
fd03ddb4528e4633,train
fd06d1c81bb1f064,train
fd0ac63b6fae46ef,train
fd0cc1f4461ea407,train
fd10fcdb6e80007d,train
fd16c230193b0746,train
fd1a671f75f9e4e8,train
fd1f88728608ef44,train
fd2044c89db049a0,train
fd21ee9895fc69f8,train
fd2268fd1bf77dd1,train
fd2347000684532a,train
fd24cee29d91986f,train
fd25999ada300adf,train
fd2e5e9a1eef6a15,train
fd2e9ba0994706a0,train
fd35ff49272cc487,train
fd389cefad150039,train
fd3a424e8a9bc40f,train
fd3b83f6f6c280c5,train
fd3c05bfc4d5edfd,train
fd3dfd3f882cac93,train
fd404f98c279f3cb,train
fd41a9cb1c89e997,train
fd41c88f93e3c456,train
fd4331cbf33b7301,train
fd439ee7cc0450bc,train
fd43c1cfb6f6e72a,train
fd482068a3bbb862,train
fd48ba696a9c0a79,train
fd495707ea8745dc,train
fd51f1238635fd8c,train
fd535950a282ae8f,train
fd54ab0197087cfa,train
fd5509e4f3b09b28,train
fd5578adee9bed73,train
fd5663bfcf7901d4,train
fd56c2691b021de9,train
fd596cf22cad5df1,train
fd5c183bbbd49c7e,train
fd5f1707acb641c8,train
fd63ce3e2234fefe,train
fd6467061c73233e,train
fd67177ecd4cb5d7,train
fd701cb92af9ed9e,train
fd70ca7276e465c5,train
fd741d5ba8ccf6ef,train
fd75b2f4fc385049,train
fd77c810b73b1fd1,train
fd78eea6742389a5,train
fd7bbaec67c34458,train
fd7d6aaab072cd9d,train
fd7d79da2fa019b1,train
fd7e3a322b9c680f,train
fd8115af84891b10,train
fd81895da98d9cbc,train
fd833edd459c0298,train
fd835e2e59b27a28,train
fd84b82cdc66ca96,train
fd8b396b14a90442,train
fd8b7386ecca8a89,train
fd8b93c868a3de5f,train
fd8c3abb0aac7995,train
fd8f7297bc1ef0f1,train
fd960f3176d796a6,train
fd9d965ba43a76e2,train
fda090a0247f8eed,train
fda1b91f2b668824,train
fda3c3b6deba083c,train
fda4ffeff8ecf232,train
fda66ade35c6248f,train
fdaa482e34e008dc,train
fdad357043b82f08,train
fdb66fffa97464cb,train
fdbdc044dbabcbc4,train
fdc1279041a23e39,train
fdc2083559906913,train
fdc49f9dee2489b3,train
fdc671a018d0820a,train
fdc6bfe1d681ea6d,train
fdca71395da56954,train
fdcd6153197d1bf7,train
fdce2d4d906b5f0d,train
fdce8f0b8a6a7103,train
fdd0401c65cc5318,train
fdd2dd9762786303,train
fdd4a7a11223f53a,train
fdd5f3711ba6f2e4,train
fdd713c53326c558,train
fddf6725376456e3,train
fde0b15ed5fe9c6f,train
fde28379b36c7719,train
fde7b7262513ff7c,train
fde902f02a18adb7,train
fde982a3ce64016e,train
fde9a583fef2b16d,train
fdea676969168ef4,train
fded6be5bee250ad,train
fdf14f0247360d64,train
fdf208c45c16302a,train
fdf43f5dbe9c3310,train
fdf4792668ca42e9,train
fdf83f9ad62a3681,train
fdfce8acd7252802,train
fdfdde583bdada4b,train
fdfe2939b4e7ce79,train
fe001c2c7150d91c,train
fe002a4a73dd530f,train
fe008fec8b5c4a42,train
fe02b19795810977,train
fe0441ac11973c3a,train
fe0613e9e20563c4,train
fe09fe833b354f2a,train
fe0a2e27a222fe36,train
fe0c12585daa5265,train
fe0c49664e9fb4ef,train
fe110729b89f0ce9,train
fe1719c0960b9424,train
fe1733dcadc636a9,train
fe1972c8600ddbf3,train
fe19f94403382475,train
fe1b458e53b940ca,train
fe1c91d13bf7655f,train
fe1d3cb2e7f4cf3f,train
fe1faaa1af4d8987,train
fe205cc743980f23,train
fe21ceb8ac7e6842,train
fe228fa0ab883b7a,train
fe237f791bb3ce1b,train
fe24b64242abb7ea,train
fe27b890050b4da1,train
fe28685ad55c1cba,train
fe28cd609064ec52,train
fe2a18e284fce6e0,train
fe325cdf3c0a931b,train
fe3a8951cb43b1ac,train
fe3b12113429cb84,train
fe3baa0f72c59802,train
fe3eda5bd7a7635f,train
fe418db5f25f5e21,train
fe4457a0ec51d7c2,train
fe4ab353786abfe8,train
fe4ca88b338e89fe,train
fe4d6d565d8f0f26,train
fe4f461a93028922,train
fe502838fdd5c4be,train
fe5140d07899dfe3,train
fe55278be9979441,train
fe5769c965a6f3fd,train
fe5beffc8e216751,train
fe5c23059dd974ad,train
fe5ddd68de2f6866,train
fe5fb630f4dedfe0,train
fe6144b771c28d9b,train
fe65cfc8edd8fcc7,train
fe66239d1eae2129,train
fe6897a2bc4d8cc9,train
fe68a5e7690df02a,train
fe6b956799bab100,train
fe7158c6f3d45e57,train
fe71e64c1e1dabf0,train
fe78fd7afd04f9a5,train
fe795236827c737e,train
fe7b4953e007719b,train
fe7e5c97be01b36e,train
fe7e6c77f18265bc,train
fe80b97d5f7c8ded,train
fe85da8676f7fa1e,train
fe864f55d6ed3f18,train
fe87838d9ec495ba,train
fe8f5037881f0f65,train
fe944554497e7d48,train
fe9634f61289ff7e,train
fe971eb5f855a5d9,train
fe97b5248fc01116,train
fe980c6b1b1ea817,train
fe9bde40c8f67b80,train
fe9e41d638de58d3,train
fea01f7357a5c833,train
fea5356bc673f6d9,train
fea543d494554086,train
fea67a1d441de485,train
fea7a2d98c3e26c2,train
fea88e0d32ecb84e,train
fea961b3d5705cb9,train
fea97e30f5eddccb,train
fea9b1d52dfbbafc,train
feab3356fc65ef37,train
feacc922d60dbba6,train
fead7bb33ee09e02,train
feafe3ddc580b575,train
feb063d8432febcf,train
feb33f76ce08c8e6,train
feb3f9a10a05e060,train
feb8c2a4336cd771,train
febbc7bc8b752ad5,train
febc8c434cb1290a,train
fec019e27195a466,train
fec08e9a29cc94a9,train
fec2398d60e281db,train
fec7980bb6c47f3a,train
fec91b8d34689274,train
fecd6227d4425745,train
fed2306a65cb19b5,train
fed37115a73634d7,train
fed44fdde92333f0,train
fed51fc75f4e23e7,train
fed71f2ebe52011d,train
fed90782cfa4b70b,train
fed917bd7cd1adfc,train
fedacb4c31112007,train
fedca17f2452dcf0,train
fede06e2e2e40388,train
fee5881bc1c3c521,train
fee715ce016dda53,train
feec248019cd14b4,train
fef30a91cca781d1,train
fef37ba9fe0affb5,train
fefc512d141baf1d,train
fefc9932c72b6d17,train
fefd7f0ff46f1519,train
fefebd53fd66aa79,train
feff60ced06d5f75,train
ff01aa907c3bee67,train
ff042fd3a53cabbf,train
ff050f9321eb0455,train
ff050f9321eb0455-2,train
ff050f9321eb0455-3,train
ff050f9321eb0455-4,train
ff050f9321eb0455-5,train
ff0553eb31ee3fc5,train
ff07d5ba33b1e7ee,train
ff08b2a568bbde8b,train
ff0c21a51747386e,train
ff0e43e2e35296de,train
ff13c45f30ea6c44,train
ff13debec0622522,train
ff13f2e8f971c117,train
ff17b918d6ae6917,train
ff17efdf7d40125d,train
ff1a4a94e58bfa6a,train
ff2bc3e147c47550,train
ff2eef6f84a7e0fb,train
ff2fe3df7a64094a,train
ff304c0e99929018,train
ff30835769e654d9,train
ff30936158ec17af,train
ff3151c26cf6eab4,train
ff31a5bee8da4df2,train
ff3332c4bd58125a,train
ff3433bdfd126c9f,train
ff3a228b409319ec,train
ff3b81aee1c7deab,train
ff425de97ffaa1ca,train
ff4405d7de64c67c,train
ff453d51ed0cd07b,train
ff457eec2b767ec2,train
ff45cc1c19434958,train
ff476ed5c24af2bd,train
ff49bc92a66d02ce,train
ff4a4a2cded97139,train
ff4a8ed8757f774b,train
ff4d27dc71b352de,train
ff4de242b5bcd4cc,train
ff4edd6eb9562e94,train
ff5109bf35e13516,train
ff514a79dfa25527,train
ff52b314b4a815a1,train
ff536d4440f8a534,train
ff5d9e3bd8f2361f,train
ff5f869f6a903c9a,train
ff627aeca7a68b3c,train
ff64a5903ebcf7a7,train
ff67a360aca1fe73,train
ff68253d6cefce57,train
ff68f276b62cf45b,train
ff6d41da9c2922b0,train
ff6db71ef0afbcd8,train
ff6dd7d8ed9f055b,train
ff6f2506aa587650,train
ff6f6054fd3f3a52,train
ff6f74b51620e1c4,train
ff701b8980058463,train
ff718661eec2afd0,train
ff72892fedb81ea2,train
ff72e422e2c46f34,train
ff76cfc4e94d7961,train
ff77a6ef5ae155c5,train
ff79487155aec3e8,train
ff794c3dd138015b,train
ff8127af3deebc72,train
ff820f8339b3c932,train
ff8390bd0f76012c,train
ff857fbb54c49b4a,train
ff85a887e6e6ce9d,train
ff87519ecd452646,train
ff8c20f94cdf468b,train
ff8ee024cb0b9252,train
ff8f4929299b1f6e,train
ff8f5bf819694776,train
ff918696f974ec9b,train
ff93018d1e94b545,train
ff932234b8d4b323,train
ff94b8ffda4d5427,train
ff97d78b73645cc6,train
ff9b7d60d8e6571d,train
ff9c206efba95344,train
ff9db421cb0f4a4f,train
ff9fe30495f3d7c4,train
ffa010244306c1c1,train
ffa2cebcfaea9f8d,train
ffa4d1dc68cf745c,train
ffa52e4f9afd2dec,train
ffaf1c11df53700a,train
ffb1cb9087dc7e61,train
ffb30d027f1967ca,train
ffb440201911bbf4,train
ffb53811a78bb28b,train
ffb81a84ee18cdd8,train
ffb867edce9a0e31,train
ffb982a2cdc05992,train
ffbb41c0334ff0b5,train
ffbb976574fe2f98,train
ffbe3824789dd4d5,train
ffbe9c7bda285719,train
ffc5352ff6d244f0,train
ffc5ea74ba45e40c,train
ffc6ab06df79cea9,train
ffc92fdeae17d8f2,train
ffcb08d9f33785cb,train
ffcdcf7a8da6182e,train
ffd31af8fd8c04bf,train
ffd33da0a48585ff,train
ffd40a3e4c62012c,train
ffd8726480e495e0,train
ffdf16d6cc0c1980,train
ffe07eb0a331d6e2,train
ffe1feb106b95033,train
ffe5dcc3a35ec078,train
ffe734e103c1fb59,train
ffe85670d446846d,train
ffef313fa5fc0f0a,train
fff3b8d1dbc45e85,train
fff8e1ba9c7366d6,train
fff98108f35fcbff,train
fffa68f1fafbf10c,train
fffc0296b87c4a20,train
fffd85f0c7dd296d,train
