record_id,split
1.json,train
100.json,train
1000.json,train
10000.json,train
10001.json,train
10002.json,train
10003.json,train
10005.json,train
10006.json,train
10007.json,train
10008.json,train
10009.json,train
1001.json,train
10010.json,train
10012.json,train
10013.json,train
10016.json,train
10017.json,train
10018.json,train
10019.json,train
1002.json,train
10020.json,train
10021.json,train
10022.json,train
10023.json,train
10025.json,train
10026.json,train
10027.json,train
10028.json,train
1003.json,train
10030.json,train
10031.json,train
10032.json,train
10033.json,train
10035.json,train
10036.json,train
10037.json,train
10038.json,train
10039.json,train
1004.json,train
10042.json,train
10043.json,train
10044.json,train
10045.json,train
10046.json,train
10047.json,train
10048.json,train
10049.json,train
10050.json,train
10051.json,train
10052.json,train
10053.json,train
10054.json,train
10056.json,train
10057.json,train
10058.json,train
1006.json,train
10062.json,train
10063.json,train
10065.json,train
10066.json,train
10067.json,train
1007.json,train
10070.json,train
10072.json,train
10074.json,train
10075.json,train
10076.json,train
10077.json,train
10078.json,train
10079.json,train
10080.json,train
10081.json,train
10082.json,train
10083.json,train
10086.json,train
10087.json,train
10088.json,train
1009.json,train
10090.json,train
10092.json,train
10093.json,train
10094.json,train
10095.json,train
10096.json,train
10098.json,train
10099.json,train
10100.json,train
10101.json,train
10103.json,train
10104.json,train
10105.json,train
10106.json,train
10107.json,train
10108.json,train
10109.json,train
1011.json,train
10110.json,train
10112.json,train
10113.json,train
10115.json,train
10116.json,train
10118.json,train
10119.json,train
10120.json,train
10121.json,train
10122.json,train
10123.json,train
10124.json,train
10125.json,train
10129.json,train
1013.json,train
10130.json,train
10131.json,train
10132.json,train
10133.json,train
10134.json,train
10136.json,train
10137.json,train
10138.json,train
10139.json,train
1014.json,train
10141.json,train
10142.json,train
10143.json,train
10144.json,train
10145.json,train
10146.json,train
10148.json,train
10149.json,train
10151.json,train
10152.json,train
10153.json,train
10154.json,train
10156.json,train
10157.json,train
10158.json,train
1016.json,train
10161.json,train
10162.json,train
10165.json,train
10166.json,train
10168.json,train
10169.json,train
1017.json,train
10170.json,train
10171.json,train
10172.json,train
10173.json,train
10174.json,train
10177.json,train
10178.json,train
10179.json,train
10180.json,train
10181.json,train
10182.json,train
10183.json,train
10184.json,train
10185.json,train
10186.json,train
10187.json,train
10188.json,train
10189.json,train
10190.json,train
10192.json,train
10193.json,train
10194.json,train
10195.json,train
10196.json,train
10197.json,train
10198.json,train
10199.json,train
10200.json,train
10201.json,train
10203.json,train
10204.json,train
10205.json,train
10206.json,train
10207.json,train
10209.json,train
1021.json,train
10210.json,train
10211.json,train
10212.json,train
10213.json,train
10214.json,train
10215.json,train
10216.json,train
10217.json,train
10219.json,train
1022.json,train
10220.json,train
10221.json,train
10222.json,train
10224.json,train
10225.json,train
10226.json,train
10227.json,train
10229.json,train
1023.json,train
10230.json,train
10231.json,train
10233.json,train
10235.json,train
10236.json,train
10237.json,train
10238.json,train
10239.json,train
10240.json,train
10241.json,train
10242.json,train
10244.json,train
10245.json,train
10246.json,train
10247.json,train
10249.json,train
10252.json,train
10254.json,train
10255.json,train
10256.json,train
10257.json,train
10258.json,train
10259.json,train
10260.json,train
10261.json,train
10262.json,train
10263.json,train
10265.json,train
10266.json,train
10267.json,train
1027.json,train
10272.json,train
10274.json,train
10275.json,train
10276.json,train
10277.json,train
10278.json,train
10279.json,train
1028.json,train
10280.json,train
10281.json,train
10284.json,train
10285.json,train
10286.json,train
10287.json,train
10288.json,train
10289.json,train
1029.json,train
10291.json,train
10292.json,train
10295.json,train
10296.json,train
10297.json,train
10298.json,train
10299.json,train
1030.json,train
10302.json,train
10303.json,train
10304.json,train
10305.json,train
10306.json,train
10307.json,train
10308.json,train
1031.json,train
10310.json,train
10311.json,train
10312.json,train
10314.json,train
10316.json,train
10317.json,train
10318.json,train
10319.json,train
1032.json,train
10320.json,train
10321.json,train
10322.json,train
10323.json,train
10324.json,train
10325.json,train
10326.json,train
10327.json,train
10328.json,train
10329.json,train
10330.json,train
10331.json,train
10332.json,train
10333.json,train
10338.json,train
10339.json,train
1034.json,train
10342.json,train
10343.json,train
10344.json,train
10345.json,train
10346.json,train
10347.json,train
10348.json,train
10349.json,train
1035.json,train
10350.json,train
10352.json,train
10353.json,train
10354.json,train
10356.json,train
10357.json,train
10358.json,train
10359.json,train
1036.json,train
10360.json,train
10361.json,train
10362.json,train
10363.json,train
10364.json,train
10365.json,train
10366.json,train
10367.json,train
10368.json,train
10369.json,train
1037.json,train
10370.json,train
10374.json,train
10375.json,train
10377.json,train
10378.json,train
10379.json,train
1038.json,train
10380.json,train
10381.json,train
10382.json,train
10383.json,train
10384.json,train
10386.json,train
10387.json,train
10389.json,train
1039.json,train
10390.json,train
10391.json,train
10392.json,train
10393.json,train
10394.json,train
10395.json,train
10396.json,train
10397.json,train
10398.json,train
104.json,train
1040.json,train
10400.json,train
10401.json,train
10402.json,train
10403.json,train
10404.json,train
10405.json,train
10406.json,train
10408.json,train
10409.json,train
1041.json,train
10410.json,train
10411.json,train
10412.json,train
10415.json,train
10417.json,train
10418.json,train
10419.json,train
1042.json,train
10420.json,train
10421.json,train
10422.json,train
10423.json,train
10425.json,train
10426.json,train
10427.json,train
10428.json,train
10429.json,train
1043.json,train
10430.json,train
10432.json,train
10433.json,train
10434.json,train
10435.json,train
10437.json,train
10439.json,train
1044.json,train
10440.json,train
10441.json,train
10442.json,train
10444.json,train
10445.json,train
10446.json,train
10447.json,train
10449.json,train
1045.json,train
10452.json,train
10453.json,train
10455.json,train
10456.json,train
10458.json,train
10459.json,train
10460.json,train
10462.json,train
10463.json,train
10464.json,train
10465.json,train
10469.json,train
1047.json,train
10470.json,train
10471.json,train
10472.json,train
10475.json,train
10476.json,train
10477.json,train
10478.json,train
10479.json,train
1048.json,train
10480.json,train
10482.json,train
10483.json,train
10485.json,train
10487.json,train
10488.json,train
10489.json,train
1049.json,train
10490.json,train
10491.json,train
10492.json,train
10494.json,train
10495.json,train
10496.json,train
10497.json,train
10498.json,train
10499.json,train
1050.json,train
10500.json,train
10501.json,train
10503.json,train
10504.json,train
10505.json,train
10507.json,train
10508.json,train
10509.json,train
10510.json,train
10511.json,train
10513.json,train
10514.json,train
10515.json,train
10518.json,train
10519.json,train
10520.json,train
10522.json,train
10523.json,train
10525.json,train
10526.json,train
10527.json,train
10528.json,train
10529.json,train
1053.json,train
10530.json,train
10531.json,train
10532.json,train
10533.json,train
10535.json,train
10536.json,train
10539.json,train
1054.json,train
10540.json,train
10542.json,train
10545.json,train
10546.json,train
10548.json,train
10550.json,train
10551.json,train
10552.json,train
10553.json,train
10554.json,train
10555.json,train
10557.json,train
10558.json,train
10559.json,train
1056.json,train
10560.json,train
10562.json,train
10563.json,train
10564.json,train
10565.json,train
10566.json,train
10568.json,train
10569.json,train
1057.json,train
10570.json,train
10572.json,train
10573.json,train
10574.json,train
10575.json,train
10576.json,train
10577.json,train
10578.json,train
10579.json,train
1058.json,train
10580.json,train
10581.json,train
10582.json,train
10583.json,train
10584.json,train
10585.json,train
10586.json,train
10587.json,train
10588.json,train
10589.json,train
1059.json,train
10590.json,train
10591.json,train
10592.json,train
10593.json,train
10596.json,train
10598.json,train
106.json,train
1060.json,train
10600.json,train
10601.json,train
10602.json,train
10603.json,train
10604.json,train
10608.json,train
10609.json,train
10610.json,train
10611.json,train
10612.json,train
10613.json,train
10615.json,train
10616.json,train
10617.json,train
10618.json,train
10619.json,train
1062.json,train
10620.json,train
10621.json,train
10622.json,train
10624.json,train
10626.json,train
10627.json,train
10628.json,train
10629.json,train
1063.json,train
10630.json,train
10632.json,train
10635.json,train
10636.json,train
10639.json,train
1064.json,train
10640.json,train
10643.json,train
10644.json,train
10645.json,train
10647.json,train
10648.json,train
10649.json,train
10650.json,train
10651.json,train
10652.json,train
10653.json,train
10654.json,train
10655.json,train
10656.json,train
10657.json,train
10659.json,train
10660.json,train
10661.json,train
10662.json,train
10663.json,train
10664.json,train
10665.json,train
10666.json,train
10667.json,train
10668.json,train
10669.json,train
1067.json,train
10670.json,train
10671.json,train
10673.json,train
10674.json,train
10675.json,train
10676.json,train
10677.json,train
10678.json,train
10679.json,train
1068.json,train
10680.json,train
10681.json,train
10682.json,train
10683.json,train
10684.json,train
10686.json,train
10687.json,train
10688.json,train
10689.json,train
1069.json,train
10690.json,train
10691.json,train
10692.json,train
10693.json,train
10694.json,train
10696.json,train
10697.json,train
10698.json,train
107.json,train
1070.json,train
10701.json,train
10703.json,train
10704.json,train
10705.json,train
10706.json,train
10707.json,train
10709.json,train
1071.json,train
10711.json,train
10712.json,train
10713.json,train
10714.json,train
10716.json,train
10718.json,train
10719.json,train
1072.json,train
10720.json,train
10723.json,train
10724.json,train
10725.json,train
10726.json,train
10727.json,train
10728.json,train
10729.json,train
1073.json,train
10730.json,train
10731.json,train
10732.json,train
10733.json,train
10734.json,train
10735.json,train
10736.json,train
10737.json,train
10738.json,train
10741.json,train
10742.json,train
10743.json,train
10744.json,train
10745.json,train
10746.json,train
10747.json,train
10748.json,train
10751.json,train
10752.json,train
10753.json,train
10755.json,train
10756.json,train
10758.json,train
10759.json,train
1076.json,train
10760.json,train
10761.json,train
10762.json,train
10763.json,train
10764.json,train
10765.json,train
10766.json,train
10768.json,train
10769.json,train
1077.json,train
10771.json,train
10772.json,train
10775.json,train
10776.json,train
10777.json,train
10778.json,train
10779.json,train
1078.json,train
10780.json,train
10781.json,train
10782.json,train
10784.json,train
10786.json,train
10787.json,train
10788.json,train
10789.json,train
1079.json,train
10790.json,train
10791.json,train
10792.json,train
10795.json,train
10796.json,train
10797.json,train
10798.json,train
108.json,train
1080.json,train
10801.json,train
10802.json,train
10803.json,train
10804.json,train
10805.json,train
10807.json,train
10808.json,train
10809.json,train
1081.json,train
10810.json,train
10811.json,train
10812.json,train
10813.json,train
10819.json,train
10820.json,train
10821.json,train
10823.json,train
10824.json,train
10825.json,train
10826.json,train
10828.json,train
10829.json,train
1083.json,train
10830.json,train
10831.json,train
10832.json,train
10833.json,train
10834.json,train
10835.json,train
10836.json,train
10837.json,train
10838.json,train
10840.json,train
10841.json,train
10842.json,train
10843.json,train
10844.json,train
10845.json,train
10847.json,train
10848.json,train
10849.json,train
1085.json,train
10850.json,train
10851.json,train
10854.json,train
10855.json,train
10856.json,train
10857.json,train
10859.json,train
1086.json,train
10860.json,train
10861.json,train
10862.json,train
10863.json,train
10865.json,train
10866.json,train
10867.json,train
10868.json,train
10870.json,train
10872.json,train
10874.json,train
10875.json,train
10876.json,train
10877.json,train
10878.json,train
10879.json,train
10880.json,train
10882.json,train
10884.json,train
10885.json,train
10886.json,train
10887.json,train
10889.json,train
1089.json,train
10890.json,train
10891.json,train
10892.json,train
10894.json,train
109.json,train
1090.json,train
10900.json,train
10901.json,train
10903.json,train
10904.json,train
10907.json,train
10908.json,train
10909.json,train
10910.json,train
10912.json,train
10913.json,train
10915.json,train
10916.json,train
10918.json,train
10919.json,train
1092.json,train
10920.json,train
10921.json,train
10922.json,train
10923.json,train
10924.json,train
10925.json,train
10926.json,train
10928.json,train
10929.json,train
10930.json,train
10931.json,train
10932.json,train
10933.json,train
10934.json,train
10936.json,train
10937.json,train
10938.json,train
10939.json,train
1094.json,train
10940.json,train
10941.json,train
10944.json,train
10945.json,train
10946.json,train
10947.json,train
10949.json,train
1095.json,train
10951.json,train
10952.json,train
10953.json,train
10954.json,train
10955.json,train
10958.json,train
1096.json,train
10960.json,train
10961.json,train
10964.json,train
10965.json,train
10966.json,train
10967.json,train
10968.json,train
10969.json,train
1097.json,train
10970.json,train
10972.json,train
10973.json,train
10974.json,train
10975.json,train
10979.json,train
1098.json,train
10980.json,train
10981.json,train
10982.json,train
10983.json,train
10984.json,train
10985.json,train
10986.json,train
10987.json,train
10988.json,train
10989.json,train
1099.json,train
10990.json,train
10993.json,train
10994.json,train
10995.json,train
10996.json,train
10997.json,train
10998.json,train
10999.json,train
11.json,train
1100.json,train
11001.json,train
11002.json,train
11003.json,train
11006.json,train
11007.json,train
11008.json,train
11009.json,train
1101.json,train
11010.json,train
11011.json,train
11012.json,train
11013.json,train
11014.json,train
11016.json,train
11018.json,train
11019.json,train
1102.json,train
11020.json,train
11021.json,train
11022.json,train
11023.json,train
11024.json,train
11026.json,train
11027.json,train
11028.json,train
11029.json,train
11030.json,train
11031.json,train
11032.json,train
11033.json,train
11034.json,train
11037.json,train
11038.json,train
11039.json,train
1104.json,train
11040.json,train
11041.json,train
11042.json,train
11043.json,train
11044.json,train
11045.json,train
11046.json,train
11049.json,train
1105.json,train
11052.json,train
11054.json,train
11055.json,train
11056.json,train
11057.json,train
11058.json,train
11059.json,train
11060.json,train
11061.json,train
11062.json,train
11063.json,train
11065.json,train
11066.json,train
11067.json,train
11068.json,train
1107.json,train
11070.json,train
11071.json,train
11072.json,train
11073.json,train
11074.json,train
11075.json,train
11076.json,train
11077.json,train
11078.json,train
11079.json,train
1108.json,train
11081.json,train
11082.json,train
11084.json,train
11085.json,train
11086.json,train
11087.json,train
11088.json,train
11089.json,train
11091.json,train
11092.json,train
11093.json,train
11095.json,train
11097.json,train
11098.json,train
11099.json,train
1110.json,train
11100.json,train
11102.json,train
11103.json,train
11104.json,train
11105.json,train
11106.json,train
11107.json,train
11108.json,train
11109.json,train
1111.json,train
11110.json,train
11111.json,train
11112.json,train
11113.json,train
11114.json,train
11116.json,train
11117.json,train
1112.json,train
11120.json,train
11122.json,train
11123.json,train
11125.json,train
11127.json,train
11128.json,train
11129.json,train
1113.json,train
11130.json,train
11131.json,train
11132.json,train
11136.json,train
11137.json,train
11138.json,train
1114.json,train
11140.json,train
11141.json,train
11143.json,train
11144.json,train
11145.json,train
11147.json,train
11148.json,train
11149.json,train
1115.json,train
11151.json,train
11152.json,train
11153.json,train
11155.json,train
11156.json,train
11157.json,train
11158.json,train
11159.json,train
1116.json,train
11160.json,train
11161.json,train
11162.json,train
11163.json,train
11164.json,train
11165.json,train
11168.json,train
1117.json,train
11171.json,train
11172.json,train
11173.json,train
11174.json,train
11176.json,train
11178.json,train
11179.json,train
1118.json,train
11182.json,train
11183.json,train
11186.json,train
11187.json,train
11188.json,train
11189.json,train
11190.json,train
11192.json,train
11193.json,train
11194.json,train
11195.json,train
11196.json,train
11197.json,train
11198.json,train
11199.json,train
112.json,train
11201.json,train
11202.json,train
11203.json,train
11204.json,train
11205.json,train
11206.json,train
11207.json,train
11208.json,train
11209.json,train
11210.json,train
11211.json,train
11213.json,train
11214.json,train
11215.json,train
11216.json,train
11217.json,train
11219.json,train
11220.json,train
11221.json,train
11222.json,train
11223.json,train
11224.json,train
11225.json,train
11227.json,train
11228.json,train
1123.json,train
11231.json,train
11232.json,train
11233.json,train
11234.json,train
11236.json,train
11237.json,train
11238.json,train
11239.json,train
11240.json,train
11241.json,train
11244.json,train
11245.json,train
11246.json,train
11247.json,train
11249.json,train
1125.json,train
11250.json,train
11251.json,train
11252.json,train
11253.json,train
11254.json,train
11255.json,train
11257.json,train
11258.json,train
11259.json,train
1126.json,train
11263.json,train
11264.json,train
11265.json,train
11266.json,train
11267.json,train
11268.json,train
1127.json,train
11270.json,train
11273.json,train
11274.json,train
11275.json,train
11277.json,train
11278.json,train
11279.json,train
11280.json,train
11281.json,train
11282.json,train
11283.json,train
11285.json,train
11286.json,train
11287.json,train
11289.json,train
11290.json,train
11291.json,train
11292.json,train
11293.json,train
11294.json,train
11295.json,train
11299.json,train
113.json,train
1130.json,train
11300.json,train
11301.json,train
11302.json,train
11304.json,train
11305.json,train
11306.json,train
11309.json,train
1131.json,train
11310.json,train
11311.json,train
11312.json,train
11313.json,train
11314.json,train
11315.json,train
11316.json,train
11317.json,train
11318.json,train
11319.json,train
1132.json,train
11320.json,train
11321.json,train
11322.json,train
11323.json,train
11325.json,train
11328.json,train
11329.json,train
1133.json,train
11331.json,train
11332.json,train
11333.json,train
11334.json,train
11335.json,train
11336.json,train
1134.json,train
11340.json,train
11341.json,train
11342.json,train
11344.json,train
11346.json,train
11347.json,train
11348.json,train
11349.json,train
1135.json,train
11350.json,train
11352.json,train
11353.json,train
11354.json,train
11355.json,train
11356.json,train
11357.json,train
11358.json,train
1136.json,train
11360.json,train
11361.json,train
11362.json,train
11363.json,train
11364.json,train
11365.json,train
11367.json,train
11368.json,train
11369.json,train
1137.json,train
11371.json,train
11372.json,train
11374.json,train
11376.json,train
11377.json,train
11378.json,train
11379.json,train
11380.json,train
11381.json,train
11382.json,train
11383.json,train
11384.json,train
11385.json,train
11386.json,train
11387.json,train
11388.json,train
11389.json,train
1139.json,train
11390.json,train
11391.json,train
11392.json,train
11393.json,train
11394.json,train
11395.json,train
11396.json,train
11397.json,train
11398.json,train
11399.json,train
114.json,train
1140.json,train
11401.json,train
11402.json,train
11403.json,train
11404.json,train
11405.json,train
11406.json,train
11407.json,train
11408.json,train
1141.json,train
11410.json,train
11411.json,train
11413.json,train
11416.json,train
11417.json,train
11418.json,train
11419.json,train
1142.json,train
11421.json,train
11422.json,train
11423.json,train
11424.json,train
11425.json,train
11426.json,train
11427.json,train
11428.json,train
11429.json,train
1143.json,train
11430.json,train
11431.json,train
11432.json,train
1144.json,train
11440.json,train
11441.json,train
11444.json,train
11446.json,train
11448.json,train
1145.json,train
11450.json,train
11451.json,train
11452.json,train
11453.json,train
11454.json,train
11455.json,train
11456.json,train
11457.json,train
11458.json,train
1146.json,train
11460.json,train
11461.json,train
11462.json,train
11463.json,train
11465.json,train
11466.json,train
11467.json,train
11468.json,train
11470.json,train
11477.json,train
11478.json,train
11479.json,train
1148.json,train
11480.json,train
11481.json,train
11483.json,train
11484.json,train
11486.json,train
11487.json,train
11488.json,train
11489.json,train
1149.json,train
11490.json,train
11491.json,train
11492.json,train
11494.json,train
11495.json,train
11496.json,train
11497.json,train
11498.json,train
11499.json,train
115.json,train
11500.json,train
11501.json,train
11502.json,train
11503.json,train
11504.json,train
11505.json,train
11506.json,train
11507.json,train
11508.json,train
11509.json,train
1151.json,train
11510.json,train
11511.json,train
11512.json,train
11513.json,train
11514.json,train
11515.json,train
11517.json,train
1152.json,train
11520.json,train
11521.json,train
11522.json,train
11523.json,train
11524.json,train
11525.json,train
11527.json,train
11528.json,train
11529.json,train
1153.json,train
11530.json,train
11531.json,train
11532.json,train
11533.json,train
11534.json,train
11535.json,train
11536.json,train
11537.json,train
11538.json,train
1154.json,train
11541.json,train
11542.json,train
11543.json,train
11544.json,train
11547.json,train
11548.json,train
11549.json,train
1155.json,train
11550.json,train
11551.json,train
11552.json,train
11553.json,train
11554.json,train
11555.json,train
11556.json,train
11558.json,train
11561.json,train
11564.json,train
11565.json,train
11566.json,train
11567.json,train
11569.json,train
1157.json,train
11570.json,train
11571.json,train
11572.json,train
11575.json,train
11576.json,train
11577.json,train
11578.json,train
11579.json,train
11580.json,train
11581.json,train
11582.json,train
11583.json,train
11585.json,train
11586.json,train
11587.json,train
11589.json,train
1159.json,train
11591.json,train
11592.json,train
11593.json,train
11594.json,train
11595.json,train
11596.json,train
11597.json,train
11599.json,train
116.json,train
1160.json,train
11600.json,train
11602.json,train
11604.json,train
11605.json,train
11606.json,train
11607.json,train
11608.json,train
11609.json,train
1161.json,train
11610.json,train
11611.json,train
11613.json,train
11614.json,train
11616.json,train
11617.json,train
11618.json,train
11619.json,train
1162.json,train
11620.json,train
11621.json,train
11622.json,train
11623.json,train
11624.json,train
11626.json,train
11627.json,train
11628.json,train
11629.json,train
1163.json,train
11631.json,train
11632.json,train
11633.json,train
11634.json,train
11635.json,train
11636.json,train
11637.json,train
11638.json,train
1164.json,train
11640.json,train
11641.json,train
11642.json,train
11643.json,train
11644.json,train
11645.json,train
11646.json,train
11648.json,train
11649.json,train
11650.json,train
11651.json,train
11653.json,train
11656.json,train
11657.json,train
11659.json,train
1166.json,train
11660.json,train
11662.json,train
11665.json,train
11666.json,train
11667.json,train
11668.json,train
1167.json,train
11671.json,train
11673.json,train
11674.json,train
11675.json,train
11676.json,train
11677.json,train
11679.json,train
1168.json,train
11680.json,train
11681.json,train
11682.json,train
11683.json,train
11686.json,train
11688.json,train
1169.json,train
11690.json,train
11692.json,train
11693.json,train
11694.json,train
11695.json,train
11696.json,train
11697.json,train
11698.json,train
11699.json,train
117.json,train
1170.json,train
11700.json,train
11702.json,train
11703.json,train
11705.json,train
11706.json,train
11707.json,train
11709.json,train
1171.json,train
11710.json,train
11712.json,train
11713.json,train
11714.json,train
11715.json,train
11716.json,train
11717.json,train
11718.json,train
11719.json,train
1172.json,train
11720.json,train
11721.json,train
11722.json,train
11723.json,train
11724.json,train
11725.json,train
11727.json,train
11728.json,train
11729.json,train
1173.json,train
11730.json,train
11731.json,train
11733.json,train
11734.json,train
11735.json,train
11737.json,train
11738.json,train
11739.json,train
1174.json,train
11740.json,train
11741.json,train
11742.json,train
11743.json,train
11744.json,train
11745.json,train
11746.json,train
11747.json,train
11748.json,train
11749.json,train
11752.json,train
11754.json,train
11755.json,train
11756.json,train
11757.json,train
11758.json,train
11759.json,train
1176.json,train
11760.json,train
11762.json,train
11763.json,train
11765.json,train
11767.json,train
11769.json,train
1177.json,train
11770.json,train
11771.json,train
11772.json,train
11775.json,train
11776.json,train
11779.json,train
1178.json,train
11783.json,train
11784.json,train
11785.json,train
11786.json,train
11787.json,train
11788.json,train
11789.json,train
1179.json,train
11790.json,train
11791.json,train
11793.json,train
11795.json,train
11798.json,train
118.json,train
1180.json,train
11800.json,train
11803.json,train
11804.json,train
11806.json,train
11808.json,train
11809.json,train
1181.json,train
11810.json,train
11811.json,train
11812.json,train
11813.json,train
11814.json,train
11815.json,train
11816.json,train
11817.json,train
11818.json,train
11819.json,train
1182.json,train
11820.json,train
11821.json,train
11822.json,train
11823.json,train
11824.json,train
11826.json,train
11827.json,train
11828.json,train
11829.json,train
1183.json,train
11830.json,train
11831.json,train
11833.json,train
11834.json,train
11835.json,train
11836.json,train
11842.json,train
11843.json,train
11844.json,train
11845.json,train
11846.json,train
11848.json,train
11849.json,train
1185.json,train
11850.json,train
11851.json,train
11852.json,train
11853.json,train
11855.json,train
11856.json,train
11858.json,train
1186.json,train
11860.json,train
11862.json,train
11866.json,train
11868.json,train
11870.json,train
11872.json,train
11874.json,train
11876.json,train
11877.json,train
11878.json,train
1188.json,train
11880.json,train
11881.json,train
11882.json,train
11884.json,train
11885.json,train
11886.json,train
11888.json,train
11889.json,train
11890.json,train
11891.json,train
11892.json,train
11894.json,train
11896.json,train
11897.json,train
11899.json,train
119.json,train
1190.json,train
11900.json,train
11901.json,train
11902.json,train
11903.json,train
11904.json,train
11905.json,train
11906.json,train
11907.json,train
11909.json,train
1191.json,train
11912.json,train
11914.json,train
11915.json,train
11916.json,train
11918.json,train
11919.json,train
1192.json,train
11920.json,train
11921.json,train
11922.json,train
11926.json,train
11927.json,train
11928.json,train
11929.json,train
1193.json,train
11930.json,train
11931.json,train
11932.json,train
11933.json,train
11934.json,train
11935.json,train
11936.json,train
11937.json,train
11938.json,train
11939.json,train
1194.json,train
11940.json,train
11942.json,train
11944.json,train
11945.json,train
11947.json,train
11948.json,train
11949.json,train
1195.json,train
11950.json,train
11951.json,train
11952.json,train
11953.json,train
11954.json,train
11956.json,train
11958.json,train
11959.json,train
1196.json,train
11960.json,train
11961.json,train
11962.json,train
11963.json,train
11964.json,train
11965.json,train
11968.json,train
11969.json,train
1197.json,train
11971.json,train
11973.json,train
11974.json,train
11975.json,train
11976.json,train
11977.json,train
11979.json,train
1198.json,train
11980.json,train
11981.json,train
11982.json,train
11983.json,train
11984.json,train
11988.json,train
11989.json,train
11990.json,train
11991.json,train
11992.json,train
11993.json,train
11994.json,train
11995.json,train
11996.json,train
11997.json,train
11998.json,train
11999.json,train
120.json,train
1200.json,train
12000.json,train
12001.json,train
12002.json,train
12004.json,train
12007.json,train
12008.json,train
1201.json,train
12010.json,train
12013.json,train
12014.json,train
12016.json,train
12017.json,train
12018.json,train
12019.json,train
1202.json,train
12020.json,train
12021.json,train
12022.json,train
12023.json,train
12027.json,train
12028.json,train
12029.json,train
1203.json,train
12030.json,train
12032.json,train
12034.json,train
12035.json,train
12036.json,train
12038.json,train
12039.json,train
1204.json,train
12040.json,train
12041.json,train
12043.json,train
12044.json,train
12045.json,train
12046.json,train
12047.json,train
12048.json,train
12049.json,train
1205.json,train
12053.json,train
12054.json,train
12055.json,train
12056.json,train
12057.json,train
12059.json,train
1206.json,train
12061.json,train
12062.json,train
12063.json,train
12064.json,train
12066.json,train
12067.json,train
12068.json,train
12069.json,train
1207.json,train
12070.json,train
12071.json,train
12073.json,train
12074.json,train
12075.json,train
12076.json,train
12077.json,train
12078.json,train
12079.json,train
1208.json,train
12080.json,train
12081.json,train
12082.json,train
12083.json,train
12085.json,train
12086.json,train
12088.json,train
12090.json,train
12091.json,train
12092.json,train
12094.json,train
12095.json,train
12096.json,train
12097.json,train
12099.json,train
1210.json,train
12100.json,train
12102.json,train
12103.json,train
12104.json,train
12105.json,train
12106.json,train
12107.json,train
12108.json,train
12109.json,train
1211.json,train
12110.json,train
12111.json,train
12112.json,train
12113.json,train
12114.json,train
12116.json,train
12118.json,train
12119.json,train
12120.json,train
12123.json,train
12124.json,train
12125.json,train
12126.json,train
12127.json,train
12129.json,train
1213.json,train
12130.json,train
12133.json,train
12135.json,train
12136.json,train
12137.json,train
12138.json,train
12139.json,train
1214.json,train
12142.json,train
12143.json,train
12144.json,train
12145.json,train
12146.json,train
12147.json,train
12148.json,train
12149.json,train
12150.json,train
12151.json,train
12152.json,train
12153.json,train
12155.json,train
1216.json,train
12161.json,train
12162.json,train
12163.json,train
12164.json,train
12165.json,train
12166.json,train
1217.json,train
12170.json,train
12171.json,train
12172.json,train
12173.json,train
12174.json,train
12175.json,train
12177.json,train
1218.json,train
12180.json,train
12181.json,train
12182.json,train
12183.json,train
12184.json,train
12185.json,train
12186.json,train
12188.json,train
12189.json,train
1219.json,train
12191.json,train
12192.json,train
12193.json,train
12194.json,train
12198.json,train
12199.json,train
122.json,train
1220.json,train
12200.json,train
12201.json,train
12204.json,train
12206.json,train
12207.json,train
12208.json,train
12209.json,train
1221.json,train
12211.json,train
12212.json,train
12213.json,train
12215.json,train
12216.json,train
12217.json,train
12218.json,train
12219.json,train
1222.json,train
12220.json,train
12222.json,train
12223.json,train
12224.json,train
12226.json,train
12227.json,train
12228.json,train
12229.json,train
1223.json,train
12230.json,train
12231.json,train
12232.json,train
12233.json,train
12235.json,train
12237.json,train
12238.json,train
12239.json,train
1224.json,train
12240.json,train
12241.json,train
12242.json,train
12243.json,train
12245.json,train
12246.json,train
12247.json,train
12248.json,train
12250.json,train
12251.json,train
12252.json,train
12253.json,train
12255.json,train
12256.json,train
12258.json,train
12259.json,train
1226.json,train
12260.json,train
12261.json,train
12262.json,train
12263.json,train
12264.json,train
12265.json,train
12266.json,train
12267.json,train
12268.json,train
12269.json,train
12271.json,train
12274.json,train
12276.json,train
12277.json,train
12278.json,train
12280.json,train
12281.json,train
12282.json,train
12285.json,train
12286.json,train
12288.json,train
12289.json,train
12290.json,train
12291.json,train
12292.json,train
12294.json,train
12295.json,train
12296.json,train
12297.json,train
12298.json,train
12299.json,train
123.json,train
12300.json,train
12302.json,train
12304.json,train
12306.json,train
12307.json,train
12308.json,train
12310.json,train
12311.json,train
12312.json,train
12313.json,train
12314.json,train
12315.json,train
12316.json,train
12317.json,train
12318.json,train
12319.json,train
12320.json,train
12323.json,train
12324.json,train
12325.json,train
12326.json,train
12327.json,train
12328.json,train
12329.json,train
12330.json,train
12332.json,train
12333.json,train
12334.json,train
12335.json,train
12337.json,train
12338.json,train
12339.json,train
12340.json,train
12341.json,train
12342.json,train
12343.json,train
12344.json,train
12345.json,train
12346.json,train
12348.json,train
12349.json,train
12350.json,train
12351.json,train
12352.json,train
12353.json,train
12354.json,train
12355.json,train
12356.json,train
12357.json,train
12358.json,train
12359.json,train
12361.json,train
12363.json,train
12364.json,train
12365.json,train
12367.json,train
12369.json,train
12372.json,train
12373.json,train
12374.json,train
12376.json,train
12377.json,train
12378.json,train
12380.json,train
12382.json,train
12383.json,train
12384.json,train
12385.json,train
12386.json,train
12388.json,train
12389.json,train
1239.json,train
12391.json,train
12395.json,train
12396.json,train
12397.json,train
12399.json,train
124.json,train
12403.json,train
12404.json,train
12405.json,train
12406.json,train
12407.json,train
12408.json,train
12410.json,train
12411.json,train
12412.json,train
12413.json,train
12414.json,train
12415.json,train
12416.json,train
12417.json,train
12418.json,train
12419.json,train
1242.json,train
12420.json,train
12421.json,train
12422.json,train
12423.json,train
12425.json,train
12426.json,train
12428.json,train
12429.json,train
12430.json,train
12434.json,train
12435.json,train
12436.json,train
12439.json,train
1244.json,train
12440.json,train
12441.json,train
12442.json,train
12443.json,train
12444.json,train
12445.json,train
12446.json,train
12447.json,train
12451.json,train
12452.json,train
12453.json,train
12455.json,train
12457.json,train
12458.json,train
12459.json,train
1246.json,train
12460.json,train
12462.json,train
12463.json,train
12464.json,train
12465.json,train
12466.json,train
12467.json,train
12468.json,train
1247.json,train
12470.json,train
12471.json,train
12472.json,train
12473.json,train
12474.json,train
12475.json,train
12476.json,train
12477.json,train
12480.json,train
12481.json,train
12483.json,train
12484.json,train
12485.json,train
12486.json,train
12488.json,train
1249.json,train
12490.json,train
12491.json,train
12492.json,train
12495.json,train
12496.json,train
12497.json,train
12498.json,train
12499.json,train
1250.json,train
12500.json,train
12501.json,train
12502.json,train
12503.json,train
12504.json,train
12505.json,train
12506.json,train
12507.json,train
12508.json,train
12510.json,train
12512.json,train
12513.json,train
12514.json,train
12517.json,train
12518.json,train
12519.json,train
1252.json,train
12521.json,train
12522.json,train
12523.json,train
12524.json,train
12525.json,train
12527.json,train
12528.json,train
12529.json,train
1253.json,train
12530.json,train
12531.json,train
12532.json,train
12533.json,train
12534.json,train
12535.json,train
12536.json,train
12538.json,train
12539.json,train
1254.json,train
12540.json,train
12543.json,train
12544.json,train
12545.json,train
1255.json,train
12550.json,train
12551.json,train
12552.json,train
12553.json,train
12554.json,train
12556.json,train
12558.json,train
12559.json,train
1256.json,train
12560.json,train
12561.json,train
12563.json,train
12564.json,train
12566.json,train
12567.json,train
12568.json,train
12569.json,train
1257.json,train
12570.json,train
12572.json,train
12573.json,train
12574.json,train
12575.json,train
12576.json,train
12577.json,train
12578.json,train
12579.json,train
1258.json,train
12580.json,train
12581.json,train
12583.json,train
12584.json,train
12585.json,train
12586.json,train
12587.json,train
12588.json,train
12589.json,train
12590.json,train
12591.json,train
12592.json,train
12593.json,train
12594.json,train
12597.json,train
12598.json,train
1260.json,train
12607.json,train
1261.json,train
12614.json,train
12615.json,train
12616.json,train
12618.json,train
12620.json,train
12622.json,train
12623.json,train
12624.json,train
12626.json,train
12628.json,train
12629.json,train
1263.json,train
12630.json,train
12631.json,train
12632.json,train
12634.json,train
12636.json,train
12638.json,train
12639.json,train
12640.json,train
12641.json,train
12642.json,train
12643.json,train
12644.json,train
12649.json,train
1265.json,train
12651.json,train
12652.json,train
12653.json,train
12654.json,train
12655.json,train
12656.json,train
12657.json,train
12658.json,train
12659.json,train
1266.json,train
12660.json,train
12663.json,train
12664.json,train
12665.json,train
12667.json,train
12668.json,train
1267.json,train
12670.json,train
12671.json,train
12673.json,train
12674.json,train
12675.json,train
12676.json,train
12677.json,train
12679.json,train
1268.json,train
12680.json,train
12681.json,train
12682.json,train
12683.json,train
12684.json,train
12685.json,train
12686.json,train
12687.json,train
12688.json,train
12689.json,train
1269.json,train
12691.json,train
12692.json,train
12693.json,train
12694.json,train
12695.json,train
12696.json,train
12697.json,train
12699.json,train
127.json,train
1270.json,train
12700.json,train
12701.json,train
12704.json,train
12705.json,train
12706.json,train
12707.json,train
12708.json,train
12709.json,train
12710.json,train
12711.json,train
12713.json,train
12714.json,train
12715.json,train
12718.json,train
12719.json,train
1272.json,train
12721.json,train
12723.json,train
12724.json,train
12725.json,train
12726.json,train
12727.json,train
12729.json,train
1273.json,train
12730.json,train
12731.json,train
12735.json,train
12736.json,train
12737.json,train
12738.json,train
12739.json,train
1274.json,train
12740.json,train
12741.json,train
12742.json,train
12743.json,train
12744.json,train
12746.json,train
12747.json,train
12748.json,train
1275.json,train
12750.json,train
12753.json,train
12754.json,train
12755.json,train
12757.json,train
12758.json,train
12759.json,train
1276.json,train
12761.json,train
12762.json,train
12764.json,train
12765.json,train
12767.json,train
12769.json,train
1277.json,train
12771.json,train
12772.json,train
12773.json,train
12774.json,train
12775.json,train
12776.json,train
12777.json,train
12778.json,train
12779.json,train
1278.json,train
12780.json,train
12781.json,train
12782.json,train
12783.json,train
12784.json,train
12785.json,train
12788.json,train
1279.json,train
12790.json,train
12792.json,train
12793.json,train
12794.json,train
12795.json,train
12796.json,train
12797.json,train
12799.json,train
128.json,train
12801.json,train
12802.json,train
12804.json,train
12806.json,train
12807.json,train
12809.json,train
1281.json,train
12810.json,train
12811.json,train
12812.json,train
12813.json,train
12814.json,train
12815.json,train
12816.json,train
12817.json,train
12818.json,train
12819.json,train
1282.json,train
12820.json,train
12821.json,train
12822.json,train
12823.json,train
12824.json,train
12825.json,train
12826.json,train
12827.json,train
12828.json,train
12829.json,train
1283.json,train
12830.json,train
12831.json,train
12832.json,train
12835.json,train
12836.json,train
12837.json,train
12839.json,train
1284.json,train
12840.json,train
12842.json,train
12843.json,train
12844.json,train
12845.json,train
12846.json,train
12847.json,train
12848.json,train
12850.json,train
12851.json,train
12852.json,train
12853.json,train
12854.json,train
12856.json,train
12857.json,train
12859.json,train
12861.json,train
12862.json,train
12863.json,train
12864.json,train
12865.json,train
12866.json,train
12867.json,train
12868.json,train
12869.json,train
1287.json,train
12871.json,train
12872.json,train
12874.json,train
12875.json,train
12876.json,train
12878.json,train
12879.json,train
1288.json,train
12880.json,train
12881.json,train
12883.json,train
12884.json,train
12885.json,train
12886.json,train
12887.json,train
12888.json,train
12889.json,train
1289.json,train
12890.json,train
12891.json,train
12892.json,train
12893.json,train
12894.json,train
12895.json,train
12896.json,train
12897.json,train
12899.json,train
129.json,train
12900.json,train
12901.json,train
12902.json,train
12903.json,train
12904.json,train
12905.json,train
12907.json,train
12908.json,train
12909.json,train
1291.json,train
12911.json,train
12912.json,train
12913.json,train
12914.json,train
12915.json,train
12916.json,train
12917.json,train
12918.json,train
12919.json,train
1292.json,train
12920.json,train
12921.json,train
12922.json,train
12923.json,train
12925.json,train
12926.json,train
12928.json,train
1293.json,train
12930.json,train
12931.json,train
12932.json,train
12933.json,train
12934.json,train
12935.json,train
12937.json,train
12938.json,train
12939.json,train
1294.json,train
12940.json,train
12941.json,train
12942.json,train
12944.json,train
12945.json,train
12946.json,train
12947.json,train
12948.json,train
12949.json,train
1295.json,train
12953.json,train
12954.json,train
12955.json,train
12956.json,train
12957.json,train
12958.json,train
12959.json,train
1296.json,train
12960.json,train
12962.json,train
12963.json,train
12964.json,train
12965.json,train
12966.json,train
12967.json,train
12968.json,train
12969.json,train
1297.json,train
12970.json,train
12971.json,train
12972.json,train
12973.json,train
12974.json,train
12978.json,train
12979.json,train
1298.json,train
12980.json,train
12981.json,train
12983.json,train
12984.json,train
12985.json,train
12988.json,train
12989.json,train
1299.json,train
12990.json,train
12992.json,train
12993.json,train
12997.json,train
12998.json,train
12999.json,train
13.json,train
130.json,train
1300.json,train
13001.json,train
13002.json,train
13003.json,train
13004.json,train
13005.json,train
13006.json,train
13008.json,train
13009.json,train
1301.json,train
13010.json,train
13011.json,train
13012.json,train
13013.json,train
13015.json,train
13016.json,train
13017.json,train
13018.json,train
13019.json,train
1302.json,train
13021.json,train
13022.json,train
13024.json,train
13025.json,train
13026.json,train
13027.json,train
1303.json,train
13030.json,train
13031.json,train
13032.json,train
13033.json,train
13034.json,train
13036.json,train
13037.json,train
13038.json,train
13039.json,train
1304.json,train
13041.json,train
13042.json,train
13043.json,train
13044.json,train
13045.json,train
1305.json,train
13050.json,train
13053.json,train
13054.json,train
13055.json,train
13057.json,train
13059.json,train
1306.json,train
13060.json,train
13061.json,train
13062.json,train
13063.json,train
13064.json,train
13065.json,train
13066.json,train
13067.json,train
13068.json,train
13069.json,train
1307.json,train
13070.json,train
13071.json,train
13072.json,train
13073.json,train
13074.json,train
13075.json,train
13076.json,train
13077.json,train
13078.json,train
13079.json,train
1308.json,train
13081.json,train
13082.json,train
13083.json,train
13085.json,train
13086.json,train
13088.json,train
13091.json,train
13092.json,train
13094.json,train
13095.json,train
13097.json,train
13098.json,train
13099.json,train
131.json,train
13100.json,train
13101.json,train
13103.json,train
13104.json,train
13105.json,train
13106.json,train
13107.json,train
13108.json,train
13109.json,train
1311.json,train
13110.json,train
13111.json,train
13112.json,train
13113.json,train
13114.json,train
13115.json,train
13116.json,train
13117.json,train
13118.json,train
13119.json,train
1312.json,train
13120.json,train
13121.json,train
13122.json,train
13124.json,train
13126.json,train
1313.json,train
13131.json,train
13132.json,train
13135.json,train
13136.json,train
13137.json,train
13139.json,train
1314.json,train
13140.json,train
13141.json,train
13142.json,train
13143.json,train
13144.json,train
13145.json,train
13146.json,train
13147.json,train
13148.json,train
13149.json,train
1315.json,train
13150.json,train
13151.json,train
13152.json,train
13154.json,train
13156.json,train
13157.json,train
13158.json,train
13159.json,train
1316.json,train
13160.json,train
13161.json,train
13162.json,train
13163.json,train
13164.json,train
13165.json,train
13166.json,train
13167.json,train
13168.json,train
13169.json,train
1317.json,train
13170.json,train
13171.json,train
13173.json,train
13174.json,train
13175.json,train
13176.json,train
13177.json,train
13178.json,train
13179.json,train
13182.json,train
13183.json,train
13185.json,train
13187.json,train
13188.json,train
13189.json,train
1319.json,train
13191.json,train
13192.json,train
13193.json,train
13194.json,train
13195.json,train
13197.json,train
13198.json,train
13199.json,train
132.json,train
13200.json,train
13201.json,train
13202.json,train
13204.json,train
13205.json,train
13206.json,train
13207.json,train
1321.json,train
13210.json,train
13211.json,train
13212.json,train
13215.json,train
13216.json,train
13217.json,train
13218.json,train
13219.json,train
13220.json,train
13221.json,train
13222.json,train
13223.json,train
13224.json,train
13225.json,train
13226.json,train
13228.json,train
13229.json,train
13232.json,train
13233.json,train
13234.json,train
13235.json,train
13237.json,train
13239.json,train
13240.json,train
13241.json,train
13242.json,train
13243.json,train
13245.json,train
13246.json,train
13247.json,train
13248.json,train
13249.json,train
13250.json,train
13252.json,train
13253.json,train
13254.json,train
13255.json,train
13256.json,train
13257.json,train
13259.json,train
1326.json,train
13260.json,train
13261.json,train
13262.json,train
13263.json,train
13264.json,train
13265.json,train
13266.json,train
13267.json,train
13268.json,train
13269.json,train
1327.json,train
13273.json,train
13274.json,train
13275.json,train
13276.json,train
13277.json,train
13278.json,train
13279.json,train
13280.json,train
13281.json,train
13282.json,train
13283.json,train
13284.json,train
13285.json,train
13286.json,train
13288.json,train
13289.json,train
13290.json,train
13292.json,train
13293.json,train
13294.json,train
13295.json,train
13296.json,train
13297.json,train
13298.json,train
13299.json,train
133.json,train
1330.json,train
13300.json,train
13301.json,train
13302.json,train
13303.json,train
13307.json,train
13308.json,train
13309.json,train
1331.json,train
13310.json,train
13311.json,train
13312.json,train
13313.json,train
13314.json,train
13315.json,train
13316.json,train
13317.json,train
13318.json,train
13319.json,train
1332.json,train
13321.json,train
13323.json,train
13325.json,train
13327.json,train
13328.json,train
13330.json,train
13332.json,train
13333.json,train
13335.json,train
13336.json,train
13337.json,train
13338.json,train
13339.json,train
1334.json,train
13340.json,train
13341.json,train
13343.json,train
13344.json,train
13345.json,train
13346.json,train
13347.json,train
13348.json,train
13349.json,train
13351.json,train
13352.json,train
13353.json,train
13355.json,train
13356.json,train
13357.json,train
13358.json,train
13359.json,train
13360.json,train
13361.json,train
13362.json,train
13363.json,train
13365.json,train
13369.json,train
1337.json,train
13370.json,train
13371.json,train
13372.json,train
13373.json,train
13374.json,train
13376.json,train
13378.json,train
13379.json,train
13380.json,train
13381.json,train
13382.json,train
13383.json,train
13384.json,train
13386.json,train
13387.json,train
13388.json,train
13389.json,train
1339.json,train
13390.json,train
13391.json,train
13392.json,train
13393.json,train
13394.json,train
13395.json,train
13396.json,train
13398.json,train
13399.json,train
134.json,train
1340.json,train
13401.json,train
13404.json,train
13406.json,train
13407.json,train
13408.json,train
1341.json,train
13410.json,train
13411.json,train
13412.json,train
13413.json,train
13414.json,train
13415.json,train
13416.json,train
1342.json,train
13421.json,train
13422.json,train
13424.json,train
13425.json,train
13426.json,train
13427.json,train
13428.json,train
13429.json,train
1343.json,train
13430.json,train
13431.json,train
13432.json,train
13433.json,train
13434.json,train
13435.json,train
13436.json,train
13439.json,train
1344.json,train
13440.json,train
13441.json,train
13442.json,train
13443.json,train
13444.json,train
13445.json,train
13446.json,train
13447.json,train
13449.json,train
1345.json,train
13451.json,train
13452.json,train
13453.json,train
13455.json,train
13456.json,train
13457.json,train
13458.json,train
13459.json,train
1346.json,train
13460.json,train
13461.json,train
13462.json,train
13463.json,train
13464.json,train
13465.json,train
13466.json,train
13469.json,train
1347.json,train
13470.json,train
13471.json,train
13472.json,train
13473.json,train
13474.json,train
13475.json,train
13476.json,train
13478.json,train
13479.json,train
1348.json,train
13482.json,train
13483.json,train
13485.json,train
13489.json,train
1349.json,train
13491.json,train
13492.json,train
13493.json,train
13495.json,train
13497.json,train
13498.json,train
135.json,train
13501.json,train
13503.json,train
13504.json,train
13506.json,train
13507.json,train
13508.json,train
13509.json,train
1351.json,train
13511.json,train
13513.json,train
13514.json,train
13515.json,train
13516.json,train
13517.json,train
13518.json,train
13519.json,train
1352.json,train
13520.json,train
13521.json,train
13522.json,train
13524.json,train
13525.json,train
13528.json,train
13529.json,train
13530.json,train
13531.json,train
1354.json,train
1355.json,train
1356.json,train
1357.json,train
1358.json,train
1359.json,train
136.json,train
1360.json,train
1361.json,train
1362.json,train
1363.json,train
1364.json,train
1365.json,train
1366.json,train
1367.json,train
1368.json,train
1369.json,train
1370.json,train
1371.json,train
1372.json,train
1373.json,train
1374.json,train
1375.json,train
1376.json,train
1377.json,train
1378.json,train
1379.json,train
138.json,train
1381.json,train
1383.json,train
1384.json,train
1386.json,train
1387.json,train
1388.json,train
1389.json,train
1390.json,train
1391.json,train
1392.json,train
1393.json,train
1395.json,train
1396.json,train
1397.json,train
1398.json,train
14.json,train
140.json,train
1400.json,train
1401.json,train
1402.json,train
1403.json,train
1404.json,train
1406.json,train
1407.json,train
1408.json,train
141.json,train
1410.json,train
1411.json,train
1412.json,train
1413.json,train
1414.json,train
1416.json,train
1417.json,train
1419.json,train
142.json,train
1421.json,train
1423.json,train
1424.json,train
1425.json,train
1426.json,train
1427.json,train
1428.json,train
1429.json,train
1430.json,train
1432.json,train
1434.json,train
1435.json,train
1436.json,train
1437.json,train
1438.json,train
1440.json,train
1441.json,train
1442.json,train
1443.json,train
1445.json,train
1446.json,train
1447.json,train
1449.json,train
1451.json,train
1452.json,train
1453.json,train
1454.json,train
1455.json,train
1456.json,train
1457.json,train
1458.json,train
1459.json,train
146.json,train
1463.json,train
1464.json,train
1465.json,train
1466.json,train
1467.json,train
1468.json,train
1469.json,train
147.json,train
1470.json,train
1471.json,train
1473.json,train
1474.json,train
1475.json,train
1476.json,train
1478.json,train
1479.json,train
1481.json,train
1482.json,train
1483.json,train
1484.json,train
1486.json,train
1487.json,train
1489.json,train
149.json,train
1490.json,train
1491.json,train
1492.json,train
1493.json,train
1495.json,train
1496.json,train
1498.json,train
1499.json,train
15.json,train
150.json,train
1500.json,train
1502.json,train
1503.json,train
1504.json,train
1505.json,train
1506.json,train
1507.json,train
1508.json,train
1509.json,train
151.json,train
1510.json,train
1513.json,train
1517.json,train
1518.json,train
152.json,train
1520.json,train
1521.json,train
1522.json,train
1523.json,train
1524.json,train
1526.json,train
1528.json,train
1529.json,train
153.json,train
1530.json,train
1531.json,train
1532.json,train
1533.json,train
1534.json,train
1535.json,train
1536.json,train
1538.json,train
154.json,train
1540.json,train
1541.json,train
1542.json,train
1543.json,train
1544.json,train
1545.json,train
1546.json,train
1547.json,train
1548.json,train
1549.json,train
155.json,train
1550.json,train
1551.json,train
1552.json,train
1553.json,train
1554.json,train
1555.json,train
1557.json,train
1558.json,train
1559.json,train
156.json,train
1560.json,train
1562.json,train
1563.json,train
1564.json,train
1566.json,train
1567.json,train
1568.json,train
157.json,train
1570.json,train
1571.json,train
1573.json,train
1575.json,train
1577.json,train
1578.json,train
1579.json,train
158.json,train
1580.json,train
1582.json,train
1583.json,train
1584.json,train
1585.json,train
1586.json,train
1587.json,train
1588.json,train
1589.json,train
159.json,train
1590.json,train
1591.json,train
1592.json,train
1593.json,train
1595.json,train
1596.json,train
1597.json,train
1599.json,train
16.json,train
160.json,train
1600.json,train
1602.json,train
1603.json,train
1604.json,train
1605.json,train
1606.json,train
1608.json,train
1609.json,train
161.json,train
1611.json,train
1612.json,train
1613.json,train
1614.json,train
1616.json,train
1618.json,train
1619.json,train
162.json,train
1620.json,train
1621.json,train
1622.json,train
1624.json,train
1625.json,train
1626.json,train
1627.json,train
1628.json,train
1629.json,train
1630.json,train
1631.json,train
1632.json,train
1633.json,train
1634.json,train
1635.json,train
1636.json,train
1637.json,train
1638.json,train
1639.json,train
164.json,train
1640.json,train
1642.json,train
1643.json,train
1644.json,train
1645.json,train
1646.json,train
1647.json,train
1649.json,train
165.json,train
1654.json,train
1655.json,train
1656.json,train
1658.json,train
1659.json,train
1660.json,train
1661.json,train
1662.json,train
1663.json,train
1664.json,train
1665.json,train
1666.json,train
1667.json,train
1668.json,train
1669.json,train
167.json,train
1670.json,train
1672.json,train
1673.json,train
1674.json,train
1675.json,train
1676.json,train
1678.json,train
168.json,train
1680.json,train
1685.json,train
1686.json,train
1687.json,train
1688.json,train
1689.json,train
169.json,train
1690.json,train
1692.json,train
1693.json,train
1694.json,train
1695.json,train
1696.json,train
1697.json,train
1698.json,train
1699.json,train
17.json,train
170.json,train
1700.json,train
1702.json,train
1703.json,train
1704.json,train
1705.json,train
1706.json,train
1707.json,train
1708.json,train
1709.json,train
1710.json,train
1711.json,train
1713.json,train
1714.json,train
1715.json,train
1716.json,train
1717.json,train
1718.json,train
1719.json,train
172.json,train
1720.json,train
1721.json,train
1722.json,train
1723.json,train
1724.json,train
1725.json,train
1727.json,train
1728.json,train
1729.json,train
173.json,train
1731.json,train
1732.json,train
1733.json,train
1734.json,train
1735.json,train
1736.json,train
1737.json,train
1738.json,train
174.json,train
1740.json,train
1742.json,train
1743.json,train
1744.json,train
1745.json,train
1746.json,train
1747.json,train
1748.json,train
1749.json,train
1750.json,train
1751.json,train
1752.json,train
1753.json,train
1754.json,train
1755.json,train
1756.json,train
1757.json,train
1759.json,train
176.json,train
1761.json,train
1762.json,train
1763.json,train
1764.json,train
1765.json,train
1767.json,train
1768.json,train
1769.json,train
177.json,train
1770.json,train
1772.json,train
1773.json,train
1774.json,train
1775.json,train
1776.json,train
1779.json,train
178.json,train
1780.json,train
1782.json,train
1783.json,train
1784.json,train
1785.json,train
1786.json,train
1787.json,train
1788.json,train
1789.json,train
179.json,train
1790.json,train
1791.json,train
1792.json,train
1793.json,train
1794.json,train
1795.json,train
1796.json,train
1798.json,train
1799.json,train
18.json,train
1800.json,train
1801.json,train
1802.json,train
1803.json,train
1804.json,train
1805.json,train
1808.json,train
1809.json,train
181.json,train
1811.json,train
1812.json,train
1813.json,train
1815.json,train
1816.json,train
1817.json,train
1818.json,train
1819.json,train
182.json,train
1820.json,train
1821.json,train
1822.json,train
1824.json,train
1826.json,train
1827.json,train
1828.json,train
1829.json,train
183.json,train
1830.json,train
1832.json,train
1833.json,train
1834.json,train
1835.json,train
1836.json,train
1837.json,train
1838.json,train
1839.json,train
1840.json,train
1841.json,train
1843.json,train
1844.json,train
1845.json,train
1847.json,train
1848.json,train
185.json,train
1850.json,train
1851.json,train
1852.json,train
1853.json,train
1854.json,train
1856.json,train
1857.json,train
1859.json,train
186.json,train
1860.json,train
1861.json,train
1862.json,train
1863.json,train
1865.json,train
1866.json,train
1867.json,train
1868.json,train
1869.json,train
1870.json,train
1871.json,train
1872.json,train
1874.json,train
1875.json,train
1876.json,train
1878.json,train
1879.json,train
188.json,train
1882.json,train
1884.json,train
1885.json,train
1886.json,train
1887.json,train
1889.json,train
189.json,train
1890.json,train
1891.json,train
1893.json,train
1895.json,train
1896.json,train
1898.json,train
1899.json,train
1900.json,train
1901.json,train
1902.json,train
1903.json,train
1904.json,train
1907.json,train
1908.json,train
191.json,train
1910.json,train
1911.json,train
1912.json,train
1914.json,train
1916.json,train
1917.json,train
1918.json,train
1919.json,train
192.json,train
1920.json,train
1922.json,train
1923.json,train
1924.json,train
1925.json,train
1926.json,train
1927.json,train
1928.json,train
1929.json,train
1930.json,train
1931.json,train
1932.json,train
1933.json,train
1934.json,train
1935.json,train
1936.json,train
1937.json,train
1939.json,train
194.json,train
1940.json,train
1941.json,train
1942.json,train
1943.json,train
1944.json,train
1945.json,train
1946.json,train
1947.json,train
1949.json,train
195.json,train
1951.json,train
1952.json,train
1953.json,train
1954.json,train
1956.json,train
1957.json,train
1958.json,train
1959.json,train
196.json,train
1960.json,train
1961.json,train
1962.json,train
1963.json,train
1965.json,train
1966.json,train
1969.json,train
197.json,train
1970.json,train
1972.json,train
1973.json,train
1974.json,train
1975.json,train
1976.json,train
1977.json,train
1978.json,train
1979.json,train
198.json,train
1980.json,train
1985.json,train
1986.json,train
1987.json,train
1989.json,train
199.json,train
1991.json,train
1993.json,train
1994.json,train
1995.json,train
1998.json,train
2.json,train
20.json,train
200.json,train
2000.json,train
2003.json,train
2004.json,train
2005.json,train
2006.json,train
2007.json,train
2009.json,train
201.json,train
2011.json,train
2013.json,train
2014.json,train
2017.json,train
2018.json,train
2019.json,train
202.json,train
2020.json,train
2021.json,train
2022.json,train
2024.json,train
2025.json,train
2026.json,train
2027.json,train
2028.json,train
203.json,train
2030.json,train
2031.json,train
2032.json,train
2033.json,train
2035.json,train
2036.json,train
2037.json,train
2038.json,train
2039.json,train
2041.json,train
2042.json,train
2043.json,train
2044.json,train
2045.json,train
2046.json,train
2047.json,train
2049.json,train
205.json,train
2051.json,train
2052.json,train
2053.json,train
2054.json,train
2056.json,train
2057.json,train
2058.json,train
2059.json,train
206.json,train
2060.json,train
2061.json,train
2062.json,train
2064.json,train
2065.json,train
2066.json,train
2067.json,train
2068.json,train
2069.json,train
2070.json,train
2071.json,train
2073.json,train
2074.json,train
2075.json,train
2076.json,train
2077.json,train
2078.json,train
2079.json,train
2080.json,train
2081.json,train
2082.json,train
2084.json,train
2085.json,train
2086.json,train
2088.json,train
2089.json,train
209.json,train
2091.json,train
2093.json,train
2094.json,train
2096.json,train
2097.json,train
210.json,train
2100.json,train
2101.json,train
2103.json,train
2104.json,train
2106.json,train
2107.json,train
2108.json,train
2109.json,train
2110.json,train
2111.json,train
2115.json,train
2116.json,train
2118.json,train
2119.json,train
212.json,train
2120.json,train
2124.json,train
2125.json,train
2126.json,train
2127.json,train
2129.json,train
213.json,train
2131.json,train
2132.json,train
2133.json,train
2134.json,train
2136.json,train
2137.json,train
214.json,train
2140.json,train
2141.json,train
2142.json,train
2143.json,train
2144.json,train
2145.json,train
2146.json,train
2147.json,train
2148.json,train
215.json,train
2150.json,train
2151.json,train
2152.json,train
2153.json,train
2154.json,train
2155.json,train
2156.json,train
2157.json,train
2158.json,train
216.json,train
2160.json,train
2163.json,train
2164.json,train
2166.json,train
2167.json,train
2168.json,train
217.json,train
2170.json,train
2171.json,train
2172.json,train
2173.json,train
2174.json,train
2176.json,train
2177.json,train
2178.json,train
2179.json,train
218.json,train
2180.json,train
2183.json,train
2184.json,train
2185.json,train
2186.json,train
2188.json,train
2189.json,train
219.json,train
2190.json,train
2191.json,train
2192.json,train
2193.json,train
2194.json,train
2196.json,train
2197.json,train
2198.json,train
2199.json,train
22.json,train
220.json,train
2200.json,train
2201.json,train
2202.json,train
2204.json,train
2206.json,train
2207.json,train
2208.json,train
221.json,train
2210.json,train
2212.json,train
2213.json,train
2214.json,train
2215.json,train
2216.json,train
2219.json,train
2220.json,train
2221.json,train
2222.json,train
2223.json,train
2224.json,train
2225.json,train
2226.json,train
2227.json,train
2228.json,train
2229.json,train
223.json,train
2230.json,train
2232.json,train
2233.json,train
2235.json,train
2237.json,train
2238.json,train
2239.json,train
224.json,train
2240.json,train
2241.json,train
2242.json,train
2243.json,train
2245.json,train
2246.json,train
2247.json,train
2248.json,train
2249.json,train
225.json,train
2251.json,train
2253.json,train
2254.json,train
2256.json,train
2257.json,train
2258.json,train
2259.json,train
226.json,train
2260.json,train
2261.json,train
2262.json,train
2263.json,train
2264.json,train
2265.json,train
2267.json,train
2269.json,train
227.json,train
2270.json,train
2272.json,train
2273.json,train
2274.json,train
2275.json,train
2276.json,train
2278.json,train
2279.json,train
228.json,train
2280.json,train
2281.json,train
2282.json,train
2283.json,train
2285.json,train
2287.json,train
2289.json,train
229.json,train
2291.json,train
2292.json,train
2293.json,train
2294.json,train
2295.json,train
2296.json,train
2299.json,train
23.json,train
2300.json,train
2301.json,train
2302.json,train
2303.json,train
2304.json,train
2306.json,train
2307.json,train
2308.json,train
2309.json,train
231.json,train
2310.json,train
2311.json,train
2312.json,train
2313.json,train
2314.json,train
2317.json,train
2318.json,train
2319.json,train
232.json,train
2320.json,train
2321.json,train
2322.json,train
2323.json,train
2324.json,train
2325.json,train
2327.json,train
2328.json,train
2329.json,train
233.json,train
2331.json,train
2332.json,train
2333.json,train
2334.json,train
2336.json,train
2338.json,train
2339.json,train
234.json,train
2340.json,train
2342.json,train
2343.json,train
2344.json,train
2345.json,train
2346.json,train
2347.json,train
2349.json,train
2350.json,train
2351.json,train
2352.json,train
2354.json,train
2355.json,train
2358.json,train
236.json,train
2360.json,train
2361.json,train
2363.json,train
2364.json,train
2365.json,train
2366.json,train
2367.json,train
2369.json,train
237.json,train
2370.json,train
2373.json,train
2376.json,train
2377.json,train
2378.json,train
2379.json,train
2380.json,train
2381.json,train
2382.json,train
2383.json,train
2384.json,train
2385.json,train
2386.json,train
2387.json,train
2388.json,train
2389.json,train
239.json,train
2390.json,train
2391.json,train
2393.json,train
2395.json,train
2396.json,train
2397.json,train
2398.json,train
2399.json,train
24.json,train
240.json,train
2400.json,train
2401.json,train
2402.json,train
2403.json,train
2404.json,train
2405.json,train
2407.json,train
2408.json,train
2409.json,train
241.json,train
2410.json,train
2411.json,train
2413.json,train
2415.json,train
2416.json,train
2417.json,train
2418.json,train
2419.json,train
242.json,train
2420.json,train
2421.json,train
2422.json,train
2423.json,train
2424.json,train
2425.json,train
2429.json,train
243.json,train
2431.json,train
2432.json,train
2433.json,train
2434.json,train
2435.json,train
2436.json,train
2437.json,train
2438.json,train
2439.json,train
244.json,train
2440.json,train
2446.json,train
2447.json,train
2449.json,train
245.json,train
2450.json,train
2452.json,train
2453.json,train
2454.json,train
2455.json,train
2456.json,train
2457.json,train
2458.json,train
2459.json,train
246.json,train
2461.json,train
2463.json,train
2464.json,train
2465.json,train
2466.json,train
2467.json,train
2468.json,train
2469.json,train
247.json,train
2471.json,train
2472.json,train
2473.json,train
2474.json,train
2475.json,train
2476.json,train
2478.json,train
2479.json,train
248.json,train
2480.json,train
2481.json,train
2482.json,train
2483.json,train
2485.json,train
2486.json,train
2487.json,train
2488.json,train
2489.json,train
249.json,train
2490.json,train
2492.json,train
2493.json,train
2495.json,train
2496.json,train
2497.json,train
2499.json,train
25.json,train
250.json,train
2500.json,train
2501.json,train
2502.json,train
2503.json,train
2504.json,train
2505.json,train
2509.json,train
251.json,train
2510.json,train
2511.json,train
2512.json,train
2515.json,train
2516.json,train
2517.json,train
2518.json,train
2519.json,train
252.json,train
2521.json,train
2522.json,train
2523.json,train
2524.json,train
2525.json,train
2526.json,train
2527.json,train
2528.json,train
2529.json,train
253.json,train
2530.json,train
2532.json,train
2534.json,train
2535.json,train
2536.json,train
2537.json,train
2538.json,train
2539.json,train
254.json,train
2540.json,train
2541.json,train
2542.json,train
2543.json,train
2544.json,train
2545.json,train
2546.json,train
2548.json,train
2549.json,train
2550.json,train
2551.json,train
2554.json,train
2555.json,train
2556.json,train
2558.json,train
2559.json,train
256.json,train
2561.json,train
2562.json,train
2563.json,train
2564.json,train
2565.json,train
2566.json,train
2567.json,train
2569.json,train
257.json,train
2572.json,train
2573.json,train
2574.json,train
2575.json,train
2576.json,train
2577.json,train
2578.json,train
2579.json,train
2580.json,train
2582.json,train
2583.json,train
2584.json,train
2586.json,train
2587.json,train
2588.json,train
2589.json,train
259.json,train
2592.json,train
2593.json,train
2595.json,train
2597.json,train
2598.json,train
2599.json,train
26.json,train
2602.json,train
2604.json,train
2605.json,train
2607.json,train
2608.json,train
2609.json,train
261.json,train
2610.json,train
2611.json,train
2612.json,train
2614.json,train
2618.json,train
2619.json,train
262.json,train
2620.json,train
2621.json,train
2622.json,train
2623.json,train
2624.json,train
2627.json,train
2629.json,train
2630.json,train
2631.json,train
2632.json,train
2635.json,train
2636.json,train
2637.json,train
2639.json,train
2641.json,train
2647.json,train
2648.json,train
2649.json,train
265.json,train
2650.json,train
2651.json,train
2653.json,train
2654.json,train
2655.json,train
2657.json,train
2658.json,train
2659.json,train
2662.json,train
2663.json,train
2664.json,train
2665.json,train
2666.json,train
2667.json,train
2668.json,train
2670.json,train
2671.json,train
2672.json,train
2673.json,train
2674.json,train
2675.json,train
2676.json,train
2677.json,train
2678.json,train
268.json,train
2681.json,train
2682.json,train
2683.json,train
2685.json,train
2687.json,train
2689.json,train
269.json,train
2691.json,train
2692.json,train
2693.json,train
2694.json,train
2695.json,train
2696.json,train
2697.json,train
2698.json,train
2699.json,train
270.json,train
2700.json,train
2701.json,train
2702.json,train
2703.json,train
2704.json,train
2705.json,train
2706.json,train
2707.json,train
2708.json,train
2709.json,train
271.json,train
2710.json,train
2711.json,train
2712.json,train
2713.json,train
2714.json,train
2715.json,train
2716.json,train
2718.json,train
272.json,train
2721.json,train
2722.json,train
2724.json,train
2725.json,train
2726.json,train
2727.json,train
2728.json,train
2729.json,train
273.json,train
2730.json,train
2732.json,train
2735.json,train
2736.json,train
2737.json,train
2739.json,train
274.json,train
2740.json,train
2741.json,train
2743.json,train
2744.json,train
2745.json,train
2747.json,train
2748.json,train
2749.json,train
2750.json,train
2751.json,train
2752.json,train
2753.json,train
2756.json,train
2757.json,train
2758.json,train
2759.json,train
276.json,train
2761.json,train
2762.json,train
2763.json,train
2764.json,train
2765.json,train
2766.json,train
2767.json,train
2768.json,train
277.json,train
2770.json,train
2771.json,train
2772.json,train
2776.json,train
2779.json,train
2780.json,train
2781.json,train
2782.json,train
2785.json,train
2786.json,train
2787.json,train
2788.json,train
2789.json,train
279.json,train
2790.json,train
2791.json,train
2792.json,train
2794.json,train
2795.json,train
2797.json,train
2798.json,train
2799.json,train
28.json,train
280.json,train
2801.json,train
2802.json,train
2803.json,train
2804.json,train
2806.json,train
2807.json,train
2808.json,train
2809.json,train
281.json,train
2810.json,train
2812.json,train
2813.json,train
2815.json,train
2818.json,train
2819.json,train
282.json,train
2820.json,train
2822.json,train
2823.json,train
2824.json,train
2825.json,train
2827.json,train
2828.json,train
2829.json,train
283.json,train
2831.json,train
2832.json,train
2834.json,train
2836.json,train
2837.json,train
2838.json,train
2839.json,train
284.json,train
2840.json,train
2841.json,train
2843.json,train
2845.json,train
2846.json,train
2847.json,train
2848.json,train
2849.json,train
285.json,train
2851.json,train
2853.json,train
2856.json,train
2857.json,train
2858.json,train
2859.json,train
286.json,train
2860.json,train
2861.json,train
2862.json,train
2863.json,train
2864.json,train
2866.json,train
2867.json,train
2869.json,train
287.json,train
2870.json,train
2871.json,train
2872.json,train
2873.json,train
2874.json,train
2875.json,train
2878.json,train
2879.json,train
288.json,train
2880.json,train
2881.json,train
2882.json,train
2883.json,train
2884.json,train
2886.json,train
2887.json,train
2888.json,train
2889.json,train
289.json,train
2890.json,train
2891.json,train
2892.json,train
2893.json,train
2895.json,train
2896.json,train
2898.json,train
29.json,train
290.json,train
2900.json,train
2902.json,train
2903.json,train
2905.json,train
2906.json,train
2907.json,train
2908.json,train
2909.json,train
291.json,train
2912.json,train
2913.json,train
2914.json,train
2915.json,train
2916.json,train
2917.json,train
2918.json,train
2919.json,train
292.json,train
2921.json,train
2922.json,train
2923.json,train
2925.json,train
2927.json,train
2928.json,train
2929.json,train
2930.json,train
2931.json,train
2932.json,train
2933.json,train
2934.json,train
2935.json,train
2937.json,train
2938.json,train
2939.json,train
294.json,train
2940.json,train
2941.json,train
2942.json,train
2943.json,train
2944.json,train
2946.json,train
2948.json,train
2949.json,train
295.json,train
2950.json,train
2951.json,train
2952.json,train
2953.json,train
2954.json,train
2955.json,train
2956.json,train
2959.json,train
296.json,train
2960.json,train
2961.json,train
2962.json,train
2963.json,train
2964.json,train
2965.json,train
2967.json,train
2968.json,train
2969.json,train
297.json,train
2970.json,train
2971.json,train
2972.json,train
2976.json,train
2977.json,train
2978.json,train
298.json,train
2980.json,train
2984.json,train
2985.json,train
2987.json,train
2988.json,train
2990.json,train
2991.json,train
2992.json,train
2995.json,train
2996.json,train
2998.json,train
2999.json,train
30.json,train
300.json,train
3000.json,train
3001.json,train
3002.json,train
3003.json,train
3004.json,train
3005.json,train
3006.json,train
3007.json,train
3008.json,train
3009.json,train
3010.json,train
3011.json,train
3012.json,train
3013.json,train
3014.json,train
3015.json,train
3017.json,train
3018.json,train
3019.json,train
3020.json,train
3022.json,train
3023.json,train
3024.json,train
3025.json,train
3026.json,train
3028.json,train
303.json,train
3030.json,train
3031.json,train
3032.json,train
3033.json,train
3035.json,train
3038.json,train
304.json,train
3040.json,train
3042.json,train
3045.json,train
3048.json,train
305.json,train
3050.json,train
3051.json,train
3052.json,train
3053.json,train
3054.json,train
3055.json,train
3056.json,train
3057.json,train
3059.json,train
3060.json,train
3061.json,train
3063.json,train
3064.json,train
3065.json,train
3067.json,train
3068.json,train
3069.json,train
307.json,train
3070.json,train
3071.json,train
3072.json,train
3073.json,train
3074.json,train
3077.json,train
3078.json,train
3079.json,train
308.json,train
3080.json,train
3082.json,train
3083.json,train
3084.json,train
3085.json,train
3086.json,train
3088.json,train
309.json,train
3090.json,train
3092.json,train
3094.json,train
3095.json,train
3096.json,train
3097.json,train
3098.json,train
3099.json,train
310.json,train
3100.json,train
3102.json,train
3104.json,train
3105.json,train
3106.json,train
3108.json,train
3109.json,train
311.json,train
3110.json,train
3111.json,train
3113.json,train
3114.json,train
3115.json,train
3116.json,train
3117.json,train
3118.json,train
3119.json,train
312.json,train
3122.json,train
3126.json,train
3127.json,train
3128.json,train
3129.json,train
313.json,train
3130.json,train
3131.json,train
3132.json,train
3133.json,train
3134.json,train
3135.json,train
3137.json,train
3138.json,train
3139.json,train
314.json,train
3140.json,train
3141.json,train
3142.json,train
3143.json,train
3145.json,train
3146.json,train
3148.json,train
3149.json,train
315.json,train
3150.json,train
3151.json,train
3152.json,train
3154.json,train
3155.json,train
3157.json,train
3159.json,train
3160.json,train
3162.json,train
3163.json,train
3164.json,train
3165.json,train
3166.json,train
3167.json,train
3168.json,train
3169.json,train
3170.json,train
3171.json,train
3172.json,train
3173.json,train
3174.json,train
3175.json,train
3177.json,train
3178.json,train
3179.json,train
318.json,train
3180.json,train
3181.json,train
3182.json,train
3183.json,train
3184.json,train
3185.json,train
3187.json,train
3189.json,train
319.json,train
3190.json,train
3191.json,train
3192.json,train
3193.json,train
3195.json,train
3197.json,train
3198.json,train
3199.json,train
320.json,train
3200.json,train
3201.json,train
3203.json,train
3204.json,train
3205.json,train
3206.json,train
3207.json,train
3208.json,train
3209.json,train
321.json,train
3210.json,train
3211.json,train
3212.json,train
3213.json,train
3214.json,train
3216.json,train
3217.json,train
3218.json,train
3219.json,train
322.json,train
3220.json,train
3223.json,train
3224.json,train
3225.json,train
3226.json,train
3227.json,train
3229.json,train
323.json,train
3230.json,train
3233.json,train
3234.json,train
3236.json,train
3237.json,train
3238.json,train
3239.json,train
324.json,train
3240.json,train
3241.json,train
3242.json,train
3243.json,train
3245.json,train
3246.json,train
3247.json,train
3248.json,train
325.json,train
3250.json,train
3251.json,train
3252.json,train
3254.json,train
3255.json,train
3256.json,train
3258.json,train
3259.json,train
326.json,train
3260.json,train
3261.json,train
3262.json,train
3263.json,train
3265.json,train
3266.json,train
3267.json,train
3268.json,train
3269.json,train
327.json,train
3270.json,train
3271.json,train
3272.json,train
3273.json,train
3274.json,train
3275.json,train
3276.json,train
3277.json,train
3278.json,train
3279.json,train
3280.json,train
3281.json,train
3282.json,train
3283.json,train
3286.json,train
3287.json,train
3288.json,train
329.json,train
3290.json,train
3292.json,train
3294.json,train
3295.json,train
3296.json,train
3297.json,train
3298.json,train
3299.json,train
33.json,train
330.json,train
3300.json,train
3301.json,train
3302.json,train
3303.json,train
3304.json,train
3305.json,train
3307.json,train
3310.json,train
3312.json,train
3314.json,train
3315.json,train
3316.json,train
3317.json,train
3318.json,train
3319.json,train
332.json,train
3321.json,train
3322.json,train
3323.json,train
3324.json,train
3325.json,train
3326.json,train
3327.json,train
3328.json,train
3329.json,train
333.json,train
3332.json,train
3333.json,train
3334.json,train
3335.json,train
3336.json,train
3337.json,train
3338.json,train
3339.json,train
334.json,train
3340.json,train
3341.json,train
3342.json,train
3343.json,train
3344.json,train
3345.json,train
3346.json,train
3347.json,train
3348.json,train
335.json,train
3350.json,train
3351.json,train
3352.json,train
3353.json,train
3354.json,train
3355.json,train
3356.json,train
3357.json,train
3358.json,train
336.json,train
3360.json,train
3361.json,train
3363.json,train
3364.json,train
3365.json,train
3367.json,train
3368.json,train
3370.json,train
3371.json,train
3372.json,train
3373.json,train
3374.json,train
3376.json,train
3377.json,train
3378.json,train
338.json,train
3380.json,train
3382.json,train
3383.json,train
3384.json,train
3385.json,train
3387.json,train
3388.json,train
3389.json,train
3390.json,train
3391.json,train
3392.json,train
3393.json,train
3394.json,train
3395.json,train
3396.json,train
3397.json,train
3398.json,train
34.json,train
3400.json,train
3401.json,train
3402.json,train
3403.json,train
3404.json,train
3405.json,train
3407.json,train
3408.json,train
3409.json,train
341.json,train
3410.json,train
3411.json,train
3412.json,train
3415.json,train
3416.json,train
3417.json,train
342.json,train
3420.json,train
3421.json,train
3422.json,train
3423.json,train
3424.json,train
3425.json,train
3426.json,train
3427.json,train
3428.json,train
3429.json,train
343.json,train
3431.json,train
3432.json,train
3433.json,train
3435.json,train
3437.json,train
3438.json,train
3439.json,train
344.json,train
3441.json,train
3442.json,train
3443.json,train
3444.json,train
3445.json,train
3446.json,train
3447.json,train
3448.json,train
3449.json,train
345.json,train
3450.json,train
3451.json,train
3452.json,train
3454.json,train
3456.json,train
3457.json,train
3459.json,train
346.json,train
3461.json,train
3462.json,train
3463.json,train
3464.json,train
3465.json,train
3466.json,train
3467.json,train
3468.json,train
3469.json,train
347.json,train
3470.json,train
3472.json,train
3474.json,train
3475.json,train
3476.json,train
3477.json,train
3478.json,train
3479.json,train
348.json,train
3480.json,train
3482.json,train
3483.json,train
3484.json,train
3485.json,train
3486.json,train
3487.json,train
3488.json,train
349.json,train
3490.json,train
3491.json,train
3492.json,train
3493.json,train
3494.json,train
3495.json,train
3496.json,train
3497.json,train
3498.json,train
3499.json,train
35.json,train
350.json,train
3501.json,train
3502.json,train
3503.json,train
3504.json,train
3505.json,train
3506.json,train
3509.json,train
351.json,train
3510.json,train
3511.json,train
3512.json,train
3513.json,train
3514.json,train
3515.json,train
3516.json,train
3517.json,train
3519.json,train
3520.json,train
3521.json,train
3524.json,train
3525.json,train
3526.json,train
3527.json,train
3528.json,train
3529.json,train
353.json,train
3530.json,train
3531.json,train
3532.json,train
3533.json,train
3534.json,train
3535.json,train
3536.json,train
3537.json,train
3538.json,train
3539.json,train
354.json,train
3540.json,train
3542.json,train
3543.json,train
3544.json,train
3545.json,train
3547.json,train
3548.json,train
3549.json,train
355.json,train
3550.json,train
3551.json,train
3552.json,train
3554.json,train
3555.json,train
3556.json,train
3557.json,train
3558.json,train
3559.json,train
356.json,train
3560.json,train
3561.json,train
3562.json,train
3564.json,train
3565.json,train
3566.json,train
3567.json,train
3568.json,train
3569.json,train
357.json,train
3570.json,train
3571.json,train
3572.json,train
3573.json,train
3574.json,train
3577.json,train
3578.json,train
3579.json,train
358.json,train
3580.json,train
3581.json,train
3582.json,train
3585.json,train
3586.json,train
3587.json,train
3588.json,train
3589.json,train
359.json,train
3590.json,train
3591.json,train
3592.json,train
3594.json,train
3595.json,train
3596.json,train
3598.json,train
3599.json,train
36.json,train
3600.json,train
3601.json,train
3602.json,train
3604.json,train
3605.json,train
3607.json,train
3609.json,train
361.json,train
3610.json,train
3611.json,train
3612.json,train
3614.json,train
3615.json,train
3616.json,train
3617.json,train
3618.json,train
3619.json,train
362.json,train
3620.json,train
3621.json,train
3622.json,train
3623.json,train
3624.json,train
3625.json,train
3626.json,train
3627.json,train
3628.json,train
3629.json,train
3630.json,train
3633.json,train
3634.json,train
3635.json,train
3638.json,train
3639.json,train
364.json,train
3640.json,train
3641.json,train
3642.json,train
3643.json,train
3644.json,train
3645.json,train
3646.json,train
3647.json,train
3649.json,train
365.json,train
3651.json,train
3652.json,train
3654.json,train
3655.json,train
3657.json,train
3658.json,train
3659.json,train
366.json,train
3661.json,train
3662.json,train
3663.json,train
3665.json,train
3666.json,train
3667.json,train
3669.json,train
367.json,train
3670.json,train
3671.json,train
3672.json,train
3675.json,train
3677.json,train
3678.json,train
368.json,train
3680.json,train
3681.json,train
3682.json,train
3683.json,train
3684.json,train
3685.json,train
3686.json,train
3687.json,train
3688.json,train
3689.json,train
369.json,train
3690.json,train
3692.json,train
3693.json,train
3694.json,train
3695.json,train
3696.json,train
3698.json,train
3699.json,train
370.json,train
3701.json,train
3702.json,train
3703.json,train
3704.json,train
3705.json,train
3707.json,train
371.json,train
3711.json,train
3712.json,train
3713.json,train
3714.json,train
3715.json,train
3716.json,train
3717.json,train
3718.json,train
372.json,train
3720.json,train
3721.json,train
3722.json,train
3723.json,train
3724.json,train
3725.json,train
3727.json,train
3729.json,train
373.json,train
3730.json,train
3732.json,train
3733.json,train
3734.json,train
3735.json,train
3736.json,train
3737.json,train
3739.json,train
374.json,train
3742.json,train
3744.json,train
3747.json,train
3748.json,train
3749.json,train
375.json,train
3750.json,train
3753.json,train
3754.json,train
3755.json,train
3756.json,train
3757.json,train
3758.json,train
3759.json,train
3760.json,train
3762.json,train
3763.json,train
3764.json,train
3765.json,train
3766.json,train
3767.json,train
3768.json,train
3769.json,train
377.json,train
3770.json,train
3771.json,train
3772.json,train
3774.json,train
3775.json,train
3776.json,train
3777.json,train
3778.json,train
3779.json,train
3780.json,train
3781.json,train
3782.json,train
3783.json,train
3784.json,train
3785.json,train
3786.json,train
3787.json,train
3788.json,train
3790.json,train
3792.json,train
3793.json,train
3794.json,train
3795.json,train
3796.json,train
3797.json,train
3798.json,train
3799.json,train
38.json,train
380.json,train
3801.json,train
3802.json,train
3804.json,train
3805.json,train
3806.json,train
3807.json,train
3808.json,train
3809.json,train
381.json,train
3810.json,train
3812.json,train
3813.json,train
3814.json,train
3815.json,train
3819.json,train
382.json,train
3820.json,train
3821.json,train
3822.json,train
3823.json,train
3824.json,train
3825.json,train
3826.json,train
3827.json,train
3828.json,train
383.json,train
3830.json,train
3832.json,train
3833.json,train
3834.json,train
3835.json,train
3836.json,train
3837.json,train
3838.json,train
3840.json,train
3843.json,train
3845.json,train
3846.json,train
3847.json,train
3848.json,train
3849.json,train
385.json,train
3850.json,train
3851.json,train
3852.json,train
3853.json,train
3854.json,train
3855.json,train
3856.json,train
3857.json,train
3858.json,train
3859.json,train
3862.json,train
3863.json,train
3864.json,train
3865.json,train
3866.json,train
3867.json,train
3868.json,train
3870.json,train
3871.json,train
3872.json,train
3873.json,train
3874.json,train
3875.json,train
3876.json,train
3877.json,train
3878.json,train
388.json,train
3880.json,train
3881.json,train
3882.json,train
3884.json,train
3886.json,train
3888.json,train
3889.json,train
3890.json,train
3891.json,train
3892.json,train
3893.json,train
3894.json,train
3895.json,train
3896.json,train
3897.json,train
3898.json,train
3899.json,train
39.json,train
390.json,train
3900.json,train
3901.json,train
3902.json,train
3903.json,train
3907.json,train
3908.json,train
3909.json,train
391.json,train
3910.json,train
3911.json,train
3912.json,train
3913.json,train
3914.json,train
3915.json,train
3916.json,train
3917.json,train
3918.json,train
3919.json,train
392.json,train
3920.json,train
3921.json,train
3922.json,train
3923.json,train
3924.json,train
3925.json,train
3926.json,train
3928.json,train
393.json,train
3930.json,train
3932.json,train
3934.json,train
3935.json,train
3936.json,train
3937.json,train
3938.json,train
3939.json,train
394.json,train
3940.json,train
3942.json,train
3943.json,train
3944.json,train
3947.json,train
3949.json,train
395.json,train
3950.json,train
3951.json,train
3952.json,train
3953.json,train
3955.json,train
3956.json,train
3958.json,train
3959.json,train
396.json,train
3960.json,train
3961.json,train
3962.json,train
3963.json,train
3964.json,train
3965.json,train
3966.json,train
3967.json,train
3969.json,train
397.json,train
3970.json,train
3971.json,train
3972.json,train
3973.json,train
3975.json,train
3976.json,train
3977.json,train
3978.json,train
398.json,train
3981.json,train
3982.json,train
3983.json,train
3985.json,train
3986.json,train
3988.json,train
3989.json,train
3990.json,train
3992.json,train
3993.json,train
3994.json,train
3995.json,train
3996.json,train
3998.json,train
3999.json,train
4.json,train
400.json,train
4000.json,train
4001.json,train
4002.json,train
4003.json,train
4004.json,train
4005.json,train
4007.json,train
4008.json,train
4009.json,train
4010.json,train
4011.json,train
4012.json,train
4013.json,train
4014.json,train
4015.json,train
4018.json,train
4019.json,train
402.json,train
4020.json,train
4021.json,train
4022.json,train
4023.json,train
4024.json,train
4025.json,train
4026.json,train
4027.json,train
4028.json,train
403.json,train
4031.json,train
4032.json,train
4033.json,train
4034.json,train
4035.json,train
4036.json,train
4037.json,train
4038.json,train
4039.json,train
404.json,train
4040.json,train
4041.json,train
4042.json,train
4044.json,train
4045.json,train
4046.json,train
4047.json,train
405.json,train
4051.json,train
4052.json,train
4053.json,train
4054.json,train
4055.json,train
4058.json,train
4059.json,train
4060.json,train
4061.json,train
4062.json,train
4063.json,train
4064.json,train
4065.json,train
4066.json,train
4069.json,train
407.json,train
4070.json,train
4071.json,train
4072.json,train
4074.json,train
4075.json,train
4076.json,train
4077.json,train
4078.json,train
4079.json,train
408.json,train
4080.json,train
4081.json,train
4082.json,train
4083.json,train
4084.json,train
4085.json,train
4086.json,train
4087.json,train
4088.json,train
4089.json,train
409.json,train
4090.json,train
4091.json,train
4092.json,train
4094.json,train
4096.json,train
4097.json,train
4098.json,train
4099.json,train
41.json,train
4102.json,train
4103.json,train
4106.json,train
4107.json,train
4108.json,train
4109.json,train
411.json,train
4110.json,train
4111.json,train
4112.json,train
4113.json,train
4114.json,train
4115.json,train
4117.json,train
4118.json,train
412.json,train
4121.json,train
4122.json,train
4123.json,train
4124.json,train
4125.json,train
4126.json,train
4127.json,train
4128.json,train
4129.json,train
4130.json,train
4132.json,train
4133.json,train
4135.json,train
4137.json,train
4138.json,train
4139.json,train
414.json,train
4142.json,train
4144.json,train
4145.json,train
4146.json,train
4148.json,train
4149.json,train
415.json,train
4150.json,train
4151.json,train
4152.json,train
4153.json,train
4154.json,train
4155.json,train
4156.json,train
4157.json,train
4158.json,train
4159.json,train
416.json,train
4160.json,train
4162.json,train
4163.json,train
4164.json,train
4166.json,train
4167.json,train
4168.json,train
4169.json,train
417.json,train
4170.json,train
4171.json,train
4172.json,train
4173.json,train
4176.json,train
4177.json,train
4178.json,train
4179.json,train
418.json,train
4180.json,train
4181.json,train
4182.json,train
4183.json,train
4185.json,train
4186.json,train
4188.json,train
419.json,train
4190.json,train
4191.json,train
4193.json,train
4196.json,train
4197.json,train
4199.json,train
420.json,train
4200.json,train
4201.json,train
4202.json,train
4203.json,train
4205.json,train
4206.json,train
4207.json,train
421.json,train
4211.json,train
4213.json,train
4214.json,train
4215.json,train
4216.json,train
4217.json,train
4218.json,train
4220.json,train
4221.json,train
4222.json,train
4223.json,train
4224.json,train
4225.json,train
4226.json,train
4227.json,train
4228.json,train
4229.json,train
423.json,train
4230.json,train
4231.json,train
4234.json,train
4235.json,train
4236.json,train
4237.json,train
4238.json,train
424.json,train
4240.json,train
4241.json,train
4242.json,train
4244.json,train
4245.json,train
4246.json,train
4247.json,train
4248.json,train
4249.json,train
425.json,train
4251.json,train
4253.json,train
4254.json,train
4255.json,train
4256.json,train
4257.json,train
4258.json,train
426.json,train
4262.json,train
4263.json,train
4264.json,train
4265.json,train
4266.json,train
4267.json,train
4268.json,train
4269.json,train
427.json,train
4270.json,train
4271.json,train
4273.json,train
4274.json,train
4275.json,train
4276.json,train
4278.json,train
4279.json,train
4280.json,train
4282.json,train
4283.json,train
4284.json,train
4285.json,train
4286.json,train
4288.json,train
429.json,train
4290.json,train
4291.json,train
4292.json,train
4293.json,train
4294.json,train
4295.json,train
4296.json,train
4297.json,train
4298.json,train
4299.json,train
43.json,train
430.json,train
4300.json,train
4303.json,train
4305.json,train
4306.json,train
4307.json,train
4308.json,train
431.json,train
4311.json,train
4312.json,train
4314.json,train
4316.json,train
4317.json,train
4319.json,train
432.json,train
4320.json,train
4321.json,train
4322.json,train
4324.json,train
4326.json,train
4327.json,train
4328.json,train
4329.json,train
433.json,train
4330.json,train
4332.json,train
4333.json,train
4334.json,train
4335.json,train
4338.json,train
4339.json,train
434.json,train
4340.json,train
4341.json,train
4342.json,train
4343.json,train
4344.json,train
4345.json,train
4346.json,train
4347.json,train
4349.json,train
435.json,train
4350.json,train
4351.json,train
4352.json,train
4355.json,train
4356.json,train
4357.json,train
4358.json,train
4359.json,train
436.json,train
4360.json,train
4361.json,train
4362.json,train
4363.json,train
4364.json,train
4365.json,train
4366.json,train
4367.json,train
4368.json,train
4369.json,train
437.json,train
4372.json,train
4373.json,train
4374.json,train
4375.json,train
4377.json,train
4378.json,train
4379.json,train
438.json,train
4380.json,train
4382.json,train
4384.json,train
4385.json,train
4386.json,train
4387.json,train
4388.json,train
4389.json,train
439.json,train
4390.json,train
4392.json,train
4393.json,train
4394.json,train
4395.json,train
4397.json,train
4398.json,train
44.json,train
440.json,train
4401.json,train
4402.json,train
4403.json,train
4404.json,train
4405.json,train
4406.json,train
4407.json,train
4408.json,train
4409.json,train
4410.json,train
4411.json,train
4412.json,train
4413.json,train
4414.json,train
4415.json,train
4416.json,train
4417.json,train
4418.json,train
4419.json,train
442.json,train
4420.json,train
4421.json,train
4422.json,train
4423.json,train
4424.json,train
4426.json,train
4427.json,train
4428.json,train
4429.json,train
443.json,train
4430.json,train
4433.json,train
4434.json,train
4436.json,train
4437.json,train
4438.json,train
444.json,train
4441.json,train
4443.json,train
4445.json,train
4446.json,train
4447.json,train
4448.json,train
4449.json,train
445.json,train
4450.json,train
4451.json,train
4452.json,train
4453.json,train
4455.json,train
4456.json,train
4457.json,train
4458.json,train
4459.json,train
4460.json,train
4461.json,train
4462.json,train
4463.json,train
4464.json,train
4465.json,train
4466.json,train
4467.json,train
4468.json,train
4469.json,train
4470.json,train
4471.json,train
4473.json,train
4474.json,train
4475.json,train
4476.json,train
4477.json,train
4478.json,train
4479.json,train
448.json,train
4480.json,train
4481.json,train
4482.json,train
4483.json,train
4485.json,train
4486.json,train
4487.json,train
4488.json,train
4489.json,train
449.json,train
4490.json,train
4493.json,train
4494.json,train
4496.json,train
4497.json,train
4499.json,train
45.json,train
4500.json,train
4501.json,train
4502.json,train
4503.json,train
4504.json,train
4505.json,train
4506.json,train
4507.json,train
4508.json,train
4509.json,train
451.json,train
4510.json,train
4512.json,train
4514.json,train
4515.json,train
4516.json,train
4517.json,train
4518.json,train
4519.json,train
452.json,train
4520.json,train
4521.json,train
4523.json,train
4524.json,train
4525.json,train
4527.json,train
4528.json,train
4529.json,train
453.json,train
4530.json,train
4531.json,train
4532.json,train
4533.json,train
4536.json,train
4538.json,train
4539.json,train
454.json,train
4540.json,train
4541.json,train
4542.json,train
4544.json,train
4546.json,train
4548.json,train
4549.json,train
4551.json,train
4552.json,train
4554.json,train
4555.json,train
4556.json,train
4557.json,train
4558.json,train
4559.json,train
456.json,train
4560.json,train
4561.json,train
4562.json,train
4563.json,train
4564.json,train
4565.json,train
4566.json,train
4567.json,train
4569.json,train
4570.json,train
4571.json,train
4572.json,train
4574.json,train
4575.json,train
4576.json,train
4577.json,train
458.json,train
4580.json,train
4581.json,train
4582.json,train
4583.json,train
4585.json,train
4586.json,train
4587.json,train
4589.json,train
459.json,train
4590.json,train
4591.json,train
4592.json,train
4594.json,train
4595.json,train
4597.json,train
4598.json,train
460.json,train
4600.json,train
4602.json,train
4603.json,train
4605.json,train
4606.json,train
4607.json,train
4608.json,train
461.json,train
4610.json,train
4611.json,train
4612.json,train
4614.json,train
4616.json,train
4618.json,train
4619.json,train
462.json,train
4620.json,train
4621.json,train
4623.json,train
4624.json,train
4625.json,train
4627.json,train
4629.json,train
463.json,train
4630.json,train
4631.json,train
4632.json,train
4633.json,train
4635.json,train
4636.json,train
4637.json,train
4638.json,train
4640.json,train
4641.json,train
4642.json,train
4643.json,train
4644.json,train
4645.json,train
4646.json,train
4647.json,train
4648.json,train
4649.json,train
465.json,train
4651.json,train
4652.json,train
4654.json,train
4655.json,train
4656.json,train
4657.json,train
4658.json,train
4659.json,train
466.json,train
4660.json,train
4663.json,train
4664.json,train
4665.json,train
4667.json,train
4668.json,train
4669.json,train
467.json,train
4671.json,train
4672.json,train
4673.json,train
4674.json,train
4675.json,train
4677.json,train
4678.json,train
468.json,train
4681.json,train
4682.json,train
4683.json,train
4684.json,train
4685.json,train
4686.json,train
4687.json,train
4688.json,train
469.json,train
4690.json,train
4691.json,train
4692.json,train
4694.json,train
4695.json,train
4696.json,train
4697.json,train
4699.json,train
47.json,train
470.json,train
4700.json,train
4701.json,train
4703.json,train
4704.json,train
4705.json,train
4707.json,train
471.json,train
4712.json,train
4713.json,train
4716.json,train
4717.json,train
472.json,train
4720.json,train
4721.json,train
4722.json,train
4723.json,train
4724.json,train
4725.json,train
4726.json,train
4727.json,train
4729.json,train
473.json,train
4730.json,train
4731.json,train
4732.json,train
4733.json,train
4734.json,train
4735.json,train
4736.json,train
4737.json,train
4738.json,train
4739.json,train
4740.json,train
4741.json,train
4742.json,train
4744.json,train
4745.json,train
4746.json,train
4747.json,train
4748.json,train
4749.json,train
475.json,train
4751.json,train
4752.json,train
4753.json,train
4754.json,train
4755.json,train
4756.json,train
4757.json,train
4758.json,train
476.json,train
4760.json,train
4761.json,train
4762.json,train
4763.json,train
4764.json,train
4765.json,train
4766.json,train
4767.json,train
4768.json,train
477.json,train
4771.json,train
4772.json,train
4773.json,train
4774.json,train
4775.json,train
4776.json,train
4779.json,train
4782.json,train
4783.json,train
4784.json,train
4785.json,train
4786.json,train
4788.json,train
4789.json,train
479.json,train
4793.json,train
4794.json,train
4797.json,train
4798.json,train
4799.json,train
48.json,train
4800.json,train
4801.json,train
4802.json,train
4804.json,train
4806.json,train
4807.json,train
4808.json,train
481.json,train
4810.json,train
4811.json,train
4812.json,train
4815.json,train
4816.json,train
4817.json,train
4818.json,train
4819.json,train
482.json,train
4821.json,train
4823.json,train
4824.json,train
4826.json,train
4827.json,train
4828.json,train
4829.json,train
4830.json,train
4831.json,train
4832.json,train
4833.json,train
4835.json,train
4837.json,train
4839.json,train
484.json,train
4840.json,train
4843.json,train
4844.json,train
4845.json,train
4846.json,train
4847.json,train
4848.json,train
4849.json,train
485.json,train
4850.json,train
4851.json,train
4852.json,train
4853.json,train
4854.json,train
4857.json,train
4859.json,train
486.json,train
4860.json,train
4861.json,train
4862.json,train
4863.json,train
4864.json,train
4865.json,train
4867.json,train
4868.json,train
4870.json,train
4873.json,train
4875.json,train
4876.json,train
4877.json,train
4878.json,train
4879.json,train
488.json,train
4880.json,train
4881.json,train
4882.json,train
4884.json,train
4886.json,train
4887.json,train
4889.json,train
489.json,train
4890.json,train
4891.json,train
4892.json,train
4893.json,train
4894.json,train
4895.json,train
4896.json,train
4897.json,train
4898.json,train
490.json,train
4902.json,train
4903.json,train
4904.json,train
4906.json,train
4907.json,train
4908.json,train
4909.json,train
491.json,train
4910.json,train
4911.json,train
4912.json,train
4913.json,train
4914.json,train
4915.json,train
4916.json,train
4917.json,train
4919.json,train
4921.json,train
4922.json,train
4923.json,train
4926.json,train
4927.json,train
4928.json,train
493.json,train
4930.json,train
4933.json,train
4934.json,train
4935.json,train
4936.json,train
4937.json,train
4938.json,train
4939.json,train
494.json,train
4941.json,train
4942.json,train
4943.json,train
495.json,train
496.json,train
497.json,train
4976.json,train
4979.json,train
498.json,train
4980.json,train
4981.json,train
4982.json,train
4983.json,train
4986.json,train
4987.json,train
4988.json,train
4989.json,train
499.json,train
4990.json,train
4992.json,train
4996.json,train
4997.json,train
5.json,train
500.json,train
5000.json,train
5001.json,train
5002.json,train
5003.json,train
5005.json,train
5006.json,train
5007.json,train
5009.json,train
501.json,train
5011.json,train
5012.json,train
5013.json,train
5014.json,train
5015.json,train
5016.json,train
5018.json,train
5019.json,train
5020.json,train
5021.json,train
5022.json,train
5023.json,train
5024.json,train
5025.json,train
5026.json,train
5027.json,train
5028.json,train
503.json,train
5030.json,train
5031.json,train
5033.json,train
5034.json,train
5035.json,train
5036.json,train
5037.json,train
5038.json,train
5039.json,train
504.json,train
5040.json,train
5042.json,train
5043.json,train
5044.json,train
5045.json,train
5046.json,train
5047.json,train
5048.json,train
5049.json,train
505.json,train
5051.json,train
5052.json,train
5053.json,train
5055.json,train
5056.json,train
5057.json,train
5058.json,train
506.json,train
5062.json,train
5063.json,train
5064.json,train
5065.json,train
5066.json,train
5067.json,train
5069.json,train
507.json,train
5070.json,train
5071.json,train
5072.json,train
5073.json,train
5075.json,train
5076.json,train
5077.json,train
5078.json,train
5079.json,train
508.json,train
5080.json,train
5086.json,train
5088.json,train
5089.json,train
509.json,train
5090.json,train
5092.json,train
5093.json,train
5094.json,train
5097.json,train
5099.json,train
51.json,train
5100.json,train
5102.json,train
5103.json,train
5104.json,train
5105.json,train
5106.json,train
5107.json,train
5108.json,train
5109.json,train
511.json,train
5110.json,train
5111.json,train
5112.json,train
5113.json,train
5114.json,train
5115.json,train
5116.json,train
5117.json,train
5118.json,train
5119.json,train
5120.json,train
5121.json,train
5123.json,train
5126.json,train
5127.json,train
5128.json,train
5129.json,train
513.json,train
5130.json,train
5133.json,train
5134.json,train
5136.json,train
5137.json,train
5138.json,train
5139.json,train
514.json,train
5141.json,train
5143.json,train
5144.json,train
5145.json,train
5146.json,train
5147.json,train
5148.json,train
5149.json,train
515.json,train
5150.json,train
5151.json,train
5152.json,train
5153.json,train
5154.json,train
5155.json,train
5156.json,train
5157.json,train
5158.json,train
5159.json,train
516.json,train
5160.json,train
5161.json,train
5162.json,train
5165.json,train
5166.json,train
5167.json,train
5168.json,train
5172.json,train
5173.json,train
5174.json,train
518.json,train
5188.json,train
5194.json,train
5196.json,train
52.json,train
520.json,train
5203.json,train
5204.json,train
5205.json,train
5207.json,train
5208.json,train
5210.json,train
5215.json,train
5216.json,train
5217.json,train
5218.json,train
522.json,train
5220.json,train
5221.json,train
5222.json,train
5223.json,train
5224.json,train
5225.json,train
5226.json,train
5227.json,train
5228.json,train
5229.json,train
523.json,train
5231.json,train
5232.json,train
5233.json,train
5234.json,train
5235.json,train
5236.json,train
5239.json,train
524.json,train
5240.json,train
5241.json,train
5242.json,train
5243.json,train
5245.json,train
5246.json,train
5247.json,train
5248.json,train
525.json,train
5250.json,train
5252.json,train
5254.json,train
5255.json,train
5256.json,train
5257.json,train
5258.json,train
5259.json,train
5260.json,train
5261.json,train
5262.json,train
5263.json,train
5264.json,train
5265.json,train
5267.json,train
5268.json,train
5269.json,train
527.json,train
5270.json,train
5271.json,train
5273.json,train
5274.json,train
5276.json,train
5277.json,train
5279.json,train
5280.json,train
5282.json,train
5284.json,train
5285.json,train
5286.json,train
5288.json,train
5289.json,train
529.json,train
5290.json,train
5291.json,train
5292.json,train
5293.json,train
5294.json,train
5295.json,train
5296.json,train
5297.json,train
5298.json,train
5299.json,train
53.json,train
530.json,train
5300.json,train
5301.json,train
5302.json,train
5303.json,train
5304.json,train
5305.json,train
5307.json,train
5308.json,train
5309.json,train
5310.json,train
5312.json,train
5313.json,train
5315.json,train
5316.json,train
5317.json,train
5318.json,train
5319.json,train
532.json,train
5320.json,train
5321.json,train
5322.json,train
5323.json,train
5324.json,train
5325.json,train
5327.json,train
5328.json,train
5329.json,train
533.json,train
5331.json,train
5332.json,train
5333.json,train
5334.json,train
5335.json,train
5336.json,train
5337.json,train
5338.json,train
5339.json,train
534.json,train
5340.json,train
5341.json,train
5342.json,train
5343.json,train
5345.json,train
5346.json,train
5347.json,train
5348.json,train
535.json,train
5351.json,train
5352.json,train
5353.json,train
5354.json,train
5355.json,train
5356.json,train
5357.json,train
5358.json,train
5359.json,train
5360.json,train
5361.json,train
5364.json,train
5365.json,train
5366.json,train
5368.json,train
5369.json,train
5370.json,train
5374.json,train
5375.json,train
5376.json,train
5377.json,train
5378.json,train
5379.json,train
538.json,train
5380.json,train
5381.json,train
5382.json,train
5383.json,train
5385.json,train
5386.json,train
5387.json,train
5388.json,train
5389.json,train
539.json,train
5390.json,train
5391.json,train
5392.json,train
5393.json,train
5394.json,train
5395.json,train
5396.json,train
5397.json,train
5398.json,train
5399.json,train
54.json,train
540.json,train
5400.json,train
5401.json,train
5402.json,train
5404.json,train
5405.json,train
5407.json,train
5408.json,train
541.json,train
5411.json,train
5412.json,train
5413.json,train
5414.json,train
5415.json,train
5417.json,train
5418.json,train
5419.json,train
542.json,train
5420.json,train
5421.json,train
5422.json,train
5423.json,train
5424.json,train
5425.json,train
5426.json,train
5427.json,train
5428.json,train
5429.json,train
543.json,train
5430.json,train
5432.json,train
5433.json,train
5435.json,train
5436.json,train
5437.json,train
5438.json,train
5439.json,train
5440.json,train
5441.json,train
5442.json,train
5443.json,train
5444.json,train
5445.json,train
5446.json,train
5447.json,train
5448.json,train
5449.json,train
545.json,train
5451.json,train
5452.json,train
5453.json,train
5454.json,train
5455.json,train
5457.json,train
5458.json,train
546.json,train
5460.json,train
5464.json,train
5465.json,train
5466.json,train
5467.json,train
5468.json,train
5469.json,train
547.json,train
5473.json,train
5474.json,train
5475.json,train
5476.json,train
5477.json,train
5478.json,train
5479.json,train
548.json,train
5481.json,train
5482.json,train
5483.json,train
5485.json,train
5487.json,train
5488.json,train
5489.json,train
549.json,train
5490.json,train
5491.json,train
5492.json,train
5493.json,train
5494.json,train
5495.json,train
5496.json,train
5497.json,train
5498.json,train
550.json,train
5500.json,train
5501.json,train
5502.json,train
5503.json,train
5504.json,train
5506.json,train
5508.json,train
5509.json,train
551.json,train
5511.json,train
5513.json,train
5514.json,train
5516.json,train
5518.json,train
5520.json,train
5521.json,train
5522.json,train
5523.json,train
5524.json,train
5525.json,train
5527.json,train
5531.json,train
5532.json,train
5533.json,train
5534.json,train
5535.json,train
5537.json,train
5538.json,train
5539.json,train
554.json,train
5540.json,train
5542.json,train
5543.json,train
5544.json,train
5545.json,train
5548.json,train
5549.json,train
555.json,train
5550.json,train
5552.json,train
5553.json,train
556.json,train
557.json,train
558.json,train
5586.json,train
5587.json,train
5588.json,train
5589.json,train
559.json,train
5590.json,train
5591.json,train
5592.json,train
5594.json,train
5595.json,train
5598.json,train
5599.json,train
560.json,train
5600.json,train
5601.json,train
5602.json,train
5605.json,train
5606.json,train
5607.json,train
5608.json,train
5609.json,train
561.json,train
5610.json,train
5611.json,train
5612.json,train
5613.json,train
5614.json,train
5615.json,train
5616.json,train
5617.json,train
5618.json,train
5619.json,train
562.json,train
5620.json,train
5622.json,train
5623.json,train
5624.json,train
5625.json,train
5626.json,train
5627.json,train
5628.json,train
5629.json,train
563.json,train
5631.json,train
5632.json,train
5633.json,train
5634.json,train
5635.json,train
5637.json,train
5638.json,train
564.json,train
5641.json,train
5642.json,train
5643.json,train
5644.json,train
5645.json,train
5646.json,train
5647.json,train
5648.json,train
5649.json,train
5651.json,train
5652.json,train
5655.json,train
5656.json,train
5657.json,train
5658.json,train
5659.json,train
566.json,train
5660.json,train
5661.json,train
5662.json,train
5663.json,train
5664.json,train
5666.json,train
5667.json,train
5668.json,train
5669.json,train
567.json,train
5673.json,train
5674.json,train
5675.json,train
5676.json,train
5677.json,train
5678.json,train
5679.json,train
5680.json,train
5681.json,train
5682.json,train
5683.json,train
5685.json,train
5686.json,train
5687.json,train
5688.json,train
5689.json,train
569.json,train
5690.json,train
5691.json,train
5692.json,train
5694.json,train
5695.json,train
5696.json,train
5697.json,train
57.json,train
570.json,train
5700.json,train
5701.json,train
5702.json,train
5703.json,train
5704.json,train
5705.json,train
5706.json,train
5707.json,train
5708.json,train
5709.json,train
571.json,train
5711.json,train
5712.json,train
5714.json,train
5715.json,train
5716.json,train
5717.json,train
5718.json,train
5719.json,train
572.json,train
5720.json,train
5721.json,train
5722.json,train
5724.json,train
5725.json,train
5726.json,train
5727.json,train
5728.json,train
5729.json,train
573.json,train
5730.json,train
5731.json,train
5734.json,train
5737.json,train
5738.json,train
5739.json,train
5740.json,train
5741.json,train
5743.json,train
5744.json,train
5745.json,train
5747.json,train
5748.json,train
5750.json,train
5752.json,train
5754.json,train
5755.json,train
5757.json,train
576.json,train
5760.json,train
5761.json,train
5763.json,train
5764.json,train
5765.json,train
5766.json,train
5767.json,train
5768.json,train
5769.json,train
577.json,train
5771.json,train
5773.json,train
5774.json,train
5775.json,train
5777.json,train
5778.json,train
578.json,train
5781.json,train
5782.json,train
5783.json,train
5784.json,train
5786.json,train
5787.json,train
579.json,train
5790.json,train
5791.json,train
5792.json,train
5793.json,train
5794.json,train
5797.json,train
5798.json,train
58.json,train
5800.json,train
5801.json,train
5802.json,train
5803.json,train
5804.json,train
5805.json,train
5806.json,train
5807.json,train
5808.json,train
5809.json,train
581.json,train
5811.json,train
5812.json,train
5813.json,train
5814.json,train
5816.json,train
5817.json,train
5818.json,train
5819.json,train
5820.json,train
5821.json,train
5822.json,train
5823.json,train
5827.json,train
5828.json,train
5829.json,train
583.json,train
5830.json,train
5831.json,train
5832.json,train
5834.json,train
5837.json,train
5838.json,train
5839.json,train
584.json,train
5841.json,train
5842.json,train
5844.json,train
5845.json,train
5846.json,train
5847.json,train
5849.json,train
585.json,train
5850.json,train
5851.json,train
5852.json,train
5853.json,train
5854.json,train
5855.json,train
5856.json,train
5857.json,train
5858.json,train
5859.json,train
586.json,train
5860.json,train
5861.json,train
5862.json,train
5863.json,train
5864.json,train
5865.json,train
5866.json,train
5867.json,train
5868.json,train
587.json,train
5870.json,train
5871.json,train
5872.json,train
5873.json,train
5875.json,train
5876.json,train
5877.json,train
5878.json,train
5879.json,train
588.json,train
5880.json,train
5884.json,train
5886.json,train
5887.json,train
5888.json,train
5889.json,train
589.json,train
5890.json,train
5891.json,train
5892.json,train
5893.json,train
5894.json,train
5895.json,train
5896.json,train
5897.json,train
5899.json,train
59.json,train
590.json,train
5901.json,train
5902.json,train
5903.json,train
5904.json,train
5905.json,train
5907.json,train
5908.json,train
591.json,train
5912.json,train
5914.json,train
5915.json,train
5916.json,train
5917.json,train
5918.json,train
5919.json,train
5920.json,train
5921.json,train
5922.json,train
5923.json,train
5924.json,train
5926.json,train
5927.json,train
5928.json,train
5929.json,train
593.json,train
5930.json,train
5932.json,train
5933.json,train
5934.json,train
5936.json,train
5937.json,train
5939.json,train
5940.json,train
5941.json,train
5943.json,train
5944.json,train
5945.json,train
5947.json,train
5948.json,train
5949.json,train
595.json,train
5951.json,train
5952.json,train
5953.json,train
5954.json,train
5955.json,train
5956.json,train
5957.json,train
5958.json,train
5959.json,train
596.json,train
5961.json,train
5965.json,train
5966.json,train
5967.json,train
5968.json,train
5969.json,train
597.json,train
5970.json,train
5972.json,train
5973.json,train
5974.json,train
5975.json,train
5976.json,train
5977.json,train
5979.json,train
598.json,train
5980.json,train
5981.json,train
5982.json,train
5983.json,train
5984.json,train
5986.json,train
5987.json,train
5988.json,train
5989.json,train
599.json,train
5990.json,train
5991.json,train
5992.json,train
5994.json,train
5995.json,train
5998.json,train
5999.json,train
60.json,train
600.json,train
6000.json,train
6001.json,train
6002.json,train
6003.json,train
6004.json,train
6005.json,train
6007.json,train
6008.json,train
6009.json,train
601.json,train
6012.json,train
6013.json,train
6014.json,train
6016.json,train
6019.json,train
602.json,train
6020.json,train
6021.json,train
6022.json,train
6023.json,train
6024.json,train
6025.json,train
6027.json,train
6028.json,train
6030.json,train
6031.json,train
6032.json,train
6034.json,train
6036.json,train
6037.json,train
6038.json,train
604.json,train
6040.json,train
6042.json,train
6043.json,train
6044.json,train
6047.json,train
6048.json,train
6050.json,train
6051.json,train
6052.json,train
6053.json,train
6056.json,train
6057.json,train
6058.json,train
6059.json,train
606.json,train
6061.json,train
6062.json,train
6063.json,train
6064.json,train
6065.json,train
6066.json,train
6067.json,train
6068.json,train
6069.json,train
607.json,train
6070.json,train
6071.json,train
6072.json,train
6073.json,train
6075.json,train
6076.json,train
6077.json,train
6078.json,train
6079.json,train
608.json,train
6080.json,train
6081.json,train
6082.json,train
6084.json,train
6085.json,train
6086.json,train
6087.json,train
6088.json,train
6089.json,train
6090.json,train
6092.json,train
6093.json,train
6094.json,train
6096.json,train
6099.json,train
61.json,train
610.json,train
6101.json,train
6102.json,train
6103.json,train
6104.json,train
6105.json,train
6106.json,train
6107.json,train
6108.json,train
6109.json,train
611.json,train
6111.json,train
6113.json,train
6114.json,train
6115.json,train
6116.json,train
6118.json,train
612.json,train
6120.json,train
6124.json,train
6125.json,train
6126.json,train
613.json,train
6131.json,train
6132.json,train
6134.json,train
6135.json,train
6136.json,train
6137.json,train
6138.json,train
6139.json,train
614.json,train
6140.json,train
6142.json,train
6143.json,train
6144.json,train
6145.json,train
6147.json,train
6148.json,train
6149.json,train
615.json,train
6150.json,train
6151.json,train
6152.json,train
6153.json,train
6154.json,train
6155.json,train
6156.json,train
6157.json,train
6158.json,train
6159.json,train
616.json,train
6160.json,train
6161.json,train
6162.json,train
6164.json,train
6165.json,train
6166.json,train
6167.json,train
6168.json,train
6169.json,train
617.json,train
6170.json,train
6171.json,train
6172.json,train
6173.json,train
6174.json,train
6175.json,train
6176.json,train
6177.json,train
6178.json,train
6179.json,train
618.json,train
6180.json,train
6183.json,train
6185.json,train
6186.json,train
6187.json,train
6188.json,train
6189.json,train
619.json,train
6191.json,train
6193.json,train
6194.json,train
6196.json,train
6198.json,train
6199.json,train
62.json,train
620.json,train
6201.json,train
6202.json,train
6203.json,train
6204.json,train
6205.json,train
6208.json,train
6209.json,train
621.json,train
6210.json,train
6211.json,train
6212.json,train
6214.json,train
6215.json,train
6216.json,train
6217.json,train
6219.json,train
622.json,train
6220.json,train
6221.json,train
6222.json,train
6224.json,train
6226.json,train
6227.json,train
6228.json,train
6229.json,train
623.json,train
6230.json,train
6231.json,train
6232.json,train
6233.json,train
6234.json,train
6235.json,train
6237.json,train
6238.json,train
6240.json,train
6241.json,train
6242.json,train
6244.json,train
6245.json,train
6248.json,train
6249.json,train
625.json,train
6250.json,train
6253.json,train
6254.json,train
6255.json,train
6256.json,train
6258.json,train
6259.json,train
6260.json,train
6261.json,train
6265.json,train
6267.json,train
6268.json,train
6269.json,train
6270.json,train
6271.json,train
6272.json,train
6273.json,train
6274.json,train
6276.json,train
6277.json,train
6278.json,train
6279.json,train
628.json,train
6280.json,train
6281.json,train
6282.json,train
6283.json,train
6284.json,train
6285.json,train
6286.json,train
6287.json,train
6288.json,train
6289.json,train
629.json,train
6291.json,train
6292.json,train
6293.json,train
6294.json,train
6296.json,train
6297.json,train
630.json,train
6300.json,train
6301.json,train
6302.json,train
6303.json,train
6304.json,train
6305.json,train
6306.json,train
6307.json,train
6308.json,train
6309.json,train
6310.json,train
6312.json,train
6314.json,train
6315.json,train
6316.json,train
6317.json,train
6318.json,train
632.json,train
6322.json,train
6323.json,train
6324.json,train
6326.json,train
6327.json,train
6328.json,train
6329.json,train
6330.json,train
6331.json,train
6332.json,train
6334.json,train
6335.json,train
6336.json,train
6338.json,train
6339.json,train
634.json,train
6340.json,train
6341.json,train
6343.json,train
6344.json,train
6347.json,train
6348.json,train
6349.json,train
635.json,train
6350.json,train
6351.json,train
6352.json,train
6354.json,train
6355.json,train
6356.json,train
6357.json,train
6358.json,train
6359.json,train
6360.json,train
6361.json,train
6362.json,train
6364.json,train
6367.json,train
6369.json,train
637.json,train
6371.json,train
6373.json,train
6374.json,train
6375.json,train
6376.json,train
6377.json,train
6379.json,train
638.json,train
6380.json,train
6382.json,train
6383.json,train
6384.json,train
6385.json,train
6388.json,train
639.json,train
6390.json,train
6391.json,train
6392.json,train
6394.json,train
6395.json,train
64.json,train
6402.json,train
6403.json,train
6404.json,train
6406.json,train
6408.json,train
6409.json,train
6410.json,train
6411.json,train
6413.json,train
6415.json,train
6417.json,train
6418.json,train
6419.json,train
642.json,train
6420.json,train
6421.json,train
6422.json,train
6423.json,train
6424.json,train
6426.json,train
6429.json,train
6430.json,train
6432.json,train
6433.json,train
6434.json,train
6435.json,train
6437.json,train
6438.json,train
6439.json,train
644.json,train
6441.json,train
6442.json,train
6443.json,train
6445.json,train
6446.json,train
6449.json,train
645.json,train
6450.json,train
6451.json,train
6452.json,train
6453.json,train
6454.json,train
6457.json,train
6458.json,train
6459.json,train
646.json,train
6462.json,train
6464.json,train
6471.json,train
6472.json,train
6474.json,train
6475.json,train
6476.json,train
6477.json,train
6478.json,train
648.json,train
6480.json,train
6481.json,train
6482.json,train
6483.json,train
6486.json,train
6487.json,train
6488.json,train
6489.json,train
649.json,train
6490.json,train
6492.json,train
6493.json,train
6494.json,train
6496.json,train
6497.json,train
6498.json,train
6499.json,train
65.json,train
6500.json,train
6501.json,train
6502.json,train
6503.json,train
6504.json,train
6506.json,train
6507.json,train
6509.json,train
651.json,train
6510.json,train
6512.json,train
6515.json,train
6517.json,train
6518.json,train
6519.json,train
652.json,train
6520.json,train
6521.json,train
6522.json,train
6523.json,train
6524.json,train
6525.json,train
6526.json,train
6527.json,train
6528.json,train
653.json,train
6530.json,train
6533.json,train
6534.json,train
6537.json,train
6538.json,train
654.json,train
6540.json,train
6542.json,train
6548.json,train
6549.json,train
6550.json,train
6551.json,train
6552.json,train
6556.json,train
6557.json,train
6561.json,train
6563.json,train
6564.json,train
6565.json,train
6566.json,train
6567.json,train
6569.json,train
657.json,train
6570.json,train
6572.json,train
6573.json,train
6575.json,train
6576.json,train
6578.json,train
6580.json,train
6581.json,train
6582.json,train
6584.json,train
6585.json,train
6586.json,train
6587.json,train
6588.json,train
6589.json,train
6590.json,train
6591.json,train
6592.json,train
6593.json,train
6595.json,train
6596.json,train
6597.json,train
6598.json,train
6599.json,train
6602.json,train
6603.json,train
6607.json,train
6609.json,train
661.json,train
6611.json,train
6612.json,train
6613.json,train
6614.json,train
6615.json,train
6618.json,train
6619.json,train
662.json,train
6620.json,train
6621.json,train
6622.json,train
6623.json,train
6626.json,train
6627.json,train
6628.json,train
6629.json,train
663.json,train
6630.json,train
6631.json,train
6632.json,train
6633.json,train
6634.json,train
6635.json,train
6636.json,train
6638.json,train
6640.json,train
6641.json,train
6642.json,train
6644.json,train
6646.json,train
6647.json,train
665.json,train
6650.json,train
6651.json,train
6653.json,train
6654.json,train
6656.json,train
6658.json,train
6659.json,train
666.json,train
6661.json,train
6663.json,train
6666.json,train
6667.json,train
6668.json,train
667.json,train
6670.json,train
6671.json,train
6672.json,train
6673.json,train
6674.json,train
6676.json,train
6677.json,train
6679.json,train
668.json,train
6680.json,train
6681.json,train
6683.json,train
6685.json,train
6686.json,train
6689.json,train
669.json,train
6691.json,train
6693.json,train
6694.json,train
6696.json,train
6697.json,train
6698.json,train
67.json,train
670.json,train
6700.json,train
6701.json,train
6702.json,train
6703.json,train
6704.json,train
6706.json,train
6707.json,train
6708.json,train
671.json,train
6710.json,train
6711.json,train
6713.json,train
6714.json,train
6715.json,train
6716.json,train
6717.json,train
6718.json,train
6719.json,train
672.json,train
6721.json,train
6722.json,train
6723.json,train
6724.json,train
6725.json,train
6726.json,train
6727.json,train
6728.json,train
6729.json,train
673.json,train
6730.json,train
6732.json,train
6733.json,train
6734.json,train
6736.json,train
6738.json,train
6739.json,train
674.json,train
6740.json,train
6741.json,train
6744.json,train
6746.json,train
6748.json,train
6749.json,train
675.json,train
6750.json,train
6751.json,train
6752.json,train
6753.json,train
6754.json,train
676.json,train
6760.json,train
6761.json,train
6762.json,train
6764.json,train
6766.json,train
6767.json,train
6768.json,train
6769.json,train
677.json,train
6770.json,train
6771.json,train
6775.json,train
6776.json,train
6777.json,train
6778.json,train
6779.json,train
678.json,train
6780.json,train
6782.json,train
6783.json,train
6784.json,train
6785.json,train
6786.json,train
6787.json,train
6788.json,train
6789.json,train
679.json,train
6790.json,train
6791.json,train
6792.json,train
6793.json,train
6794.json,train
6796.json,train
6797.json,train
6798.json,train
68.json,train
680.json,train
6800.json,train
6803.json,train
6804.json,train
6805.json,train
6806.json,train
6807.json,train
6808.json,train
6809.json,train
681.json,train
6810.json,train
6814.json,train
6815.json,train
6817.json,train
6819.json,train
682.json,train
6820.json,train
6822.json,train
6823.json,train
6824.json,train
6825.json,train
6827.json,train
6828.json,train
6829.json,train
6831.json,train
6832.json,train
6833.json,train
6834.json,train
6835.json,train
6836.json,train
6837.json,train
684.json,train
6840.json,train
6841.json,train
6842.json,train
6844.json,train
6845.json,train
6846.json,train
6847.json,train
6848.json,train
685.json,train
6850.json,train
6851.json,train
6852.json,train
6853.json,train
6854.json,train
6855.json,train
6856.json,train
6859.json,train
686.json,train
6862.json,train
6864.json,train
6866.json,train
6867.json,train
6868.json,train
6869.json,train
687.json,train
6870.json,train
6871.json,train
6872.json,train
6873.json,train
6874.json,train
6875.json,train
6877.json,train
6878.json,train
6880.json,train
6881.json,train
6882.json,train
6883.json,train
6885.json,train
6886.json,train
6887.json,train
6888.json,train
6889.json,train
689.json,train
6892.json,train
6893.json,train
6894.json,train
6895.json,train
6896.json,train
6897.json,train
6898.json,train
6899.json,train
69.json,train
690.json,train
6901.json,train
6902.json,train
6903.json,train
6904.json,train
6907.json,train
6908.json,train
6909.json,train
691.json,train
6910.json,train
6911.json,train
6912.json,train
6914.json,train
6915.json,train
6916.json,train
6918.json,train
692.json,train
6920.json,train
6921.json,train
6923.json,train
6924.json,train
6925.json,train
6926.json,train
6927.json,train
6928.json,train
6929.json,train
693.json,train
6930.json,train
6931.json,train
6932.json,train
6934.json,train
6935.json,train
6936.json,train
6937.json,train
6938.json,train
6939.json,train
694.json,train
6940.json,train
6941.json,train
6942.json,train
6944.json,train
6946.json,train
6947.json,train
6948.json,train
6949.json,train
695.json,train
6951.json,train
6952.json,train
6954.json,train
6955.json,train
6956.json,train
6957.json,train
6958.json,train
6959.json,train
696.json,train
6960.json,train
6961.json,train
6962.json,train
6963.json,train
6964.json,train
6965.json,train
6966.json,train
6967.json,train
6968.json,train
6969.json,train
697.json,train
6970.json,train
6972.json,train
6975.json,train
6977.json,train
6978.json,train
6979.json,train
698.json,train
6980.json,train
6983.json,train
6984.json,train
6985.json,train
6986.json,train
6987.json,train
6988.json,train
6989.json,train
6990.json,train
6991.json,train
6992.json,train
6993.json,train
6994.json,train
6995.json,train
6996.json,train
6997.json,train
6999.json,train
7.json,train
7000.json,train
7001.json,train
7002.json,train
7003.json,train
7004.json,train
7005.json,train
7006.json,train
7007.json,train
701.json,train
7010.json,train
7011.json,train
7012.json,train
7014.json,train
7015.json,train
7016.json,train
7017.json,train
7019.json,train
702.json,train
7020.json,train
7021.json,train
7022.json,train
7023.json,train
7024.json,train
7025.json,train
7026.json,train
7027.json,train
7028.json,train
7029.json,train
703.json,train
7030.json,train
7031.json,train
7032.json,train
7033.json,train
7034.json,train
7035.json,train
7036.json,train
7039.json,train
704.json,train
7040.json,train
7041.json,train
7042.json,train
7043.json,train
7048.json,train
7049.json,train
705.json,train
7052.json,train
7053.json,train
7054.json,train
7055.json,train
7056.json,train
7057.json,train
7058.json,train
7059.json,train
706.json,train
7060.json,train
7061.json,train
7062.json,train
7063.json,train
7064.json,train
7065.json,train
7066.json,train
7068.json,train
7069.json,train
707.json,train
7071.json,train
7072.json,train
7074.json,train
7075.json,train
7076.json,train
7077.json,train
7078.json,train
7079.json,train
708.json,train
7081.json,train
7082.json,train
7083.json,train
7086.json,train
7088.json,train
7089.json,train
7090.json,train
7091.json,train
7092.json,train
7093.json,train
7095.json,train
7096.json,train
7097.json,train
7098.json,train
7099.json,train
71.json,train
710.json,train
7100.json,train
7101.json,train
7102.json,train
7104.json,train
7105.json,train
7106.json,train
7107.json,train
7108.json,train
7109.json,train
711.json,train
7110.json,train
7112.json,train
7113.json,train
7114.json,train
7115.json,train
7116.json,train
7117.json,train
7119.json,train
7121.json,train
7122.json,train
7123.json,train
7124.json,train
7125.json,train
7126.json,train
7127.json,train
7128.json,train
7129.json,train
7130.json,train
7131.json,train
7133.json,train
7137.json,train
7138.json,train
7139.json,train
7140.json,train
7141.json,train
7142.json,train
7143.json,train
7144.json,train
7147.json,train
7148.json,train
7149.json,train
7150.json,train
7151.json,train
7159.json,train
716.json,train
7160.json,train
7161.json,train
7163.json,train
7166.json,train
7167.json,train
7168.json,train
7169.json,train
7170.json,train
7171.json,train
7172.json,train
7173.json,train
7174.json,train
7175.json,train
7176.json,train
7177.json,train
7178.json,train
7179.json,train
718.json,train
7180.json,train
7181.json,train
7182.json,train
7183.json,train
7184.json,train
7185.json,train
7186.json,train
7187.json,train
7188.json,train
7189.json,train
719.json,train
7190.json,train
7191.json,train
7192.json,train
7193.json,train
7194.json,train
7196.json,train
7198.json,train
7199.json,train
72.json,train
720.json,train
7200.json,train
7201.json,train
7202.json,train
7204.json,train
7205.json,train
7207.json,train
7208.json,train
7209.json,train
721.json,train
7210.json,train
7212.json,train
7213.json,train
7214.json,train
7216.json,train
7217.json,train
7218.json,train
7219.json,train
722.json,train
7221.json,train
7222.json,train
7224.json,train
7225.json,train
7226.json,train
7227.json,train
7228.json,train
7229.json,train
723.json,train
7232.json,train
7233.json,train
7237.json,train
7238.json,train
7239.json,train
724.json,train
7240.json,train
7241.json,train
7243.json,train
7245.json,train
7246.json,train
7247.json,train
7248.json,train
7249.json,train
725.json,train
7250.json,train
7251.json,train
7252.json,train
7253.json,train
7254.json,train
7255.json,train
7256.json,train
7257.json,train
7258.json,train
7259.json,train
726.json,train
7260.json,train
7261.json,train
7262.json,train
7263.json,train
7265.json,train
7266.json,train
7267.json,train
7269.json,train
7270.json,train
7273.json,train
7274.json,train
7275.json,train
7277.json,train
7278.json,train
7279.json,train
728.json,train
7280.json,train
7281.json,train
7282.json,train
7283.json,train
7284.json,train
7286.json,train
7289.json,train
7290.json,train
7291.json,train
7293.json,train
7294.json,train
7295.json,train
7296.json,train
7297.json,train
7298.json,train
7299.json,train
730.json,train
7300.json,train
7301.json,train
7302.json,train
7303.json,train
7304.json,train
7305.json,train
7306.json,train
7307.json,train
7309.json,train
7310.json,train
7312.json,train
7314.json,train
7317.json,train
7318.json,train
732.json,train
7320.json,train
7321.json,train
7322.json,train
7323.json,train
7324.json,train
7325.json,train
7326.json,train
7328.json,train
7330.json,train
7331.json,train
7332.json,train
7333.json,train
7335.json,train
7337.json,train
7338.json,train
7339.json,train
734.json,train
7342.json,train
7346.json,train
7347.json,train
7348.json,train
7349.json,train
735.json,train
7350.json,train
7351.json,train
7352.json,train
7353.json,train
7354.json,train
7355.json,train
7357.json,train
7358.json,train
7359.json,train
736.json,train
7362.json,train
7363.json,train
7364.json,train
7365.json,train
7366.json,train
7367.json,train
7368.json,train
7369.json,train
7370.json,train
7373.json,train
7374.json,train
7375.json,train
7376.json,train
7377.json,train
738.json,train
7380.json,train
7382.json,train
7383.json,train
7384.json,train
7386.json,train
7388.json,train
7389.json,train
739.json,train
7390.json,train
7391.json,train
7393.json,train
7394.json,train
7395.json,train
7396.json,train
7397.json,train
7398.json,train
7399.json,train
74.json,train
740.json,train
7400.json,train
7402.json,train
7403.json,train
7404.json,train
7406.json,train
7408.json,train
7409.json,train
741.json,train
7410.json,train
7412.json,train
7413.json,train
7415.json,train
742.json,train
7421.json,train
7422.json,train
7423.json,train
7424.json,train
7425.json,train
7427.json,train
7428.json,train
7429.json,train
743.json,train
7430.json,train
7431.json,train
7432.json,train
7437.json,train
7439.json,train
744.json,train
7440.json,train
7441.json,train
7443.json,train
7444.json,train
7445.json,train
7446.json,train
7449.json,train
7451.json,train
7452.json,train
7453.json,train
7454.json,train
7455.json,train
7456.json,train
7457.json,train
7459.json,train
746.json,train
7460.json,train
7463.json,train
7464.json,train
7465.json,train
7466.json,train
7467.json,train
747.json,train
7470.json,train
7471.json,train
7472.json,train
7473.json,train
7474.json,train
7475.json,train
7476.json,train
7477.json,train
7478.json,train
7479.json,train
748.json,train
7480.json,train
7481.json,train
7482.json,train
7483.json,train
7484.json,train
7485.json,train
7486.json,train
7487.json,train
7489.json,train
7490.json,train
7491.json,train
7492.json,train
7493.json,train
7494.json,train
7495.json,train
7496.json,train
7497.json,train
75.json,train
750.json,train
7500.json,train
7501.json,train
7502.json,train
7504.json,train
7506.json,train
7507.json,train
7509.json,train
751.json,train
7511.json,train
7513.json,train
7514.json,train
7515.json,train
7516.json,train
7517.json,train
7518.json,train
7519.json,train
7521.json,train
7522.json,train
7525.json,train
7526.json,train
7527.json,train
7528.json,train
753.json,train
7530.json,train
7531.json,train
7533.json,train
7535.json,train
7536.json,train
7538.json,train
7539.json,train
7540.json,train
7542.json,train
7546.json,train
7548.json,train
7549.json,train
755.json,train
7550.json,train
7551.json,train
7553.json,train
7554.json,train
7555.json,train
7556.json,train
7557.json,train
7558.json,train
756.json,train
7560.json,train
7561.json,train
7563.json,train
7564.json,train
7566.json,train
7567.json,train
7568.json,train
7569.json,train
7570.json,train
7571.json,train
7572.json,train
7573.json,train
7575.json,train
7576.json,train
7578.json,train
7579.json,train
758.json,train
7580.json,train
7581.json,train
7582.json,train
7583.json,train
7584.json,train
7585.json,train
7586.json,train
7587.json,train
7589.json,train
759.json,train
7590.json,train
7591.json,train
7592.json,train
7593.json,train
7595.json,train
7596.json,train
7597.json,train
7599.json,train
76.json,train
7600.json,train
7602.json,train
7603.json,train
7604.json,train
7605.json,train
7606.json,train
7608.json,train
7609.json,train
761.json,train
7611.json,train
7612.json,train
7613.json,train
7614.json,train
7615.json,train
7616.json,train
7617.json,train
7618.json,train
7619.json,train
762.json,train
7621.json,train
7622.json,train
7623.json,train
7624.json,train
7625.json,train
7627.json,train
7628.json,train
7629.json,train
763.json,train
7630.json,train
7631.json,train
7632.json,train
7633.json,train
7634.json,train
7635.json,train
7636.json,train
7637.json,train
7638.json,train
7639.json,train
764.json,train
7641.json,train
7642.json,train
7643.json,train
7644.json,train
7645.json,train
7646.json,train
7648.json,train
7649.json,train
765.json,train
7650.json,train
7651.json,train
7652.json,train
7653.json,train
7654.json,train
7655.json,train
7657.json,train
7659.json,train
766.json,train
7660.json,train
7661.json,train
7663.json,train
7664.json,train
7666.json,train
7668.json,train
7669.json,train
767.json,train
7670.json,train
7671.json,train
7672.json,train
7673.json,train
7674.json,train
7679.json,train
768.json,train
7681.json,train
7682.json,train
7683.json,train
7684.json,train
7686.json,train
7687.json,train
7688.json,train
7689.json,train
7690.json,train
7691.json,train
7693.json,train
7694.json,train
7697.json,train
77.json,train
770.json,train
7700.json,train
7701.json,train
7703.json,train
7704.json,train
7705.json,train
7707.json,train
7708.json,train
7709.json,train
7710.json,train
7711.json,train
7715.json,train
7716.json,train
7717.json,train
7719.json,train
772.json,train
7720.json,train
7722.json,train
7723.json,train
7725.json,train
7727.json,train
7729.json,train
773.json,train
7730.json,train
7731.json,train
7732.json,train
7734.json,train
7735.json,train
7736.json,train
774.json,train
7741.json,train
7745.json,train
7746.json,train
7747.json,train
7748.json,train
7749.json,train
775.json,train
7750.json,train
7751.json,train
7752.json,train
7753.json,train
7754.json,train
7755.json,train
7756.json,train
7757.json,train
7759.json,train
776.json,train
7760.json,train
7761.json,train
7762.json,train
7763.json,train
7764.json,train
7765.json,train
7766.json,train
7767.json,train
7768.json,train
7769.json,train
777.json,train
7770.json,train
7773.json,train
7774.json,train
7776.json,train
7777.json,train
7778.json,train
7779.json,train
778.json,train
7782.json,train
7783.json,train
7784.json,train
7785.json,train
7786.json,train
7787.json,train
7788.json,train
7789.json,train
779.json,train
7791.json,train
7793.json,train
7794.json,train
7795.json,train
7796.json,train
7797.json,train
7798.json,train
7799.json,train
78.json,train
780.json,train
7800.json,train
7801.json,train
7802.json,train
7803.json,train
7804.json,train
7805.json,train
7807.json,train
7808.json,train
7811.json,train
7812.json,train
7813.json,train
7815.json,train
7817.json,train
782.json,train
7821.json,train
7822.json,train
7824.json,train
7825.json,train
7826.json,train
7829.json,train
783.json,train
7830.json,train
7831.json,train
7832.json,train
7833.json,train
7835.json,train
7836.json,train
7837.json,train
784.json,train
7841.json,train
7842.json,train
7843.json,train
7844.json,train
7846.json,train
7847.json,train
7848.json,train
7849.json,train
785.json,train
7850.json,train
7852.json,train
7853.json,train
7854.json,train
7855.json,train
7856.json,train
7857.json,train
7858.json,train
7859.json,train
786.json,train
7860.json,train
7861.json,train
7862.json,train
7863.json,train
7864.json,train
7865.json,train
7866.json,train
7867.json,train
7868.json,train
787.json,train
7870.json,train
7871.json,train
7872.json,train
7873.json,train
7875.json,train
7878.json,train
7882.json,train
7883.json,train
7884.json,train
7885.json,train
7887.json,train
7888.json,train
7889.json,train
789.json,train
7890.json,train
7892.json,train
7893.json,train
7895.json,train
7896.json,train
7897.json,train
7898.json,train
7899.json,train
79.json,train
7901.json,train
7902.json,train
7903.json,train
791.json,train
7910.json,train
7911.json,train
7912.json,train
7914.json,train
7916.json,train
7917.json,train
7920.json,train
7921.json,train
7922.json,train
7923.json,train
7924.json,train
7925.json,train
7926.json,train
7927.json,train
7929.json,train
7931.json,train
7932.json,train
7933.json,train
7934.json,train
7936.json,train
7937.json,train
7938.json,train
7940.json,train
7941.json,train
7942.json,train
7943.json,train
7944.json,train
7945.json,train
7948.json,train
7949.json,train
795.json,train
7951.json,train
7953.json,train
7955.json,train
7958.json,train
7959.json,train
796.json,train
7960.json,train
7961.json,train
7962.json,train
7963.json,train
7964.json,train
7965.json,train
7967.json,train
7968.json,train
797.json,train
7971.json,train
7972.json,train
7973.json,train
7974.json,train
7975.json,train
7976.json,train
7977.json,train
7978.json,train
7979.json,train
798.json,train
7980.json,train
7981.json,train
7984.json,train
7985.json,train
7986.json,train
7987.json,train
7988.json,train
7989.json,train
7990.json,train
7992.json,train
7993.json,train
7995.json,train
7996.json,train
7997.json,train
8.json,train
80.json,train
8001.json,train
8003.json,train
8004.json,train
8005.json,train
8006.json,train
8007.json,train
8008.json,train
8009.json,train
8012.json,train
8018.json,train
8019.json,train
802.json,train
8020.json,train
8021.json,train
8022.json,train
8027.json,train
8028.json,train
8029.json,train
803.json,train
8032.json,train
8033.json,train
8034.json,train
8037.json,train
8045.json,train
8046.json,train
8048.json,train
8049.json,train
8050.json,train
8051.json,train
8052.json,train
8053.json,train
8054.json,train
8055.json,train
8056.json,train
8057.json,train
8058.json,train
8059.json,train
806.json,train
8060.json,train
8063.json,train
8064.json,train
8065.json,train
8066.json,train
8068.json,train
8069.json,train
807.json,train
8070.json,train
8071.json,train
8072.json,train
8073.json,train
8074.json,train
8075.json,train
8076.json,train
8078.json,train
8079.json,train
808.json,train
8080.json,train
8082.json,train
8083.json,train
8085.json,train
8086.json,train
8088.json,train
8090.json,train
8091.json,train
8092.json,train
8093.json,train
8094.json,train
8095.json,train
8097.json,train
8098.json,train
8099.json,train
81.json,train
810.json,train
8100.json,train
8101.json,train
8105.json,train
8106.json,train
8107.json,train
8108.json,train
8109.json,train
811.json,train
8110.json,train
8112.json,train
8113.json,train
8114.json,train
8118.json,train
8119.json,train
812.json,train
8122.json,train
8123.json,train
8124.json,train
8125.json,train
8126.json,train
8127.json,train
8128.json,train
8129.json,train
8130.json,train
8131.json,train
8132.json,train
8133.json,train
8134.json,train
8135.json,train
8136.json,train
8137.json,train
8138.json,train
8139.json,train
8140.json,train
8141.json,train
8142.json,train
8143.json,train
8144.json,train
8145.json,train
8147.json,train
8148.json,train
8149.json,train
8150.json,train
8152.json,train
8154.json,train
8155.json,train
8157.json,train
8158.json,train
8160.json,train
8164.json,train
8165.json,train
8166.json,train
8168.json,train
8171.json,train
8172.json,train
8174.json,train
8175.json,train
8176.json,train
8178.json,train
8179.json,train
8180.json,train
8181.json,train
8182.json,train
8183.json,train
8184.json,train
8185.json,train
8186.json,train
8187.json,train
8188.json,train
819.json,train
8190.json,train
8193.json,train
8194.json,train
8195.json,train
8196.json,train
8199.json,train
82.json,train
820.json,train
8202.json,train
8203.json,train
8204.json,train
8205.json,train
8206.json,train
8207.json,train
8208.json,train
8209.json,train
821.json,train
8210.json,train
8211.json,train
8212.json,train
8213.json,train
8214.json,train
8216.json,train
8217.json,train
8218.json,train
8219.json,train
822.json,train
8220.json,train
8221.json,train
8222.json,train
8223.json,train
8224.json,train
8225.json,train
8227.json,train
8228.json,train
8229.json,train
823.json,train
8230.json,train
8232.json,train
8233.json,train
8234.json,train
8236.json,train
8237.json,train
8238.json,train
8239.json,train
824.json,train
8241.json,train
8244.json,train
8247.json,train
8248.json,train
8249.json,train
825.json,train
8250.json,train
8251.json,train
8252.json,train
8253.json,train
8255.json,train
8256.json,train
8258.json,train
8259.json,train
826.json,train
8260.json,train
8262.json,train
8263.json,train
8264.json,train
8265.json,train
8268.json,train
8269.json,train
827.json,train
8270.json,train
8271.json,train
8272.json,train
8273.json,train
8274.json,train
8276.json,train
8277.json,train
8278.json,train
828.json,train
8280.json,train
8281.json,train
8283.json,train
8284.json,train
8286.json,train
8287.json,train
8288.json,train
8289.json,train
829.json,train
8290.json,train
8292.json,train
8293.json,train
8295.json,train
8296.json,train
8297.json,train
8298.json,train
8299.json,train
830.json,train
8302.json,train
8305.json,train
8306.json,train
8307.json,train
8308.json,train
8309.json,train
831.json,train
8310.json,train
8311.json,train
8312.json,train
8313.json,train
8315.json,train
8316.json,train
8317.json,train
8318.json,train
8319.json,train
832.json,train
8321.json,train
8324.json,train
8325.json,train
8326.json,train
8327.json,train
8328.json,train
8329.json,train
833.json,train
8330.json,train
8331.json,train
8332.json,train
8333.json,train
8334.json,train
8335.json,train
8337.json,train
8338.json,train
8339.json,train
834.json,train
8341.json,train
8343.json,train
8345.json,train
8346.json,train
8347.json,train
8348.json,train
8349.json,train
8350.json,train
8351.json,train
8353.json,train
8354.json,train
8355.json,train
8356.json,train
8357.json,train
8358.json,train
8359.json,train
836.json,train
8360.json,train
8362.json,train
8363.json,train
8364.json,train
8365.json,train
8366.json,train
8367.json,train
8368.json,train
837.json,train
8370.json,train
8371.json,train
8373.json,train
8376.json,train
8377.json,train
8379.json,train
838.json,train
8380.json,train
8381.json,train
8382.json,train
8383.json,train
8384.json,train
8385.json,train
8388.json,train
8389.json,train
8390.json,train
8391.json,train
8392.json,train
8393.json,train
8394.json,train
8395.json,train
8396.json,train
8397.json,train
8398.json,train
8399.json,train
84.json,train
8400.json,train
8401.json,train
8402.json,train
8403.json,train
8404.json,train
8405.json,train
8407.json,train
8408.json,train
8409.json,train
8410.json,train
8411.json,train
8412.json,train
8413.json,train
8415.json,train
8416.json,train
8417.json,train
8418.json,train
8421.json,train
8422.json,train
8423.json,train
8424.json,train
8425.json,train
8426.json,train
8427.json,train
8428.json,train
8430.json,train
8431.json,train
8432.json,train
8435.json,train
8436.json,train
8438.json,train
8439.json,train
8440.json,train
8441.json,train
8442.json,train
8443.json,train
8444.json,train
8445.json,train
8446.json,train
8447.json,train
8448.json,train
8449.json,train
8451.json,train
8452.json,train
8453.json,train
8454.json,train
8455.json,train
8456.json,train
8457.json,train
8459.json,train
8460.json,train
8461.json,train
8462.json,train
8466.json,train
8468.json,train
8469.json,train
8470.json,train
8471.json,train
8472.json,train
8473.json,train
8474.json,train
8475.json,train
8476.json,train
8477.json,train
8478.json,train
8479.json,train
8480.json,train
8481.json,train
8482.json,train
8484.json,train
8485.json,train
8487.json,train
8488.json,train
8489.json,train
8490.json,train
8491.json,train
8492.json,train
8494.json,train
8495.json,train
8496.json,train
8497.json,train
8499.json,train
85.json,train
8501.json,train
8502.json,train
8505.json,train
8506.json,train
8507.json,train
8508.json,train
8509.json,train
8510.json,train
8512.json,train
8513.json,train
8514.json,train
8515.json,train
8517.json,train
8518.json,train
8522.json,train
8524.json,train
8525.json,train
8526.json,train
8527.json,train
8528.json,train
8529.json,train
8530.json,train
8531.json,train
8532.json,train
8534.json,train
8535.json,train
8536.json,train
8537.json,train
8538.json,train
8539.json,train
8540.json,train
8543.json,train
8544.json,train
8545.json,train
8546.json,train
8547.json,train
8548.json,train
8550.json,train
8551.json,train
8553.json,train
8554.json,train
8555.json,train
8556.json,train
8559.json,train
8560.json,train
8562.json,train
8563.json,train
8564.json,train
8565.json,train
8566.json,train
8568.json,train
8569.json,train
8570.json,train
8571.json,train
8572.json,train
8574.json,train
8577.json,train
8578.json,train
8579.json,train
8580.json,train
8581.json,train
8582.json,train
8584.json,train
8587.json,train
8588.json,train
8589.json,train
8590.json,train
8591.json,train
8592.json,train
8593.json,train
8594.json,train
8596.json,train
8597.json,train
8598.json,train
8599.json,train
86.json,train
8600.json,train
8601.json,train
8602.json,train
8605.json,train
8607.json,train
8608.json,train
8610.json,train
8611.json,train
8612.json,train
8613.json,train
8614.json,train
8615.json,train
8616.json,train
8617.json,train
8618.json,train
8619.json,train
8620.json,train
8621.json,train
8622.json,train
8623.json,train
8624.json,train
8625.json,train
8626.json,train
8627.json,train
8628.json,train
8629.json,train
8632.json,train
8633.json,train
8634.json,train
8635.json,train
8637.json,train
8639.json,train
8640.json,train
8641.json,train
8642.json,train
8643.json,train
8644.json,train
8645.json,train
8646.json,train
8647.json,train
8650.json,train
8651.json,train
8652.json,train
8653.json,train
8654.json,train
8655.json,train
8657.json,train
8658.json,train
8659.json,train
8660.json,train
8661.json,train
8662.json,train
8663.json,train
8664.json,train
8665.json,train
8668.json,train
8669.json,train
8670.json,train
8671.json,train
8672.json,train
8674.json,train
8675.json,train
8677.json,train
8678.json,train
8679.json,train
8680.json,train
8681.json,train
8682.json,train
8684.json,train
8686.json,train
8687.json,train
8688.json,train
8690.json,train
8691.json,train
8692.json,train
8693.json,train
8694.json,train
8695.json,train
8696.json,train
8697.json,train
8698.json,train
8699.json,train
8700.json,train
8702.json,train
8703.json,train
8704.json,train
8705.json,train
8706.json,train
8707.json,train
8708.json,train
8709.json,train
8711.json,train
8713.json,train
8715.json,train
8718.json,train
8719.json,train
8720.json,train
8722.json,train
8723.json,train
8724.json,train
8725.json,train
8726.json,train
8727.json,train
8728.json,train
8729.json,train
8730.json,train
8732.json,train
8733.json,train
8734.json,train
8735.json,train
8736.json,train
8737.json,train
8738.json,train
8739.json,train
8740.json,train
8741.json,train
8742.json,train
8744.json,train
8745.json,train
8746.json,train
8747.json,train
8748.json,train
8749.json,train
8750.json,train
8751.json,train
8752.json,train
8753.json,train
8754.json,train
8755.json,train
8756.json,train
8759.json,train
8762.json,train
8763.json,train
8765.json,train
8766.json,train
8767.json,train
8768.json,train
8769.json,train
8770.json,train
8771.json,train
8772.json,train
8773.json,train
8774.json,train
8775.json,train
8776.json,train
8777.json,train
8778.json,train
8779.json,train
8780.json,train
8781.json,train
8783.json,train
8784.json,train
8786.json,train
8787.json,train
8788.json,train
8789.json,train
8790.json,train
8791.json,train
8792.json,train
8793.json,train
8794.json,train
8796.json,train
8797.json,train
8799.json,train
88.json,train
8800.json,train
8801.json,train
8802.json,train
8803.json,train
8804.json,train
8805.json,train
8806.json,train
8807.json,train
8808.json,train
8810.json,train
8811.json,train
8812.json,train
8813.json,train
8815.json,train
8816.json,train
8817.json,train
8819.json,train
8820.json,train
8822.json,train
8823.json,train
8824.json,train
8825.json,train
8826.json,train
8828.json,train
8829.json,train
8831.json,train
8832.json,train
8834.json,train
8835.json,train
8836.json,train
8837.json,train
8838.json,train
8840.json,train
8842.json,train
8843.json,train
8844.json,train
8845.json,train
8848.json,train
8850.json,train
8851.json,train
8852.json,train
8856.json,train
8858.json,train
8859.json,train
8861.json,train
8862.json,train
8864.json,train
8865.json,train
8866.json,train
8868.json,train
8870.json,train
8871.json,train
8872.json,train
8873.json,train
8874.json,train
8875.json,train
8876.json,train
8879.json,train
8880.json,train
8881.json,train
8882.json,train
8885.json,train
8887.json,train
8888.json,train
8890.json,train
8892.json,train
8893.json,train
8894.json,train
8896.json,train
8897.json,train
8898.json,train
8899.json,train
89.json,train
8900.json,train
8903.json,train
8904.json,train
8906.json,train
8908.json,train
8909.json,train
8910.json,train
8911.json,train
8912.json,train
8914.json,train
8915.json,train
8916.json,train
8917.json,train
8918.json,train
8919.json,train
8920.json,train
8922.json,train
8923.json,train
8925.json,train
8926.json,train
8927.json,train
8928.json,train
8931.json,train
8932.json,train
8933.json,train
8934.json,train
8936.json,train
8937.json,train
8938.json,train
8939.json,train
8940.json,train
8943.json,train
8945.json,train
8947.json,train
8948.json,train
8949.json,train
8950.json,train
8951.json,train
8952.json,train
8953.json,train
8954.json,train
8955.json,train
8956.json,train
8957.json,train
8958.json,train
8959.json,train
8962.json,train
8964.json,train
8965.json,train
8967.json,train
8969.json,train
8970.json,train
8971.json,train
8972.json,train
8973.json,train
8974.json,train
8975.json,train
8976.json,train
8977.json,train
8980.json,train
8981.json,train
8982.json,train
8983.json,train
8984.json,train
8985.json,train
8987.json,train
8988.json,train
8989.json,train
8991.json,train
8994.json,train
8995.json,train
8996.json,train
8997.json,train
8998.json,train
8999.json,train
90.json,train
9000.json,train
9001.json,train
9002.json,train
9004.json,train
9005.json,train
9006.json,train
9007.json,train
9009.json,train
9011.json,train
9012.json,train
9013.json,train
9014.json,train
9017.json,train
9018.json,train
9019.json,train
902.json,train
9020.json,train
9021.json,train
9022.json,train
9023.json,train
9024.json,train
9025.json,train
9027.json,train
9028.json,train
9029.json,train
903.json,train
9030.json,train
9031.json,train
9032.json,train
9038.json,train
9039.json,train
904.json,train
9040.json,train
9041.json,train
9042.json,train
9043.json,train
9045.json,train
9046.json,train
9048.json,train
9049.json,train
905.json,train
9053.json,train
9054.json,train
9055.json,train
9056.json,train
9057.json,train
9058.json,train
9059.json,train
906.json,train
9060.json,train
9062.json,train
9063.json,train
9064.json,train
9065.json,train
9066.json,train
9067.json,train
9069.json,train
907.json,train
9070.json,train
9072.json,train
9073.json,train
9074.json,train
9075.json,train
9077.json,train
9078.json,train
9079.json,train
9081.json,train
9082.json,train
9083.json,train
9084.json,train
9085.json,train
9086.json,train
9087.json,train
9088.json,train
909.json,train
9090.json,train
9094.json,train
9097.json,train
9098.json,train
9099.json,train
91.json,train
910.json,train
9103.json,train
9104.json,train
9105.json,train
9106.json,train
9108.json,train
911.json,train
9110.json,train
9111.json,train
9113.json,train
9114.json,train
9115.json,train
9116.json,train
912.json,train
9120.json,train
9121.json,train
9122.json,train
9123.json,train
9125.json,train
9126.json,train
9128.json,train
9129.json,train
9130.json,train
9131.json,train
9132.json,train
9133.json,train
9134.json,train
9135.json,train
9136.json,train
9138.json,train
9139.json,train
914.json,train
9140.json,train
9142.json,train
9143.json,train
9144.json,train
9147.json,train
9148.json,train
9149.json,train
915.json,train
9152.json,train
9153.json,train
9154.json,train
9155.json,train
9157.json,train
9158.json,train
9159.json,train
916.json,train
9160.json,train
9161.json,train
9162.json,train
9163.json,train
9164.json,train
9165.json,train
9166.json,train
9167.json,train
9168.json,train
9169.json,train
9170.json,train
9171.json,train
9172.json,train
9173.json,train
9174.json,train
9175.json,train
9177.json,train
9178.json,train
9179.json,train
918.json,train
9180.json,train
9181.json,train
9182.json,train
9183.json,train
9184.json,train
9185.json,train
9186.json,train
9188.json,train
9189.json,train
919.json,train
9190.json,train
9191.json,train
9193.json,train
9194.json,train
9195.json,train
9196.json,train
9199.json,train
920.json,train
9201.json,train
9202.json,train
9203.json,train
9204.json,train
9205.json,train
9206.json,train
9207.json,train
9209.json,train
9211.json,train
9212.json,train
9213.json,train
9214.json,train
9216.json,train
9217.json,train
9218.json,train
9219.json,train
922.json,train
9221.json,train
9222.json,train
9223.json,train
9224.json,train
9225.json,train
9226.json,train
9228.json,train
923.json,train
9230.json,train
9233.json,train
9234.json,train
9237.json,train
9238.json,train
9239.json,train
924.json,train
9240.json,train
9242.json,train
9243.json,train
9244.json,train
9245.json,train
9246.json,train
9247.json,train
9249.json,train
925.json,train
9250.json,train
9251.json,train
9253.json,train
9254.json,train
9255.json,train
9258.json,train
9259.json,train
926.json,train
9261.json,train
9262.json,train
9263.json,train
9264.json,train
9265.json,train
9266.json,train
9267.json,train
9268.json,train
927.json,train
9270.json,train
9271.json,train
9272.json,train
9274.json,train
9275.json,train
9276.json,train
9277.json,train
9278.json,train
9279.json,train
928.json,train
9280.json,train
9281.json,train
9282.json,train
9283.json,train
9284.json,train
9288.json,train
9289.json,train
9293.json,train
9294.json,train
9295.json,train
9296.json,train
9297.json,train
9298.json,train
9299.json,train
93.json,train
930.json,train
9300.json,train
9302.json,train
9303.json,train
9304.json,train
9305.json,train
9306.json,train
9307.json,train
9308.json,train
9309.json,train
931.json,train
9310.json,train
9311.json,train
9314.json,train
9317.json,train
9318.json,train
9319.json,train
932.json,train
9320.json,train
9321.json,train
9322.json,train
9324.json,train
9325.json,train
9326.json,train
9327.json,train
9328.json,train
933.json,train
9330.json,train
9331.json,train
9332.json,train
9334.json,train
9335.json,train
9336.json,train
9337.json,train
9338.json,train
9339.json,train
9340.json,train
9341.json,train
9344.json,train
9345.json,train
9347.json,train
9348.json,train
9349.json,train
9350.json,train
9352.json,train
9354.json,train
9355.json,train
9356.json,train
9358.json,train
9359.json,train
936.json,train
9360.json,train
9361.json,train
9362.json,train
9363.json,train
9365.json,train
9367.json,train
9368.json,train
9369.json,train
937.json,train
9370.json,train
9371.json,train
9372.json,train
9373.json,train
9374.json,train
9375.json,train
9376.json,train
9377.json,train
9379.json,train
938.json,train
9380.json,train
9381.json,train
9382.json,train
9384.json,train
9385.json,train
9386.json,train
9387.json,train
9389.json,train
9390.json,train
9391.json,train
9392.json,train
9393.json,train
9394.json,train
9395.json,train
9396.json,train
9397.json,train
9399.json,train
940.json,train
9400.json,train
9401.json,train
9402.json,train
9404.json,train
9406.json,train
9407.json,train
9408.json,train
9409.json,train
941.json,train
9410.json,train
9411.json,train
9413.json,train
9414.json,train
9415.json,train
9417.json,train
9418.json,train
942.json,train
9420.json,train
9421.json,train
9423.json,train
9424.json,train
9425.json,train
9428.json,train
943.json,train
9430.json,train
9433.json,train
9434.json,train
9438.json,train
9439.json,train
944.json,train
9440.json,train
9441.json,train
9442.json,train
9445.json,train
9446.json,train
9447.json,train
9449.json,train
945.json,train
9450.json,train
9451.json,train
9452.json,train
9453.json,train
9455.json,train
9456.json,train
9457.json,train
9458.json,train
9459.json,train
946.json,train
9461.json,train
9463.json,train
9464.json,train
9465.json,train
9466.json,train
9469.json,train
947.json,train
9471.json,train
9473.json,train
9474.json,train
9475.json,train
9476.json,train
9477.json,train
9478.json,train
9479.json,train
9481.json,train
9482.json,train
9484.json,train
9485.json,train
9486.json,train
9487.json,train
9488.json,train
949.json,train
9490.json,train
9491.json,train
9492.json,train
9493.json,train
9494.json,train
9495.json,train
9496.json,train
9497.json,train
9498.json,train
9499.json,train
95.json,train
950.json,train
9500.json,train
9501.json,train
9503.json,train
9505.json,train
9506.json,train
9508.json,train
9509.json,train
951.json,train
9511.json,train
9512.json,train
9513.json,train
9514.json,train
9515.json,train
9517.json,train
9518.json,train
952.json,train
9523.json,train
9525.json,train
9527.json,train
9528.json,train
9529.json,train
953.json,train
9530.json,train
9531.json,train
9532.json,train
9533.json,train
9535.json,train
9536.json,train
9537.json,train
954.json,train
9541.json,train
9542.json,train
9543.json,train
9544.json,train
9545.json,train
9546.json,train
9547.json,train
955.json,train
9551.json,train
9552.json,train
9554.json,train
9555.json,train
9557.json,train
9558.json,train
9559.json,train
956.json,train
9560.json,train
9561.json,train
9562.json,train
9563.json,train
9564.json,train
9565.json,train
9566.json,train
9569.json,train
9570.json,train
9571.json,train
9572.json,train
9573.json,train
9574.json,train
9575.json,train
9576.json,train
9579.json,train
958.json,train
9580.json,train
9581.json,train
9582.json,train
9583.json,train
9586.json,train
9587.json,train
9589.json,train
959.json,train
9590.json,train
9591.json,train
9592.json,train
9593.json,train
9595.json,train
9596.json,train
9597.json,train
9598.json,train
9599.json,train
96.json,train
9600.json,train
9601.json,train
9602.json,train
9603.json,train
9604.json,train
9605.json,train
9606.json,train
9607.json,train
9608.json,train
9609.json,train
961.json,train
9611.json,train
9613.json,train
9614.json,train
9615.json,train
9616.json,train
9618.json,train
9619.json,train
962.json,train
9620.json,train
9621.json,train
9623.json,train
9625.json,train
9626.json,train
9627.json,train
9628.json,train
963.json,train
9630.json,train
9631.json,train
9632.json,train
9633.json,train
9634.json,train
9636.json,train
9638.json,train
9639.json,train
964.json,train
9641.json,train
9643.json,train
9645.json,train
9646.json,train
9647.json,train
9648.json,train
9649.json,train
965.json,train
9650.json,train
9651.json,train
9652.json,train
9653.json,train
9654.json,train
9656.json,train
9658.json,train
9659.json,train
966.json,train
9660.json,train
9661.json,train
9662.json,train
9663.json,train
9664.json,train
9665.json,train
9666.json,train
9667.json,train
9668.json,train
9669.json,train
967.json,train
9671.json,train
9672.json,train
9673.json,train
9675.json,train
9676.json,train
9677.json,train
9678.json,train
9679.json,train
968.json,train
9680.json,train
9684.json,train
9687.json,train
9688.json,train
9689.json,train
9691.json,train
9693.json,train
9694.json,train
9695.json,train
9696.json,train
9697.json,train
9698.json,train
9699.json,train
97.json,train
970.json,train
9700.json,train
9701.json,train
9702.json,train
9704.json,train
9706.json,train
9707.json,train
9710.json,train
9711.json,train
9712.json,train
9713.json,train
9714.json,train
9715.json,train
9717.json,train
9718.json,train
9719.json,train
972.json,train
9720.json,train
9721.json,train
9723.json,train
9724.json,train
9725.json,train
9726.json,train
9727.json,train
9728.json,train
9729.json,train
973.json,train
9730.json,train
9732.json,train
9733.json,train
9734.json,train
9735.json,train
9738.json,train
9739.json,train
974.json,train
9740.json,train
9741.json,train
9742.json,train
9743.json,train
9744.json,train
9745.json,train
9747.json,train
9748.json,train
9749.json,train
975.json,train
9750.json,train
9751.json,train
9752.json,train
9753.json,train
9754.json,train
9755.json,train
9757.json,train
9758.json,train
9759.json,train
976.json,train
9760.json,train
9761.json,train
9764.json,train
9766.json,train
9767.json,train
9768.json,train
9769.json,train
977.json,train
9770.json,train
9772.json,train
9773.json,train
9775.json,train
9776.json,train
9777.json,train
9778.json,train
9780.json,train
9783.json,train
9784.json,train
9785.json,train
9789.json,train
979.json,train
9790.json,train
9792.json,train
9794.json,train
9795.json,train
9796.json,train
9797.json,train
9798.json,train
9799.json,train
98.json,train
980.json,train
9802.json,train
9803.json,train
9804.json,train
9805.json,train
9807.json,train
9808.json,train
9809.json,train
981.json,train
9810.json,train
9811.json,train
9812.json,train
9813.json,train
9814.json,train
9816.json,train
9817.json,train
9819.json,train
982.json,train
9820.json,train
9821.json,train
9822.json,train
9824.json,train
9825.json,train
9826.json,train
9828.json,train
9829.json,train
983.json,train
9830.json,train
9831.json,train
9832.json,train
9835.json,train
9836.json,train
9837.json,train
9838.json,train
9839.json,train
984.json,train
9840.json,train
9841.json,train
9842.json,train
9843.json,train
9845.json,train
9846.json,train
9847.json,train
9848.json,train
9849.json,train
9851.json,train
9852.json,train
9853.json,train
9855.json,train
9857.json,train
986.json,train
9860.json,train
9861.json,train
9863.json,train
9865.json,train
9866.json,train
9867.json,train
9868.json,train
9869.json,train
987.json,train
9870.json,train
9871.json,train
9872.json,train
9873.json,train
9874.json,train
9875.json,train
9876.json,train
9877.json,train
9879.json,train
988.json,train
9880.json,train
9881.json,train
9882.json,train
9883.json,train
9884.json,train
9885.json,train
9886.json,train
9887.json,train
9888.json,train
9889.json,train
9893.json,train
9894.json,train
9895.json,train
9896.json,train
9897.json,train
9899.json,train
990.json,train
9901.json,train
9902.json,train
9903.json,train
9904.json,train
9905.json,train
9906.json,train
9907.json,train
9909.json,train
991.json,train
9911.json,train
9912.json,train
9913.json,train
9914.json,train
9915.json,train
9917.json,train
9918.json,train
9919.json,train
9920.json,train
9922.json,train
9923.json,train
9924.json,train
9925.json,train
9926.json,train
9928.json,train
9929.json,train
993.json,train
9930.json,train
9931.json,train
9932.json,train
9933.json,train
9935.json,train
9936.json,train
9938.json,train
9939.json,train
9941.json,train
9943.json,train
9945.json,train
9947.json,train
995.json,train
9950.json,train
9951.json,train
9952.json,train
9953.json,train
9955.json,train
9956.json,train
9958.json,train
9959.json,train
996.json,train
9960.json,train
9961.json,train
9962.json,train
9963.json,train
9966.json,train
9967.json,train
9968.json,train
9969.json,train
997.json,train
9971.json,train
9972.json,train
9974.json,train
9976.json,train
9977.json,train
9979.json,train
998.json,train
9980.json,train
9981.json,train
9982.json,train
9983.json,train
9984.json,train
9986.json,train
9987.json,train
9988.json,train
9989.json,train
999.json,train
9990.json,train
9991.json,train
9992.json,train
9993.json,train
9994.json,train
9996.json,train
9997.json,train
9998.json,train
