record_id,split
images/10-photos-used-to-depict-obigbo-victims-are-from-osun-lagos-others.png,train
images/100years-before-pandemic-images.png,train
images/1962-magazine-photograph-vision.png,train
images/1970s-anti-marijuana-ad.png,train
images/2-anti-semitic-conspiracies-along-with-the-fabricated-photo-of-zelenskyy.png,train
images/2007-photo-of-buddhist-monks-protesting-against-military-rule-in-myanmar-is-shared-as-recent.png,train
images/2009-photo-from-gujarat-is-falsely-shared-as-mulayam-singh-yadav-governments-mistreatment-of-hindu-saints-in-up.png,train
images/2010-photo-from-west-bengal-shared-as-picture-of-an-innocent-tribal-woman-killed-in-chhattisgarh.png,train
images/2014-photo-is-shared-as-kyivs-independence-square-after-the-russian-invasion-of-ukraine.png,train
images/2014-photo-of-shahrukh-khan-greeting-fans-on-his-birthday-falsely-linked-to-aryan-khans-recent-drug-case.png,train
images/2015-photo-of-india-pakistan-supporters-posing-together-in-adelaide-is-linked-to-t20-world-cup-2021-match-in-dubai.png,train
images/2016-photo-of-a-traffic-head-constable-manhandled-in-rajasthan-is-shared-with-a-false-communal-narrative.png,train
images/2016-photo-of-odd-even-parking-scheme-in-patna-is-shared-as-photo-of-recent-bharat-bandh-in-surat.png,train
images/2016-picture-of-abp-news-poll-projecting-185-seats-to-bsp-is-shared-as-recent.png,train
images/2017-human-shield-photo-of-a-kashmiri-is-being-recently-shared-as-indian-armys-shobha-yatra.png,train
images/2017-photo-from-iraq-shared-as-recent-picture-of-a-palestinian-fleeing-with-his-child-amid-israel-strikes.png,train
images/2017-photo-from-london-is-shared-as-new-york-stock-exchange-featuring-the-recent-victory-of-bjp-in-up.png,train
images/2017-photo-of-amir-khan-performing-aarti-at-navratri-festival-is-linked-to-his-recently-released-film-laal-singh-chaddha.png,train
images/2017-photo-shared-as-recent-picture-ias-officer-pooja-singhal-with-amit-shah-before-ed-raids-on-her.png,train
images/2018-photo-from-rajasthan-is-shared-as-recent-visuals-of-brahmins-protesting-against-bjp-in-uttar-pradesh.png,train
images/2018-photo-shared-as-king-charles-wearing-a-wrongly-buttoned-coat-after-the-death-of-his-mother-queen-elizabeth-ii.png,train
images/2018-photograph-recycled-as-recent-military-attack-in-abia-state.png,train
images/2018-photos-of-pm-modi-paying-respects-at-the-sant-kabir-das-mausoleum-linked-to-the-ongoing-up-elections.png,train
images/2019-photo-of-major-vibhuti-shankar-dhoundiyals-family-mourning-on-his-coffin-shared-as-a-recent-one.png,train
images/2019-photo-of-police-beating-anti-caa-protestors-is-shared-as-recent-police-lathi-charge-on-students-in-up.png,train
images/2019-photo-of-taapsee-pannus-visit-to-mumbais-siddhivinayak-temple-is-linked-to-her-recent-film-dobaaraa.png,train
images/2019-photo-shared-as-recent-picture-of-akhilesh-and-mulayam-singh-yadav-congratulating-yogi-adityanath.png,train
images/28-foot-crocodile-killed-australia-1957.png,train
images/28000-year-old-dildos.png,train
images/30-foot-long-man-eating-crocodile.png,train
images/5-people-atop-skyscraper-spire.png,train
images/5g-es-falso-que-foto-es-de-vacuna-china-con-arn-controlable-activado-por-ondas-60-ghz-mm.png,train
images/5g-tower-torn-down-china-covid.png,train
images/96-armed-octopus.png,train
images/a-2004-deforestation-photo-in-the-amazon-forest-is-falsely-shared-as-a-2019-image.png,train
images/a-digitally-created-artwork-falsely-shared-as-a-real-picture-of-a-giant-human-skeleton.png,train
images/a-melhor-foto-do-seculo-e-verdadeira-ou-falsa.png,train
images/a-photo-of-the-2020-russian-parade-is-used-to-falsely-illustrate-the-attack-on-ukraine.png,train
images/a-photo-taken-in-greece-is-falsely-shared-as-the-beautiful-visual-of-the-agra-lucknow-expressway-in-up.png,train
images/a-photoshopped-image-from-yogi-aditiyanaths-twitter-account-got-viral.png,train
images/abandoned-airport-ocean.png,train
images/abandoned-russian-hospital.png,train
images/abschlussfeier-und-nicht-fridays-for-future-fotos-einer-vermuellten-wiese-zeigen-keine-reste-einer-klima-demo.png,train
images/actress-photo-share-doctor.png,train
images/aerial-footage-anti-trump-rally.png,train
images/afghanistan-altes-foto-zu-evakuierungsflug-der-bundeswehr-im-umlauf.png,train
images/afghanistan-journalists-photo-shared-as-burqa-clad-qatari-news-anchor-expressing-concern-over-religious-freedom-in-india.png,train
images/afghanistan-kabul-bomb-explosion-us-soldiers-killed-fact-check-viral-photo-video-1846605-2021-08-29.png,train
images/afghanistan-taliban-kabul-blood-river-viral-photo-videos-1846871-2021-08-29.png,train
images/afinal-ha-outra-imagem-do-primeiro-buraco-negro-alguma-vez-fotografado.png,train
images/air-force-one-trump-daytona.png,train
images/airplane-train-runway.png,train
images/akhilesh-yadav-feed-cake-to-mulayam-singh-yadavs-photo-while-he-is-alive.png,train
images/alice-cooper-jean-stapleton.png,train
images/alpha-dominant-s-photo-manipulation-on-allowing-boys-in-western-schools-to-wear-skirts-2.png,train
images/alt-info-supporters-disseminate-an-altered-photo-of-zelenskyy-and-biden-kissing.png,train
images/altered-ethiopian-football-team-image-post-wondering-about-returning-or-seeking-asylum-is-doctored-a3ca903834ec.png,train
images/altered-mohamed-salah-and-two-others-are-not-wearing-t-shirts-branded-with-images-of-hachalu-9c94388bde9b.png,train
images/altered-picture-of-tigray-president-debretsion-gebremichael-in-a-dress-is-doctored-d516c3c8be12.png,train
images/altered-pride-of-lions-were-not-pictured-protecting-a-man-praying-a5d9e8d672e0.png,train
images/altered-the-banner-satan-loves-kamala-on-this-image-is-doctored-62839b115765.png,train
images/altered-the-name-on-the-road-sign-in-this-image-is-doctored-c291ea501d95.png,train
images/altered-these-pictures-claiming-to-show-getachew-reda-are-doctored-218280cd373e.png,train
images/altered-this-billboard-retirement-is-here-with-a-photo-of-raila-odinga-dozing-is-doctored-89cb312b02ea.png,train
images/altered-this-image-claiming-to-show-a-genocide-in-the-tole-kebelle-of-wollega-in-ethiopia-is-115348a9fb97.png,train
images/altered-this-image-claiming-to-show-azimio-leaders-presenting-a-box-full-of-opinion-polls-to-the-79db6d76142b.png,train
images/altered-this-image-claiming-to-show-entertainer-moya-david-surprising-raila-odinga-with-the-da60723a861e.png,train
images/altered-this-image-claiming-to-show-former-prime-minister-raila-odinga-napping-during-a-us-tour-is-bcc9aedb87b0.png,train
images/altered-this-image-claiming-to-show-president-uhuru-kenyatta-endorsing-gatundu-south-parliamentary-9d4a24a4323a.png,train
images/altered-this-image-claiming-to-show-prosperity-party-supporters-in-turkey-is-doctored-e7854c92dbf5.png,train
images/altered-this-image-claiming-to-show-raila-odinga-wearing-a-uda-branded-t-shirt-is-doctored-b8578e01d9c8.png,train
images/altered-this-image-claiming-to-show-the-uda-flag-planted-on-the-moon-is-doctored-66e80c1e7ea5.png,train
images/altered-this-image-does-not-show-a-pregnancy-testing-kit-that-reveals-the-identity-of-the-father-a31df0b0dc9.png,train
images/altered-this-image-does-not-show-captured-oromo-liberation-army-members-c664351c3e1d.png,train
images/altered-this-image-does-not-show-french-president-emmanuel-macron-after-being-slapped-286ab2eb3056.png,train
images/altered-this-image-does-not-show-kenyan-politician-rigathi-gachagua-in-a-family-photo-of-the-late-f1dd430d7ae9.png,train
images/altered-this-image-does-not-show-william-ruto-and-musalia-mudavadi-wearing-kangas-branded-with-92431c7964ca.png,train
images/altered-this-image-of-daniel-kibret-is-doctored-24ddb9d569bf.png,train
images/altered-this-image-of-ethiopian-politician-eskinder-nega-in-prison-is-doctored-68ea8d66143e.png,train
images/altered-this-image-of-ethiopian-prime-minister-abiy-ahmed-mourning-is-doctored-b6a66612d31c.png,train
images/altered-this-image-of-former-kenyan-prime-minister-raila-odinga-purportedly-in-a-state-of-b3b5d9a9af95.png,train
images/altered-this-image-of-general-muhoozi-kainerugaba-on-a-campaign-billboard-is-doctored-c8a83bcc6e2e.png,train
images/altered-this-image-of-joe-biden-holding-a-t-shirt-is-doctored-94b075e62666.png,train
images/altered-this-image-of-kenyas-deputy-president-kneeling-next-to-a-gun-is-doctored-9f43730978fc.png,train
images/altered-this-image-of-kenyas-deputy-president-william-ruto-is-doctored-5d28b46e6e18.png,train
images/altered-this-image-of-pm-abiy-ahmed-and-mayor-of-addis-ababa-adanech-abebe-is-doctored-3baefd5d51e6.png,train
images/altered-this-image-of-president-elect-william-ruto-and-iebc-chairman-wafula-chebukati-is-doctored-f9a22d00e91d.png,train
images/altered-this-image-of-president-museveni-in-a-graduation-gown-is-fabricated-4886dc96e7f1.png,train
images/altered-this-image-of-sex-workers-supporting-william-rutos-presidential-bid-is-doctored-cef3cf035031.png,train
images/altered-this-image-of-the-21-july-2022-edition-of-the-standard-newspaper-is-doctored-23ef757da7bb.png,train
images/altered-this-image-of-the-front-cover-of-the-economist-newspaper-is-doctored-cb261a179557.png,train
images/altered-this-image-of-ugandas-military-intelligence-chief-abel-kandiho-smoking-is-doctored-82b537b88152.png,train
images/altered-this-image-of-ukraines-president-volodymyr-zelenskyy-is-doctored-46043cbc7b9f.png,train
images/altered-this-image-showing-kenyas-deputy-president-posing-with-presidential-candidate-george-bf558db40c15.png,train
images/altered-this-is-not-a-photo-of-william-ruto-at-raila-odingas-meeting-5c04ddd5d8cd.png,train
images/altered-this-photo-purportedly-showing-protests-against-kenyas-deputy-president-william-ruto-is-9929cb69510c.png,train
images/altered-this-photo-purporting-to-show-tigray-regional-president-carrying-a-cross-is-doctored-9081810376f5.png,train
images/altered-this-photo-showing-iebc-boss-wafula-chebukati-in-a-prisoners-uniform-is-doctored-aee915eced49.png,train
images/altered-this-picture-of-president-museveni-and-robert-kyagulanyi-shaking-hands-is-doctored-9224d4c7d8ff.png,train
images/altered-this-picture-of-prime-minister-abiy-ahmed-with-bodies-laying-on-the-ground-is-doctored-db8277d8a19e.png,train
images/altered-this-purported-image-of-russian-president-vladimir-putin-is-doctored-5ea6c2595234.png,train
images/altered-this-tweet-from-president-elect-william-ruto-with-martha-karuas-image-celebrating-newly-12642ed989ad.png,train
images/altes-ereignis-falsches-foto-geschichte-ueber-kenianischen-laeufer-abel-mutai.png,train
images/amazonas-braende-nein-diese-drei-fotos-zeigen-nicht-die-aktuellen-feuer-in-der-region.png,train
images/amid-mva-political-crisis-another-fake-picture-of-uddhav-thackeray-going-viral.png,train
images/amoklauf-in-texas-nein-medien-verwendeten-nicht-das-foto-eines-mannes-namens-bernie-gores-der-angeblich-2021-starb.png,train
images/an-edited-image-is-being-shared-as-the-aerial-view-of-heart-shaped-venice-city.png,train
images/an-edited-photo-is-falsely-shared-as-a-long-straight-road-turned-just-to-save-a-tree.png,train
images/an-edited-photo-is-falsely-shared-as-an-amazing-picture-of-a-golden-snake.png,train
images/an-edited-photo-is-falsely-shared-as-the-visual-of-a-two-headed-white-snake.png,train
images/an-old-image-of-an-answer-sheet-with-currency-notes-is-being-used-to-spread-a-false-narrative.png,train
images/an-old-photo-is-shared-as-two-brothers-who-died-recently-in-a-road-accident-in-hardoi.png,train
images/an-old-photo-of-an-elderly-man-throwing-a-stone-is-being-shared-with-a-false-narrative.png,train
images/an-old-picture-of-bal-thackeray-and-anand-dighe-is-shared-as-that-of-bal-thackeray-with-eknath-shinde.png,train
images/an-old-unrelated-image-is-falsely-shared-as-karnal-doctor-who-ate-cow-dung-was-admitted-to-a-hospital.png,train
images/an-unrelated-image-is-falsely-shared-as-shivalinga-engraved-on-the-oldest-arabian-mosque.png,train
images/an-unrelated-photo-is-shared-with-a-false-claim-that-karnatakas-hijab-girl-muskan-khan-has-passed-away.png,train
images/andre-gomes-lesion-fotos-de-un-tobillo-destrozado-no-corresponden-a-la-fractura-de-futbolista-del-everton-video.png,train
images/angeblicher-ukraine-bericht-italienischer-fernsehsender-verwendete-kein-bild-vom-film-deep-impact.png,train
images/animal-testing-image.png,train
images/annamalai-thiruvarur-crowd-image.png,train
images/antarctica-seen-from-space.png,train
images/anti-semitic-lockdown-protest.png,train
images/apple-pie-bearing-image-of-christ-was-not-sold-for-65000.png,train
images/argentina-es-falso-que-esten-haciendo-chorizos-de-perro-en-tucuman-fotos-no-corresponden-chorican-video.png,train
images/artista-afega-e-a-autora-de-imagem-onde-vemos-uma-mulher-sem-veu-e-a-ler.png,train
images/arvind-kejriwal-midi-length-long-shirt-photoshopped-1455492-2019-02-13.png,train
images/as-the-world-berned-picture.png,train
images/asaval-dasavali-s-disinformation-and-photomanipulation-as-if-aghmashenebeli-avenue-is-already-called-arab-street-in-google-2.png,train
images/asili-ve-asisiz-insan-kaninin-farkli-renkte-oldugunu-gosteren-fotograf.png,train
images/ataturk-ile-fotograf-cekilen-kiz-cocugu-muzeyyen-senar-degil.png,train
images/athi-flower-blossoms-viral-image.png,train
images/athivardar-viral-photos.png,train
images/attention-a-ces-comptes-utilisant-des-tristes-photos-pour-recolter-des-reactions.png,train
images/attention-a-cette-image-annoncant-moise-katumbi-hospitalise-apres-le-depot-de-la-proposition-de-la-loi-tshiani.png,train
images/attention-a-cette-image-photoshopee-de-francine-muyumba-portant-un-message-de-felicitation-pour-les-elections-au-rwanda.png,train
images/attention-a-cette-photo-de-crepin-diatta-et-une-femme-blanche-sortie-du-contexte.png,train
images/attention-a-la-legende-non-verifiee-attribuee-a-cette-image.png,train
images/attention-ces-images-de-dieux-du-kongo-nont-jamais-existe-elles-ont-ete-creees-par-ordinateur.png,train
images/attention-ces-images-des-preservatifs-uses-et-interceptes-par-la-police-ne-sont-pas-de-kinshasa.png,train
images/attention-ces-images-du-pasteur-qui-lave-les-fideles-de-son-eglise-est-une-mise-en-scene.png,train
images/attention-ces-images-ne-montrent-pas-le-suicide-de-linfluenceuse-ougandaise-mona-kizz-dans-un-immeuble-a-dubai.png,train
images/attention-ces-images-sont-sorties-de-leur-contexte.png,train
images/attention-ces-photos-de-poissons-morts-ne-viennent-pas-du-lac-kivu.png,train
images/attention-ces-photos-des-avions-de-guerre-avec-des-drapeaux-congolais-sont-truquees.png,train
images/attention-ces-photos-ne-montrent-pas-la-presidente-tanzanienne-samia-suhulu-aux-obseques-de-pombe-magufuli.png,train
images/attention-ces-photos-ne-montrent-pas-la-residence-de-kabund.png,train
images/attention-ces-photos-ne-montrent-pas-laeroport-de-saint-louis-recemment-rehabilite-au-senegal.png,train
images/attention-cette-image-dun-pretendu-mariage-entre-un-homme-et-trois-jumelle-est-une-capture-tiree-dun-film.png,train
images/attention-cette-image-est-juste-une-illustration.png,train
images/attention-cette-image-ne-montre-pas-labbe-donantien-shole-avec-lancien-diplomate-britannique-alain-doss-en-belgique.png,train
images/attention-cette-image-ne-montre-pas-un-village-du-rwanda-bombarde-par-les-fardc.png,train
images/attention-cette-image-nillustre-pas-la-manifestation-des-tchadiens-contre-la-presence-francaise.png,train
images/attention-cette-image-selfie-montrant-les-acteurs-de-la-serie-televisee-chosen-en-plein-tournage-nest-pas-de-mbandaka.png,train
images/attention-cette-photo-date-de-2015-et-ne-montre-pas-ferre-gola-en-prison.png,train
images/attention-cette-photo-de-christiano-ronaldo-en-pleurs-est-truquee.png,train
images/attention-cette-photo-de-deux-congolais-entrain-de-pleurer-na-aucun-lien-avec-la-mort-de-la-reine-elisabeth-2-dangleterre.png,train
images/attention-cette-photo-de-felix-tshisekedi-avec-une-table-garnie-des-nourritures-est-un-montage.png,train
images/attention-cette-photo-de-felix-tshisekedi-et-la-bootballeuse-grace-geyoro-est-truquee.png,train
images/attention-cette-photo-de-kabund-sur-le-lit-de-lhopital-date-2017-et-na-pas-ete-prise-dans-la-prison-makala.png,train
images/attention-cette-photo-de-kyllian-mbappe-presentant-le-maillot-du-real-madrid-est-un-montage.png,train
images/attention-cette-photo-de-lionel-messi-avec-georgina-rodriguez-est-un-montage.png,train
images/attention-cette-photo-de-mohamed-salah-est-un-montage-et-les-propos-soutenant-cette-annonce-sont-faux.png,train
images/attention-cette-photo-de-sesanga-en-tenue-militaire-est-un-montage.png,train
images/attention-cette-photo-des-routes-de-kananga-date-de-2014-et-ne-cadre-pas-avec-le-projet-tshilejelu.png,train
images/attention-cette-photo-montrant-des-militaires-dans-les-rues-de-conakry-est-ancienne.png,train
images/attention-cette-photo-montrant-martin-fayulu-en-toge-recevant-un-diplome-est-truquee.png,train
images/attention-cette-photo-montrant-une-maison-en-construction-sur-un-chemin-de-fer-na-pas-ete-prise-en-rdc.png,train
images/attention-cette-photo-ne-montre-pas-la-celebration-dun-pretendu-deplacement-du-hub-de-rwandair-a-goma.png,train
images/attention-cette-photo-ne-montre-pas-le-depart-de-felix-tshisekedi-pour-les-obseques-de-la-reine-elizabeth-ii.png,train
images/attention-cette-photo-ne-montre-pas-rihanna-tenant-son-enfant-dans-ses-bras-elle-date-de-2019.png,train
images/attention-cette-photo-ne-montre-pas-un-drone-de-surveillance-atterri-a-laeroport-de-ndjili-a-kinshasa.png,train
images/attention-cette-photo-ne-montre-pas-un-vehicule-de-la-monusco-incendie-le-05-avril-2021.png,train
images/attention-cette-photo-ne-montre-pas-une-vielle-femme-qui-a-accouche.png,train
images/attention-cette-photo-prise-en-2017-ne-montre-pas-lhelicoptere-abattu-par-les-m23.png,train
images/attention-il-ne-sagit-pas-de-la-ville-de-kinshasa-sur-cette-photo.png,train
images/attention-il-ne-sagit-pas-de-lartiste-gospel-zawadi-sur-cette-photo.png,train
images/attention-il-ne-sagit-pas-de-systemes-de-defense-aeriens-de-larmee-soudanaise-sur-ces-photos.png,train
images/attention-la-personne-sur-cette-image-nest-pas-la-fille-du-president-felix-antoine-tshisekedi.png,train
images/attention-la-personne-sur-cette-photo-nest-pas-justin-bitakwira-mais-idrissa-seck-un-acteur-politique-senegalais.png,train
images/attention-la-tete-de-joseph-kabila-a-ete-collee-sur-cette-photo.png,train
images/attention-limage-de-ce-metro-na-rien-a-voir-avec-le-projet-metro-kin.png,train
images/attention-limage-montrant-le-president-de-la-rca-sagenouiller-devant-le-rebelle-ali-darassa-est-un-montage.png,train
images/attention-sur-cette-photo-ce-nest-pas-felix-tshisekedi-a-genoux-devant-pasteur-mukuna.png,train
images/attention-sur-cette-photo-il-ne-sagit-pas-de-joseph-kabila-felix-tshisekedi-et-vital-kamerhe.png,train
images/attention-sur-cette-photo-il-sagit-de-patrick-katengo-president-du-parti-fnj-et-non-de-francois-beya-malade.png,train
images/attention-tshisekedi-et-kagame-ne-sont-pas-rencontres-recemment-sous-la-mediation-de-lourenco-photo-ancienne.png,train
images/audis-old-ad-photo-is-shared-as-a-real-incident-where-a-cheetah-refused-to-race-with-dogs.png,train
images/ausschreitungen-an-der-grenze-zu-griechenland-fotos-in-falschem-kontext-verwendet.png,train
images/australia-incendios-forestales-es-falso-que-foto-de-canguros-elogiando-la-lluvia-es-reciente.png,train
images/ayatollah-khamenei-share-picture-reading-fire-fury.png,train
images/ayodhya-ram-temple-crowd-image.png,train
images/aysha-renna-different-photos.png,train
images/baby-deposit-box-namibia.png,train
images/back-to-the-future-michael-j-fox.png,train
images/ballots-california-landfill.png,train
images/bananenkisten-statt-saerge-fuer-corona-tote-angeblich-gestelltes-foto-zeigt-gedenkfeier-fuer-einen-general-im-iran.png,train
images/bangladesh-rickshaw-driver-photos.png,train
images/banksy-criou-esta-imagem-sobre-vladimir-putin-e-a-ucrania.png,train
images/barack-obama-foi-fotografado-a-visitar-fabrica-de-virus-em-wuhan.png,train
images/basing-on-a-processed-photo-pia-states-that-alien-mummy-was-found-in-egypt.png,train
images/berlin-nein-dieses-foto-zeigt-keine-zerstoerung-durch-die-antifa-am-29-august-2020.png,train
images/bernie-sanders-trump-shirts.png,train
images/beto-o-rourke-pee-in-pants.png,train
images/beviser-dette-billede-medierne-skaber-unoedig-corona-panik.png,train
images/bhagwant-mann-picture-with-goldy-brar-different-man-from-sidhu-moose-wala-alleged-killer-1957167-2022-06-01.png,train
images/bharat-biotech-vice-president-taking-dose-of-coronavirus-vaccine-fact-check-viral-picture-social-media-1696835-2020-07-04.png,train
images/bible-found-bottom-ocean.png,train
images/biden-photo-feet-missing.png,train
images/bidens-photo-carters.png,train
images/bigg-boss-intimate-image-muslim-man-brahmin-woman-love-jihad-1606563-2019-10-05.png,train
images/bild-collage-von-protesten-weltweit-nicht-in-jedem-dieser-laender-wurde-gegen-die-corona-massnahmen-demonstriert.png,train
images/bild-mit-teilweise-irrefuehrenden-aussagen-ueber-die-spd-im-umlauf.png,train
images/bild-verbreitet-unbelegte-behauptung-ueber-mobbing-durch-muslimische-maedchen.png,train
images/bild-von-covid-19-patient-ohne-maske-belegt-keine-inszenierte-pandemie.png,train
images/bildmanipulation-dieser-loewe-hat-eigentlich-weisses-fell.png,train
images/bildung-kommt-von-bildschirm-nein-sawsan-chebli-hat-diese-aussage-nicht-getroffen.png,train
images/bill-clinton-meeting-jfk.png,train
images/bill-gatesin-gencligini-gosterdigi-iddia-edilen-fotograf.png,train
images/billede-af-amerikansk-sygeplejerske-deles-verden-over-af-vaccinekritikere-men-hvad-er.png,train
images/billede-af-kinesisk-elbil-kirkegaard-beviser-ikke-elbilbatterier-er-uduelige.png,train
images/billede-af-ulveflok-fortaeller-ikke-en-historie-om-uselvisk-lederskab-fra-bagerste-geled.png,train
images/billeder-af-falske-barnebrude-vildleder-paa-sociale-medier-12.png,train
images/billeder-af-syge-piger-bruges-som-bevis-international-paedofiliring.png,train
images/billedet-viser-ikke-flygtninge-ved-den-fransk-italienske-graense.png,train
images/bin-laden-foi-fotografado-com-hillary-clinton-barack-obama-e-condoleezza-rice.png,train
images/biologist-or-spanish-parliamentarian-who-is-in-the-photo-that-went-viral.png,train
images/bjp-blood-injuries-troll-photos.png,train
images/bjp-wrong-expressway-construction-photos-5-year-challenge-twitter-1434269-2019-01-19.png,train
images/bloco-de-esquerda-tem-sede-distrital-no-mesmo-edificio-de-centro-espirita-sim-a-imagem-e-autentica.png,train
images/blue-whale-beside-boat.png,train
images/br-tauschte-irrefuehrendes-vorschaubild-in-video-beitrag-ueber-corona-demos-aus.png,train
images/bremerhaven-diese-bilder-von-amerikanischen-panzern-sind-mehrere-jahre-alt.png,train
images/brian-kemp-mother-kkk.png,train
images/british-soldiers-in-drag-nazis.png,train
images/bukavu-vrai-cette-photo-montre-la-place-mulamba-ancienne-place-costermans.png,train
images/buried-woman-stoned-photo.png,train
images/cadena-de-oracion-por-paciente-con-coronavirus-es-falsa-foto-es-del-2019.png,train
images/caida-de-meteorito-o-bolido-en-ica-fotos-que-circularon-en-redes-sociales-son-falsas-atmp.png,train
images/capitol-riot-podium.png,train
images/caravan-organizer-photo.png,train
images/cars-giants-commuter-911.png,train
images/cat-tongue-under-microscope.png,train
images/ce-nest-pas-sadio-mane-avec-des-biceps-saillants-sur-cette-photo-plutot-adame-traore.png,train
images/ceci-est-une-image-holographique-et-non-lapparition-du-diable-aux-pays-bas.png,train
images/ces-images-ne-montrent-pas-lappareil-despionnage-des-adf-recupere-par-les-fardc-a-beni.png,train
images/ces-photos-attestant-que-le-pape-soutient-la-cause-lgbtqia-sont-sorties-du-contexte.png,train
images/ces-photos-de-rihanna-a-la-barbade-datent-de-novembre-2021-avant-que-sa-grossesse-ne-soit-devoilee.png,train
images/ces-photos-montrent-des-ougandaises-formees-pour-se-proteger-des-viols-et-kidnapping-et-non-des-eleves-rwandais.png,train
images/ces-photos-trafiquees-et-decontextualisees-ne-sont-pas-du-concert-de-dadju-de-ce-18-juin-au-parc-des-princes.png,train
images/cette-image-de-justin-bieber-portant-de-babouches-en-bouteille-plastique-est-un-photomontage.png,train
images/cette-image-montrant-felix-tshisekedi-avec-une-bouteille-de-champagne-est-un-montage.png,train
images/cette-photo-date-de-2017-et-na-rien-a-voir-avec-un-avocat-et-sa-client-a-bukavu.png,train
images/cette-photo-de-2017-montre-des-lyceennes-ougandaise-formees-pour-se-proteger-contre-le-viol-et-le-kidnapping.png,train
images/cette-photo-de-2020-dun-policier-blesse-na-rien-a-voir-avec-la-recente-manifestation-du-fndc-a-conakry.png,train
images/cette-photo-de-cristiano-ronaldo-et-le-musicien-davido-est-un-montage.png,train
images/cette-photo-de-kamerhe-date-de-2019-au-congo-et-non-2022-en-france.png,train
images/cette-photo-montrant-des-femmes-enceintes-et-un-homme-na-rien-a-voir-avec-les-vacances-en-rdc.png,train
images/cette-photo-montrant-deux-militaires-rwandais-captures-par-les-fardc-date-de-2018.png,train
images/cette-photo-montrant-un-embouteillage-monstre-a-ete-prise-sur-lautoroute-pekin-hong-kong-macao-en-2015.png,train
images/cette-photo-montre-des-soldats-americains-en-voyage-pour-leurope-et-non-en-depart-de-bamako.png,train
images/cette-photo-ne-montre-pas-la-ministre-rwandaise-de-sports-se-rendant-au-bureau-sur-velo.png,train
images/cette-photo-ne-montre-pas-une-religieuse-catholique-plutot-lactiviste-ougandaise-stella-nyanzi.png,train
images/cette-photo-nest-pas-dun-exode-des-kasaiens-vers-le-katanga-ce-nest-meme-pas-au-congo.png,train
images/chemtrail-anhaenger-verbreiten-fotos-von-treibstofftanks-als-angebliche-belege-fuer-verschwoerung.png,train
images/chennai-crematorium-bodies-image.png,train
images/chicama-worlds-only-protected-wave.png,train
images/chiclayo-humo-negro-es-falso-que-fotos-y-videos-de-humo-negro-en-chiclayo-sean-de-hoy-martes-21.png,train
images/child-coal-miner.png,train
images/children-detention-center-trump.png,train
images/china-50-lane-highway-traffic-jam.png,train
images/chris-wallace-island.png,train
images/churches-destroyed-in-france.png,train
images/cicada-shell-art.png,train
images/circula-no-facebook-fotografia-mostra-jogo-de-futebol-a-decorrer-com-campo-ameacado-por-fogo-intenso.png,train
images/clinton-epstein-maxwell.png,train
images/cloud-ayyappan-image-photoshop.png,train
images/conflicto-iran-y-estados-unidos-hoy-fotos-falsas-de-soldados-estadounidenses-circulan-en-la-redes-como-una-despedida-por-tercera-guerra-mundial.png,train
images/conrad-heyer-photo.png,train
images/contexte-manquant-voici-pourquoi-felix-tshisekedi-etait-au-second-rang-sur-cette-photo.png,train
images/cop-after-not-shooting-guy-knife.png,train
images/corona-demo-in-dresden-dieses-bild-zeigt-einen-mann-der-sich-der-festnahme-widersetzt.png,train
images/corona-demo-in-muenster-foto-von-einer-haltestelle-mit-dem-hinweis-auf-deppen-ist-eine-faelschung.png,train
images/coronavirus-china-fotos-de-personas-infectadas-cayendo-por-transmision-de-virus-de-wuhan-es-falsa.png,train
images/coronavirus-espana-es-falso-que-fotografia-de-fallecidos-en-una-morgue-fue-tomada-en-espana-durante-la-pandemia.png,train
images/coronavirus-imagem-viral-de-praca-repleta-de-caixoes-em-italia-e-autentica.png,train
images/couple-divorce-beanie-babies.png,train
images/covaxin-human-trail-image.png,train
images/covid-19-no-la-fotografia-no-muestra-una-manifestacion-en-alemania-en-contra-de-la-pandemia.png,train
images/covington-catholic-black-paint.png,train
images/cristiano-ronaldo-lisant-un-livre-des-temoins-de-jehovah-faux-image-trafiquee.png,train
images/crowd-at-trump-july-4-event.png,train
images/crowded-train-station-ukraine.png,train
images/cruise-ship-dumps-waste.png,train
images/cut-homeless-people-in-half.png,train
images/dad-posted-picture-of-baby-holding-gun-on-facebook-just-before-she-shot-herself.png,train
images/das-ist-kein-satellitenfoto-der-nasa-sondern-eine-3d-visualisierung-der-braende-in-australien.png,train
images/dated-unrelated-pictures-used-to-depict-attacks-on-fulani-herdsmen-in-ogun.png,train
images/defense-ministers-photo.png,train
images/delfines-rosados-en-el-rio-rimac-imagenes-son-falsas-y-se-trata-de-fotomontajes-en-redes-sociales.png,train
images/delhi-mumbai-expressway-images.png,train
images/delhi-waterlogged-road-picture.png,train
images/den-ene-er-plaget-af-kopper-den-anden-er-gaaet-fri-her-er-historien-bag-billedet.png,train
images/deported-veterans-photo.png,train
images/deputada-brasileira-usou-imagem-de-personagem-da-serie-a-guerra-dos-tronos-julgando-ser-de-marielle-franco.png,train
images/deputadas-foram-fotografadas-em-publico-a-tomar-cocaina.png,train
images/des-images-du-futur-stade-du-kosovo-faussement-presentees-comme-maquette-du-stade-du-fc-renaissance.png,train
images/descricao-de-imagem-viral-de-merkel-a-ir-ao-mercado-com-o-marido-e-verdadeira.png,train
images/desintox-attention-cette-image-ne-montre-pas-des-altercations-entre-les-habitants-et-la-monusco-a-beni.png,train
images/dhoni-out-photographer.png,train
images/diane-abbott-shoes.png,train
images/did-anchors-anjana-chitra-rubika-and-shweta-join-bjp-know-the-truth-about-the-viral-photos-on-social-media.png,train
images/did-bhagwant-mann-remove-the-picture-of-maharaja-ranjit-singh-from-the-cm-office.png,train
images/did-post-office-of-poland-issued-stamp-with-zelenskyys-photo.png,train
images/did-savarkar-accept-the-proposal-of-partition-of-india-know-the-real-story-of-the-viral-picture.png,train
images/did-uddhav-add-bal-thackeray-s-photo-to-his-study-amid-the-political-crisis-1968729-2022-06-30.png,train
images/die-bilder-von-fluechtlingen-auf-lesbos-sind-nicht-inszeniert.png,train
images/diese-bilder-stammen-nicht-von-den-gelbwesten-protesten-in-frankreich.png,train
images/diese-fotos-eines-polizisten-sind-bereits-von-2013-und-stammen-aus-madrid.png,train
images/diese-fotos-stammen-von-veranstaltungen-der-gruenen-bei-vergangenen-landtagswahlen.png,train
images/diese-fotos-zeigen-keine-polizeigewalt-gegen-ungeimpfte-sie-entstanden-unter-anderem-beim-g20-gipfel-und-bei-einem-fussballspiel.png,train
images/dieses-bild-eines-kreuzfahrtschiffs-in-venedig-ist-eine-fotomontage.png,train
images/dieses-bild-stammt-nicht-aus-dem-amazonas-gebiet-sondern-aus-indien-und-wurde-nachbearbeitet.png,train
images/dieses-bild-von-einem-schaf-transport-entstand-2010-vor-der-australischen-kueste.png,train
images/dieses-bild-von-olaf-scholz-vor-einem-raf-logo-ist-eine-faelschung.png,train
images/dieses-foto-eines-babys-wurde-bearbeitet-das-kind-trug-im-original-keine-maske.png,train
images/dieses-foto-ist-nicht-aktuell-sondern-zeigt-feiernde-fussballfans-2018-in-paris.png,train
images/dieses-foto-stammt-nicht-aus-dem-lager-moria-und-ist-von-2015.png,train
images/dieses-foto-stammt-nicht-von-den-ende-gelaende-aktionstagen-sondern-von-den-stuttgart-21-protesten-im-jahr-2010.png,train
images/dieses-foto-von-angela-merkel-zeigt-keinen-verstoss-gegen-die-corona-regeln-es-stammt-von-2018.png,train
images/dieses-foto-von-bauernprotesten-ist-2019-entstanden-und-medien-berichteten-ueber-die-strassenblockade.png,train
images/dieses-foto-zeigt-eine-schulklasse-in-suedafrika-im-jahr-2019-lehrerin-nach-rassismusvorwuerfen-suspendiert.png,train
images/dieses-foto-zeigt-keine-kuerzliche-trauerfeier-einer-clan-familie-in-berlin-sondern-entstand-schon-2018.png,train
images/dieses-foto-zeigt-keine-landwirte-die-die-griechische-grenze-gegen-migranten-verteidigen-wollen.png,train
images/dieses-foto-zeigt-keine-saerge-von-menschen-die-in-italien-durch-das-coronavirus-gestorben-sind.png,train
images/dieses-foto-zeigt-keinen-kriegsfluechtling-sondern-einen-demonstranten-bei-unruhen-in-kenia-2017.png,train
images/dieses-foto-zeigt-nicht-den-ehemaligen-kiewer-polizeichef-wadim-trojan-sondern-einen-russischen-neonazi.png,train
images/digitally-altered-image-of-an-old-comic-strip-is-passed-off-as-covid-19-was-predicted-back-in-1957.png,train
images/digitally-altered-photo-us-truck-viral-russian-support-ex-pak-pm-imran-khan-1948776-2022-05-12.png,train
images/digitally-created-image-of-a-winged-snake-is-being-shared-as-a-real-snake.png,train
images/digitally-created-image-shared-as-picture-of-a-fetuss-footprints-on-the-mothers-belly.png,train
images/digitally-edited-image-of-lord-krishna-on-a-train-is-passed-off-as-iskcon-painted-it-on-a-russian-train.png,train
images/disinformation-and-fake-photo-about-georgian-girl-being-allegedly-killed-china-0.png,train
images/disinformation-and-photo-manipulation-by-asaval-dasavali-regarding-nato.png,train
images/disse-billeder-viser-ikke-mundbind-giver-allergisk-reaktion.png,train
images/doch-deutsche-medien-haben-dieses-bild-von-menschen-auf-der-sea-watch-3-gezeigt.png,train
images/doctored-image-shared-to-advertise-bjp-blooming-foothold-tamil-nadu-1959655-2022-06-08.png,train
images/does-photo-collage-associated-covid-19-depict-georgian-doctors-0.png,train
images/donald-trump-ghislaine-maxwell.png,train
images/donald-trump-jennifer-aniston-no-apoya-campana-politica-a-favor-de-presidente-de-estados-unidos-fotos.png,train
images/donald-trumps-mother-photo.png,train
images/e-falso-que-a-abc-news-editou-foto-do-autor-de-massacre-em-escola-do-texas-para-parecer-mais-branco.png,train
images/e-tudo-para-o-ladrao-esta-imagem-retrata-a-ultima-manifestacao-do-chega-contra-o-preco-dos-combustiveis.png,train
images/edappadi-palanisamy-war-room-image.png,train
images/edited-images-are-being-shared-as-genuine-up-exit-poll-2022-figures-by-reputed-agencies.png,train
images/edited-photo-shared-as-republic-bharats-opinion-poll-indicating-252-272-seats-to-bsp-in-the-upcoming-up-elections.png,train
images/edited-photo-young-nancy-pelosi-chinese-journalist-shared-with-false-claim-1983852-2022-08-04.png,train
images/edited-picture-of-bhathinda-mp-harsimrat-kaur-badal-surfacing-the-social-media-read-the-fact-check.png,train
images/ejer-af-fotografi-eftersoeges-paa-sociale-medier-men-billedet-er-fra-ikonisk-tidsrejse.png,train
images/elections-attention-la-personne-avec-felix-tshisekedi-sur-cette-photo-nest-pas-denis-kadima-plutot-jean-maweja-muteba.png,train
images/elections-cette-image-est-truquee-il-ne-sagit-pas-de-martin-fayulu-et-joseph-kabila-se-serrant-la-main.png,train
images/elections-cette-photo-de-francis-kalombo-et-bahati-lukwebno-ne-signifie-pas-sa-defection-du-parti-ensemble-de-katumbi.png,train
images/electric-bus-fire-kenya.png,train
images/endsars-photo-used-to-paint-narrative-kenyans-protest-in-solidarity-with-nigerians.png,train
images/endsars-this-viral-photo-is-from-an-nysc-drama-in-akwa-ibom-not-lekki-tollgate-gun-attack.png,train
images/english-unrelated-photo-falsely-shared-as-bharat-biotech-vp-taking-covaxin-covid-19-vaccine-first-dose.png,train
images/er-det-her-billedet-af-en-syrisk-dreng-der-sover-mellem-sine-foraeldres-gravsteder.png,train
images/eric-swalwell-chinese-spy.png,train
images/es-enganosa-esta-imagen-del-metanalisis-sobre-el-uso-de-ivermectina.png,train
images/es-enganoso-decir-que-estas-fotos-muestran-a-la-antartida-llena-de-flores.png,train
images/es-enganoso-decir-que-foto-muestra-a-orangutan-dando-la-mano-a-geologo-que-cayo-en-un-charco-de-barro.png,train
images/es-enganoso-el-post-con-imagenes-de-un-accidente-de-avion-este-ocurrio-en-2015.png,train
images/es-enganoso-el-post-que-muestra-imagenes-de-un-accidente-aereo.png,train
images/es-enganoso-el-post-sobre-foto-de-bill-y-melinda-gates-sin-mascarilla.png,train
images/es-falsa-esta-imagen-de-veronika-mendoza-con-susana-villaran-se-trata-de-un-fotomontaje.png,train
images/es-falsa-la-foto-de-jose-domingo-perez-y-abimael-guzman-es-un-montaje-del-2018.png,train
images/es-falsa-la-foto-de-karol-g-con-una-camiseta-del-partido-de-petro.png,train
images/es-falsa-la-foto-de-maricarmen-alva-con-un-cartel-detras-que-pide-cierre-del-congreso.png,train
images/es-falsa-la-foto-de-un-rondero-que-lleva-un-chaleco-con-la-hoz-y-el-martillo.png,train
images/es-falsa-la-foto-viral-de-las-aguas-turquesas-de-circamarca-ayacucho.png,train
images/es-falsa-la-imagen-de-nina-reportada-como-desaparecida-en-bellavista.png,train
images/es-falsa-la-imagen-que-anuncia-una-asignacion-post-aborto-en-argentina.png,train
images/es-falsa-la-imagen-que-sugiere-que-usar-mascarillas-produce-acidez-en-la-sangre-y-cancer.png,train
images/es-falsa-la-supuesta-foto-de-veronika-mendoza-con-abimael-guzman.png,train
images/es-falso-el-tuit-en-el-que-el-futbolista-edison-flores-rechazo-el-uso-de-su-imagen-por-rafael-lopez.png,train
images/es-falso-que-esta-imagen-muestra-a-la-nueva-variante-del-coronavirus-omicron.png,train
images/es-falso-que-esta-imagen-muestre-maniquies-hospitalizados-por-coronavirus.png,train
images/es-falso-que-foto-del-cuadro-del-che-tirado-en-basurero-haya-sido-tomada-en-cuba-fue-en-madrid-en-2020.png,train
images/es-falso-que-foto-expone-iglesia-destruida-en-ucrania-durante-la-guerra-con-rusia.png,train
images/es-falso-que-foto-exponga-a-bad-bunny-apoyando-a-la-seleccion-peruana.png,train
images/es-falso-que-foto-muestre-una-manifestacion-en-francia-por-el-alza-del-precio-de-la-gasolina.png,train
images/es-falso-que-foto-muestre-una-marcha-a-favor-de-una-nueva-constitucion-en-el-2021.png,train
images/es-falso-que-foto-viral-muestra-la-caida-de-un-meteorito-en-el-quisco-chile.png,train
images/es-falso-que-foto-viralizada-en-redes-corresponda-a-recientes-protestas-en-cuba-fue-tomada-en-egipto-en-2011.png,train
images/es-falso-que-fotografia-muestra-a-enfermero-siendo-obligado-a-vacunarse.png,train
images/es-falso-que-fotografia-muestra-relampago-en-nicaragua.png,train
images/es-falso-que-fotografia-viralizada-muestre-una-lluvia-de-peces.png,train
images/es-falso-que-fotos-de-armas-hechizas-fueron-usadas-durante-protestas-en-peru.png,train
images/es-falso-que-fotos-sean-de-militares-peruanos-preparando-un-golpe-de-estado.png,train
images/es-falso-que-fotos-sobre-explosiones-correspondan-a-una-guerra-en-ucrania.png,train
images/es-falso-que-hayan-quemado-peaje-en-viru-foto-viral-es-del-2016-lrnd.png,train
images/es-falso-que-imagen-muestra-a-militares-listos-para-enfrentar-una-supuesta-amenaza-comunista.png,train
images/es-falso-que-imagenes-corresponden-a-una-granizada-ocurrida-en-argentina-en-el-2020.png,train
images/es-falso-que-imagenes-de-accidente-aereo-son-recientes-como-indica-viral.png,train
images/es-falso-que-la-foto-de-un-bus-quemandose-sea-de-protestas-en-ica-fue-tomada-en-el-2017.png,train
images/es-falso-que-la-imagen-de-cinco-siluetas-ahorcadas-haya-sido-portada-de-la-revista-time.png,train
images/es-falso-que-la-imagen-muestra-la-oxitocina-producida-tras-el-beso-de-una-madre.png,train
images/es-falso-que-la-mujer-de-la-foto-tuviera-un-aborto-tras-vacunarse-contra-la-covid-19.png,train
images/es-imprecisa-la-publicacion-sobre-foto-de-mujeres-armadas-contra-el-ejercito-taliban.png,train
images/esta-foto-e-do-restaurante-da-assembleia-da-republica.png,train
images/esta-fotografia-mostra-o-casal-de-pais-mais-novos-do-mundo.png,train
images/esta-fotografia-mostra-uma-avenida-em-amesterdao-cheia-de-carros-no-ano-de-1978.png,train
images/esta-fotografia-retrata-a-primeira-dama-da-ucrania-em-combate-na-guerra-contra-a-russia.png,train
images/esta-fotografia-retrata-a-proxima-centauri-estrela-mais-proxima-do-sol-nao-e-apenas-uma-rodela-de-chourico.png,train
images/esta-imagem-mostra-carros-eletricos-a-serem-carregados-com-energia-produzida-a-partir-do-carvao.png,train
images/esta-imagem-mostra-jogadores-de-futebol-do-dinamo-de-kiev-com-fardas-militares-e-armados.png,train
images/esta-imagem-mostra-pilar-de-viaduto-do-ip3-a-descoberto-e-verdade-mas-nao-representa-um-risco-iminente.png,train
images/esta-imagem-mostra-um-campo-de-extracao-de-litio-no-chile-sim-e-os-flamingos-podem-estar-em-risco.png,train
images/esta-imagem-prova-que-a-ucrania-mobiliza-criancas-armadas-para-as-linhas-da-frente-da-guerra.png,train
images/esta-imagem-prova-que-viagem-de-bernard-henri-levy-a-ucrania-foi-uma-farsa.png,train
images/esta-imagem-retrata-multidao-macica-em-comicio-de-donald-trump-realizado-ha-poucos-dias.png,train
images/esta-imagem-retrata-o-presidente-da-ucrania-com-farda-militar-na-guerra-em-curso-frente-a-russia.png,train
images/estas-fotografias-apanham-refugiados-ucranianos-com-tatuagens-nazis-na-croacia-nao-na-realidade-sao-turistas-hungaros.png,train
images/estas-fotografias-mostram-macron-apos-conversa-telefonica-com-putin-durante-a-guerra.png,train
images/estas-fotografias-retratam-europeus-a-fugir-para-o-norte-de-africa-durante-a-ii-guerra-mundial.png,train
images/eua-fotografia-mostra-filho-de-biden-a-usar-cartao-de-credito-de-malia-obama-para-cheirar-cocaina.png,train
images/excavator-crush-mercedez-viral-ad.png,train
images/explainer-on-erroneous-labelling-of-a-facebook-image-by-state-house-kenya-af63e8e36a8d.png,train
images/eye-radio-misled-by-foa-used-a-wrong-image-and-caption-to-match-a-story.png,train
images/fabricated-image-used-antiliberal-channel-about-migrants-fact-grabbed-movie-frame-0.png,train
images/face-check-pictures-show-bodies-of-coronavirus-patients-being-thrown-in-ganges-river-ganga-patna-viral-1698903-2020-07-10.png,train
images/facebook-bild-zum-rentenniveau-in-deutschland-frankreich-und-italien-ohne-relevanten-kontext.png,train
images/facebook-es-falso-que-fotos-virales-sean-de-una-mujer-que-castro-al-violador-de-su-hija-fake.png,train
images/facebooknutzer-verbreitet-gefaelschtes-gruenen-foto.png,train
images/fact-check-2-year-old-picture-of-syria-airstrikes-passed-off-as-indian-army-s-attack-in-pok-1630624-2019-12-22.png,train
images/fact-check-2010-image-from-germany-passed-off-as-construction-of-lpg-pipeline-in-gorakhpur-1901131-2022-01-17.png,train
images/fact-check-2018-image-from-rajasthan-shared-as-brahmin-protest-against-bjp-in-up-1896463-2022-01-05.png,train
images/fact-check-a-deceptive-picture-of-a-man-holding-a-gun-was-shared-as-an-israeli-terrorist-know-the-reality.png,train
images/fact-check-a-fake-picture-from-the-protest-of-railway-students-got-viral.png,train
images/fact-check-a-photo-does-not-show-a-trump-caravan-headed-to-dc-from-california-right-now-it-Is-an-old-photo.png,train
images/fact-check-a-picture-of-an-algerian-coin-with-al-aqsa-and-jerusalem-is-ours-written-on-it-has-gone-viral-know-the-reality.png,train
images/fact-check-a-viral-photo-of-doctors-and-nurses-in-italy-does-not-show-them-holding-a-sign-saying-jesus-stops-this-virus.png,train
images/fact-check-aap-goofs-up-delhi-s-signature-bridge-with-photo-of-netherlands-erasmus-bridge-1382246-2018-11-04.png,train
images/fact-check-actor-s-picture-shared-on-social-media-as-doc-who-died-of-covid-19-1722520-2020-09-16.png,train
images/fact-check-aerial-image-does-not-show-freedom-convoy-in-canberra-australia.png,train
images/fact-check-aishe-ghosh-s-hand-injury-is-not-shifting-the-photo-is-morphed-1636562-2020-01-13.png,train
images/fact-check-alexandria-ocasio-cortez-did-not-have-this-photo-removed-from-twitter.png,train
images/fact-check-all-loans-stopped-till-rahul-gandhi-becomes-prime-minister-photoshopped-image-resurfaces-again.png,train
images/fact-check-an-image-of-an-alien-is-not-hidden-in-plain-sight-on-a-dollar-bill.png,train
images/fact-check-antiindiacongress-trends-on-twitter-with-misleading-facts-altered-images.png,train
images/fact-check-aoc-was-not-photographed-wearing-3900-sunglasses-its-satire.png,train
images/fact-check-artistic-photography-collaboration-with-elders-was-not-just-a-forest-challenge.png,train
images/fact-check-baby-kyle-photo-is-deceptive-and-he-doesn't-have-covid-19.png,train
images/fact-check-beach-photo-of-zaira-wasim-goes-viral-with-claim-she-has-returned-to-bollywood-1598157-2019-09-11.png,train
images/fact-check-biden-not-alone-nor-in-delaware-photo-used-in-trump-ad.png,train
images/fact-check-biden-photo-does-not-show-him-groping-white-house-press-secretary-jen-psaki.png,train
images/fact-check-bihar-congress-uses-amphan-image-to-take-a-dig-at-nitish-kumar-over-floods-1707852-2020-08-05.png,train
images/fact-check-boy-hugging-baby-old-image-from-syria-shared-recent-clashes-in-jerusalem-1943986-2022-05-01.png,train
images/fact-check-canada-s-langar-image-from-2016-shared-as-recent-free-food-truck-set-up-in-ukraine-by-sikh-community-1918512-2022-02-27.png,train
images/fact-check-captainjenkem-tweeted-photo-is-not-a-photo-of-the-driver-who-hit-the-waukesha-christmas-parade-recycled-hoax.png,train
images/fact-check-cash-for-votes-in-up-old-image-manipulated-to-claim-sp-is-bribing-voters-1904868-2022-01-26.png,train
images/fact-check-cathy-areu-did-not-pose-for-a-photo-in-an-antifa-cap.png,train
images/fact-check-chief-justice-john-roberts-is-not-in-photo-with-ghislaine-maxwell.png,train
images/fact-check-child-actors-did-not-recreate-this-mash-cast-photo-its-a-digital-manipulation.png,train
images/fact-check-chyron-reporting-90-percent-of-women-have-a-back-up-lover-is-photoshopped.png,train
images/fact-check-cnn-did-not-lighten-the-photo-of-the-man-who-drove-into-the-protester-in-seattle.png,train
images/fact-check-deceptive-photo-of-bjp-leader-shahnawaz-hussain-entering-the-temple-goes-viral-on-social-media.png,train
images/fact-check-did-rahul-gandhi-party-with-the-chinese-ambassador-of-nepal-know-the-truth-of-the-viral-image.png,train
images/fact-check-did-the-picture-of-mahatma-gandhi-appear-on-currency-note-came-in-1996.png,train
images/fact-check-distressing-image-of-waterlogged-hospital-goes-viral-with-misleading-claim-1701316-2020-07-16.png,train
images/fact-check-do-not-believe-this-emotional-viral-story-with-father-child-photograph-1670254-2020-04-23.png,train
images/fact-check-do-not-gulp-down-this-morphed-image-of-kejriwal-and-bhagwant-mann-in-front-of-liquor-shops-1901061-2022-01-17.png,train
images/fact-check-drinks-photos-do-not-contain-sheep-feces.png,train
images/fact-check-edited-photo-is-not-proof-of-real-team-chemtrail-air-force-reserve-c130-equipped-for-mosquito-spraying.png,train
images/fact-check-editor-news-nation-tv-deepak-chaurasia-posts-doctored-image.png,train
images/fact-check-eight-year-old-photo-passed-off-as-police-atrocities-on-jamia-students-1628809-2019-12-16.png,train
images/fact-check-facebook-has-not-been-taking-down-a-photo-of-a-police-officer-praying.png,train
images/fact-check-fake-image-of-a-soldier-got-viral-under-russia-ukraine-conflict.png,train
images/fact-check-fake-photo-of-chained-woman-is-not-aunt-jemima.png,train
images/fact-check-fake-pictures-of-arvind-kejriwal-and-bhagwant-singh-having-alcohol-at-dinner-got-viral.png,train
images/fact-check-false-image-lathi-charge-farmers-policemen.png,train
images/fact-check-false-image-of-taliban-supporters-painting-a-mural-goes-viral.png,train
images/fact-check-famous-january-6-image-inside-capitol-was-not-faked-and-staged-in-front-of-a-green-screen.png,train
images/fact-check-first-picture-of-martian-sunset-was-not-taken-in-2021.png,train
images/fact-check-five-year-old-picture-of-unrest-passed-off-as-recent-clashes-in-srinagar-1773155-2021-02-25.png,train
images/fact-check-freedom-convoy-facebook-post-does-not-use-image-from-that-event.png,train
images/fact-check-gov-whitmer-not-pictured-today-on-mackinaw-island-ignoring-social-distancing-and-mask-wearing-rules.png,train
images/fact-check-helicopter-was-not-carrying-ufo-edited-photo-of-glider-prototype.png,train
images/fact-check-here-is-the-true-story-behind-this-unique-breastfeeding-photo-going-viral-1610885-2019-10-18.png,train
images/fact-check-hindu-pandit-puts-quran-on-hindu-idol-image-sparks-nationwide-violence-in-bangladesh.png,train
images/fact-check-historic-photos-of-sydneys-palm-beach-do-not-prove-climate-change-is-hoax.png,train
images/fact-check-how-actor-saurabh-shukla-s-picture-was-used-on-misleading-post-on-balakot-1514811-2019-05-01.png,train
images/fact-check-hunter-biden-did-not-admit-to-doing-naked-facetimes-and-keeping-sexually-explicit-photos-of-14-year-old.png,train
images/fact-check-ice-cube-and-50-cent-did-not-wear-trump-hats-in-photo.png,train
images/fact-check-image-2016-cauvery-riots-falsely-circulated-bengaluru-violence-1711030-2020-08-14.png,train
images/fact-check-image-bleeding-man-not-linked-to-recent-communal-violence-in-bangladesh-1867185-2021-10-20.png,train
images/fact-check-image-does-not-show-ukrainian-soldiers-praying-during-russia-ukraine-conflict.png,train
images/fact-check-image-from-music-video-falsely-shared-as-child-affected-by-russia-ukraine-conflict-1918044-2022-02-25.png,train
images/fact-check-image-from-nepal-falsely-circulated-as-uttarakhand-children-going-to-school-using-wire-bridge-1711447-2020-08-15.png,train
images/fact-check-image-gravely-injured-man-recent-farmers-protest-incident.png,train
images/fact-check-image-is-not-true-face-found-on-mars-not-a-former-cia-file.png,train
images/fact-check-image-islamic-prayers-karnataka-congress-office-shared-with-misleading-claims-1907518-2022-02-02.png,train
images/fact-check-image-of-burqa-clad-women-in-chains-walking-behind-man-edited-1842488-2021-08-18.png,train
images/fact-check-image-of-deceased-man-falsely-linked-to-covid-19-and-bihar-bjp-minister-1702020-2020-07-18.png,train
images/fact-check-image-of-dozens-of-jets-does-not-show-the-aircraft-used-by-attendees-of-cop26.png,train
images/fact-check-image-of-giant-kittens-napping-is-not-a-mural-its-digital-art.png,train
images/fact-check-image-of-gold-smuggling-accused-at-wedding-of-kerala-cm-s-daughter-is-morphed-1700235-2020-07-13.png,train
images/fact-check-image-of-joe-biden-band-formation-in-a-football-stadium-is-not-real.png,train
images/fact-check-image-of-kashmiri-students-pelting-stones-circulated-with-misleading-claim-1828717-2021-07-16.png,train
images/fact-check-image-of-mannequin-missing-arm-in-french-hospital-tv-report-is-not-real.png,train
images/fact-check-image-of-monks-in-kumbh-mela-falsely-circulated-as-that-of-ayodya-bhoomi-pujan-1709413-2020-08-09.png,train
images/fact-check-image-of-muslim-youths-studying-hindu-holy-books-takes-a-communal-turn-1704416-2020-07-25.png,train
images/fact-check-image-of-param-vir-chakra-falsely-shared-as-khel-ratna-award-1838120-2021-08-07.png,train
images/fact-check-image-of-pete-buttigieg-breastfeeding-is-not-real-its-photoshopped.png,train
images/fact-check-image-of-plane-crash-falsely-shared-as-an-accident-from-afghanistan.png,train
images/fact-check-image-of-president-first-lady-does-not-show-fake-presidential-seal-on-white-house-balcony.png,train
images/fact-check-image-of-queen-elizabeth-in-wwii-spitfire-fighter-plane-is-not-authentic-image-edited-to-add-her-face.png,train
images/fact-check-image-of-the-sun-was-not-captured-by-parker-solar-probe-in-outer-space.png,train
images/fact-check-image-of-two-men-with-rifle-cutouts-is-not-staged-for-propaganda.png,train
images/fact-check-image-police-brutality-pakistan-passed-off-kashmir-1605465-2019-10-02.png,train
images/fact-check-images-do-not-show-us-soldiers-parting-with-their-families-before-heading-to-ukraine.png,train
images/fact-check-images-from-1918-flu-pandemic-post-are-not-all-from-that-period-in-history.png,train
images/fact-check-images-from-syrian-civil-war-shared-as-condition-of-afghan-kids-after-us-withdrawal-1907017-2022-02-01.png,train
images/fact-check-images-of-anti-hindu-violence-pakistan-passed-off-riots-west-bengal-1677750-2020-05-13.png,train
images/fact-check-images-of-movie-used-to-show-pla-soldiers-detention-by-indian-army.png,train
images/fact-check-indian-navy-tweets-old-photo-of-personnel-doing-yoga-1553761-2019-06-21.png,train
images/fact-check-indira-gandhi-photographed-eating-fish.png,train
images/fact-check-is-rahul-gandhi-posing-with-a-porn-star-in-this-viral-photo-1433279-2019-01-17.png,train
images/fact-check-its-not-real-image-of-trudeau-in-tigger-spiderman-getup.png,train
images/fact-check-jama-masjid-photo-damaged-dome-up-mosque-delhi-1958124-2022-06-03.png,train
images/fact-check-joe-biden-is-not-in-a-photo-biting-a-girls-cheek.png,train
images/fact-check-joe-biden-maskless-photo-on-plane-predates-pandemic.png,train
images/fact-check-josh-mandel-did-not-photoshop-his-face-onto-a-black-soldier.png,train
images/fact-check-justin-timberlake-wasn-t-wearing-an-anti-trump-t-shirt-photo-was-digitally-altered-1998156-2022-09-08.png,train
images/fact-check-kabul-airport-photograph-is-not-from-august-26-2021.png,train
images/fact-check-karti-chidambaram-posts-unrelated-image-from-scotland-plogging-pics-pm-modi-1608936-2019-10-13.png,train
images/fact-check-king-christian-x-of-denmark-did-not-wear-a-yellow-star-pictured-couple-were-in-budapest-hungary.png,train
images/fact-check-kiss-goodbye-to-this-morphed-image-of-anti-vaccination-protest-in-germany-1884869-2021-12-06.png,train
images/fact-check-kiwis-welcomed-with-saffron-scarves-in-kanpur-this-is-an-old-picture-1880413-2021-11-24.png,train
images/fact-check-know-the-reality-behind-the-viral-pictures-of-the-landslides-in-manipurs-noni-district.png,train
images/fact-check-know-the-truth-about-pm-modis-picture-during-a-meal-at-kejriwals-auto-drivers-house.png,train
images/fact-check-know-the-truth-about-smriti-iranis-daughter-zoish-iranis-engagement-photo.png,train
images/fact-check-kovind-murmu-didn-t-conduct-vedic-ritual-ahead-of-the-latter-s-take-over-as-president-viral-picture-is-old-1979931-2022-07-26.png,train
images/fact-check-liberty-to-preach-the-gospel-was-not-just-granted-in-ukraine-miscaptioned-2017-photo.png,train
images/fact-check-loire-river-did-not-run-dry-photo-shows-branch-of-loire-but-not-main-channel.png,train
images/fact-check-love-in-time-corona-know-truth-behind-this-viral-image-italy-couple-covid-19-doctor-1659263-2020-03-24.png,train
images/fact-check-love-jihad-in-dubai-users-post-image-of-indian-and-pakistani-cricket-supporters.png,train
images/fact-check-madhya-pradesh-cm-shivraj-comes-out-of-the-womens-toilet-picture-goes-viral.png,train
images/fact-check-malia-obama-credit-card-photo-is-not-new-there-is-no-proof-it-was-found-on-hunter-biden-laptop.png,train
images/fact-check-man-in-burqa-picture-pro-taliban-women-gathering-morphed-1852069-2021-09-12.png,train
images/fact-check-man-pictured-inside-capitol-does-not-have-a-hammer-and-sickle-tattoo-on-his-hand.png,train
images/fact-check-manipur-ambush-col-viplav-tripathi-viral-photos-videos-1879039-2021-11-20.png,train
images/fact-check-martin-scorsese-is-not-holding-zack-snyder's-justice-league-in-instagram-photo.png,train
images/fact-check-microscope-photos-of-vaccines-not-valid.png,train
images/fact-check-misleading-photos-used-to-showcase-saffron-surge-in-ayodhya-1397181-2018-11-27.png,train
images/fact-check-misleading-picture-cow-deaths-rajasthan-1523386-2019-05-12.png,train
images/fact-check-more-morphed-images-of-shahrukh-khan-go-viral.png,train
images/fact-check-more-than-a-decade-old-photos-passed-off-recent-attacks-troops-nigeria-imo-state-2002981-2022-09-21.png,train
images/fact-check-more-than-one-year-old-picture-shared-as-recent-gaza-strip-bombing-by-israel-1712535-2020-08-18.png,train
images/fact-check-morphed-image-circulated-as-anti-sharia-signboard-by-indian-army-1830566-2021-07-20.png,train
images/fact-check-morphed-image-of-soccer-stars-goes-viral-with-pray-for-gaza-message-1622263-2019-11-25.png,train
images/fact-check-morphed-image-shared-as-protesters-in-pakistan-waving-indian-flag-1786804-2021-04-03.png,train
images/fact-check-morphed-image-shows-pm-modi-waving-islamic-flag-1461707-2019-02-21.png,train
images/fact-check-morphed-images-of-thailand-floods-inundate-social-media-1761156-2021-01-21.png,train
images/fact-check-morphed-photo-man-falling-from-us-military-aircraft-shared-evacuee-kabul-1846281-2021-08-28.png,train
images/fact-check-morphed-photo-of-pm-modi-at-central-vista-site.png,train
images/fact-check-morphed-picture-of-us-billboard-used-to-take-a-dig-at-kejriwals-freebies-1777457-2021-03-10.png,train
images/fact-check-mr-rogers-was-not-photographed-wearing-a-bob-ross-t-shirt-while-hanging-out-with-steve-irwin-.png,train
images/fact-check-nasa-has-nothing-to-do-with-this-edited-image-of-the-sun-surface-1767228-2021-02-08.png,train
images/fact-check-nasa-pastes-image-of-earth-on-apollo-17-mission-pictures.png,train
images/fact-check-nazi-salute-wedding-photo-not-in-ukraine-altered-photo-taken-in-russia.png,train
images/fact-check-netizens-claim-dhoni-converted-to-buddhism-after-photo-in-monk-attire-goes-viral-1779278-2021-03-14.png,train
images/fact-check-netizens-congratulate-priya-malik-but-post-wrestler-sonam-malik-s-picture-1832890-2021-07-26.png,train
images/fact-check-netizens-fall-for-ab-de-villiers-morphed-image-holding-a-ganesha-idol-1851546-2021-09-10.png,train
images/fact-check-netizens-falsely-link-india-t20-rout-with-image-of-youth-smashing-tv-1872554-2021-11-02.png,train
images/fact-check-netizens-link-old-images-of-parked-aircraft-to-g7-summit-in-flight-of-fantasy-1817992-2021-06-22.png,train
images/fact-check-netizens-share-shikhar-dhawan-s-cropped-image-to-question-bcci-s-patriotism-1744079-2020-11-25.png,train
images/fact-check-new-zealand-terror-attack-viral-image-1482175-2019-03-19.png,train
images/fact-check-no-evidence-hyperdontia-photo-is-real.png,train
images/fact-check-no-evidence-photo-of-person-wearing-checkered-skirt-is-texas-school-shooter.png,train
images/fact-check-no-evidence-supporting-story-of-photo-of-irish-woman-shooting-rifle.png,train
images/fact-check-no-kejriwal-alcohol-meat-bhagwant-mann-morphed-photo-delhi-punjab-cm-1935566-2022-04-09.png,train
images/fact-check-no-photos-postcard-aap-punjab-delhi-1948814-2022-05-12.png,train
images/fact-check-no-the-viral-photo-of-eco-bridge-is-not-from-the-netherlands-1574954-2019-07-29.png,train
images/fact-check-no-these-images-are-not-of-the-under-construction-ram-temple-in-ayodhya-1736932-2020-10-31.png,train
images/fact-check-no-this-is-not-a-photo-of-cyclone-vayu-1548300-2019-06-13.png,train
images/fact-check-no-this-is-not-the-funeral-picture-of-indira-gandhi-1614520-2019-10-31.png,train
images/fact-check-no-this-photo-is-not-from-inaugural-air-india-flight-after-tata-takeover-1907995-2022-02-02.png,train
images/fact-check-no-this-picture-of-narendra-modi-is-not-with-the-staff-of-prime-minister-s-office-1753412-2020-12-26.png,train
images/fact-check-no-viral-photo-of-boy-with-bullet-injury-is-not-from-2018-dalit-protests-it-s-from-a-foreign-film-1933421-2022-04-04.png,train
images/fact-check-no-young-shepherd-in-viral-photo-is-not-france-s-education-minister-1551469-2019-06-18.png,train
images/fact-check-nostalgia-misplaced-wrong-picture-circulated-as-of-miss-palestine-pageant-1882598-2021-11-30.png,train
images/fact-check-not-a-photo-of-an-antifa-actiist-posing-with-a-hammer-and-sickle-cake.png,train
images/fact-check-not-a-photo-of-don-lemon-and-jeffery-epstein.png,train
images/fact-check-not-a-picture-of-Rudy-Giuliani-neighbors-watching-fbi-raid.png,train
images/fact-check-not-bhagat-singh-flogged-viral-image-1711037-2020-08-14.png,train
images/fact-check-nouvelle-vague-des-fausses-photos-des-logements-sociaux-au-camp-tshatshi.png,train
images/fact-check-old-image-being-used-to-show-farmers-supporting-bjp.png,train
images/fact-check-old-image-falsely-shared-as-crowd-at-yogi-adityanath-s-recent-bihar-rally-1734558-2020-10-23.png,train
images/fact-check-old-image-from-bangladesh-falsely-circulated-as-that-depicting-miserable-life-in-indian-slums-1712697-2020-08-19.png,train
images/fact-check-old-image-from-iraq-used-to-claim-us-military-aircraft-crash-in-afghanistan-1849524-2021-09-05.png,train
images/fact-check-old-image-from-spain-goes-viral-as-corona-protests-against-trump-us-1684799-2020-06-02.png,train
images/fact-check-old-image-jat-agitation-revived-ongoing-farmers-protest-1746193-2020-12-03.png,train
images/fact-check-old-image-kashmir-linked-delhi-violence-1653494-2020-03-07.png,train
images/fact-check-old-image-mob-attack-victim-painted-love-jihad-hues-1718616-2020-09-04.png,train
images/fact-check-old-image-of-animal-rights-campaign-viral-with-misleading-claims-1759546-2021-01-15.png,train
images/fact-check-old-image-of-assaulted-woman-goes-viral-targeting-beti-bachao-campaign-1758458-2021-01-12.png,train
images/fact-check-old-image-of-bjp-flags-abandoned-in-waste-container-goes-viral-ahead-of-up-polls-1909965-2022-02-07.png,train
images/fact-check-old-image-of-injured-mother-and-child-from-gaza-passed-off-as-brutality-in-kashmir-1591840-2019-08-26.png,train
images/fact-check-old-image-of-military-wreckage-shared-as-images-from-paramilitary-attacks-in-manipur.png,train
images/fact-check-old-image-of-religious-procession-in-bangladesh-passed-off-as-owaisi-rally-in-up-1828634-2021-07-15.png,train
images/fact-check-old-image-security-escort-for-sri-lanka-circulated-by-pakistani-social-media.png,train
images/fact-check-old-image-syrian-children-got-viral-misleadingly.png,train
images/fact-check-old-images-being-used-to-show-more-farmers-are-reaching-delhi.png,train
images/fact-check-old-images-from-turkey-shared-damage-caused-earthquake-afghanistan-1769107-2021-02-14.png,train
images/fact-check-old-images-of-jet-crashes-do-not-show-downed-ghost-of-kyiv.png,train
images/fact-check-old-images-of-pro-khalistan-demonstrations-linked-to-farmers-protests-1750221-2020-12-16.png,train
images/fact-check-old-images-of-us-forest-fires-passed-off-as-crisis-in-uttarakhand-1683298-2020-05-29.png,train
images/fact-check-old-kumbh-mela-photos-passed-on-social-media-as-recent-ones-1436668-2019-01-22.png,train
images/fact-check-old-photo-from-china-shared-as-passengers-pushing-plane-at-waterlogged-delhi-airport-1851841-2021-09-11.png,train
images/fact-check-old-photo-goes-viral-as-protest-against-hike-in-jnu-hostel-fees-1622255-2019-11-24.png,train
images/fact-check-old-photo-of-bjp-mp-tejashwi-surya-viral-with-the-misleading-claim.png,train
images/fact-check-old-photo-of-flood-in-australia-shared-as-bihar-floods-1574241-2019-07-27.png,train
images/fact-check-old-photo-of-large-muslim-family-from-bangladesh-shared-to-push-for-uniform-civil-code-1943533-2022-04-29.png,train
images/fact-check-old-photo-of-police-action-against-criminals-shared-as-better-law-order-under-bhupendra-patel-1854366-2021-09-18.png,train
images/fact-check-old-photo-of-rahul-gandhi-and-arvind-kejriwal-goes-viral-with-misleading-claim-1647083-2020-02-16.png,train
images/fact-check-old-photo-passed-off-as-security-provided-to-nz-cricket-team-by-pak-govt-1857276-2021-09-26.png,train
images/fact-check-old-photoshopped-phallic-motorcade-joke-resurfaces-is-not-a-real-photo.png,train
images/fact-check-old-picture-from-prayagraj-shared-as-haridwar-kumbh-mela-with-covid-twist-1789790-2021-04-11.png,train
images/fact-check-old-picture-of-baloch-leader-mengal-shared-as-younger-geelani-1850664-2021-09-08.png,train
images/fact-check-old-picture-of-chinese-aggression-passed-off-as-recent-crisis-in-ladakh-1682836-2020-05-28.png,train
images/fact-check-old-picture-of-india-in-the-name-of-nepal-plane-crash-goes-viral.png,train
images/fact-check-old-picture-of-kejriwal-imran-khan-meet-linked-to-delhi-election-1645816-2020-02-12.png,train
images/fact-check-old-picture-of-swiss-music-fest-passed-off-as-trump-poll-rally-1733677-2020-10-21.png,train
images/fact-check-old-pictures-of-air-mishaps-linked-to-indonesia-plane-crash-1758316-2021-01-12.png,train
images/fact-check-old-pictures-of-farmers-protests-go-viral-as-oct-18-rail-roko-1866301-2021-10-18.png,train
images/fact-check-old-protest-images-shared-as-photos-of-bengal-violence-1527900-2019-05-17.png,train
images/fact-check-old-unrelated-images-flood-social-media-as-visuals-of-police-crackdown-on-rrb-protests-1905328-2022-01-27.png,train
images/fact-check-old-unrelated-images-linked-to-nagorno-karabakh-conflict-1731491-2020-10-14.png,train
images/fact-check-old-unrelated-images-passed-off-as-recent-photos-from-war-torn-ukraine-1921392-2022-03-06.png,train
images/fact-check-old-unrelated-images-shared-as-plight-of-kashmir-after-article-370-revoked-1578849-2019-08-08.png,train
images/fact-check-old-unrelated-images-shared-as-turkish-army-on-its-way-to-gaza-1802986-2021-05-15.png,train
images/fact-check-old-unrelated-images-used-claim-women-being-auctioned-afghanistan-1845843-2021-08-27.png,train
images/fact-check-old-unrelated-photos-shared-as-from-recent-naxal-attack-in-chhattisgarh-1900586-2022-01-16.png,train
images/fact-check-pak-pm-s-aide-made-a-gaffe-by-claiming-the-picture-of-sachin-tendulkar-as-of-imran-khan-1554228-2019-06-22.png,train
images/fact-check-patanjali-isnt-selling-beef-biryani-mix-morphed-photo-pakistan-brand-viral-false-claims-2002597-2022-09-20.png,train
images/fact-check-pearl-harbor-does-not-have-a-flag-underwater-the-picture-is-from-florida.png,train
images/fact-check-pete-buttigiegs-picture-with-the-dogs-and-the-truth-behind-it.png,train
images/fact-check-photo-cop-attacked-mob-not-delhi-jahangirpuri-ahmedabad-2019-riots-hanuman-jayanti-1938528-2022-04-17.png,train
images/fact-check-photo-dc-trump-protest-dallas-immigration-2006.png,train
images/fact-check-photo-does-NOT-show-the-san-andreas-fault.png,train
images/fact-check-photo-does-not-depict-woke-backlash-to-height-privilege-its-an-art-piece-about-seeing-eye-to-eye.png,train
images/fact-check-photo-does-not-show-14-year-old-raped-and-beaten-by-jacob-blake.png,train
images/fact-check-photo-does-not-show-a-polar-bear-roaming-the-streets-of-a-us-neighborhood-it-is-norway.png,train
images/fact-check-photo-does-not-show-a-savage-who-was-violently-burning-down-a-neighborhood-or-looting.png,train
images/fact-check-photo-does-not-show-a-wounded-bull-betrayed-by-the-owner-who-kissed-him-and-did-nothing.png,train
images/fact-check-photo-does-not-show-bald-george-floyd-and-the-shape-of-his-head-did-not-change.png,train
images/fact-check-photo-does-not-show-barack-obama-with-his-hand-down-daughters-pants.png,train
images/fact-check-photo-does-not-show-bidens-golfing-with-burisma-ceo.png,train
images/fact-check-photo-does-not-show-bill-clinton-and-jesse-jackson-at-john-lewis-funeral-without-masks.png,train
images/fact-check-photo-does-not-show-chris-wallace-and-jeffrey-epstein.png,train
images/fact-check-photo-does-not-show-crowds-assembling-ahead-of-demonstration-to-overturn-2020-presidential-election.png,train
images/fact-check-photo-does-not-show-destroyed-russian-landing-craft.png,train
images/fact-check-photo-does-not-show-elizabeth-warren-at-a-nude-pagan-ritua.png,train
images/fact-check-photo-does-not-show-exmarine-setting-fire-to-an-antifa-activist-car.png,train
images/fact-check-photo-does-not-show-fema-coffins-delivered-to-georgia-roadside.png,train
images/fact-check-photo-does-not-show-first-version-of-statue-of-liberty.png,train
images/fact-check-photo-does-not-show-japanese-ambassador-to-ukraine-dressed-as-a-samurai.png,train
images/fact-check-photo-does-not-show-john-roberts-on-epsteins-island.png,train
images/fact-check-photo-does-not-show-kyle-rittenhouse-mother-with-rifle-at-kenosha-protest.png,train
images/fact-check-photo-does-not-show-militarized-robot-its-a-worlds-fair-animatronic-caveman.png,train
images/fact-check-photo-does-not-show-mom-with-covid19-holding-baby-with-cancer.png,train
images/fact-check-photo-does-not-show-mother-and-premature-baby-with-coronavirus.png,train
images/fact-check-photo-does-not-show-nancy-pelosi's-son-abusing-a-little-girl-is-NOT-one-of-many-photos-on-hunter-biden's-laptop.png,train
images/fact-check-photo-does-not-show-nancy-pelosi-at-a-party-during-the-pandemic.png,train
images/fact-check-photo-does-not-show-nancy-pelosi-walking-with-her-dad.png,train
images/fact-check-photo-does-not-show-pelosi-and-other-dems-chatting-up-close-without-masks-in-july-2020.png,train
images/fact-check-photo-does-not-show-police-officer-cradling-child-lost-amid-'violent-riots'-in-philadelphia.png,train
images/fact-check-photo-does-not-show-suspected-nashville-bomber-anthony-quinn-warner-wearing-trump-2020-hat.png,train
images/fact-check-photo-does-not-show-ukraine-president-on-2022-russian-invasion-front-line.png,train
images/fact-check-photo-eid-procession-bangladesh-passed-cab-protest-mumbai-1628331-2019-12-14.png,train
images/fact-check-photo-is-from-pre-covid-times-not-a-reaction-to-canadian-trucker-protest.png,train
images/fact-check-photo-is-not-a-current-whites-only-sundown-town-sign-its-from-2018-movie-green-book-set-in-1960s.png,train
images/fact-check-photo-is-not-ancient-egyptian-dentistry.png,train
images/fact-check-photo-is-not-brian-an-antifa-rioter.png,train
images/fact-check-photo-is-not-from-a-chinese-cannibalistic-meat-market.png,train
images/fact-check-photo-is-not-real-that-shows-ghislaine-maxwell-partying-with-judge-who-approved-maralago-warrant.png,train
images/fact-check-photo-of-2016-quetta-police-academy-suicide-bombing-shared-as-victims-of-bla-strike-in-panjgur-1913044-2022-02-14.png,train
images/fact-check-photo-of-a-trunk-full-of-gas-filled-garbage-bags-is-not-from-the-united-states-in-2021-it-was-taken-in-mexico-in-2019.png,train
images/fact-check-photo-of-aircraft-carrier-in-suez-canal-is-not-related-to-the-once-stuck-container-ship.png,train
images/fact-check-photo-of-canal-is-not-from-georgia.png,train
images/fact-check-photo-of-father-who-identifies-as-tooth-fairy-is-not-tied-to-a-real-incident.png,train
images/fact-check-photo-of-green-mississippi-river-water-meeting-the-gulf-is-not-a-good-sign.png,train
images/fact-check-photo-of-head-in-fridge-was-not-an-act-of-revenge.png,train
images/fact-check-photo-of-mammoth-wall-in-front-of-the-white-house-is-not-real.png,train
images/fact-check-photo-of-packed-street-does-not-show-sturgis-2020-crowd.png,train
images/fact-check-photo-of-peanut-butter-packaged-loose-is-not-from-canada.png,train
images/fact-check-photo-of-president-obama-kissing-nancy-pelosi-is-not-a-drunken-photo.png,train
images/fact-check-photo-of-really-high-gas-prices-was-not-the-last-time-biden-was-in-office-it-is-from-2008-when-george-w-bush-was-president.png,train
images/fact-check-photo-of-shivraj-singh-chouhan-feasting-on-non-veg-food-is-morphed-1392193-2018-11-20.png,train
images/fact-check-photo-of-steve-bannon-with-bloody-mouth-is-not-authentic.png,train
images/fact-check-photo-of-two-people-fumigating-the-oval-office-is-not-the-trump-oval-office.png,train
images/fact-check-photo-of-ukraine-soldier-does-show-paintgun-its-from-training-exercise.png,train
images/fact-check-photo-of-women-with-prosthetic-limbs-does-not-show-wounded-veterans.png,train
images/fact-check-photo-of-young-woman-with-rifle-is-not-recent-in-ukraine.png,train
images/fact-check-photo-shared-by-eric-trump-is-not-joe-biden-home.png,train
images/fact-check-photo-showing-syrian-child-protecting-his-sister-fudged-as-kids-from-kashmir-1614936-2019-11-01.png,train
images/fact-check-photograph-is-of-an-official-ballot-box-in-philadelphia-and-city-employee-is-taking-the-mail-in-ballots-to-be-processed-and-counted.png,train
images/fact-check-photograph-july-2016-una-attack-used-condition-of-muslims-in-india.png,train
images/fact-check-photographs-of-earth-sent-from-chandrayaan-2-1574279-2019-07-27.png,train
images/fact-check-photoof-trump-with-kkk-members-is-not-real.png,train
images/fact-check-photos-do-not-prove-that-sea-levels-arent-rising.png,train
images/fact-check-photos-do-not-show-a-man-with-22400-cash-stimulus-money.png,train
images/fact-check-photos-do-not-show-charity-worker-from-denmark-adopted-naked-and-dying-2-year-old-child-who-is-now-healthy.png,train
images/fact-check-photos-do-not-show-nfl-stadiums-that-are-seeing-eyes-used-in-satanic-ritual.png,train
images/fact-check-photos-do-not-show-texas-school-shooter-salvador-ramos.png,train
images/fact-check-photos-from-us-hungary-viral-as-two-streets-of-same-city-with-huge-temperature-difference-1835226-2021-07-31.png,train
images/fact-check-photos-of-injured-couple-with-newborn-in-hospital-ruins-are-not-from-afghanistan-1852823-2021-09-14.png,train
images/fact-check-photos-of-people-wounded-by-rubber-bullets.png,train
images/fact-check-photos-passed-off-as-images-of-sri-lanka-easter-attack-victims-are-actually-13-years-old-1509573-2019-04-25.png,train
images/fact-check-photos-show-scarlett-keeling-british-teenager-killed-in-india-in-2008.png,train
images/fact-check-photoshopped-image-of-arabs-protesting-against-pm-modi-goes-viral-1601782-2019-09-21.png,train
images/fact-check-photoshopped-image-of-floating-rock-flies-around-internet-1626456-2019-12-08.png,train
images/fact-check-photoshopped-image-of-pm-modi-paying-tribute-to-jawaharlal-nehru-is-viral.png,train
images/fact-check-photoshopped-image-passed-off-as-live-suicide-from-dubai-s-burj-khalifa-1627818-2019-12-12.png,train
images/fact-check-photoshopped-images-pit-jats-against-gehlot-and-raje-in-rajasthan-1394507-2018-11-23.png,train
images/fact-check-picture-amit-shah-preamble-viral-wrong-claim-1881914-2021-11-29.png,train
images/fact-check-picture-does-not-show-pallets-of-formula-in-mexico.png,train
images/fact-check-picture-does-not-show-zelenskyys-russian-passport.png,train
images/fact-check-picture-from-venezuela-passed-off-as-atrocities-on-muslims-by-indian-army-1689048-2020-06-14.png,train
images/fact-check-picture-honour-killing-victim-passed-off-pulwama-martyr-1647647-2020-02-18.png,train
images/fact-check-picture-is-not-of-finalists-from-1919-mens-beauty-contest.png,train
images/fact-check-picture-man-and-daughter-from-afghanistan-goes-viral-on-facebook.png,train
images/fact-check-picture-of-2013-kumbh-mela-gathering-passed-off-as-farmers-protest-1756553-2021-01-06.png,train
images/fact-check-picture-of-a-female-anchor-from-afghanistan-being-viral-as-that-qatar.png,train
images/fact-check-picture-of-akshay-kumar-advertising-online-trading-company-goes-viral.png,train
images/fact-check-picture-of-bjp-workers-forming-human-flag-is-not-from-yogi-rally-in-kerala-1771598-2021-02-21.png,train
images/fact-check-picture-of-burqa-clad-students-passed-off-as-kerala-s-all-women-police-force-1742047-2020-11-18.png,train
images/fact-check-picture-of-congress-leaders-with-sheikh-hasina-goes-viral-with-false-claim-1784571-2021-03-28.png,train
images/fact-check-picture-of-dubai-passed-off-as-varanasi-after-pm-modi-s-beautification-drive-1752861-2020-12-24.png,train
images/fact-check-picture-of-egyptian-pyramids-lit-with-palestinian-flag-is-morphed-1806428-2021-05-24.png,train
images/fact-check-picture-of-greta-thunberg-having-food-in-front-of-poor-kids-is-morphed-1770262-2021-02-17.png,train
images/fact-check-picture-of-handcuffed-woman-in-burqa-goes-viral-with-wrong-claim-1562326-2019-07-04.png,train
images/fact-check-picture-of-housing-project-in-bangladesh-shared-as-mamata-s-scheme-for-slum-dwellers-1768375-2021-02-11.png,train
images/fact-check-picture-of-man-injured-in-mewat-violence-passed-off-as-atrocities-on-hindus-in-bengal-1790160-2021-04-12.png,train
images/fact-check-picture-of-mark-zuckerberg-holding-placard-in-support-of-israel-is-doctored-1806482-2021-05-24.png,train
images/fact-check-picture-of-michelle-obama-is-not-original-it-has-been-photoshopped.png,train
images/fact-check-picture-of-military-convoy-did-not-originally-include-ufo-its-photoshop.png,train
images/fact-check-picture-of-platform-ticket-with-adani-railway-on-it-is-morphed-1753643-2020-12-27.png,train
images/fact-check-picture-of-top-foreign-intel-agencies-at-the-same-table-in-delhi-not-quite-1854617-2021-09-19.png,train
images/fact-check-picture-of-udaipur-murder-accused-riyaz-with-rahul-gandhi-goes-viral-read-the-complete-story.png,train
images/fact-check-picture-shown-in-post-is-from-egypt-protests-in-2011-not-cuban-protests-in-2021.png,train
images/fact-check-picture-yogi-watching-hathras-victim-s-live-cremation-morphed-1727410-2020-10-01.png,train
images/fact-check-pictures-do-not-show-the-family-of-a-record-setting-fertile-woman.png,train
images/fact-check-pictures-of-aap-leaders-wearing-skull-caps-viral-with-misleading-claims-1904419-2022-01-25.png,train
images/fact-check-pink-elephants-bright-pink-creature-photoshopped-1952135-2022-05-20.png,train
images/fact-check-plogging-pm-modi-targeted-old-images-banaras-ghats-1609725-2019-10-15.png,train
images/fact-check-pm-modi-is-not-greeting-gautam-adani-s-wife-in-this-viral-picture-1750581-2020-12-17.png,train
images/fact-check-pm-modi-s-image-photoshopped-along-with-starving-woman-from-africa-1624569-2019-12-02.png,train
images/fact-check-prayagraj-akhilesh-yadav-s-defeat-in-up-polls-old-photos-1924416-2022-03-11.png,train
images/fact-check-predecessor-al-baghdadi-s-photo-shared-as-dead-is-chief-abu-ibrahim-al-qurayshi-1908894-2022-02-04.png,train
images/fact-check-president-biden-did-not-tweet-a-stock-photo-taken-in-the-middle-of-summer.png,train
images/fact-check-protesters-are-not-destroying-roads-to-cause-accidents-in-america-the-image-is-from-south-africa.png,train
images/fact-check-proud-boys-leader-joe-biggs-and-senator-lindsey-graham-did-not-take-photo-shortly-before-us-capitol-was-stormed.png,train
images/fact-check-pulwama-attack-protest-pictures-shared-as-january-26-tractor-rally-violence-1763381-2021-01-27.png,train
images/fact-check-rahul-gandhi-holding-kid-wearing-bjp-tee-no-the-picture-is-morphed-1874857-2021-11-09.png,train
images/fact-check-reality-behind-the-viral-picture-of-masjid-in-nanital.png,train
images/fact-check-reality-viral-picture-of-rahul-gandhi-nepal-wedding.png,train
images/fact-check-republican-congressman-targets-obama-on-iran-with-morphed-image-1634796-2020-01-07.png,train
images/fact-check-sambit-patra-s-photo-with-chowkidar-chor-hai-poster-is-fake-1474120-2019-03-09.png,train
images/fact-check-san-diego-police-say-photo-does-not-show-officer-pointing-gun-at-boy-during-traffic-stop-but-videos-suggest-more-nuanced-picture.png,train
images/fact-check-seven-year-old-image-from-up-wrongly-linked-to-farmers-agitation-1764071-2021-01-29.png,train
images/fact-check-shah-rukh-aryan-khan-ncb-arrest-twitter-jack-dorsey-mannat-viral-photo-1863623-2021-10-11.png,train
images/fact-check-shashi-tharoor-posts-a-morphed-image-that-mocks-the-modi-government.png,train
images/fact-check-she-did-have-four-legs-but-josephine-myrtle-corbin-is-not-the-woman-pictured.png,train
images/fact-check-six-year-old-image-syrian-conflict-yemen-airstrike-1904249-2022-01-25.png,train
images/fact-check-six-year-old-picture-goes-viral-as-plight-of-migrants-during-lockdown-1679824-2020-05-19.png,train
images/fact-check-six-year-old-picture-of-police-action-linked-to-ongoing-farmers-protest-1820897-2021-06-29.png,train
images/fact-check-some-circulating-photos-of-public-health-officers-are-not-the-original-version.png,train
images/fact-check-still-movie-shoot-viral-picture-indo-china-face-off-arunachal-lac-1863277-2021-10-10.png,train
images/fact-check-supreme-court-justice-sotomayor-was-not-photographed-with-democrats-at-dinner.png,train
images/fact-check-swara-bhaskar-s-placard-seeking-justice-for-kamlesh-tiwari-is-photoshopped-1612609-2019-10-24.png,train
images/fact-check-that-was-no-ufo-on-us-navy-ship-it-was-photoshop.png,train
images/fact-check-the-alphons-picture-attracting-trolls-is-no-selfie-with-pulwama-martyr-1462063-2019-02-21.png,train
images/fact-check-the-complete-truth-behind-the-photo-that-embarrassed-up-police-1267574-2018-06-22.png,train
images/fact-check-the-container-ship-pictured-on-fire-is-not-evergreens-ever-given-its-the-xpress-pearl.png,train
images/fact-check-the-corner-wall-is-not-coming-apart-on-the-oval-office-film-set-photo-shows-door-in-the-round-room.png,train
images/fact-check-the-fake-image-of-the-luxurious-hotel-in-nakuru-city-got-viral.png,train
images/fact-check-the-first-person-to-get-the-pfizer-vaccine-in-britain-was-not-pictured-getting-it-in-october.png,train
images/fact-check-the-handcuffed-man-in-this-photo-is-not-bhagat-singh-1375291-2018-10-25.png,train
images/fact-check-the-image-of-loot-procured-by-the-taliban-in-panjshir-is-old-2.png,train
images/fact-check-the-little-girl-in-the-viral-photo-asking-for-prayers-does-not-have-coronavirus-the-sign-in-the-picture-is-photoshopped.png,train
images/fact-check-the-picture-of-bal-thackeray-applying-tilak-to-anand-dighe-went-viral-as-eknath-shinde.png,train
images/fact-check-the-picture-of-former-zilla-parishad-president-ramashankar-has-gone-viral-with-a-wrong-claim.png,train
images/fact-check-the-picture-of-fountain-getting-viral-on-social-media-is-not-of-gyanvapi-masjid.png,train
images/fact-check-the-picture-of-police-action-on-asaram-supporters-is-not-of-up-but-of-gujarat-2.png,train
images/fact-check-the-truth-about-rajnath-singh-s-picture-at-madrasa-1522237-2019-05-10.png,train
images/fact-check-the-truth-behind-the-viral-picture-of-a-wounded-policeman.png,train
images/fact-check-the-viral-image-of-the-damaged-dome-of-a-masjid-is-falsely-claimed-to-be-of-delhi.png,train
images/fact-check-the-woman-in-this-viral-picture-is-not-iaf-pilot-abhinandan-s-wife-1471043-2019-03-05.png,train
images/fact-check-these-images-of-us-soldiers-coffins-don-t-show-iran-s-revenge-1635819-2020-01-10.png,train
images/fact-check-these-photos-are-not-associated-with-chemtrails.png,train
images/fact-check-these-photos-do-not-show-seniors-beaten-by-blm.png,train
images/fact-check-these-pictures-of-farmers-protest-in-berlin-are-over-a-year-old-1769412-2021-02-15.png,train
images/fact-check-these-tea-garden-images-shared-by-congress-are-not-from-assam-1775764-2021-03-04.png,train
images/fact-check-these-viral-photos-are-of-rohingya-not-the-aftermath-of-tripura-clashes-1871180-2021-10-29.png,train
images/fact-check-this-cute-picture-of-bears-chomping-on-apples-is-not-from-kashmir-1727457-2020-10-01.png,train
images/fact-check-this-facebook-post-does-not-include-pictures-of-the-keystone-pipeline-and-a-lithium-mine.png,train
images/fact-check-this-image-does-not-show-mbabane-in-eswatini-its-khartoum-in-sudan.png,train
images/fact-check-this-image-of-ambedkar-on-a-bus-in-the-united-states-is-morphed-1723883-2020-09-21.png,train
images/fact-check-this-image-of-men-in-police-gear-and-civil-clothes-is-not-linked-to-farmers-stir-1764978-2021-02-02.png,train
images/fact-check-this-is-not-a-2020-national-geographic-photo-of-the-star-of-bethlehem.png,train
images/fact-check-this-is-not-a-nasa-photo-of-a-solar-eclipse.png,train
images/fact-check-this-is-not-a-photo-of-abandoned-2020-mail-in-ballots.png,train
images/fact-check-this-is-not-a-photo-of-aracely-henriquez-a-woman-robbed-by-george-floyd-in-2007.png,train
images/fact-check-this-is-not-a-photo-of-senator-kelly-loefflers-atlanta-home.png,train
images/fact-check-this-is-not-a-picture-showing-the-kampala-bus-park-in-sherikhat-juba.png,train
images/fact-check-this-is-not-an-accurate-picture-of-donald-trump-on-a-golf-course-it-has-been-widened.png,train
images/fact-check-this-is-not-an-authentic-photo-of-barack-obama-kissing-david-cameron.png,train
images/fact-check-this-is-not-an-authentic-photo-of-joe-biden-with-a-walking-boot-on-his-left-foot.png,train
images/fact-check-this-is-not-bhagat-singh-getting-flogged-in-viral-image-1711471-2020-08-15.png,train
images/fact-check-this-is-not-national-geographics-photo-of-the-year.png,train
images/fact-check-this-is-not-photo-from-2022-russian-invasion-its-from-2016.png,train
images/fact-check-this-is-not-the-childhood-family-photo-of-covid-19-vaccine-inventor-1748508-2020-12-10.png,train
images/fact-check-this-is-not-the-picture-of-bhagat-singhs-funeral-know-the-story-of-his-cremation-1783175-2021-03-24.png,train
images/fact-check-this-mid-air-photoshoot-of-fighter-aircraft-is-not-from-india-s-republic-day-celebrations-1906148-2022-01-29.png,train
images/fact-check-this-morphed-image-of-mount-fuji-clouds-the-truth-1880072-2021-11-23.png,train
images/fact-check-this-photo-does-not-show-donald-trump-followers-worshipping-a-golden-statue-of-him.png,train
images/fact-check-this-photo-does-not-show-real-billboards-of-hunter-and-joe-biden.png,train
images/fact-check-this-photo-does-not-show-that-ballots-in-maricopa-county-arizona-have-watermarks.png,train
images/fact-check-this-photo-of-a-madrasa-teacher-showing-islam-as-superior-to-hinduism-is-fake-1269008-2018-06-25.png,train
images/fact-check-this-photo-was-not-taken-in-a-public-hospital-in-south-sudan.png,train
images/fact-check-this-picture-of-a-crying-girl-does-not-show-the-consequences-of-russias-invasion-of-ukraine.png,train
images/fact-check-this-picture-of-couple-kissing-was-not-taken-during-george-floyd-protests-1686027-2020-06-05.png,train
images/fact-check-this-picture-of-kejriwal-without-mask-is-not-related-to-the-pandemic-1787446-2021-04-05.png,train
images/fact-check-this-picture-of-trump-kissing-convicted-sex-offender-epstein-is-doctored-1703807-2020-07-24.png,train
images/fact-check-this-picture-showing-the-plight-of-patients-is-not-from-kashmir-1710174-2020-08-11.png,train
images/fact-check-this-soldier-in-the-photo-is-not-the-son-of-israel-s-prime-minister-1617184-2019-11-08.png,train
images/fact-check-this-viral-image-is-not-of-asteroid-that-passed-earth-december-1892292-2021-12-25.png,train
images/fact-check-this-viral-image-of-pm-modi-riding-bicycle-along-with-pamela-goswami-is-morphed-1775605-2021-03-04.png,train
images/fact-check-this-viral-photo-is-not-of-an-injured-army-soldier-but-a-russian-1458409-2019-02-17.png,train
images/fact-check-this-viral-picture-of-a-clash-is-from-a-delhi-college-not-kashmir-1864076-2021-10-12.png,train
images/fact-check-this-viral-picture-of-police-brutality-on-farmers-shows-only-half-truth-1354448-2018-10-03.png,train
images/fact-check-three-year-old-photo-goes-viral-linking-it-to-present-migrant-crisis-1686292-2020-06-06.png,train
images/fact-check-touching-image-of-kangaroo-hugging-woman-has-no-relation-to-australian-bush-fires-1634179-2020-01-05.png,train
images/fact-check-truth-about-this-viral-photo-targeting-rahul-gandhi-1501302-2019-04-13.png,train
images/fact-check-truth-behind-images-of-animals-engulfed-in-amazon-rainforest-fire-1592270-2019-08-27.png,train
images/fact-check-truth-behind-photo-claiming-jignesh-mevani-was-beaten-up-in-begusarai-1491739-2019-04-02.png,train
images/fact-check-truth-behind-the-viral-picture-of-unemployment-rates-2020-2021-in-the-governance-of-modi.png,train
images/fact-check-truth-behind-viral-images-of-shri-ram-bricks-used-for-drain-construction-1426592-2019-01-08.png,train
images/fact-check-truth-behind-viral-photo-of-bjp-mla-carrying-rs-20-000-crore-cash-in-his-car-1502341-2019-04-15.png,train
images/fact-check-unrelated-image-shared-as-police-action-against-protesting-farmers-1764295-2021-01-30.png,train
images/fact-check-unrelated-images-passed-off-as-visuals-from-the-horrific-assam-floods-1702620-2020-07-20.png,train
images/fact-check-unrelated-images-videos-passed-off-as-psg-fans-waiting-to-greet-lionel-messi-1839653-2021-08-11.png,train
images/fact-check-unrelated-photos-do-not-illustrate-true-story.png,train
images/fact-check-unrelated-photos-viral-linking-to-recent-school-blast-peshawar-1740214-2020-11-12.png,train
images/fact-check-us-general-eric-olson-did-not-surrender-in-azovstal-ukraine-image-is-from-april-2022.png,train
images/fact-check-users-celebrate-hindu-architecture-but-where-are-the-images-from.png,train
images/fact-check-video-netizens-link-old-images-of-parked-aircraft-to-g7-summit-in-flight-of-fantasy-1818962-2021-06-24.png,train
images/fact-check-viral-image-bridge-sea-not-from-mumbai-1611928-2019-10-22.png,train
images/fact-check-viral-image-does-not-show-two-bullets-that-collided-during-the-battle-of-gallipoli.png,train
images/fact-check-viral-image-man-calf-shoulder-assam-1571960-2019-07-21.png,train
images/fact-check-viral-image-of-cnn-report-on-taliban-ban-on-sanitary-napkins.png,train
images/fact-check-viral-image-of-manoj-tiwari-bursting-firecrackers-is-5-years-old-1615696-2019-11-04.png,train
images/fact-check-viral-image-of-pm-narendra-modi-wearing-keffiyeh-is-photoshopped-1614183-2019-10-30.png,train
images/fact-check-viral-image-of-sir-syed-ahmad-khan-on-burj-khalifa-is-photoshopped-1611124-2019-10-19.png,train
images/fact-check-viral-images-of-kashmiris-smiling-at-security-forces-are-years-old-1579852-2019-08-12.png,train
images/fact-check-viral-photo-of-cyclist-on-temple-wall-is-not-from-india-1620975-2019-11-20.png,train
images/fact-check-viral-photo-poster-tipu-sultan-tiger-mysore-chhatrapati-shivaji-maratha-king-1879713-2021-11-22.png,train
images/fact-check-viral-photos-huge-bjp-crowd-azamgarh-1518445-2019-05-06.png,train
images/fact-check-viral-picture-showing-books-on-pm-modi-and-hitler-is-photoshopped-1605360-2019-10-02.png,train
images/fact-check-viral-picture-with-claims-of-muslims-returning-to-sanatan-dharma-turns-out-to-be-false.png,train
images/fact-check-waitress-is-not-holding-dr-oz-sign-to-read-no-this-photo-has-been-edited.png,train
images/fact-check-who-is-the-woman-with-kanhaiya-kumar-in-the-viral-picture-read-to-know.png,train
images/fact-check-why-giriraj-singh-is-wrong-about-rahul-gandhi-s-photo-1334939-2018-09-07.png,train
images/fact-check-women-day-picture-maharashtra-goes-viral-misleading-claim-1653748-2020-03-08.png,train
images/fact-check-world-leaders-were-not-photographed-meeting-with-aliens.png,train
images/factcheck-bangladesh-site-uses-old-image-pak-army-1580760-2019-08-14.png,train
images/factcheck-belgische-afdeling-ak-partij-verspreidt-gemanipuleerde-foto-van-erdogan.png,train
images/factcheck-cette-image-dun-tuyau-rouille-ne-vient-pas-de-la-rdc.png,train
images/factcheck-deze-foto-heeft-niets-te-maken-met-coronavaccins.png,train
images/factcheck-deze-foto-van-een-boerenprotest-toont-een-filmscene.png,train
images/factcheck-fans-pvv-plaatsen-bewerkte-foto-van-antizwartepietactivist-online.png,train
images/factcheck-foto-van-vreemdelingen-bij-barbecue-komt-van-anonieme-twitter-account.png,train
images/factcheck-ja-bild-toonde-beelden-uit-china-bij-berichtgeving-over-oekraine.png,train
images/factcheck-ja-deze-beelden-zijn-echt-maar-ze-tonen-een-sanatorium.png,train
images/factcheck-ja-deze-foto-is-bewerkt.png,train
images/factcheck-ja-deze-foto-toont-peren-die-gekweekt-zijn-in-argentinie-en-verpakt-in-thailand.png,train
images/factcheck-ja-deze-foto-toont-recent-oorlogsgeweld-in-charkov.png,train
images/factcheck-ja-deze-foto-toont-wel-degelijk-vluchtelingen-in-oekraine.png,train
images/factcheck-ja-deze-foto-van-geisoleerde-kinderen-is-authentiek.png,train
images/factcheck-ja-deze-foto-werd-in-het-internationaal-ruimtestation-genomen.png,train
images/factcheck-ja-lokale-krant-plaatste-foto-met-kerstboom-bij-artikel-over-drukte-op-1-mei.png,train
images/factcheck-ja-vtm-nieuws-gebruikte-italiaans-archiefbeeld-in-reportage-over-antwerps-ziekenhuis.png,train
images/factcheck-nee-beelden-tonen-niet-dat-bart-somers-coronavaccin-kreeg-toegediend.png,train
images/factcheck-nee-deze-beelden-van-valse-lijkzakken-werden-niet-in-oekraine-gemaakt.png,train
images/factcheck-nee-deze-dronebeelden-tonen-geen-canadees-truckersprotest.png,train
images/factcheck-nee-deze-foto-bewijst-niet-dat-er-in-2021-plots-meer-piloten-stierven.png,train
images/factcheck-nee-deze-foto-toont-geen-50-000-truckers-die-zich-kanten-tegen-vaccinatie.png,train
images/factcheck-nee-deze-foto-toont-geen-ernstig-onderzoek-naar-genetisch-gemanipuleerde-mais.png,train
images/factcheck-nee-deze-foto-toont-geen-etalagepoppen-in-een-ziekenhuis.png,train
images/factcheck-nee-deze-foto-toont-geen-frans-protest-tegen-invoering-coronapas.png,train
images/factcheck-nee-deze-foto-toont-geen-massaal-protest-tegen-coronamaatregelen-in-canada.png,train
images/factcheck-nee-deze-foto-toont-geen-oekraiense-tank-in-irak.png,train
images/factcheck-nee-deze-foto-toont-geen-paramilitair-trainingskamp.png,train
images/factcheck-nee-deze-foto-toont-geen-razend-drukke-winkelstraat.png,train
images/factcheck-nee-deze-foto-toont-geen-reacties-op-de-mep-van-will-smith.png,train
images/factcheck-nee-deze-foto-toont-geen-tractortransport-richting-nederlandse-landbouwprotesten%EF%BF%BC.png,train
images/factcheck-nee-deze-foto-van-een-blikje-coca-cola-is-niet-echt.png,train
images/factcheck-nee-deze-foto-van-een-festivalweide-vol-afval-werd-niet-genomen-na-een-speech-van-milieuactiviste-greta-thunberg.png,train
images/factcheck-nee-deze-foto-werd-niet-genomen-op-een-madrileens-anti-navo-protest.png,train
images/factcheck-nee-deze-fotocollage-bewijst-niet-dat-de-russische-president-vladimir-poetin-een-figurant-inhuurde-tijdens-een-ziekenhuisbezoek.png,train
images/factcheck-nee-deze-fotos-bewijzen-niet-dat-chemtrails-bestaan.png,train
images/factcheck-nee-deze-fotos-bewijzen-niet-dat-chemtrails-echt-bestaan￼.png,train
images/factcheck-nee-deze-fotos-bewijzen-niet-dat-er-chemicalien-worden-gesproeid.png,train
images/factcheck-nee-deze-fotos-bewijzen-niet-dat-politici-geen-mondmaskers-dragen.png,train
images/factcheck-nee-deze-fotos-tonen-geen-nieuwe-barbie-set.png,train
images/factcheck-nee-deze-geensceneerde-stockfotos-werden-niet-gebruikt-door-journalisten.png,train
images/factcheck-nee-dit-is-geen-echte-foto-van-societyfiguur-ghislaine-maxwell-met-de-rechter-die-de-huiszoeking-bij-trump-goedkeurde.png,train
images/factcheck-nee-dit-is-geen-foto-van-een-londense-anti-lockdownmars.png,train
images/factcheck-nee-dit-zijn-geen-fotos-van-recente-rellen-in-den-haag.png,train
images/factcheck-nee-foto-bewijst-niet-dat-israel-anno-2021-witte-fosfor-gebruikt-als-chemisch-wapen.png,train
images/factcheck-nee-fotos-van-poppen-in-ziekenhuisbedden-maken-van-coronacrisis-geen-muppetshow.png,train
images/factcheck-oekraiens-leger-haalt-russisch-vliegtuig-neer-maar-gebruikt-oude-foto-ter-illustratie.png,train
images/factcheck-picture-of-three-ips-officers-got-viral-as-siblings.png,train
images/factcheck-tegenstanders-coronabeleid-misbruiken-beelden-van-italiaanse-leraar-die-zichzelf-in-brand-steekt.png,train
images/factcheck-voici-la-vraie-histoire-de-cette-photo-du-pape-benissant-une-petite.png,train
images/factcheck-what-is-the-truth-behind-amit-shah-and-ias-pooja-singhal-viral-picture-2.png,train
images/factcheck-zwitserse-affiche-die-oproept-tot-verklikken-van-medeburgers-is-niet-echt-maar-gefotoshopt.png,train
images/fake-berichterstattung-ueber-gefluechtete-die-behauptungen-zu-diesen-bildern-sind-unbelegt-oder-falsch.png,train
images/fake-interview-and-photos-if-grigol-vashadze-worked-porn-industry-new-york.png,train
images/fake-news-image-depicts-turkish-citizen-who-jumped-from-hotel-window-2.png,train
images/fake-news-meme-does-not-show-real-photo-of-hispanics-thanking-trump-for-fantastic-economy.png,train
images/fake-news-photo-did-not-show-pete-buttigieg-posing-in-leather-bodysuit.png,train
images/fake-picture-shared-with-the-claim-that-they-are-ukrainian-firefighters.png,train
images/fake-this-image-of-a-reversible-durex-condom-pack-is-doctored-8e5aa3b6c7af.png,train
images/fake-this-image-of-an-odm-party-nomination-certificate-issued-to-oku-kaunya-is-fabricated-2f4e2d94c757.png,train
images/fake-this-time-magazine-cover-with-raila-odingas-image-is-fabricated-144f41d66650.png,train
images/falsche-fotos-von-explosion-im-chempark-leverkusen-im-umlauf.png,train
images/falscher-kontext-foto-von-verletzter-frau-hat-keinen-bezug-zu-george-floyd.png,train
images/falsches-bild-aus-der-dortmunder-nordstadt.png,train
images/falschnachrichten-ueber-migranten-der-aquarius-warum-dieses-foto-aus-dem-kontext-gerissen-ist-3.png,train
images/false-child-in-this-photo-is-not-an-amhara-ethnic-massacre-survivor-a0dc47d475a3.png,train
images/false-picture-imo-state-government-did-not-donate-oversized-shoes-to-pupils.png,train
images/false-the-image-does-not-show-a-car-accident-that-happened-in-january-2021-bfcd2b8c5614.png,train
images/false-the-images-do-not-show-the-sudanese-defence-forces-invading-the-land-of-metema-32f117581a07.png,train
images/false-the-man-in-the-photo-is-not-kenyan-and-has-not-become-a-billionaire-after-the-death-of-his-2cdd9e1a9ed9.png,train
images/false-the-soldiers-in-this-image-on-the-egypt-today-website-are-not-from-tigray-b5e6685eb8d3.png,train
images/false-the-weapons-in-this-photo-were-not-seized-at-debre-sina-in-december-2021-4afac9d5fc57.png,train
images/false-the-women-in-this-image-are-not-co-wives-of-tanzanias-president-samia-suluhu-hassan-f34515054b00.png,train
images/false-these-arent-images-of-weapons-captured-in-seqota-front-in-september-2022-4763fc20f92c.png,train
images/false-these-images-are-not-from-a-scene-of-a-car-accident-in-august-2022-5d07f1177981.png,train
images/false-these-images-are-not-of-a-helicopter-crash-in-mityana-uganda-d7ddfc7e30e1.png,train
images/false-these-images-do-not-illustrate-the-ethiopian-air-force-destroying-tplfs-trucks-en-route-8967b00fb66d.png,train
images/false-these-images-do-not-show-a-drone-attack-in-shire-in-march-2022-b7e530e63ca1.png,train
images/false-these-images-do-not-show-a-plane-carrying-weapons-downed-by-the-ethiopian-air-force-in-c72f1b97dcd7.png,train
images/false-these-images-do-not-show-a-shooting-incident-in-mutungo-kampala-in-may-2021-c52c2fa11c79.png,train
images/false-these-images-do-not-show-chinese-military-drills-around-taiwan-in-2022-1a063962559c.png,train
images/false-these-images-do-not-show-destruction-of-140-educational-institutions-by-tplf-3df2c027d21.png,train
images/false-these-images-do-not-show-drought-in-ethiopias-somali-region-in-2022-5c3c645b905f.png,train
images/false-these-images-do-not-show-eritrea-djibouti-and-somalia-deploying-soldiers-to-ethiopia-ff2b0d57b1e7.png,train
images/false-these-images-do-not-show-eritrean-soldiers-in-north-and-west-tigray-on-12-january-2022-7f1c0f3d7e61.png,train
images/false-these-images-do-not-show-kyiv-city-destroyed-by-russia-and-putin-commanding-the-war-from-the-43e1dfb5e488.png,train
images/false-these-images-do-not-show-nato-tanks-in-ukraine-17d3058424d.png,train
images/false-these-images-do-not-show-roadblocks-in-kobo-town-in-amhara-664987bb560.png,train
images/false-these-images-do-not-show-russia-ukraine-war-in-2022-d8d796a13320.png,train
images/false-these-images-do-not-show-russian-forces-entering-the-capital-city-of-ukraine-31fd3fe3bf03.png,train
images/false-these-images-do-not-show-russian-soldiers-marching-to-kyiv-aefdefd83217.png,train
images/false-these-images-do-not-show-starving-farmers-in-the-east-bale-and-guji-zone-f2731dcb06ec.png,train
images/false-these-images-do-not-show-the-dispute-between-china-and-taiwan-in-2022-5eec04234b75.png,train
images/false-these-images-do-not-show-the-eritrean-army-seizing-rama-city-3316f3f8f925.png,train
images/false-these-images-do-not-show-the-ethiopian-and-israeli-air-forces-agreeing-to-work-together-30677c3fcb62.png,train
images/false-these-images-do-not-show-the-russian-air-force-entering-ukraine-in-2022-b22e8c205444.png,train
images/false-these-images-do-not-show-tigrayan-refugees-conscripted-in-recent-fighting-on-sudanese-border-fb8acf86988c.png,train
images/false-these-images-do-not-show-us-forces-deployed-to-ukraine-to-engage-with-russia-24a5fd3c430.png,train
images/false-these-images-do-not-show-victims-of-the-conflict-between-russia-and-ukraine-5ee7f138bd7e.png,train
images/false-these-images-dont-show-a-plane-in-emergency-landing-at-uhuru-park-nairobi-4d220d4a3b7.png,train
images/false-these-images-dont-show-a-us-aircraft-carrier-deployed-in-the-korean-peninsula-d2253f91c3fd.png,train
images/false-these-images-dont-show-a-us-aircraft-carrier-transporting-missiles-and-war-planes-to-taiwan-c300fd59b952.png,train
images/false-these-images-dont-show-ethiopian-air-force-attacking-an-al-shabaab-training-camp-3ec6d2bc29e.png,train
images/false-these-images-dont-show-ethiopian-air-force-attacking-tplf-at-agula-camp-538658ff7c94.png,train
images/false-these-images-dont-show-ethiopian-air-force-stabilising-tekeze-region-9426d0941a28.png,train
images/false-these-images-dont-show-u-s-dacb7e338f7a.png,train
images/false-these-images-of-explosions-are-unrelated-to-russia-92407a9faebc.png,train
images/false-these-images-of-protests-are-not-from-the-area-outside-the-us-embassy-in-nairobi-f26fad194d5a.png,train
images/false-these-images-pushing-a-case-of-electoral-malpractice-in-kiambaa-and-muguga-are-inaccurate-69334af79e8d.png,train
images/false-these-images-showing-weapons-were-not-seized-from-tplf-at-raya-bd0beef9aa0e.png,train
images/false-these-photos-do-not-show-a-man-in-swimming-trunks-being-denied-entry-into-kenya-e1fba4275396.png,train
images/false-these-photos-do-not-show-william-ruto-campaigning-for-president-museveni-in-2021-5edd10e2c6e3.png,train
images/false-these-photos-of-locusts-are-from-kenya-and-somalia-not-tanzania-as-claimed-33e4a648bd8a.png,train
images/false-these-photos-that-claim-to-show-youth-disrupting-raila-odingas-rally-in-embakasi-nairobi-709af6b061f9.png,train
images/false-this-before-and-after-photo-is-from-syria-not-libya-30b9fde60531.png,train
images/false-this-cover-image-doesnt-show-the-conflict-between-the-ethiopian-defence-forces-and-fano-2970eccedff1.png,train
images/false-this-image-claim-of-an-air-force-attack-on-a-tigray-training-centre-is-untrue-b4e60602969b.png,train
images/false-this-image-does-not-capture-a-huge-kenya-kwanza-rally-in-meru-67e9e2615990.png,train
images/false-this-image-does-not-depict-people-cheering-prime-minister-abiy-ahmed-leading-troops-to-the-1e9d6d37488b.png,train
images/false-this-image-does-not-show-a-chief-in-muranga-who-was-beaten-for-allegedly-buying-616fdf22d0b0.png,train
images/false-this-image-does-not-show-a-drone-attack-at-adigrat-b542466b17d4.png,train
images/false-this-image-does-not-show-a-drone-attack-between-ethiopias-alamata-and-kobo-towns-4e644ce19897.png,train
images/false-this-image-does-not-show-a-drone-attack-in-wollega-oromia-region-5ee7e9b128ea.png,train
images/false-this-image-does-not-show-a-drone-attack-on-a-tplf-logistics-store-30be122e22ad.png,train
images/false-this-image-does-not-show-a-drone-attack-on-tigray-forces-at-gashena-8d311ab4089a.png,train
images/false-this-image-does-not-show-a-fire-accident-in-gumayde-snnpr-of-ethiopia-89299e6ef07.png,train
images/false-this-image-does-not-show-a-fire-incident-in-jijiga-somali-region-of-ethiopia-da036d734d58.png,train
images/false-this-image-does-not-show-a-flood-that-claimed-the-lives-of-60-people-in-south-africa-in-307428186226.png,train
images/false-this-image-does-not-show-a-mammoth-azimio-political-rally-in-nyeri-b5f10b5f1ee5.png,train
images/false-this-image-does-not-show-a-military-exercise-by-china-in-2022-a227acbe172.png,train
images/false-this-image-does-not-show-a-protest-in-sudan-in-march-2022-c925c376ba5d.png,train
images/false-this-image-does-not-show-a-russian-missile-attack-on-ukraines-largest-fuel-depot-acbc2848072f.png,train
images/false-this-image-does-not-show-a-russian-missile-fired-towards-ukraine-c1399f068c6d.png,train
images/false-this-image-does-not-show-a-security-blockade-outside-dp-rutos-home-8984489d12b8.png,train
images/false-this-image-does-not-show-a-snake-that-swallowed-a-gun-in-kitui-county-kenya-e1a9a4f49ed1.png,train
images/false-this-image-does-not-show-a-ukrainian-girl-confronting-a-russian-soldier-dd87e3df86d1.png,train
images/false-this-image-does-not-show-a-victim-of-an-airstrike-in-tigray-in-january-2022-cb584a218488.png,train
images/false-this-image-does-not-show-a-woman-who-killed-two-children-536e29087c2.png,train
images/false-this-image-does-not-show-amhara-property-looted-by-tigray-forces-408b11f2eb7f.png,train
images/false-this-image-does-not-show-an-airstrike-attack-on-tigray-forces-e3cf437e3fe5.png,train
images/false-this-image-does-not-show-an-airstrike-on-tplf-convoys-at-ataye-town-46810fefe432.png,train
images/false-this-image-does-not-show-an-attack-on-tplf-forces-by-the-ethiopian-air-force-in-august-2022-50fdb12593a4.png,train
images/false-this-image-does-not-show-an-electric-car-cemetery-in-france-528ea49ff9b2.png,train
images/false-this-image-does-not-show-an-ethiopian-air-force-aircraft-attacking-targeting-tplf-leaders-f943464673d2.png,train
images/false-this-image-does-not-show-an-explosion-that-occurred-in-uganda-b4cd62856358.png,train
images/false-this-image-does-not-show-animals-killed-by-tigray-forces-in-dabat-north-gondar-d2c1969e50ad.png,train
images/false-this-image-does-not-show-armed-fano-group-in-control-of-wollega-zone-oromia-6337ece3a7bf.png,train
images/false-this-image-does-not-show-bags-belonging-to-africans-who-died-in-the-mediterranean-sea-1a2aded8e3a3.png,train
images/false-this-image-does-not-show-cattle-dying-in-guji-ethiopia-919014a98f62.png,train
images/false-this-image-does-not-show-drought-victims-in-guji-oromia-d6f765046695.png,train
images/false-this-image-does-not-show-egyptian-soldiers-conducting-military-exercises-to-launch-an-attack-cb1c3503d41a.png,train
images/false-this-image-does-not-show-eritrean-soldiers-who-destroyed-tigray-forces-around-sheraro-in-3e98db8d5819.png,train
images/false-this-image-does-not-show-fano-marching-towards-wollega-ethiopia-c1dc215cb9b9.png,train
images/false-this-image-does-not-show-fighting-at-zobel-mountain-in-amhara-region-of-ethiopia-f911bb6b989d.png,train
images/false-this-image-does-not-show-kilifi-gubernatorial-candidate-aisha-jumwa-pleading-to-speak-at-a-fa42dfa8a8c0.png,train
images/false-this-image-does-not-show-nato-and-pentagon-fighter-jets-e4a29cc8612c.png,train
images/false-this-image-does-not-show-nato-soldiers-on-the-ukrainian-border-c64f30d62132.png,train
images/false-this-image-does-not-show-north-korea-troops-deployed-on-the-russian-border-e657f239761a.png,train
images/false-this-image-does-not-show-people-affected-by-drought-in-east-bale-guji-and-borena-46773f75266e.png,train
images/false-this-image-does-not-show-pm-abiy-ahmed-and-undps-eleni-gabre-madhin-meeting-in-brussels-d87d70de184.png,train
images/false-this-image-does-not-show-police-trucks-in-kisumu-a-day-after-william-ruto-was-declared-abfbf9ee96af.png,train
images/false-this-image-does-not-show-president-elect-william-rutos-motorcade-76ce044e85fa.png,train
images/false-this-image-does-not-show-presidential-escort-motorbikes-at-rigathi-gachaguas-home-in-f3ddf35a4fdd.png,train
images/false-this-image-does-not-show-raila-odinga-being-taken-to-hospital-after-leaving-kasarani-stadium-e452eaf73928.png,train
images/false-this-image-does-not-show-recipients-of-pfizers-covid-19-vaccine-that-developed-bell-s-palsy-9b91d60ddcb4.png,train
images/false-this-image-does-not-show-russias-attack-on-ukraine-in-2022-e6b93b1d365.png,train
images/false-this-image-does-not-show-sudanese-militants-who-invaded-southwestern-ethiopia-d8d5c1ffb77c.png,train
images/false-this-image-does-not-show-sudanese-military-helicopter-collecting-soldiers-killed-by-fano-8b297ae58b65.png,train
images/false-this-image-does-not-show-tanks-abandoned-by-soldiers-who-attempted-an-attack-on-olf-troops-a99a3d9b1a75.png,train
images/false-this-image-does-not-show-the-chinese-army-on-high-alert-during-nancy-pelosis-visit-to-11585ebfda0f.png,train
images/false-this-image-does-not-show-the-ethiopian-air-force-attacking-a-g-3-shopping-mall-in-bati-efb1be0f296e.png,train
images/false-this-image-does-not-show-the-ethiopian-air-force-attacking-tplf-fca88fe3f38e.png,train
images/false-this-image-does-not-show-the-famine-situation-in-oromia-ethiopia-e0feda4ad55e.png,train
images/false-this-image-does-not-show-the-flooded-streets-of-juba-682f74d68407.png,train
images/false-this-image-does-not-show-the-international-criminal-court-prosecutor-karim-khan-in-kenya-8fcf0f6a0ec0.png,train
images/false-this-image-does-not-show-the-late-prince-philip-pranking-queen-elizabeth-101d81bbf44c.png,train
images/false-this-image-does-not-show-the-mv-uhuru-ii-ship-broken-into-two-a9bf571bba00.png,train
images/false-this-image-does-not-show-the-war-between-russia-and-ukraine-in-2022-2004787cd1db.png,train
images/false-this-image-does-not-show-tigray-forces-killed-by-the-eritrean-army-81d5e6ddac26.png,train
images/false-this-image-does-not-show-tplf-militants-who-surrendered-to-fano-in-kobo-in-august-2022-c0aec1e5414d.png,train
images/false-this-image-does-not-show-tplf-troops-en-route-to-eritrean-border-fb97b7620009.png,train
images/false-this-image-does-not-show-uber-drivers-association-35f17fbcc2d8.png,train
images/false-this-image-does-not-show-ukraine-downing-russian-warplanes-2da489e5e48e.png,train
images/false-this-image-does-not-show-ukrainian-prisoners-released-to-fight-against-russia-bcd0e1b75ead.png,train
images/false-this-image-does-not-show-violence-during-the-by-election-in-msambweni-f5896a054d30.png,train
images/false-this-image-does-not-show-voters-in-akaki-kality-and-gelan-areas-of-addis-ababa-city-7cf65d1a34c5.png,train
images/false-this-image-does-not-show-weapons-seized-during-a-home-inspection-in-dessie-ethiopia-63cb545b518.png,train
images/false-this-image-does-show-ex-vp-musyoka-and-dp-ruto-at-an-iftar-dinner-in-april-2022-5de0f8d80e1c.png,train
images/false-this-image-doesnt-show-a-collapsed-section-of-the-nairobi-expressway-507815741d42.png,train
images/false-this-image-doesnt-show-a-drone-destroying-tplf-forces-21e148439fc6.png,train
images/false-this-image-doesnt-show-a-fighter-jet-that-attacked-tplf-forces-at-lalibela-2cad9cba5195.png,train
images/false-this-image-doesnt-show-a-nigerian-who-joined-kenya-s-president-elect-william-ruto-s-legal-c145b1cc4798.png,train
images/false-this-image-doesnt-show-afar-special-forces-backing-al-shabaab-in-somali-region-of-ethiopia-215b04993ed1.png,train
images/false-this-image-doesnt-show-an-eagle-snatching-a-drone-covering-a-political-rally-in-kenya-392e360408e2.png,train
images/false-this-image-doesnt-show-an-ethiopian-government-messenger-arrested-in-west-wollega-f9782ef760c8.png,train
images/false-this-image-doesnt-show-bodies-of-people-killed-in-wollega-in-june-2022-6d7ebdc0a7b0.png,train
images/false-this-image-doesnt-show-chinese-fighter-jets-intruding-into-taiwan-s-airspace-dd63f150f2cf.png,train
images/false-this-image-doesnt-show-effects-of-the-famine-in-ethiopia-in-2022-fdc02e77183e.png,train
images/false-this-image-doesnt-show-ethiopian-commandos-controlling-kobo-city-in-august-2022-468aef407c82.png,train
images/false-this-image-doesnt-show-ethiopian-soldiers-headed-to-western-addis-ababa-7b4325cdf94e.png,train
images/false-this-image-doesnt-show-fano-armed-group-attacking-the-wollo-oromo-people-in-july-2022-cb12b5fe8c6a.png,train
images/false-this-image-doesnt-show-huge-voter-turnout-in-nyeri-during-the-9-august-2022-general-8acf12479df7.png,train
images/false-this-image-doesnt-show-military-equipment-deployed-by-russia-along-the-finnish-border-be7e6bbc6376.png,train
images/false-this-image-doesnt-show-money-smuggled-in-a-red-cross-vehicle-in-semera-ethiopia-cd86c10fbea7.png,train
images/false-this-image-doesnt-show-people-killed-in-wollega-in-september-2022-5842868b0568.png,train
images/false-this-image-doesnt-show-rigathi-gachagua-waving-at-raila-odinga-s-convoy-6898258e8129.png,train
images/false-this-image-doesnt-show-the-chinese-army-preparing-military-retaliation-following-nancy-69c43911b291.png,train
images/false-this-image-doesnt-show-the-ethiopia-air-force-destroying-tplf-forces-at-gashena-and-delanta-3dae6d41e6f1.png,train
images/false-this-image-doesnt-show-the-ethiopian-defence-force-surrounding-towns-of-the-tigray-region-85fc46dbadb6.png,train
images/false-this-image-doesnt-show-tplf-forces-entering-metemma-in-the-amhara-region-in-august-2022-4fee8e597128.png,train
images/false-this-image-doesnt-show-tplf-forces-in-north-wollo-1eaef41f4792.png,train
images/false-this-image-doesnt-show-uhuru-kenyatta-s-personal-belongings-being-moved-out-of-state-house-144284d7e812.png,train
images/false-this-image-doesnt-show-victims-of-the-ethnic-amharas-massacre-in-east-wollega-6c7ce3110f3b.png,train
images/false-this-image-doesnt-show-west-mugirango-mp-vincent-kemosi-being-chased-by-mourners-88d58c500fc6.png,train
images/false-this-image-is-not-of-an-ethiopian-air-force-drone-attacking-tplf-forces-on-the-ethio-sudan-b9bbd0aa2567.png,train
images/false-this-image-is-not-of-cotu-boss-francis-atwoli-hiding-his-face-from-cameras-using-a-carrier-162696b4339.png,train
images/false-this-image-is-not-of-the-late-jacob-oulanyahs-grave-299d59787e00.png,train
images/false-this-image-is-not-of-the-war-between-tigrayan-forces-and-the-ethiopian-federal-government-276130865c85.png,train
images/false-this-image-is-not-taken-during-conflict-between-tigray-and-eritrea-forces-in-2022-67328d4fa1fe.png,train
images/false-this-image-of-a-hovering-drone-doesnt-show-ethiopia-s-defence-attack-on-tigray-4a2352d5b7ce.png,train
images/false-this-image-of-a-huge-rock-in-a-container-is-from-malawi-not-uganda-186bd41cee89.png,train
images/false-this-image-of-a-road-being-vandalized-is-from-south-africa-not-uganda-4249308a1b03.png,train
images/false-this-image-of-a-tortured-man-is-not-from-uganda-2fcdf59c1faa.png,train
images/false-this-image-of-barack-obama-doesnt-depict-him-shedding-tears-after-watching-jawar-mohammed-s-ce632ae5d37b.png,train
images/false-this-image-of-coffins-in-italy-was-taken-in-2013-not-2020-190ad6db1d81.png,train
images/false-this-image-of-kenyan-flags-flying-at-half-mast-is-from-2013-not-2021-b981baea3837.png,train
images/false-this-image-of-pope-francis-falling-during-mass-is-from-2016-not-2020-8a09640ccb3a.png,train
images/false-this-image-showing-a-bridge-swept-away-by-floodwaters-is-not-from-nyando-ba0a94a3f9c0.png,train
images/false-this-image-showing-heaps-of-tyres-burning-on-a-road-is-not-from-uganda-47dbbe7cf23c.png,train
images/false-this-image-shows-2016-election-riots-in-kampala-not-the-2021-twin-bombing-eeb4c27584c8.png,train
images/false-this-is-not-an-image-of-ethiopian-military-tanks-e7879884be4f.png,train
images/false-this-is-not-an-image-of-nato-forces-in-northern-russia-in-march-2022-c607c247d0b0.png,train
images/false-this-is-not-an-image-of-recce-squad-police-officers-at-william-rutos-official-karen-8bc3968f49d1.png,train
images/false-this-is-not-the-photo-of-a-zambian-man-who-collapsed-after-his-wifes-betrayal-c6fbd8a71097.png,train
images/false-this-isnt-a-photo-of-the-ethiopian-national-defence-force-attacking-tplf-troops-70885da7ed37.png,train
images/false-this-isnt-an-image-of-a-cargo-ship-that-sank-in-the-indian-ocean-in-september-2022-9c82cbcc352b.png,train
images/false-this-isnt-an-image-of-a-man-affected-by-starvation-in-ethiopia-in-august-2022-52f79152641f.png,train
images/false-this-isnt-an-image-of-an-ethiopian-military-vehicle-destroyed-by-al-shabaab-at-dinsor-town-d9a282a0faae.png,train
images/false-this-isnt-an-image-of-ethiopian-defence-force-3b03d29f4486.png,train
images/false-this-isnt-an-image-of-military-convoys-destroyed-in-wollega-in-june-2022-ac44ec008a65.png,train
images/false-this-isnt-image-of-an-artillery-destroyed-in-north-ethiopia-in-september-2022-3a55e14c7aa2.png,train
images/false-this-isnt-the-image-of-ethiopian-air-force-jet-bombarding-multiple-places-held-by-tigray-90d1d253112d.png,train
images/false-this-photo-does-not-show-a-man-injured-by-police-enforcing-a-curfew-in-kenya-e3a0a2431dbb.png,train
images/false-this-photo-does-not-show-china-launching-first-missile-attack-on-taiwan-6cff9f75cce.png,train
images/false-this-photo-does-not-show-kenyan-mps-gachagua-and-gikaria-exchanging-blows-f5dd7c09141c.png,train
images/false-this-photo-does-not-show-kenyas-deputy-president-and-politician-raila-odinga-in-a-midnight-4e8dde3adcf8.png,train
images/false-this-photo-does-not-show-queen-elizabeth-ii-and-prince-philip-bowing-before-the-ethiopian-9d0e7c858609.png,train
images/false-this-photo-does-not-show-soldiers-killed-in-the-tigray-conflict-1e85fe357e50.png,train
images/false-this-photo-does-not-show-the-ethiopian-military-erecting-a-bridge-over-tekeze-river-b9578383561e.png,train
images/false-this-photo-is-not-of-sudans-former-assistant-defense-minister-52bbfbe1f2fc.png,train
images/false-this-photo-of-a-man-carrying-a-child-was-not-taken-in-afghanistan-abfccf6e9305.png,train
images/false-this-photo-of-prisoners-escaping-in-broad-daylight-is-misleading-403955e040d1.png,train
images/false-this-picture-does-not-show-a-drone-attack-on-tplf-at-wollo-front-3086aebd9c47.png,train
images/false-this-picture-does-not-show-chinese-fighter-jets-in-taiwans-airspace-in-august-2022-e2e0f8a5eceb.png,train
images/false-this-picture-doesnt-show-the-ethiopian-military-attacking-tplf-facilities-in-adi-arkay-bbc7fdd9d0ff.png,train
images/false-this-picture-of-military-deployment-was-not-taken-in-nairobi-b4a36d9ebecc.png,train
images/false-this-thumbnail-image-does-not-show-an-illegal-mine-that-collapsed-in-oromia-ethiopia-e279317a254f.png,train
images/family-photograph-of-melania-barron-and-donald-trump.png,train
images/farmers-protest-sikh-namaz-photo.png,train
images/faux-ceci-nest-pas-une-photo-de-la-salle-dattente-de-laeroport-de-lodja.png,train
images/faux-ces-photos-de-la-profanation-des-paroisses-catholiques-nont-pas-ete-prises-en-rdc.png,train
images/faux-cette-image-nest-pas-de-bunagana.png,train
images/faux-cette-photo-de-zinchenko-en-pleur-na-rien-a-voir-avec-le-debut-de-la-ligue-de-champions.png,train
images/faux-cette-photo-na-pas-ete-capturee-au-cameroun.png,train
images/faux-cette-photo-ne-montre-pas-la-route-boma-moanda.png,train
images/faux-il-ny-a-pas-eu-arrivee-de-quatre-bateaux-de-peche-en-rdc-images-detournees.png,train
images/felix-tshisekedi-adherant-a-la-franc-maconnerie-mefiez-vous-de-la-legende-attribuee-a-cette-photo.png,train
images/fint-budskab-bag-opslag-om-forbraendt-hundepote-men-billedet-viser-formentlig-poten-paa.png,train
images/fireflies-streaks-of-light.png,train
images/flamingos-zoo-bathroom-in-hurricane.png,train
images/florida-woman-velociraptor-picture.png,train
images/flu-shot-space.png,train
images/foto-aus-rumaenien-erweckt-falschen-eindruck-ungeimpfte-kinder-haben-zutritt-zum-weihnachtsmarkt.png,train
images/foto-de-aglomeraciones-no-corresponde-a-la-estacion-central-de-santiago-de-chile.png,train
images/foto-de-evo-morales-pablo-escobar-y-chapo-guzman-es-falsa.png,train
images/foto-de-joe-biden-con-una-biblia-invertida-no-es-de-su-toma-de-mando-en-2021.png,train
images/foto-de-lago-na-islandia-conhecido-como-olho-do-mundo-e-autentica-nao-imagem-foi-editada.png,train
images/foto-de-pedro-castillo-con-abimael-guzman-y-elena-iparraguirre-es-falsa.png,train
images/foto-de-soldados-com-armas-de-paintball-prova-que-guerra-e-uma-farsa-nao-era-um-exercicio-militar.png,train
images/foto-eines-gelaendewagens-mit-gruenen-logo-ist-eine-faelschung.png,train
images/foto-in-falschem-kontext-was-hinter-dem-erstaunlich-leichten-leichensack-steckt.png,train
images/foto-ist-kein-beleg-fuer-angeblichen-wahlbetrug-in-sachsen-anhalt-es-zeigt-die-auszaehlung-bei-der-us-wahl-2020.png,train
images/foto-viral-no-twitter-russia-esta-a-queimar-livros-de-historia-da-ucrania.png,train
images/foto-von-einem-wahlplakat-der-gruenen-unter-nervenklinik-schild-ist-eine-faelschung.png,train
images/foto-von-journalistin-in-schutzkleidung-wird-ohne-kontext-verbreitet-um-medien-panikmache-vorzuwerfen.png,train
images/fotograf-edirnede-istiklal-marsi-okuyanlara-korna-calan-bir-kisinin-dovuldugu-ani-mi-gosteriyor.png,train
images/fotografia-antiga-do-rio-mondego-com-apenas-um-fio-de-agua-prova-que-alteracoes-climaticas-nao-existem.png,train
images/fotografia-atribuida-aos-protestos-pro-bolsonaro-de-7-de-setembro-e-atual.png,train
images/fotografia-captada-na-amadora-em-1974-e-autentica-e-da-autoria-do-fotojornalista-alfredo-cunha.png,train
images/fotografia-da-nova-ministra-ana-abrunhosa-na-festa-do-pontal-do-psd-e-verdadeira.png,train
images/fotografia-de-andre-ventura-sorridente-ao-lado-de-mario-machado-e-autentica.png,train
images/fotografia-de-base-militar-na-california-em-forma-de-cruz-suastica-nazi-e-real.png,train
images/fotografia-de-bolsonaro-ao-lado-de-sargento-preso-por-transportar-cocaina-e-verdadeira.png,train
images/fotografia-de-bonnie-e-clyde-apareceu-no-dia-da-vitoria-na-russia-sim-foi-um-erro-que-depois-tentaram-esconder.png,train
images/fotografia-de-campanha-eleitoral-do-chega-foi-retirada-de-um-banco-de-imagens.png,train
images/fotografia-de-casal-abracado-com-as-bandeiras-da-russia-e-da-ucrania-e-atual.png,train
images/fotografia-de-catarina-martins-a-rezar-numa-igreja-e-verdadeira.png,train
images/fotografia-de-cemiterio-de-carros-eletricos-na-china-e-autentica.png,train
images/fotografia-de-concerto-com-distanciamento-social-no-reino-unido-e-autentica.png,train
images/fotografia-de-crianca-ucraniana-a-chorar-junto-a-vitima-mortal-da-guerra-e-autentica.png,train
images/fotografia-de-dilma-rousseff-com-uma-espingarda-automatica-na-decada-de-1980-e-verdadeira.png,train
images/fotografia-de-estatua-de-cristo-intacta-apos-bombardeamento-a-uma-igreja-ucraniana-e-autentica.png,train
images/fotografia-de-evo-morales-a-jantar-com-os-narcotraficantes-pablo-escobar-e-el-chapo-e-autentica.png,train
images/fotografia-de-fachada-degradada-pertence-ao-hospital-curry-cabral.png,train
images/fotografia-de-golfinho-a-cumprimentar-cao-foi-captada-em-portugal.png,train
images/fotografia-de-jair-bolsonaro-hospitalizado-por-causa-da-covid-19-e-autentica-2.png,train
images/fotografia-de-jardim-coberto-de-lixo-no-dia-da-greve-climatica-e-em-portugal.png,train
images/fotografia-de-marcelo-rebelo-de-sousa-com-apoiantes-do-chega-e-autentica-sim-foi-tirada-em-londres.png,train
images/fotografia-de-melania-trump-prova-que-a-primeira-dama-tem-uma-sosia.png,train
images/fotografia-de-mulher-a-ser-multada-por-usar-biquini-em-praia-italiana-e-autentica-sim-foi-captada-nos-anos-50.png,train
images/fotografia-de-multidao-em-manifestacao-de-apoio-a-trump-em-washington-dc-e-autentica.png,train
images/fotografia-de-pessoas-amontoadas-no-metro-de-lisboa-e-autentica.png,train
images/fotografia-de-predios-degradados-mostra-o-seixal-e-nao-a-cidade-ucraniana-de-kharkiv.png,train
images/fotografia-de-roberto-carlos-com-protese-na-perna-e-autentica.png,train
images/fotografia-de-saturno-tirada-do-interior-dos-aneis-e-autentica.png,train
images/fotografia-de-una-ciudad-llena-de-luces-en-la-luna-es-falsa-se-trata-del-planeta-enano-ceres.png,train
images/fotografia-do-presidente-da-ucrania-a-segurar-camisola-com-suastica-nazi-e-real.png,train
images/fotografia-do-santuario-de-fatima-coberto-de-neve-e-atual.png,train
images/fotografia-dos-terrenos-do-atual-parque-das-nacoes-em-1996-e-autentica.png,train
images/fotografia-insultuosa-de-profissionais-de-saude-dos-huc-contra-ministra-da-saude-e-real.png,train
images/fotografia-mostra-mulheres-afegas-com-mini-saias-e-calcas-de-ganga-na-decada-de-1970.png,train
images/fotografia-mostra-obama-e-clooney-em-situacao-embaracosa.png,train
images/fotografia-mostra-ponte-na-russia-destruida-durante-esta-guerra-nao-imagem-foi-captada-em-2020.png,train
images/fotografia-no-twitter-mulher-do-comandante-do-batalhao-azov-ergue-bandeira-nazi.png,train
images/fotografia-onde-zelensky-faz-gesto-sobre-a-cabeca-de-putin-e-autentica.png,train
images/fotografia-prova-que-neymar-ja-foi-vacinado-contra-a-covid-19.png,train
images/fotografia-prova-que-pinto-da-costa-andava-pelo-mundo-atras-do-benfica.png,train
images/fotografia-que-mostra-balcao-da-seguranca-social-com-separador-de-pelicula-aderente-e-autentica.png,train
images/fotografia-que-mostra-esplanada-no-porto-cheia-de-pessoas-sem-mascaras-e-atual.png,train
images/fotografia-que-mostra-idoso-a-segurar-um-gato-foi-captada-durante-a-invasao-da-ucrania.png,train
images/fotografia-que-mostra-padres-ortodoxos-russos-a-abencoar-um-missil-e-atual-nao-a-imagem-e-de-2015.png,train
images/fotografia-que-retrata-destruicao-da-praca-da-independencia-em-kiev-e-atual.png,train
images/fotografia-regista-embate-de-aviao-contra-ponte-em-1982-o-desastre-ocorreu-mas-esta-imagem-nao-e-real.png,train
images/fotografia-viral-mostra-bombardeamento-contra-israel-a-partir-da-faixa-de-gaza.png,train
images/fotografia-viral-no-facebook-baleia-azul-foi-vista-na-costa-da-ilha-de-vancouver-este-mes.png,train
images/fotografia-viral-prova-que-psp-passou-multa-de-200-euros-a-idoso-a-descansar-de-caminhada-num-banco-de-jardim.png,train
images/fotografias-da-muralha-da-china-revelam-que-nivel-do-mar-nao-aumentou-nos-ultimos-80-anos.png,train
images/fotografias-de-consultorio-com-paredes-manchadas-de-humidade-no-hospital-de-coimbra-sao-verdadeiras.png,train
images/fotografias-de-instalacoes-degradadas-onde-diariamente-trabalham-os-policias-sao-autenticas.png,train
images/fotografias-de-medicos-a-dormir-devido-a-exaustao-causada-pelo-covid-19-sao-autenticas.png,train
images/fotografias-de-medicos-a-dormir-devido-a-exaustao-foram-captadas-em-portugal.png,train
images/fotografias-de-paredes-degradadas-no-hospital-das-caldas-da-rainha-sao-autenticas.png,train
images/fotografias-de-peixes-que-deram-a-costa-na-praia-do-meco-sao-autenticas.png,train
images/fotografias-de-quarto-com-paredes-manchadas-de-humidade-no-hospital-de-sao-jose-sao-verdadeiras.png,train
images/fotografias-de-suposta-reabilitacao-de-escadas-no-castelo-de-ourem-sao-autenticas.png,train
images/fotografias-mostram-cavalos-obrigados-a-saltar-fogueiras-em-festa-religiosa-sim-e-uma-tradicao.png,train
images/fotografias-mostram-feto-verdadeiro-dentro-de-uma-capsula.png,train
images/fotografias-mostram-vacas-bravas-submersas-no-mar-em-praia-da-lourinha-sim-e-uma-tradicao-na-regiao.png,train
images/fotografias-partilhadas-de-caes-de-joao-moura-nas-redes-sociais-sao-autenticas.png,train
images/fotografias-que-mostram-a-casa-da-cultura-de-beja-degradada-sao-autenticas.png,train
images/fotografin-1900lerdeki-turk-kadinini-gosterdigi-iddiasi.png,train
images/fotografin-aya-inen-astronotlarin-kaskini-cikardigi-ani-gosterdigi-iddiasi.png,train
images/fotografin-cindeki-dunyanin-en-uzun-trafigini-gosterdigi-iddiasi.png,train
images/fotografin-icisleri-bakani-suleyman-soylunun-yediiklim-yayinevi-ziyareti-sirasinda-cekildigi-iddiasi.png,train
images/fotografin-meral-aksener-ile-fethullah-gulenin-yan-yana-oldugu-ani-gosterdigi-iddiasi.png,train
images/fotografin-prens-selmanin-turkiye-ziyaretinde-cekildigi-iddiasi.png,train
images/fotografin-suriyeden-turkiyeye-siginan-aileyi-gosterdigi-iddiasi.png,train
images/fotografin-tokinin-suriyede-insa-ettigi-toplu-konutlari-gosterdigi-iddiasi.png,train
images/fotograflarin-iklim-aktivisti-greta-thunbergin-glastonbury-festivalinde-yaptigi-konusma-sonrasinda-cekildigi-iddiasi.png,train
images/fotograftaki-heykel-bergama-zeus-tapinaginin-turkiyede-kalan-parcasi-degil.png,train
images/fotograftaki-kisinin-imamoglu-oldugu-iddiasi.png,train
images/fotos-auf-facebook-zeigen-ausschlaege-die-nichts-mit-der-covid-19-impfung-zu-tun-haben.png,train
images/fotos-von-tieren-im-hochwasser-sind-nicht-aktuell-die-meisten-stammen-zudem-nicht-aus-deutschland.png,train
images/fotos-zeigen-ausrangierte-elektroautos-der-deutschen-post-die-durch-ein-nachfolgemodell-ersetzt-wurden.png,train
images/fotos-zeigen-markus-soeder-bei-verschiedenen-impfungen-aber-keine-davon-war-gegen-covid-19.png,train
images/fpf-credenciou-fernando-madureira-para-o-jogo-suica-portugal-nao-a-fotografia-e-do-mundial-de-2018.png,train
images/frau-rettet-esel-aus-hochwasser-dieses-foto-entstand-2015-in-irland.png,train
images/frog-photobomb-nasa-launch.png,train
images/gandhi-family-birthday-scientists-bicycle-rocket-photo-fact-check-1489639-2019-03-29.png,train
images/gas-generator-tesla-photo.png,train
images/gas-station-full-bar.png,train
images/gefaelschtes-foto-von-demonstrantin-mit-plakat-wieder-auf-facebook.png,train
images/gefaelschtes-fridays-for-future-bild-doch-die-demos-finden-auch-in-den-ferien-statt.png,train
images/gefangener-mit-hakenkreuz-tattoos-foto-stammt-nicht-aus-der-ukraine-sondern-von-2005-aus-belarus.png,train
images/gendergerechte-sprache-foto-zeigt-vorschlaege-aus-einem-sachbuch-keine-vorschriften.png,train
images/genius-d-day-invention.png,train
images/george-floyd-bible.png,train
images/geworld-ge-uses-a-2016-photo-of-a-manifestation-in-poland-to-illustrate-the-developments-in-norway.png,train
images/giant-amethyst-geode-picture.png,train
images/giant-jellyfish.png,train
images/gimmegrants-train-photo.png,train
images/girl-forced-child-marriage-meme.png,train
images/giuliani-jake-angeli-capitol-riot.png,train
images/goalkeeper-lost-in-fog.png,train
images/god-turtle-image.png,train
images/golden-gate-bridge-opening.png,train
images/golden-girls-penis.png,train
images/google-maps-snake-skeleton.png,train
images/goose-puppy-warm.png,train
images/goruntudeki-parazite-pzifer-asisi-sebep-olmadi.png,train
images/goruntuler-kaliforniada-2017de-gerceklesen-bir-orman-yanginini-gosteriyor.png,train
images/grass-smiling-microscope.png,train
images/greta-thunberg-shooting-a-gun.png,train
images/greta-thunberg-time-traveler.png,train
images/greta-thunberg-y-george-soros-foto-falsa-de-la-activista-que-lucha-contra-el-cambio-climatico-circula-en-las-redes-sociales.png,train
images/griner-de-maend-mens-notre-dame-staar-i-flammer-eller-er-billedet-manipuleret.png,train
images/grocery-store-klan-hood.png,train
images/guns-drawn-house-chamber.png,train
images/gurmeet-ram-rahim-kapil-sibal-photo-honeypreet-mahesh-bhatt-1429637-2019-01-12.png,train
images/guvercinlerin-kadraja-girdigi-ani-gosteren-fotograf-manipulasyon.png,train
images/handmaid-tale-themed-wedding.png,train
images/hautausschlag-wegen-masken-nein-diese-fotos-haben-fast-alle-einen-anderen-ursprung.png,train
images/heart-shaped-sunset.png,train
images/her-er-historien-bag-det-foruroligende-billede-af-11-mariehoens-i-munden-paa-en-hund.png,train
images/herman-cain-newsmax.png,train
images/hillary-clinton-game-boy.png,train
images/hillary-get-wish-about-trump.png,train
images/hoax-this-image-of-a-twitter-account-posting-as-kenyas-president-kenyatta-is-fabricated-3e6ef20ab66b.png,train
images/hoax-this-image-of-the-daily-nations-front-page-claiming-that-william-ruto-s-bank-accounts-have-652839b1b923.png,train
images/hoax-this-photo-does-not-show-raila-odinga-being-chased-away-by-a-mob-on-october-30-acaf5ed2580e.png,train
images/hoax-this-photo-used-to-depict-the-ongoing-drought-was-actually-taken-in-2011-3caf976ebb12.png,train
images/hochwasser-was-ein-foto-von-wasserstaenden-aus-der-schweiz-mit-dem-klimawandel-zu-tun-hat.png,train
images/homem-com-tatuagens-nazis-retratado-nestas-fotografias-e-o-comandante-da-policia-de-kiev.png,train
images/house-democrats-in-ghana.png,train
images/how-true-is-claim-mris-show-scary-images-of-babies.png,train
images/igbo-passengers-not-attacked-in-plateau-viral-photos-from-zimbabwe-and-elsewhere.png,train
images/ilhan-omar-jihad-academy.png,train
images/image-animal-cell.png,train
images/image-bangladeshi-immigrants-malaysia-viral-plight-hindus-india-1665979-2020-04-11.png,train
images/image-blunder-bentiu-tv-use-a-wrong-picture-to-tell-a-story.png,train
images/image-from-egypt-is-being-shared-as-male-student-disguised-himself-as-a-female-during-the-protests-at-jamia-university.png,train
images/image-from-iran-is-falsely-shared-as-that-of-a-kashmir-man-brutally-beaten-by-police.png,train
images/image-of-a-man-who-resembles-nikola-tesla-is-passed-off-as-rare-photo-of-nikola-tesla-with-a-woman.png,train
images/image-of-a-nandi-idol-excavated-during-renovation-work-of-temple-is-shared-with-a-false-communal-narrative.png,train
images/image-of-a-village-of-statues-recently-went-viral-does-this-village-truly-exist-in-nigeria.png,train
images/image-of-an-artwork-passed-off-as-a-picture-of-kissing-rock-romantic-spot-in-california.png,train
images/image-of-deceased-ramana-maharshi-is-passed-off-as-sai-baba.png,train
images/image-of-defunct-nsa-spy-station-in-berlin-is-passed-off-as-a-mosque-in-turkey.png,train
images/image-of-mahatma-gandhi-in-close-proximity-to-a-woman-is-photoshopped.png,train
images/image-of-man-lying-in-hospital-bed-without-mattress-not-from-bo-government-hospital-in-sierra-leone.png,train
images/image-of-modi-scholz-meet-with-nehru-portrait-on-the-wall-behind-is-digitally-edited.png,train
images/image-of-plutos-surface.png,train
images/image-queen-elizabeth-ii-thanking-pm-modi-for-covid-vaccines-morphed-1778975-2021-03-13.png,train
images/imagem-aerea-mostra-30-mil-cadavares-do-batalhao-azov-em-mariupol.png,train
images/imagem-de-400-avioes-privados-estacionados-foi-captada-este-mes-durante-a-cop26-em-glasgow.png,train
images/imagem-de-agente-da-psp-que-foi-agredido-em-rio-de-mouro-e-autentica.png,train
images/imagem-de-agricultor-cubano-momentos-antes-de-ser-fuzilado-por-ordem-de-che-guevara-e-autentica.png,train
images/imagem-de-bernie-sanders-em-marcha-pelos-direitos-civis-junto-a-martin-luther-king-e-autentica.png,train
images/imagem-de-bombardeiros-furtivos-norte-americanos-estacionados-na-base-das-lajes-e-autentica.png,train
images/imagem-de-ciclovia-com-apenas-10-metros-e-real-sim-mas-retrata-somente-um-troco-da-mesma.png,train
images/imagem-de-condenado-a-morte-na-siria-por-pregar-o-evangelho-e-autentica.png,train
images/imagem-de-criancas-sentadas-e-afastadas-num-recreio-foi-captada-numa-escola-em-portugal.png,train
images/imagem-de-documento-de-1926-representa-passaporte-sanitario-do-partido-nacional-fascista-de-italia.png,train
images/imagem-de-escultura-de-pedro-cabrita-reis-em-oeiras-que-custou-125-milhoes-e-verdadeira.png,train
images/imagem-de-jeronimo-de-sousa-com-luis-filipe-vieira-na-festa-do-avante-e-autentica.png,train
images/imagem-de-milhares-de-aneis-de-casamento-encontrados-num-campo-de-concentracao-nazi-e-verdadeira.png,train
images/imagem-de-panfleto-de-1924-com-criticas-a-politicos-e-juizes-e-autentica.png,train
images/imagem-de-policia-com-tatuagem-de-suastica-nas-manifestacoes-na-catalunha-e-verdadeira.png,train
images/imagem-de-profissionais-de-saude-a-fazerem-gesto-obsceno-por-causa-da-liga-dos-campeoes-e-autentica.png,train
images/imagem-de-radar-de-controlo-de-velocidade-atras-de-caixotes-do-lixo-e-autentica-e-foi-captada-em-portugal.png,train
images/imagem-de-radar-de-controlo-de-velocidade-na-a2-e-autentica.png,train
images/imagem-de-recem-nascido-com-marcas-nas-maos-e-na-testa-identicas-as-de-cristo-e-autentica.png,train
images/imagem-de-scooter-de-mobilidade-reduzida-a-circular-na-ponte-25-de-abril-e-autentica.png,train
images/imagem-de-uma-crianca-ucraniana-com-os-contactos-da-familia-escritos-nas-costas-e-autentica.png,train
images/imagem-de-zelensky-a-distribuir-leite-da-marca-portuguesa-mimosa-em-bucha-e-real.png,train
images/imagem-e-manipulada-cnn-portugal-nao-noticiou-que-comandante-russo-acordou-morto-na-ucrania.png,train
images/imagem-mostra-bill-gates-a-dar-um-cheque-em-branco-a-uma-jornalista.png,train
images/imagem-mostra-jovem-alema-a-fugir-do-lado-comunista-em-plena-guerra-fria.png,train
images/imagem-mostra-milhares-de-pessoas-em-protesto-contra-as-medidas-de-confinamento-na-austria.png,train
images/imagem-mostra-multidao-na-alemanha-oriental-a-observar-a-construcao-do-muro-de-berlim.png,train
images/imagem-mostra-reacoes-a-bofetada-de-will-smith-nos-oscares-deste-ano.png,train
images/imagem-mostra-ucranianos-sob-o-regime-comunista-na-decada-de-1930.png,train
images/imagem-que-circula-nas-redes-sociais-ilustra-um-dos-testes-de-diagnostico-a-covid-19.png,train
images/imagem-que-mostra-os-himalaias-a-partir-do-espaco-e-autentica.png,train
images/imagem-que-mostra-ucranianos-a-rezar-na-neve-esta-relacionada-com-a-invasao-russa-atual.png,train
images/imagem-viral-carrinha-da-emel-foi-bloqueada-pela-propria-empresa-municipal.png,train
images/imagem-viral-comprova-que-os-servicos-publicos-em-portugal-colocam-o-telefone-fora-do-descanso.png,train
images/imagem-viral-de-catarina-martins-a-fazer-saudacao-fascista-e-autentica.png,train
images/imagem-viral-de-che-guevara-a-executar-duas-mulheres-e-verdadeira.png,train
images/imagem-viral-de-deputadas-bloquistas-com-cartazes-destacando-que-estamos-acima-da-lei-e-autentica.png,train
images/imagem-viral-de-engarrafamento-na-ponte-25-de-abril-durante-o-fim-de-semana-e-autentica.png,train
images/imagem-viral-de-farda-dos-bombeiros-queimada-e-autentica.png,train
images/imagem-viral-de-gesto-obsceno-da-ministra-da-cultura-e-autentica.png,train
images/imagem-viral-de-incendio-num-laboratorio-da-pfizer-em-madrid-e-autentica.png,train
images/imagem-viral-de-mamarracho-na-aldeia-de-piodao-e-autentica.png,train
images/imagem-viral-de-notificacao-de-renovacao-do-rsi-com-prestacao-mensal-de-701-euros-e-verdadeira.png,train
images/imagem-viral-de-prateleiras-com-garrafas-de-agua-a-venda-em-loja-worten-e-autentica.png,train
images/imagem-viral-de-suposta-ultima-vitima-de-george-floyd-e-autentica.png,train
images/imagem-viral-de-tourada-com-publico-na-ilha-terceira-dos-acores-e-autentica.png,train
images/imagem-viral-do-rio-estoraos-sem-caudal-e-praticamente-seco-e-autentica.png,train
images/imagem-viral-mostra-federico-garcia-lorca-a-declamar-poema-antes-de-ser-executado.png,train
images/imagem-viral-mostra-mae-impala-a-sacrificar-se-pelas-crias-e-leva-fotografo-a-depressao.png,train
images/imagem-viral-mostra-milhares-de-manifestantes-contra-o-certificado-digital-em-italia.png,train
images/imagem-viral-mostra-o-papa-francisco-a-beijar-as-maos-de-david-rockefeller-e-john-rothschild.png,train
images/imagem-viral-mostra-sem-abrigo-a-pernoitar-no-tunel-do-marques-em-lisboa-durante-a-pandemia.png,train
images/imagem-viral-nas-redes-sociais-agricultores-holandeses-roubam-jato-privado-do-primeiro-ministro.png,train
images/imagem-viral-que-exibe-contraste-entre-estradas-portuguesa-e-espanhola-na-fronteira-e-autentica.png,train
images/imagem-viral-retrata-manifestacao-contra-medidas-restritivas-e-certificado-de-vacinacao-em-franca.png,train
images/imagenes-compartidas-en-redes-no-corresponden-al-terremoto-ocurrido-en-argentina.png,train
images/images-de-2019-faussement-montrees-comme-celles-des-militaires-rwandais-tues-en-rdc.png,train
images/images-of-mask-clad-rahul-gandhi-is-falsely-shared-with-a-sarcastic-claim-that-he-eats-food-with-his-mask-on.png,train
images/images-of-meals-contributed-by-donors-to-this-school-students-are-being-shared-as-that-of-government-mid-day-meal-menu.png,train
images/images-of-under-construction-flyover-collapse-in-nagpur-are-passed-off-as-from-ahmedabad.png,train
images/images-related-to-quran-recital-ceremony-are-passed-off-as-muslim-parents-marry-their-own-children.png,train
images/images-spreading-over-the-verdict-r-sakkarpani.png,train
images/inde-des-anciennes-photos-deterrees-pour-illustrer-une-actualite-sur-le-ministre-bhagwant-mann.png,train
images/indian-army-solider-fake-images.png,train
images/indian-navy-day-bjp-share-image.png,train
images/indian-solider-foot-picture.png,train
images/infox-ces-images-dusine-de-traitement-deau-viennent-de-lalgerie-et-la-france-et-non-de-lemba-en-rdc.png,train
images/infox-ces-photos-de-2019-ne-montrent-pas-des-soldats-rwandais-tues-au-congo-mais-des-victimes-de-genocide.png,train
images/intet-tyder-paa-piger-paa-billeder-i-opslag-om-stoejberg-dom-faktisk-er-barnebrude.png,train
images/ipl-chowkidar-chor-slogan-picture.png,train
images/irish-slaves-us-photo.png,train
images/irrefuehrende-behauptungen-ueber-foto-aus-der-schweiz-ja-die-aussengastronomie-hat-wieder-geoeffnet-aber-es-gibt-corona-auflagen.png,train
images/irrefuehrendes-foto-von-luxusautos-auf-gruenen-parkplatz-kursiert-wieder-auf-facebook.png,train
images/irrefuehrendes-standbild-kein-hitlergruss-im-zdf-fernsehgarten.png,train
images/irrefuehrendes-standbild-nein-karl-lauterbach-zeigte-nicht-den-hitlergruss.png,train
images/is-buharis-photographers-discover-nigeria-recognised-by-guinness-world-records-as-largest-pictorial-book-in-the-world.png,train
images/is-sky-hotel-real.png,train
images/is-this-man-really-163-years-old.png,train
images/is-this-photo-of-crowded-train-station-taken-in-ukraine-as-claimed.png,train
images/ja-diese-fotos-eines-marathons-sind-aus-china-und-von-april-2021.png,train
images/ja-diese-fotos-zeigen-rotorblaetter-von-windkraftanlagen-.png,train
images/ja-dieses-foto-zeigt-ein-brennendes-elektroauto-auf-einem-parkplatz-in-england.png,train
images/ja-dieses-foto-zeigt-eine-augsburger-unterkunft-fuer-asylsuchende.png,train
images/ja-dieses-foto-zeigt-menschen-auf-der-sea-watch-3-aber-der-bildausschnitt-fuehrt-in-die-irre.png,train
images/ja-pige-paa-virale-billeder-er-faktisk-barnebrud-her-er-historien-bag.png,train
images/jebel-kujur-manipulated-images-fact-checked.png,train
images/jerry-falwell-unzipped.png,train
images/jfk-inaugural-parade-tanks.png,train
images/jill-biden-lunging-protect-joe.png,train
images/joe-biden-foi-fotografado-ao-lado-do-grande-feiticeiro-do-ku-klux-klan.png,train
images/john-paul-jones-triple-neck-guitar.png,train
images/jose-jose-ultima-foto-de-cantante-enfermo-en-hospital-con-doctor-no-es-dias-antes-de-su-muerte-fotos-mexico-video.png,train
images/joseph-kabila-reconverti-en-photographe-professionnel-attention-satire.png,train
images/juiza-que-ilibou-o-benfica-foi-fotografada-na-tribuna-presidencial-do-estadio-da-luz.png,train
images/junge-sammelt-flaschen-wie-eine-gestellte-szene-zum-symbolbild-fuer-armut-in-deutschland-wurde.png,train
images/jupiter-moons.png,train
images/kalinin-k7-heavy-bomber.png,train
images/kamala-harris-montel-williams.png,train
images/kammeratligt-kram-midt-i-en-coronatid-vaekker-vrede-men-billederne-er-tre-aar-gamle.png,train
images/kanada-old-photo-liked-to-the-martyred-indian-soldiers-in-the-recent-clashes-at-galwan-valley.png,train
images/kannada-bjp-leader-in-this-photo-has-no-relation-to-the-hathras-incident.png,train
images/kannada-brazil-president-photo-shared-as-president-of-italy-crying-at-his-inability-to-save-people-from-coronavirus.png,train
images/kannada-the-punjab-policewoman-in-these-photos-has-not-been-raped-she-died-in-a-road-accident.png,train
images/kannada-this-photo-che-guevara-in-a-trash-can-is-from-spain-not-cuba.png,train
images/kannada-unrelated-photos-from-up-falsely-shared-as-arnab-goswami-beated-by-police.png,train
images/keanu-reeves-ice-cream.png,train
images/kein-aktuelles-foto-nach-greta-thunbergs-auftritt-bild-von-muell-beim-glastonbury-festival-ist-von-2015.png,train
images/kein-schweinefleisch-mehr-das-bild-einer-frau-zu-einer-aussage-die-sie-nie-gemacht-hat.png,train
images/keine-belege-dafuer-dass-dieses-bild-einen-unfall-wegen-handynutzung-am-steuer-zeigt.png,train
images/keine-belege-dafuer-dass-medien-mit-dem-foto-einer-puppe-angst-vor-corona-verbreiten.png,train
images/kennedy-bloody-shirt.png,train
images/kerala-cm-office-actor-vijay-photo.png,train
images/kfc-mudou-o-nome-para-siberian-fried-chicken-na-russia-imagem-e-manipulada.png,train
images/kinshasa-des-photos-de-2015-et-2017-detournees-pour-parler-de-linsalubrite-actuelle.png,train
images/know-the-truth-about-the-viral-picture-of-the-downing-of-the-russian-helicopter-amid-the-attack-on-ukraine-2.png,train
images/know-the-truth-behind-the-picture-of-raghav-chada-asking-for-water-for-the-rights-of-delhi-and-haryana-read-fact-check.png,train
images/krieg-in-der-ukraine-doch-dieses-bild-ist-aktuell-und-zeigt-die-folgen-eines-mutmasslich-russischen-raketenangriffs.png,train
images/krigerisk-billede-fra-netflix-serie-misbruges-i-indvandrerkritiske-grupper.png,train
images/la-photo-dune-femme-portant-le-cercueil-de-son-mari-nest-pas-reelle-plutot-tiree-dun-film-nollywood.png,train
images/la-photo-dune-femme-poursuivant-ses-etudes-a-lacademie-militaire-americaine-nest-pas-sifa-kabila.png,train
images/la-photo-montrant-aubin-minaku-chez-felix-tshisekedi-dans-le-cadre-de-lunion-sacree-est-sortie-de-son-contexte.png,train
images/landauer-tafel-foto-zeigt-hilfsbereite-muslimische-familie.png,train
images/largest-crocodile-skull.png,train
images/las-vegas-homeless-parking-lots.png,train
images/lauren-boebert-two-near-naked-men.png,train
images/lava-ocean-vortices.png,train
images/lavrov-s-lie-as-if-1-5-million-refugees-have-returned-to-syria-and-sputnik-s-fake-photo-2.png,train
images/league-of-nazi-socialist-women.png,train
images/left-trinamool-bjp-supporters-share-sourav-ganguly-morphed-picture-endorsing-them-1776431-2021-03-06.png,train
images/leitor-do-poligrafo-pergunta-foto-viral-de-marcelo-a-beijar-barriga-de-gravida-e-manipulada-nao-aconteceu-mesmo.png,train
images/les-images-dun-container-contenant-un-enorme-rocher-ne-viennent-pas-de-lafrique-centrale.png,train
images/lev-parnas-eric-trump-birthday.png,train
images/lhistoire-de-lexecution-de-deux-etudiants-congolais-au-rwanda-est-fausse-ces-photos-sont-du-kenya-en-2021.png,train
images/limage-de-martin-fayulu-presente-comme-invite-dhonneur-a-lanniversaire-de-joseph-kabila-est-sortie-de-son-contexte.png,train
images/lindsey-graham-geert-wilders.png,train
images/lion-foot-massage.png,train
images/lions-mane-mushroom.png,train
images/lisboa-fotografia-de-carruagem-do-metro-sobrelotada-na-alameda-e-atual-e-autentica.png,train
images/litopedion-imagen-corresponde-a-caso-de-feto-calcificado-es-una-reconstruccion-3d.png,train
images/living-triceratops-indonesia.png,train
images/london-tea-shop-modi-supporter-photo-abhinandan-varthaman-signboard-1472442-2019-03-07.png,train
images/looter-arrested-in-blackface.png,train
images/looting-or-helping-what-does-the-photo-of-the-ukrainian-servicemen-depict.png,train
images/ltte-child-abuse-pictures.png,train
images/lula-da-silva-moro-da-cadeia-esta-imagem-e-verdadeira.png,train
images/maggie-smithin-gencligini-gosterdigi-iddia-edilen-fotograf-loretta-younga-ait.png,train
images/mahatma-gandhi-never-served-in-the-british-army-this-photo-shows-him-with-passive-resisters-soccer-club-members.png,train
images/mali-ces-photos-de-2015-et-2017-ne-montrent-pas-des-militaires-francais-blesses-dans-attaque-en-2022.png,train
images/mallorca-einige-medien-nutzten-nicht-gekennzeichnete-archivbilder-fuer-aktuelle-berichterstattung.png,train
images/mangbetu-tribe-head-elongation.png,train
images/manipulativ-gewaehltes-bild-suggeriert-dass-.png,train
images/manipuleret-billede-bruges-til-anklage-tv-2-sprede-fake-news.png,train
images/manipuleret-billede-goer-tyske-burka-klaedte-kvinder-til-svenske-politibetjente.png,train
images/manipuleret-billede-viser-den-ukrainske-praesident-holde-en-landsholdstroeje-med-hagekors.png,train
images/manipuliertes-bild-soll-angeblich-beleg-fuer-chemtrails-liefern.png,train
images/manipuliertes-foto-von-greta-thunberg-wird-zehntausendfach-geteilt.png,train
images/manoj-tiwari-hospitalisation-picture-viral-misleading-claims-1865892-2021-10-18.png,train
images/marielle-franco-tirou-fotografia-abracada-a-um-dos-seus-assassinos.png,train
images/mario-machado-divulga-fotografia-de-almoco-no-dia-em-que-alcindo-monteiro-foi-assassinado.png,train
images/marjorie-taylor-greene-the-squad.png,train
images/martian-sunset-spirit.png,train
images/massacre-no-brasil-foto-que-mostra-atirador-com-camisola-de-bolsonaro-e-montagem.png,train
images/maxican-politician-protest-viral-photo.png,train
images/mcdonalds-burned-floyd-protests.png,train
images/medienberichte-ueber-besucheransturm-im-harz-und-allgaeu-nein-leser-werden-nicht-mit-einem-falschen-foto-verschaukelt.png,train
images/mefiez-vous-de-cette-satire-presentant-limage-dune-fille-legerement-habillee-comme-celle-de-willy-bakonga.png,train
images/meme-show-nancy-pelosi-district.png,train
images/meryl-streep-subway-audition.png,train
images/metro-de-lisboa-aconselhou-abstinencia-sexual-aos-passageiros-nao-imagem-foi-manipulada.png,train
images/mike-tyson-partilhou-fotografia-com-uma-t-shirt-anti-vacinas.png,train
images/militantes-do-chega-confundiram-foto-de-modelo-com-candidata-do-partido-a-autarquia-da-batalha.png,train
images/million-maga-nazi-banner.png,train
images/ministro-da-administracao-interna-culpou-turistas-pelo-caos-no-aeroporto-de-lisboa-nao-imagem-foi-manipulada.png,train
images/minnesota-caso-george-floyd-es-falso-que-esta-fotografia-sea-de-la-comisaria-de-minneapolis-durante-disturbios-mdga.png,train
images/mise-en-contexte-ces-images-des-adf-proviennent-de-la-rdc-et-non-de-la-republique-centrafricaine.png,train
images/mise-en-contexte-cette-image-ne-montre-pas-linauguration-dun-dos-dane-ni-au-gabon-ni-en-rdc.png,train
images/mise-en-contexte-manquant-cette-photo-ne-montre-pas-larrivee-des-refugies-afghans-en-louganda.png,train
images/misleading-photos-used-to-justify-blasphemy-laws.png,train
images/misleading-this-image-does-not-show-energy-cabinet-secretary-charles-keter-launching-f0f233acafc8.png,train
images/misleading-this-image-showing-dennis-itumbi-with-a-cast-on-a-different-leg-has-been-flipped-960cc70e9458.png,train
images/misleading-this-photo-claiming-to-show-raila-odinga-after-collapsing-at-his-karen-home-is-old-99babccf980c.png,train
images/missing-context-these-images-dont-show-protests-in-adigrat-in-august-2022-d6f43ae4e539.png,train
images/missing-context-this-image-doesnt-show-a-flooded-area-in-sudan-in-august-2022-690a889b6bed.png,train
images/missing-context-this-photo-of-deputy-president-william-ruto-in-a-hospital-is-used-out-of-context-2dfe49a1a746.png,train
images/missing-context-this-photo-used-to-allude-that-laikipia-east-mp-aspirant-mwangi-kiunjuri-is-7cfbb6397686.png,train
images/moise-katumbi-deguerpi-dune-propriete-a-lubumbashi-intox-ces-photos-sont-sorties-de-leur-contexte.png,train
images/moist-coronavirus-image.png,train
images/montana-wildfire-photo.png,train
images/morphed-image-shared-as-time-magazine-cover-featuring-pm-modi-with-hitler-moustache.png,train
images/morphed-image-shared-as-visuals-of-pm-modi-bowing-to-nita-ambani.png,train
images/morphed-image-sonia-gandhi-fact-check-1809541-2021-06-01.png,train
images/morphed-imaged-shared-as-time-magazine-front-cover-featuring-vladimir-putin-with-hitler-moustache.png,train
images/morphed-images-are-shared-as-opinion-poll-predicting-shiromani-akali-dal-party-victory-in-the-punjab-elections.png,train
images/morphed-photo-congress-workers-offering-cake-mia-khalifa-poster-1766686-2021-02-06.png,train
images/morphed-photo-is-shared-as-akshay-kumar-promoting-an-online-trading-app.png,train
images/morphed-photo-of-ms-dhoni-is-falsely-shared-as-him-accepting-islam.png,train
images/morphed-photo-shared-as-akhilesh-yadav-holding-a-placard-in-support-of-the-yogi-government.png,train
images/morphed-photo-shared-as-asaduddin-owaisi-meeting-with-rss-chief-mohan-bhagwat.png,train
images/morphed-photo-shared-as-health-worker-extending-insulting-gesture-towards-pm-modi.png,train
images/morphed-photo-shared-as-nita-ambani-drinking-the-worlds-most-expensive-water.png,train
images/morphed-photo-shared-as-opinion-poll-predicting-samajwadi-party-win-in-upcoming-uttar-pradesh-elections.png,train
images/morphed-photo-shared-as-picture-of-rahul-gandhi-getting-his-ear-cleaned.png,train
images/morphed-photo-shared-as-picture-of-ramdev-beef-biryani-recipe-mix-sold-by-patanjali-ayurvedic-limited.png,train
images/morphed-photo-shared-as-picture-of-subhash-chandra-bose-reading-the-news-of-his-death.png,train
images/morphed-photo-shared-as-visuals-of-aravind-kejriwal-and-bhagwant-mann-drinking-alcohol.png,train
images/morphed-photo-shared-as-visuals-of-muslims-and-hindus-jointly-supporting-congress-party-in-uttar-pradesh.png,train
images/morphed-photo-shared-as-visuals-of-shahrukh-khan-wearing-a-t-shirt-quoting-vote-for-mim.png,train
images/morphed-photo-shared-as-visuals-of-taliban-men-wearing-burka-and-pretending-as-afghan-women.png,train
images/morphed-photo-shared-as-yogi-adityanaths-provoking-tweet-against-the-jat-community-in-uttar-pradesh.png,train
images/morphed-photo-shared-as-zee-news-exit-poll-predicting-samajwadi-party-win-in-the-ongoing-up-elections.png,train
images/morphed-photo-shared-claiming-aamir-khans-marriage-with-fatima-sana-shaikh.png,train
images/morphed-picture-shared-as-indian-army-chief-manoj-pandes-photo-with-mohan-bhagwat-and-nitin-gadkari.png,train
images/most-of-these-photos-of-monuments-in-various-countries-with-indian-tricolours-are-edited.png,train
images/mrta-es-falso-que-foto-demuestre-que-organizacion-terrorista-esta-detras-de-las-protestas-contra-merino.png,train
images/muslim-man-heckled-photo-india-bangladesh-truth-1538997-2019-05-30.png,train
images/nak-kata-aaya-trends-on-twitter-with-congress-leaders-tweeting-misleading-images.png,train
images/naked-athena-portland-protest.png,train
images/nasa-mars-portal-door.png,train
images/nasanin-cektigi-en-net-venus-fotografi-oldugu-iddia-edilen-fotograf.png,train
images/nasarawa-government-used-picture-from-brazil-to-depict-status-of-road-in-state.png,train
images/navidad-2019-cristo-redentor-fotos-del-cristo-del-corcovado-de-rio-de-janeiro-brasil-donde-se-funde-con-la-luna-es-real-video.png,train
images/navio-de-guerra-russo-vao-se-lixar-correios-da-ucrania-emitiram-selo-com-este-titulo-e-imagem.png,train
images/nazi-flag-menorah-hanukkah.png,train
images/neet-doctor-checkup-image.png,train
images/nein-der-papst-kuesst-auf-diesem-foto-nicht-die-hand-eines-rockefellers-sondern-die-eines-holocaust-ueberlebenden.png,train
images/nein-diese-bilder-von-leichensaecken-und-einem-sarg-zeigen-nicht-dass-corona-todesfaelle-inszeniert-werden.png,train
images/nein-diese-bilder-zeigen-keine-aus-deepstate-.png,train
images/nein-diese-bilder-zeigen-nicht-die-aktuellen-braende-im-amazonasgebiet.png,train
images/nein-diese-fotos-belegen-keinen-zusammenhang-zwischen-angela-merkel-dem-nsu-oder-einer-nazi-firma.png,train
images/nein-diese-fotos-belegen-nicht-dass-ska-keller-mitglied-der-terrororganisation-antifa-ist.png,train
images/nein-diese-fotos-beweisen-nicht-dass-die-corona-pandemie-angeblich-inszeniert-sei.png,train
images/nein-diese-fotos-zeigen-angela-merkel-nicht-mit-nsu-terroristen.png,train
images/nein-diese-fotos-zeigen-keine-brandstiftung-in-spanien-um-platz-fuer-windraeder-zu-schaffen.png,train
images/nein-diese-fotos-zeigen-keine-pflastersteine-die-fuer-anti-rassismus-demonstrationen-bereitgelegt-wurden.png,train
images/nein-diese-fotos-zeigen-nicht-wie-julia-kloeckners-elektroauto-mit-einem-transporter-zu-wahlkampfauftritten-gebracht-wird.png,train
images/nein-dieses-bild-zeigt-nicht-wie-australische-militaerschiffe-ein-schiff-mit-gefluechteten-rammen.png,train
images/nein-dieses-foto-beweist-keine-manipulation-durch-medienberichte-ueber-syrien.png,train
images/nein-dieses-foto-beweist-nicht-dass-es-sars-cov-2-schon-vor-20-jahren-gab.png,train
images/nein-dieses-foto-eines-demolierten-feuerwehrautos-stammt-nicht-aktuell-aus-moria.png,train
images/nein-dieses-foto-von-merkel-spahn-laschet-und-soeder-stammt-nicht-von-oktober-2020.png,train
images/nein-dieses-foto-von-verschleierten-frauen-zeigt-nicht-die-tuerkei-im-jahr-2020.png,train
images/nein-dieses-foto-zeigt-keine-aktuelle-ankunft-gefluechteter-in-italien-2019.png,train
images/nein-dieses-foto-zeigt-keine-brennende-rothschild-bank-in-paris.png,train
images/nein-dieses-foto-zeigt-keinen-fluechtling-von-der-sea-watch-3.png,train
images/nein-dieses-foto-zeigt-keinen-handschlag-zwischen-merkel-und-macron-ende-juni.png,train
images/nein-dieses-foto-zeigt-nicht-das-resultat-einer-umweltschutz-demo.png,train
images/nein-dieses-foto-zeigt-nicht-den-westfriedhof-in-magdeburg.png,train
images/nein-dieses-foto-zeigt-nicht-die-aktuellen-spritpreise-auf-teneriffa.png,train
images/nein-dieses-foto-zeigt-nicht-wie-eine-windkraftanlage-mit-chemikalien-enteist-wird.png,train
images/nein-dieses-fotos-eines-toten-babys-ist-nicht-gefaelscht.png,train
images/nein-dieses-google-maps-bild-zeigt-keinen-mord.png,train
images/nein-in-einem-supermarkt-in-deutschland-wurde-kein-zaun-aufgestellt-der-geimpfte-und-ungeimpfte-trennt-dieses-foto-stammt-aus-rumaenien.png,train
images/nein-tv-sender-haben-ein-veraltetes-raketenfoto-aus-der-ukraine-nicht-im-falschen-kontext-gezeigt.png,train
images/nej-dette-billede-viser-ikke-et-svensk-supermarked-har-droppet-svinekoed.png,train
images/nej-dette-billede-viser-ikke-falske-italienske-coronalig.png,train
images/nerves-that-innervate-teeth.png,train
images/netizens-falsely-share-us-comedian-photo-as-ex-japanese-pm-shinzo-abe-suspected-assassin-1973516-2022-07-08.png,train
images/newzealand-india-culture-image.png,train
images/nithyanandha-amitsha-picture.png,train
images/no-cnn-no-uso-imagenes-de-incendio-en-canada-para-referirse-al-bombardeo-ruso-en-ucrania.png,train
images/no-el-accidente-aereo-en-la-libertad-que-muestra-esta-foto-no-es-actual-ocurrio-en-2013.png,train
images/no-el-hijo-de-pablo-escobar-gaviria-no-esta-usando-la-espada-de-bolivar-en-foto-viral.png,train
images/no-el-var-no-confirmo-gol-de-peru-como-afirma-imagen-viral-en-facebook.png,train
images/no-esta-foto-de-camion-con-un-cartel-no-se-refiere-al-gobierno-de-pedro-castillo.png,train
images/no-esta-foto-de-un-bombardeo-no-fue-tomada-durante-la-guerra-en-ucrania-en-2022.png,train
images/no-esta-foto-de-una-explosion-en-ucrania-no-fue-tomada-en-el-ano-2015.png,train
images/no-esta-foto-no-corresponde-al-sismo-de-guatemala-en-2022.png,train
images/no-esta-foto-no-muestra-a-alan-garcia-rumbo-a-paris-en-abril-de-2019.png,train
images/no-esta-foto-no-muestra-el-incendio-de-la-corbeta-bap-guise-de-la-marina-de-guerra-del-peru.png,train
images/no-esta-fotografia-de-barack-y-michelle-obama-no-es-real-fue-trucada.png,train
images/no-esta-fotografia-de-un-burro-siendo-cargado-por-un-militar-no-corresponde-a-la-segunda-guerra-mundial.png,train
images/no-esta-fotografia-no-corresponde-a-una-marcha-pro-trump-en-enero-de-2021.png,train
images/no-esta-imagen-no-muestra-a-gustavo-petro-al-lado-de-pablo-escobar-es-un-fotomontaje.png,train
images/no-esta-imagen-no-muestra-a-una-mujer-luego-de-la-tercera-dosis-de-la-vacuna.png,train
images/no-estas-fotografia-no-muestran-a-la-primera-piloto-ucraniana-en-morir-en-el-conflicto-de-ucrania.png,train
images/no-estas-fotografias-no-corresponden-a-un-accidente-aereo-al-norte-de-italia-en-enero-de-2022.png,train
images/no-estas-fotos-de-carreteras-destruidas-no-son-del-terremoto-de-75-en-amazonas.png,train
images/no-estas-fotos-de-manifestantes-destruyendo-figuras-religiosas-no-son-de-nicaragua-en-2022.png,train
images/no-estas-fotos-de-un-huaico-en-la-carretera-tingo-maria-huanuco-no-son-actuales.png,train
images/no-estas-fotos-no-corresponden-a-los-recientes-terremotos-en-nueva-zelanda.png,train
images/no-estas-fotos-no-corresponden-al-sismo-de-magnitud-68-ocurrido-en-guatemala-en-2022.png,train
images/no-estas-fotos-no-exhiben-al-misil-nuclear-satanas-2-de-rusia-en-2022.png,train
images/no-estas-fotos-no-muestran-a-castillo-festejando-en-chota-en-diciembre-de-2021.png,train
images/no-estas-fotos-no-muestran-un-supuesto-accidente-de-la-agrupacion-musical-russkaya.png,train
images/no-estas-fotos-no-son-de-la-esposa-del-vicepresidente-de-ucrania-y-otras-mujeres-en-2022.png,train
images/no-estas-imagenes-no-fueron-tomadas-tras-el-terremoto-en-guatemala-de-2022.png,train
images/no-excomandos-de-chavin-de-huantar-no-llevaron-una-foto-de-vladimiro-montesinos-a-ceremonia.png,train
images/no-foto-de-buques-no-muestra-un-bloqueo-de-turquia-a-embarcacion-rusa-en-2022.png,train
images/no-foto-de-enorme-humareda-no-muestra-incendio-en-planta-nuclear-de-ucrania-en-2022.png,train
images/no-foto-de-enorme-humareda-no-muestra-un-ataque-de-rusia-en-ucrania.png,train
images/no-foto-de-hombre-tatuado-con-la-esvastica-no-muestra-a-un-miembro-de-la-policia-ucraniana.png,train
images/no-foto-de-planes-de-financiacion-para-comprar-carne-en-argentina-no-es-actual.png,train
images/no-foto-de-un-ataque-ruso-en-ucrania-no-corresponde-a-una-explosion-de-gas-en-2018.png,train
images/no-foto-de-un-herido-no-corresponde-a-la-reciente-marcha-contra-el-gobierno-de-pedro-castillo.png,train
images/no-foto-de-ventanas-intactas-en-ucrania-no-son-prueba-de-que-atentado-ruso-es-falso.png,train
images/no-foto-del-avion-destruido-no-corresponde-al-reciente-accidente-aereo-en-nepal.png,train
images/no-foto-del-raton-en-un-paquete-de-uvas-no-fue-tomada-en-tottus.png,train
images/no-foto-no-expone-a-ronderos-de-chumbivilcas-desplazandose-a-lima-tras-el-proceso-electoral.png,train
images/no-foto-no-muestra-a-cristiano-ronaldo-con-camiseta-que-dice-nos-fumigan-con-aviones.png,train
images/no-foto-no-muestra-al-presunto-asesino-misael-nallar-abrazando-a-evo-morales.png,train
images/no-foto-no-se-capturo-durante-la-protesta-del-convoy-por-la-libertad.png,train
images/no-foto-viral-de-soldado-tratando-de-calmar-a-un-cachorro-de-los-bombardeos-no-es-actual.png,train
images/no-fotografia-de-policia-disparando-no-fue-capturada-en-peru.png,train
images/no-fotografia-no-es-de-personas-encerradas-en-una-comisaria-de-peru-circula-desde-enero.png,train
images/no-fotografia-no-prueba-que-exista-una-tribu-que-domestico-leopardos.png,train
images/no-fotos-de-ambientes-congelados-no-son-de-la-actual-ola-de-frio-en-ee-uu.png,train
images/no-fotos-de-deslizamiento-en-cutervo-cajamarca-no-son-de-diciembre-de-2021.png,train
images/no-fotos-de-persona-con-la-bandera-trans-no-muestran-al-autor-del-tiroteo-de-texas.png,train
images/no-fotos-no-exponen-manifestacion-en-rusia-contra-vladimir-putin-por-invasion-a-ucrania.png,train
images/no-fotos-no-son-de-campesinos-peruanos-fueron-tomadas-en-colombia.png,train
images/no-fotos-virales-de-ciudadanos-ucranianos-rezando-en-la-calle-no-son-actuales.png,train
images/no-fotos-virales-no-son-del-ataque-de-israel-a-la-franja-de-gaza-en-2020-son-antiguas.png,train
images/no-imagen-no-expone-el-desvanecimiento-de-un-futbolista-relacionado-a-las-vacunas-contra-covid-19.png,train
images/no-imagen-no-presenta-toma-de-larga-exposicion-de-rayo-golpeando-un-arbol.png,train
images/no-imagenes-de-androide-gestante-no-corresponden-a-un-xenobot.png,train
images/no-imagenes-no-exponen-cambio-de-bandera-en-una-planta-de-mariupol-en-2022.png,train
images/no-imagenes-no-muestran-un-accidente-aereo-reciente-en-italia.png,train
images/no-imagenes-no-pertenecen-a-una-guerra-entre-rusia-y-ucrania-en-2022.png,train
images/no-la-foto-de-los-autos-congelados-no-pertenece-a-rusia-y-tampoco-se-tomo-en-el-2021.png,train
images/no-la-foto-de-sagasti-marchando-sin-mascarilla-no-es-actual-es-del-2019.png,train
images/no-la-foto-no-corresponda-a-daniela-carrasco-la-mimo-que-fue-hallada-muerta-en-chile.png,train
images/no-la-foto-no-muestra-a-hugo-lopez-gatell-recibiendo-la-vacuna-contra-la-covid-19.png,train
images/no-la-foto-no-pertenece-a-una-escuela-en-peru.png,train
images/no-la-fotografia-del-centro-comercial-abandonado-no-pertenece-a-venezuela.png,train
images/no-la-imagen-de-tupac-amaru-ii-no-corresponde-al-simbolo-del-mrta.png,train
images/no-la-imagen-no-fue-tomada-luego-del-accidente-nuclear-de-chernobil.png,train
images/no-la-imagen-no-muestra-a-personal-del-minsa-levantando-un-fallecido-por-covid-19.png,train
images/no-las-fotos-difundidas-de-grietas-en-jaen-no-estan-relacionadas-con-el-terremoto-en-amazonas.png,train
images/no-las-fotos-sobre-el-supuesto-heroe-el-fantasma-de-kiev-no-muestran-a-un-piloto-ucraniano.png,train
images/no-los-sujetos-de-las-fotos-no-son-sicarios-estaban-grabando-un-videoclip.png,train
images/no-no-es-verdad-que-una-emisora-francesa-haya-mostrado-una-foto-de-un-maniqui-internado-por-omicron.png,train
images/no-ongoing-protest-in-algeria-as-claimed-in-this-photo.png,train
images/no-shashi-tharoor-this-photo-jawaharlal-nehru-indira-gandhi-is-not-from-us-1602585-2019-09-24.png,train
images/no-the-boy-seen-in-this-photo-was-not-caught-or-taken-into-custody-by-the-sri-ganganagar-district-police.png,train
images/no-these-are-not-pictures-of-a-pregnant-nursing-girl-from-jos.png,train
images/no-this-image-does-not-show-sachin-tendulkar-taking-part-in-sindhutai-sapkaals-funeral.png,train
images/no-this-image-does-not-show-the-oldest-tree-on-earth-baobabs-are-not-the-oldest-tree-species-on-earth.png,train
images/no-this-image-doesnt-show-a-tree-grown-over-the-bicycle-of-a-fallen-war-soldier.png,train
images/no-this-is-not-a-picture-of-endsars-protesters.png,train
images/no-this-is-not-the-only-real-picture-of-shaheed-e-azam-bhagat-singh.png,train
images/no-this-isnt-photo-of-baby-platypus.png,train
images/no-this-photo-of-australias-new-pm-with-a-saffron-scarf-was-not-taken-at-his-oath-taking-ceremony.png,train
images/noida-airport-china-korea-pictures.png,train
images/non-aucune-station-service-na-pris-feu-a-kinshasa-ces-images-proviennent-du-burundi.png,train
images/non-ces-photos-ne-montrent-pas-des-banyamulenges-enterres-vivants-a-minembwe.png,train
images/non-ces-photos-ne-montrent-pas-la-nouvelle-ecole-construite-par-mutombo-dikembe-a-mbuji-mayi.png,train
images/non-cette-photo-ne-montre-pas-lartillerie-de-larmee-ivoirienne.png,train
images/non-kylian-mbappe-na-pas-prolonge-au-psg-jusquen-2025-cette-photo-est-trafiquee.png,train
images/non-la-photo-de-felix-tshisekedi-na-pas-ete-remplacee-par-une-carte-de-la-rdc-dans-le-bureau-de-jeanine-mabunda.png,train
images/notre-dame-irrefuehrende-behauptungen-zu-fotos-und-einem-video-im-umlauf-nach-denen-angeblich-jemand-auf-dem-gebaeude-herumlief.png,train
images/notre-dame-warum-das-bild-mit-den-laechelnden-maennern-kein-fake-ist.png,train
images/obama-fly-lip-image.png,train
images/officer-aiming-rubber-bullet.png,train
images/ohne-abstand-in-suedtirol-ja-dieses-foto-von-bundespraesident-steinmeier-ist-aktuell-er-entschuldigte-sich-dafuer.png,train
images/old-and-unrelated-images-are-being-falsely-shared-as-those-of-recent-floods-in-bihar.png,train
images/old-and-unrelated-images-are-shared-attributing-them-to-the-indian-military-and-kashmir.png,train
images/old-foreign-photos-recycled-as-recent-military-raid-of-terrorist-camp.png,train
images/old-image-being-used-to-depict-recent-chennai-floods.png,train
images/old-image-devendra-fadnavis-having-food-goes-viral-amid-pmc-bank-crisis-1612303-2019-10-23.png,train
images/old-image-from-canada-is-shared-as-sikhs-offering-langar-in-ukraine-amidst-the-ongoing-russia-ukraine-conflict.png,train
images/old-image-is-being-shared-as-nupur-sharma-visited-a-temple-after-suspension-from-the-bjp.png,train
images/old-image-of-a-bulldozer-razing-off-a-construction-is-passed-off-as-recent.png,train
images/old-image-of-a-container-home-is-shared-as-interior-view-of-caravans-used-in-bharat-jodo-yatra.png,train
images/old-image-of-a-damaged-road-in-thailand-is-being-attributed-to-indian-roads.png,train
images/old-image-of-a-monk-serving-food-to-muslim-men-is-shared-as-the-iskcon-monk-killed-in-recent-bangladesh-communal-clashes.png,train
images/old-image-of-akhilesh-yadav-serving-food-with-shoes-on-is-shared-as-from-recent-navratri-festivities.png,train
images/old-image-of-an-english-cricketer-is-morphed-so-as-to-look-like-swamy-vivekananda-is-bowling-in-a-cricket-match.png,train
images/old-image-of-an-envelope-with-cash-samajwadi-party-symbol-is-shared-linking-it-to-the-ongoing-up-elections.png,train
images/old-image-of-bhagwant-mann-celebrating-holi-is-passed-off-as-mann-caught-stealing-a-bike.png,train
images/old-image-of-rakhi-sawant-arriving-in-hijab-at-a-gym-is-being-linked-to-the-ongoing-hijab-row.png,train
images/old-image-of-rohingyas-entering-bangladesh-is-passed-off-as-assam-infiltrations.png,train
images/old-image-of-uttaranchal-university-students-attending-convocation-is-being-shared-linking-it-to-the-ongoing-hijab-row.png,train
images/old-images-are-falsely-shared-as-gautama-buddha-statues-found-at-ram-janmabhoomi-in-ayodhya.png,train
images/old-images-shared-as-people-killed-in-bengaluru-police-firing-during-protests-against-nupur-sharmas-comments-on-prophet-muhammad.png,train
images/old-left-rally-image-shared-bjp.png,train
images/old-military-exercise-photo-is-linked-to-clashes-between-india-and-china-at-eastern-ladakh.png,train
images/old-photo-and-video-of-election-rallies-in-bihar-and-mp-are-being-shared-in-the-current-context.png,train
images/old-photo-farmer-long-march-revived-protests-delhi-1745530-2020-11-30.png,train
images/old-photo-from-gujarat-shared-now-as-visuals-of-mosque-demolition-in-uttar-pradesh.png,train
images/old-photo-from-uttar-pradesh-shared-as-muslim-man-sitting-on-a-mahatma-gandhi-statue-in-rajasthan.png,train
images/old-photo-is-shared-as-related-to-the-recent-bombing-in-peshawar-pakistan.png,train
images/old-photo-of-a-demolished-temple-in-jaipur-falsely-linked-to-the-recent-anti-encroachment-drive-in-alwar.png,train
images/old-photo-of-a-mob-assault-in-bengal-is-shared-as-humiliation-of-hindu-women-by-muslim-tmc-leaders.png,train
images/old-photo-of-jagdish-sonkar-ias-keeping-his-leg-on-a-hospital-bed-is-shared-as-a-recent-incident.png,train
images/old-photo-of-rahul-gandhi-with-his-niece-is-shared-with-a-misleading-narrative-linking-it-to-the-bharat-jodo-yatra.png,train
images/old-photo-shared-as-clouds-taking-the-form-of-lord-ganesh-during-covid19-times.png,train
images/old-photo-shared-as-recent-picture-of-slums-covered-up-during-uk-prime-minister-boris-johnsons-visit-to-gujarat.png,train
images/old-photos-from-akhilesh-yadavs-regime-are-shared-as-the-recent-pictures-of-muslim-houses-bulldozed-by-the-yogi-adityanath-government-in-up.png,train
images/old-photos-from-maharashtra-shared-as-evm-machines-robbery-in-bihar.png,train
images/old-photos-used-to-depict-weapons-deployed-by-russia-in-the-ongoing-crisis-with-ukraine.png,train
images/old-picture-from-akwa-ibom-militant-attack-used-to-depict-lekki-tollgate-death.png,train
images/old-picture-from-uttarakhand-shared-as-gujarat-school-1882504-2021-11-30.png,train
images/old-picture-got-viral-with-wrong-claim-related-to-karauli-riots.png,train
images/old-picture-quran-desecration-revived-amid-anti-hindu-riots-bangladesh-1865883-2021-10-17.png,train
images/old-picture-recirculated-to-claim-new-set-of-ritualist-arrested-in-ogun.png,train
images/old-picture-used-to-depict-fbi-operatives-in-nigeria-to-arrest-abba-kyari.png,train
images/old-picture-used-to-depict-recent-poisoning-of-cows-in-ondo.png,train
images/old-picture-used-to-depict-russia-attack-on-ukraine.png,train
images/old-pictures-kanika-kapoor-prince-charles-viral-coronavirus-royal-1659755-2020-03-26.png,train
images/old-pictures-used-to-depict-current-status-of-enugu-airport.png,train
images/old-unrelated-image-falsely-shared-as-rss-members-attacked-a-hindu-woman-for-offering-sehri-to-a-muslim-kashmiri-girl-recently.png,train
images/old-unrelated-images-are-passed-off-as-those-from-recent-airstikes-on-abu-dhabi.png,train
images/old-unrelated-images-are-passed-off-attributing-them-to-the-recent-naxal-instigated-ied-blast-in-chhattisgarh.png,train
images/old-unrelated-images-of-suicide-are-being-falsely-atttributed-to-the-agnipath-protests.png,train
images/old-unrelated-pictures-shared-as-visuals-of-turkey-forest-fire-1836882-2021-08-04.png,train
images/online-posts-falsely-pass-off-2019-photo-as-abba-kyaris-extradition-to-the-us.png,train
images/pais-de-trump-aparecem-com-uniformes-do-grupo-extremista-ku-klux-klan-numa-fotografia-ao-lado-do-filho.png,train
images/pankaj-munde-cry-photo.png,train
images/parachuting-cow-warning-signs.png,train
images/parasite-fish-tongue-mouth.png,train
images/paris-hilton-britney-spears-selfie.png,train
images/paro-nacional-colombia-2019-es-falso-que-la-foto-de-marcha-en-bogota-sea-de-la-movilizacion-del-21n-22n-video.png,train
images/partido-alianca-publicou-imagem-da-antiga-urss-como-se-fosse-de-portugueses-na-praia-em-1970.png,train
images/partly-false-most-of-these-images-do-not-show-an-attack-in-wollega-in-2022-730f93f3738a.png,train
images/partly-false-not-all-these-images-show-explosions-in-kampala-235243cf1689.png,train
images/partly-false-not-all-these-images-show-military-deployment-in-kayunga-uganda-21b5b3f2313b.png,train
images/partly-false-one-of-these-images-does-not-show-scenes-from-the-russia-ukraine-war-22ff9afccd9b.png,train
images/partly-false-one-of-these-images-doesnt-show-olusegun-obasanjo-meeting-with-ethiopian-opposition-a6eb44c04862.png,train
images/partly-false-some-of-these-images-do-not-show-scenes-from-the-kampala-bomb-blasts-b84a2e65f2f9.png,train
images/partly-false-these-images-do-not-show-the-benishangul-gumuz-army-and-an-ethiopian-helicopter-b685a6f33d2d.png,train
images/partly-false-these-photos-showing-tourist-destinations-are-not-all-from-uganda-7e3f1c22ed16.png,train
images/partly-false-this-image-does-not-show-kalenjins-militia-armed-with-poisoned-bows-and-arrows-c6ce2c825edb.png,train
images/partly-false-this-image-does-not-show-kyiv-before-and-after-the-russian-invasion-216d3d9d309c.png,train
images/partly-false-this-image-does-not-show-the-chelenqo-massacre-commemoration-on-2-march-2022-4148af70fe80.png,train
images/partly-false-three-of-these-images-do-not-show-victims-of-drought-in-the-oromia-region-of-ethiopia-a54bbdcde82.png,train
images/partly-false-two-of-the-images-do-not-show-an-attack-on-odessa-in-2022-c9be4f4c09bb.png,train
images/partly-false-two-of-these-images-are-not-related-to-russias-recent-attack-on-kyiv-3de6254881ba.png,train
images/partly-false-two-of-these-images-do-not-show-the-drought-in-ethiopia-in-2021-933e6510772d.png,train
images/patel-statue-poverty-photo.png,train
images/patrick-stewart-star-trek-audition.png,train
images/pelosi-tweet-willie-mays.png,train
images/penis-island.png,train
images/pennsylvania-trump-rally.png,train
images/peter-doocy-barn.png,train
images/phallic-plant-photo.png,train
images/photo-dalit-activist-jnu-professor-kancha-ilaiah-viral-misleading-1622045-2019-11-23.png,train
images/photo-dual-gender-cardinal.png,train
images/photo-fabrication-by-politicano-presents-chinese-soldiers-instead-of-a-military-operation-in-burma-2.png,train
images/photo-from-a-film-is-being-falsely-shared-as-a-kid-from-jat-community-shot-in-the-chest-in-2016.png,train
images/photo-from-bangladesh-is-shared-as-visuals-of-muslims-offering-namaz-prayers-on-a-road-in-india.png,train
images/photo-hole-drilled-on-mars.png,train
images/photo-manipulation-bosnia-instead-kosovo-1995-instead-1999.png,train
images/photo-manipulation-by-ntv-on-mccain-s-alleged-meeting-with-al-baghdadi-2.png,train
images/photo-manipulation-by-sakinformi-2.png,train
images/photo-manipulation-protest-bangladeshi-citizens-instead-support-german-citizens.png,train
images/photo-manipulation-saqinform-regards-usa-and-ukraine-supporters-nazism.png,train
images/photo-of-a-merchant-navy-engineer-is-shared-as-a-senior-lady-indian-navy-officer-from-a-poor-family-in-jalandhar.png,train
images/photo-of-a-rescued-boy-is-falsely-portrayed-as-boy-arrested-for-being-a-muslim.png,train
images/photo-of-arvind-kejriwal-and-bhagwant-mann-sitting-in-a-farm-had-been-morphed-to-show-that-they-were-in-front-of-liquor-shops.png,train
images/photo-of-baba-bhalegiri-ji-maharaj-performing-agni-tapasya-in-haryana-is-shared-as-an-ice-clad-yogi-in-himalayas.png,train
images/photo-of-jayshah-with-urvashi-rautelas-brother-is-shared-as-that-with-the-son-of-pakistani-general.png,train
images/photo-of-lal-singh-chaddhas-press-meet-in-chennai-is-being-shared-with-a-misleading-narrative.png,train
images/photo-of-meruvardhanaswami-temple-is-shared-as-that-of-shital-nath-temple-in-jammu-and-kashmir.png,train
images/photo-of-pakistani-security-cover-to-sri-lankan-team-in-2019-is-shared-as-that-to-new-zealand-cricket-team.png,train
images/photo-of-scala-dei-turchi-in-sicily-italy-is-falsely-shared-as-rainbow-mountain-in-peru.png,train
images/photomanipulation-about-building-european-parliament-social-network.png,train
images/photomanipulation-saqinform-about-john-mccain-and-rustavi-2.png,train
images/photos-delhi-riots-linked-communal-tension-telangana-bhainsa-1779022-2021-03-13.png,train
images/photos-of-a-father-and-son-in-skin-to-skin-therapy-are-being-misused-to-represent-a-false-and-unscientific-narrative.png,train
images/photos-of-accidentally-burnt-maa-kali-idol-in-west-bengal-is-shared-with-a-false-communal-narrative.png,train
images/photos-of-bear-attack-in-andhra-pradesh-are-falsely-shared-as-a-tiger-attack-in-jharkhand.png,train
images/photos-of-the-attack-on-congress-party-men-in-2016-are-being-re-circulated-with-misleading-claims.png,train
images/photos-show-damaged-tejas-express-windows-before-its-introduction-on-the-mumbai-karmali-route-in-2017.png,train
images/photoshoot-picture-depicting-yashoda-and-krishna-is-falsely-shared-as-a-painting-of-raja-ravi-verma.png,train
images/photoshopped-kapil-sibal-wife-inside-slaughterhouse-1559254-2019-06-30.png,train
images/photoshopped-manipulation-about-giorgi-kandelaki-dreaming-of-dragging-the-patriarch-out-of-the-church.png,train
images/picture-coffins-no-relation-covid19-coronavirus-deaths-italy-1658475-2020-03-22.png,train
images/picture-from-bangladesh-is-shared-as-hindu-family-converting-to-islam-in-rajasthan.png,train
images/picture-of-ashraf-ghani-bagram-visit-shared-as-ex-afghan-prez-fleeing-taliban-1845375-2021-08-25.png,train
images/picture-of-banjara-singer-is-being-circulated-as-that-of-ranchi-collector-taking-charge-in-traditional-uniform.png,train
images/picture-of-little-russian-girl-passed-off-as-palestinian-victim-of-israeli-strikes-1805004-2021-05-20.png,train
images/picture-of-pride-parade-kolkata-goes-viral-jnu-protest-hindu-culture-1755869-2021-01-04.png,train
images/picture-of-rahul-gandhi-with-dakota-johnson-again-got-viral.png,train
images/picture-of-statue-of-liberty-replica-in-france-shared-as-new-yorks-statue-of-liberty-draped-in-a-ukrainian-flag.png,train
images/pictures-of-2017-violence-in-ibadan-used-to-depict-attack-on-sars-officers-in-enugu.png,train
images/pictures-of-a-woman-diagnosed-with-ovarian-cancer-are-shared-with-a-false-narrative-that-she-gave-birth-to-nine-babies-at-once.png,train
images/pictures-shot-during-the-yogi-adityanath-govt-in-up-are-shared-as-despair-conditions-of-schools-during-sp-tenure.png,train
images/pm-modi-banner-photoshop.png,train
images/pm-modi-photoshop-news-cards.png,train
images/pm-modi-visit-army-hospital-photos.png,train
images/pm-modi-was-clicking-pictures-with-a-closed-lens-camera.png,train
images/policemen-protest-anti-caa-citizenship-amendment-act-viral-photo-1630425-2019-12-21.png,train
images/politicano-publishes-a-photo-manipulation-about-zbigniew-brzezinski-2.png,train
images/politicanos-photo-and-factual-manipulation-about-hillary-clinton-2.png,train
images/polizisten-sichern-weihnachtsmarkt-foto-entstand-in-frankreich-nicht-in-deutschland.png,train
images/polymer-drone-flies-just-bugs.png,train
images/porcupine-selfie.png,train
images/post-con-fotos-de-la-reciente-tormenta-invernal-en-texas-es-enganoso.png,train
images/post-que-adjunta-fotos-de-la-reciente-erupcion-del-volcan-etna-es-enganoso.png,train
images/praggnanandhaa-viboothi-photoshop.png,train
images/president-obama-marching.png,train
images/priest-training-center-viral-image.png,train
images/prince-harry-nazi-costume.png,train
images/proteste-in-serbien-nur-zwei-dieser-bilder-sind-aktuell-und-aus-belgrad.png,train
images/protesters-hyde-park-rubbish.png,train
images/publicacion-sobre-sequia-en-kenia-presenta-algunas-imagenes-enganosas.png,train
images/pulwama-attack-coffins-wrong-photos.png,train
images/punjab-cm-channi-old-photo-on-electricity-pole-1868048-2021-10-22.png,train
images/questions-around-photogragh-of-a-man-acclaimed-to-be-the-tallest-man-in-nigeria.png,train
images/quran-nz-attack-photo.png,train
images/real-life-spongebob-and-patrick.png,train
images/reality-behind-the-luxury-caravans-pictures-of-rahul-gandhi.png,train
images/reality-of-the-image-which-got-viral-as-uttarkashi-bus-accident.png,train
images/repeated-photo-manipulation-asaval-dasavali-about-nato-0.png,train
images/ricarda-lang-bildcollage-zeigt-erfundenen-dialog-bei-markus-lanz-ueber-russlands-grenze.png,train
images/rien-natteste-un-lien-entre-cette-photo-avec-des-femmes-en-hijab-et-le-scandale-dubai-porta-potty.png,train
images/rjd-uttarpradesh-claimed-actor-vin-diesel-as-cm-yogi-picture-got-viral.png,train
images/rob-cantrell-screaming-protest.png,train
images/robot-bodyguard-king-of-bahrain.png,train
images/rockefeller-christmas-trees-real.png,train
images/roosevelt-lincoln-funeral.png,train
images/rumaenien-dieses-foto-entstand-nicht-bei-einer-aktuellen-demonstration-gegen-die-regierung.png,train
images/russie-ukraine-des-anciennes-images-utilisees-pour-faussement-illustrer-un-soutien-des-maliens-a-la-russie.png,train
images/satire-ce-vieux-appareil-photo-nest-pas-celui-ayant-filme-le-match-rdc-bresil-en-1974.png,train
images/satire-cette-image-de-lattaquant-du-real-madrid-vinicius-junior-a-ete-truquee.png,train
images/satire-cette-photo-de-joe-biden-avec-le-politicien-kenyan-william-ruto-est-truquee.png,train
images/satire-le-fc-barcelone-ne-plante-pas-des-pasteques-dans-son-stade-cette-image-est-trafiquee.png,train
images/satire-this-cover-of-a-history-and-government-textbook-with-photos-of-raila-odinga-filing-522492916c7d.png,train
images/satire-this-image-claiming-russia-has-signed-american-basketball-player-brittney-griner-to-a-2243992548f1.png,train
images/satire-this-image-does-not-show-a-police-car-collecting-water-for-fire-brigade-trucks-in-kampala-319f5c44bc8c.png,train
images/satire-this-image-of-a-book-allegedly-authored-by-president-uhuru-kenyatta-is-satirical-f89cddc6d7b5.png,train
images/satire-this-image-showing-a-ksh6-000-banknote-with-raila-odingas-face-is-fabricated-da443f27da2b.png,train
images/satire-this-image-shows-neither-taye-dendea-nor-muferiat-kamil-8c1b45e4f999.png,train
images/satire-une-ancienne-photo-de-lathlete-usain-bolt-le-presentant-comme-un-joueur-de-lom.png,train
images/sc-judges-surya-kant-and-jb-pardiwala-are-not-in-this-photo-with-prannoy-roy-and-radhika-roy.png,train
images/scammers-use-childs-old-sick-photos-to-defraud-victims-online.png,train
images/select-images-from-different-sco-summits-are-shared-to-picture-manmohan-singh-as-a-stronger-pm-than-narendra-modi.png,train
images/selfie-taken-dead-coworker.png,train
images/shelter-pets-surrender-photo.png,train
images/shirts-blacks-for-trump.png,train
images/shopping-aisle-empty-socialism.png,train
images/sikh-farmer-mustache-viral-image.png,train
images/sikkim-rhubarb-plant-photo-shared-as-400-year-mahameru-arya-pushpam.png,train
images/sim-fotografia-viral-da-detencao-de-alegado-incendiario-em-montemor-o-novo-e-autentica.png,train
images/singapore-flood-photos.png,train
images/skole-udskammer-angiveligt-uvaccinerede-elever-men-billede-stammer-faktisk-fra.png,train
images/snake-anaconda-snorkeler-photo.png,train
images/soldier-carrying-donkey.png,train
images/stairs-abandoned-button-factory.png,train
images/stalin-grandson-picture.png,train
images/stalin-table-tennis-picture.png,train
images/stop-5g-georgia-george-soros-and-troll-using-grigol-makaryan-s-photo.png,train
images/stuttgart-nutzer-teilen-alte-fotos-verletzter-polizisten-aus-australien-im-falschem-kontext.png,train
images/supermoon-temple-poseidon-greece.png,train
images/sur-cette-photo-koffi-olomide-nest-pas-en-tenue-militaire-il-na-pas-rejoint-larmee.png,train
images/swedish-vallhund-wolf-corgi-photo.png,train
images/tamilnadu-bjp-car-pothole-image.png,train
images/tashfeen-malik-face-photo.png,train
images/tatabu-bridge-collapsed-in-2017-not-recently-as-claimed-in-viral-picture.png,train
images/tb24-disseminates-photo-fake-and-disinformation-about-ukraine.png,train
images/tea-cup-sallie-prostitution.png,train
images/team-mitch-aoc.png,train
images/telangana-encounter-photos.png,train
images/telugu-1971-photo-is-falsely-shared-as-hindu-families-being-thrown-out-of-telangana-by-nizams-in-1948.png,train
images/telugu-2013-kumbh-mela-photo-is-falsely-linked-to-ongoing-farmers-protest.png,train
images/telugu-2014-photo-from-north-syria-is-shared-as-that-of-a-family-who-lost-a-person-in-delhi-riots.png,train
images/telugu-2015-photo-shared-as-funeral-rites-of-recently-died-pregnant-elephant-in-kerala.png,train
images/telugu-2016-photo-shared-as-pm-modis-mother-hiraben-modi-being-recently-treated-at-a-government-hospital.png,train
images/telugu-2017-image-shared-as-president-ramnath-kovind-pouring-gau-muthra-on-globe-to-prevent-coronavirus.png,train
images/telugu-2017-photo-shared-as-police-mishandling-woman-at-recent-protests-in-amaravati.png,train
images/telugu-2018-photo-of-trs-leader-campaign-is-falsely-linked-to-dubbaka-assembly-bypoll.png,train
images/telugu-3-year-old-photos-shared-as-toddler-drinking-milk-from-dead-migrant-worker-recently.png,train
images/telugu-a-photo-taken-in-the-philippines-during-2020-typhoon-is-morphed-and-shared-as-situation-in-delhi.png,train
images/telugu-akshardham-temple-photo-shared-as-that-of-hindu-temple-in-dubai.png,train
images/telugu-allahabad-under-bridge-image-shared-as-the-one-from-varanasi.png,train
images/telugu-an-unrelated-old-photo-is-being-shared-of-women-in-afghanistan-being-chained-and-auctioned-off.png,train
images/telugu-ap-cm-ys-jagan-photo-in-i-pac-office-shared-as-that-in-west-bengal-cm-mamata-banerjee-office.png,train
images/telugu-bangladesh-person-picture-falsely-shared-as-the-killer-of-a-family-in-west-bengal.png,train
images/telugu-constituent-assembly-has-taken-a-unanimous-decision-to-include-the-image-of-lord-ram-in-the-constitution-it-is-not-ambedkars-own-decision.png,train
images/telugu-demonstration-photos-from-nellore-are-shared-as-people-responsible-for-delhi-riots.png,train
images/telugu-edited-photo-shared-as-bjp-activists-painting-the-kashmir-files-letters-on-the-gate-of-arvind-kejriwal-house.png,train
images/telugu-edited-photo-shared-as-israel-named-its-f-16-fighter-jets-after-soumya-santosh-who-was-killed-in-hamas-strike.png,train
images/telugu-edited-photo-shared-as-priyanka-gandhi-photographer-lying-on-the-floor-and-taking-photos.png,train
images/telugu-edited-picture-is-shared-to-portray-as-if-wife-was-hit-by-husband-for-not-wearing-burkha.png,train
images/telugu-fake-photos-shared-as-mahatma-gandhi-moving-closely-with-women.png,train
images/telugu-gandhi-photos-should-be-removed-thanks-to-godse-was-a-sarcastic-tweet-by-this-ias-officer.png,train
images/telugu-image-showing-up-cm-adityanath-drinking-cow-urine-is-photoshopped.png,train
images/telugu-in-this-photo-nehru-is-wearing-a-seva-dal-uniform-not-an-rss-uniform.png,train
images/telugu-joe-biden-is-not-sitting-infront-of-george-floyd-daughter-in-this-picture.png,train
images/telugu-late-tamil-nadu-cm-jayalalithaa-picture-with-the-tamil-author-sivasankari-shared-as-that-with-nirmala-sitharaman.png,train
images/telugu-mid-day-meal-program-photo-from-bihar-is-shared-as-that-from-andhra-pradesh.png,train
images/telugu-morphed-photo-is-shared-as-sachin-pilot-joining-bjp.png,train
images/telugu-morphed-photo-shared-500-rupees-for-participating-in-shaheen-bagh-protests.png,train
images/telugu-morphed-photo-shared-as-a-person-set-foot-on-ambedkars-portrait-in-uttar-pradesh.png,train
images/telugu-morphed-photo-shared-as-harish-rao-playing-drum-with-vote-for-lotus-symbol.png,train
images/telugu-morphed-photo-shared-as-kangana-ranaut-posting-an-image-from-google-as-her-dish.png,train
images/telugu-morphed-photo-shared-as-kerala-cm-pinarayi-name-on-accused-gold-smuggler-swapna-suresh-hand.png,train
images/telugu-morphed-photo-shared-as-nara-lokesh-riding-a-bike-with-y-s-jagan-photo.png,train
images/telugu-morphed-photo-shared-as-pm-narendra-modi-dressed-in-muslim-attire.png,train
images/telugu-morphed-photo-shared-as-rajnath-singh-inscribing-swastik-and-om-on-rafale-jets-at-the-induction-ceremony.png,train
images/telugu-morphed-photo-shared-as-sanjay-raut-serving-biscuits-to-pm-modi-and-cm-uddhav-thackeray.png,train
images/telugu-morphed-photo-shared-as-sarika-haasan-begging-on-the-streets.png,train
images/telugu-multiple-old-photos-are-being-shared-in-the-context-of-recent-farmers-protest-in-delhi.png,train
images/telugu-not-vikram-lander-apollo-space-craft-photo-of-moon.png,train
images/telugu-old-3d-rendering-photo-of-asia-now-shared-as-nasa-live.png,train
images/telugu-old-and-unrelated-photos-are-being-shared-as-those-related-wildfire-spreading-in-turkey.png,train
images/telugu-old-and-unrelated-photos-falsely-shared-as-ooty-coimbatore-roads-have-been-claimed-by-its-original-owners.png,train
images/telugu-old-image-from-a-2019-left-front-rally-is-being-shared-as-a-recent-one-from-congress-left-meeting.png,train
images/telugu-old-images-shared-as-china-taking-training-from-canada-army-to-challenge-indian-army.png,train
images/telugu-old-photo-from-kerala-is-falsely-linked-to-diwali-celebrations-in-ayodhya.png,train
images/telugu-old-photo-is-linked-to-recent-incidents-of-churches-being-burned-in-canada.png,train
images/telugu-old-photo-of-a-khalistani-rally-in-london-is-being-attributed-to-farmers-in-india.png,train
images/telugu-old-photo-of-khalistan-supporters-arrest-is-falsely-linked-to-farmer-protests.png,train
images/telugu-old-photo-of-smriti-irani-visit-to-hyderabad-shared-as-recent.png,train
images/telugu-old-photos-are-being-attributed-to-the-current-kumbh-mela.png,train
images/telugu-old-photos-are-shared-as-robbery-gang-currently-roaming-in-telugu-states-1.png,train
images/telugu-old-photos-of-chinese-carrying-ak-47-in-pakistan-shared-as-recent.png,train
images/telugu-old-photos-shared-as-american-soldiers-reached-india-in-support-to-fight-against-china.png,train
images/telugu-old-photos-shared-as-scenes-behind-modi-plogging-at-mamallapuram-beach.png,train
images/telugu-old-unrelated-photos-being-shared-as-organ-traders-caught-in-odisha.png,train
images/telugu-pakistan-and-gaza-photos-are-being-shared-as-pictures-of-cow-slaughter-in-india.png,train
images/telugu-pakistan-combat-aircraft-jf-17-thunder-photo-is-shared-as-indian-foghter-jet-tejas.png,train
images/telugu-photo-from-2018-protests-linked-to-the-ongoing-farmers-protest.png,train
images/telugu-photo-from-chattisgarh-is-shared-as-arrogant-attitude-of-jagtial-collector.png,train
images/telugu-photo-from-maharashtra-shared-as-bad-situation-of-govt-hospitals-in-andhra-pradesh.png,train
images/telugu-photo-from-malaysia-shared-as-that-of-indonesian-doctor-who-died-treating-coronavirus-patients.png,train
images/telugu-photo-of-an-us-navy-ship-is-being-attributed-recently-held-indian-navy-day-celebrations.png,train
images/telugu-photo-of-houses-submerged-in-rain-water-in-telangana-is-shared-as-that-from-andhra-pradesh.png,train
images/telugu-photo-of-indira-gandhi-eating-corn-is-being-shared-as-her-consuming-fish.png,train
images/telugu-photo-of-people-walking-in-the-rainwater-logged-under-a-railway-bridge-in-up-shared-as-that-from-gujarat.png,train
images/telugu-photo-of-yeduyurappa-with-naga-sadhus-photoshopped-to-include-amit-shah.png,train
images/telugu-photos-of-old-covid-centres-in-america-are-shared-as-those-from-telangana.png,train
images/telugu-photos-of-people-died-due-to-lightning-are-falsely-shared-as-that-they-have-died-due-to-an-insect-bite.png,train
images/telugu-photos-of-severed-hands-from-an-attack-in-rajasthan-are-being-shared-with-unrelated-fictional-stories.png,train
images/telugu-photos-of-silicone-dolls-are-shared-as-human-born-to-a-pig-in-yadadri-bhuvanagiri-district.png,train
images/telugu-photoshopped-image-of-a-giant-skeleton-is-shared-as-the-skeleton-of-ghatotkacha.png,train
images/telugu-photoshopped-image-of-snake-in-god-shiva-archana.png,train
images/telugu-pm-cares-is-actually-written-on-this-ventilator-it-is-not-a-fake-image.png,train
images/telugu-prabha-minj-muni-girl-trafficker-sitting-with-kejriwal-in-this-photo-was-arrested-by-delhi-police-in-2018-not-recently.png,train
images/telugu-protest-photos-against-caa-nrc-from-shaheen-bagh-falsely-linked-to-farmers-protest.png,train
images/telugu-rahul-gandhi-migrant-photo-is-taken-after-his-discussion-with-migrants.png,train
images/telugu-rupee-devalued-even-before-the-print-of-mahatma-gandhi-photo-on-the-currency.png,train
images/telugu-select-photos-of-modi-and-manmohan-singh-are-misleadingly-shared-mentioning-actual-context.png,train
images/telugu-select-photos-shared-as-difference-in-respect-shown-towards-jawans-by-manmohan-and-modi.png,train
images/telugu-shivaji-statue-and-bal-thackeray-photo-were-hanged-in-uddhav-thackeray-office-even-before-shiv-sena-mlas-revolt.png,train
images/telugu-swami-vidyanand-videh-did-not-slap-nehru-this-photo-was-taken-in-1962-at-a-public-meeting-in-patna.png,train
images/telugu-the-booke-in-the-picture-does-not-represent-1800-year-old-bhagavatham.png,train
images/telugu-the-elderly-man-detained-with-chains-in-this-photo-is-not-tribal-rights-activist-stan-swamy.png,train
images/telugu-the-girl-in-the-photo-is-not-from-syria-but-iraq.png,train
images/telugu-the-girl-with-rahul-gandhi-in-this-photo-is-not-muskan-khan-she-is-jharkhand-congress-mla-amba-prasad.png,train
images/telugu-the-one-holding-umbrella-for-modi-in-this-picture-is-kyrgyzstan-president-not-chinese-premier.png,train
images/telugu-the-pastor-in-this-photo-is-not-andhra-pradesh-new-election-commissioner-justice-v-kanagaraj.png,train
images/telugu-the-person-in-this-photo-doesnt-show-a-siddha-yogi-who-had-been-meditating-for-many-years.png,train
images/telugu-the-person-in-this-photo-is-not-the-decapitated-france-teacher-samuel-paty.png,train
images/telugu-the-persons-who-are-ips-probationers-in-the-picture-are-not-siblings-but-batchmates.png,train
images/telugu-the-photo-was-taken-when-venkaiah-naidu-cried-remembering-jaipal-reddy.png,train
images/telugu-the-sculpture-in-this-picture-is-only-about-2900-years-old-and-does-not-belong-to-india.png,train
images/telugu-the-si-and-labourer-in-this-photo-are-not-same-person.png,train
images/telugu-the-us-government-has-not-printed-ambedkar-picture-on-100-note.png,train
images/telugu-the-woman-in-the-uniform-is-an-actress-and-the-girl-in-the-photo-is-from-pakistan.png,train
images/telugu-the-woman-in-these-photos-is-nisha-ghimire-a-nepali-model-not-a-miss-world-she-died-in-a-road-accident.png,train
images/telugu-the-woman-in-this-photo-farkhunda-malikzad-was-killed-by-a-mob-in-afghanistan-for-allegedly-burning-a-quran.png,train
images/telugu-the-woman-in-this-photo-is-not-nirmala-sitharaman-daughter.png,train
images/telugu-the-woman-in-this-picture-is-not-the-daughter-of-former-madhya-pradesh-cm-digvijay-singh.png,train
images/telugu-the-woman-trying-to-snatch-the-photo-of-mother-india-in-this-video-is-not-a-muslim.png,train
images/telugu-these-images-show-trinidad-tobago-members-of-parliament-taking-oath-on-the-bhagavadgita.png,train
images/telugu-these-photos-being-circulated-as-old-pictures-of-narendra-modi-draupadi-murmu-and-eknath-shinde-are-fake.png,train
images/telugu-these-pictures-do-not-show-virat-anushkas-newborn-baby.png,train
images/telugu-this-image-does-not-show-ram-temple-construction-in-ayodhya.png,train
images/telugu-this-image-is-not-from-the-vetri-vel-yatra-being-organized-by-bjp-in-tamil-nadu.png,train
images/telugu-this-image-of-imran-khan-at-modi-meeting-is-photoshopped.png,train
images/telugu-this-image-shows-wrong-prices-of-essential-commodities-like-pulses-in-2014-and-2021.png,train
images/telugu-this-is-not-the-picture-of-modi-with-world-leaders.png,train
images/telugu-this-photo-does-not-represent-recent-attack-on-pakistan-by-indian-soldiers.png,train
images/telugu-this-photo-doesnt-show-a-5500-year-old-statue-of-three-lions.png,train
images/telugu-this-photo-is-not-of-a-computer-and-keyboard-board-sculpture-in-a-shiva-temple-built-1400-years-ago.png,train
images/telugu-this-photo-is-not-related-to-the-incident-where-mothers-skeleton-was-found-by-her-son-returning-from-america.png,train
images/telugu-this-photo-of-aishe-ghosh-is-captured-before-her-injury.png,train
images/telugu-this-photo-of-charanjit-singh-channi-on-top-of-a-electric-pole-is-from-2016-before-he-became-the-chief-minister-of-punjab.png,train
images/telugu-this-photo-of-indian-flag-being-burnt-is-from-pakistan.png,train
images/telugu-this-photo-of-man-being-washed-away-in-the-floods-is-from-jaipur-not-hanmakonda-telangana.png,train
images/telugu-this-photo-of-mp-dharmapuri-arvind-and-teenmar-mallanna-with-a-bottle-of-liquor-under-the-table-is-morphed.png,train
images/telugu-this-picture-is-not-of-the-12-year-old-girl-who-was-stopped-from-entering-sabarimala-temple.png,train
images/telugu-this-picture-of-a-soldier-in-extreme-weather-condition-is-not-of-an-indian-soldier.png,train
images/telugu-this-viral-photo-of-a-person-below-police-foot-is-not-from-current-protests-against-caa.png,train
images/telugu-unrelated-image-from-haryana-shared-as-rjd-workers-dumping-sweets-after-the-election-loss-in-bihar.png,train
images/telugu-unrelated-photos-are-shared-of-scenes-of-dwarka-city-built-by-lord-krishna-5000-years-ago.png,train
images/texas-arkansas-snow-removal-road.png,train
images/the-axe-symbol-in-this-photo-can-be-seen-on-the-army-tanks-in-the-2013-r-day-parade-too.png,train
images/the-beef-menu-in-this-photo-is-not-related-to-silly-souls-goa-cafe-bar-goa.png,train
images/the-children-in-the-photo-have-already-been-handed-over-to-their-families-by-the-prayagraj-police-up.png,train
images/the-device-in-the-photo-is-a-digital-sundial-that-displays-time-only-during-daylight-hours.png,train
images/the-human-shaped-pylons-in-these-pictures-are-just-proposals-they-are-yet-to-be-constructed.png,train
images/the-image-of-a-crowded-river-from-finland-went-viral-as-it-is-of-the-us.png,train
images/the-image-of-nainital-2022-that-was-compared-with-nainital-2010-in-this-collage-is-actually-from-bangladesh.png,train
images/the-iraqi-photographer-cried-when-his-country-lost-to-qatar-not-when-dhoni-lost-his-wicket.png,train
images/the-lady-posing-along-with-pm-modi-and-rahul-gandhi-in-these-photos-is-not-the-chinese-diplomat.png,train
images/the-man-posing-with-bhagwat-mann-in-this-photo-is-not-the-sidhu-moosewalas-murder-suspect-goldy-brar.png,train
images/the-man-seen-burning-the-indian-national-flag-in-these-photos-has-already-been-arrested.png,train
images/the-married-couple-in-this-photo-with-big-age-difference-were-not-father-and-daughter.png,train
images/the-massive-crowd-picture-of-modis-siliguri-meeting-was-photoshopped.png,train
images/the-objects-in-this-photo-are-19th-century-male-anti-masturbation-devices.png,train
images/the-person-carrying-a-woman-in-his-arms-in-this-photo-is-actor-jamie-dornan-not-rahul-gandhi.png,train
images/the-person-dancing-with-a-foreign-lady-in-the-photo-is-not-mahatma-gandhi-but-an-australian-artist.png,train
images/the-person-in-this-photo-collage-is-yasin-malik-not-farooq-ahmed-dar.png,train
images/the-person-in-this-photo-with-sonia-gandhi-is-ex-chief-justice-of-india-k-g-balakrishnan-not-mr-justice-j-b-pardiwala.png,train
images/the-photo-does-not-show-players-from-ukraines-football-club-donning-military-gear.png,train
images/the-photo-from-2014-used-to-illustrate-the-siege-of-kharkiv-during-the-2022-war.png,train
images/the-photo-of-the-injured-girl-going-viral-is-from-the-2018-syrian-war-is-again-used-in-the-ukraine-war.png,train
images/the-photo-shows-spilled-phone-books-near-glendale-arizona-not-copies-of-rogets-thesaurus-in-new-york.png,train
images/the-reality-behind-the-viral-picture-of-mamata-banerjee-with-sexiest-comments.png,train
images/the-reality-of-the-viral-picture-of-a-child-who-survived-the-earthquake-in-afghanistan.png,train
images/the-scattered-money-shown-in-this-photo-was-not-thrown-away-by-a-patient-suffering-from-cancer.png,train
images/the-temple-in-this-photo-is-not-the-only-remaining-shiva-temple-in-khyber-pakhtunkhwa-pakistan.png,train
images/the-ventilator-in-this-photo-is-bought-with-pm-cares-funds.png,train
images/the-woman-in-the-photo-with-rahul-gandhi-is-jharkhand-congress-mla-amba-prasad-not-karnatakas-muskan-khan.png,train
images/these-are-not-pictures-of-ipob-news-studio-in-south-africa.png,train
images/these-arent-photos-of-weapons-donated-to-boko-haram-by-france.png,train
images/these-images-showing-pm-modi-visiting-pope-francis-in-a-taxi-were-morphed.png,train
images/these-photos-of-african-refugees-are-not-from-russia-ukraine-crisis.png,train
images/thirumavalavan-photoshop-image.png,train
images/thiruvalluvar-original-picture.png,train
images/this-british-herald-magazine-with-narendra-modi-photo-was-published-in-2019-before-the-covid-19-pandemic-in-india.png,train
images/this-image-is-of-a-rally-in-protest-of-a-judge-who-removed-ambedkars-portrait-in-the-republic-day-program.png,train
images/this-image-of-house-built-on-rail-track-taken-in-kenya-not-potiskum-nigeria.png,train
images/this-image-of-smriti-irani-with-a-glass-of-alcohol-and-rahul-gandhi-on-her-laptop-screen-is-morphed.png,train
images/this-is-a-photoshopped-image-of-a-petrol-bunk-bill.png,train
images/this-is-not-a-picture-of-beirut-after-the-blasts-1708546-2020-08-06.png,train
images/this-is-not-image-of-repentant-bandit-absolved-as-customs-officer.png,train
images/this-is-not-the-picture-of-chatrapati-shivaji-inside-london-museum.png,train
images/this-ndtv-news-screenshot-reporting-the-omicron-virus-spread-from-poultry-chickens-is-a-morphed-image.png,train
images/this-opinion-poll-screenshot-is-an-edited-one-news-24-template-manorama-news-anchor-photo-news-7-tamil-edited-logo.png,train
images/this-photo-collage-is-falsely-shared-to-give-the-impression-that-students-faked-their-injuries-amidst-the-violence-in-jnu-on-ram-navami.png,train
images/this-photo-collage-of-elderly-women-is-falsely-shared-as-bilkis-dadi-visiting-ayodhya.png,train
images/this-photo-does-not-show-an-hindu-family-who-converted-to-islam-in-the-us.png,train
images/this-photo-does-not-show-nicole-kidmans-reaction-to-will-smiths-onstage-confrontation-with-chris-rock-at-the-oscars.png,train
images/this-photo-does-not-show-smriti-iranis-daughter-zoish-irani-getting-engaged.png,train
images/this-photo-does-not-show-supriya-sule-reciting-quran-prayers-in-a-sahitya-sammelan-event-in-maharashtra.png,train
images/this-photo-does-not-show-the-first-iftar-party-of-independent-india-this-lunch-was-hosted-by-sardar-patel.png,train
images/this-photo-does-not-show-the-prasad-served-at-vaishno-devi-temple-it-is-from-a-bhandara-in-haryana.png,train
images/this-photo-doesnt-show-an-1895-car-accident-involving-the-only-two-cars-in-the-us-state-of-ohio.png,train
images/this-photo-had-been-morphed-to-claim-that-the-taliban-were-driving-the-cybertruck.png,train
images/this-photo-is-not-related-to-the-delhi-jama-masjids-dome-which-got-damaged-in-the-recent-storm.png,train
images/this-photo-of-a-massive-crowd-in-islamabad-was-taken-before-imran-khans-removal-as-prime-minister-of-pakistan.png,train
images/this-photo-of-a-new-500-rupee-note-had-been-morphed-with-the-image-of-lord-ram.png,train
images/this-photo-of-a-reindeer-with-glowing-antlers-is-an-artwork-inspired-from-finland.png,train
images/this-photo-of-aam-aadmi-partys-rajya-sabha-mp-raghav-chadha-has-been-edited.png,train
images/this-photo-of-an-airplane-on-a-solar-eclipse-day-is-a-digital-artwork-not-a-real-picture.png,train
images/this-photo-of-kerala-gold-smuggling-case-accused-swapna-suresh-posing-with-pinarayi-vijayans-family-is-a-morphed-one.png,train
images/this-photo-of-russian-president-vladimir-putins-office-with-the-portrait-of-ambedkar-is-morphed.png,train
images/this-photo-of-the-sri-lankan-flag-being-displayed-on-burj-khalifa-was-not-taken-after-the-teams-victory-in-the-2022-asia-cup.png,train
images/this-photo-of-workers-climbing-on-the-pole-to-hoist-a-flag-had-been-morphed-with-that-of-bjps.png,train
images/this-photo-of-yogi-adityanath-drinking-water-from-a-handpump-is-before-he-became-the-cm-of-up.png,train
images/this-photo-shows-an-aboriginal-rock-art-painting-found-in-australia-not-in-caves-of-charama-chhattisgarh.png,train
images/this-photo-shows-images-of-two-different-women-who-belong-to-the-qajar-dynasty-of-persia.png,train
images/this-photo-shows-sringar-chauri-a-temple-in-the-chittorgarh-fort-rajasthan-not-a-mosque.png,train
images/this-photo-shows-wings-models-hub-miss-india-2022-winner.png,train
images/this-picture-is-not-related-to-the-proposed-underground-rail-cum-highway-tunnel-across-the-brahmaputra-river-in-assam.png,train
images/this-picture-of-cows-eating-tomatoes-is-not-from-nigeria.png,train
images/this-picture-of-draupadi-murmu-and-mohan-bhagwat-is-a-morphed-one.png,train
images/this-picture-of-ram-nath-kovind-and-droupadi-murmu-offering-vedic-rituals-is-from-2020.png,train
images/this-time-magazine-cover-page-featuring-pm-modi-with-a-delete-fascism-icon-is-a-morphed-image.png,train
images/tiger-shark-chassahowitzka-river.png,train
images/todos-os-dirigentes-da-juventude-socialista-que-surgem-em-fotografia-viral-tem-cargos-publicos.png,train
images/tolstoyun-son-fotografi-oldugu-iddia-edilen-fotograf.png,train
images/tommy-robinson-protest-photo.png,train
images/trump-2024-flags-china.png,train
images/trump-bible-billboard.png,train
images/trump-face-mask-ford.png,train
images/trump-london-street.png,train
images/trump-rocky-tweet.png,train
images/trump-touch-face-of-veteran.png,train
images/trump-tulsa-rally-crowd.png,train
images/trump-wet-his-pants.png,train
images/trump-white-house-looting.png,train
images/trumps-lev-parnas-igor-fruman.png,train
images/truth-behind-the-image-of-jesus-inside-sanctum-sanctorum-of-a-ganapathy-temple-in-karnataka-1711228-2020-08-14.png,train
images/twitter-foto-de-un-avion-sobrevolando-casi-al-ras-de-los-edificios-es-falsa.png,train
images/ucurum-kenarinda-donus-yapan-arac-goruntusu-gercegi-yansitmiyor.png,train
images/ugly-children-disposal-sign-photo.png,train
images/ukraine-dieses-foto-zeigt-menschen-am-bahnhof-von-charkiw.png,train
images/ukraine-mariupol-nein-diese-fotos-verletzter-frauen-belegen-keinen-inszenierten-angriff.png,train
images/ultranationalist-businessman-s-photo-manipulation-links-athens-fire-to-gay-pride-2.png,train
images/umweltsau-debatte-dieses-foto-ist-gefaelscht.png,train
images/une-image-de-vancouver-faussement-prise-comme-maquette-de-la-prochaine-ville-de-tshikapa-en-2023.png,train
images/une-photo-de-bunia-datant-de-2019-faussement-presentee-comme-de-kikwit-en-soutien-aux-fardc-en-2022.png,train
images/unfall-eines-lkws-von-pfizer-dieses-foto-ist-manipuliert.png,train
images/unrelated-image-shared-claiming-late-fr-stan-swamy-tied-to-his-hospital-bed-1824298-2021-07-06.png,train
images/unrelated-images-are-being-falsely-shared-as-those-of-babri-masjid-2.png,train
images/unrelated-images-are-being-shared-as-visuals-of-alleged-shivling-found-in-the-gyanvapi-mosque.png,train
images/unrelated-images-shared-with-a-fabricated-story-of-a-man-hurting-his-wife-mistaking-her-snake-printed-stockings-for-a-real-snake.png,train
images/unrelated-old-photo-from-madhya-pradesh-shared-as-25-students-caught-making-explosives-in-allahabad-university.png,train
images/unrelated-old-photo-shared-as-people-smuggling-liquor-from-ts-to-ap.png,train
images/unrelated-old-photo-shared-as-picture-of-a-muslim-youth-expressing-tears-of-joy-after-shivling-discovery-in-gyanvapi-mosque.png,train
images/unrelated-old-photo-shared-as-picture-of-a-young-student-who-was-thrashed-for-celebrating-pakistans-victory.png,train
images/unrelated-old-photos-shared-as-recent-pictures-of-empty-theatre-at-the-screening-of-brahmastra-movie.png,train
images/unrelated-photo-is-shared-as-that-of-the-muslim-man-who-was-arrested-in-2017-on-the-charges-of-creating-communal-hatred.png,train
images/unrelated-photos-are-being-falsely-shared-in-the-context-of-covid-19-outbreak-in-italy.png,train
images/unrelated-photos-are-shared-as-the-pictures-of-three-brothers-who-hanged-themselves-after-the-samajwadi-party-loss-in-the-up-elections.png,train
images/unrelated-photos-of-pm-modi-with-nita-ambani-and-tulsi-gowda-are-being-compared-with-a-misleading-narrative.png,train
images/unrelated-picture-shared-as-that-of-jhansi-rani-lakshmibai.png,train
images/unscharfes-foto-von-merkel-nein-der-mundschutz-wurde-nicht-ins-bild-montiert.png,train
images/update-cette-photo-trafiquee-ne-montre-pas-le-futur-aeroport-de-mbuji-mayi-il-sagit-de-celui-de-berlin-brandebourg.png,train
images/us-womens-soccer-nazi-salute.png,train
images/vajpayee-childhood-photo.png,train
images/vaticano-divulga-fotografia-secreta-de-momento-do-atentado-de-1981-contra-joao-paulo-ii-verdadeiro-ou-falso.png,train
images/vegan-food-unsold.png,train
images/vegetarian-chicken-flavored-ham.png,train
images/verfaelschtes-foto-von-fluechtling-aus-eritrea.png,train
images/verwuesteter-regionalzug-dieses-foto-ist-nicht-aktuell-es-stammt-von-2015.png,train
images/vibration-therapy-for-headaches.png,train
images/viral-image-depicting-police-officer-shooting-at-protesters-fact-checked.png,train
images/viral-image-of-indira-gandhi-addressing-soldiers-not-from-galwan-valley-1691538-2020-06-22.png,train
images/viral-image-of-jet-purportedly-manufactured-by-biafrans-misleading.png,train
images/viral-image-rally-rajasthan-recent-haryana-protest-1721187-2020-09-12.png,train
images/viral-photo-gujarat-school-students-filth-madhya-pradesh-1574292-2019-07-27.png,train
images/viral-picture-woman-hugging-crying-kids-not-india-1651401-2020-03-01.png,train
images/viral-test-no-the-funny-picture-going-viral-is-not-from-rahul-gandhi-s-constituency-1290781-2018-07-19.png,train
images/viser-dette-billede-virkelig-fusk-med-brevstemmer-i-usa-0.png,train
images/vladimir-putin-with-fiona-hill.png,train
images/volodimir-zelenskinin-gamali-hacli-forma-ile-fotografi-oldugu-iddiasi.png,train
images/vor-eu-wahl-dieses-foto-soll-die-cdu-laecherlich-machen-es-handelt-sich-aber-um-eine-bildmontage.png,train
images/vrai-cette-photo-montre-des-presumes-bakata-katanga-arretees-en-pleine-incantation-a-ruashi.png,train
images/waldbraende-im-amazonas-gebiet-von-diesen-drei-angeblichen-aktuellen-fotos-sind-zwei-mindestens-16-jahre-alt-und-eins-aus-indien.png,train
images/warum-ein-bild-der-ausgetrockneten-elbe-im-jahr-1904-keinen-klima-schwindel-beweist.png,train
images/was-the-mosque-built-by-the-mughals-by-breaking-the-temple-in-chittorgarh-read-fact-check-of-viral-photo.png,train
images/wearing-kobe-jersey-battle.png,train
images/wedding-rings-holocaust-victims.png,train
images/weltweiter-klimastreik-foto-von-vermuelltem-park-soll-teilnehmer-diskreditieren-es-entstand-aber-im-april-in-london.png,train
images/what-fire-looks-like-in-igloo.png,train
images/where-is-the-canadian-general-and-does-the-photo-of-avia-pro-depict-his-capture.png,train
images/where-was-photo-linked-prime-time-tehran-plane-crash-actually-taken-0.png,train
images/where-was-the-photo-by-haqqin-az-allegedly-showing-the-transit-of-military-equipment-taken.png,train
images/who-disseminates-the-altered-picture-of-queen-elizabeth-ii.png,train
images/who-person-photo-newsfront-ascribes-canadian-intelligence-services-0.png,train
images/who-spreads-an-altered-picture-depicting-the-canadian-prime-minister.png,train
images/who-spreads-photo-manipulation-behalf-mtavari-arkhi.png,train
images/wie-diese-satellitenbilder-der-waldbraende-in-suedamerika-entstanden-sind.png,train
images/wieder-falsche-bilder-ueber-gelbwesten-proteste.png,train
images/woodward-bernstein-photo-nixon.png,train
images/world-economic-forum-private-jets-viral-image-climate-change-davos-meet-false-claim-1956145-2022-05-30.png,train
images/world-tallest-man-image.png,train
images/worlds-first-dab.png,train
images/yes-gunmen-attacked-travellers-on-abuja-kaduna-highway-but-old-picture-used.png,train
images/youth0-desecration-idol-picture.png,train
images/zip-cuffs-capitol-riots.png,train
images/الأرانب-تلد-ولا-تبيض-وصور-هذا-البيض-لا-ت.png,train
images/الشاب-الذي-يظهر-في-الصورة-من-مصر-وهو-ما.png,train
images/الصور-تعود-إلى-مبادرة-في-العراق-ليس-الأ.png,train
images/الصور-قديمة-لا-تعود-زلزال-باكستان-2021.png,train
images/الصور-قديمة-وتعود-إلى-العراق-الذهب.png,train
images/الصور-للملكة-اليزابيث-وهي-تبكي-قديمة.png,train
images/الصور-ليست-لسوق-لبيع-ذوات-الشعر-الأحمر.png,train
images/الصورة-التي-قيل-أنها-تجمع-هؤلاء-الإعلا.png,train
images/الصورة-تصميم-خيالي-وليس-مقهى-اليونان.png,train
images/الصورة-تظهر-جنديا-إيرانيا-خلال-الحرب-ا.png,train
images/الصورة-تعود-إلى-حرائق-أمريكا-يوتا.png,train
images/الصورة-تعود-إلى-فيضانات-في-تونس-عام2018.png,train
images/الصورة-تعود-إلى-قمر-كوكب-المريخ.png,train
images/الصورة-تعود-إلى-مواجهات-قديمة-في-لبنان.png,train
images/الصورة-تعود-لتصميم-رقمي-وليس-مسجد.png,train
images/الصورة-تعود-لدفن-ضحايا-كوفيد19-في-امريكا.png,train
images/الصورة-تعود-لطريق-في-الصين-وليست-الجزا.png,train
images/الصورة-تعود-لـ-محطة-الطاقة-الشمسية-نور.png,train
images/الصورة-عمل-فني-المريخ-ليس-القمر.png,train
images/الصورة-في-شارع-الشيخ-زايد-في-دبي-ولي.png,train
images/الصورة-في-ميانمار-وليس-تونس.png,train
images/الصورة-قديمة-لسقوط-مروحية-عسكرية-ليبي.png,train
images/الصورة-قديمة-من-ولاية-نيو-جيرسي-الأمري.png,train
images/الصورة-لأمريكيين-في-اليوم-المفتوح-لمس.png,train
images/الصورة-لا-تظهر-أحد-الأحياء-في-بيروت.png,train
images/الصورة-لا-تظهر-ملياردير-برازيلي-أصبح-م.png,train
images/الصورة-لا-تعود-إلى-المافيا-الإيطالية.png,train
images/الصورة-لا-تعود-إلى-حرائق-الجزائر-الأخي.png,train
images/الصورة-لبست-للتأمينات-العسكرية-العرا.png,train
images/الصورة-لطبيب-صيني-وليس-طبيب-سوري.png,train
images/الصورة-للاعب-صلاح-قديمة-وليست-بالجونة.png,train
images/الصورة-لهانز-لانجسيث-صاحب-أطول-لحية.png,train
images/الصورة-ليست-لأنثى-الثعلب-الروسي-بل-عمل_.png,train
images/الصورة-مركبة-ابراهيم-عيسى.png,train
images/الصورة-مفبركة-تعود-للاعب-نادي-الزمالك.png,train
images/الصورة-مفبركة-زراعة-البصل-نادي-المريخ.png,train
images/الصورة-مفبركة-علي-محسن-يقبل-عيدروس.png,train
images/الصورة-من-تدريب-إحدى-شركات-اليابان.png,train
images/الصورة-من-لبنان-ولا-علاقة-لها-بتصريحات.png,train
images/الطائر-في-الصورة-ليس-حقيقي-أصغر.png,train
images/الطفل-الصيني-الظاهر-في-الصورة-لم-يتسبب.png,train
images/الطفل-حافي-القدمين-يمين-الصورة-ليس-أوغ.png,train
images/المحطة-الفضائية-الدولية-صورة.png,train
images/المظلي-في-الصورة-قفز-من-تمثال-المسيح-نف.png,train
images/المعتقل-في-هذه-الصورة-ليس-شادي-الشامي-المفرج-عنه-مؤخراً.png,train
images/المقطع-صور-في-ألبانيا-وليس-مستشفى-الحس.png,train
images/بعض-صور-هذا-المنطاد-تعود-إلى-الأردن-وبع.png,train
images/بعض-هذه-الصور-قديمة-وتعود-لاحتفالات-س.png,train
images/دمشق-الآن-تنشر-صور--مسيرة--في-الحسكة-على-أنها-في-درعا.png,train
images/صور-ابن-يحاول-إنقاذ-جدته-بالتنفس-من-الف.png,train
images/صور-تعود-إلى-زلازل-قديمة-في-نيوزيلندا.png,train
images/صور-شخصية-خيالية-ليس-شخص-ذو-وجهين.png,train
images/صور-قديمة-انفجار-بركان-في-إيطاليا.png,train
images/صور-قديمة-لا-علاقة-لها-برأس-السنة-الجدي.png,train
images/صور-قديمة-ليست-حديثة-مظاهرات-الجزائر.png,train
images/صور-لاستهداف-سفارة-الإمارات-في-ليبيا-س.png,train
images/صور-نُشرت-بغير-سياقها-تزامنا-مع-تصعيد-الاحتلال-الإسرائيلي-على-غزة.png,train
images/صورة--سندريلا-المخيمات--التقطها-مصور-سوري-وليس-صحفي-بريطاني.png,train
images/صورة-أنجيلا-ميركل.png,train
images/صورة-إضاءة-برج-الساعة-بعلم-فلسطين-مفبر.png,train
images/صورة-الأفاعي-التي-صٌورت-في-العراق-من-ال.png,train
images/صورة-الاخطبوط-مع-الغواص-مفبركة-وتم-ترك.png,train
images/صورة-التصدع-في-سد-النهضة-الإثيوبي-مفبر.png,train
images/صورة-الحبار-العملاق-ليست-حقيقية-مفبرك.png,train
images/صورة-الرجل-مع-الماشية-تعود-إلى-تركيا،-و.png,train
images/صورة-السيارات-المغطاة-بالرال-قديمة.png,train
images/صورة-الطفح-الجلدي-على-ظهر-رضيع-قديمة.png,train
images/صورة-القطار-هذه-تعود-إلى-خمسينات-القرن.png,train
images/صورة-القمر-وسط-قوس-صخري-وليس-بحيرة.png,train
images/صورة-اللاعب-بيليه-عند-قبر-مارادونا-مفب.png,train
images/صورة-اللاعب-كريستيانو-رونالدو-وهو-يحم.png,train
images/صورة-برج-إيفل-مفبركة-وقديمة.png,train
images/صورة-تصميم-مبنى-صديق-للبيئة-وليس-السكن.png,train
images/صورة-تعود-إلى-موقعة-جورج-فلويد-أمريكا.png,train
images/صورة-تُظهر-نتيجة-تجارب-لقاح-شلل-الأطف.png,train
images/صورة-جنود-سعوديين-وليس-مصريين.png,train
images/صورة-حمدوك-مع-البرهان-مفبركة.png,train
images/صورة-شاطئ-في-جزيرة-سردينيا-ليس-الجزائر.png,train
images/صورة-شجرة-كريسماس-ضخمة-معدلة-رقميا.png,train
images/صورة-طائرة-نادي-الزمالك-المصري-مفبركة.png,train
images/صورة-طبيبة-مصرية-توفيت-بعد-إصابتها-مضل.png,train
images/صورة-طفل-أنبوب-نفط-من-الهند.png,train
images/صورة-عارضة-أزياء-زليخا-يوسف-مضلل-فتبين.png,train
images/صورة-فيروس-كورونا-تحت-المجهربعد-التكب.png,train
images/صورة-قديمة-لاحراق-واجهة-مصرف-في-كسروان.png,train
images/صورة-قديمة-ليس-انفجار-الكركرات-المغرب.png,train
images/صورة-قطعة-فنية-في-أحد-المعارض-وليست-طائ.png,train
images/صورة-لافتة-معًا-نضيع-المستقبل-مفبركة-و.png,train
images/صورة-لانفجار-أنابيب-شركة-نفط-البحرين.png,train
images/صورة-لبكاء-أم-بعد-الوفاة-من-أجل-رضيعهام.png,train
images/صورة-لجنازة-حرم-أحد-أمراء-السعودية-ولي.png,train
images/صورة-لدرج-قوم-عاد-في-صحراء-الربع-الخال.png,train
images/صورة-لدمية-عمل-فني-خيالي-وليست-لحيوان-خ.png,train
images/صورة-للحملة-الإعلانية-لمعرض-دبي-للطير.png,train
images/صورة-ليست-لنزول-جيش-مغرب-في-المحب.png,train
images/صورة-متداولة-بشكل-كبير-لقلب-المرأة-إذا.png,train
images/صورة-مطعم-ليست-جمعية-الفاشلون-المتحدو.png,train
images/صورة-مظاهرات-في-شارع-الحبيب-بورقيبة-في.png,train
images/صورة-مظاهرات-في-لبنان.png,train
images/صورة-مفبركة-لأبناء-بلاد-الروس.png,train
images/صورة-مقتبسة-وزارة-دفاع-الأذربيجانية.png,train
images/صورة-ملعب-في-ميانمار-وليس-الكاميرون.png,train
images/صورة-من-متحف-للخيول-في-الصين-وليس-دبي.png,train
images/صورة-هذا-التمساح-تعود-إلى-الجزائر-وليس.png,train
images/صورة-هذا-العجل-تعود-لحريق-قديم-في-كاليف.png,train
images/صورة-هذه-الألغام-الأرضية-قديمة،-التقط.png,train
images/صورة-هذه-الطائرة-المسيرة-قديمة-ولا-علا.png,train
images/صورة-هذه-الغابات-في-لبنان-قديمة-وهي-تعو.png,train
images/فلاديمير-بوتين-لم-ينشر-صورة-له-حاملًا-إ.png,train
images/لم-تنقرض-حيوانات-وحيد-القرن-وهذه-الصور.png,train
images/لم-ينتظر-المصور-ستة-سنوات-لالتقاط-هذه-ا.png,train
images/ليست-صحراء-ناميبيا،-هذه-الصورة-عبارة-ع.png,train
images/ليست-صورة-غواصة-نووية-تعرضت-للغرق.png,train
images/ليست-وزيرة-الصحة-الهولندية،-هذه-صورة-و.png,train
images/ما-حقيقة-الصورة-المكبرة-باميكروسكو.png,train
images/ما-حقيقة-صورة--اصطياد-أكبر-جرادة-في-العالم-؟.png,train
images/ما-حقيقة-صورة-عرض-حلقة-من-حلقات-سيمبسون.png,train
images/ما-يظهر-في-الصورة-ليس-هرم-بن-بن-والمعلو.png,train
images/مقطع-يصور-انهيارا-جليديا-تمثيلي.png,train
images/هاتان-الصورتان-تظهران-منجمي-ذهب-في-أست.png,train
images/هاتان-الصورتان-قديمتان-من-غزة-عام-2020-ولا.png,train
images/هاتان-الصورتان-قديمتان-وليس-لهما-علاق.png,train
images/هاتان-الصورتان-قديمتان-وليستا-لهجوم-م.png,train
images/هذا-الفيديو-من-جلسة-تصوير-فساتين-زفاف،.png,train
images/هذا-المقطع-المتداول-يصور-جريمة-وقعت-في.png,train
images/هذا-المقطع-صور-في-البحرين،-وليس-الدار-ا.png,train
images/هذا-المقطع-يُصور-احتفالية-في-صعيد-مصر-و.png,train
images/هذه-البيوت-تم-إنشاؤها-لتصوير-سلسلة-أفل.png,train
images/هذه-الصور-التي-تظهر-حرق-العلم-التونسي-ق.png,train
images/هذه-الصور-المتداولة-قديمة-ولا-يعود-أيّ.png,train
images/هذه-الصور-المتداولة-قديمة-وليست-من-الس.png,train
images/هذه-الصور-المتداولة-قديمة،-ولا-تظهر-تف.png,train
images/هذه-الصور-المتداولة-مركبة-ولا-صحة-لخبر.png,train
images/هذه-الصور-تصميم-خيالي-لا-علاقة-له-بشركة.png,train
images/هذه-الصور-تظهر-أسماكا-تسبح-في-ممرات-مائ.png,train
images/هذه-الصور-تظهر-ضفدعا-وليس-سلحفاة-من-غير.png,train
images/هذه-الصور-تعود-إلى-جلسات-تصوير-ساخرة-لم.png,train
images/هذه-الصور-تعود-لأحداث-مختلفة-في-الإمار.png,train
images/هذه-الصور-تعود-لاماكن-مختلفة-وليس-لها.png,train
images/هذه-الصور-تعود-لحريق-في-الهند-وليس-له-عل.png,train
images/هذه-الصور-تعود-لفنزويلا-وليست-لعراقيي.png,train
images/هذه-الصور-تعود-لمطار-في-مدينة-تشينغداو.png,train
images/هذه-الصور-تعود-لمقبرة-سيارات-في-الولاي.png,train
images/هذه-الصور-قديمة-لحوادث-تحطم-طائرات-درو.png,train
images/هذه-الصور-قديمة-وتعود-لعام-2020-في-مظاهرة-ب.png,train
images/هذه-الصور-قديمة-وليست-مظاهرة-حديثة-ضد-ا.png,train
images/هذه-الصور-قديمة-وليست-من-مناورة-عسكرية.png,train
images/هذه-الصور-لأطفال-مدرسة-في-ينامون-أثناء.png,train
images/هذه-الصور-لإصابة-افراد-من-الشرطة-السود.png,train
images/هذه-الصور-لا-تظهر-القميص-الرسمي-لمنتخب.png,train
images/هذه-الصور-لتزهير-مباني-في-مصر-غير-حقيقي.png,train
images/هذه-الصور-لجندي-فلبيني-وليس-عراقي.png,train
images/هذه-الصور-لشبكة-أنفاق-في-بريطانيا-ولا-ع.png,train
images/هذه-الصور-لطائر-يهرب-المخدرات-في-الكوي.png,train
images/هذه-الصور-ليست-في-حديقة-البلفيدير-في-تو.png,train
images/هذه-الصور-ليست-لتجار-اعضاء-بشرية-وتعود.png,train
images/هذه-الصور-ليست-لحطام-طائرة-إسرائيلية-اسقطها-جيش-بشار-الأسد.png,train
images/هذه-الصور-ليست-لها-علاقة-في-حريق-حقل-نفط.png,train
images/هذه-الصور-مركبة-ولا-صحة-لخبر-توزيع-وجب.png,train
images/هذه-الصور-مفبركة-ولم-يتم-طلاء-طريق-المش.png,train
images/هذه-الصورة-اقتبست-من-فيديو-قديم-يحاكي-م.png,train
images/هذه-الصورة-التقطت-لمبنى-في-سياتل-أمريك.png,train
images/هذه-الصورة-التي-تجمع-نائب-رئيس-البرلما.png,train
images/هذه-الصورة-التي-قيل-أنها-التقطت-خلال-زي.png,train
images/هذه-الصورة-التي-قيل-أنها-من-داخل-مجلس-ال.png,train
images/هذه-الصورة-التي-قيل-أنّها-تظهر-عيدروس-ا.png,train
images/هذه-الصورة-المتداولة-تعود-إلى-حرب-فيتن.png,train
images/هذه-الصورة-المتداولة-حول-امتحانات-مصر.png,train
images/هذه-الصورة-المتداولة-على-أنها-تظهر-هشا.png,train
images/هذه-الصورة-المتداولة-عمل-فني-ولا-تظهر-ا.png,train
images/هذه-الصورة-المتداولة-قديمة-تعود-لعام-2019.png,train
images/هذه-الصورة-المتداولة-قديمة-وتظهر-جسرً.png,train
images/هذه-الصورة-المتداولة-قديمة-وتظهر-مهاج.png,train
images/هذه-الصورة-المتداولة-قديمة-وتعود-لحري.png,train
images/هذه-الصورة-المتداولة-قديمة-ولا-تظهر-اس.png,train
images/هذه-الصورة-المتداولة-قديمة-ولا-علاقة-ل-2.png,train
images/هذه-الصورة-المتداولة-قديمة-ولا-علاقة-ل-3.png,train
images/هذه-الصورة-المتداولة-قديمة-ولا-علاقة-ل-4.png,train
images/هذه-الصورة-المتداولة-قديمة-ولا-علاقة-ل-5.png,train
images/هذه-الصورة-المتداولة-قديمة-ولا-علاقة-ل.png,train
images/هذه-الصورة-المتداولة-قديمة-وليست-من-ال.png,train
images/هذه-الصورة-المتداولة-قديمة،-تظهر-طواب.png,train
images/هذه-الصورة-المتداولة-قديمة،-تظهر-فيضا.png,train
images/هذه-الصورة-المتداولة-قديمة،-ولا-تظهر-إ.png,train
images/هذه-الصورة-المتداولة-قديمة،-ولاعلاقة.png,train
images/هذه-الصورة-المتداولة-لا-تظهر-المتهم-بق.png,train
images/هذه-الصورة-المتداولة-لا-تظهر-غابة-في-ال.png,train
images/هذه-الصورة-المتداولة-لا-تظهر-مصحة-نفسي.png,train
images/هذه-الصورة-المتداولة-لا-علاقة-لها-بهول.png,train
images/هذه-الصورة-المتداولة-لمدينة-إسطنبول-ا.png,train
images/هذه-الصورة-المتداولة-ليست-للممثل-المص.png,train
images/هذه-الصورة-المتداولة-معدلة-بالفوتوشو.png,train
images/هذه-الصورة-المتداولة-معدلة-ولا-تُظهر-ا.png,train
images/هذه-الصورة-المتداولة-مفبركة-والصورة-ا.png,train
images/هذه-الصورة-المتداولة-مفبركة-ولا-تظهر-ا.png,train
images/هذه-الصورة-المتداولة-مفبركة-ولم-ترفع-ع.png,train
images/هذه-الصورة-المتداولة-مفبركة،-ولا-تظهر.png,train
images/هذه-الصورة-المتداولة-مفبركة،-ولا-صحة-ل.png,train
images/هذه-الصورة-المتداولة-مفبركة،-ولم-تؤيد.png,train
images/هذه-الصورة-المتداولة-مفبركة،-ولم-تنشر.png,train
images/هذه-الصورة-تصميم-فني-وليست-صورة-حقيقية.png,train
images/هذه-الصورة-تظهر-استقبال-الجماهير-لفري.png,train
images/هذه-الصورة-تظهر-انفجار-في-منشأة-نفط-سعو.png,train
images/هذه-الصورة-تظهر-تصميما-لمشروع-برجين-في.png,train
images/هذه-الصورة-تظهر-تصميما-مستقبليا-لمدين.png,train
images/هذه-الصورة-تظهر-حرق-القنصلية-الإيراني.png,train
images/هذه-الصورة-تظهر-زينة-العام-الجديد-في-بل.png,train
images/هذه-الصورة-تظهر-شلال-بيشه-في-محافظة-لرس.png,train
images/هذه-الصورة-تظهر-طائر-السُّبَد-ذا-الأذن.png,train
images/هذه-الصورة-تظهر-لوحة-فنية-للرسام-الأمر.png,train
images/هذه-الصورة-تظهر-مقبرة-دبابات-عراقية-في.png,train
images/هذه-الصورة-تعود-إلى-انجراف-السيارات-بس.png,train
images/هذه-الصورة-تعود-إلى-انقلاب-شاحنة-في-الف.png,train
images/هذه-الصورة-تعود-إلى-بجعة-تم-انقا-في-أ.png,train
images/هذه-الصورة-تعود-إلى-تركيا-عام-2016-وليس-لها.png,train
images/هذه-الصورة-تعود-إلى-حرائق-الغابات-في-تر.png,train
images/هذه-الصورة-تعود-إلى-حرائق-سوريا-عام-2020-ول.png,train
images/هذه-الصورة-تعود-إلى-حقائب-مهاجرين-غر-ش.png,train
images/هذه-الصورة-تعود-إلى-رجل-عراقي-يقبل-أبنه.png,train
images/هذه-الصورة-تعود-إلى-روسيا-عام-1944-ولا-علاق.png,train
images/هذه-الصورة-تعود-إلى-شركة-إعادة-تدوير-في.png,train
images/هذه-الصورة-تعود-إلى-شعيب-بقر-في-السعودي.png,train
images/هذه-الصورة-تعود-إلى-فيضان-في-تركيا-عام-2009.png,train
images/هذه-الصورة-تعود-إلى-قدم-جندي-في-مشاة-الب.png,train
images/هذه-الصورة-تعود-إلى-مروحية-أمريكية-في-ا.png,train
images/هذه-الصورة-تعود-إلى-مشهد-من-اغنية-إسبان.png,train
images/هذه-الصورة-تعود-إلى-ميدان-الدراجة-في-جد.png,train
images/هذه-الصورة-تعود-الى-حفل-افتتاح-المعرض-ا.png,train
images/هذه-الصورة-تعود-الى-مطار-المدينة-المنو.png,train
images/هذه-الصورة-تعود-لأعمال-شغب-في-غينيا-عام.png,train
images/هذه-الصورة-تعود-لإصابة-شخص-أثناء-مظاهر.png,train
images/هذه-الصورة-تعود-لاحداث-مختلفة-ليس-لها-ع.png,train
images/هذه-الصورة-تعود-لانتوني-فيشر-مريض-داء.png,train
images/هذه-الصورة-تعود-لبرنامج-أمريكي-في-تجرب.png,train
images/هذه-الصورة-تعود-لبقرة-تبحث-عن-الطعام-في.png,train
images/هذه-الصورة-تعود-لتصميم-فني-وغير-حقيقية.png,train
images/هذه-الصورة-تعود-لجسم-غريب-ظهر-في-سماء-ال.png,train
images/هذه-الصورة-تعود-لرائدة-الفضاء-الروسية.png,train
images/هذه-الصورة-تعود-لشرطيين-هولنديين.png,train
images/هذه-الصورة-تعود-لعام-1941،-وهي-ليست-أول-سيا.png,train
images/هذه-الصورة-تعود-لقالب-حلوى-أُعد-في-تصوي.png,train
images/هذه-الصورة-تعود-لقطار-سريع-في-الصين-ولي.png,train
images/هذه-الصورة-تعود-لقوات-فرنسية-في-قاعدة-ج.png,train
images/هذه-الصورة-تعود-لكهف-في-الولايات-المتح.png,train
images/هذه-الصورة-تعود-لمدينة-سان-فرانسيسكو-ا.png,train
images/هذه-الصورة-تعود-لمطار-في-الصين،-ولا-تظه.png,train
images/هذه-الصورة-تعود-لمظاهرات-في-مصر-عام-2011-ول.png,train
images/هذه-الصورة-تعود-لمظاهرة-في-شهر-يونيو-ال.png,train
images/هذه-الصورة-تعود-لمومياء-اكتُشفت-في-الب.png,train
images/هذه-الصورة-تعود-لنفق-بين-الولايات-المت.png,train
images/هذه-الصورة-تعود-لهجوم-على-عرض-عسكري-في-ا.png,train
images/هذه-الصورة-عبارة-عن-تصميم-رقمي،-وليست-م.png,train
images/هذه-الصورة-عبارة-عن-تصميم-فني-تخيّلي،-و.png,train
images/هذه-الصورة-عبارة-عن-تصميم-فني-وليست-صور.png,train
images/هذه-الصورة-عبارة-عن-عمل-فني-وليست-صورة-ح.png,train
images/هذه-الصورة-غير-حقيقية-وتعود-الصورة-الا.png,train
images/هذه-الصورة-غير-صحيحة-ولم-يصدر-مصرف-لبنا.png,train
images/هذه-الصورة-في-استراليا-ولاتعود-لامراة.png,train
images/هذه-الصورة-قديمة-تظهر-حريقا-في-إيران-عا.png,train
images/هذه-الصورة-قديمة-تعود-لمحاولة-إنقاذ-طف.png,train
images/هذه-الصورة-قديمة-لمطار-الخرطوم-الدولي.png,train
images/هذه-الصورة-قديمة-لمظاهرة-عام-1991-في-روسيا.png,train
images/هذه-الصورة-قديمة-من-السودان-وليس-لها-عل.png,train
images/هذه-الصورة-قديمة-من-حرائق-الجزائر-2021-ولي.png,train
images/هذه-الصورة-قديمة-من-عام-2019-لمظاهرات-في-ال.png,train
images/هذه-الصورة-قديمة-من-مصر-وليس-لها-علاقة-ب.png,train
images/هذه-الصورة-قديمة-من-هولندا-ولا-تظهر-نسر.png,train
images/هذه-الصورة-قديمة-والتقطت-لنيزك-في-الهن.png,train
images/هذه-الصورة-قديمة-وتظهر-أضواء-طائرة-بجا.png,train
images/هذه-الصورة-قديمة-وتظهر-احتراق-طائرة-بم.png,train
images/هذه-الصورة-قديمة-وتظهر-حريق-في-برج-بمدي.png,train
images/هذه-الصورة-قديمة-وتظهر-حريق-في-برج-سكني.png,train
images/هذه-الصورة-قديمة-وتعود-إلى-إنقاذ-طفل-با.png,train
images/هذه-الصورة-قديمة-وتعود-إلى-تدريبات-عسك.png,train
images/هذه-الصورة-قديمة-وتعود-إلى-حادث-تصادم-ش.png,train
images/هذه-الصورة-قديمة-وتعود-إلى-صربيا،-ولا-ع.png,train
images/هذه-الصورة-قديمة-وتعود-الى-دبابة-عراقي.png,train
images/هذه-الصورة-قديمة-وتعود-لزيارة-حمدوك-مد.png,train
images/هذه-الصورة-قديمة-وتعود-لعام-1991-لحرب-الخل.png,train
images/هذه-الصورة-قديمة-وتعود-لعام-2016-للقاء-مقت.png,train
images/هذه-الصورة-قديمة-وتعود-لعام-2018-لاحتجاجا.png,train
images/هذه-الصورة-قديمة-وتعود-لعام-2019-في-توتي-ول.png,train
images/هذه-الصورة-قديمة-وتعود-لعام-2019-في-مطار-أب.png,train
images/هذه-الصورة-قديمة-وتعود-لمواطنين-يشحنو.png,train
images/هذه-الصورة-قديمة-ولا-تظهر-اعتداءً-على-م.png,train
images/هذه-الصورة-قديمة-ولا-تظهر-اللاعب-راموس.png,train
images/هذه-الصورة-قديمة-ولا-تظهر-انفجارات-حدي.png,train
images/هذه-الصورة-قديمة-ولا-تظهر-تركيب-منصة-إع.png,train
images/هذه-الصورة-قديمة-ولا-تظهر-تلقي-عمر-البش.png,train
images/هذه-الصورة-قديمة-ولا-تظهر-سيارة-مفخخة-ض.png,train
images/هذه-الصورة-قديمة-ولا-تظهر-عادل-عبد-المه.png,train
images/هذه-الصورة-قديمة-ولا-تظهر-غرق-طائرة-إطف.png,train
images/هذه-الصورة-قديمة-ولا-تظهر-قصف-مدينة-إدل.png,train
images/هذه-الصورة-قديمة-ولا-تظهر-متابعة-الرئي.png,train
images/هذه-الصورة-قديمة-ولا-علاقة-لها-باليابا.png,train
images/هذه-الصورة-قديمة-ولاتُظهر-اعتداء-على-ض.png,train
images/هذه-الصورة-قديمة-وليس-لها-علاقة-بأحداث.png,train
images/هذه-الصورة-قديمة-وليس-لها-علاقة-بإخماد.png,train
images/هذه-الصورة-قديمة-وليست-لانفجار-حديث-في.png,train
images/هذه-الصورة-قديمة-وليست-لعلم-الثورة-الا.png,train
images/هذه-الصورة-قديمة-وليست-لمدرعات-برمائي.png,train
images/هذه-الصورة-قديمة-وليست-لمهاجرين-سوريي.png,train
images/هذه-الصورة-قديمة-وليست-من-العمليات-الع.png,train
images/هذه-الصورة-قديمة-ومتداولة-منذ-عام-2016-ولي.png,train
images/هذه-الصورة-قديمة-ومتداولة-منذ-عام-2021-ولي.png,train
images/هذه-الصورة-قديمة-ونفى-محافظ-شمال-سيناء.png,train
images/هذه-الصورة-قديمة،-ولا-علاقة-لها-بالفري.png,train
images/هذه-الصورة-لا-تظهر-تنبؤ-مسلسل-سيمبسون-ب.png,train
images/هذه-الصورة-لا-تظهر-جثة-معمر-القذافي-بل-م.png,train
images/هذه-الصورة-لا-تظهر-جزيرة-حنيش-اليمنية.png,train
images/هذه-الصورة-لا-تظهر-جنودًا-أوكرانيين-يق.png,train
images/هذه-الصورة-لا-تظهر-رفع-العلم-السوفيتي-م.png,train
images/هذه-الصورة-لا-تظهر-رفع-شعار-الحوثيين-عل.png,train
images/هذه-الصورة-لا-تظهر-فلاديمير-بوتين-يقدم.png,train
images/هذه-الصورة-لا-تظهر-قصف-صنعاء-مؤخرا.png,train
images/هذه-الصورة-لا-تظهر-نعل-رائد-الفضاء-الذي.png,train
images/هذه-الصورة-لا-تظهر-نقل-صناديق-الاقتراع-لـ--الانتخابات-الرئاسية-السورية--بسيارة-قمامة.png,train
images/هذه-الصورة-لا-تظهر-وزير-الإعلام-السابق.png,train
images/هذه-الصورة-لا-تعود-إلى-قرية-با-محمد-في-ا.png,train
images/هذه-الصورة-لا-تعود-إلى-مدينة-حلب-عام-1458م-ب.png,train
images/هذه-الصورة-لا-تعود-لممرضة-مصرية.png,train
images/هذه-الصورة-لا-علاقة-لها-بالجزائر-بل-تعو.png,train
images/هذه-الصورة-لتصادم-قطار-في-تونس-وليس-لها.png,train
images/هذه-الصورة-لجثة-زعيم-كوريا-الشمالية-جو.png,train
images/هذه-الصورة-لحافلة-كهربائية-من-مدينة-سا.png,train
images/هذه-الصورة-لحبار-عملاق-تم-اصطياده-في-بو.png,train
images/هذه-الصورة-لرجل-أمريكي-يرتدي-ملابس-سان.png,train
images/هذه-الصورة-لسمكة-المجداف-قديمة-ولا-يوج.png,train
images/هذه-الصورة-لشبه-صحراء-تقع-في-إسبانيا،-و.png,train
images/هذه-الصورة-لـ(ماكرون)-وزوجته-مفبركة-ومعدلة-رقمياً.png,train
images/هذه-الصورة-لقصف-روسي-على-ميناء-أوديسا-ف.png,train
images/هذه-الصورة-لكاسحة-ألغام-أمريكية-وليس.png,train
images/هذه-الصورة-للرئيس-التركي-رجب-أردوغان-م.png,train
images/هذه-الصورة-للقاء-عيدروس-الزبيدي-وأحمد.png,train
images/هذه-الصورة-للمثل-الأمريكي-من-أصل-مصري.png,train
images/هذه-الصورة-للواء-فاطمة-البعداني-مفبرك.png,train
images/هذه-الصورة-لم-تلتقط-في-المتحف-الروماني-بمدينة-الإسكندرية-المصرية.png,train
images/هذه-الصورة-لم-يلتقطها-الياباني-ناكامو.png,train
images/هذه-الصورة-لمظاهرات-قديمة-عام-2019-وليس-له.png,train
images/هذه-الصورة-لمظاهرة-في-الجزائر-قديمة-من.png,train
images/هذه-الصورة-لمقبرة-جماعية-التقطتها-الأ.png,train
images/هذه-الصورة-لمقتدى-الصدر-في-مكتب-وزير-ال.png,train
images/هذه-الصورة-لموجة-في-البحر-على-شكل-قطة-مع.png,train
images/هذه-الصورة-ليس-لها-علاقة-بكشمير-وتعود-إ.png,train
images/هذه-الصورة-ليست-حقيقية-وتعود-الصورة.png,train
images/هذه-الصورة-ليست-حقيقية-وتعود-لرسومات-خ.png,train
images/هذه-الصورة-ليست-حقيقية-وتعود-لكواليس-ت.png,train
images/هذه-الصورة-ليست-حقيقية-ولا-تعود-إلى-كوك.png,train
images/هذه-الصورة-ليست-حقيقية-وهي-عمل-فني-رقمي.png,train
images/هذه-الصورة-ليست-لاحباط-اكبر-عملية-تهر.png,train
images/هذه-الصورة-ليست-لاعتقال-المغن-سيف-نبيل.png,train
images/هذه-الصورة-ليست-لاكتشاف-ذهب-في-سوريا-بل.png,train
images/هذه-الصورة-ليست-لحريق-في-مقهى-يدعى-ليال.png,train
images/هذه-الصورة-ليست-لحفرة-خلّفها-انفجار-بي.png,train
images/هذه-الصورة-ليست-لسلحفاة-حقيقية-بل-تعود.png,train
images/هذه-الصورة-ليست-لطائرة-مسيرة-مصرية-الص.png,train
images/هذه-الصورة-ليست-للاطفال-الذين-أغرقوا-م.png,train
images/هذه-الصورة-ليست-للرئيس-الإثيوبي-وهو-ين.png,train
images/هذه-الصورة-ليست-للسفينة-نينه-خاتون-الت.png,train
images/هذه-الصورة-ليست-لمركز-الحكومة-الأمريك.png,train
images/هذه-الصورة-ليست-لمظاهرة-في-فيينا-ضد-الل.png,train
images/هذه-الصورة-ليست-لوصول-لاعبي-المغرب-إلى.png,train
images/هذه-الصورة-ليست-من-غزة-وإنما-من-حلب.png,train
images/هذه-الصورة-مجرد-لعبة-بلاستيكية-وليست-ل.png,train
images/هذه-الصورة-مركبة-و-ميسي-ليس-في-طنجة.png,train
images/هذه-الصورة-مركبة-ولا-تُظهر-لقاءً-جمع-بي.png,train
images/هذه-الصورة-مركبة،-وصور-تلسكوب-جيمس-ويب.png,train
images/هذه-الصورة-معدل-عليها-ببرنامج-فوتوشوب.png,train
images/هذه-الصورة-معدلة-رقميا-ولا-تظهر-لافتة-ب.png,train
images/هذه-الصورة-معدلة-رقميا،-وكرسي-الطائرة.png,train
images/هذه-الصورة-معدلة-رقميًا-ولا-تظهر-بامية.png,train
images/هذه-الصورة-معدلة-رقميّا-وليست-صورة-حقي-2.png,train
images/هذه-الصورة-معدلة-رقميّا-وليست-صورة-حقي.png,train
images/هذه-الصورة-معدلة-ولا-تظهر--أهرامات-الجيزة-تتزين-بعلم-فلسطين-.png,train
images/هذه-الصورة-معدلة-ولا-وجود-للعلم-الإيرا.png,train
images/هذه-الصورة-معدلة-ولم-يتوقع-سيمبسون-وفا.png,train
images/هذه-الصورة-معدلة،-وتظهر-ترامواي-مدينة.png,train
images/هذه-الصورة-معدّلة-وليست-لطفل-حديث-الول.png,train
images/هذه-الصورة-مفبركة-بهدف-السخرية-والطائ.png,train
images/هذه-الصورة-مفبركة-لنوري-المالكي-والصو.png,train
images/هذه-الصورة-مفبركة-وتظهر-الصورة-الأصلي.png,train
images/هذه-الصورة-مفبركة-وتعود-الصورة-الأصلي.png,train
images/هذه-الصورة-مفبركة-وتعود-الصورة-الاصلي.png,train
images/هذه-الصورة-مفبركة-وتعود-للاعب-ميسي-عام-2.png,train
images/هذه-الصورة-مفبركة-ولا-تظهر-الإصدار-الأ.png,train
images/هذه-الصورة-مفبركة-ولا-تظهر-الرئيس-الأم.png,train
images/هذه-الصورة-مفبركة-ولا-تظهر-العاهل-المغ.png,train
images/هذه-الصورة-مفبركة-ولا-تظهر-دبابة-أوكرا.png,train
images/هذه-الصورة-مفبركة-ولا-تظهر-رجل-مسلح-في-م.png,train
images/هذه-الصورة-مفبركة-ولا-تظهر-رشاد-العليم.png,train
images/هذه-الصورة-مفبركة-ولا-تظهر-سقوط-افغاني.png,train
images/هذه-الصورة-مفبركة-ولا-تظهر-علم-الجمهور.png,train
images/هذه-الصورة-مفبركة-ولا-تظهر-لقاء-جمع-عبد.png,train
images/هذه-الصورة-مفبركة-ولا-تُظهر-أسيرا-روسيا-في-أوكرانيا.png,train
images/هذه-الصورة-مفبركة-ولم-يتم-إِضاءة-الأهر.png,train
images/هذه-الصورة-مفبركة-وليست-حقيقية-وتعود-إ.png,train
images/هذه-الصورة-مفبركة-وليست-في-اليابان-وتع.png,train
images/هذه-الصورة-مفبركة-وليست-لاكبر-مظلة-في-ا.png,train
images/هذه-الصورة-مفبركة-وليست-من-حفل-وداع-لاع.png,train
images/هذه-الصورة-مفبركة،-ولا-صحة-لخبر-تعرض-ال.png,train
images/هذه-الصورة-مفبركة،-ولم-يُصدر-المغرب-جو.png,train
images/هذه-الصورة-مقتبسة-من-لعبة-فيديو-ولا-تظه.png,train
images/هذه-الصورة-مقتبسة-من-مشهد-تمثيلي-ولا-تظ.png,train
images/هذه-الصورة-من-المعرض-السنوي-للإلكترون.png,train
images/هذه-الصورة-من-امريكا-وليس-لها-علاقة-بمس.png,train
images/هذه-الصورة-من-سيمبسون-لا-تظهر-تنبؤ-المس.png,train
images/هذه-الصورة-من-فيتنام،-ولا-تظهر-مراقبة-غ.png,train
images/هذه-الصورة-من-فيضانات-السودان-عام-2013-ولي.png,train
images/هذه-الصورة-من-فيلم-عام-1975-وليست-من-جنوب-ال.png,train
images/هذه-الصورة-من-مستودع-للسيارات-في-دبي-ول.png,train
images/هذه-الصورة-من-مقابلة-مع-سيف-الإسلام-الق.png,train
images/هذه-الصورة-من-مقاطعة-في-جنوب-الهند-وليس.png,train
images/هذه-الصورة-هي-لساحة-اختبارات-المركبات.png,train
images/هذه-صور-رجل-مكسيكي-اعتدت-عليه-امرأة-ومج.png,train
images/هذه-صور-شاب-من-مصر-لم-يمت-وما-زال-حيًا.png,train
images/هذه-صور-متحول-جنسي-ألقي-القبض-عليه-بالع.png,train
images/هذه-صورة-انفجار-محطة-وقود-في-روسيا-وليس.png,train
images/هذه-صورة-جسر-للمشاة-صممته-شركة-هندسة-مع.png,train
images/هذه-صورة-عتاد-عسكري-أمريكي-في-العراق-ول.png,train
images/هذه-صورة-معالجة-للقمر-وليست-حقيقية-ولم.png,train
images/هذه-صورة-مفبركة-لرئيس-مجلس-الوزراء-الع.png,train
images/هذه-صورة-ملعب-مدينة-ديامينياديو-في-الس.png,train
images/هذه-صورة-منافسة-سابقة-لرقم-أكبر-معمر-ول.png,train
images/هذه-ليست-صورة-حريق-مصنع-نفرتيتي-بالعاش.png,train
images/هل-تظهر-هذه-الصورة-اللاجئين-العالقين-عند-الحدود-الألمانية؟.png,train
images/هل-هذه-الصورة-من-اتصال-بين-فلاديمير-بوتين-وبشار-الأسد-بعد-غزو-أوكرانيا؟.png,train
images/هل-هذه-الصورة-من-حفل-زفاف-أقيم-حديثا-في-ملعب--كامب-نو-؟.png,train
