record_id,split
train_100,train
train_1000,train
train_100000,train
train_100001,train
train_100004,train
train_100005,train
train_100007,train
train_100010,train
train_100011,train
train_100012,train
train_100013,train
train_100014,train
train_100015,train
train_100017,train
train_100018,train
train_100019,train
train_10002,train
train_100020,train
train_100022,train
train_100023,train
train_100029,train
train_10003,train
train_100030,train
train_100031,train
train_100034,train
train_100040,train
train_100041,train
train_100051,train
train_100053,train
train_100054,train
train_100057,train
train_100059,train
train_10006,train
train_100061,train
train_100063,train
train_100064,train
train_100066,train
train_100069,train
train_100073,train
train_100076,train
train_100077,train
train_100078,train
train_100079,train
train_10008,train
train_100080,train
train_100081,train
train_100083,train
train_100084,train
train_100087,train
train_100089,train
train_100090,train
train_100094,train
train_100096,train
train_100097,train
train_100100,train
train_100101,train
train_100103,train
train_100105,train
train_100107,train
train_100108,train
train_100114,train
train_100117,train
train_100119,train
train_10012,train
train_100120,train
train_100122,train
train_100123,train
train_100124,train
train_100127,train
train_100128,train
train_10013,train
train_100132,train
train_100137,train
train_100138,train
train_100139,train
train_10014,train
train_100141,train
train_100146,train
train_100147,train
train_100150,train
train_100153,train
train_100154,train
train_100159,train
train_100160,train
train_100168,train
train_100171,train
train_100172,train
train_10018,train
train_100181,train
train_100182,train
train_100183,train
train_100184,train
train_100187,train
train_100193,train
train_100199,train
train_100202,train
train_100203,train
train_100204,train
train_100205,train
train_100210,train
train_100216,train
train_100218,train
train_100219,train
train_100220,train
train_100222,train
train_100224,train
train_100227,train
train_100229,train
train_10023,train
train_100230,train
train_100233,train
train_100235,train
train_100237,train
train_100238,train
train_10024,train
train_100243,train
train_100244,train
train_100246,train
train_100250,train
train_100254,train
train_100255,train
train_100256,train
train_100257,train
train_10026,train
train_100261,train
train_100262,train
train_100263,train
train_100267,train
train_100268,train
train_10027,train
train_100271,train
train_100272,train
train_100275,train
train_100277,train
train_10028,train
train_100281,train
train_100284,train
train_100285,train
train_100287,train
train_100290,train
train_100292,train
train_100293,train
train_100295,train
train_100297,train
train_100298,train
train_1003,train
train_10030,train
train_100300,train
train_100305,train
train_10031,train
train_100310,train
train_100312,train
train_100313,train
train_100314,train
train_100316,train
train_100317,train
train_100319,train
train_10032,train
train_100322,train
train_100323,train
train_100324,train
train_100325,train
train_100326,train
train_100328,train
train_100331,train
train_100333,train
train_100334,train
train_100335,train
train_100338,train
train_10034,train
train_100341,train
train_100342,train
train_100344,train
train_100347,train
train_100348,train
train_10035,train
train_100351,train
train_100352,train
train_100354,train
train_100358,train
train_10036,train
train_100360,train
train_100363,train
train_100365,train
train_100370,train
train_100374,train
train_100375,train
train_100379,train
train_10038,train
train_100381,train
train_100382,train
train_100387,train
train_100391,train
train_100394,train
train_100396,train
train_100397,train
train_100398,train
train_1004,train
train_10040,train
train_100403,train
train_100404,train
train_100406,train
train_100407,train
train_100410,train
train_100412,train
train_100414,train
train_100417,train
train_100419,train
train_10042,train
train_100420,train
train_100421,train
train_100426,train
train_10043,train
train_100432,train
train_100437,train
train_100438,train
train_100440,train
train_100441,train
train_100444,train
train_100450,train
train_100451,train
train_100455,train
train_100458,train
train_100459,train
train_10046,train
train_100460,train
train_100461,train
train_100464,train
train_100466,train
train_100467,train
train_100468,train
train_100469,train
train_10047,train
train_100471,train
train_100476,train
train_100477,train
train_100478,train
train_100479,train
train_100480,train
train_100481,train
train_100483,train
train_100486,train
train_100494,train
train_100496,train
train_100499,train
train_10050,train
train_100502,train
train_100504,train
train_100512,train
train_100514,train
train_100515,train
train_100518,train
train_100519,train
train_100521,train
train_100526,train
train_100527,train
train_100529,train
train_10053,train
train_100532,train
train_100533,train
train_100534,train
train_100535,train
train_100536,train
train_100537,train
train_100539,train
train_100541,train
train_100542,train
train_100544,train
train_100545,train
train_100548,train
train_10055,train
train_100553,train
train_100556,train
train_100559,train
train_100561,train
train_100566,train
train_100567,train
train_100570,train
train_100571,train
train_100576,train
train_10058,train
train_100582,train
train_100583,train
train_100584,train
train_100585,train
train_100586,train
train_100588,train
train_10059,train
train_100591,train
train_100592,train
train_100595,train
train_100597,train
train_100598,train
train_10060,train
train_100600,train
train_100603,train
train_100604,train
train_100606,train
train_100608,train
train_100609,train
train_10061,train
train_100610,train
train_100612,train
train_100616,train
train_10062,train
train_100623,train
train_100626,train
train_100627,train
train_100628,train
train_100630,train
train_100631,train
train_100632,train
train_100634,train
train_100636,train
train_100637,train
train_100639,train
train_100641,train
train_100644,train
train_100647,train
train_100650,train
train_100653,train
train_100654,train
train_100655,train
train_100656,train
train_100657,train
train_100658,train
train_100659,train
train_10066,train
train_100660,train
train_100665,train
train_100667,train
train_100668,train
train_100670,train
train_100671,train
train_100677,train
train_100679,train
train_100681,train
train_100687,train
train_10069,train
train_100690,train
train_100691,train
train_100697,train
train_100698,train
train_100699,train
train_10070,train
train_100700,train
train_100701,train
train_100702,train
train_100704,train
train_100705,train
train_100706,train
train_100707,train
train_100710,train
train_100711,train
train_100716,train
train_100719,train
train_100724,train
train_100726,train
train_100729,train
train_100731,train
train_100732,train
train_100737,train
train_100738,train
train_100740,train
train_100741,train
train_100742,train
train_100743,train
train_100744,train
train_100749,train
train_10075,train
train_100752,train
train_100755,train
train_100759,train
train_100763,train
train_100765,train
train_100766,train
train_100768,train
train_100769,train
train_100773,train
train_100775,train
train_100777,train
train_100778,train
train_100780,train
train_100783,train
train_100784,train
train_100786,train
train_100787,train
train_100788,train
train_100789,train
train_10079,train
train_100792,train
train_100793,train
train_100794,train
train_100795,train
train_100796,train
train_100798,train
train_1008,train
train_100800,train
train_100804,train
train_100805,train
train_100807,train
train_100809,train
train_10081,train
train_100812,train
train_100813,train
train_100819,train
train_10082,train
train_100820,train
train_100821,train
train_100822,train
train_100824,train
train_100827,train
train_100830,train
train_100831,train
train_100832,train
train_100833,train
train_100834,train
train_100835,train
train_100838,train
train_100842,train
train_100843,train
train_100848,train
train_10085,train
train_100850,train
train_100854,train
train_100855,train
train_100856,train
train_100857,train
train_10086,train
train_100861,train
train_100862,train
train_100865,train
train_100866,train
train_100867,train
train_100869,train
train_10087,train
train_100871,train
train_100876,train
train_100877,train
train_100878,train
train_100879,train
train_100883,train
train_100884,train
train_100885,train
train_100887,train
train_10089,train
train_100891,train
train_100893,train
train_100895,train
train_100898,train
train_1009,train
train_100901,train
train_100907,train
train_100908,train
train_100910,train
train_100913,train
train_100914,train
train_100921,train
train_100922,train
train_100924,train
train_100925,train
train_100926,train
train_100927,train
train_10093,train
train_100933,train
train_100935,train
train_100936,train
train_100937,train
train_100938,train
train_100939,train
train_10094,train
train_100940,train
train_100942,train
train_100944,train
train_100946,train
train_100948,train
train_100955,train
train_100957,train
train_100960,train
train_100962,train
train_100964,train
train_100967,train
train_100968,train
train_100969,train
train_10097,train
train_100972,train
train_100973,train
train_100976,train
train_100980,train
train_100981,train
train_100983,train
train_100986,train
train_100987,train
train_100989,train
train_100991,train
train_100992,train
train_100993,train
train_100998,train
train_100999,train
train_10100,train
train_101000,train
train_101001,train
train_101002,train
train_101008,train
train_10101,train
train_101013,train
train_101016,train
train_10102,train
train_101021,train
train_101023,train
train_101025,train
train_101027,train
train_101028,train
train_10103,train
train_101030,train
train_101031,train
train_101033,train
train_101034,train
train_101037,train
train_101038,train
train_101041,train
train_101043,train
train_10105,train
train_101051,train
train_101052,train
train_101057,train
train_10106,train
train_101060,train
train_101062,train
train_101063,train
train_101066,train
train_101069,train
train_10107,train
train_101071,train
train_101072,train
train_101074,train
train_101077,train
train_101078,train
train_101079,train
train_10108,train
train_101082,train
train_101083,train
train_101084,train
train_101085,train
train_10109,train
train_101092,train
train_101093,train
train_101097,train
train_101099,train
train_101101,train
train_101102,train
train_101103,train
train_101105,train
train_10111,train
train_101112,train
train_101113,train
train_101115,train
train_101116,train
train_101117,train
train_101118,train
train_101119,train
train_10112,train
train_101121,train
train_101122,train
train_101125,train
train_101126,train
train_101127,train
train_101129,train
train_10113,train
train_101131,train
train_101133,train
train_101136,train
train_101138,train
train_101139,train
train_10114,train
train_101141,train
train_101142,train
train_101143,train
train_101144,train
train_101147,train
train_101149,train
train_10115,train
train_101152,train
train_101155,train
train_101156,train
train_101159,train
train_101161,train
train_101162,train
train_101163,train
train_101165,train
train_101167,train
train_101168,train
train_101169,train
train_10117,train
train_101170,train
train_101171,train
train_101174,train
train_101175,train
train_101176,train
train_101177,train
train_10118,train
train_101180,train
train_101181,train
train_101182,train
train_101184,train
train_101188,train
train_101189,train
train_10119,train
train_101197,train
train_1012,train
train_10120,train
train_101200,train
train_101201,train
train_101202,train
train_101203,train
train_101207,train
train_10121,train
train_101213,train
train_101214,train
train_101215,train
train_101216,train
train_10122,train
train_101220,train
train_101222,train
train_101223,train
train_101224,train
train_101225,train
train_101226,train
train_101227,train
train_101230,train
train_101233,train
train_101234,train
train_101237,train
train_10124,train
train_101242,train
train_101243,train
train_101244,train
train_101248,train
train_101249,train
train_101250,train
train_101252,train
train_101256,train
train_101259,train
train_101261,train
train_101262,train
train_101264,train
train_101265,train
train_101268,train
train_10127,train
train_101271,train
train_101272,train
train_101273,train
train_101274,train
train_101277,train
train_101278,train
train_101279,train
train_10128,train
train_101281,train
train_101282,train
train_101284,train
train_101286,train
train_101287,train
train_101288,train
train_10129,train
train_101290,train
train_101293,train
train_101296,train
train_101297,train
train_101298,train
train_101300,train
train_101302,train
train_101303,train
train_101304,train
train_101305,train
train_101306,train
train_101309,train
train_10131,train
train_101310,train
train_101311,train
train_101313,train
train_101314,train
train_101315,train
train_101317,train
train_101320,train
train_101327,train
train_101328,train
train_101331,train
train_101334,train
train_101337,train
train_101338,train
train_101341,train
train_101344,train
train_101347,train
train_10135,train
train_101350,train
train_101351,train
train_101352,train
train_101353,train
train_101357,train
train_101359,train
train_101360,train
train_101361,train
train_101365,train
train_101367,train
train_101369,train
train_101373,train
train_101376,train
train_101377,train
train_101380,train
train_101382,train
train_101383,train
train_101384,train
train_101391,train
train_101392,train
train_101394,train
train_101395,train
train_101396,train
train_101399,train
train_1014,train
train_10140,train
train_101400,train
train_101402,train
train_101407,train
train_101408,train
train_101409,train
train_101410,train
train_101412,train
train_101415,train
train_10142,train
train_101425,train
train_101426,train
train_101428,train
train_101429,train
train_101430,train
train_101433,train
train_10144,train
train_101440,train
train_101443,train
train_101445,train
train_101446,train
train_10145,train
train_101450,train
train_101459,train
train_10146,train
train_101462,train
train_101463,train
train_101464,train
train_101465,train
train_101466,train
train_101467,train
train_101469,train
train_101471,train
train_101472,train
train_101474,train
train_101481,train
train_101484,train
train_101487,train
train_101488,train
train_10149,train
train_101490,train
train_101492,train
train_101493,train
train_101494,train
train_101495,train
train_101497,train
train_10150,train
train_101504,train
train_101506,train
train_101508,train
train_101509,train
train_101518,train
train_101520,train
train_101527,train
train_101528,train
train_101532,train
train_101534,train
train_101535,train
train_101536,train
train_101537,train
train_101538,train
train_101539,train
train_10154,train
train_101540,train
train_101541,train
train_101545,train
train_10155,train
train_101550,train
train_101552,train
train_101557,train
train_101559,train
train_101561,train
train_101562,train
train_101567,train
train_101568,train
train_10157,train
train_101570,train
train_101575,train
train_101576,train
train_101577,train
train_101579,train
train_101582,train
train_101588,train
train_101589,train
train_101591,train
train_101592,train
train_101594,train
train_101596,train
train_101598,train
train_1016,train
train_10160,train
train_101600,train
train_101602,train
train_101603,train
train_101604,train
train_101606,train
train_101607,train
train_101609,train
train_10161,train
train_101611,train
train_101613,train
train_101615,train
train_101618,train
train_101620,train
train_101621,train
train_101622,train
train_101624,train
train_101627,train
train_10163,train
train_101630,train
train_101632,train
train_101634,train
train_101635,train
train_101638,train
train_101639,train
train_10164,train
train_101641,train
train_101642,train
train_101644,train
train_101645,train
train_101648,train
train_101649,train
train_10165,train
train_101656,train
train_101658,train
train_101659,train
train_10166,train
train_101660,train
train_101664,train
train_101665,train
train_101666,train
train_101668,train
train_101669,train
train_10167,train
train_101671,train
train_101672,train
train_101674,train
train_101675,train
train_101676,train
train_101677,train
train_101678,train
train_101679,train
train_10168,train
train_101683,train
train_101687,train
train_101692,train
train_101695,train
train_101696,train
train_101698,train
train_101699,train
train_1017,train
train_10170,train
train_101703,train
train_101704,train
train_101705,train
train_101706,train
train_101709,train
train_101712,train
train_101713,train
train_101715,train
train_101716,train
train_101719,train
train_10172,train
train_101720,train
train_101721,train
train_101722,train
train_101726,train
train_101727,train
train_101735,train
train_101737,train
train_101739,train
train_101742,train
train_101743,train
train_101745,train
train_10175,train
train_101751,train
train_101755,train
train_101758,train
train_101759,train
train_101760,train
train_101761,train
train_101762,train
train_101763,train
train_101764,train
train_101767,train
train_101768,train
train_101769,train
train_101770,train
train_101771,train
train_101774,train
train_101776,train
train_101777,train
train_10178,train
train_101780,train
train_101784,train
train_101785,train
train_101786,train
train_101797,train
train_1018,train
train_101800,train
train_101803,train
train_101804,train
train_101806,train
train_101807,train
train_101809,train
train_10181,train
train_101813,train
train_10182,train
train_101821,train
train_101823,train
train_101824,train
train_101825,train
train_101830,train
train_101833,train
train_101839,train
train_101840,train
train_101841,train
train_101843,train
train_101845,train
train_101846,train
train_101847,train
train_101849,train
train_10185,train
train_101851,train
train_101853,train
train_101854,train
train_101855,train
train_101857,train
train_101858,train
train_10186,train
train_101862,train
train_101863,train
train_101866,train
train_101867,train
train_101868,train
train_101869,train
train_10187,train
train_101870,train
train_101874,train
train_101878,train
train_101881,train
train_101883,train
train_101885,train
train_101887,train
train_101888,train
train_101889,train
train_101892,train
train_101895,train
train_101896,train
train_101897,train
train_101898,train
train_10190,train
train_101900,train
train_101904,train
train_101906,train
train_101910,train
train_101911,train
train_101912,train
train_101918,train
train_101922,train
train_101923,train
train_101926,train
train_10193,train
train_101930,train
train_101933,train
train_101934,train
train_101935,train
train_101936,train
train_101939,train
train_101940,train
train_101942,train
train_101946,train
train_101948,train
train_101950,train
train_101952,train
train_101954,train
train_101956,train
train_101958,train
train_101959,train
train_101960,train
train_101961,train
train_101963,train
train_101968,train
train_101972,train
train_101973,train
train_101974,train
train_101975,train
train_101979,train
train_10198,train
train_101980,train
train_101983,train
train_101985,train
train_101986,train
train_101989,train
train_10199,train
train_101991,train
train_101993,train
train_101994,train
train_101997,train
train_101999,train
train_1020,train
train_10200,train
train_102002,train
train_102003,train
train_102004,train
train_102005,train
train_102007,train
train_102008,train
train_10201,train
train_102011,train
train_102013,train
train_102014,train
train_102015,train
train_102016,train
train_102018,train
train_10202,train
train_102022,train
train_102023,train
train_102026,train
train_102028,train
train_102030,train
train_102032,train
train_102035,train
train_102037,train
train_102038,train
train_102039,train
train_102040,train
train_102043,train
train_102044,train
train_102045,train
train_102046,train
train_102048,train
train_102049,train
train_102051,train
train_102054,train
train_102055,train
train_102056,train
train_102057,train
train_102058,train
train_102059,train
train_102061,train
train_102063,train
train_102066,train
train_102068,train
train_102069,train
train_10207,train
train_102070,train
train_102071,train
train_102074,train
train_102076,train
train_102077,train
train_102078,train
train_102079,train
train_10208,train
train_102081,train
train_102082,train
train_102085,train
train_102087,train
train_102088,train
train_102093,train
train_102095,train
train_102096,train
train_102097,train
train_10210,train
train_102101,train
train_102104,train
train_102105,train
train_102106,train
train_102109,train
train_10211,train
train_102112,train
train_102114,train
train_102119,train
train_10212,train
train_102122,train
train_102124,train
train_102135,train
train_102136,train
train_102137,train
train_102139,train
train_102141,train
train_102142,train
train_102145,train
train_102149,train
train_10215,train
train_102152,train
train_102153,train
train_102157,train
train_102159,train
train_10216,train
train_102160,train
train_102163,train
train_102165,train
train_102167,train
train_102171,train
train_102173,train
train_102176,train
train_102177,train
train_102179,train
train_102181,train
train_102183,train
train_102186,train
train_10219,train
train_102190,train
train_102191,train
train_102192,train
train_102194,train
train_102195,train
train_102198,train
train_1022,train
train_102200,train
train_102208,train
train_102210,train
train_102212,train
train_102213,train
train_102219,train
train_10222,train
train_102221,train
train_102226,train
train_102228,train
train_102229,train
train_10223,train
train_102235,train
train_102236,train
train_102242,train
train_102244,train
train_102245,train
train_102246,train
train_102249,train
train_102250,train
train_102254,train
train_102257,train
train_102258,train
train_102259,train
train_102260,train
train_102263,train
train_102266,train
train_102271,train
train_102279,train
train_10228,train
train_102280,train
train_102283,train
train_102286,train
train_10229,train
train_102295,train
train_1023,train
train_10230,train
train_102301,train
train_102303,train
train_102304,train
train_102307,train
train_102311,train
train_102312,train
train_102315,train
train_102318,train
train_102321,train
train_102323,train
train_102325,train
train_102326,train
train_102327,train
train_102332,train
train_102333,train
train_102335,train
train_102337,train
train_102338,train
train_102339,train
train_102342,train
train_102343,train
train_102345,train
train_102347,train
train_102349,train
train_10235,train
train_102351,train
train_102354,train
train_102356,train
train_102362,train
train_102363,train
train_102365,train
train_102366,train
train_102368,train
train_102369,train
train_102371,train
train_102372,train
train_102373,train
train_102375,train
train_102377,train
train_102378,train
train_102379,train
train_102384,train
train_102385,train
train_102387,train
train_102389,train
train_10239,train
train_102391,train
train_102392,train
train_102395,train
train_102397,train
train_102401,train
train_102403,train
train_102404,train
train_102406,train
train_102408,train
train_102410,train
train_102415,train
train_102416,train
train_102419,train
train_102420,train
train_102421,train
train_102425,train
train_102426,train
train_102428,train
train_10243,train
train_102430,train
train_102433,train
train_102435,train
train_102438,train
train_10244,train
train_102441,train
train_102442,train
train_102448,train
train_10245,train
train_102450,train
train_102452,train
train_102454,train
train_102455,train
train_102460,train
train_102461,train
train_102463,train
train_102464,train
train_102465,train
train_102466,train
train_10247,train
train_102470,train
train_102471,train
train_102476,train
train_102480,train
train_102483,train
train_102484,train
train_102486,train
train_102489,train
train_10249,train
train_102490,train
train_102492,train
train_102494,train
train_102498,train
train_1025,train
train_10250,train
train_102507,train
train_10251,train
train_102515,train
train_102516,train
train_102517,train
train_102518,train
train_102519,train
train_102520,train
train_102521,train
train_102523,train
train_102528,train
train_10253,train
train_102530,train
train_102531,train
train_102534,train
train_102535,train
train_102536,train
train_102537,train
train_10254,train
train_102547,train
train_102548,train
train_10255,train
train_102552,train
train_102553,train
train_102554,train
train_102555,train
train_102556,train
train_102557,train
train_102559,train
train_102563,train
train_102564,train
train_102566,train
train_102569,train
train_10257,train
train_102570,train
train_102572,train
train_102574,train
train_102576,train
train_102579,train
train_102581,train
train_102582,train
train_102587,train
train_102588,train
train_102589,train
train_102590,train
train_102593,train
train_102595,train
train_102598,train
train_102599,train
train_1026,train
train_10260,train
train_102604,train
train_102605,train
train_102606,train
train_10261,train
train_102611,train
train_102614,train
train_102617,train
train_102618,train
train_102619,train
train_102623,train
train_102625,train
train_102630,train
train_102632,train
train_102637,train
train_102639,train
train_10264,train
train_102643,train
train_102644,train
train_102646,train
train_102651,train
train_102656,train
train_102658,train
train_102659,train
train_102660,train
train_102661,train
train_102662,train
train_102663,train
train_102665,train
train_102669,train
train_102670,train
train_102671,train
train_102672,train
train_102673,train
train_102677,train
train_102679,train
train_102682,train
train_102684,train
train_102687,train
train_102688,train
train_102689,train
train_102690,train
train_102693,train
train_102695,train
train_102697,train
train_102698,train
train_1027,train
train_10270,train
train_102701,train
train_102704,train
train_102705,train
train_102706,train
train_102708,train
train_10271,train
train_102710,train
train_102715,train
train_102716,train
train_102717,train
train_102718,train
train_102719,train
train_10272,train
train_102720,train
train_102721,train
train_102722,train
train_102726,train
train_102727,train
train_10273,train
train_102732,train
train_102735,train
train_102737,train
train_102740,train
train_102741,train
train_102746,train
train_102748,train
train_102749,train
train_10275,train
train_102751,train
train_102753,train
train_102754,train
train_102756,train
train_102758,train
train_102760,train
train_102761,train
train_102764,train
train_102765,train
train_102766,train
train_10277,train
train_102770,train
train_102772,train
train_102777,train
train_102779,train
train_10278,train
train_102780,train
train_102783,train
train_102785,train
train_102788,train
train_102789,train
train_102790,train
train_102791,train
train_102792,train
train_102796,train
train_102797,train
train_102798,train
train_102799,train
train_10280,train
train_102801,train
train_102802,train
train_102803,train
train_102806,train
train_102807,train
train_102808,train
train_102809,train
train_102810,train
train_102811,train
train_102812,train
train_102813,train
train_102814,train
train_102817,train
train_102818,train
train_102819,train
train_10282,train
train_102823,train
train_102824,train
train_102825,train
train_102828,train
train_102829,train
train_10283,train
train_102830,train
train_102833,train
train_102836,train
train_10284,train
train_102841,train
train_102843,train
train_102844,train
train_102845,train
train_102849,train
train_10285,train
train_102851,train
train_102852,train
train_102855,train
train_102856,train
train_102858,train
train_10286,train
train_102863,train
train_102865,train
train_102868,train
train_102872,train
train_102874,train
train_102875,train
train_102877,train
train_10288,train
train_102880,train
train_102881,train
train_102884,train
train_102885,train
train_102886,train
train_10289,train
train_102890,train
train_102893,train
train_102894,train
train_102895,train
train_102897,train
train_1029,train
train_10290,train
train_102902,train
train_102903,train
train_102907,train
train_102908,train
train_102909,train
train_102911,train
train_102913,train
train_102915,train
train_102916,train
train_102919,train
train_10292,train
train_102923,train
train_102924,train
train_102925,train
train_102926,train
train_102927,train
train_102929,train
train_10293,train
train_102931,train
train_102932,train
train_102936,train
train_102937,train
train_102940,train
train_102941,train
train_102942,train
train_102943,train
train_102945,train
train_102946,train
train_10295,train
train_102951,train
train_102954,train
train_102955,train
train_102959,train
train_10296,train
train_102960,train
train_102962,train
train_102964,train
train_102966,train
train_102967,train
train_102969,train
train_10297,train
train_102971,train
train_102975,train
train_102976,train
train_102978,train
train_102983,train
train_102984,train
train_102989,train
train_10299,train
train_102991,train
train_102992,train
train_102994,train
train_102995,train
train_102997,train
train_103,train
train_103000,train
train_103002,train
train_103003,train
train_103007,train
train_103009,train
train_10301,train
train_103010,train
train_103011,train
train_103013,train
train_103014,train
train_103016,train
train_103018,train
train_103020,train
train_103021,train
train_103022,train
train_103025,train
train_103026,train
train_103029,train
train_103031,train
train_103033,train
train_103036,train
train_103038,train
train_103039,train
train_10304,train
train_103040,train
train_103041,train
train_103045,train
train_103046,train
train_103047,train
train_103048,train
train_103049,train
train_10305,train
train_103051,train
train_103063,train
train_103071,train
train_103073,train
train_103074,train
train_103075,train
train_103076,train
train_103078,train
train_10308,train
train_103080,train
train_103081,train
train_103082,train
train_103084,train
train_103085,train
train_103089,train
train_103090,train
train_103093,train
train_103095,train
train_103097,train
train_103098,train
train_1031,train
train_10310,train
train_103102,train
train_103103,train
train_103106,train
train_103107,train
train_103108,train
train_103109,train
train_103110,train
train_103111,train
train_103112,train
train_103113,train
train_103115,train
train_103116,train
train_103117,train
train_103119,train
train_103122,train
train_103123,train
train_103124,train
train_103128,train
train_10313,train
train_103131,train
train_103134,train
train_103136,train
train_10314,train
train_103141,train
train_103143,train
train_103144,train
train_103145,train
train_103148,train
train_10315,train
train_103154,train
train_103155,train
train_103157,train
train_103158,train
train_10316,train
train_103160,train
train_103161,train
train_103163,train
train_103164,train
train_103168,train
train_10317,train
train_103170,train
train_103171,train
train_103173,train
train_103174,train
train_103177,train
train_103178,train
train_103179,train
train_103184,train
train_103185,train
train_103188,train
train_103189,train
train_10319,train
train_103192,train
train_103193,train
train_103194,train
train_103195,train
train_103196,train
train_1032,train
train_103202,train
train_103206,train
train_103207,train
train_103209,train
train_10321,train
train_103210,train
train_103212,train
train_103215,train
train_103216,train
train_103219,train
train_10322,train
train_103222,train
train_103224,train
train_103225,train
train_103226,train
train_103228,train
train_103229,train
train_103232,train
train_103233,train
train_103236,train
train_10324,train
train_103241,train
train_103242,train
train_103244,train
train_103252,train
train_103253,train
train_103257,train
train_103258,train
train_10326,train
train_103260,train
train_103261,train
train_103262,train
train_103263,train
train_103265,train
train_10327,train
train_103272,train
train_103274,train
train_103277,train
train_103278,train
train_103279,train
train_103280,train
train_103281,train
train_103283,train
train_103284,train
train_10329,train
train_103291,train
train_103292,train
train_103297,train
train_1033,train
train_103300,train
train_103302,train
train_103303,train
train_103306,train
train_103309,train
train_103310,train
train_103314,train
train_103316,train
train_103317,train
train_103319,train
train_10332,train
train_103320,train
train_103322,train
train_103325,train
train_103327,train
train_103330,train
train_103331,train
train_103332,train
train_103334,train
train_10334,train
train_103342,train
train_103344,train
train_103345,train
train_103346,train
train_103347,train
train_103348,train
train_103351,train
train_103352,train
train_103354,train
train_103363,train
train_103365,train
train_103366,train
train_10337,train
train_103370,train
train_103373,train
train_103375,train
train_103377,train
train_103380,train
train_103382,train
train_103383,train
train_103384,train
train_103387,train
train_103390,train
train_103391,train
train_103392,train
train_103396,train
train_103397,train
train_103398,train
train_103399,train
train_1034,train
train_103400,train
train_103401,train
train_103406,train
train_103407,train
train_103408,train
train_103412,train
train_103414,train
train_103416,train
train_103422,train
train_103426,train
train_103427,train
train_103429,train
train_10343,train
train_103430,train
train_103432,train
train_103434,train
train_103435,train
train_103436,train
train_103438,train
train_10344,train
train_103440,train
train_103441,train
train_103446,train
train_103449,train
train_10345,train
train_103452,train
train_103455,train
train_103457,train
train_103458,train
train_103460,train
train_103461,train
train_103462,train
train_103467,train
train_103473,train
train_103474,train
train_103477,train
train_103478,train
train_10348,train
train_103481,train
train_103485,train
train_103486,train
train_103488,train
train_103489,train
train_10349,train
train_103490,train
train_103492,train
train_103493,train
train_103498,train
train_1035,train
train_103500,train
train_103501,train
train_103502,train
train_103505,train
train_103507,train
train_10351,train
train_103512,train
train_103513,train
train_103515,train
train_103516,train
train_103518,train
train_10352,train
train_103520,train
train_103521,train
train_103523,train
train_103526,train
train_103527,train
train_103529,train
train_10353,train
train_103535,train
train_103536,train
train_103541,train
train_103545,train
train_103549,train
train_10355,train
train_103551,train
train_103556,train
train_103558,train
train_103559,train
train_103560,train
train_103561,train
train_103562,train
train_103569,train
train_10357,train
train_103570,train
train_103572,train
train_103579,train
train_103580,train
train_103591,train
train_103592,train
train_103593,train
train_103595,train
train_103597,train
train_103598,train
train_103599,train
train_1036,train
train_103601,train
train_103602,train
train_103603,train
train_103604,train
train_103605,train
train_103607,train
train_10361,train
train_103611,train
train_103613,train
train_103614,train
train_103615,train
train_103616,train
train_103617,train
train_103620,train
train_103621,train
train_103622,train
train_103623,train
train_103624,train
train_103625,train
train_103627,train
train_103629,train
train_10363,train
train_103631,train
train_103633,train
train_103634,train
train_103637,train
train_103639,train
train_10364,train
train_103645,train
train_103649,train
train_103650,train
train_103651,train
train_103652,train
train_103653,train
train_103657,train
train_103660,train
train_103661,train
train_103663,train
train_103664,train
train_10367,train
train_103672,train
train_103675,train
train_103678,train
train_103679,train
train_103680,train
train_103681,train
train_103682,train
train_103690,train
train_103691,train
train_103692,train
train_103694,train
train_103696,train
train_103697,train
train_103698,train
train_103699,train
train_103700,train
train_103701,train
train_103703,train
train_103706,train
train_10371,train
train_103711,train
train_103716,train
train_103717,train
train_103718,train
train_10372,train
train_103721,train
train_103726,train
train_103727,train
train_103729,train
train_10373,train
train_103733,train
train_103735,train
train_103736,train
train_103738,train
train_103739,train
train_10374,train
train_103740,train
train_103741,train
train_103744,train
train_103747,train
train_103748,train
train_103749,train
train_10375,train
train_103751,train
train_103753,train
train_103754,train
train_103757,train
train_10376,train
train_103762,train
train_103765,train
train_103770,train
train_103773,train
train_103776,train
train_103780,train
train_103783,train
train_103784,train
train_103789,train
train_10379,train
train_103791,train
train_103792,train
train_103793,train
train_103795,train
train_1038,train
train_10380,train
train_103807,train
train_103808,train
train_103809,train
train_10381,train
train_103810,train
train_103811,train
train_103814,train
train_103816,train
train_10382,train
train_103821,train
train_103825,train
train_103826,train
train_103827,train
train_10383,train
train_103830,train
train_103832,train
train_103833,train
train_103835,train
train_103836,train
train_103838,train
train_10384,train
train_103840,train
train_103841,train
train_103842,train
train_103846,train
train_103849,train
train_103850,train
train_103852,train
train_103853,train
train_103854,train
train_103855,train
train_103858,train
train_103860,train
train_103862,train
train_103864,train
train_103868,train
train_103869,train
train_10387,train
train_103871,train
train_103872,train
train_103876,train
train_103881,train
train_103886,train
train_103887,train
train_103888,train
train_10389,train
train_103890,train
train_103892,train
train_103893,train
train_103895,train
train_103897,train
train_103899,train
train_1039,train
train_103900,train
train_103903,train
train_103907,train
train_10391,train
train_103911,train
train_103912,train
train_103917,train
train_103918,train
train_10392,train
train_103920,train
train_103922,train
train_103923,train
train_103924,train
train_103926,train
train_103927,train
train_103928,train
train_10393,train
train_103930,train
train_103931,train
train_103933,train
train_103935,train
train_103936,train
train_10394,train
train_103941,train
train_103945,train
train_10395,train
train_103953,train
train_103956,train
train_103959,train
train_10396,train
train_103960,train
train_103961,train
train_103963,train
train_103967,train
train_103968,train
train_103970,train
train_103975,train
train_103976,train
train_103978,train
train_103979,train
train_103982,train
train_103983,train
train_103984,train
train_103985,train
train_103987,train
train_10399,train
train_103993,train
train_103994,train
train_103995,train
train_103998,train
train_103999,train
train_1040,train
train_104001,train
train_104004,train
train_104005,train
train_104006,train
train_10401,train
train_104011,train
train_104015,train
train_104016,train
train_104018,train
train_104019,train
train_104020,train
train_104022,train
train_104023,train
train_104024,train
train_104025,train
train_104026,train
train_10403,train
train_104033,train
train_104035,train
train_104036,train
train_10404,train
train_104040,train
train_104044,train
train_104045,train
train_104047,train
train_10405,train
train_104051,train
train_104053,train
train_104055,train
train_104056,train
train_104058,train
train_10406,train
train_104064,train
train_104066,train
train_104068,train
train_104070,train
train_104072,train
train_104073,train
train_104075,train
train_104076,train
train_104077,train
train_104078,train
train_104079,train
train_104082,train
train_104083,train
train_104084,train
train_10409,train
train_104091,train
train_104095,train
train_104096,train
train_10410,train
train_104100,train
train_104102,train
train_104104,train
train_104105,train
train_104109,train
train_104114,train
train_104115,train
train_104117,train
train_10412,train
train_104122,train
train_104123,train
train_104125,train
train_104127,train
train_104130,train
train_104133,train
train_104134,train
train_104135,train
train_104138,train
train_104140,train
train_104152,train
train_104154,train
train_104157,train
train_104158,train
train_104159,train
train_104162,train
train_104163,train
train_104164,train
train_104165,train
train_104166,train
train_104169,train
train_104170,train
train_104173,train
train_104175,train
train_104176,train
train_104179,train
train_10418,train
train_104182,train
train_104184,train
train_104186,train
train_104191,train
train_104196,train
train_104198,train
train_10420,train
train_104200,train
train_104201,train
train_104202,train
train_104204,train
train_104205,train
train_10421,train
train_104211,train
train_104213,train
train_104215,train
train_104217,train
train_104218,train
train_104219,train
train_10422,train
train_104222,train
train_104228,train
train_104230,train
train_104232,train
train_104233,train
train_104234,train
train_104236,train
train_104237,train
train_104240,train
train_104241,train
train_104242,train
train_104245,train
train_104247,train
train_10425,train
train_104250,train
train_104252,train
train_104257,train
train_104260,train
train_104261,train
train_104262,train
train_104263,train
train_104267,train
train_10427,train
train_104270,train
train_104272,train
train_104276,train
train_104279,train
train_104280,train
train_104281,train
train_104282,train
train_104284,train
train_104285,train
train_104288,train
train_104289,train
train_10429,train
train_104292,train
train_104297,train
train_104299,train
train_1043,train
train_104300,train
train_104304,train
train_104306,train
train_104309,train
train_10431,train
train_104310,train
train_104313,train
train_104314,train
train_104315,train
train_104319,train
train_10432,train
train_104323,train
train_104326,train
train_104327,train
train_104328,train
train_10433,train
train_104334,train
train_104335,train
train_104336,train
train_104339,train
train_104343,train
train_104345,train
train_104346,train
train_104351,train
train_104352,train
train_104354,train
train_104355,train
train_104356,train
train_104357,train
train_104362,train
train_104363,train
train_104366,train
train_104367,train
train_104369,train
train_104370,train
train_104371,train
train_104373,train
train_104377,train
train_104378,train
train_10438,train
train_104380,train
train_104382,train
train_104384,train
train_104385,train
train_104386,train
train_104388,train
train_104389,train
train_104392,train
train_104393,train
train_1044,train
train_104403,train
train_104404,train
train_104413,train
train_104417,train
train_10442,train
train_104421,train
train_104424,train
train_104425,train
train_104426,train
train_104429,train
train_104430,train
train_104434,train
train_104436,train
train_104437,train
train_104439,train
train_104441,train
train_104442,train
train_104443,train
train_104447,train
train_10445,train
train_104452,train
train_104453,train
train_104454,train
train_104455,train
train_104458,train
train_104460,train
train_104462,train
train_104463,train
train_104464,train
train_104468,train
train_104469,train
train_104472,train
train_104477,train
train_104478,train
train_104481,train
train_104483,train
train_104487,train
train_104489,train
train_104490,train
train_104491,train
train_104493,train
train_104494,train
train_104495,train
train_104496,train
train_104497,train
train_104502,train
train_104503,train
train_104504,train
train_104506,train
train_104507,train
train_104509,train
train_104512,train
train_104513,train
train_104514,train
train_104515,train
train_104516,train
train_104517,train
train_104518,train
train_104520,train
train_104521,train
train_104523,train
train_104525,train
train_104526,train
train_104528,train
train_104530,train
train_104531,train
train_104532,train
train_104535,train
train_104536,train
train_104537,train
train_104538,train
train_104541,train
train_104543,train
train_104546,train
train_104547,train
train_104548,train
train_104552,train
train_104555,train
train_104557,train
train_104559,train
train_104566,train
train_104567,train
train_104574,train
train_104577,train
train_104581,train
train_104583,train
train_104585,train
train_104587,train
train_104588,train
train_104590,train
train_104594,train
train_104595,train
train_104596,train
train_104597,train
train_104598,train
train_1046,train
train_104604,train
train_104605,train
train_104607,train
train_104608,train
train_104614,train
train_104615,train
train_104616,train
train_104618,train
train_104622,train
train_104623,train
train_104627,train
train_104629,train
train_104630,train
train_104631,train
train_104632,train
train_104634,train
train_104636,train
train_104637,train
train_104641,train
train_104642,train
train_104644,train
train_104645,train
train_104646,train
train_104650,train
train_104651,train
train_104654,train
train_104658,train
train_104660,train
train_104661,train
train_104664,train
train_104665,train
train_104669,train
train_104670,train
train_104675,train
train_104676,train
train_104677,train
train_104678,train
train_104679,train
train_104684,train
train_104687,train
train_104688,train
train_104692,train
train_104693,train
train_104694,train
train_104695,train
train_104697,train
train_1047,train
train_104700,train
train_104702,train
train_104703,train
train_104706,train
train_104707,train
train_104710,train
train_104711,train
train_104712,train
train_104715,train
train_104716,train
train_104721,train
train_104724,train
train_104725,train
train_104726,train
train_104727,train
train_104731,train
train_104732,train
train_104735,train
train_104737,train
train_104744,train
train_104746,train
train_104747,train
train_104748,train
train_104750,train
train_104751,train
train_104755,train
train_104756,train
train_104759,train
train_104762,train
train_104763,train
train_104765,train
train_104769,train
train_104770,train
train_104771,train
train_104773,train
train_104778,train
train_10478,train
train_104782,train
train_104783,train
train_104784,train
train_104785,train
train_104789,train
train_104792,train
train_104793,train
train_104795,train
train_104797,train
train_104798,train
train_1048,train
train_104802,train
train_104806,train
train_104809,train
train_10481,train
train_104810,train
train_104811,train
train_104812,train
train_104813,train
train_104816,train
train_104818,train
train_10482,train
train_104821,train
train_104822,train
train_104823,train
train_104825,train
train_104828,train
train_104829,train
train_104830,train
train_104831,train
train_104832,train
train_104833,train
train_104836,train
train_104838,train
train_104839,train
train_104840,train
train_104841,train
train_104842,train
train_104843,train
train_104845,train
train_104846,train
train_104848,train
train_104850,train
train_104851,train
train_104852,train
train_104853,train
train_104854,train
train_104856,train
train_104858,train
train_104859,train
train_10486,train
train_104863,train
train_104867,train
train_104868,train
train_104870,train
train_104871,train
train_104872,train
train_104873,train
train_104875,train
train_104878,train
train_104884,train
train_104885,train
train_104887,train
train_104891,train
train_104900,train
train_104901,train
train_104902,train
train_104905,train
train_104907,train
train_104908,train
train_104909,train
train_104910,train
train_104913,train
train_104915,train
train_104916,train
train_104917,train
train_104918,train
train_104922,train
train_104923,train
train_104925,train
train_104927,train
train_104931,train
train_104933,train
train_104934,train
train_104935,train
train_104940,train
train_104941,train
train_104942,train
train_104945,train
train_104948,train
train_104952,train
train_104953,train
train_104954,train
train_104957,train
train_104959,train
train_104961,train
train_104962,train
train_104964,train
train_104965,train
train_104966,train
train_104967,train
train_104969,train
train_104971,train
train_104975,train
train_104976,train
train_104978,train
train_104980,train
train_104982,train
train_104985,train
train_104988,train
train_104989,train
train_104990,train
train_104991,train
train_104994,train
train_104998,train
train_1050,train
train_105001,train
train_105006,train
train_105007,train
train_105008,train
train_105009,train
train_105010,train
train_105012,train
train_105015,train
train_105016,train
train_105020,train
train_105021,train
train_105024,train
train_105025,train
train_105028,train
train_105030,train
train_105031,train
train_105033,train
train_105034,train
train_105036,train
train_105037,train
train_105038,train
train_105039,train
train_105041,train
train_105043,train
train_105044,train
train_105045,train
train_105046,train
train_105047,train
train_105049,train
train_105050,train
train_105051,train
train_105052,train
train_105053,train
train_105057,train
train_105058,train
train_105060,train
train_105067,train
train_105069,train
train_105070,train
train_105072,train
train_105076,train
train_105077,train
train_105078,train
train_105079,train
train_10508,train
train_105082,train
train_105083,train
train_105084,train
train_105086,train
train_105087,train
train_105089,train
train_105092,train
train_105096,train
train_1051,train
train_10510,train
train_105100,train
train_105102,train
train_105103,train
train_105104,train
train_105105,train
train_105106,train
train_105108,train
train_105109,train
train_105110,train
train_105111,train
train_105122,train
train_105123,train
train_105129,train
train_10513,train
train_105130,train
train_105134,train
train_105138,train
train_10514,train
train_105140,train
train_105141,train
train_105142,train
train_105144,train
train_105146,train
train_105148,train
train_105150,train
train_105159,train
train_105162,train
train_105163,train
train_105165,train
train_105166,train
train_105172,train
train_105174,train
train_105177,train
train_105180,train
train_105181,train
train_105185,train
train_105186,train
train_105187,train
train_105195,train
train_105196,train
train_105197,train
train_105200,train
train_105201,train
train_105202,train
train_105203,train
train_105206,train
train_105207,train
train_105212,train
train_105219,train
train_105220,train
train_105221,train
train_105222,train
train_105224,train
train_105225,train
train_105226,train
train_105227,train
train_105229,train
train_10523,train
train_105232,train
train_105233,train
train_105234,train
train_105238,train
train_105240,train
train_105242,train
train_105245,train
train_105249,train
train_105251,train
train_105252,train
train_105254,train
train_105258,train
train_105259,train
train_105261,train
train_105263,train
train_105264,train
train_105265,train
train_105270,train
train_105272,train
train_105274,train
train_105282,train
train_105289,train
train_10529,train
train_105290,train
train_105291,train
train_105292,train
train_105293,train
train_105296,train
train_1053,train
train_105301,train
train_105302,train
train_105303,train
train_105307,train
train_105308,train
train_105309,train
train_105311,train
train_105318,train
train_10532,train
train_105320,train
train_105321,train
train_105322,train
train_105323,train
train_105325,train
train_105329,train
train_105332,train
train_105335,train
train_105340,train
train_105345,train
train_105346,train
train_105347,train
train_105348,train
train_105349,train
train_10535,train
train_105350,train
train_105351,train
train_105352,train
train_105354,train
train_105355,train
train_105356,train
train_105358,train
train_105359,train
train_105360,train
train_105362,train
train_105367,train
train_105368,train
train_105369,train
train_105373,train
train_105374,train
train_105377,train
train_105378,train
train_10538,train
train_105381,train
train_105382,train
train_105383,train
train_105384,train
train_105386,train
train_105387,train
train_105388,train
train_10539,train
train_105391,train
train_105392,train
train_105394,train
train_105398,train
train_105399,train
train_1054,train
train_105407,train
train_105410,train
train_105411,train
train_105412,train
train_105416,train
train_105419,train
train_105421,train
train_105422,train
train_105427,train
train_105429,train
train_105434,train
train_105438,train
train_105441,train
train_105442,train
train_105443,train
train_10545,train
train_105451,train
train_105452,train
train_105455,train
train_105457,train
train_105461,train
train_105462,train
train_105466,train
train_105467,train
train_105468,train
train_105469,train
train_105470,train
train_105472,train
train_105473,train
train_105474,train
train_105475,train
train_105479,train
train_105484,train
train_105486,train
train_105490,train
train_105491,train
train_105496,train
train_105501,train
train_105502,train
train_105503,train
train_105506,train
train_105519,train
train_105520,train
train_105521,train
train_105523,train
train_105525,train
train_105527,train
train_10553,train
train_105533,train
train_105535,train
train_105537,train
train_105538,train
train_105545,train
train_105546,train
train_105548,train
train_105550,train
train_105551,train
train_105558,train
train_10556,train
train_105560,train
train_105562,train
train_105563,train
train_105567,train
train_105571,train
train_105572,train
train_105573,train
train_105580,train
train_105581,train
train_105583,train
train_105587,train
train_105588,train
train_105593,train
train_105596,train
train_105598,train
train_1056,train
train_105600,train
train_105601,train
train_105603,train
train_105604,train
train_105605,train
train_105609,train
train_10561,train
train_105619,train
train_105620,train
train_105621,train
train_105622,train
train_105623,train
train_105625,train
train_105627,train
train_105628,train
train_105629,train
train_105630,train
train_105633,train
train_105634,train
train_105635,train
train_10564,train
train_105641,train
train_105643,train
train_105645,train
train_105646,train
train_105647,train
train_10565,train
train_105655,train
train_105658,train
train_105659,train
train_105664,train
train_105665,train
train_105667,train
train_105668,train
train_10567,train
train_105670,train
train_105673,train
train_105676,train
train_105678,train
train_105683,train
train_105684,train
train_105685,train
train_105686,train
train_105687,train
train_105690,train
train_105691,train
train_105692,train
train_105693,train
train_105694,train
train_105697,train
train_105698,train
train_105699,train
train_1057,train
train_10570,train
train_105700,train
train_105701,train
train_105702,train
train_105706,train
train_105707,train
train_105708,train
train_10571,train
train_105710,train
train_105714,train
train_105722,train
train_105724,train
train_105726,train
train_105727,train
train_105729,train
train_10573,train
train_105730,train
train_105731,train
train_105732,train
train_105733,train
train_105734,train
train_105736,train
train_105739,train
train_105740,train
train_105742,train
train_105743,train
train_105744,train
train_105745,train
train_105746,train
train_105751,train
train_105753,train
train_105755,train
train_105758,train
train_10576,train
train_105761,train
train_105762,train
train_105763,train
train_105768,train
train_105769,train
train_105770,train
train_105772,train
train_105773,train
train_105779,train
train_105780,train
train_105782,train
train_105783,train
train_105785,train
train_105788,train
train_105790,train
train_105792,train
train_105793,train
train_105795,train
train_105799,train
train_1058,train
train_105801,train
train_105803,train
train_105807,train
train_105808,train
train_105810,train
train_105811,train
train_105812,train
train_105814,train
train_105817,train
train_105818,train
train_105819,train
train_105820,train
train_105822,train
train_105825,train
train_105830,train
train_105831,train
train_105834,train
train_105836,train
train_105841,train
train_105845,train
train_105848,train
train_105849,train
train_105850,train
train_105853,train
train_105856,train
train_105857,train
train_105858,train
train_105860,train
train_105861,train
train_105862,train
train_105863,train
train_105865,train
train_105867,train
train_105869,train
train_105872,train
train_105876,train
train_105877,train
train_105880,train
train_105886,train
train_105890,train
train_105892,train
train_105896,train
train_105898,train
train_105899,train
train_1059,train
train_105900,train
train_105901,train
train_105902,train
train_105911,train
train_105915,train
train_105916,train
train_105920,train
train_105922,train
train_105929,train
train_105932,train
train_105934,train
train_105935,train
train_10594,train
train_105941,train
train_105943,train
train_105944,train
train_105947,train
train_105948,train
train_105949,train
train_10595,train
train_105951,train
train_105952,train
train_105954,train
train_105955,train
train_105956,train
train_105958,train
train_105959,train
train_105961,train
train_105962,train
train_105963,train
train_105964,train
train_105965,train
train_105968,train
train_105973,train
train_105975,train
train_105977,train
train_105979,train
train_105980,train
train_105981,train
train_105982,train
train_105983,train
train_105984,train
train_105985,train
train_105989,train
train_105993,train
train_105996,train
train_105998,train
train_1060,train
train_106000,train
train_106001,train
train_106002,train
train_106004,train
train_106005,train
train_106009,train
train_106011,train
train_106013,train
train_106016,train
train_106017,train
train_106018,train
train_106019,train
train_106021,train
train_106024,train
train_106025,train
train_106027,train
train_106028,train
train_106029,train
train_106030,train
train_106031,train
train_106032,train
train_106036,train
train_106039,train
train_10604,train
train_106041,train
train_106043,train
train_106047,train
train_106050,train
train_106052,train
train_106054,train
train_106055,train
train_106056,train
train_106058,train
train_106059,train
train_106060,train
train_106064,train
train_106066,train
train_106074,train
train_106076,train
train_106080,train
train_106081,train
train_106085,train
train_106088,train
train_106090,train
train_106091,train
train_106092,train
train_106093,train
train_106096,train
train_106098,train
train_106099,train
train_106101,train
train_106106,train
train_106107,train
train_106111,train
train_106113,train
train_106116,train
train_106117,train
train_106119,train
train_10612,train
train_106120,train
train_106123,train
train_106125,train
train_106126,train
train_106127,train
train_106130,train
train_106134,train
train_106137,train
train_106141,train
train_106142,train
train_106144,train
train_106147,train
train_106148,train
train_106149,train
train_106154,train
train_106158,train
train_106159,train
train_10616,train
train_106161,train
train_106163,train
train_106165,train
train_106167,train
train_106170,train
train_106177,train
train_106179,train
train_106180,train
train_106187,train
train_106189,train
train_10619,train
train_106194,train
train_106197,train
train_106198,train
train_1062,train
train_106206,train
train_106209,train
train_106210,train
train_106211,train
train_106216,train
train_106218,train
train_106219,train
train_106220,train
train_106225,train
train_106227,train
train_106228,train
train_106229,train
train_106231,train
train_106232,train
train_106234,train
train_106236,train
train_106237,train
train_106238,train
train_106239,train
train_106240,train
train_106241,train
train_106242,train
train_106243,train
train_106245,train
train_106246,train
train_106247,train
train_106248,train
train_106249,train
train_106250,train
train_106254,train
train_106256,train
train_106257,train
train_106258,train
train_106260,train
train_106261,train
train_106263,train
train_106264,train
train_106266,train
train_106267,train
train_106269,train
train_106271,train
train_106274,train
train_106276,train
train_106277,train
train_106278,train
train_10628,train
train_106283,train
train_106284,train
train_106286,train
train_106289,train
train_106291,train
train_106292,train
train_106297,train
train_106298,train
train_1063,train
train_106301,train
train_106306,train
train_106307,train
train_106308,train
train_106309,train
train_106310,train
train_106312,train
train_106313,train
train_106315,train
train_106318,train
train_106320,train
train_106324,train
train_106325,train
train_106328,train
train_106329,train
train_106333,train
train_106336,train
train_106338,train
train_106339,train
train_106340,train
train_106341,train
train_106342,train
train_106345,train
train_106348,train
train_106352,train
train_106353,train
train_106356,train
train_106357,train
train_106359,train
train_10636,train
train_106360,train
train_106362,train
train_106363,train
train_106364,train
train_106365,train
train_106368,train
train_106371,train
train_106373,train
train_106374,train
train_106375,train
train_106376,train
train_106378,train
train_106380,train
train_106381,train
train_106384,train
train_106387,train
train_106388,train
train_106389,train
train_106391,train
train_106392,train
train_106393,train
train_106395,train
train_106397,train
train_106398,train
train_1064,train
train_106400,train
train_106401,train
train_106404,train
train_106409,train
train_106410,train
train_106414,train
train_106418,train
train_10642,train
train_106420,train
train_106421,train
train_106423,train
train_106425,train
train_106426,train
train_106427,train
train_106428,train
train_106429,train
train_10643,train
train_106432,train
train_106434,train
train_106435,train
train_106436,train
train_106437,train
train_106440,train
train_106441,train
train_106443,train
train_106444,train
train_106445,train
train_106446,train
train_106447,train
train_106448,train
train_106449,train
train_106452,train
train_106454,train
train_106461,train
train_106466,train
train_106468,train
train_106469,train
train_106471,train
train_106477,train
train_106479,train
train_106480,train
train_106482,train
train_106485,train
train_106486,train
train_106498,train
train_106499,train
train_106503,train
train_106505,train
train_106507,train
train_106509,train
train_106510,train
train_106512,train
train_106514,train
train_106515,train
train_106516,train
train_106517,train
train_106519,train
train_106521,train
train_106523,train
train_106525,train
train_106526,train
train_106527,train
train_106528,train
train_106530,train
train_106531,train
train_106533,train
train_106535,train
train_106537,train
train_106540,train
train_106545,train
train_106546,train
train_106548,train
train_106550,train
train_106553,train
train_106559,train
train_106560,train
train_106564,train
train_106566,train
train_106567,train
train_106572,train
train_106573,train
train_106575,train
train_106577,train
train_106582,train
train_106585,train
train_106589,train
train_106593,train
train_106595,train
train_106596,train
train_106597,train
train_106599,train
train_106602,train
train_106605,train
train_106607,train
train_106609,train
train_106612,train
train_106613,train
train_106615,train
train_106616,train
train_106618,train
train_106619,train
train_106620,train
train_106625,train
train_106626,train
train_106627,train
train_106628,train
train_106629,train
train_106632,train
train_106633,train
train_106635,train
train_106636,train
train_106637,train
train_106639,train
train_106648,train
train_106650,train
train_106651,train
train_106652,train
train_106653,train
train_106654,train
train_106656,train
train_106659,train
train_106664,train
train_106670,train
train_106673,train
train_106678,train
train_106679,train
train_106681,train
train_106682,train
train_106683,train
train_106686,train
train_106687,train
train_106690,train
train_106692,train
train_106693,train
train_106698,train
train_106699,train
train_1067,train
train_10670,train
train_106700,train
train_106702,train
train_106704,train
train_106707,train
train_106708,train
train_10671,train
train_106711,train
train_106712,train
train_106713,train
train_106715,train
train_106719,train
train_10672,train
train_106729,train
train_106730,train
train_106732,train
train_106733,train
train_106734,train
train_106735,train
train_106736,train
train_106737,train
train_106739,train
train_10674,train
train_106740,train
train_106741,train
train_106742,train
train_106743,train
train_106744,train
train_106748,train
train_106749,train
train_106751,train
train_106752,train
train_106753,train
train_106755,train
train_106756,train
train_106757,train
train_106762,train
train_106763,train
train_106765,train
train_106766,train
train_106768,train
train_10677,train
train_106772,train
train_106774,train
train_106775,train
train_106776,train
train_106778,train
train_106779,train
train_106781,train
train_106782,train
train_106783,train
train_106787,train
train_106791,train
train_106794,train
train_106798,train
train_106800,train
train_106802,train
train_106803,train
train_106805,train
train_106806,train
train_106811,train
train_106813,train
train_106814,train
train_106815,train
train_106816,train
train_106817,train
train_106818,train
train_106820,train
train_106821,train
train_106825,train
train_106826,train
train_106829,train
train_106831,train
train_106832,train
train_106833,train
train_106836,train
train_10684,train
train_106844,train
train_106845,train
train_106846,train
train_106851,train
train_106854,train
train_106856,train
train_106860,train
train_106861,train
train_106863,train
train_106867,train
train_106868,train
train_10687,train
train_106872,train
train_106873,train
train_106874,train
train_106877,train
train_106882,train
train_106884,train
train_106888,train
train_10689,train
train_106891,train
train_106893,train
train_106895,train
train_106896,train
train_106899,train
train_10690,train
train_106901,train
train_106902,train
train_106907,train
train_106908,train
train_10691,train
train_106910,train
train_106912,train
train_106914,train
train_106915,train
train_106918,train
train_10692,train
train_106920,train
train_106921,train
train_106924,train
train_106925,train
train_106926,train
train_106928,train
train_10693,train
train_106930,train
train_106933,train
train_106937,train
train_106938,train
train_106939,train
train_106943,train
train_106944,train
train_106946,train
train_106947,train
train_106948,train
train_10695,train
train_106954,train
train_106955,train
train_106956,train
train_106958,train
train_106959,train
train_10696,train
train_106961,train
train_106964,train
train_106966,train
train_10697,train
train_106971,train
train_106975,train
train_106976,train
train_106978,train
train_106980,train
train_106981,train
train_106982,train
train_106983,train
train_106984,train
train_106987,train
train_106988,train
train_106989,train
train_106990,train
train_106992,train
train_106993,train
train_106996,train
train_10700,train
train_107000,train
train_107006,train
train_107007,train
train_107009,train
train_10701,train
train_107012,train
train_107014,train
train_107015,train
train_107017,train
train_10702,train
train_107020,train
train_107021,train
train_107023,train
train_107027,train
train_107028,train
train_107029,train
train_10703,train
train_107033,train
train_107034,train
train_107035,train
train_107036,train
train_107037,train
train_107038,train
train_107039,train
train_10704,train
train_107040,train
train_107041,train
train_107043,train
train_107044,train
train_107046,train
train_10705,train
train_107052,train
train_107053,train
train_107054,train
train_107056,train
train_107058,train
train_10706,train
train_107063,train
train_107064,train
train_107066,train
train_107067,train
train_107070,train
train_107073,train
train_107074,train
train_107076,train
train_107079,train
train_10708,train
train_107080,train
train_107081,train
train_107082,train
train_107083,train
train_107087,train
train_107088,train
train_107090,train
train_107092,train
train_107094,train
train_107095,train
train_107096,train
train_107099,train
train_107100,train
train_107102,train
train_107105,train
train_107107,train
train_107111,train
train_107116,train
train_107119,train
train_107120,train
train_107121,train
train_107123,train
train_107124,train
train_107125,train
train_107127,train
train_107128,train
train_107129,train
train_107130,train
train_107132,train
train_107133,train
train_107134,train
train_107139,train
train_10714,train
train_107140,train
train_107143,train
train_107145,train
train_107148,train
train_107152,train
train_107153,train
train_107154,train
train_107155,train
train_107159,train
train_107160,train
train_107162,train
train_107165,train
train_107166,train
train_10717,train
train_107170,train
train_107171,train
train_107172,train
train_107175,train
train_107177,train
train_107178,train
train_107179,train
train_10718,train
train_107180,train
train_107181,train
train_107182,train
train_107185,train
train_107187,train
train_107191,train
train_107192,train
train_107195,train
train_107196,train
train_107198,train
train_107199,train
train_1072,train
train_10720,train
train_107202,train
train_107209,train
train_10721,train
train_107211,train
train_107213,train
train_107214,train
train_107216,train
train_107217,train
train_107219,train
train_107220,train
train_107221,train
train_107222,train
train_107223,train
train_107225,train
train_107228,train
train_107229,train
train_10723,train
train_107231,train
train_107233,train
train_107234,train
train_107236,train
train_107239,train
train_10724,train
train_107241,train
train_107242,train
train_107243,train
train_107244,train
train_107249,train
train_107250,train
train_107251,train
train_107253,train
train_107256,train
train_107258,train
train_10726,train
train_107262,train
train_107264,train
train_107266,train
train_10727,train
train_107270,train
train_107271,train
train_107275,train
train_107276,train
train_107277,train
train_107280,train
train_107282,train
train_107283,train
train_107285,train
train_107287,train
train_10729,train
train_107293,train
train_107294,train
train_107295,train
train_107296,train
train_107298,train
train_1073,train
train_107301,train
train_107303,train
train_107308,train
train_107309,train
train_10731,train
train_107311,train
train_107312,train
train_107313,train
train_107314,train
train_107316,train
train_107317,train
train_107318,train
train_107324,train
train_107325,train
train_107326,train
train_107330,train
train_107332,train
train_107333,train
train_107335,train
train_10734,train
train_107340,train
train_107342,train
train_107343,train
train_107344,train
train_107345,train
train_107346,train
train_107347,train
train_107349,train
train_107350,train
train_107352,train
train_107355,train
train_107365,train
train_107366,train
train_107367,train
train_107368,train
train_107369,train
train_10737,train
train_107370,train
train_107371,train
train_107373,train
train_107374,train
train_107376,train
train_10738,train
train_107381,train
train_107382,train
train_107383,train
train_107384,train
train_107387,train
train_107389,train
train_107392,train
train_107393,train
train_107394,train
train_107399,train
train_1074,train
train_10740,train
train_107401,train
train_107402,train
train_107404,train
train_107406,train
train_107408,train
train_107409,train
train_10741,train
train_107410,train
train_107411,train
train_107413,train
train_107417,train
train_107418,train
train_107426,train
train_107427,train
train_10743,train
train_107430,train
train_107434,train
train_107440,train
train_107441,train
train_107443,train
train_107448,train
train_10745,train
train_107451,train
train_107453,train
train_107454,train
train_107455,train
train_107459,train
train_107461,train
train_107462,train
train_107463,train
train_107465,train
train_107467,train
train_107469,train
train_10747,train
train_107470,train
train_107472,train
train_107473,train
train_107474,train
train_107475,train
train_107476,train
train_107482,train
train_107483,train
train_107484,train
train_107486,train
train_10749,train
train_107490,train
train_107491,train
train_107494,train
train_107497,train
train_107498,train
train_10750,train
train_107500,train
train_107502,train
train_107505,train
train_107508,train
train_107512,train
train_107519,train
train_10752,train
train_107522,train
train_107528,train
train_107529,train
train_10753,train
train_107531,train
train_107532,train
train_107534,train
train_107536,train
train_107537,train
train_10754,train
train_107543,train
train_107545,train
train_107546,train
train_107547,train
train_10755,train
train_107550,train
train_107552,train
train_107553,train
train_107555,train
train_107556,train
train_107558,train
train_107559,train
train_107561,train
train_107565,train
train_107567,train
train_107570,train
train_107572,train
train_107577,train
train_107580,train
train_107581,train
train_107582,train
train_107583,train
train_107584,train
train_107588,train
train_10759,train
train_107592,train
train_107593,train
train_107595,train
train_107597,train
train_1076,train
train_10760,train
train_107600,train
train_107604,train
train_107605,train
train_107606,train
train_107608,train
train_10761,train
train_107610,train
train_107611,train
train_107612,train
train_107613,train
train_107614,train
train_107616,train
train_10762,train
train_107621,train
train_107627,train
train_107629,train
train_10763,train
train_107633,train
train_107638,train
train_107639,train
train_10764,train
train_107642,train
train_107643,train
train_107645,train
train_107647,train
train_107648,train
train_107649,train
train_10765,train
train_107650,train
train_107651,train
train_107654,train
train_107656,train
train_107658,train
train_107659,train
train_107660,train
train_107661,train
train_107662,train
train_107666,train
train_107667,train
train_107668,train
train_107669,train
train_10767,train
train_107671,train
train_107672,train
train_107677,train
train_107678,train
train_107679,train
train_10768,train
train_107680,train
train_107683,train
train_10769,train
train_107691,train
train_107694,train
train_107695,train
train_107697,train
train_107699,train
train_107701,train
train_107702,train
train_107703,train
train_107707,train
train_107708,train
train_10771,train
train_107710,train
train_107711,train
train_107712,train
train_107715,train
train_107716,train
train_107717,train
train_107719,train
train_10772,train
train_107720,train
train_107724,train
train_107726,train
train_107728,train
train_107731,train
train_107732,train
train_107734,train
train_107737,train
train_107739,train
train_10774,train
train_107740,train
train_107742,train
train_107744,train
train_107745,train
train_107748,train
train_107749,train
train_107752,train
train_107755,train
train_107757,train
train_107758,train
train_107762,train
train_107764,train
train_107766,train
train_107767,train
train_107768,train
train_107770,train
train_107772,train
train_107774,train
train_107775,train
train_107776,train
train_107778,train
train_10778,train
train_107782,train
train_107783,train
train_107785,train
train_107790,train
train_107793,train
train_107797,train
train_107799,train
train_107802,train
train_107803,train
train_107808,train
train_107817,train
train_107818,train
train_107819,train
train_10782,train
train_107820,train
train_107822,train
train_107823,train
train_107824,train
train_10783,train
train_107834,train
train_107835,train
train_107836,train
train_107837,train
train_10784,train
train_107843,train
train_107844,train
train_107847,train
train_107851,train
train_107852,train
train_107854,train
train_107856,train
train_107859,train
train_107861,train
train_107862,train
train_107864,train
train_107865,train
train_107866,train
train_107867,train
train_107872,train
train_107876,train
train_10788,train
train_107882,train
train_107884,train
train_107885,train
train_107886,train
train_107888,train
train_107889,train
train_10789,train
train_107891,train
train_107895,train
train_107898,train
train_107899,train
train_107900,train
train_107902,train
train_107903,train
train_107906,train
train_107907,train
train_107911,train
train_107912,train
train_107913,train
train_107915,train
train_107916,train
train_107919,train
train_10793,train
train_107933,train
train_107938,train
train_107939,train
train_10794,train
train_107943,train
train_107946,train
train_107947,train
train_10795,train
train_107954,train
train_107955,train
train_107959,train
train_10796,train
train_107961,train
train_107963,train
train_107964,train
train_107965,train
train_107968,train
train_107969,train
train_107971,train
train_107973,train
train_107974,train
train_107979,train
train_107983,train
train_107986,train
train_107987,train
train_107988,train
train_107989,train
train_107993,train
train_107994,train
train_107997,train
train_107998,train
train_107999,train
train_108,train
train_1080,train
train_10800,train
train_108000,train
train_108003,train
train_108009,train
train_10801,train
train_108011,train
train_108014,train
train_108016,train
train_108017,train
train_108019,train
train_10802,train
train_108020,train
train_108021,train
train_108024,train
train_108025,train
train_108026,train
train_108029,train
train_108030,train
train_108032,train
train_108033,train
train_108035,train
train_108036,train
train_108037,train
train_108038,train
train_108039,train
train_108040,train
train_108041,train
train_108042,train
train_108045,train
train_108048,train
train_108049,train
train_108052,train
train_108054,train
train_108056,train
train_108059,train
train_108060,train
train_108062,train
train_108064,train
train_108067,train
train_10807,train
train_108074,train
train_108076,train
train_108078,train
train_108079,train
train_10808,train
train_108080,train
train_108082,train
train_108083,train
train_108084,train
train_108086,train
train_108088,train
train_10809,train
train_108091,train
train_108093,train
train_108094,train
train_108095,train
train_108097,train
train_10810,train
train_108100,train
train_108102,train
train_108104,train
train_108107,train
train_10811,train
train_108110,train
train_108111,train
train_108113,train
train_108115,train
train_108116,train
train_108117,train
train_10812,train
train_108120,train
train_108121,train
train_108122,train
train_108125,train
train_108126,train
train_108130,train
train_108131,train
train_108132,train
train_108134,train
train_108135,train
train_108139,train
train_108141,train
train_108144,train
train_108146,train
train_108147,train
train_10815,train
train_108151,train
train_108153,train
train_108157,train
train_108159,train
train_108161,train
train_108162,train
train_108163,train
train_108164,train
train_108166,train
train_108168,train
train_108170,train
train_108173,train
train_108174,train
train_108177,train
train_10818,train
train_108188,train
train_108189,train
train_10819,train
train_108190,train
train_108195,train
train_108196,train
train_1082,train
train_10820,train
train_108206,train
train_108209,train
train_108213,train
train_108214,train
train_108215,train
train_108216,train
train_108219,train
train_108220,train
train_108221,train
train_108226,train
train_108227,train
train_10823,train
train_108231,train
train_108232,train
train_108233,train
train_108235,train
train_108236,train
train_108238,train
train_10824,train
train_108241,train
train_108243,train
train_108245,train
train_108246,train
train_108247,train
train_108249,train
train_10825,train
train_108250,train
train_108251,train
train_108257,train
train_108258,train
train_108259,train
train_108263,train
train_108265,train
train_108266,train
train_108267,train
train_108269,train
train_10827,train
train_108272,train
train_108273,train
train_108274,train
train_108275,train
train_108276,train
train_108287,train
train_108289,train
train_10829,train
train_108294,train
train_108295,train
train_108296,train
train_108298,train
train_1083,train
train_108300,train
train_108301,train
train_108303,train
train_108305,train
train_108306,train
train_108307,train
train_108308,train
train_108309,train
train_108311,train
train_108313,train
train_108315,train
train_108318,train
train_108319,train
train_108325,train
train_108326,train
train_10833,train
train_108330,train
train_108331,train
train_108332,train
train_108336,train
train_108339,train
train_10834,train
train_108345,train
train_108346,train
train_108348,train
train_108349,train
train_10835,train
train_108350,train
train_108351,train
train_108352,train
train_108353,train
train_108355,train
train_108359,train
train_10836,train
train_108360,train
train_108361,train
train_108362,train
train_108364,train
train_108365,train
train_108367,train
train_108369,train
train_108371,train
train_108374,train
train_108375,train
train_108376,train
train_108377,train
train_108381,train
train_108382,train
train_108387,train
train_108388,train
train_108389,train
train_10839,train
train_108391,train
train_108392,train
train_108394,train
train_108395,train
train_108396,train
train_108398,train
train_1084,train
train_108404,train
train_10841,train
train_108411,train
train_108415,train
train_108418,train
train_108419,train
train_10842,train
train_108420,train
train_108423,train
train_108425,train
train_10843,train
train_108431,train
train_108432,train
train_108433,train
train_108434,train
train_108435,train
train_108438,train
train_108439,train
train_108440,train
train_108441,train
train_108442,train
train_108444,train
train_108445,train
train_108448,train
train_108449,train
train_108450,train
train_108451,train
train_108453,train
train_108455,train
train_108457,train
train_10846,train
train_108460,train
train_108461,train
train_108463,train
train_108464,train
train_108465,train
train_108466,train
train_108469,train
train_10847,train
train_108473,train
train_108475,train
train_108476,train
train_108477,train
train_108478,train
train_108480,train
train_108481,train
train_108482,train
train_108484,train
train_108485,train
train_108487,train
train_108489,train
train_10849,train
train_108490,train
train_108492,train
train_108494,train
train_108496,train
train_108497,train
train_108499,train
train_10850,train
train_108503,train
train_108504,train
train_108506,train
train_10851,train
train_108510,train
train_108511,train
train_108512,train
train_108514,train
train_108518,train
train_10852,train
train_108520,train
train_108521,train
train_108522,train
train_108525,train
train_108526,train
train_108529,train
train_108530,train
train_108531,train
train_108532,train
train_108533,train
train_108538,train
train_108539,train
train_108541,train
train_108547,train
train_108548,train
train_108554,train
train_108557,train
train_108562,train
train_10857,train
train_108570,train
train_108571,train
train_108572,train
train_108574,train
train_108576,train
train_108580,train
train_108581,train
train_108584,train
train_108587,train
train_108591,train
train_108593,train
train_108594,train
train_108596,train
train_108597,train
train_10860,train
train_108601,train
train_108602,train
train_108604,train
train_108608,train
train_108609,train
train_10861,train
train_108611,train
train_108612,train
train_108616,train
train_108619,train
train_10862,train
train_108620,train
train_108622,train
train_108625,train
train_108626,train
train_108627,train
train_108632,train
train_108636,train
train_108639,train
train_10864,train
train_108640,train
train_108641,train
train_108642,train
train_108645,train
train_108648,train
train_108649,train
train_10865,train
train_108650,train
train_108653,train
train_108655,train
train_108656,train
train_108657,train
train_108658,train
train_108662,train
train_108666,train
train_108669,train
train_10867,train
train_108670,train
train_108677,train
train_108679,train
train_108683,train
train_108686,train
train_10869,train
train_108690,train
train_108693,train
train_108695,train
train_108697,train
train_108698,train
train_108699,train
train_1087,train
train_10870,train
train_108700,train
train_108704,train
train_108705,train
train_108708,train
train_108711,train
train_108713,train
train_108714,train
train_108717,train
train_108718,train
train_108720,train
train_108721,train
train_108722,train
train_108723,train
train_108724,train
train_108726,train
train_108728,train
train_108730,train
train_108733,train
train_108736,train
train_108737,train
train_108739,train
train_108740,train
train_108741,train
train_108743,train
train_108744,train
train_108745,train
train_108746,train
train_108748,train
train_10875,train
train_108751,train
train_108753,train
train_108758,train
train_108761,train
train_108762,train
train_108764,train
train_108767,train
train_108769,train
train_10877,train
train_108772,train
train_108773,train
train_108774,train
train_108775,train
train_108777,train
train_10878,train
train_108781,train
train_108782,train
train_108783,train
train_108785,train
train_10879,train
train_108790,train
train_108791,train
train_108792,train
train_108793,train
train_108794,train
train_108795,train
train_108796,train
train_108797,train
train_108798,train
train_108799,train
train_108800,train
train_108802,train
train_108805,train
train_108806,train
train_108807,train
train_108808,train
train_108811,train
train_108812,train
train_108813,train
train_108815,train
train_108816,train
train_108817,train
train_108819,train
train_108823,train
train_108825,train
train_108828,train
train_108829,train
train_10883,train
train_108831,train
train_108834,train
train_108837,train
train_108838,train
train_108839,train
train_10884,train
train_108842,train
train_108845,train
train_108846,train
train_108847,train
train_108848,train
train_10885,train
train_108851,train
train_108852,train
train_108854,train
train_108856,train
train_108858,train
train_108860,train
train_108861,train
train_108862,train
train_108866,train
train_108867,train
train_10887,train
train_108871,train
train_108872,train
train_108873,train
train_108874,train
train_108875,train
train_108877,train
train_108878,train
train_108879,train
train_108881,train
train_108882,train
train_108886,train
train_108887,train
train_10889,train
train_108890,train
train_108891,train
train_108892,train
train_108893,train
train_108895,train
train_108896,train
train_108897,train
train_108898,train
train_108899,train
train_108901,train
train_108902,train
train_108903,train
train_108905,train
train_108909,train
train_10891,train
train_108910,train
train_108914,train
train_108917,train
train_108919,train
train_108924,train
train_108925,train
train_108927,train
train_10893,train
train_108936,train
train_108938,train
train_10894,train
train_108940,train
train_108942,train
train_108945,train
train_108947,train
train_108949,train
train_108950,train
train_108952,train
train_108954,train
train_108956,train
train_108957,train
train_108959,train
train_108961,train
train_108963,train
train_108964,train
train_108965,train
train_108966,train
train_108967,train
train_10897,train
train_108970,train
train_108976,train
train_108978,train
train_108979,train
train_10898,train
train_108982,train
train_108983,train
train_108984,train
train_108987,train
train_108988,train
train_108994,train
train_108995,train
train_108997,train
train_108999,train
train_109,train
train_109001,train
train_109003,train
train_10901,train
train_109012,train
train_109014,train
train_109017,train
train_109023,train
train_109026,train
train_109029,train
train_10903,train
train_109030,train
train_109032,train
train_109034,train
train_109039,train
train_109041,train
train_109042,train
train_109043,train
train_109044,train
train_109048,train
train_109049,train
train_10905,train
train_109055,train
train_109057,train
train_109059,train
train_109061,train
train_109063,train
train_109064,train
train_109066,train
train_109068,train
train_10907,train
train_109072,train
train_109073,train
train_109077,train
train_109079,train
train_10908,train
train_109082,train
train_109083,train
train_109084,train
train_109086,train
train_109088,train
train_109089,train
train_109091,train
train_109092,train
train_109095,train
train_109096,train
train_109097,train
train_109098,train
train_109101,train
train_109102,train
train_109105,train
train_109108,train
train_10911,train
train_109110,train
train_109113,train
train_109114,train
train_109116,train
train_109117,train
train_109119,train
train_10912,train
train_109120,train
train_109122,train
train_109123,train
train_109125,train
train_109126,train
train_109129,train
train_10913,train
train_109133,train
train_109136,train
train_109137,train
train_109138,train
train_109139,train
train_10914,train
train_109141,train
train_109143,train
train_109144,train
train_109145,train
train_109146,train
train_109148,train
train_109150,train
train_109151,train
train_109152,train
train_109153,train
train_109159,train
train_10916,train
train_109160,train
train_109161,train
train_109164,train
train_109168,train
train_109172,train
train_109173,train
train_109174,train
train_109175,train
train_109176,train
train_109177,train
train_109179,train
train_10918,train
train_109182,train
train_109186,train
train_109190,train
train_109194,train
train_109195,train
train_109196,train
train_109198,train
train_1092,train
train_10921,train
train_109210,train
train_109211,train
train_109212,train
train_109213,train
train_109215,train
train_109217,train
train_10922,train
train_109222,train
train_109228,train
train_109229,train
train_10923,train
train_109230,train
train_109234,train
train_109239,train
train_10924,train
train_109240,train
train_109243,train
train_109244,train
train_109247,train
train_109249,train
train_109251,train
train_109252,train
train_109253,train
train_109254,train
train_109255,train
train_109256,train
train_109257,train
train_109259,train
train_10926,train
train_109260,train
train_109261,train
train_109268,train
train_109272,train
train_109273,train
train_109274,train
train_109276,train
train_109277,train
train_109278,train
train_10928,train
train_109280,train
train_109282,train
train_109283,train
train_109285,train
train_109287,train
train_109288,train
train_109289,train
train_109293,train
train_109294,train
train_109296,train
train_109298,train
train_10930,train
train_109301,train
train_109304,train
train_109307,train
train_109308,train
train_109315,train
train_109317,train
train_109319,train
train_10932,train
train_109324,train
train_109326,train
train_109328,train
train_109329,train
train_109330,train
train_109335,train
train_109338,train
train_109342,train
train_109343,train
train_109344,train
train_109347,train
train_109348,train
train_10935,train
train_109352,train
train_109355,train
train_109358,train
train_109365,train
train_109367,train
train_109369,train
train_10937,train
train_109370,train
train_109371,train
train_109373,train
train_109375,train
train_109376,train
train_10938,train
train_109380,train
train_109381,train
train_109382,train
train_10939,train
train_109390,train
train_109392,train
train_109396,train
train_109397,train
train_109398,train
train_109399,train
train_1094,train
train_10940,train
train_109400,train
train_109402,train
train_109403,train
train_109405,train
train_109408,train
train_109409,train
train_10941,train
train_109410,train
train_109411,train
train_109415,train
train_109416,train
train_109418,train
train_109419,train
train_10942,train
train_109420,train
train_109421,train
train_109424,train
train_109426,train
train_109427,train
train_109428,train
train_109429,train
train_10943,train
train_109430,train
train_109431,train
train_109433,train
train_109434,train
train_109438,train
train_109439,train
train_109440,train
train_109443,train
train_109444,train
train_109445,train
train_109446,train
train_109447,train
train_109448,train
train_109449,train
train_10945,train
train_109453,train
train_109455,train
train_109457,train
train_109459,train
train_109460,train
train_109463,train
train_109467,train
train_10947,train
train_109471,train
train_109472,train
train_109474,train
train_109476,train
train_109478,train
train_109479,train
train_10948,train
train_109482,train
train_109483,train
train_109489,train
train_109490,train
train_109493,train
train_109495,train
train_109496,train
train_109497,train
train_10950,train
train_109500,train
train_109501,train
train_109502,train
train_109503,train
train_109507,train
train_109508,train
train_109510,train
train_109511,train
train_109512,train
train_109513,train
train_109514,train
train_109516,train
train_109518,train
train_109520,train
train_109526,train
train_109527,train
train_109529,train
train_10953,train
train_109535,train
train_109536,train
train_109538,train
train_10954,train
train_109541,train
train_109542,train
train_109544,train
train_109547,train
train_109549,train
train_10955,train
train_109550,train
train_109551,train
train_109552,train
train_109553,train
train_109554,train
train_109555,train
train_109556,train
train_109557,train
train_109558,train
train_10956,train
train_109560,train
train_109562,train
train_109564,train
train_109565,train
train_109568,train
train_109569,train
train_109570,train
train_109572,train
train_109575,train
train_109577,train
train_109578,train
train_109579,train
train_10958,train
train_109580,train
train_109581,train
train_109583,train
train_109585,train
train_109586,train
train_109587,train
train_109589,train
train_109592,train
train_109593,train
train_109597,train
train_109598,train
train_1096,train
train_109600,train
train_109602,train
train_109603,train
train_109604,train
train_10961,train
train_109611,train
train_109612,train
train_109614,train
train_109616,train
train_109617,train
train_109618,train
train_109619,train
train_109623,train
train_109626,train
train_10963,train
train_109630,train
train_109631,train
train_109637,train
train_109639,train
train_10964,train
train_109642,train
train_109646,train
train_10965,train
train_109650,train
train_109651,train
train_109652,train
train_109653,train
train_109654,train
train_109656,train
train_109657,train
train_109658,train
train_109659,train
train_10966,train
train_109660,train
train_109661,train
train_109662,train
train_109663,train
train_109665,train
train_109666,train
train_109667,train
train_109668,train
train_109671,train
train_109673,train
train_109674,train
train_109676,train
train_109678,train
train_10968,train
train_109680,train
train_109681,train
train_109683,train
train_109685,train
train_10969,train
train_109690,train
train_109691,train
train_109694,train
train_109695,train
train_109696,train
train_109698,train
train_109699,train
train_109701,train
train_109702,train
train_109704,train
train_109705,train
train_109707,train
train_109715,train
train_109719,train
train_10972,train
train_109720,train
train_109723,train
train_109729,train
train_10973,train
train_109730,train
train_109731,train
train_109732,train
train_109736,train
train_109737,train
train_109739,train
train_10974,train
train_109740,train
train_109741,train
train_109742,train
train_109743,train
train_109745,train
train_109746,train
train_10975,train
train_109750,train
train_109751,train
train_109752,train
train_109755,train
train_109758,train
train_109759,train
train_109760,train
train_109764,train
train_109768,train
train_109769,train
train_10977,train
train_109771,train
train_109772,train
train_109774,train
train_10978,train
train_109780,train
train_109781,train
train_109782,train
train_109784,train
train_109788,train
train_109790,train
train_109793,train
train_109794,train
train_109800,train
train_109802,train
train_109805,train
train_109807,train
train_109808,train
train_109810,train
train_109811,train
train_109813,train
train_109815,train
train_109816,train
train_109818,train
train_109824,train
train_109825,train
train_109828,train
train_109829,train
train_10983,train
train_109830,train
train_109831,train
train_109832,train
train_109836,train
train_109839,train
train_109841,train
train_109842,train
train_109843,train
train_109846,train
train_109847,train
train_109848,train
train_109850,train
train_109855,train
train_109856,train
train_109858,train
train_109862,train
train_109868,train
train_10987,train
train_109876,train
train_109878,train
train_109882,train
train_109883,train
train_109884,train
train_109886,train
train_109889,train
train_10989,train
train_109892,train
train_109894,train
train_109895,train
train_109896,train
train_109897,train
train_109898,train
train_10990,train
train_109901,train
train_109903,train
train_109904,train
train_10991,train
train_109911,train
train_109912,train
train_109913,train
train_109914,train
train_109917,train
train_109918,train
train_10992,train
train_109921,train
train_109924,train
train_109927,train
train_109928,train
train_109930,train
train_109931,train
train_109932,train
train_109936,train
train_109937,train
train_109939,train
train_10994,train
train_109947,train
train_109948,train
train_109951,train
train_109952,train
train_109953,train
train_109954,train
train_109955,train
train_109957,train
train_109961,train
train_109962,train
train_109963,train
train_109964,train
train_109966,train
train_109968,train
train_109969,train
train_10997,train
train_109971,train
train_109973,train
train_109974,train
train_109975,train
train_10998,train
train_109981,train
train_109984,train
train_109986,train
train_109988,train
train_10999,train
train_109990,train
train_109991,train
train_109993,train
train_109994,train
train_109995,train
train_109996,train
train_109997,train
train_11,train
train_11000,train
train_110003,train
train_110006,train
train_110008,train
train_110009,train
train_110011,train
train_110012,train
train_110013,train
train_110014,train
train_110016,train
train_11002,train
train_110020,train
train_110024,train
train_110025,train
train_110026,train
train_110027,train
train_110028,train
train_110029,train
train_11003,train
train_110032,train
train_110034,train
train_11004,train
train_110040,train
train_110041,train
train_110042,train
train_110043,train
train_110045,train
train_110046,train
train_110047,train
train_110049,train
train_110051,train
train_110052,train
train_110053,train
train_110057,train
train_110062,train
train_110063,train
train_110068,train
train_110069,train
train_110071,train
train_110072,train
train_110075,train
train_110081,train
train_110082,train
train_110083,train
train_110084,train
train_110086,train
train_110087,train
train_110088,train
train_110089,train
train_11009,train
train_110090,train
train_110092,train
train_110094,train
train_110095,train
train_110096,train
train_110098,train
train_1101,train
train_11010,train
train_110100,train
train_110102,train
train_110103,train
train_110104,train
train_110105,train
train_110107,train
train_110109,train
train_11011,train
train_110114,train
train_110117,train
train_11012,train
train_110120,train
train_110122,train
train_110124,train
train_110125,train
train_110127,train
train_110129,train
train_110130,train
train_110131,train
train_110132,train
train_110133,train
train_110135,train
train_110138,train
train_110140,train
train_110141,train
train_110142,train
train_110144,train
train_110145,train
train_110148,train
train_110149,train
train_11015,train
train_110153,train
train_110154,train
train_110155,train
train_11016,train
train_110160,train
train_110161,train
train_110163,train
train_110166,train
train_110168,train
train_110169,train
train_110170,train
train_110171,train
train_110172,train
train_110173,train
train_110176,train
train_110178,train
train_110182,train
train_110183,train
train_110185,train
train_110188,train
train_110190,train
train_110191,train
train_110192,train
train_110194,train
train_110196,train
train_110198,train
train_110199,train
train_110200,train
train_110201,train
train_110207,train
train_110208,train
train_110210,train
train_110211,train
train_110213,train
train_110216,train
train_110220,train
train_110222,train
train_110225,train
train_110227,train
train_110228,train
train_110230,train
train_110232,train
train_110233,train
train_110234,train
train_110235,train
train_110237,train
train_110238,train
train_110239,train
train_11024,train
train_110248,train
train_11025,train
train_110251,train
train_110255,train
train_110256,train
train_110259,train
train_11026,train
train_110262,train
train_110265,train
train_110266,train
train_110268,train
train_11027,train
train_110270,train
train_110276,train
train_110279,train
train_11028,train
train_110280,train
train_110281,train
train_110282,train
train_110286,train
train_110293,train
train_110294,train
train_110295,train
train_110297,train
train_11030,train
train_110300,train
train_110301,train
train_110302,train
train_110304,train
train_110305,train
train_110307,train
train_110310,train
train_110312,train
train_110313,train
train_110317,train
train_110319,train
train_110320,train
train_110321,train
train_110322,train
train_110323,train
train_110327,train
train_110333,train
train_110334,train
train_110335,train
train_110339,train
train_110341,train
train_110342,train
train_110344,train
train_110345,train
train_110346,train
train_110350,train
train_110352,train
train_110353,train
train_110354,train
train_110355,train
train_110356,train
train_11036,train
train_110360,train
train_110361,train
train_110362,train
train_110367,train
train_110369,train
train_110370,train
train_110371,train
train_110374,train
train_110379,train
train_110381,train
train_110383,train
train_110387,train
train_110389,train
train_110390,train
train_110391,train
train_110393,train
train_110394,train
train_1104,train
train_110401,train
train_110407,train
train_11041,train
train_110410,train
train_110413,train
train_110416,train
train_110417,train
train_110420,train
train_110421,train
train_110422,train
train_110426,train
train_110427,train
train_110428,train
train_110429,train
train_110438,train
train_110439,train
train_11044,train
train_110441,train
train_110443,train
train_110448,train
train_110449,train
train_110450,train
train_110452,train
train_110453,train
train_110455,train
train_110457,train
train_110459,train
train_110460,train
train_110461,train
train_110466,train
train_110467,train
train_110470,train
train_110472,train
train_110473,train
train_110476,train
train_110477,train
train_110478,train
train_110479,train
train_110482,train
train_110484,train
train_110485,train
train_110487,train
train_110491,train
train_110494,train
train_110495,train
train_110497,train
train_110498,train
train_110500,train
train_110504,train
train_110508,train
train_11051,train
train_110510,train
train_110514,train
train_110515,train
train_110517,train
train_110519,train
train_110520,train
train_110521,train
train_110525,train
train_110529,train
train_11053,train
train_110532,train
train_110534,train
train_110536,train
train_110540,train
train_110541,train
train_110546,train
train_110547,train
train_110548,train
train_110549,train
train_110550,train
train_110551,train
train_110552,train
train_110553,train
train_110554,train
train_110555,train
train_110557,train
train_110560,train
train_110561,train
train_110562,train
train_110565,train
train_110566,train
train_110567,train
train_110568,train
train_110569,train
train_110571,train
train_110575,train
train_110576,train
train_110580,train
train_110581,train
train_110582,train
train_110585,train
train_110586,train
train_110587,train
train_110589,train
train_110591,train
train_110592,train
train_110594,train
train_110595,train
train_110596,train
train_110597,train
train_110600,train
train_110601,train
train_110603,train
train_110605,train
train_110609,train
train_110611,train
train_110612,train
train_110616,train
train_110617,train
train_110618,train
train_110619,train
train_11062,train
train_110621,train
train_110624,train
train_110628,train
train_110629,train
train_11063,train
train_110631,train
train_110633,train
train_110634,train
train_110637,train
train_110639,train
train_11064,train
train_110641,train
train_110642,train
train_110643,train
train_110644,train
train_110646,train
train_110647,train
train_110649,train
train_110652,train
train_110654,train
train_110655,train
train_110660,train
train_110671,train
train_110672,train
train_110674,train
train_11068,train
train_110680,train
train_110681,train
train_110682,train
train_110683,train
train_110686,train
train_110687,train
train_110688,train
train_11069,train
train_110692,train
train_110694,train
train_110695,train
train_110696,train
train_110698,train
train_110699,train
train_11070,train
train_110702,train
train_110704,train
train_110705,train
train_110706,train
train_110708,train
train_110713,train
train_110714,train
train_110719,train
train_110721,train
train_110725,train
train_11073,train
train_110730,train
train_110736,train
train_110737,train
train_110740,train
train_110742,train
train_110749,train
train_11075,train
train_110750,train
train_110754,train
train_110758,train
train_11076,train
train_110760,train
train_110761,train
train_110764,train
train_110765,train
train_110767,train
train_110768,train
train_110769,train
train_110771,train
train_110772,train
train_110773,train
train_110775,train
train_110776,train
train_110778,train
train_11078,train
train_110780,train
train_110781,train
train_110782,train
train_110786,train
train_110790,train
train_110791,train
train_110798,train
train_110801,train
train_110802,train
train_110804,train
train_110805,train
train_110808,train
train_110809,train
train_110816,train
train_110819,train
train_11082,train
train_110824,train
train_110825,train
train_110828,train
train_11083,train
train_110831,train
train_110832,train
train_110833,train
train_110836,train
train_110838,train
train_110839,train
train_11084,train
train_110842,train
train_110850,train
train_110852,train
train_110853,train
train_110856,train
train_110858,train
train_110859,train
train_11086,train
train_110860,train
train_110861,train
train_110862,train
train_110863,train
train_110864,train
train_110868,train
train_11087,train
train_110870,train
train_110871,train
train_110872,train
train_110874,train
train_110875,train
train_110876,train
train_110881,train
train_110883,train
train_110884,train
train_110886,train
train_110887,train
train_110888,train
train_11089,train
train_110890,train
train_110891,train
train_110896,train
train_110897,train
train_110899,train
train_1109,train
train_11090,train
train_110901,train
train_110903,train
train_110908,train
train_11091,train
train_110913,train
train_110918,train
train_11092,train
train_110921,train
train_110923,train
train_110925,train
train_110926,train
train_110929,train
train_11093,train
train_110930,train
train_110932,train
train_110933,train
train_110934,train
train_110940,train
train_110944,train
train_110945,train
train_11095,train
train_110952,train
train_110955,train
train_110957,train
train_110959,train
train_11096,train
train_110962,train
train_110963,train
train_110965,train
train_11097,train
train_110970,train
train_110972,train
train_110975,train
train_110976,train
train_110984,train
train_110987,train
train_110989,train
train_11099,train
train_110992,train
train_110993,train
train_110994,train
train_110996,train
train_110998,train
train_110999,train
train_1110,train
train_111000,train
train_111004,train
train_111005,train
train_111007,train
train_11101,train
train_111011,train
train_111012,train
train_111015,train
train_111017,train
train_111018,train
train_111019,train
train_11102,train
train_111020,train
train_111021,train
train_111023,train
train_111024,train
train_111025,train
train_111029,train
train_11103,train
train_111030,train
train_111031,train
train_111032,train
train_111034,train
train_111035,train
train_111043,train
train_111044,train
train_111046,train
train_111047,train
train_111048,train
train_111050,train
train_111051,train
train_111052,train
train_111056,train
train_11106,train
train_111061,train
train_111062,train
train_111063,train
train_111066,train
train_111069,train
train_111072,train
train_111073,train
train_111074,train
train_111075,train
train_111077,train
train_111079,train
train_111081,train
train_111082,train
train_111083,train
train_111085,train
train_111088,train
train_111089,train
train_111090,train
train_111096,train
train_1111,train
train_11110,train
train_111100,train
train_111103,train
train_111105,train
train_111107,train
train_111108,train
train_11111,train
train_111111,train
train_111114,train
train_111116,train
train_111117,train
train_111120,train
train_111121,train
train_111127,train
train_111128,train
train_111130,train
train_111132,train
train_111136,train
train_111138,train
train_111144,train
train_111147,train
train_111149,train
train_11115,train
train_111150,train
train_111151,train
train_111152,train
train_111153,train
train_111155,train
train_111157,train
train_111158,train
train_111159,train
train_111161,train
train_111162,train
train_111166,train
train_111167,train
train_111168,train
train_111169,train
train_11117,train
train_111171,train
train_111172,train
train_111174,train
train_111176,train
train_11118,train
train_111181,train
train_111183,train
train_111184,train
train_111185,train
train_111187,train
train_111189,train
train_11119,train
train_111190,train
train_111191,train
train_111193,train
train_111194,train
train_111195,train
train_111196,train
train_111198,train
train_111199,train
train_1112,train
train_11120,train
train_111200,train
train_111205,train
train_111207,train
train_111208,train
train_111209,train
train_11121,train
train_111210,train
train_111213,train
train_11122,train
train_111224,train
train_111227,train
train_11123,train
train_111230,train
train_111231,train
train_111232,train
train_111233,train
train_111234,train
train_111236,train
train_111238,train
train_11124,train
train_111241,train
train_111242,train
train_111245,train
train_111246,train
train_111247,train
train_111248,train
train_111249,train
train_111250,train
train_111252,train
train_111254,train
train_111256,train
train_111258,train
train_111260,train
train_111261,train
train_111262,train
train_111263,train
train_111265,train
train_111271,train
train_111274,train
train_111276,train
train_11128,train
train_111280,train
train_111281,train
train_111282,train
train_111283,train
train_111286,train
train_111288,train
train_111290,train
train_111298,train
train_1113,train
train_11130,train
train_111300,train
train_111302,train
train_111303,train
train_111305,train
train_111308,train
train_111310,train
train_111311,train
train_111312,train
train_111317,train
train_11132,train
train_111320,train
train_111322,train
train_111323,train
train_111324,train
train_111327,train
train_111330,train
train_111331,train
train_111333,train
train_111334,train
train_111339,train
train_111340,train
train_111341,train
train_111342,train
train_111345,train
train_111347,train
train_111350,train
train_111352,train
train_111355,train
train_111356,train
train_111361,train
train_111364,train
train_111365,train
train_111367,train
train_111368,train
train_111370,train
train_111371,train
train_111372,train
train_111376,train
train_11138,train
train_111382,train
train_111383,train
train_111384,train
train_111388,train
train_111389,train
train_11139,train
train_111391,train
train_111397,train
train_11140,train
train_111400,train
train_111401,train
train_111403,train
train_111407,train
train_111409,train
train_11141,train
train_111410,train
train_111413,train
train_111414,train
train_111415,train
train_111418,train
train_111424,train
train_111425,train
train_111426,train
train_111427,train
train_111430,train
train_111432,train
train_11144,train
train_111445,train
train_111446,train
train_111447,train
train_111448,train
train_11145,train
train_111450,train
train_111451,train
train_111454,train
train_111458,train
train_111459,train
train_11146,train
train_111463,train
train_111466,train
train_111472,train
train_111473,train
train_111474,train
train_111475,train
train_111477,train
train_11148,train
train_111481,train
train_111483,train
train_111484,train
train_111485,train
train_111488,train
train_111489,train
train_111493,train
train_111495,train
train_111498,train
train_111499,train
train_1115,train
train_111500,train
train_111503,train
train_111506,train
train_111508,train
train_111509,train
train_11151,train
train_111510,train
train_111512,train
train_111514,train
train_111515,train
train_111518,train
train_111523,train
train_111525,train
train_111526,train
train_111527,train
train_111528,train
train_111529,train
train_111530,train
train_111531,train
train_111533,train
train_111539,train
train_11154,train
train_111541,train
train_111545,train
train_111548,train
train_111549,train
train_111550,train
train_111554,train
train_111556,train
train_111558,train
train_11156,train
train_111561,train
train_111564,train
train_111565,train
train_111566,train
train_111567,train
train_111568,train
train_11157,train
train_111580,train
train_111581,train
train_111582,train
train_111584,train
train_111587,train
train_111589,train
train_111590,train
train_111593,train
train_111596,train
train_11160,train
train_111604,train
train_111606,train
train_111607,train
train_111611,train
train_111612,train
train_111614,train
train_111615,train
train_111617,train
train_11162,train
train_111620,train
train_111622,train
train_111623,train
train_111625,train
train_111627,train
train_111628,train
train_111629,train
train_11163,train
train_111630,train
train_111633,train
train_111636,train
train_111637,train
train_11164,train
train_111645,train
train_11165,train
train_111654,train
train_111655,train
train_111656,train
train_111659,train
train_11166,train
train_111660,train
train_111661,train
train_111662,train
train_11167,train
train_111670,train
train_111671,train
train_111673,train
train_111676,train
train_111677,train
train_111679,train
train_11168,train
train_111683,train
train_111684,train
train_11169,train
train_111694,train
train_111696,train
train_111698,train
train_111699,train
train_1117,train
train_11170,train
train_111701,train
train_111704,train
train_111707,train
train_111708,train
train_11171,train
train_111710,train
train_111711,train
train_111712,train
train_111714,train
train_111715,train
train_111716,train
train_11172,train
train_111721,train
train_111725,train
train_111726,train
train_111727,train
train_111732,train
train_111733,train
train_111734,train
train_111735,train
train_111737,train
train_111739,train
train_11174,train
train_111740,train
train_111741,train
train_111742,train
train_111743,train
train_111744,train
train_111745,train
train_111746,train
train_111747,train
train_111749,train
train_11175,train
train_111753,train
train_111755,train
train_111761,train
train_111763,train
train_111764,train
train_111766,train
train_111770,train
train_111771,train
train_111773,train
train_111776,train
train_111778,train
train_11178,train
train_111782,train
train_111783,train
train_111785,train
train_111787,train
train_111789,train
train_11179,train
train_111791,train
train_111793,train
train_111794,train
train_111796,train
train_111798,train
train_111799,train
train_1118,train
train_111800,train
train_111802,train
train_111808,train
train_111810,train
train_111812,train
train_111815,train
train_111819,train
train_11182,train
train_111826,train
train_111827,train
train_111831,train
train_111832,train
train_111833,train
train_111835,train
train_111837,train
train_111839,train
train_11184,train
train_111841,train
train_111842,train
train_111843,train
train_111844,train
train_111845,train
train_111847,train
train_111849,train
train_11185,train
train_111852,train
train_111853,train
train_111854,train
train_111858,train
train_11186,train
train_111861,train
train_111863,train
train_111865,train
train_111868,train
train_111869,train
train_111870,train
train_111872,train
train_111873,train
train_111876,train
train_111877,train
train_111878,train
train_111879,train
train_11188,train
train_111884,train
train_111885,train
train_11189,train
train_111890,train
train_111891,train
train_111895,train
train_111898,train
train_11190,train
train_111901,train
train_111902,train
train_111905,train
train_111906,train
train_111908,train
train_111909,train
train_111912,train
train_111913,train
train_111914,train
train_111915,train
train_111918,train
train_111919,train
train_11192,train
train_111920,train
train_111922,train
train_111924,train
train_111927,train
train_111928,train
train_111934,train
train_111936,train
train_111941,train
train_111942,train
train_111943,train
train_111945,train
train_111946,train
train_111947,train
train_111951,train
train_111952,train
train_111953,train
train_111954,train
train_111955,train
train_111958,train
train_11196,train
train_111960,train
train_111961,train
train_111963,train
train_111965,train
train_111968,train
train_111969,train
train_111970,train
train_111972,train
train_111973,train
train_111975,train
train_111981,train
train_111982,train
train_111984,train
train_111985,train
train_111987,train
train_111989,train
train_11199,train
train_111990,train
train_111992,train
train_111993,train
train_111994,train
train_111999,train
train_1120,train
train_11200,train
train_112004,train
train_112005,train
train_112008,train
train_112013,train
train_112016,train
train_112019,train
train_11202,train
train_112022,train
train_112025,train
train_112028,train
train_112029,train
train_11203,train
train_112032,train
train_112033,train
train_112038,train
train_112039,train
train_11204,train
train_112040,train
train_112042,train
train_112044,train
train_112047,train
train_112048,train
train_112051,train
train_112052,train
train_112053,train
train_112055,train
train_112057,train
train_112058,train
train_112059,train
train_112061,train
train_112062,train
train_112067,train
train_112068,train
train_112069,train
train_112072,train
train_112075,train
train_112077,train
train_11208,train
train_112080,train
train_112081,train
train_112083,train
train_112086,train
train_112092,train
train_112093,train
train_112094,train
train_112095,train
train_112097,train
train_112098,train
train_112099,train
train_1121,train
train_112105,train
train_112107,train
train_112111,train
train_112112,train
train_112113,train
train_112117,train
train_112118,train
train_112119,train
train_112121,train
train_112122,train
train_112124,train
train_112125,train
train_112127,train
train_11213,train
train_112133,train
train_112135,train
train_112136,train
train_112137,train
train_112139,train
train_112140,train
train_112144,train
train_112146,train
train_112147,train
train_112148,train
train_11215,train
train_112150,train
train_112151,train
train_112152,train
train_112153,train
train_112154,train
train_112157,train
train_112158,train
train_112160,train
train_112164,train
train_112166,train
train_112168,train
train_11217,train
train_112171,train
train_112172,train
train_112174,train
train_112175,train
train_112176,train
train_112183,train
train_112184,train
train_112188,train
train_112189,train
train_112190,train
train_112192,train
train_112194,train
train_112197,train
train_112199,train
train_1122,train
train_11220,train
train_112204,train
train_112205,train
train_112206,train
train_112208,train
train_112210,train
train_112211,train
train_112213,train
train_112216,train
train_112218,train
train_112219,train
train_11222,train
train_112220,train
train_112221,train
train_112225,train
train_112228,train
train_112229,train
train_11223,train
train_112230,train
train_112233,train
train_112234,train
train_112239,train
train_11224,train
train_112240,train
train_112241,train
train_112242,train
train_112246,train
train_112248,train
train_112249,train
train_112250,train
train_112252,train
train_112253,train
train_112255,train
train_112257,train
train_112259,train
train_112261,train
train_112263,train
train_112264,train
train_112267,train
train_112268,train
train_112269,train
train_112270,train
train_112271,train
train_112274,train
train_112275,train
train_112276,train
train_112277,train
train_112278,train
train_11228,train
train_112281,train
train_112282,train
train_112284,train
train_112287,train
train_112288,train
train_112289,train
train_112293,train
train_112294,train
train_112295,train
train_112299,train
train_11230,train
train_112300,train
train_112301,train
train_112305,train
train_112308,train
train_11231,train
train_112310,train
train_112311,train
train_112314,train
train_112322,train
train_112326,train
train_112327,train
train_112334,train
train_112336,train
train_112339,train
train_112340,train
train_112341,train
train_112343,train
train_112347,train
train_112349,train
train_112352,train
train_112355,train
train_112356,train
train_112357,train
train_11236,train
train_112360,train
train_112361,train
train_112363,train
train_112366,train
train_112367,train
train_112368,train
train_112369,train
train_11237,train
train_112370,train
train_112373,train
train_11238,train
train_112380,train
train_112381,train
train_112382,train
train_112383,train
train_112385,train
train_112388,train
train_112389,train
train_11239,train
train_112391,train
train_112392,train
train_112393,train
train_112394,train
train_112397,train
train_112399,train
train_1124,train
train_11240,train
train_112401,train
train_112405,train
train_112407,train
train_11241,train
train_112412,train
train_112413,train
train_112414,train
train_112419,train
train_11242,train
train_112420,train
train_112426,train
train_112427,train
train_11243,train
train_112431,train
train_112436,train
train_112437,train
train_112442,train
train_112443,train
train_112444,train
train_112445,train
train_112446,train
train_112449,train
train_11245,train
train_112452,train
train_112454,train
train_112458,train
train_112459,train
train_112462,train
train_112463,train
train_112464,train
train_112469,train
train_112470,train
train_112472,train
train_112475,train
train_11248,train
train_112480,train
train_112481,train
train_112482,train
train_112483,train
train_112484,train
train_112485,train
train_112490,train
train_112494,train
train_1125,train
train_112501,train
train_112502,train
train_112505,train
train_112506,train
train_112508,train
train_11251,train
train_112510,train
train_112511,train
train_112514,train
train_112516,train
train_11252,train
train_112520,train
train_112522,train
train_112525,train
train_112526,train
train_112536,train
train_112539,train
train_112540,train
train_112541,train
train_112542,train
train_112543,train
train_112545,train
train_112548,train
train_11255,train
train_112550,train
train_112551,train
train_112552,train
train_112555,train
train_112556,train
train_112557,train
train_112560,train
train_112562,train
train_112565,train
train_112568,train
train_112571,train
train_112575,train
train_112576,train
train_112577,train
train_112578,train
train_112581,train
train_112585,train
train_112587,train
train_112590,train
train_112591,train
train_112593,train
train_112595,train
train_112601,train
train_112607,train
train_112609,train
train_112610,train
train_112611,train
train_112612,train
train_112614,train
train_112624,train
train_112625,train
train_112626,train
train_112628,train
train_112629,train
train_11263,train
train_112631,train
train_112632,train
train_112634,train
train_112636,train
train_112637,train
train_112643,train
train_112644,train
train_112646,train
train_112648,train
train_112649,train
train_112650,train
train_112651,train
train_112655,train
train_112656,train
train_112657,train
train_112658,train
train_112661,train
train_112662,train
train_112663,train
train_112665,train
train_112668,train
train_11267,train
train_112670,train
train_112671,train
train_112672,train
train_112674,train
train_112678,train
train_112679,train
train_11268,train
train_112680,train
train_112684,train
train_112685,train
train_112686,train
train_11269,train
train_112690,train
train_112691,train
train_112693,train
train_112696,train
train_112699,train
train_11270,train
train_112703,train
train_112704,train
train_112705,train
train_112706,train
train_112707,train
train_112709,train
train_112711,train
train_112713,train
train_112714,train
train_112715,train
train_112718,train
train_11272,train
train_112720,train
train_112722,train
train_112727,train
train_112728,train
train_112729,train
train_112732,train
train_112733,train
train_112734,train
train_112736,train
train_112737,train
train_112738,train
train_112743,train
train_112745,train
train_112747,train
train_11275,train
train_112751,train
train_112754,train
train_112756,train
train_112758,train
train_112760,train
train_112761,train
train_112768,train
train_112769,train
train_112770,train
train_112773,train
train_112774,train
train_112776,train
train_112777,train
train_112778,train
train_112781,train
train_112782,train
train_112783,train
train_112784,train
train_112787,train
train_112791,train
train_112792,train
train_112794,train
train_112798,train
train_112799,train
train_11280,train
train_112800,train
train_112801,train
train_112803,train
train_112805,train
train_112807,train
train_112808,train
train_112809,train
train_11281,train
train_112810,train
train_112813,train
train_112814,train
train_112818,train
train_112819,train
train_11282,train
train_112824,train
train_112826,train
train_112827,train
train_112828,train
train_112829,train
train_11283,train
train_112830,train
train_112835,train
train_112836,train
train_112839,train
train_112841,train
train_112844,train
train_112845,train
train_112846,train
train_112847,train
train_112848,train
train_112849,train
train_11285,train
train_112850,train
train_112855,train
train_112856,train
train_112859,train
train_112862,train
train_112863,train
train_112866,train
train_112867,train
train_11287,train
train_112871,train
train_112872,train
train_112874,train
train_112875,train
train_112878,train
train_112880,train
train_112882,train
train_112887,train
train_112889,train
train_112891,train
train_112892,train
train_112893,train
train_112895,train
train_112897,train
train_112899,train
train_1129,train
train_11290,train
train_112900,train
train_112902,train
train_112904,train
train_112906,train
train_112907,train
train_112910,train
train_112912,train
train_112914,train
train_112916,train
train_112917,train
train_11292,train
train_112924,train
train_112927,train
train_112928,train
train_112930,train
train_112933,train
train_112934,train
train_112937,train
train_112938,train
train_11294,train
train_112941,train
train_112942,train
train_112943,train
train_112945,train
train_112949,train
train_112951,train
train_112952,train
train_112953,train
train_112954,train
train_112956,train
train_112958,train
train_112961,train
train_112962,train
train_112964,train
train_112966,train
train_112968,train
train_112969,train
train_11297,train
train_112971,train
train_112972,train
train_112973,train
train_112975,train
train_112977,train
train_11298,train
train_112980,train
train_112983,train
train_112985,train
train_112986,train
train_112987,train
train_112988,train
train_11299,train
train_112994,train
train_112995,train
train_113,train
train_1130,train
train_11300,train
train_113000,train
train_113001,train
train_113012,train
train_113013,train
train_113016,train
train_113019,train
train_11302,train
train_113021,train
train_113023,train
train_113025,train
train_113028,train
train_11303,train
train_113030,train
train_113031,train
train_113032,train
train_113033,train
train_113036,train
train_113038,train
train_113039,train
train_11304,train
train_113043,train
train_113045,train
train_113046,train
train_113047,train
train_113049,train
train_11305,train
train_113051,train
train_113053,train
train_113057,train
train_113059,train
train_113060,train
train_113064,train
train_113065,train
train_113066,train
train_113067,train
train_113068,train
train_113069,train
train_11307,train
train_113071,train
train_113073,train
train_113074,train
train_113077,train
train_113078,train
train_11308,train
train_113081,train
train_113083,train
train_113086,train
train_113089,train
train_11309,train
train_113090,train
train_113094,train
train_113097,train
train_1131,train
train_113100,train
train_113101,train
train_113102,train
train_113107,train
train_113108,train
train_113110,train
train_113112,train
train_113114,train
train_113119,train
train_11312,train
train_113121,train
train_113125,train
train_113129,train
train_113135,train
train_113138,train
train_113140,train
train_113146,train
train_113147,train
train_113148,train
train_113150,train
train_113151,train
train_113152,train
train_113154,train
train_113155,train
train_113157,train
train_113159,train
train_113160,train
train_113161,train
train_113162,train
train_113163,train
train_113168,train
train_113171,train
train_113174,train
train_113175,train
train_113179,train
train_113181,train
train_113187,train
train_11319,train
train_113191,train
train_113195,train
train_113198,train
train_113202,train
train_113205,train
train_113206,train
train_113207,train
train_113209,train
train_113210,train
train_113212,train
train_113215,train
train_113217,train
train_113218,train
train_113220,train
train_113222,train
train_113223,train
train_113225,train
train_113226,train
train_11323,train
train_113232,train
train_113233,train
train_113234,train
train_113237,train
train_113239,train
train_113240,train
train_113242,train
train_113243,train
train_113247,train
train_113248,train
train_113249,train
train_113251,train
train_113252,train
train_113253,train
train_113254,train
train_113256,train
train_113257,train
train_113259,train
train_113262,train
train_113263,train
train_113265,train
train_113266,train
train_113267,train
train_113268,train
train_113269,train
train_113270,train
train_113271,train
train_113276,train
train_11328,train
train_113280,train
train_113281,train
train_113286,train
train_113287,train
train_113290,train
train_113291,train
train_113296,train
train_113297,train
train_113299,train
train_11330,train
train_113301,train
train_113302,train
train_113303,train
train_113305,train
train_113308,train
train_113309,train
train_11331,train
train_113313,train
train_113314,train
train_113315,train
train_113319,train
train_113320,train
train_113322,train
train_113324,train
train_113325,train
train_113327,train
train_113330,train
train_113331,train
train_113332,train
train_113334,train
train_113335,train
train_113336,train
train_113337,train
train_113338,train
train_113339,train
train_11334,train
train_113340,train
train_113346,train
train_113347,train
train_113350,train
train_113351,train
train_113353,train
train_113354,train
train_113355,train
train_11336,train
train_113360,train
train_113361,train
train_113364,train
train_113366,train
train_113368,train
train_113369,train
train_11337,train
train_113371,train
train_113372,train
train_113373,train
train_113374,train
train_113380,train
train_113384,train
train_113385,train
train_113390,train
train_113391,train
train_113392,train
train_113394,train
train_113395,train
train_113396,train
train_113398,train
train_113399,train
train_113401,train
train_113402,train
train_113409,train
train_11341,train
train_113411,train
train_113414,train
train_113415,train
train_113417,train
train_113418,train
train_113419,train
train_11342,train
train_113424,train
train_113425,train
train_113426,train
train_113427,train
train_113429,train
train_11343,train
train_113435,train
train_113440,train
train_113441,train
train_113442,train
train_113443,train
train_113444,train
train_11345,train
train_113451,train
train_113452,train
train_113454,train
train_113455,train
train_113457,train
train_113459,train
train_113460,train
train_113461,train
train_113462,train
train_113463,train
train_113464,train
train_113467,train
train_113469,train
train_11347,train
train_113470,train
train_113473,train
train_113475,train
train_113479,train
train_113480,train
train_113484,train
train_113486,train
train_113489,train
train_11349,train
train_113490,train
train_113491,train
train_113494,train
train_113495,train
train_113496,train
train_113499,train
train_113500,train
train_113501,train
train_113504,train
train_113505,train
train_113506,train
train_113508,train
train_113509,train
train_113511,train
train_113512,train
train_113513,train
train_113515,train
train_113518,train
train_11352,train
train_113520,train
train_113522,train
train_113525,train
train_113528,train
train_113529,train
train_113536,train
train_113537,train
train_113539,train
train_113541,train
train_113542,train
train_113545,train
train_113546,train
train_113548,train
train_11355,train
train_113550,train
train_113552,train
train_113554,train
train_113556,train
train_113557,train
train_113558,train
train_113560,train
train_113562,train
train_113565,train
train_113568,train
train_11357,train
train_113571,train
train_113572,train
train_113573,train
train_113574,train
train_113576,train
train_113579,train
train_11358,train
train_113581,train
train_113582,train
train_113588,train
train_11359,train
train_113591,train
train_113592,train
train_113594,train
train_113598,train
train_1136,train
train_11360,train
train_113601,train
train_113602,train
train_113604,train
train_113608,train
train_11361,train
train_113610,train
train_113611,train
train_113613,train
train_113615,train
train_113619,train
train_113621,train
train_113623,train
train_113624,train
train_113627,train
train_113628,train
train_113629,train
train_11363,train
train_113630,train
train_113635,train
train_113640,train
train_113641,train
train_113643,train
train_113645,train
train_113647,train
train_113648,train
train_11365,train
train_113651,train
train_113653,train
train_113658,train
train_113661,train
train_113663,train
train_113666,train
train_113669,train
train_11367,train
train_113670,train
train_113673,train
train_113676,train
train_113678,train
train_11368,train
train_113680,train
train_113685,train
train_113687,train
train_113688,train
train_11369,train
train_113690,train
train_113695,train
train_113697,train
train_1137,train
train_113700,train
train_113701,train
train_113702,train
train_113707,train
train_113708,train
train_113709,train
train_11371,train
train_113710,train
train_113711,train
train_113712,train
train_113713,train
train_113714,train
train_113716,train
train_113718,train
train_11372,train
train_113720,train
train_113721,train
train_113724,train
train_113726,train
train_113728,train
train_113729,train
train_113730,train
train_113731,train
train_113734,train
train_113736,train
train_113737,train
train_113738,train
train_113739,train
train_113741,train
train_113746,train
train_113748,train
train_113749,train
train_11375,train
train_113750,train
train_113751,train
train_113754,train
train_113755,train
train_113756,train
train_113758,train
train_113759,train
train_11376,train
train_113760,train
train_113761,train
train_113766,train
train_113769,train
train_113771,train
train_113774,train
train_113778,train
train_113780,train
train_113781,train
train_113783,train
train_113788,train
train_113789,train
train_11379,train
train_113790,train
train_113794,train
train_113796,train
train_1138,train
train_11380,train
train_113800,train
train_113802,train
train_113803,train
train_113804,train
train_113806,train
train_113807,train
train_11381,train
train_113810,train
train_113811,train
train_113812,train
train_113817,train
train_113819,train
train_11382,train
train_113820,train
train_113821,train
train_113823,train
train_113826,train
train_113828,train
train_11383,train
train_113830,train
train_113834,train
train_113836,train
train_113838,train
train_113839,train
train_113840,train
train_113843,train
train_113846,train
train_113847,train
train_113849,train
train_113851,train
train_113852,train
train_113853,train
train_113856,train
train_113858,train
train_11386,train
train_113860,train
train_113862,train
train_113864,train
train_113866,train
train_113867,train
train_113870,train
train_113872,train
train_113874,train
train_113875,train
train_113876,train
train_113880,train
train_113881,train
train_113884,train
train_113886,train
train_113888,train
train_113889,train
train_11389,train
train_113891,train
train_113897,train
train_113898,train
train_113899,train
train_113900,train
train_113901,train
train_113904,train
train_113907,train
train_113909,train
train_113910,train
train_113912,train
train_113916,train
train_113917,train
train_113918,train
train_113919,train
train_11392,train
train_113923,train
train_113924,train
train_113925,train
train_113927,train
train_113929,train
train_11393,train
train_113930,train
train_113931,train
train_113934,train
train_113937,train
train_113938,train
train_11394,train
train_113940,train
train_113941,train
train_113942,train
train_113943,train
train_113949,train
train_11395,train
train_113950,train
train_113952,train
train_113953,train
train_113955,train
train_113956,train
train_113959,train
train_11396,train
train_113960,train
train_113964,train
train_113966,train
train_113968,train
train_113969,train
train_113971,train
train_113972,train
train_113974,train
train_113978,train
train_113980,train
train_113981,train
train_113982,train
train_113983,train
train_113984,train
train_113985,train
train_113988,train
train_113990,train
train_113991,train
train_113993,train
train_113996,train
train_114,train
train_1140,train
train_11400,train
train_114001,train
train_114004,train
train_114005,train
train_114008,train
train_114014,train
train_114016,train
train_114021,train
train_114026,train
train_114030,train
train_114031,train
train_114034,train
train_114036,train
train_114037,train
train_114040,train
train_114041,train
train_114043,train
train_114048,train
train_114049,train
train_11405,train
train_114053,train
train_114056,train
train_114058,train
train_11406,train
train_114060,train
train_114061,train
train_114062,train
train_114065,train
train_114066,train
train_114069,train
train_11407,train
train_114073,train
train_114075,train
train_114076,train
train_114078,train
train_114079,train
train_11408,train
train_114081,train
train_114082,train
train_114084,train
train_114086,train
train_114089,train
train_114093,train
train_114094,train
train_114096,train
train_114097,train
train_1141,train
train_114100,train
train_114101,train
train_114102,train
train_114105,train
train_114106,train
train_114107,train
train_11411,train
train_114111,train
train_114114,train
train_114118,train
train_114119,train
train_11412,train
train_114122,train
train_114124,train
train_114125,train
train_114126,train
train_114127,train
train_114128,train
train_114133,train
train_114134,train
train_114136,train
train_114137,train
train_114140,train
train_114145,train
train_114146,train
train_114147,train
train_114148,train
train_114149,train
train_11415,train
train_114150,train
train_114156,train
train_114157,train
train_114158,train
train_114162,train
train_114163,train
train_114164,train
train_114168,train
train_114175,train
train_114176,train
train_114178,train
train_114179,train
train_11418,train
train_114180,train
train_114182,train
train_114184,train
train_114185,train
train_114186,train
train_114187,train
train_114188,train
train_11419,train
train_114190,train
train_114193,train
train_114195,train
train_114196,train
train_114197,train
train_114199,train
train_114205,train
train_114207,train
train_114208,train
train_114209,train
train_11421,train
train_114211,train
train_114212,train
train_114213,train
train_114214,train
train_114215,train
train_114218,train
train_114219,train
train_11422,train
train_114221,train
train_114222,train
train_114224,train
train_114231,train
train_114232,train
train_114235,train
train_114238,train
train_11424,train
train_114248,train
train_114250,train
train_114254,train
train_114255,train
train_114257,train
train_114262,train
train_114265,train
train_114267,train
train_114271,train
train_114278,train
train_114279,train
train_11428,train
train_114281,train
train_114282,train
train_114287,train
train_11429,train
train_114291,train
train_114292,train
train_114293,train
train_114294,train
train_114298,train
train_114299,train
train_11430,train
train_114300,train
train_114302,train
train_114303,train
train_11431,train
train_114310,train
train_114311,train
train_114313,train
train_114319,train
train_11432,train
train_114320,train
train_114321,train
train_114322,train
train_114323,train
train_114324,train
train_114325,train
train_114326,train
train_114327,train
train_114328,train
train_114329,train
train_114333,train
train_114335,train
train_114336,train
train_114337,train
train_114339,train
train_114340,train
train_114342,train
train_114343,train
train_114344,train
train_114346,train
train_114349,train
train_114350,train
train_114357,train
train_114362,train
train_114363,train
train_114367,train
train_114374,train
train_114377,train
train_114379,train
train_11438,train
train_114383,train
train_114386,train
train_114387,train
train_114388,train
train_114392,train
train_114393,train
train_114394,train
train_114396,train
train_114400,train
train_114401,train
train_114403,train
train_114404,train
train_114406,train
train_114408,train
train_11441,train
train_114410,train
train_114411,train
train_114412,train
train_114413,train
train_114416,train
train_114418,train
train_114419,train
train_114420,train
train_114421,train
train_114422,train
train_114424,train
train_114426,train
train_114428,train
train_114433,train
train_114437,train
train_11444,train
train_114441,train
train_114442,train
train_114443,train
train_114444,train
train_114445,train
train_114446,train
train_114448,train
train_114449,train
train_114450,train
train_114451,train
train_114453,train
train_114454,train
train_114456,train
train_114458,train
train_11446,train
train_114460,train
train_114462,train
train_114463,train
train_11447,train
train_114471,train
train_114474,train
train_114475,train
train_114476,train
train_114479,train
train_11448,train
train_114480,train
train_114485,train
train_114488,train
train_114491,train
train_114494,train
train_114498,train
train_1145,train
train_114500,train
train_114501,train
train_114502,train
train_114506,train
train_114508,train
train_114510,train
train_114511,train
train_114512,train
train_114513,train
train_114515,train
train_114517,train
train_114518,train
train_114519,train
train_114520,train
train_114522,train
train_114523,train
train_114524,train
train_114525,train
train_114526,train
train_114527,train
train_114529,train
train_11453,train
train_114530,train
train_114531,train
train_114535,train
train_114536,train
train_114538,train
train_114539,train
train_114540,train
train_114541,train
train_114544,train
train_114547,train
train_114548,train
train_11455,train
train_114550,train
train_114551,train
train_114552,train
train_114554,train
train_114555,train
train_114557,train
train_114558,train
train_114559,train
train_11456,train
train_114562,train
train_114563,train
train_114564,train
train_114566,train
train_114568,train
train_11457,train
train_114571,train
train_114573,train
train_114574,train
train_114576,train
train_114577,train
train_114578,train
train_114580,train
train_114586,train
train_11459,train
train_114592,train
train_114596,train
train_114597,train
train_114598,train
train_11460,train
train_114600,train
train_114602,train
train_114606,train
train_114607,train
train_114608,train
train_11461,train
train_114610,train
train_114614,train
train_114616,train
train_114618,train
train_114620,train
train_114621,train
train_114622,train
train_114624,train
train_114628,train
train_114630,train
train_114631,train
train_114632,train
train_114633,train
train_114635,train
train_114636,train
train_114637,train
train_114638,train
train_11464,train
train_114640,train
train_114641,train
train_114643,train
train_114645,train
train_114646,train
train_11465,train
train_114652,train
train_114655,train
train_114656,train
train_114657,train
train_114658,train
train_11466,train
train_114660,train
train_114663,train
train_114667,train
train_114671,train
train_114672,train
train_114673,train
train_114674,train
train_114675,train
train_114677,train
train_11468,train
train_114682,train
train_114684,train
train_114687,train
train_114688,train
train_114690,train
train_114691,train
train_114693,train
train_114694,train
train_114695,train
train_114698,train
train_114699,train
train_1147,train
train_114700,train
train_114702,train
train_114705,train
train_114707,train
train_114708,train
train_114710,train
train_114711,train
train_114712,train
train_114720,train
train_114724,train
train_114726,train
train_114730,train
train_114737,train
train_11474,train
train_114741,train
train_114745,train
train_114747,train
train_114748,train
train_114753,train
train_114756,train
train_114757,train
train_114758,train
train_114762,train
train_114766,train
train_114767,train
train_11477,train
train_114771,train
train_114772,train
train_114773,train
train_114774,train
train_114776,train
train_114778,train
train_114779,train
train_114780,train
train_114783,train
train_114785,train
train_114786,train
train_114787,train
train_114788,train
train_114789,train
train_114795,train
train_114796,train
train_114797,train
train_114799,train
train_1148,train
train_114802,train
train_114804,train
train_114806,train
train_114809,train
train_114810,train
train_114814,train
train_114815,train
train_114817,train
train_114818,train
train_114819,train
train_114820,train
train_114821,train
train_114822,train
train_114824,train
train_11483,train
train_114839,train
train_11484,train
train_114843,train
train_114844,train
train_114845,train
train_114846,train
train_114848,train
train_114849,train
train_11485,train
train_114850,train
train_114853,train
train_114857,train
train_114858,train
train_11486,train
train_114861,train
train_114862,train
train_114865,train
train_114870,train
train_114872,train
train_114877,train
train_114878,train
train_114879,train
train_11488,train
train_114880,train
train_114882,train
train_114885,train
train_114887,train
train_11489,train
train_114893,train
train_114895,train
train_114896,train
train_114897,train
train_1149,train
train_114902,train
train_114903,train
train_114904,train
train_114908,train
train_114910,train
train_114911,train
train_114912,train
train_114916,train
train_114917,train
train_11492,train
train_114923,train
train_114925,train
train_114926,train
train_114929,train
train_11493,train
train_114930,train
train_114933,train
train_114934,train
train_114937,train
train_114938,train
train_114939,train
train_11494,train
train_114940,train
train_114945,train
train_114946,train
train_114948,train
train_11495,train
train_114951,train
train_114952,train
train_114953,train
train_114954,train
train_114960,train
train_114961,train
train_114962,train
train_114963,train
train_114965,train
train_114967,train
train_114969,train
train_114971,train
train_114977,train
train_114978,train
train_11498,train
train_114980,train
train_114983,train
train_114984,train
train_11499,train
train_114991,train
train_114993,train
train_115,train
train_1150,train
train_11500,train
train_115002,train
train_115006,train
train_115008,train
train_11501,train
train_115010,train
train_115011,train
train_115012,train
train_115013,train
train_115015,train
train_115016,train
train_115017,train
train_115018,train
train_11502,train
train_115020,train
train_115023,train
train_115027,train
train_115028,train
train_11503,train
train_115033,train
train_115034,train
train_115037,train
train_115038,train
train_11504,train
train_115040,train
train_115041,train
train_115042,train
train_115044,train
train_115045,train
train_115047,train
train_115049,train
train_11505,train
train_115051,train
train_115052,train
train_115055,train
train_115059,train
train_11506,train
train_115063,train
train_115068,train
train_115069,train
train_115072,train
train_115075,train
train_115076,train
train_115077,train
train_115078,train
train_11508,train
train_115081,train
train_115086,train
train_115087,train
train_115088,train
train_115089,train
train_11509,train
train_115094,train
train_115096,train
train_115098,train
train_115099,train
train_1151,train
train_115100,train
train_115101,train
train_115104,train
train_115105,train
train_115107,train
train_115108,train
train_115109,train
train_115110,train
train_115113,train
train_115115,train
train_115117,train
train_115119,train
train_11512,train
train_115121,train
train_115123,train
train_11513,train
train_115130,train
train_115133,train
train_115135,train
train_115136,train
train_115137,train
train_11514,train
train_115140,train
train_115141,train
train_115142,train
train_115143,train
train_115145,train
train_115148,train
train_115149,train
train_11515,train
train_115151,train
train_115153,train
train_115156,train
train_115160,train
train_115162,train
train_115165,train
train_115166,train
train_115168,train
train_115171,train
train_115173,train
train_115174,train
train_115177,train
train_115178,train
train_11518,train
train_115181,train
train_115182,train
train_115187,train
train_115189,train
train_115190,train
train_115194,train
train_115197,train
train_11520,train
train_115201,train
train_115204,train
train_115206,train
train_115209,train
train_11521,train
train_115210,train
train_115217,train
train_115218,train
train_115220,train
train_115221,train
train_115222,train
train_115224,train
train_115227,train
train_11523,train
train_115230,train
train_115231,train
train_115238,train
train_115239,train
train_115241,train
train_115242,train
train_115244,train
train_115246,train
train_115252,train
train_115253,train
train_115256,train
train_115257,train
train_115258,train
train_115260,train
train_115265,train
train_115266,train
train_115267,train
train_11527,train
train_115271,train
train_115273,train
train_115274,train
train_115275,train
train_115276,train
train_115284,train
train_115286,train
train_115287,train
train_115288,train
train_115292,train
train_115294,train
train_115295,train
train_115298,train
train_115299,train
train_1153,train
train_115301,train
train_115306,train
train_11531,train
train_115310,train
train_115312,train
train_115313,train
train_115316,train
train_115317,train
train_115318,train
train_115319,train
train_11532,train
train_115326,train
train_115327,train
train_115330,train
train_115333,train
train_115337,train
train_115339,train
train_115340,train
train_115345,train
train_115346,train
train_115347,train
train_115351,train
train_115352,train
train_115354,train
train_115356,train
train_115357,train
train_11536,train
train_115360,train
train_115363,train
train_115364,train
train_115366,train
train_11537,train
train_115373,train
train_115375,train
train_11538,train
train_115381,train
train_115382,train
train_115383,train
train_115387,train
train_115389,train
train_115392,train
train_115393,train
train_115396,train
train_115397,train
train_115398,train
train_115399,train
train_11540,train
train_115401,train
train_115402,train
train_115404,train
train_115405,train
train_115407,train
train_115411,train
train_115412,train
train_115413,train
train_115416,train
train_115417,train
train_115418,train
train_115420,train
train_115422,train
train_115423,train
train_115424,train
train_115425,train
train_115429,train
train_11543,train
train_115432,train
train_115433,train
train_115436,train
train_115439,train
train_115443,train
train_115444,train
train_115448,train
train_115449,train
train_115450,train
train_115453,train
train_115455,train
train_115458,train
train_115464,train
train_115465,train
train_115466,train
train_115467,train
train_115469,train
train_11547,train
train_115471,train
train_115476,train
train_115478,train
train_115479,train
train_115480,train
train_115488,train
train_115489,train
train_115490,train
train_115492,train
train_115493,train
train_115494,train
train_115497,train
train_115500,train
train_115504,train
train_115505,train
train_115508,train
train_115509,train
train_115512,train
train_115515,train
train_115517,train
train_115518,train
train_115519,train
train_115520,train
train_115524,train
train_115526,train
train_115527,train
train_115528,train
train_115529,train
train_11553,train
train_115532,train
train_115535,train
train_115540,train
train_115541,train
train_115543,train
train_115546,train
train_115547,train
train_115548,train
train_11555,train
train_115550,train
train_115551,train
train_115554,train
train_115555,train
train_115556,train
train_115557,train
train_115558,train
train_11556,train
train_115561,train
train_115562,train
train_115565,train
train_115567,train
train_115569,train
train_11557,train
train_115570,train
train_115572,train
train_115575,train
train_115576,train
train_115579,train
train_115580,train
train_115582,train
train_115583,train
train_115584,train
train_115588,train
train_115589,train
train_11559,train
train_115591,train
train_115592,train
train_115594,train
train_115595,train
train_115596,train
train_115597,train
train_115598,train
train_115599,train
train_1156,train
train_11560,train
train_115600,train
train_115604,train
train_115605,train
train_115607,train
train_115609,train
train_11561,train
train_115610,train
train_115614,train
train_115616,train
train_115620,train
train_115622,train
train_115633,train
train_115634,train
train_115638,train
train_11564,train
train_115641,train
train_115642,train
train_115643,train
train_115644,train
train_115647,train
train_115648,train
train_11565,train
train_115656,train
train_115659,train
train_11566,train
train_115661,train
train_115664,train
train_115668,train
train_115669,train
train_11567,train
train_115672,train
train_115675,train
train_115677,train
train_115679,train
train_11568,train
train_115680,train
train_115683,train
train_115684,train
train_115686,train
train_115689,train
train_11569,train
train_115690,train
train_115692,train
train_115695,train
train_115696,train
train_115697,train
train_1157,train
train_115701,train
train_115705,train
train_115706,train
train_115707,train
train_115708,train
train_115709,train
train_115711,train
train_115712,train
train_115713,train
train_115716,train
train_115720,train
train_115723,train
train_115724,train
train_115726,train
train_115727,train
train_115730,train
train_115734,train
train_115735,train
train_115736,train
train_115739,train
train_11574,train
train_115741,train
train_115747,train
train_115750,train
train_115752,train
train_115753,train
train_115754,train
train_115756,train
train_115757,train
train_115759,train
train_115760,train
train_115761,train
train_115762,train
train_115763,train
train_115766,train
train_115770,train
train_115772,train
train_115774,train
train_115775,train
train_115778,train
train_11578,train
train_115784,train
train_115789,train
train_115790,train
train_115791,train
train_115794,train
train_115798,train
train_1158,train
train_11580,train
train_115801,train
train_115803,train
train_115805,train
train_115806,train
train_115808,train
train_115809,train
train_115810,train
train_115812,train
train_115814,train
train_115816,train
train_115819,train
train_11582,train
train_115821,train
train_115822,train
train_115823,train
train_115824,train
train_115826,train
train_115827,train
train_115829,train
train_115830,train
train_115833,train
train_115838,train
train_115845,train
train_115846,train
train_115847,train
train_115849,train
train_11585,train
train_115850,train
train_115852,train
train_115854,train
train_115860,train
train_115862,train
train_115864,train
train_115865,train
train_115867,train
train_115869,train
train_115871,train
train_115878,train
train_115879,train
train_115882,train
train_115887,train
train_115888,train
train_115889,train
train_115895,train
train_115897,train
train_115898,train
train_115899,train
train_1159,train
train_115900,train
train_115902,train
train_115905,train
train_115909,train
train_11591,train
train_115912,train
train_115914,train
train_115915,train
train_115916,train
train_115917,train
train_115919,train
train_11592,train
train_115920,train
train_115921,train
train_115926,train
train_115927,train
train_11593,train
train_115930,train
train_115931,train
train_115932,train
train_115933,train
train_115934,train
train_115935,train
train_115937,train
train_11594,train
train_115940,train
train_115941,train
train_115945,train
train_115949,train
train_115953,train
train_115956,train
train_115959,train
train_115962,train
train_115963,train
train_115968,train
train_115972,train
train_115973,train
train_115974,train
train_115975,train
train_115977,train
train_115978,train
train_11598,train
train_115981,train
train_115982,train
train_115983,train
train_115985,train
train_11599,train
train_115992,train
train_115993,train
train_115994,train
train_115997,train
train_115998,train
train_115999,train
train_1160,train
train_11600,train
train_116000,train
train_116003,train
train_116007,train
train_116008,train
train_11601,train
train_116010,train
train_116011,train
train_116012,train
train_116013,train
train_116014,train
train_116015,train
train_116017,train
train_11602,train
train_116020,train
train_116021,train
train_116023,train
train_116026,train
train_116027,train
train_116028,train
train_116030,train
train_116032,train
train_116034,train
train_116036,train
train_116037,train
train_116038,train
train_116039,train
train_116042,train
train_116045,train
train_116052,train
train_116056,train
train_11606,train
train_116060,train
train_116063,train
train_116064,train
train_116065,train
train_116068,train
train_116071,train
train_116073,train
train_116075,train
train_116076,train
train_116077,train
train_116079,train
train_116081,train
train_116089,train
train_11609,train
train_116090,train
train_116091,train
train_116092,train
train_116093,train
train_116094,train
train_116095,train
train_116096,train
train_116098,train
train_116100,train
train_116101,train
train_116102,train
train_116103,train
train_116104,train
train_116105,train
train_116108,train
train_116109,train
train_116112,train
train_116115,train
train_116116,train
train_116120,train
train_116121,train
train_116123,train
train_116124,train
train_116125,train
train_116126,train
train_116128,train
train_116129,train
train_116130,train
train_116134,train
train_116135,train
train_11614,train
train_116141,train
train_116142,train
train_116144,train
train_116145,train
train_116147,train
train_116150,train
train_116151,train
train_116152,train
train_116153,train
train_116154,train
train_116157,train
train_116162,train
train_116163,train
train_116167,train
train_116169,train
train_116170,train
train_116173,train
train_116174,train
train_116175,train
train_116178,train
train_116182,train
train_116184,train
train_116186,train
train_11619,train
train_116191,train
train_116194,train
train_116196,train
train_1162,train
train_11620,train
train_116201,train
train_116202,train
train_116204,train
train_116205,train
train_116208,train
train_116210,train
train_116211,train
train_116212,train
train_116213,train
train_116214,train
train_116215,train
train_116216,train
train_11622,train
train_116220,train
train_116221,train
train_116222,train
train_116223,train
train_116227,train
train_116228,train
train_116229,train
train_11623,train
train_116231,train
train_116232,train
train_116235,train
train_116239,train
train_116241,train
train_116242,train
train_116243,train
train_116248,train
train_11625,train
train_116250,train
train_116252,train
train_116256,train
train_116257,train
train_116260,train
train_116261,train
train_116264,train
train_116266,train
train_116268,train
train_116273,train
train_116274,train
train_116275,train
train_116278,train
train_11628,train
train_116280,train
train_116282,train
train_116283,train
train_116290,train
train_116293,train
train_116296,train
train_116299,train
train_11630,train
train_116302,train
train_116304,train
train_116307,train
train_116308,train
train_116309,train
train_11631,train
train_116310,train
train_116313,train
train_116317,train
train_116318,train
train_116321,train
train_116322,train
train_116323,train
train_116327,train
train_11633,train
train_116333,train
train_116337,train
train_116339,train
train_116340,train
train_116343,train
train_116344,train
train_116345,train
train_116347,train
train_11635,train
train_116352,train
train_116353,train
train_116355,train
train_116356,train
train_116357,train
train_116358,train
train_116360,train
train_116361,train
train_116362,train
train_116368,train
train_116370,train
train_116371,train
train_116373,train
train_116374,train
train_116375,train
train_116376,train
train_116377,train
train_116378,train
train_116379,train
train_116380,train
train_116386,train
train_116388,train
train_11639,train
train_116390,train
train_116393,train
train_116394,train
train_116395,train
train_116396,train
train_1164,train
train_11640,train
train_116404,train
train_11641,train
train_116410,train
train_116411,train
train_116412,train
train_116414,train
train_116415,train
train_116418,train
train_116419,train
train_116421,train
train_116422,train
train_116424,train
train_116426,train
train_116427,train
train_11643,train
train_116432,train
train_116433,train
train_116434,train
train_116435,train
train_116436,train
train_116440,train
train_116441,train
train_116447,train
train_116449,train
train_116452,train
train_116453,train
train_116456,train
train_116457,train
train_116461,train
train_116463,train
train_116466,train
train_116468,train
train_116469,train
train_116471,train
train_116472,train
train_116474,train
train_116475,train
train_116477,train
train_116483,train
train_116485,train
train_116487,train
train_116488,train
train_116490,train
train_116492,train
train_116493,train
train_116498,train
train_116499,train
train_11650,train
train_116500,train
train_116502,train
train_116503,train
train_116510,train
train_116513,train
train_116514,train
train_116516,train
train_116518,train
train_116519,train
train_11652,train
train_116520,train
train_116521,train
train_116522,train
train_116523,train
train_116527,train
train_116528,train
train_11653,train
train_116531,train
train_116532,train
train_116538,train
train_116539,train
train_116542,train
train_116543,train
train_116545,train
train_116546,train
train_116547,train
train_11655,train
train_116550,train
train_116551,train
train_116553,train
train_116555,train
train_11656,train
train_116560,train
train_116572,train
train_116575,train
train_116577,train
train_116578,train
train_116580,train
train_116581,train
train_116586,train
train_116589,train
train_116592,train
train_116595,train
train_116596,train
train_116597,train
train_11660,train
train_116600,train
train_116601,train
train_116603,train
train_116607,train
train_116608,train
train_11661,train
train_116610,train
train_116611,train
train_116615,train
train_116617,train
train_11662,train
train_116620,train
train_116622,train
train_116623,train
train_116624,train
train_116627,train
train_116629,train
train_116630,train
train_116632,train
train_116635,train
train_116639,train
train_11664,train
train_116642,train
train_116643,train
train_116644,train
train_116645,train
train_116646,train
train_116647,train
train_116648,train
train_116651,train
train_116652,train
train_116653,train
train_116655,train
train_116656,train
train_116657,train
train_116658,train
train_116660,train
train_116661,train
train_116662,train
train_116663,train
train_116664,train
train_116667,train
train_116668,train
train_116669,train
train_11667,train
train_116671,train
train_116672,train
train_116673,train
train_116677,train
train_11668,train
train_116680,train
train_116683,train
train_11669,train
train_116691,train
train_116692,train
train_116693,train
train_116694,train
train_116695,train
train_116698,train
train_116699,train
train_1167,train
train_11670,train
train_116701,train
train_116703,train
train_116705,train
train_116706,train
train_116709,train
train_11671,train
train_116710,train
train_116713,train
train_116715,train
train_116718,train
train_116719,train
train_11672,train
train_116721,train
train_116722,train
train_116729,train
train_116730,train
train_116732,train
train_116734,train
train_116738,train
train_116739,train
train_11674,train
train_116742,train
train_116746,train
train_116748,train
train_116749,train
train_116750,train
train_116752,train
train_116756,train
train_11676,train
train_116762,train
train_116765,train
train_116767,train
train_116768,train
train_116770,train
train_116773,train
train_116777,train
train_11678,train
train_116780,train
train_116781,train
train_116783,train
train_116785,train
train_116786,train
train_116787,train
train_116792,train
train_116793,train
train_116794,train
train_116795,train
train_116797,train
train_116798,train
train_116801,train
train_116802,train
train_116803,train
train_116804,train
train_116806,train
train_116807,train
train_116809,train
train_11681,train
train_116816,train
train_116818,train
train_116819,train
train_11682,train
train_116820,train
train_116823,train
train_116824,train
train_116825,train
train_116830,train
train_116833,train
train_116834,train
train_116835,train
train_116842,train
train_116843,train
train_116845,train
train_116848,train
train_116849,train
train_11685,train
train_116850,train
train_116851,train
train_116852,train
train_116853,train
train_116854,train
train_116858,train
train_11686,train
train_116861,train
train_116862,train
train_116863,train
train_116864,train
train_116867,train
train_116868,train
train_116869,train
train_116870,train
train_116874,train
train_116875,train
train_116876,train
train_116877,train
train_116878,train
train_11688,train
train_116885,train
train_116889,train
train_11689,train
train_116895,train
train_1169,train
train_11690,train
train_116901,train
train_116904,train
train_116906,train
train_116907,train
train_11691,train
train_116910,train
train_116912,train
train_116913,train
train_116916,train
train_116919,train
train_116922,train
train_116923,train
train_116924,train
train_116929,train
train_11693,train
train_116930,train
train_116932,train
train_116934,train
train_116936,train
train_116937,train
train_116941,train
train_116942,train
train_116946,train
train_116948,train
train_116950,train
train_116954,train
train_116956,train
train_116957,train
train_116959,train
train_11696,train
train_116964,train
train_116966,train
train_116967,train
train_116968,train
train_116969,train
train_116970,train
train_116973,train
train_116974,train
train_116975,train
train_116978,train
train_116980,train
train_116982,train
train_116984,train
train_116987,train
train_116989,train
train_11699,train
train_116994,train
train_116999,train
train_117,train
train_1170,train
train_117000,train
train_117002,train
train_117005,train
train_11701,train
train_117011,train
train_117013,train
train_117017,train
train_117018,train
train_117019,train
train_11702,train
train_117020,train
train_117022,train
train_117023,train
train_117026,train
train_117029,train
train_117032,train
train_117033,train
train_117034,train
train_117036,train
train_117037,train
train_117038,train
train_117039,train
train_11704,train
train_117041,train
train_117042,train
train_117044,train
train_117047,train
train_117048,train
train_117051,train
train_117052,train
train_117054,train
train_117055,train
train_117057,train
train_117058,train
train_117059,train
train_117060,train
train_117061,train
train_117062,train
train_117063,train
train_117066,train
train_117067,train
train_11707,train
train_117071,train
train_117072,train
train_117073,train
train_117074,train
train_117076,train
train_117077,train
train_117078,train
train_117079,train
train_11708,train
train_117082,train
train_117083,train
train_117087,train
train_117088,train
train_11709,train
train_117091,train
train_117092,train
train_117093,train
train_117094,train
train_117095,train
train_117097,train
train_117099,train
train_117100,train
train_117103,train
train_117106,train
train_117107,train
train_117108,train
train_117109,train
train_117113,train
train_117116,train
train_117117,train
train_117118,train
train_117119,train
train_117120,train
train_117121,train
train_117122,train
train_117123,train
train_117125,train
train_117127,train
train_117128,train
train_11713,train
train_117130,train
train_117133,train
train_117135,train
train_117136,train
train_117137,train
train_117139,train
train_11714,train
train_117140,train
train_117141,train
train_117146,train
train_117147,train
train_117150,train
train_117153,train
train_117155,train
train_117156,train
train_117157,train
train_117158,train
train_117161,train
train_117162,train
train_117164,train
train_117166,train
train_117167,train
train_117169,train
train_117171,train
train_117173,train
train_117177,train
train_117178,train
train_117179,train
train_117182,train
train_117183,train
train_117184,train
train_117186,train
train_117187,train
train_117188,train
train_117189,train
train_117190,train
train_117191,train
train_117193,train
train_117194,train
train_117197,train
train_117198,train
train_117199,train
train_1172,train
train_117200,train
train_117201,train
train_117202,train
train_117206,train
train_117207,train
train_117210,train
train_117212,train
train_117213,train
train_117214,train
train_117215,train
train_117216,train
train_11722,train
train_117221,train
train_117222,train
train_117225,train
train_117226,train
train_117228,train
train_117233,train
train_117234,train
train_117238,train
train_117241,train
train_117249,train
train_117254,train
train_117255,train
train_117256,train
train_117257,train
train_117261,train
train_117263,train
train_117264,train
train_117267,train
train_117268,train
train_117269,train
train_117271,train
train_117272,train
train_117273,train
train_117274,train
train_117277,train
train_117278,train
train_117279,train
train_117280,train
train_117281,train
train_117284,train
train_117285,train
train_117287,train
train_117288,train
train_11729,train
train_117291,train
train_117292,train
train_117293,train
train_117295,train
train_117296,train
train_117297,train
train_117299,train
train_117300,train
train_117304,train
train_117305,train
train_117308,train
train_117310,train
train_117311,train
train_117314,train
train_117315,train
train_117316,train
train_117318,train
train_117319,train
train_117320,train
train_117321,train
train_117322,train
train_117323,train
train_117324,train
train_117326,train
train_117327,train
train_117329,train
train_11733,train
train_117331,train
train_117334,train
train_117337,train
train_117338,train
train_117341,train
train_117343,train
train_117345,train
train_117347,train
train_117350,train
train_117351,train
train_117352,train
train_117353,train
train_117354,train
train_117356,train
train_117357,train
train_117358,train
train_117363,train
train_117367,train
train_117370,train
train_117374,train
train_117375,train
train_117376,train
train_117379,train
train_117384,train
train_117386,train
train_117387,train
train_117388,train
train_117389,train
train_117390,train
train_117398,train
train_117399,train
train_1174,train
train_11740,train
train_117400,train
train_117401,train
train_117402,train
train_117404,train
train_117409,train
train_117411,train
train_117414,train
train_117417,train
train_117419,train
train_117421,train
train_117422,train
train_117423,train
train_117429,train
train_117431,train
train_117433,train
train_117434,train
train_117437,train
train_117438,train
train_117439,train
train_117442,train
train_117443,train
train_117444,train
train_117447,train
train_117452,train
train_117454,train
train_117456,train
train_117457,train
train_117458,train
train_117459,train
train_11746,train
train_117460,train
train_117462,train
train_117464,train
train_117469,train
train_117470,train
train_117479,train
train_11748,train
train_117481,train
train_117482,train
train_117483,train
train_117485,train
train_117487,train
train_117489,train
train_117490,train
train_117493,train
train_117495,train
train_117496,train
train_1175,train
train_117500,train
train_117501,train
train_117503,train
train_117504,train
train_117509,train
train_117511,train
train_117513,train
train_117514,train
train_117516,train
train_117517,train
train_117518,train
train_117521,train
train_117523,train
train_117524,train
train_117527,train
train_11753,train
train_117533,train
train_117535,train
train_117536,train
train_117537,train
train_117538,train
train_11754,train
train_117540,train
train_117542,train
train_117543,train
train_117545,train
train_117547,train
train_11755,train
train_117550,train
train_117551,train
train_117554,train
train_117557,train
train_117558,train
train_11756,train
train_117562,train
train_117565,train
train_117567,train
train_117568,train
train_117569,train
train_117572,train
train_117573,train
train_117577,train
train_11758,train
train_117580,train
train_117582,train
train_117583,train
train_117585,train
train_117588,train
train_11759,train
train_117592,train
train_117595,train
train_117596,train
train_117598,train
train_117599,train
train_1176,train
train_11760,train
train_117603,train
train_117606,train
train_117608,train
train_11761,train
train_117610,train
train_117612,train
train_117613,train
train_117614,train
train_117617,train
train_117618,train
train_117619,train
train_117623,train
train_117624,train
train_117625,train
train_117627,train
train_117628,train
train_117629,train
train_11763,train
train_117630,train
train_117631,train
train_117634,train
train_117637,train
train_117639,train
train_11764,train
train_117640,train
train_117641,train
train_117644,train
train_117646,train
train_117647,train
train_117650,train
train_117656,train
train_117657,train
train_117658,train
train_11766,train
train_117661,train
train_117662,train
train_117666,train
train_117668,train
train_117669,train
train_11767,train
train_117671,train
train_117672,train
train_117673,train
train_117676,train
train_117682,train
train_117683,train
train_117685,train
train_117686,train
train_117689,train
train_11769,train
train_117690,train
train_117693,train
train_117696,train
train_117699,train
train_11770,train
train_117702,train
train_117704,train
train_117707,train
train_117708,train
train_11771,train
train_117710,train
train_117713,train
train_117715,train
train_117719,train
train_117724,train
train_117725,train
train_117729,train
train_117730,train
train_117733,train
train_117735,train
train_117737,train
train_117741,train
train_117744,train
train_117746,train
train_117747,train
train_117749,train
train_11775,train
train_117751,train
train_117752,train
train_117755,train
train_117756,train
train_117757,train
train_117759,train
train_117760,train
train_117761,train
train_117763,train
train_117765,train
train_117766,train
train_117770,train
train_117771,train
train_117777,train
train_117778,train
train_11778,train
train_117782,train
train_117783,train
train_117784,train
train_117785,train
train_117787,train
train_11779,train
train_117790,train
train_117793,train
train_117794,train
train_117796,train
train_117798,train
train_117799,train
train_11780,train
train_117800,train
train_117804,train
train_117805,train
train_117806,train
train_117809,train
train_11781,train
train_117811,train
train_117813,train
train_117814,train
train_117815,train
train_117817,train
train_117818,train
train_117819,train
train_117821,train
train_117822,train
train_117827,train
train_117830,train
train_117831,train
train_117835,train
train_117836,train
train_117840,train
train_117841,train
train_117846,train
train_117848,train
train_11785,train
train_117850,train
train_117852,train
train_117853,train
train_117854,train
train_117855,train
train_117859,train
train_11786,train
train_117860,train
train_117861,train
train_117863,train
train_117866,train
train_117868,train
train_117869,train
train_11787,train
train_117870,train
train_117872,train
train_117873,train
train_117874,train
train_117875,train
train_117876,train
train_117878,train
train_117879,train
train_11788,train
train_117881,train
train_117884,train
train_117885,train
train_117888,train
train_117890,train
train_117892,train
train_117897,train
train_117898,train
train_117899,train
train_1179,train
train_11790,train
train_117901,train
train_117904,train
train_117907,train
train_117908,train
train_117909,train
train_11791,train
train_117911,train
train_117912,train
train_117913,train
train_117916,train
train_117917,train
train_117919,train
train_11792,train
train_117928,train
train_11793,train
train_117931,train
train_117932,train
train_117936,train
train_11794,train
train_117941,train
train_117943,train
train_117944,train
train_117945,train
train_117949,train
train_11795,train
train_117957,train
train_117960,train
train_117962,train
train_117963,train
train_117967,train
train_117973,train
train_117975,train
train_117977,train
train_117982,train
train_117984,train
train_117986,train
train_11799,train
train_117991,train
train_117995,train
train_1180,train
train_11800,train
train_118000,train
train_118001,train
train_118002,train
train_118003,train
train_118004,train
train_118009,train
train_118013,train
train_118014,train
train_118019,train
train_11802,train
train_118020,train
train_118023,train
train_118024,train
train_118028,train
train_11803,train
train_118030,train
train_118031,train
train_118034,train
train_118039,train
train_11804,train
train_118040,train
train_118041,train
train_118043,train
train_118048,train
train_11805,train
train_118051,train
train_118052,train
train_118058,train
train_118061,train
train_118064,train
train_118067,train
train_118070,train
train_118071,train
train_118072,train
train_118075,train
train_118076,train
train_118077,train
train_118078,train
train_118079,train
train_118084,train
train_118089,train
train_118090,train
train_118091,train
train_118093,train
train_118094,train
train_118096,train
train_1181,train
train_118104,train
train_118105,train
train_118106,train
train_118107,train
train_118115,train
train_118116,train
train_118117,train
train_118119,train
train_118120,train
train_118121,train
train_118122,train
train_118123,train
train_118125,train
train_118127,train
train_118128,train
train_11813,train
train_118130,train
train_118132,train
train_118133,train
train_118134,train
train_118137,train
train_118149,train
train_118150,train
train_118151,train
train_118152,train
train_118155,train
train_118159,train
train_118162,train
train_118170,train
train_118174,train
train_118179,train
train_11818,train
train_118183,train
train_118184,train
train_118186,train
train_118187,train
train_118190,train
train_118191,train
train_118192,train
train_118197,train
train_118198,train
train_1182,train
train_118202,train
train_118204,train
train_118206,train
train_118207,train
train_118209,train
train_11821,train
train_118210,train
train_118213,train
train_118214,train
train_118215,train
train_118219,train
train_11822,train
train_118222,train
train_118223,train
train_118226,train
train_118228,train
train_118233,train
train_118234,train
train_118237,train
train_118240,train
train_118248,train
train_11825,train
train_118250,train
train_118252,train
train_118253,train
train_118255,train
train_118256,train
train_118258,train
train_118259,train
train_11826,train
train_118260,train
train_118264,train
train_118273,train
train_118274,train
train_118276,train
train_118279,train
train_11828,train
train_118282,train
train_118285,train
train_118286,train
train_118287,train
train_118288,train
train_118289,train
train_11829,train
train_118291,train
train_118292,train
train_118293,train
train_118296,train
train_118297,train
train_118298,train
train_118300,train
train_118303,train
train_118306,train
train_118309,train
train_11831,train
train_118312,train
train_118314,train
train_118316,train
train_118323,train
train_118327,train
train_118330,train
train_118332,train
train_118334,train
train_118335,train
train_118338,train
train_118339,train
train_11834,train
train_118342,train
train_118343,train
train_118345,train
train_118347,train
train_11835,train
train_118353,train
train_118355,train
train_118358,train
train_118359,train
train_11836,train
train_118365,train
train_118370,train
train_118371,train
train_118372,train
train_118373,train
train_118374,train
train_118382,train
train_118387,train
train_118389,train
train_118398,train
train_118399,train
train_11840,train
train_118405,train
train_118410,train
train_118412,train
train_118414,train
train_118415,train
train_118418,train
train_11842,train
train_118421,train
train_118423,train
train_11843,train
train_118430,train
train_118435,train
train_118437,train
train_118439,train
train_118440,train
train_118446,train
train_118447,train
train_118450,train
train_118453,train
train_118455,train
train_118457,train
train_118459,train
train_11846,train
train_118461,train
train_118464,train
train_118465,train
train_118468,train
train_11847,train
train_118470,train
train_118472,train
train_118473,train
train_118476,train
train_118477,train
train_118478,train
train_11848,train
train_118480,train
train_118482,train
train_118483,train
train_118485,train
train_118488,train
train_11849,train
train_118493,train
train_118494,train
train_118497,train
train_118498,train
train_1185,train
train_118501,train
train_118503,train
train_118504,train
train_118507,train
train_118511,train
train_118513,train
train_118514,train
train_118515,train
train_118516,train
train_118518,train
train_118519,train
train_118522,train
train_118523,train
train_118526,train
train_118527,train
train_118531,train
train_118533,train
train_118535,train
train_118536,train
train_118537,train
train_118538,train
train_118542,train
train_118543,train
train_118544,train
train_118547,train
train_118549,train
train_118550,train
train_118551,train
train_118553,train
train_118555,train
train_118556,train
train_118557,train
train_118558,train
train_118561,train
train_118562,train
train_118563,train
train_118569,train
train_118571,train
train_118572,train
train_118578,train
train_118579,train
train_118582,train
train_118585,train
train_11859,train
train_118592,train
train_118594,train
train_118596,train
train_118597,train
train_118598,train
train_1186,train
train_11860,train
train_118600,train
train_118606,train
train_118609,train
train_11861,train
train_118612,train
train_118617,train
train_11862,train
train_118623,train
train_118624,train
train_118628,train
train_118629,train
train_11863,train
train_118631,train
train_118632,train
train_118634,train
train_118635,train
train_118636,train
train_118640,train
train_118642,train
train_118643,train
train_118644,train
train_118646,train
train_118647,train
train_118649,train
train_11865,train
train_118653,train
train_118654,train
train_118658,train
train_118659,train
train_118661,train
train_118664,train
train_118665,train
train_118666,train
train_118667,train
train_118668,train
train_118671,train
train_118675,train
train_11868,train
train_118681,train
train_118683,train
train_118685,train
train_11869,train
train_118692,train
train_118693,train
train_118698,train
train_1187,train
train_118700,train
train_118702,train
train_118704,train
train_118706,train
train_118708,train
train_11871,train
train_118714,train
train_118716,train
train_118718,train
train_118719,train
train_11872,train
train_118721,train
train_118723,train
train_118725,train
train_118727,train
train_118729,train
train_118730,train
train_118732,train
train_118737,train
train_118738,train
train_11874,train
train_118740,train
train_118744,train
train_118747,train
train_118748,train
train_118749,train
train_11875,train
train_118750,train
train_118751,train
train_118752,train
train_118756,train
train_118759,train
train_11876,train
train_118760,train
train_118762,train
train_118765,train
train_118766,train
train_118767,train
train_118768,train
train_11877,train
train_118770,train
train_118771,train
train_118772,train
train_118774,train
train_118775,train
train_118781,train
train_118782,train
train_118783,train
train_118785,train
train_118787,train
train_118788,train
train_118789,train
train_118794,train
train_11880,train
train_118800,train
train_118801,train
train_118804,train
train_118805,train
train_118806,train
train_118807,train
train_11881,train
train_118810,train
train_118811,train
train_118817,train
train_11882,train
train_118820,train
train_118821,train
train_118822,train
train_118824,train
train_118825,train
train_118827,train
train_118828,train
train_118829,train
train_11883,train
train_118830,train
train_118831,train
train_118833,train
train_118834,train
train_118835,train
train_118836,train
train_118837,train
train_11884,train
train_118844,train
train_118850,train
train_118852,train
train_118853,train
train_118854,train
train_118857,train
train_118858,train
train_11886,train
train_118861,train
train_118863,train
train_118865,train
train_118867,train
train_118868,train
train_118872,train
train_118873,train
train_118874,train
train_118878,train
train_118879,train
train_11888,train
train_118882,train
train_118883,train
train_118886,train
train_118887,train
train_118888,train
train_118889,train
train_118892,train
train_118898,train
train_11890,train
train_118903,train
train_118904,train
train_118906,train
train_118907,train
train_11891,train
train_118910,train
train_118914,train
train_118915,train
train_118922,train
train_118926,train
train_118929,train
train_11893,train
train_118933,train
train_118935,train
train_118938,train
train_118939,train
train_11894,train
train_118942,train
train_118944,train
train_118946,train
train_118947,train
train_118948,train
train_118949,train
train_11895,train
train_118950,train
train_118951,train
train_118952,train
train_118954,train
train_11896,train
train_118960,train
train_118961,train
train_118963,train
train_118966,train
train_118967,train
train_11897,train
train_118974,train
train_118977,train
train_11898,train
train_118981,train
train_118982,train
train_118983,train
train_118984,train
train_118986,train
train_118987,train
train_118988,train
train_118991,train
train_118996,train
train_11900,train
train_119001,train
train_119003,train
train_119008,train
train_119009,train
train_11901,train
train_119010,train
train_119016,train
train_119019,train
train_11902,train
train_119021,train
train_119023,train
train_119025,train
train_119026,train
train_119027,train
train_119030,train
train_119032,train
train_119035,train
train_119039,train
train_11904,train
train_119043,train
train_119045,train
train_119046,train
train_119047,train
train_119048,train
train_119049,train
train_11905,train
train_119050,train
train_119052,train
train_119054,train
train_119055,train
train_119058,train
train_119060,train
train_119062,train
train_119063,train
train_119066,train
train_119070,train
train_119071,train
train_119072,train
train_119073,train
train_119077,train
train_119082,train
train_119084,train
train_119089,train
train_119092,train
train_119095,train
train_119096,train
train_1191,train
train_11910,train
train_119100,train
train_119102,train
train_119103,train
train_119107,train
train_119108,train
train_11911,train
train_119111,train
train_119113,train
train_119114,train
train_119115,train
train_119116,train
train_119121,train
train_119123,train
train_119125,train
train_119129,train
train_11913,train
train_119131,train
train_119133,train
train_119134,train
train_119137,train
train_119139,train
train_119140,train
train_119142,train
train_119143,train
train_119144,train
train_119145,train
train_119149,train
train_119150,train
train_119151,train
train_119152,train
train_119157,train
train_119158,train
train_119159,train
train_119160,train
train_119161,train
train_119164,train
train_119165,train
train_119167,train
train_119168,train
train_11917,train
train_119171,train
train_119172,train
train_119174,train
train_119178,train
train_11918,train
train_119181,train
train_119183,train
train_119186,train
train_119187,train
train_119188,train
train_119191,train
train_119194,train
train_119195,train
train_119197,train
train_119198,train
train_119199,train
train_1192,train
train_119201,train
train_119203,train
train_119206,train
train_119207,train
train_119209,train
train_11921,train
train_119210,train
train_119213,train
train_119215,train
train_119216,train
train_119219,train
train_119221,train
train_119222,train
train_119224,train
train_119225,train
train_119226,train
train_119227,train
train_119228,train
train_119231,train
train_119237,train
train_119239,train
train_119240,train
train_119245,train
train_119246,train
train_119247,train
train_119250,train
train_119251,train
train_119259,train
train_11926,train
train_119261,train
train_119264,train
train_119266,train
train_119267,train
train_119268,train
train_119269,train
train_11927,train
train_119270,train
train_119273,train
train_119274,train
train_119275,train
train_119278,train
train_119279,train
train_11928,train
train_119284,train
train_119287,train
train_119288,train
train_119290,train
train_119292,train
train_119296,train
train_119299,train
train_119301,train
train_119302,train
train_119304,train
train_119305,train
train_119307,train
train_119308,train
train_119309,train
train_11931,train
train_119310,train
train_119314,train
train_119315,train
train_119317,train
train_119318,train
train_119321,train
train_119322,train
train_119323,train
train_119324,train
train_119327,train
train_119328,train
train_119329,train
train_11933,train
train_119334,train
train_119336,train
train_119337,train
train_119338,train
train_119339,train
train_119340,train
train_119344,train
train_119345,train
train_119346,train
train_119347,train
train_119348,train
train_119349,train
train_11935,train
train_119353,train
train_119354,train
train_11936,train
train_119360,train
train_119361,train
train_119363,train
train_119365,train
train_119367,train
train_119369,train
train_11937,train
train_119372,train
train_119373,train
train_119377,train
train_11938,train
train_119380,train
train_119382,train
train_119384,train
train_119385,train
train_119386,train
train_119389,train
train_11939,train
train_119395,train
train_119396,train
train_119397,train
train_119402,train
train_119403,train
train_119409,train
train_11941,train
train_119410,train
train_119411,train
train_119412,train
train_119413,train
train_119414,train
train_119419,train
train_119420,train
train_119424,train
train_119425,train
train_119426,train
train_119427,train
train_119428,train
train_119429,train
train_11943,train
train_119430,train
train_119432,train
train_119434,train
train_119435,train
train_119436,train
train_11944,train
train_119442,train
train_119444,train
train_119446,train
train_119448,train
train_11945,train
train_119453,train
train_119454,train
train_119458,train
train_11946,train
train_119460,train
train_119461,train
train_119463,train
train_119465,train
train_119469,train
train_119470,train
train_119472,train
train_119473,train
train_119475,train
train_119477,train
train_119481,train
train_119485,train
train_119488,train
train_11949,train
train_119492,train
train_119495,train
train_119497,train
train_119498,train
train_1195,train
train_11950,train
train_119500,train
train_119504,train
train_119506,train
train_119510,train
train_119511,train
train_119513,train
train_119516,train
train_119517,train
train_119520,train
train_119523,train
train_119524,train
train_119532,train
train_119537,train
train_119540,train
train_119542,train
train_119543,train
train_119544,train
train_119546,train
train_119547,train
train_119548,train
train_119553,train
train_119555,train
train_119557,train
train_119559,train
train_11956,train
train_119561,train
train_119564,train
train_119565,train
train_119567,train
train_119569,train
train_119572,train
train_119573,train
train_119575,train
train_119578,train
train_119579,train
train_11958,train
train_119584,train
train_119585,train
train_119586,train
train_119589,train
train_119593,train
train_119596,train
train_119598,train
train_119599,train
train_1196,train
train_11960,train
train_119600,train
train_119603,train
train_119605,train
train_119606,train
train_119609,train
train_11961,train
train_119610,train
train_119612,train
train_119613,train
train_119615,train
train_119619,train
train_119620,train
train_119621,train
train_119623,train
train_119624,train
train_119625,train
train_119626,train
train_119627,train
train_119630,train
train_119633,train
train_119634,train
train_119635,train
train_119638,train
train_119639,train
train_11964,train
train_119640,train
train_119642,train
train_119644,train
train_119645,train
train_119647,train
train_119648,train
train_119649,train
train_119653,train
train_119654,train
train_119655,train
train_119656,train
train_119658,train
train_119660,train
train_119662,train
train_119663,train
train_119670,train
train_119678,train
train_11968,train
train_119681,train
train_119683,train
train_119687,train
train_119689,train
train_11969,train
train_119692,train
train_119694,train
train_119696,train
train_119697,train
train_119698,train
train_119699,train
train_1197,train
train_119703,train
train_119706,train
train_119707,train
train_11971,train
train_119710,train
train_119712,train
train_119718,train
train_119719,train
train_119720,train
train_119721,train
train_119723,train
train_119725,train
train_119729,train
train_11973,train
train_119730,train
train_119734,train
train_119737,train
train_119738,train
train_119741,train
train_119742,train
train_119744,train
train_119745,train
train_119748,train
train_119750,train
train_119751,train
train_119752,train
train_119753,train
train_119754,train
train_119758,train
train_11976,train
train_119761,train
train_119762,train
train_119766,train
train_119767,train
train_119769,train
train_11977,train
train_119770,train
train_119773,train
train_11978,train
train_119780,train
train_119781,train
train_119785,train
train_11979,train
train_119792,train
train_119794,train
train_119795,train
train_119796,train
train_119800,train
train_119802,train
train_119803,train
train_119804,train
train_119808,train
train_119809,train
train_11981,train
train_119810,train
train_119811,train
train_119813,train
train_119815,train
train_119816,train
train_119817,train
train_11982,train
train_119820,train
train_119823,train
train_119824,train
train_119825,train
train_119826,train
train_119827,train
train_119828,train
train_119830,train
train_119832,train
train_119835,train
train_119837,train
train_11984,train
train_119842,train
train_119843,train
train_119844,train
train_119846,train
train_119847,train
train_119849,train
train_11985,train
train_119851,train
train_119852,train
train_119853,train
train_119854,train
train_119858,train
train_119859,train
train_119860,train
train_119861,train
train_119862,train
train_119863,train
train_119865,train
train_119866,train
train_119867,train
train_11987,train
train_119870,train
train_119872,train
train_119873,train
train_119875,train
train_119876,train
train_119879,train
train_119881,train
train_119882,train
train_119883,train
train_119889,train
train_11989,train
train_119890,train
train_119891,train
train_119892,train
train_119895,train
train_119896,train
train_119897,train
train_119898,train
train_119899,train
train_1199,train
train_11990,train
train_119904,train
train_119905,train
train_119906,train
train_119908,train
train_119910,train
train_119912,train
train_119914,train
train_119916,train
train_119917,train
train_119919,train
train_11992,train
train_119920,train
train_119922,train
train_119923,train
train_119926,train
train_119929,train
train_119930,train
train_119931,train
train_119933,train
train_119936,train
train_119938,train
train_119939,train
train_119941,train
train_119946,train
train_119948,train
train_119951,train
train_119955,train
train_119956,train
train_11996,train
train_119962,train
train_119963,train
train_119964,train
train_119967,train
train_119968,train
train_11997,train
train_119973,train
train_119977,train
train_119979,train
train_11998,train
train_119986,train
train_119988,train
train_119989,train
train_11999,train
train_119990,train
train_119991,train
train_119994,train
train_119998,train
train_12000,train
train_120001,train
train_120003,train
train_120004,train
train_120007,train
train_12001,train
train_120010,train
train_120011,train
train_120012,train
train_120014,train
train_120015,train
train_120016,train
train_120017,train
train_120020,train
train_120022,train
train_120027,train
train_120029,train
train_12003,train
train_120037,train
train_120039,train
train_12004,train
train_120041,train
train_120044,train
train_120046,train
train_120048,train
train_120049,train
train_12005,train
train_120050,train
train_120052,train
train_120053,train
train_120056,train
train_120057,train
train_120058,train
train_120061,train
train_120062,train
train_120063,train
train_120064,train
train_120065,train
train_120066,train
train_120071,train
train_120072,train
train_120074,train
train_120076,train
train_120080,train
train_120084,train
train_120088,train
train_120092,train
train_120093,train
train_120094,train
train_120095,train
train_120098,train
train_1201,train
train_12010,train
train_120101,train
train_120105,train
train_120106,train
train_120107,train
train_120108,train
train_12011,train
train_120110,train
train_120115,train
train_120117,train
train_120121,train
train_120122,train
train_120124,train
train_120125,train
train_120126,train
train_120127,train
train_120128,train
train_12013,train
train_120131,train
train_120133,train
train_120135,train
train_120136,train
train_120137,train
train_120138,train
train_120139,train
train_120141,train
train_120144,train
train_120149,train
train_12015,train
train_120150,train
train_120155,train
train_120157,train
train_120158,train
train_120159,train
train_120160,train
train_120162,train
train_120164,train
train_120165,train
train_120166,train
train_120167,train
train_120171,train
train_120173,train
train_120176,train
train_120177,train
train_120178,train
train_12018,train
train_120180,train
train_120181,train
train_120184,train
train_120186,train
train_120187,train
train_120188,train
train_12019,train
train_120190,train
train_120194,train
train_120195,train
train_120196,train
train_120197,train
train_12020,train
train_120200,train
train_120203,train
train_120205,train
train_120210,train
train_120211,train
train_120213,train
train_120214,train
train_120217,train
train_120218,train
train_120222,train
train_120223,train
train_120225,train
train_120228,train
train_120229,train
train_12023,train
train_120230,train
train_120233,train
train_120234,train
train_120235,train
train_120238,train
train_120241,train
train_120248,train
train_120252,train
train_120254,train
train_120255,train
train_120256,train
train_120257,train
train_120258,train
train_120261,train
train_120263,train
train_120264,train
train_120267,train
train_120268,train
train_120271,train
train_120272,train
train_120273,train
train_120274,train
train_120275,train
train_120277,train
train_120279,train
train_12028,train
train_120280,train
train_120282,train
train_120285,train
train_120286,train
train_120287,train
train_120291,train
train_120292,train
train_120293,train
train_120295,train
train_120299,train
train_120300,train
train_120304,train
train_120305,train
train_120306,train
train_120308,train
train_120310,train
train_12032,train
train_12035,train
train_12036,train
train_12037,train
train_12038,train
train_1204,train
train_12041,train
train_12042,train
train_12043,train
train_12044,train
train_12046,train
train_12049,train
train_1205,train
train_12051,train
train_12053,train
train_12054,train
train_12055,train
train_12056,train
train_12062,train
train_12065,train
train_12067,train
train_12070,train
train_12072,train
train_12074,train
train_12075,train
train_12076,train
train_12077,train
train_12079,train
train_12082,train
train_12085,train
train_12086,train
train_12087,train
train_12090,train
train_12093,train
train_12094,train
train_12095,train
train_12096,train
train_12098,train
train_1210,train
train_12100,train
train_12103,train
train_12104,train
train_12105,train
train_12109,train
train_12114,train
train_12117,train
train_1212,train
train_12120,train
train_12121,train
train_12123,train
train_12127,train
train_12129,train
train_1213,train
train_12130,train
train_12131,train
train_12134,train
train_12135,train
train_12138,train
train_12139,train
train_1214,train
train_12140,train
train_12141,train
train_12145,train
train_1215,train
train_12152,train
train_12153,train
train_12155,train
train_12157,train
train_12158,train
train_12161,train
train_12162,train
train_12164,train
train_12166,train
train_12167,train
train_12168,train
train_12169,train
train_1217,train
train_12172,train
train_12173,train
train_12174,train
train_12177,train
train_12179,train
train_1218,train
train_12181,train
train_12183,train
train_12185,train
train_12187,train
train_12188,train
train_1219,train
train_12191,train
train_12192,train
train_12194,train
train_12198,train
train_12199,train
train_122,train
train_1220,train
train_12200,train
train_12202,train
train_12205,train
train_12206,train
train_12208,train
train_12209,train
train_12211,train
train_12212,train
train_12213,train
train_12214,train
train_12216,train
train_12219,train
train_12222,train
train_12223,train
train_12224,train
train_12227,train
train_12229,train
train_12230,train
train_12232,train
train_12233,train
train_12236,train
train_12240,train
train_12241,train
train_12245,train
train_12247,train
train_1225,train
train_12250,train
train_12253,train
train_12255,train
train_12256,train
train_12260,train
train_12261,train
train_12263,train
train_12266,train
train_12269,train
train_1227,train
train_12270,train
train_12271,train
train_12272,train
train_12273,train
train_12277,train
train_12278,train
train_1228,train
train_12280,train
train_12284,train
train_12285,train
train_12286,train
train_12287,train
train_12288,train
train_12289,train
train_1229,train
train_12290,train
train_12291,train
train_12295,train
train_12296,train
train_12298,train
train_12299,train
train_12302,train
train_12303,train
train_12304,train
train_12305,train
train_12306,train
train_12307,train
train_12310,train
train_12311,train
train_12312,train
train_12313,train
train_12314,train
train_12315,train
train_12316,train
train_12317,train
train_1232,train
train_12321,train
train_12322,train
train_12324,train
train_12326,train
train_12327,train
train_12328,train
train_12329,train
train_1233,train
train_12330,train
train_12331,train
train_12333,train
train_12334,train
train_12335,train
train_12339,train
train_12341,train
train_12342,train
train_12344,train
train_12345,train
train_12351,train
train_12353,train
train_12355,train
train_12356,train
train_12358,train
train_1236,train
train_12360,train
train_12361,train
train_12362,train
train_12365,train
train_12366,train
train_12367,train
train_12368,train
train_12370,train
train_12372,train
train_12375,train
train_12376,train
train_12377,train
train_12379,train
train_12380,train
train_12383,train
train_12385,train
train_12386,train
train_12389,train
train_12390,train
train_12391,train
train_12392,train
train_12393,train
train_12396,train
train_12397,train
train_1240,train
train_12400,train
train_12401,train
train_12403,train
train_12405,train
train_12406,train
train_12408,train
train_12412,train
train_12413,train
train_12415,train
train_12417,train
train_1242,train
train_12420,train
train_12422,train
train_12424,train
train_12426,train
train_12427,train
train_12428,train
train_12429,train
train_12430,train
train_12431,train
train_12438,train
train_12440,train
train_12443,train
train_12445,train
train_12448,train
train_12449,train
train_1245,train
train_12450,train
train_12451,train
train_12452,train
train_12457,train
train_12458,train
train_12459,train
train_1246,train
train_12460,train
train_12461,train
train_12465,train
train_12467,train
train_12468,train
train_1247,train
train_12470,train
train_12471,train
train_12472,train
train_12473,train
train_12474,train
train_12475,train
train_12477,train
train_12479,train
train_12480,train
train_12481,train
train_12482,train
train_12484,train
train_12485,train
train_12487,train
train_12488,train
train_12489,train
train_12491,train
train_12492,train
train_12493,train
train_12494,train
train_12498,train
train_12499,train
train_125,train
train_12500,train
train_12502,train
train_12503,train
train_12504,train
train_12505,train
train_12506,train
train_12510,train
train_12514,train
train_12515,train
train_12517,train
train_12518,train
train_12519,train
train_1252,train
train_12520,train
train_12523,train
train_12525,train
train_12527,train
train_12528,train
train_12533,train
train_12535,train
train_12536,train
train_1254,train
train_12540,train
train_12542,train
train_12543,train
train_12544,train
train_1255,train
train_12550,train
train_12552,train
train_12553,train
train_12555,train
train_12556,train
train_12558,train
train_12559,train
train_12560,train
train_12564,train
train_12567,train
train_12568,train
train_12569,train
train_1257,train
train_12573,train
train_12575,train
train_12578,train
train_1258,train
train_12580,train
train_12582,train
train_12585,train
train_12588,train
train_12589,train
train_12590,train
train_12592,train
train_12593,train
train_12594,train
train_12596,train
train_12597,train
train_12599,train
train_12600,train
train_12604,train
train_12605,train
train_12610,train
train_12612,train
train_12613,train
train_12614,train
train_12617,train
train_12618,train
train_12621,train
train_12622,train
train_12623,train
train_12625,train
train_12626,train
train_12627,train
train_12629,train
train_1263,train
train_12631,train
train_12632,train
train_12634,train
train_12635,train
train_1264,train
train_12644,train
train_12647,train
train_12651,train
train_12652,train
train_12653,train
train_12654,train
train_12658,train
train_12662,train
train_12663,train
train_12665,train
train_12668,train
train_12669,train
train_1267,train
train_12670,train
train_12673,train
train_12674,train
train_12675,train
train_12678,train
train_12679,train
train_1268,train
train_12681,train
train_12683,train
train_12686,train
train_12687,train
train_12688,train
train_12689,train
train_12690,train
train_12691,train
train_12692,train
train_12695,train
train_12698,train
train_12699,train
train_127,train
train_1270,train
train_12701,train
train_12706,train
train_12709,train
train_1271,train
train_12710,train
train_12713,train
train_12714,train
train_12719,train
train_12720,train
train_12721,train
train_12722,train
train_12724,train
train_12725,train
train_12728,train
train_1273,train
train_12730,train
train_12734,train
train_12735,train
train_12736,train
train_12737,train
train_12739,train
train_1274,train
train_12741,train
train_12743,train
train_12744,train
train_12745,train
train_12750,train
train_12751,train
train_12753,train
train_12756,train
train_12759,train
train_12760,train
train_12761,train
train_12762,train
train_12764,train
train_12765,train
train_12766,train
train_12769,train
train_1277,train
train_12771,train
train_12772,train
train_12773,train
train_12774,train
train_12775,train
train_12776,train
train_12777,train
train_12781,train
train_12784,train
train_12788,train
train_12789,train
train_1279,train
train_12795,train
train_12796,train
train_12797,train
train_12798,train
train_12799,train
train_128,train
train_1280,train
train_12801,train
train_12803,train
train_12806,train
train_12808,train
train_12809,train
train_1281,train
train_12810,train
train_12811,train
train_12812,train
train_12813,train
train_12814,train
train_12815,train
train_12816,train
train_12817,train
train_12819,train
train_1282,train
train_12821,train
train_12823,train
train_12824,train
train_12825,train
train_12826,train
train_12828,train
train_12830,train
train_12832,train
train_12836,train
train_12838,train
train_12839,train
train_1284,train
train_12840,train
train_12841,train
train_12843,train
train_12845,train
train_12848,train
train_1285,train
train_12850,train
train_12851,train
train_12852,train
train_12854,train
train_12855,train
train_12856,train
train_12857,train
train_12858,train
train_12860,train
train_12863,train
train_12864,train
train_12866,train
train_12867,train
train_12869,train
train_1287,train
train_12872,train
train_12873,train
train_12875,train
train_12877,train
train_12881,train
train_12882,train
train_12884,train
train_12885,train
train_12887,train
train_12888,train
train_12889,train
train_12891,train
train_12892,train
train_12894,train
train_12895,train
train_12896,train
train_12897,train
train_12899,train
train_1290,train
train_12903,train
train_12904,train
train_12905,train
train_12906,train
train_12908,train
train_12909,train
train_1291,train
train_12910,train
train_12911,train
train_12913,train
train_12914,train
train_12915,train
train_12920,train
train_12921,train
train_12922,train
train_12925,train
train_12926,train
train_12927,train
train_12929,train
train_12930,train
train_12931,train
train_12932,train
train_12934,train
train_12935,train
train_12936,train
train_12937,train
train_12938,train
train_12945,train
train_12949,train
train_1295,train
train_12954,train
train_12955,train
train_12956,train
train_12958,train
train_12959,train
train_1296,train
train_12960,train
train_12964,train
train_12967,train
train_12969,train
train_1297,train
train_12971,train
train_12975,train
train_12978,train
train_12979,train
train_12980,train
train_12981,train
train_12983,train
train_12985,train
train_12987,train
train_12989,train
train_12991,train
train_12993,train
train_12997,train
train_12998,train
train_12999,train
train_13,train
train_130,train
train_1300,train
train_13004,train
train_13006,train
train_13007,train
train_1301,train
train_13012,train
train_13013,train
train_13015,train
train_13016,train
train_13017,train
train_13020,train
train_13021,train
train_13023,train
train_13024,train
train_13026,train
train_13030,train
train_13032,train
train_13033,train
train_13034,train
train_13039,train
train_1304,train
train_13044,train
train_13045,train
train_13046,train
train_13047,train
train_13048,train
train_13049,train
train_1305,train
train_13052,train
train_13055,train
train_13059,train
train_1306,train
train_13060,train
train_13061,train
train_13062,train
train_13063,train
train_13064,train
train_13065,train
train_13066,train
train_13068,train
train_13069,train
train_1307,train
train_13072,train
train_13073,train
train_13074,train
train_13076,train
train_13077,train
train_1308,train
train_13080,train
train_13083,train
train_13085,train
train_13086,train
train_13087,train
train_13089,train
train_13090,train
train_13091,train
train_13093,train
train_13094,train
train_13095,train
train_13096,train
train_13097,train
train_13099,train
train_131,train
train_1310,train
train_13100,train
train_13102,train
train_13104,train
train_13105,train
train_13106,train
train_13107,train
train_13108,train
train_13109,train
train_1311,train
train_13110,train
train_13111,train
train_1312,train
train_13122,train
train_13124,train
train_13125,train
train_13127,train
train_13129,train
train_13130,train
train_13131,train
train_13133,train
train_13134,train
train_13135,train
train_13136,train
train_13139,train
train_1314,train
train_13142,train
train_13143,train
train_13144,train
train_13146,train
train_13148,train
train_13149,train
train_1315,train
train_13151,train
train_13154,train
train_13155,train
train_13156,train
train_13157,train
train_13158,train
train_1316,train
train_13160,train
train_13161,train
train_13164,train
train_13165,train
train_13166,train
train_13167,train
train_13168,train
train_13169,train
train_13170,train
train_13172,train
train_13174,train
train_13175,train
train_1318,train
train_13181,train
train_13183,train
train_13184,train
train_13185,train
train_13186,train
train_13188,train
train_13189,train
train_1319,train
train_13192,train
train_13193,train
train_13194,train
train_13196,train
train_13198,train
train_132,train
train_13200,train
train_13203,train
train_13204,train
train_13205,train
train_13206,train
train_13208,train
train_13209,train
train_1321,train
train_13210,train
train_13212,train
train_13213,train
train_13214,train
train_13217,train
train_13218,train
train_13219,train
train_13220,train
train_13224,train
train_13225,train
train_13226,train
train_13228,train
train_13229,train
train_1323,train
train_13230,train
train_13232,train
train_13233,train
train_13234,train
train_13235,train
train_13236,train
train_13237,train
train_13238,train
train_13247,train
train_13248,train
train_1325,train
train_13251,train
train_13252,train
train_13253,train
train_13254,train
train_13257,train
train_13259,train
train_1326,train
train_13261,train
train_13263,train
train_13264,train
train_13273,train
train_13276,train
train_13279,train
train_1328,train
train_13281,train
train_13282,train
train_13283,train
train_13284,train
train_13285,train
train_13286,train
train_13287,train
train_13289,train
train_13292,train
train_13294,train
train_13295,train
train_13296,train
train_133,train
train_1330,train
train_13303,train
train_13305,train
train_13308,train
train_13311,train
train_13312,train
train_13315,train
train_13316,train
train_13321,train
train_13322,train
train_13324,train
train_13329,train
train_13330,train
train_13332,train
train_13335,train
train_13336,train
train_13337,train
train_1334,train
train_13340,train
train_13341,train
train_13342,train
train_13344,train
train_13345,train
train_13347,train
train_13348,train
train_1335,train
train_13355,train
train_13356,train
train_13358,train
train_13359,train
train_1336,train
train_13360,train
train_13362,train
train_13363,train
train_13365,train
train_13366,train
train_13370,train
train_13372,train
train_13377,train
train_13378,train
train_13379,train
train_13380,train
train_13383,train
train_13385,train
train_13388,train
train_13389,train
train_1339,train
train_13391,train
train_13392,train
train_13393,train
train_13394,train
train_13395,train
train_13396,train
train_13397,train
train_13398,train
train_134,train
train_1340,train
train_13403,train
train_13404,train
train_13409,train
train_13411,train
train_13412,train
train_13413,train
train_1342,train
train_13431,train
train_13437,train
train_13439,train
train_1344,train
train_13441,train
train_13445,train
train_13446,train
train_13463,train
train_13466,train
train_13467,train
train_1347,train
train_13472,train
train_13473,train
train_1348,train
train_13486,train
train_13487,train
train_13497,train
train_13498,train
train_135,train
train_13504,train
train_13506,train
train_13508,train
train_1351,train
train_13510,train
train_13511,train
train_13512,train
train_13514,train
train_13516,train
train_13517,train
train_13518,train
train_1352,train
train_13521,train
train_13522,train
train_13523,train
train_13524,train
train_13529,train
train_1353,train
train_13531,train
train_13533,train
train_13534,train
train_13535,train
train_13538,train
train_1354,train
train_13541,train
train_13542,train
train_13543,train
train_13544,train
train_13545,train
train_13546,train
train_13548,train
train_1355,train
train_13550,train
train_13554,train
train_13555,train
train_13557,train
train_13559,train
train_1356,train
train_13560,train
train_13561,train
train_13567,train
train_13568,train
train_1357,train
train_13570,train
train_13572,train
train_13573,train
train_13574,train
train_13575,train
train_13579,train
train_1358,train
train_13584,train
train_13589,train
train_1359,train
train_13592,train
train_13593,train
train_13596,train
train_13597,train
train_136,train
train_13600,train
train_13604,train
train_13607,train
train_13608,train
train_13609,train
train_1361,train
train_13610,train
train_13611,train
train_13613,train
train_13614,train
train_13615,train
train_13616,train
train_13618,train
train_13626,train
train_13628,train
train_13629,train
train_1363,train
train_13632,train
train_13633,train
train_13635,train
train_13636,train
train_13638,train
train_1364,train
train_13641,train
train_13644,train
train_13645,train
train_13646,train
train_13650,train
train_13652,train
train_13654,train
train_13655,train
train_1366,train
train_13662,train
train_13664,train
train_13668,train
train_13669,train
train_13670,train
train_13671,train
train_13672,train
train_13674,train
train_13676,train
train_13681,train
train_13682,train
train_13685,train
train_13689,train
train_13691,train
train_13692,train
train_13693,train
train_13694,train
train_13695,train
train_13696,train
train_13697,train
train_13698,train
train_1370,train
train_13704,train
train_13705,train
train_13706,train
train_1371,train
train_13710,train
train_13712,train
train_13718,train
train_13719,train
train_13721,train
train_13722,train
train_13724,train
train_13725,train
train_13727,train
train_13728,train
train_13729,train
train_13730,train
train_13735,train
train_13737,train
train_13738,train
train_1374,train
train_13740,train
train_13741,train
train_13742,train
train_13743,train
train_13745,train
train_13748,train
train_1375,train
train_13751,train
train_13753,train
train_13754,train
train_13755,train
train_13757,train
train_13760,train
train_13762,train
train_13763,train
train_13765,train
train_13769,train
train_13771,train
train_13772,train
train_13773,train
train_13774,train
train_13776,train
train_1378,train
train_13784,train
train_13785,train
train_13786,train
train_13787,train
train_1379,train
train_13791,train
train_13792,train
train_13793,train
train_13795,train
train_13796,train
train_13797,train
train_13798,train
train_138,train
train_13800,train
train_13801,train
train_13804,train
train_13805,train
train_13808,train
train_13809,train
train_13812,train
train_13813,train
train_13814,train
train_13815,train
train_13816,train
train_13817,train
train_13818,train
train_13819,train
train_1382,train
train_13820,train
train_13821,train
train_13822,train
train_13830,train
train_13832,train
train_13833,train
train_13834,train
train_13835,train
train_13836,train
train_13837,train
train_13838,train
train_1384,train
train_13840,train
train_13843,train
train_13845,train
train_13846,train
train_13847,train
train_13848,train
train_13850,train
train_13851,train
train_13853,train
train_13857,train
train_1386,train
train_13861,train
train_13862,train
train_13863,train
train_13865,train
train_13867,train
train_13869,train
train_1387,train
train_13870,train
train_13871,train
train_13872,train
train_13874,train
train_13875,train
train_13878,train
train_13883,train
train_13884,train
train_13887,train
train_13892,train
train_13894,train
train_13896,train
train_139,train
train_1390,train
train_13900,train
train_13901,train
train_13902,train
train_13904,train
train_13907,train
train_13909,train
train_1391,train
train_13910,train
train_13911,train
train_13913,train
train_13915,train
train_13917,train
train_13919,train
train_1392,train
train_13922,train
train_13923,train
train_13926,train
train_13927,train
train_13929,train
train_1393,train
train_13930,train
train_13931,train
train_13935,train
train_13936,train
train_13937,train
train_13938,train
train_13939,train
train_13940,train
train_13943,train
train_13946,train
train_13948,train
train_13949,train
train_1395,train
train_13950,train
train_13951,train
train_13956,train
train_13959,train
train_1396,train
train_13960,train
train_13968,train
train_13971,train
train_13976,train
train_1398,train
train_13980,train
train_13981,train
train_13984,train
train_13988,train
train_13991,train
train_13992,train
train_13993,train
train_13995,train
train_13999,train
train_140,train
train_1400,train
train_14002,train
train_14003,train
train_14005,train
train_14006,train
train_14007,train
train_14008,train
train_14011,train
train_14012,train
train_14017,train
train_1402,train
train_14022,train
train_14023,train
train_14024,train
train_14026,train
train_14029,train
train_14030,train
train_14031,train
train_14034,train
train_14036,train
train_14041,train
train_14042,train
train_14044,train
train_14045,train
train_14047,train
train_14049,train
train_14050,train
train_14052,train
train_14053,train
train_14057,train
train_14058,train
train_14059,train
train_1406,train
train_14061,train
train_14065,train
train_14066,train
train_14068,train
train_14069,train
train_14073,train
train_14076,train
train_14079,train
train_1408,train
train_14081,train
train_14083,train
train_14086,train
train_14087,train
train_14089,train
train_1409,train
train_14093,train
train_14094,train
train_141,train
train_1410,train
train_14101,train
train_14102,train
train_14105,train
train_14106,train
train_14114,train
train_14116,train
train_14119,train
train_14120,train
train_14126,train
train_14127,train
train_14128,train
train_14129,train
train_1413,train
train_14131,train
train_14133,train
train_14135,train
train_14136,train
train_14137,train
train_14139,train
train_1414,train
train_14141,train
train_14144,train
train_14145,train
train_14146,train
train_14147,train
train_1415,train
train_14153,train
train_14154,train
train_14155,train
train_14156,train
train_14157,train
train_14158,train
train_14159,train
train_1416,train
train_14161,train
train_14162,train
train_14163,train
train_14165,train
train_14167,train
train_14171,train
train_14172,train
train_14176,train
train_14181,train
train_14186,train
train_14187,train
train_14191,train
train_14193,train
train_14194,train
train_14195,train
train_14196,train
train_14197,train
train_142,train
train_14201,train
train_14203,train
train_14204,train
train_14206,train
train_14207,train
train_14208,train
train_14209,train
train_1421,train
train_14210,train
train_14211,train
train_14217,train
train_14220,train
train_14222,train
train_14224,train
train_14225,train
train_14226,train
train_14228,train
train_1423,train
train_14230,train
train_14232,train
train_14233,train
train_14235,train
train_14236,train
train_14237,train
train_14238,train
train_14239,train
train_14241,train
train_14242,train
train_14244,train
train_14246,train
train_14248,train
train_14254,train
train_14257,train
train_14258,train
train_1426,train
train_14260,train
train_14261,train
train_14262,train
train_14264,train
train_14267,train
train_14268,train
train_14269,train
train_14270,train
train_14273,train
train_14276,train
train_1428,train
train_14281,train
train_14282,train
train_14285,train
train_14287,train
train_1429,train
train_14290,train
train_14291,train
train_14295,train
train_14296,train
train_14300,train
train_14302,train
train_14303,train
train_14305,train
train_14306,train
train_14307,train
train_14312,train
train_14313,train
train_14316,train
train_14317,train
train_14318,train
train_14319,train
train_14320,train
train_14324,train
train_14325,train
train_14326,train
train_14329,train
train_14330,train
train_14332,train
train_14333,train
train_14337,train
train_14339,train
train_14341,train
train_14342,train
train_14344,train
train_14345,train
train_14346,train
train_14347,train
train_14348,train
train_14350,train
train_14352,train
train_14353,train
train_14354,train
train_14357,train
train_14358,train
train_14361,train
train_14363,train
train_14364,train
train_14366,train
train_14367,train
train_14368,train
train_1437,train
train_14372,train
train_14376,train
train_14378,train
train_14379,train
train_14380,train
train_14381,train
train_14383,train
train_14386,train
train_14388,train
train_14391,train
train_14393,train
train_14394,train
train_14395,train
train_14396,train
train_14399,train
train_144,train
train_14400,train
train_14402,train
train_14404,train
train_14406,train
train_14407,train
train_14409,train
train_14410,train
train_14415,train
train_14416,train
train_14419,train
train_1442,train
train_14422,train
train_14430,train
train_14436,train
train_14441,train
train_14444,train
train_14447,train
train_14449,train
train_1445,train
train_14450,train
train_14452,train
train_14453,train
train_14455,train
train_14456,train
train_14457,train
train_14460,train
train_14461,train
train_14462,train
train_14464,train
train_14465,train
train_14469,train
train_14470,train
train_14473,train
train_14474,train
train_14476,train
train_14477,train
train_14479,train
train_14480,train
train_14484,train
train_14486,train
train_14487,train
train_14488,train
train_14489,train
train_14490,train
train_14492,train
train_14493,train
train_14496,train
train_14497,train
train_14499,train
train_145,train
train_1450,train
train_14500,train
train_14501,train
train_14502,train
train_14503,train
train_14505,train
train_14511,train
train_14513,train
train_14515,train
train_14518,train
train_14519,train
train_14521,train
train_14523,train
train_14524,train
train_14525,train
train_14527,train
train_14528,train
train_14532,train
train_14534,train
train_14535,train
train_14536,train
train_14537,train
train_14538,train
train_14539,train
train_14540,train
train_14542,train
train_14545,train
train_14549,train
train_14552,train
train_14554,train
train_14556,train
train_14558,train
train_14561,train
train_14566,train
train_14568,train
train_14570,train
train_14574,train
train_14575,train
train_14576,train
train_14581,train
train_14583,train
train_14585,train
train_14586,train
train_14587,train
train_14588,train
train_1459,train
train_14591,train
train_14592,train
train_14594,train
train_14595,train
train_14596,train
train_14598,train
train_146,train
train_14602,train
train_14607,train
train_14608,train
train_14609,train
train_14610,train
train_14611,train
train_14614,train
train_14615,train
train_14616,train
train_14618,train
train_14621,train
train_14624,train
train_14626,train
train_14628,train
train_14629,train
train_14630,train
train_14632,train
train_14633,train
train_14634,train
train_14635,train
train_14637,train
train_14640,train
train_14641,train
train_14642,train
train_14643,train
train_14644,train
train_14645,train
train_14648,train
train_14649,train
train_14651,train
train_14653,train
train_14656,train
train_14657,train
train_14658,train
train_14659,train
train_14660,train
train_14661,train
train_14663,train
train_14665,train
train_14666,train
train_14667,train
train_14668,train
train_14673,train
train_14674,train
train_14675,train
train_14677,train
train_14678,train
train_14679,train
train_14680,train
train_14682,train
train_14684,train
train_14687,train
train_14691,train
train_14693,train
train_14694,train
train_14695,train
train_14696,train
train_14698,train
train_14699,train
train_1470,train
train_14700,train
train_14701,train
train_14705,train
train_14711,train
train_14712,train
train_14719,train
train_14721,train
train_14724,train
train_14735,train
train_14738,train
train_14740,train
train_14741,train
train_14743,train
train_14744,train
train_14746,train
train_14747,train
train_14750,train
train_14753,train
train_14755,train
train_14756,train
train_14757,train
train_14758,train
train_14759,train
train_14761,train
train_14762,train
train_14763,train
train_14765,train
train_14767,train
train_14768,train
train_14769,train
train_14770,train
train_14771,train
train_14773,train
train_14774,train
train_14777,train
train_14779,train
train_1478,train
train_14782,train
train_14788,train
train_14789,train
train_14790,train
train_14792,train
train_14795,train
train_14797,train
train_14799,train
train_148,train
train_14800,train
train_14803,train
train_14804,train
train_14805,train
train_14806,train
train_14807,train
train_14811,train
train_14812,train
train_14813,train
train_14814,train
train_14815,train
train_14821,train
train_14822,train
train_14828,train
train_14829,train
train_14833,train
train_14834,train
train_14835,train
train_14836,train
train_14839,train
train_14840,train
train_14844,train
train_14845,train
train_14847,train
train_14851,train
train_14852,train
train_14853,train
train_14856,train
train_14857,train
train_14858,train
train_14859,train
train_14863,train
train_14865,train
train_14866,train
train_14867,train
train_14868,train
train_14869,train
train_14870,train
train_14880,train
train_14882,train
train_14883,train
train_14884,train
train_14888,train
train_1489,train
train_14890,train
train_14891,train
train_14893,train
train_14898,train
train_149,train
train_1490,train
train_14900,train
train_14901,train
train_14902,train
train_14904,train
train_14907,train
train_14909,train
train_1491,train
train_14910,train
train_14912,train
train_14913,train
train_14915,train
train_14916,train
train_1492,train
train_14920,train
train_14921,train
train_14922,train
train_14925,train
train_14926,train
train_14927,train
train_14930,train
train_14931,train
train_14932,train
train_14933,train
train_14935,train
train_14941,train
train_14946,train
train_14947,train
train_14950,train
train_14952,train
train_14953,train
train_14958,train
train_14959,train
train_14960,train
train_14961,train
train_14962,train
train_14963,train
train_14964,train
train_14965,train
train_14966,train
train_14967,train
train_14969,train
train_1497,train
train_14970,train
train_14971,train
train_14972,train
train_14974,train
train_14975,train
train_14978,train
train_14979,train
train_14981,train
train_14986,train
train_14987,train
train_14988,train
train_14989,train
train_14990,train
train_14991,train
train_14992,train
train_14995,train
train_14996,train
train_15,train
train_1501,train
train_1504,train
train_1507,train
train_1508,train
train_1514,train
train_1524,train
train_1527,train
train_153,train
train_1535,train
train_154,train
train_1540,train
train_1543,train
train_1549,train
train_155,train
train_1550,train
train_1554,train
train_1555,train
train_1556,train
train_1560,train
train_1561,train
train_1566,train
train_1567,train
train_157,train
train_1572,train
train_1573,train
train_1574,train
train_1578,train
train_158,train
train_1580,train
train_1581,train
train_1582,train
train_1583,train
train_1585,train
train_1588,train
train_159,train
train_1592,train
train_1595,train
train_1596,train
train_1597,train
train_1598,train
train_1599,train
train_1600,train
train_1601,train
train_1602,train
train_1603,train
train_1605,train
train_1606,train
train_1607,train
train_1609,train
train_161,train
train_1611,train
train_1615,train
train_1616,train
train_1617,train
train_1618,train
train_162,train
train_1620,train
train_1621,train
train_1622,train
train_1624,train
train_1627,train
train_1628,train
train_1630,train
train_1632,train
train_1634,train
train_1636,train
train_1638,train
train_1639,train
train_1642,train
train_1644,train
train_1645,train
train_1646,train
train_1647,train
train_1649,train
train_165,train
train_1651,train
train_1653,train
train_1654,train
train_1657,train
train_1662,train
train_1663,train
train_1665,train
train_167,train
train_1672,train
train_1673,train
train_168,train
train_1681,train
train_1682,train
train_1683,train
train_1684,train
train_1686,train
train_1689,train
train_1692,train
train_1693,train
train_1694,train
train_1695,train
train_1698,train
train_1699,train
train_170,train
train_1700,train
train_1702,train
train_1706,train
train_1707,train
train_1708,train
train_1709,train
train_1710,train
train_1711,train
train_1712,train
train_1713,train
train_1718,train
train_1721,train
train_1722,train
train_1726,train
train_1727,train
train_1729,train
train_1730,train
train_1732,train
train_1735,train
train_1738,train
train_1739,train
train_1740,train
train_1742,train
train_1743,train
train_1744,train
train_1746,train
train_175,train
train_1751,train
train_1753,train
train_1758,train
train_1759,train
train_176,train
train_1764,train
train_1765,train
train_1766,train
train_1767,train
train_1769,train
train_177,train
train_1770,train
train_1771,train
train_1772,train
train_1773,train
train_1776,train
train_1778,train
train_1779,train
train_178,train
train_1780,train
train_1781,train
train_1782,train
train_1783,train
train_1784,train
train_1785,train
train_1787,train
train_1789,train
train_1791,train
train_1797,train
train_1799,train
train_18,train
train_1807,train
train_1809,train
train_1815,train
train_1819,train
train_182,train
train_1820,train
train_1824,train
train_1826,train
train_1827,train
train_1829,train
train_183,train
train_1834,train
train_1836,train
train_1837,train
train_1838,train
train_184,train
train_1841,train
train_1842,train
train_1843,train
train_1844,train
train_1848,train
train_1849,train
train_185,train
train_1850,train
train_1851,train
train_1852,train
train_1853,train
train_1856,train
train_1858,train
train_186,train
train_1860,train
train_1862,train
train_1863,train
train_1864,train
train_1866,train
train_1867,train
train_1868,train
train_187,train
train_1870,train
train_1871,train
train_1872,train
train_1875,train
train_1876,train
train_1878,train
train_188,train
train_1882,train
train_1886,train
train_1891,train
train_1894,train
train_1895,train
train_1899,train
train_190,train
train_1901,train
train_1903,train
train_1904,train
train_1905,train
train_1906,train
train_1907,train
train_1909,train
train_1910,train
train_1913,train
train_1914,train
train_1915,train
train_1916,train
train_1918,train
train_1919,train
train_1921,train
train_1923,train
train_1924,train
train_1926,train
train_1928,train
train_1929,train
train_193,train
train_1930,train
train_1931,train
train_1933,train
train_1934,train
train_1935,train
train_1937,train
train_1938,train
train_1939,train
train_1940,train
train_1941,train
train_1942,train
train_1943,train
train_1944,train
train_1945,train
train_1946,train
train_1949,train
train_195,train
train_1950,train
train_1952,train
train_1953,train
train_1954,train
train_1956,train
train_1959,train
train_196,train
train_1960,train
train_1962,train
train_1965,train
train_1968,train
train_197,train
train_1970,train
train_1973,train
train_1975,train
train_1977,train
train_1978,train
train_1979,train
train_1980,train
train_1981,train
train_1982,train
train_1983,train
train_1984,train
train_1986,train
train_1993,train
train_1994,train
train_2,train
train_20,train
train_2000,train
train_2001,train
train_2006,train
train_2007,train
train_2008,train
train_201,train
train_2010,train
train_2011,train
train_2013,train
train_2018,train
train_2019,train
train_202,train
train_2023,train
train_2025,train
train_2026,train
train_2027,train
train_203,train
train_2032,train
train_2035,train
train_2039,train
train_204,train
train_2040,train
train_2041,train
train_2042,train
train_2043,train
train_2044,train
train_2045,train
train_2046,train
train_2047,train
train_2048,train
train_2049,train
train_2050,train
train_2051,train
train_2052,train
train_2053,train
train_2054,train
train_2055,train
train_2056,train
train_2057,train
train_2058,train
train_2060,train
train_2061,train
train_2065,train
train_2067,train
train_2069,train
train_2070,train
train_2071,train
train_2072,train
train_2073,train
train_2075,train
train_2080,train
train_2081,train
train_2084,train
train_2091,train
train_2093,train
train_2098,train
train_21,train
train_210,train
train_2100,train
train_2101,train
train_2102,train
train_2103,train
train_2104,train
train_2105,train
train_2107,train
train_2108,train
train_2109,train
train_2113,train
train_2115,train
train_2116,train
train_2117,train
train_2123,train
train_2124,train
train_2125,train
train_2128,train
train_2129,train
train_2130,train
train_2131,train
train_2133,train
train_2134,train
train_2135,train
train_2136,train
train_2137,train
train_2139,train
train_2140,train
train_2143,train
train_215,train
train_2152,train
train_2153,train
train_2156,train
train_2159,train
train_2162,train
train_2163,train
train_2164,train
train_2165,train
train_2168,train
train_2169,train
train_2171,train
train_2172,train
train_2174,train
train_2176,train
train_2177,train
train_2178,train
train_218,train
train_2180,train
train_2181,train
train_2182,train
train_2186,train
train_2192,train
train_2195,train
train_2196,train
train_2197,train
train_2198,train
train_2199,train
train_2201,train
train_2202,train
train_2203,train
train_2206,train
train_2208,train
train_2210,train
train_2212,train
train_2213,train
train_2215,train
train_2216,train
train_2221,train
train_2224,train
train_2225,train
train_2226,train
train_2227,train
train_2228,train
train_223,train
train_2230,train
train_2232,train
train_2233,train
train_2234,train
train_2235,train
train_2236,train
train_2238,train
train_2239,train
train_2240,train
train_2241,train
train_2245,train
train_2246,train
train_2247,train
train_2249,train
train_2250,train
train_2252,train
train_2253,train
train_2256,train
train_2258,train
train_226,train
train_2263,train
train_2265,train
train_2266,train
train_2268,train
train_2269,train
train_227,train
train_2270,train
train_2272,train
train_2273,train
train_2274,train
train_2277,train
train_2278,train
train_2279,train
train_228,train
train_2280,train
train_2281,train
train_2285,train
train_229,train
train_2290,train
train_2291,train
train_2292,train
train_2293,train
train_2296,train
train_2297,train
train_2298,train
train_2299,train
train_230,train
train_2301,train
train_2302,train
train_2305,train
train_2306,train
train_2307,train
train_2311,train
train_2314,train
train_2315,train
train_2318,train
train_2319,train
train_232,train
train_2321,train
train_2322,train
train_2327,train
train_2328,train
train_2330,train
train_2331,train
train_2332,train
train_2333,train
train_2335,train
train_2336,train
train_2337,train
train_234,train
train_2341,train
train_2343,train
train_2345,train
train_2347,train
train_2348,train
train_2351,train
train_2352,train
train_2355,train
train_2356,train
train_2358,train
train_2359,train
train_236,train
train_2360,train
train_2361,train
train_2368,train
train_237,train
train_2370,train
train_2372,train
train_2373,train
train_2378,train
train_2379,train
train_238,train
train_2381,train
train_2382,train
train_2383,train
train_2384,train
train_2386,train
train_2387,train
train_2388,train
train_2389,train
train_2392,train
train_2395,train
train_2396,train
train_2399,train
train_24,train
train_2400,train
train_2401,train
train_2403,train
train_2404,train
train_2405,train
train_2406,train
train_2407,train
train_2410,train
train_2411,train
train_2415,train
train_2417,train
train_242,train
train_2421,train
train_2422,train
train_2423,train
train_2424,train
train_2426,train
train_243,train
train_2439,train
train_244,train
train_2442,train
train_2444,train
train_2445,train
train_2446,train
train_2447,train
train_2448,train
train_2449,train
train_245,train
train_2453,train
train_2454,train
train_2455,train
train_2456,train
train_2458,train
train_2459,train
train_2460,train
train_2461,train
train_2464,train
train_2465,train
train_2466,train
train_2468,train
train_2469,train
train_2471,train
train_2472,train
train_2473,train
train_2475,train
train_2478,train
train_2480,train
train_2485,train
train_2486,train
train_2487,train
train_2488,train
train_2489,train
train_249,train
train_2490,train
train_2497,train
train_2498,train
train_25,train
train_250,train
train_2504,train
train_2505,train
train_2506,train
train_2507,train
train_251,train
train_2516,train
train_2517,train
train_2518,train
train_2519,train
train_252,train
train_2521,train
train_2523,train
train_2524,train
train_2525,train
train_2527,train
train_2528,train
train_2529,train
train_253,train
train_2531,train
train_2535,train
train_2537,train
train_2540,train
train_2541,train
train_2543,train
train_2547,train
train_2551,train
train_2553,train
train_2554,train
train_2555,train
train_2556,train
train_2558,train
train_2559,train
train_256,train
train_2560,train
train_2562,train
train_2564,train
train_2565,train
train_2567,train
train_2568,train
train_257,train
train_2570,train
train_2572,train
train_2573,train
train_2578,train
train_2579,train
train_258,train
train_2580,train
train_2582,train
train_2587,train
train_2589,train
train_2596,train
train_2598,train
train_2599,train
train_26,train
train_260,train
train_2600,train
train_2603,train
train_2607,train
train_2609,train
train_261,train
train_2610,train
train_2611,train
train_2612,train
train_2613,train
train_2615,train
train_2616,train
train_2617,train
train_2618,train
train_262,train
train_2621,train
train_2622,train
train_2623,train
train_2624,train
train_2627,train
train_2630,train
train_2631,train
train_2633,train
train_2635,train
train_2636,train
train_264,train
train_2640,train
train_2641,train
train_2642,train
train_2643,train
train_2645,train
train_2647,train
train_2648,train
train_2649,train
train_265,train
train_2651,train
train_2652,train
train_2653,train
train_2657,train
train_266,train
train_2664,train
train_2665,train
train_2666,train
train_2668,train
train_2672,train
train_2673,train
train_2676,train
train_2680,train
train_2684,train
train_2685,train
train_2687,train
train_2688,train
train_2690,train
train_2691,train
train_2693,train
train_2694,train
train_2695,train
train_2698,train
train_2699,train
train_27,train
train_270,train
train_2709,train
train_2710,train
train_2712,train
train_2714,train
train_2715,train
train_2716,train
train_2717,train
train_2718,train
train_272,train
train_2722,train
train_2725,train
train_2728,train
train_2729,train
train_273,train
train_2730,train
train_2731,train
train_2734,train
train_2737,train
train_2738,train
train_2739,train
train_2740,train
train_2742,train
train_2744,train
train_2745,train
train_2747,train
train_2749,train
train_2750,train
train_2751,train
train_2754,train
train_2755,train
train_2756,train
train_2757,train
train_2758,train
train_276,train
train_2761,train
train_2762,train
train_2764,train
train_2765,train
train_2767,train
train_2768,train
train_2769,train
train_2770,train
train_2772,train
train_2773,train
train_2775,train
train_2776,train
train_2777,train
train_2778,train
train_2780,train
train_2781,train
train_2783,train
train_2784,train
train_2785,train
train_2786,train
train_2791,train
train_2792,train
train_2793,train
train_2796,train
train_280,train
train_2804,train
train_2805,train
train_2806,train
train_2807,train
train_2808,train
train_2810,train
train_2812,train
train_2813,train
train_2814,train
train_2815,train
train_2816,train
train_2818,train
train_2819,train
train_2820,train
train_2821,train
train_2822,train
train_2823,train
train_2824,train
train_2825,train
train_2827,train
train_2828,train
train_283,train
train_2831,train
train_2833,train
train_2834,train
train_2837,train
train_2838,train
train_2839,train
train_2840,train
train_2841,train
train_2842,train
train_2843,train
train_2844,train
train_2845,train
train_2846,train
train_2847,train
train_2848,train
train_285,train
train_2850,train
train_2851,train
train_2852,train
train_2853,train
train_2857,train
train_2858,train
train_286,train
train_2861,train
train_2863,train
train_2864,train
train_2865,train
train_2866,train
train_2867,train
train_2868,train
train_287,train
train_2871,train
train_2872,train
train_2873,train
train_2875,train
train_2876,train
train_2879,train
train_288,train
train_2881,train
train_2882,train
train_2884,train
train_2887,train
train_2888,train
train_2889,train
train_2890,train
train_2891,train
train_2893,train
train_2895,train
train_2896,train
train_2897,train
train_2899,train
train_29,train
train_2901,train
train_2902,train
train_2903,train
train_2905,train
train_2906,train
train_2907,train
train_2908,train
train_2910,train
train_2911,train
train_2912,train
train_2915,train
train_2916,train
train_2918,train
train_2919,train
train_292,train
train_2920,train
train_2921,train
train_2922,train
train_2925,train
train_2926,train
train_2928,train
train_293,train
train_2932,train
train_2933,train
train_2934,train
train_2936,train
train_2939,train
train_294,train
train_2941,train
train_2942,train
train_2944,train
train_2948,train
train_295,train
train_2950,train
train_2954,train
train_2956,train
train_2957,train
train_2958,train
train_2959,train
train_296,train
train_2961,train
train_2962,train
train_2963,train
train_2965,train
train_2968,train
train_2969,train
train_297,train
train_2970,train
train_2973,train
train_2974,train
train_2975,train
train_2976,train
train_298,train
train_2980,train
train_2981,train
train_2982,train
train_2983,train
train_2986,train
train_2988,train
train_2989,train
train_299,train
train_2990,train
train_2992,train
train_2993,train
train_2996,train
train_2997,train
train_2999,train
train_30,train
train_300018,train
train_300027,train
train_300031,train
train_300039,train
train_300043,train
train_300045,train
train_300047,train
train_300049,train
train_300052,train
train_300063,train
train_300068,train
train_300072,train
train_300079,train
train_300080,train
train_300082,train
train_300089,train
train_300094,train
train_300098,train
train_300099,train
train_3001,train
train_300101,train
train_300116,train
train_300117,train
train_300124,train
train_300129,train
train_300138,train
train_300162,train
train_300163,train
train_300170,train
train_300176,train
train_300183,train
train_300189,train
train_300191,train
train_300197,train
train_300200,train
train_300202,train
train_300209,train
train_300214,train
train_300215,train
train_300222,train
train_300224,train
train_300229,train
train_300230,train
train_300246,train
train_300267,train
train_300269,train
train_300272,train
train_300276,train
train_300277,train
train_300281,train
train_300282,train
train_300285,train
train_300298,train
train_300302,train
train_300315,train
train_300324,train
train_300326,train
train_300331,train
train_300338,train
train_300339,train
train_300343,train
train_300351,train
train_300373,train
train_300379,train
train_300382,train
train_300384,train
train_300386,train
train_300389,train
train_3004,train
train_300401,train
train_300403,train
train_300405,train
train_300407,train
train_300412,train
train_300417,train
train_300419,train
train_300422,train
train_300426,train
train_300427,train
train_300433,train
train_300440,train
train_300448,train
train_300451,train
train_300461,train
train_300465,train
train_300466,train
train_300467,train
train_300468,train
train_300471,train
train_300474,train
train_300480,train
train_300482,train
train_300494,train
train_3005,train
train_300502,train
train_300510,train
train_300515,train
train_300517,train
train_300524,train
train_300527,train
train_300530,train
train_300534,train
train_300547,train
train_300549,train
train_300553,train
train_300554,train
train_300558,train
train_300568,train
train_300581,train
train_300586,train
train_300587,train
train_300604,train
train_300607,train
train_300609,train
train_300610,train
train_300613,train
train_300620,train
train_300632,train
train_300635,train
train_300636,train
train_300641,train
train_300648,train
train_300652,train
train_300655,train
train_300660,train
train_300662,train
train_300663,train
train_300667,train
train_300670,train
train_300674,train
train_300678,train
train_300679,train
train_300686,train
train_300688,train
train_300696,train
train_300701,train
train_300703,train
train_300705,train
train_300706,train
train_300707,train
train_300709,train
train_300718,train
train_300719,train
train_300725,train
train_300728,train
train_300746,train
train_300753,train
train_300754,train
train_300755,train
train_300756,train
train_300759,train
train_300764,train
train_300767,train
train_300768,train
train_300783,train
train_300792,train
train_300793,train
train_300794,train
train_300798,train
train_300799,train
train_3008,train
train_300801,train
train_300804,train
train_300811,train
train_300812,train
train_300825,train
train_300832,train
train_300836,train
train_300838,train
train_300842,train
train_300847,train
train_300854,train
train_300857,train
train_300864,train
train_300866,train
train_300875,train
train_300877,train
train_300883,train
train_300884,train
train_300885,train
train_300891,train
train_300907,train
train_300910,train
train_300911,train
train_300913,train
train_300914,train
train_300916,train
train_300924,train
train_300925,train
train_300926,train
train_300931,train
train_300935,train
train_300938,train
train_300946,train
train_300947,train
train_300950,train
train_300952,train
train_300961,train
train_300964,train
train_300978,train
train_300979,train
train_300985,train
train_300987,train
train_300988,train
train_300995,train
train_300997,train
train_301,train
train_301001,train
train_301003,train
train_301006,train
train_301015,train
train_301021,train
train_301022,train
train_301031,train
train_301041,train
train_301047,train
train_301052,train
train_301056,train
train_301066,train
train_301071,train
train_301075,train
train_301084,train
train_301088,train
train_301091,train
train_301097,train
train_301099,train
train_3011,train
train_301100,train
train_301106,train
train_301112,train
train_301124,train
train_301134,train
train_301147,train
train_301155,train
train_301159,train
train_301177,train
train_301183,train
train_301193,train
train_301197,train
train_301200,train
train_301203,train
train_301210,train
train_301213,train
train_301224,train
train_301228,train
train_301234,train
train_301245,train
train_301249,train
train_301256,train
train_301265,train
train_301271,train
train_301272,train
train_301274,train
train_301293,train
train_301297,train
train_301303,train
train_301305,train
train_301319,train
train_301325,train
train_301328,train
train_301340,train
train_301349,train
train_301357,train
train_301360,train
train_301368,train
train_301371,train
train_301372,train
train_301378,train
train_301379,train
train_301385,train
train_301386,train
train_301388,train
train_301389,train
train_3014,train
train_301401,train
train_301404,train
train_301415,train
train_301444,train
train_301445,train
train_301446,train
train_301464,train
train_301479,train
train_301483,train
train_301488,train
train_301492,train
train_3015,train
train_301502,train
train_301504,train
train_301505,train
train_301508,train
train_301514,train
train_301520,train
train_301522,train
train_301527,train
train_301528,train
train_301532,train
train_301546,train
train_301551,train
train_301553,train
train_301560,train
train_301563,train
train_301564,train
train_301569,train
train_301571,train
train_301573,train
train_301577,train
train_301581,train
train_301582,train
train_301590,train
train_301602,train
train_301603,train
train_301611,train
train_301612,train
train_301614,train
train_301621,train
train_301623,train
train_301624,train
train_301627,train
train_301629,train
train_301631,train
train_301639,train
train_301649,train
train_301659,train
train_301664,train
train_301677,train
train_301681,train
train_301684,train
train_301689,train
train_301690,train
train_3017,train
train_301705,train
train_301715,train
train_301737,train
train_301740,train
train_301744,train
train_301760,train
train_301768,train
train_301772,train
train_301797,train
train_301802,train
train_301803,train
train_301809,train
train_301812,train
train_301815,train
train_301817,train
train_301820,train
train_301829,train
train_301830,train
train_301831,train
train_301833,train
train_301835,train
train_301838,train
train_301844,train
train_301845,train
train_301850,train
train_301853,train
train_301865,train
train_301899,train
train_3019,train
train_301902,train
train_301904,train
train_301905,train
train_301906,train
train_301907,train
train_301915,train
train_301916,train
train_301918,train
train_301925,train
train_301929,train
train_301935,train
train_301944,train
train_301948,train
train_301949,train
train_301951,train
train_301967,train
train_301974,train
train_301979,train
train_301991,train
train_301997,train
train_301999,train
train_302026,train
train_302027,train
train_302028,train
train_302032,train
train_302041,train
train_302042,train
train_302051,train
train_302052,train
train_302053,train
train_302056,train
train_302059,train
train_302063,train
train_302077,train
train_302080,train
train_302085,train
train_302087,train
train_302092,train
train_302095,train
train_302097,train
train_302099,train
train_3021,train
train_302102,train
train_302107,train
train_302111,train
train_302125,train
train_302127,train
train_302128,train
train_302133,train
train_302139,train
train_302140,train
train_302143,train
train_302146,train
train_302148,train
train_302153,train
train_302158,train
train_302162,train
train_302164,train
train_302166,train
train_302170,train
train_302177,train
train_302184,train
train_302187,train
train_302195,train
train_302199,train
train_3022,train
train_302201,train
train_302204,train
train_302210,train
train_302212,train
train_302218,train
train_302228,train
train_302233,train
train_302237,train
train_302238,train
train_302246,train
train_302257,train
train_302258,train
train_302262,train
train_302263,train
train_302265,train
train_302266,train
train_302268,train
train_302270,train
train_302275,train
train_302278,train
train_302279,train
train_302282,train
train_302284,train
train_302292,train
train_302294,train
train_3023,train
train_302308,train
train_302311,train
train_302317,train
train_302318,train
train_302319,train
train_302329,train
train_302343,train
train_302345,train
train_302346,train
train_302356,train
train_302358,train
train_302361,train
train_302363,train
train_302365,train
train_302369,train
train_302382,train
train_302386,train
train_302387,train
train_302389,train
train_302390,train
train_302392,train
train_302394,train
train_302396,train
train_302398,train
train_302404,train
train_302414,train
train_302415,train
train_302416,train
train_302418,train
train_302428,train
train_302430,train
train_302435,train
train_302446,train
train_302447,train
train_302449,train
train_302450,train
train_302451,train
train_302456,train
train_302457,train
train_302473,train
train_302474,train
train_302481,train
train_302489,train
train_302496,train
train_302499,train
train_3025,train
train_302510,train
train_302513,train
train_302514,train
train_302518,train
train_302521,train
train_302524,train
train_302526,train
train_302530,train
train_302540,train
train_302541,train
train_302544,train
train_302548,train
train_302553,train
train_302568,train
train_302574,train
train_302577,train
train_302580,train
train_302583,train
train_302584,train
train_302591,train
train_302593,train
train_302594,train
train_302598,train
train_302610,train
train_302617,train
train_302621,train
train_302624,train
train_302640,train
train_302645,train
train_302662,train
train_302665,train
train_302666,train
train_302667,train
train_302670,train
train_302673,train
train_302680,train
train_302684,train
train_302693,train
train_302694,train
train_302699,train
train_3027,train
train_302704,train
train_302706,train
train_302708,train
train_302714,train
train_302719,train
train_302730,train
train_302734,train
train_302736,train
train_302746,train
train_302753,train
train_302756,train
train_302757,train
train_302760,train
train_302768,train
train_302786,train
train_302788,train
train_302789,train
train_302790,train
train_302792,train
train_302793,train
train_302794,train
train_302811,train
train_302814,train
train_302815,train
train_302821,train
train_302822,train
train_302823,train
train_302825,train
train_302828,train
train_302845,train
train_302846,train
train_302854,train
train_302863,train
train_302864,train
train_302868,train
train_302871,train
train_302873,train
train_302878,train
train_302882,train
train_302888,train
train_302893,train
train_302895,train
train_302896,train
train_302898,train
train_3029,train
train_302902,train
train_302903,train
train_302905,train
train_302907,train
train_302910,train
train_302914,train
train_302915,train
train_302918,train
train_302928,train
train_302931,train
train_302933,train
train_302935,train
train_302937,train
train_302954,train
train_302955,train
train_302956,train
train_302958,train
train_302962,train
train_302983,train
train_302990,train
train_303,train
train_3030,train
train_303006,train
train_303007,train
train_303011,train
train_303012,train
train_303016,train
train_303023,train
train_303024,train
train_303028,train
train_303033,train
train_303038,train
train_303051,train
train_303059,train
train_303062,train
train_303064,train
train_303067,train
train_303070,train
train_303071,train
train_303076,train
train_303077,train
train_303085,train
train_303087,train
train_303093,train
train_303101,train
train_303113,train
train_303117,train
train_303125,train
train_303129,train
train_303132,train
train_303134,train
train_303151,train
train_303159,train
train_303179,train
train_303181,train
train_303188,train
train_303194,train
train_303195,train
train_303208,train
train_303225,train
train_303228,train
train_303232,train
train_303238,train
train_303246,train
train_303252,train
train_303260,train
train_303261,train
train_303274,train
train_303275,train
train_303286,train
train_303289,train
train_303295,train
train_3033,train
train_303305,train
train_303312,train
train_303313,train
train_303336,train
train_303338,train
train_303339,train
train_303347,train
train_303355,train
train_303358,train
train_303364,train
train_303371,train
train_303377,train
train_303378,train
train_303383,train
train_303386,train
train_303388,train
train_303397,train
train_303416,train
train_303426,train
train_303444,train
train_303454,train
train_303455,train
train_303457,train
train_303469,train
train_303471,train
train_303477,train
train_303479,train
train_303489,train
train_303509,train
train_303510,train
train_303512,train
train_303515,train
train_303518,train
train_303520,train
train_303530,train
train_303531,train
train_303536,train
train_303551,train
train_303560,train
train_303565,train
train_303566,train
train_303573,train
train_303579,train
train_303583,train
train_303584,train
train_303586,train
train_303592,train
train_303597,train
train_303598,train
train_303612,train
train_303617,train
train_303619,train
train_303620,train
train_303622,train
train_303636,train
train_303638,train
train_303655,train
train_303656,train
train_303663,train
train_303670,train
train_303677,train
train_303684,train
train_303687,train
train_303688,train
train_303699,train
train_3037,train
train_303702,train
train_303703,train
train_303706,train
train_303713,train
train_303720,train
train_303724,train
train_303730,train
train_303731,train
train_303738,train
train_303739,train
train_303741,train
train_303743,train
train_303756,train
train_303772,train
train_303782,train
train_303787,train
train_303790,train
train_303791,train
train_303796,train
train_303797,train
train_303799,train
train_3038,train
train_303800,train
train_303814,train
train_303817,train
train_303818,train
train_303830,train
train_303831,train
train_303834,train
train_303836,train
train_303838,train
train_303842,train
train_303846,train
train_303849,train
train_303854,train
train_303856,train
train_303857,train
train_303872,train
train_303879,train
train_303884,train
train_303885,train
train_303892,train
train_303899,train
train_3039,train
train_303903,train
train_303906,train
train_303914,train
train_303915,train
train_303917,train
train_303918,train
train_303920,train
train_303921,train
train_303922,train
train_303924,train
train_303929,train
train_303931,train
train_303936,train
train_303949,train
train_303951,train
train_303965,train
train_303966,train
train_303967,train
train_303970,train
train_303975,train
train_303989,train
train_303991,train
train_303992,train
train_303993,train
train_303998,train
train_304004,train
train_304007,train
train_304024,train
train_304033,train
train_304034,train
train_304037,train
train_304040,train
train_304044,train
train_304047,train
train_304050,train
train_304054,train
train_304055,train
train_304057,train
train_304062,train
train_304065,train
train_304068,train
train_304073,train
train_304076,train
train_304084,train
train_304086,train
train_304093,train
train_304097,train
train_304099,train
train_304102,train
train_304110,train
train_304111,train
train_304119,train
train_304123,train
train_304125,train
train_304134,train
train_304142,train
train_304145,train
train_304148,train
train_304158,train
train_304167,train
train_304168,train
train_304170,train
train_304173,train
train_304186,train
train_304187,train
train_304191,train
train_304192,train
train_3044,train
train_3046,train
train_3048,train
train_3051,train
train_3054,train
train_3056,train
train_3058,train
train_3059,train
train_306,train
train_3060,train
train_3061,train
train_3063,train
train_3065,train
train_3066,train
train_307,train
train_3070,train
train_3071,train
train_3073,train
train_3074,train
train_3075,train
train_3078,train
train_3079,train
train_308,train
train_3083,train
train_3085,train
train_3086,train
train_3087,train
train_3089,train
train_309,train
train_3091,train
train_3092,train
train_3095,train
train_3097,train
train_3098,train
train_310,train
train_3102,train
train_3103,train
train_3104,train
train_3105,train
train_3107,train
train_3108,train
train_3109,train
train_3113,train
train_3114,train
train_3116,train
train_3117,train
train_3119,train
train_3120,train
train_3121,train
train_3123,train
train_3124,train
train_3125,train
train_3126,train
train_3128,train
train_3130,train
train_3131,train
train_3132,train
train_3135,train
train_3137,train
train_3139,train
train_314,train
train_3140,train
train_3142,train
train_3143,train
train_3145,train
train_3146,train
train_3147,train
train_3148,train
train_315,train
train_3152,train
train_3153,train
train_3156,train
train_3158,train
train_3159,train
train_3160,train
train_3161,train
train_3163,train
train_3164,train
train_3165,train
train_3166,train
train_3167,train
train_3168,train
train_3169,train
train_317,train
train_3171,train
train_3173,train
train_3176,train
train_3177,train
train_3180,train
train_3182,train
train_3183,train
train_3184,train
train_319,train
train_3190,train
train_3191,train
train_3192,train
train_3195,train
train_3197,train
train_3199,train
train_32,train
train_320,train
train_3203,train
train_3206,train
train_3209,train
train_321,train
train_3210,train
train_3214,train
train_3215,train
train_3216,train
train_3217,train
train_3218,train
train_3222,train
train_3224,train
train_3225,train
train_3226,train
train_323,train
train_3231,train
train_3232,train
train_3233,train
train_3234,train
train_3236,train
train_324,train
train_3243,train
train_3244,train
train_3245,train
train_3246,train
train_3247,train
train_3248,train
train_3249,train
train_325,train
train_3250,train
train_3252,train
train_3253,train
train_3257,train
train_3258,train
train_3259,train
train_326,train
train_3260,train
train_3262,train
train_3264,train
train_3265,train
train_3267,train
train_3269,train
train_327,train
train_3272,train
train_3273,train
train_3275,train
train_3276,train
train_328,train
train_3281,train
train_3284,train
train_3285,train
train_3288,train
train_329,train
train_3290,train
train_3292,train
train_3293,train
train_3295,train
train_3297,train
train_3299,train
train_330,train
train_3302,train
train_3303,train
train_3304,train
train_3307,train
train_3311,train
train_3315,train
train_3316,train
train_3318,train
train_332,train
train_3322,train
train_3323,train
train_3324,train
train_3325,train
train_333,train
train_3330,train
train_3331,train
train_3333,train
train_3334,train
train_3338,train
train_334,train
train_3343,train
train_3344,train
train_3345,train
train_3346,train
train_3347,train
train_3348,train
train_3349,train
train_3351,train
train_3358,train
train_3359,train
train_336,train
train_3360,train
train_3361,train
train_3362,train
train_3365,train
train_3366,train
train_3368,train
train_337,train
train_3370,train
train_3371,train
train_3373,train
train_3375,train
train_3376,train
train_338,train
train_3383,train
train_3384,train
train_3386,train
train_3389,train
train_339,train
train_3391,train
train_3392,train
train_3393,train
train_3394,train
train_3397,train
train_3398,train
train_340,train
train_3400,train
train_3405,train
train_3406,train
train_341,train
train_3414,train
train_3415,train
train_342,train
train_3420,train
train_3422,train
train_3423,train
train_3426,train
train_3428,train
train_3432,train
train_3433,train
train_3434,train
train_3436,train
train_3439,train
train_344,train
train_3444,train
train_3446,train
train_3447,train
train_3452,train
train_3454,train
train_3455,train
train_3456,train
train_3457,train
train_3458,train
train_3460,train
train_3461,train
train_3467,train
train_3469,train
train_347,train
train_3470,train
train_3472,train
train_3473,train
train_3475,train
train_3476,train
train_3477,train
train_3479,train
train_3482,train
train_3484,train
train_3485,train
train_3487,train
train_3488,train
train_3489,train
train_349,train
train_3490,train
train_3493,train
train_3494,train
train_3495,train
train_3498,train
train_3500,train
train_3501,train
train_3502,train
train_3504,train
train_3506,train
train_3509,train
train_351,train
train_3512,train
train_3513,train
train_3517,train
train_352,train
train_3523,train
train_3524,train
train_3525,train
train_3527,train
train_3528,train
train_353,train
train_3530,train
train_3531,train
train_3532,train
train_3533,train
train_3534,train
train_3535,train
train_3536,train
train_3537,train
train_3538,train
train_354,train
train_3540,train
train_3541,train
train_3542,train
train_3543,train
train_3544,train
train_3546,train
train_3547,train
train_3548,train
train_3549,train
train_355,train
train_3550,train
train_3551,train
train_3553,train
train_3554,train
train_3555,train
train_3556,train
train_3558,train
train_356,train
train_3560,train
train_3562,train
train_3563,train
train_3568,train
train_3569,train
train_3571,train
train_3572,train
train_3575,train
train_3577,train
train_358,train
train_3581,train
train_3583,train
train_3584,train
train_3585,train
train_3588,train
train_3589,train
train_3592,train
train_3593,train
train_3594,train
train_3595,train
train_3596,train
train_3597,train
train_3598,train
train_3599,train
train_360,train
train_3600,train
train_3601,train
train_3602,train
train_3603,train
train_3605,train
train_3606,train
train_3608,train
train_3609,train
train_361,train
train_3611,train
train_3612,train
train_3613,train
train_3617,train
train_3618,train
train_3619,train
train_362,train
train_3620,train
train_3621,train
train_3623,train
train_3624,train
train_3626,train
train_3627,train
train_3628,train
train_3629,train
train_3630,train
train_3631,train
train_3633,train
train_3634,train
train_3635,train
train_3637,train
train_3638,train
train_3639,train
train_364,train
train_3640,train
train_3641,train
train_3643,train
train_3645,train
train_3648,train
train_3649,train
train_365,train
train_3650,train
train_3652,train
train_3653,train
train_3656,train
train_366,train
train_3660,train
train_3661,train
train_3663,train
train_3665,train
train_3666,train
train_3667,train
train_3668,train
train_3669,train
train_3670,train
train_3675,train
train_3676,train
train_368,train
train_3682,train
train_3683,train
train_3685,train
train_3687,train
train_3688,train
train_3689,train
train_369,train
train_3690,train
train_3691,train
train_3692,train
train_3693,train
train_3695,train
train_3698,train
train_37,train
train_370,train
train_3700,train
train_3701,train
train_3703,train
train_3709,train
train_371,train
train_3710,train
train_3711,train
train_3712,train
train_3713,train
train_3714,train
train_3715,train
train_3718,train
train_3719,train
train_3720,train
train_3722,train
train_3727,train
train_3728,train
train_3729,train
train_373,train
train_3730,train
train_3732,train
train_3734,train
train_3735,train
train_3736,train
train_3738,train
train_3740,train
train_3742,train
train_3743,train
train_3744,train
train_3746,train
train_3748,train
train_3749,train
train_3750,train
train_3751,train
train_3752,train
train_3755,train
train_3756,train
train_3758,train
train_376,train
train_3760,train
train_3761,train
train_3763,train
train_3765,train
train_3768,train
train_377,train
train_3771,train
train_3772,train
train_3775,train
train_3776,train
train_3777,train
train_3778,train
train_3779,train
train_378,train
train_3781,train
train_3782,train
train_3783,train
train_3784,train
train_3786,train
train_3787,train
train_3788,train
train_3789,train
train_3790,train
train_3791,train
train_3792,train
train_3796,train
train_3797,train
train_380,train
train_3800,train
train_3802,train
train_3803,train
train_3804,train
train_3805,train
train_3807,train
train_3808,train
train_381,train
train_3810,train
train_3811,train
train_3814,train
train_3815,train
train_3816,train
train_3820,train
train_3821,train
train_3822,train
train_3823,train
train_3824,train
train_3825,train
train_3829,train
train_383,train
train_3830,train
train_3831,train
train_3834,train
train_3837,train
train_3838,train
train_3839,train
train_3840,train
train_3844,train
train_3845,train
train_3847,train
train_3848,train
train_3849,train
train_385,train
train_3852,train
train_3854,train
train_3855,train
train_3856,train
train_3862,train
train_3863,train
train_3866,train
train_3868,train
train_387,train
train_3871,train
train_3872,train
train_3874,train
train_3875,train
train_3877,train
train_3879,train
train_3884,train
train_3885,train
train_3887,train
train_3888,train
train_3889,train
train_3890,train
train_3891,train
train_3892,train
train_3893,train
train_3896,train
train_3898,train
train_39,train
train_3900,train
train_3903,train
train_3904,train
train_3908,train
train_3909,train
train_391,train
train_3911,train
train_3913,train
train_3914,train
train_3915,train
train_3917,train
train_3918,train
train_3919,train
train_3920,train
train_3921,train
train_3922,train
train_3923,train
train_3924,train
train_3925,train
train_3927,train
train_3928,train
train_3929,train
train_3931,train
train_3932,train
train_3935,train
train_3937,train
train_3938,train
train_394,train
train_3944,train
train_3945,train
train_3947,train
train_3948,train
train_3949,train
train_3950,train
train_3952,train
train_3953,train
train_3955,train
train_3957,train
train_3958,train
train_3959,train
train_3960,train
train_3964,train
train_3965,train
train_3966,train
train_3967,train
train_397,train
train_3970,train
train_3972,train
train_3974,train
train_3977,train
train_3978,train
train_398,train
train_3980,train
train_3981,train
train_3983,train
train_3985,train
train_3987,train
train_3989,train
train_399,train
train_3990,train
train_3991,train
train_3993,train
train_3995,train
train_3996,train
train_3997,train
train_3998,train
train_3999,train
train_40,train
train_400,train
train_400005,train
train_400016,train
train_400028,train
train_400034,train
train_400048,train
train_400060,train
train_400062,train
train_400068,train
train_400091,train
train_4001,train
train_400115,train
train_400122,train
train_400125,train
train_400132,train
train_400140,train
train_400169,train
train_400177,train
train_400190,train
train_4002,train
train_400203,train
train_400210,train
train_400220,train
train_400223,train
train_400226,train
train_400231,train
train_4003,train
train_4004,train
train_4005,train
train_4006,train
train_4007,train
train_400729,train
train_400741,train
train_400780,train
train_4008,train
train_400836,train
train_400851,train
train_4009,train
train_400981,train
train_401048,train
train_401074,train
train_401092,train
train_4011,train
train_401130,train
train_401156,train
train_4012,train
train_401245,train
train_4013,train
train_401367,train
train_401372,train
train_401383,train
train_4014,train
train_401405,train
train_4016,train
train_4017,train
train_401787,train
train_401827,train
train_4019,train
train_401904,train
train_401909,train
train_401948,train
train_401955,train
train_401962,train
train_402,train
train_402035,train
train_402044,train
train_402053,train
train_4022,train
train_402208,train
train_402209,train
train_402214,train
train_402216,train
train_402244,train
train_402251,train
train_402264,train
train_402269,train
train_402275,train
train_402278,train
train_402288,train
train_4023,train
train_402303,train
train_402311,train
train_402312,train
train_402315,train
train_402319,train
train_402324,train
train_402331,train
train_402341,train
train_402349,train
train_402353,train
train_402358,train
train_402359,train
train_402376,train
train_402380,train
train_402395,train
train_4024,train
train_402403,train
train_402425,train
train_4025,train
train_4026,train
train_402631,train
train_402672,train
train_4027,train
train_402734,train
train_402743,train
train_402755,train
train_402758,train
train_402769,train
train_402772,train
train_402774,train
train_402777,train
train_402799,train
train_402974,train
train_402984,train
train_403,train
train_4030,train
train_403042,train
train_403117,train
train_403171,train
train_403175,train
train_403177,train
train_403180,train
train_403181,train
train_4033,train
train_403328,train
train_403329,train
train_4034,train
train_403590,train
train_403678,train
train_403691,train
train_4037,train
train_403770,train
train_403798,train
train_4038,train
train_4039,train
train_4040,train
train_404071,train
train_4041,train
train_404120,train
train_404225,train
train_404249,train
train_404327,train
train_4044,train
train_404419,train
train_404422,train
train_404428,train
train_404432,train
train_404439,train
train_404440,train
train_404441,train
train_404465,train
train_404468,train
train_404498,train
train_4045,train
train_404501,train
train_404503,train
train_404507,train
train_404511,train
train_404512,train
train_404517,train
train_404518,train
train_404521,train
train_404532,train
train_404536,train
train_404543,train
train_404554,train
train_404557,train
train_404558,train
train_404560,train
train_404567,train
train_404573,train
train_404585,train
train_404592,train
train_4046,train
train_404603,train
train_404609,train
train_404623,train
train_404625,train
train_404630,train
train_404646,train
train_404647,train
train_404648,train
train_404649,train
train_404661,train
train_404662,train
train_404664,train
train_404677,train
train_404684,train
train_404687,train
train_404688,train
train_404689,train
train_404690,train
train_404692,train
train_404695,train
train_404698,train
train_404704,train
train_404705,train
train_404710,train
train_404726,train
train_404734,train
train_404745,train
train_4048,train
train_4049,train
train_404922,train
train_404937,train
train_404988,train
train_404994,train
train_404999,train
train_405,train
train_4050,train
train_405042,train
train_405092,train
train_4051,train
train_4052,train
train_405200,train
train_405298,train
train_4053,train
train_405301,train
train_405304,train
train_405305,train
train_405313,train
train_405341,train
train_4054,train
train_405480,train
train_405529,train
train_405589,train
train_4056,train
train_405635,train
train_405651,train
train_405717,train
train_405719,train
train_4058,train
train_405829,train
train_406,train
train_4060,train
train_406054,train
train_406062,train
train_406078,train
train_4061,train
train_406125,train
train_406171,train
train_406186,train
train_4062,train
train_406311,train
train_406324,train
train_406325,train
train_406328,train
train_406331,train
train_406335,train
train_406340,train
train_406341,train
train_406342,train
train_406349,train
train_406361,train
train_406362,train
train_406481,train
train_4065,train
train_406659,train
train_406702,train
train_406711,train
train_406719,train
train_406722,train
train_406748,train
train_406753,train
train_406778,train
train_406781,train
train_406784,train
train_406798,train
train_4068,train
train_406809,train
train_406812,train
train_406829,train
train_406831,train
train_406839,train
train_406841,train
train_406862,train
train_406869,train
train_406875,train
train_406882,train
train_406895,train
train_406909,train
train_406998,train
train_407,train
train_407052,train
train_4071,train
train_4072,train
train_407208,train
train_4073,train
train_407331,train
train_407337,train
train_407340,train
train_407346,train
train_407355,train
train_407358,train
train_407375,train
train_4074,train
train_407662,train
train_4077,train
train_4078,train
train_407927,train
train_407997,train
train_407998,train
train_408,train
train_4080,train
train_408009,train
train_408052,train
train_4081,train
train_4082,train
train_408353,train
train_408395,train
train_408426,train
train_408445,train
train_408450,train
train_408461,train
train_408520,train
train_408555,train
train_408558,train
train_408574,train
train_408583,train
train_408833,train
train_408866,train
train_408949,train
train_408954,train
train_408966,train
train_408967,train
train_408978,train
train_408997,train
train_409,train
train_409002,train
train_409006,train
train_409009,train
train_409018,train
train_409020,train
train_409036,train
train_409037,train
train_409046,train
train_409049,train
train_409053,train
train_409057,train
train_409061,train
train_409084,train
train_4091,train
train_409127,train
train_409212,train
train_409287,train
train_4094,train
train_409503,train
train_409562,train
train_4097,train
train_409744,train
train_4098,train
train_409800,train
train_409805,train
train_409810,train
train_409822,train
train_4099,train
train_41,train
train_4100,train
train_410092,train
train_4101,train
train_410172,train
train_4102,train
train_410305,train
train_410311,train
train_410370,train
train_410406,train
train_410455,train
train_410458,train
train_410459,train
train_410460,train
train_410471,train
train_410472,train
train_410476,train
train_410483,train
train_410522,train
train_410713,train
train_410798,train
train_410815,train
train_410899,train
train_410900,train
train_410911,train
train_410912,train
train_411,train
train_411016,train
train_411024,train
train_411060,train
train_411113,train
train_411143,train
train_4112,train
train_411262,train
train_411294,train
train_411303,train
train_411319,train
train_411337,train
train_411341,train
train_411342,train
train_4114,train
train_4116,train
train_4117,train
train_412,train
train_4120,train
train_4122,train
train_4123,train
train_4124,train
train_4126,train
train_4128,train
train_4129,train
train_413,train
train_4131,train
train_4134,train
train_4137,train
train_4139,train
train_414,train
train_4140,train
train_4141,train
train_4142,train
train_4146,train
train_4147,train
train_4148,train
train_415,train
train_4150,train
train_4151,train
train_4152,train
train_4153,train
train_4154,train
train_4155,train
train_4156,train
train_416,train
train_4161,train
train_4162,train
train_4164,train
train_4168,train
train_4169,train
train_417,train
train_4172,train
train_4173,train
train_4174,train
train_4175,train
train_4178,train
train_4180,train
train_4181,train
train_4182,train
train_4183,train
train_4185,train
train_4186,train
train_4188,train
train_4189,train
train_4192,train
train_4195,train
train_4197,train
train_4198,train
train_4199,train
train_420,train
train_4201,train
train_4203,train
train_4204,train
train_4206,train
train_4209,train
train_421,train
train_4210,train
train_4212,train
train_4213,train
train_4215,train
train_4216,train
train_4217,train
train_4221,train
train_4222,train
train_4223,train
train_4225,train
train_4226,train
train_4227,train
train_4228,train
train_4233,train
train_4234,train
train_4235,train
train_4236,train
train_4239,train
train_424,train
train_4240,train
train_4241,train
train_4242,train
train_4245,train
train_4247,train
train_4249,train
train_4251,train
train_4253,train
train_4254,train
train_4257,train
train_4258,train
train_426,train
train_4260,train
train_4262,train
train_4263,train
train_4264,train
train_4268,train
train_427,train
train_4270,train
train_4271,train
train_4272,train
train_4274,train
train_4276,train
train_4278,train
train_4279,train
train_428,train
train_4280,train
train_4281,train
train_4282,train
train_4283,train
train_4285,train
train_4287,train
train_4288,train
train_4290,train
train_4291,train
train_4292,train
train_4295,train
train_4296,train
train_4297,train
train_4299,train
train_43,train
train_4303,train
train_4304,train
train_4305,train
train_4306,train
train_4307,train
train_4309,train
train_4310,train
train_4311,train
train_4312,train
train_4314,train
train_4315,train
train_4317,train
train_4318,train
train_432,train
train_4320,train
train_4323,train
train_4328,train
train_433,train
train_4330,train
train_4331,train
train_4333,train
train_4335,train
train_4336,train
train_4338,train
train_434,train
train_4343,train
train_4346,train
train_4349,train
train_4350,train
train_4351,train
train_4353,train
train_4357,train
train_4359,train
train_4361,train
train_4363,train
train_4365,train
train_4367,train
train_4368,train
train_4369,train
train_4370,train
train_4371,train
train_4372,train
train_4373,train
train_4374,train
train_4375,train
train_4377,train
train_4378,train
train_4379,train
train_438,train
train_4383,train
train_4384,train
train_4385,train
train_4387,train
train_4389,train
train_439,train
train_4390,train
train_4391,train
train_4392,train
train_4393,train
train_4394,train
train_4396,train
train_4398,train
train_4399,train
train_44,train
train_440,train
train_4400,train
train_4402,train
train_4403,train
train_4405,train
train_4409,train
train_441,train
train_442,train
train_4420,train
train_4421,train
train_4422,train
train_4423,train
train_4425,train
train_4426,train
train_443,train
train_4437,train
train_444,train
train_4444,train
train_4445,train
train_445,train
train_4456,train
train_4458,train
train_446,train
train_4460,train
train_4463,train
train_447,train
train_4475,train
train_4479,train
train_449,train
train_4492,train
train_4493,train
train_4494,train
train_4496,train
train_45,train
train_450,train
train_4502,train
train_451,train
train_4512,train
train_4514,train
train_4516,train
train_4524,train
train_4526,train
train_4527,train
train_453,train
train_4530,train
train_4531,train
train_4533,train
train_4535,train
train_4536,train
train_454,train
train_4540,train
train_4542,train
train_4547,train
train_455,train
train_4550,train
train_4552,train
train_4553,train
train_4554,train
train_4555,train
train_4556,train
train_4557,train
train_4559,train
train_456,train
train_4560,train
train_4562,train
train_4564,train
train_4565,train
train_4568,train
train_4569,train
train_457,train
train_4571,train
train_4573,train
train_4574,train
train_4575,train
train_4577,train
train_4578,train
train_4579,train
train_458,train
train_4582,train
train_4583,train
train_4584,train
train_4585,train
train_4588,train
train_459,train
train_4590,train
train_4592,train
train_4593,train
train_4594,train
train_4595,train
train_4596,train
train_460,train
train_4600,train
train_4601,train
train_4602,train
train_4603,train
train_4605,train
train_4607,train
train_4608,train
train_4609,train
train_4610,train
train_4611,train
train_4612,train
train_4615,train
train_4616,train
train_4618,train
train_462,train
train_4621,train
train_4622,train
train_4624,train
train_4629,train
train_463,train
train_4630,train
train_4632,train
train_4635,train
train_4636,train
train_4639,train
train_464,train
train_4640,train
train_4641,train
train_4642,train
train_4643,train
train_4645,train
train_4647,train
train_4648,train
train_4649,train
train_465,train
train_4651,train
train_4655,train
train_4656,train
train_4657,train
train_4659,train
train_466,train
train_4660,train
train_4662,train
train_4666,train
train_4667,train
train_467,train
train_4670,train
train_4671,train
train_4672,train
train_4675,train
train_4677,train
train_4678,train
train_468,train
train_4680,train
train_4681,train
train_4682,train
train_4684,train
train_4686,train
train_4688,train
train_4689,train
train_4695,train
train_4696,train
train_4697,train
train_4698,train
train_4699,train
train_47,train
train_470,train
train_4700,train
train_4701,train
train_4704,train
train_4705,train
train_4706,train
train_4708,train
train_4709,train
train_471,train
train_4711,train
train_4712,train
train_4714,train
train_4715,train
train_4716,train
train_4718,train
train_4719,train
train_4720,train
train_4722,train
train_4726,train
train_4729,train
train_473,train
train_4731,train
train_4732,train
train_4737,train
train_4738,train
train_4743,train
train_4746,train
train_4749,train
train_4750,train
train_4752,train
train_4754,train
train_4755,train
train_4758,train
train_4759,train
train_476,train
train_4760,train
train_4762,train
train_4763,train
train_4764,train
train_4765,train
train_4766,train
train_4767,train
train_4768,train
train_4769,train
train_477,train
train_4771,train
train_4773,train
train_4774,train
train_4775,train
train_4778,train
train_4779,train
train_4782,train
train_4783,train
train_4787,train
train_4789,train
train_4791,train
train_4792,train
train_4793,train
train_4794,train
train_4795,train
train_4798,train
train_4799,train
train_48,train
train_480,train
train_4800,train
train_4801,train
train_4802,train
train_4805,train
train_4807,train
train_4809,train
train_4810,train
train_4813,train
train_482,train
train_4826,train
train_4827,train
train_4828,train
train_483,train
train_4837,train
train_484,train
train_4840,train
train_4841,train
train_4845,train
train_4846,train
train_4847,train
train_4848,train
train_485,train
train_4854,train
train_4859,train
train_4860,train
train_4864,train
train_4865,train
train_4868,train
train_487,train
train_4870,train
train_4871,train
train_4874,train
train_4876,train
train_4881,train
train_4882,train
train_4884,train
train_4885,train
train_4888,train
train_4889,train
train_489,train
train_4890,train
train_4893,train
train_4894,train
train_4896,train
train_4897,train
train_4898,train
train_4900,train
train_4901,train
train_4903,train
train_4904,train
train_4905,train
train_4906,train
train_4907,train
train_4908,train
train_4909,train
train_4912,train
train_4913,train
train_4914,train
train_4915,train
train_4916,train
train_4917,train
train_4918,train
train_4919,train
train_492,train
train_4921,train
train_4922,train
train_4923,train
train_4924,train
train_4925,train
train_4926,train
train_4929,train
train_493,train
train_4930,train
train_4931,train
train_4932,train
train_4933,train
train_4934,train
train_4936,train
train_494,train
train_4940,train
train_4941,train
train_4943,train
train_4945,train
train_4947,train
train_495,train
train_4950,train
train_4952,train
train_4953,train
train_4955,train
train_4956,train
train_4957,train
train_4959,train
train_496,train
train_4960,train
train_4964,train
train_4966,train
train_4967,train
train_4968,train
train_4969,train
train_497,train
train_4971,train
train_4974,train
train_4976,train
train_4977,train
train_498,train
train_4980,train
train_4984,train
train_4985,train
train_4989,train
train_4990,train
train_4991,train
train_4992,train
train_4994,train
train_4998,train
train_4999,train
train_50,train
train_5000,train
train_5001,train
train_5002,train
train_5004,train
train_5005,train
train_5010,train
train_5011,train
train_5012,train
train_5013,train
train_5015,train
train_502,train
train_5020,train
train_5022,train
train_5023,train
train_5025,train
train_5027,train
train_503,train
train_5030,train
train_5031,train
train_5032,train
train_5035,train
train_5037,train
train_5039,train
train_504,train
train_5040,train
train_5042,train
train_5043,train
train_5044,train
train_5046,train
train_5047,train
train_5048,train
train_5049,train
train_5052,train
train_5053,train
train_5054,train
train_5056,train
train_5057,train
train_5058,train
train_5059,train
train_506,train
train_5061,train
train_5063,train
train_5064,train
train_5066,train
train_5071,train
train_5072,train
train_5075,train
train_5077,train
train_5078,train
train_5079,train
train_508,train
train_5080,train
train_5081,train
train_5082,train
train_5086,train
train_5088,train
train_509,train
train_5090,train
train_5091,train
train_5092,train
train_5094,train
train_5095,train
train_5096,train
train_5097,train
train_5099,train
train_510,train
train_5100,train
train_5106,train
train_5107,train
train_5110,train
train_5111,train
train_5113,train
train_5116,train
train_5118,train
train_5119,train
train_5120,train
train_5121,train
train_5123,train
train_5124,train
train_5125,train
train_5126,train
train_5129,train
train_5132,train
train_5134,train
train_5136,train
train_5137,train
train_5138,train
train_5139,train
train_5141,train
train_5142,train
train_5143,train
train_5147,train
train_5149,train
train_5150,train
train_5151,train
train_5152,train
train_5154,train
train_5155,train
train_5157,train
train_5158,train
train_5160,train
train_5163,train
train_5165,train
train_5166,train
train_5168,train
train_517,train
train_5171,train
train_5175,train
train_5176,train
train_5177,train
train_5178,train
train_518,train
train_5180,train
train_5182,train
train_5184,train
train_5187,train
train_5188,train
train_5189,train
train_519,train
train_5191,train
train_5199,train
train_520,train
train_5200,train
train_5205,train
train_5206,train
train_5208,train
train_5209,train
train_521,train
train_5216,train
train_5217,train
train_5218,train
train_5219,train
train_5220,train
train_5221,train
train_5222,train
train_5223,train
train_5225,train
train_5229,train
train_5230,train
train_5232,train
train_5233,train
train_5234,train
train_5237,train
train_524,train
train_5240,train
train_5241,train
train_5242,train
train_5246,train
train_5247,train
train_5248,train
train_5249,train
train_5251,train
train_5254,train
train_5257,train
train_5259,train
train_5260,train
train_5262,train
train_5263,train
train_5264,train
train_5267,train
train_5269,train
train_5273,train
train_5276,train
train_5279,train
train_5283,train
train_5286,train
train_5293,train
train_5294,train
train_5296,train
train_5297,train
train_5298,train
train_5299,train
train_53,train
train_530,train
train_5300,train
train_5302,train
train_5304,train
train_5306,train
train_5308,train
train_5309,train
train_531,train
train_5310,train
train_5311,train
train_5313,train
train_5316,train
train_5318,train
train_5320,train
train_5321,train
train_5322,train
train_5324,train
train_5326,train
train_5327,train
train_5333,train
train_5334,train
train_5335,train
train_5336,train
train_5337,train
train_534,train
train_5341,train
train_5343,train
train_5345,train
train_5346,train
train_5349,train
train_535,train
train_5351,train
train_5353,train
train_5354,train
train_5359,train
train_536,train
train_5360,train
train_5361,train
train_5363,train
train_5364,train
train_5365,train
train_5369,train
train_537,train
train_5370,train
train_5374,train
train_5375,train
train_5377,train
train_5378,train
train_5379,train
train_538,train
train_5380,train
train_5383,train
train_5385,train
train_5387,train
train_5390,train
train_5391,train
train_5392,train
train_5393,train
train_5395,train
train_5397,train
train_5398,train
train_5399,train
train_540,train
train_5401,train
train_5404,train
train_5405,train
train_541,train
train_5410,train
train_5412,train
train_5413,train
train_5414,train
train_5415,train
train_5416,train
train_5417,train
train_5418,train
train_5419,train
train_542,train
train_5420,train
train_5421,train
train_5423,train
train_5424,train
train_5425,train
train_5426,train
train_5428,train
train_543,train
train_5433,train
train_5434,train
train_5435,train
train_5436,train
train_5437,train
train_5438,train
train_5439,train
train_5440,train
train_5443,train
train_5445,train
train_5446,train
train_5447,train
train_5448,train
train_5449,train
train_545,train
train_5453,train
train_5456,train
train_5458,train
train_5459,train
train_5460,train
train_5461,train
train_5463,train
train_5464,train
train_5465,train
train_5466,train
train_5468,train
train_5469,train
train_547,train
train_5470,train
train_5471,train
train_5474,train
train_5475,train
train_5477,train
train_5478,train
train_5479,train
train_548,train
train_5480,train
train_5482,train
train_5483,train
train_5484,train
train_5485,train
train_5486,train
train_5487,train
train_5488,train
train_549,train
train_5491,train
train_5494,train
train_5495,train
train_5496,train
train_5498,train
train_55,train
train_5501,train
train_5502,train
train_5506,train
train_5507,train
train_5509,train
train_5512,train
train_5515,train
train_5516,train
train_5517,train
train_5518,train
train_5519,train
train_552,train
train_5520,train
train_5521,train
train_5522,train
train_5523,train
train_5524,train
train_5525,train
train_5527,train
train_5528,train
train_553,train
train_5530,train
train_5531,train
train_5533,train
train_5535,train
train_5536,train
train_5537,train
train_5538,train
train_5539,train
train_554,train
train_5541,train
train_5542,train
train_5543,train
train_5549,train
train_5550,train
train_5551,train
train_5552,train
train_5556,train
train_5557,train
train_5558,train
train_5559,train
train_5561,train
train_5564,train
train_5566,train
train_5568,train
train_5569,train
train_5571,train
train_5572,train
train_5574,train
train_5575,train
train_5577,train
train_558,train
train_5582,train
train_5586,train
train_5587,train
train_5588,train
train_5590,train
train_5592,train
train_5594,train
train_5596,train
train_5597,train
train_56,train
train_560,train
train_5603,train
train_5605,train
train_5607,train
train_5609,train
train_561,train
train_5612,train
train_5614,train
train_5616,train
train_562,train
train_5622,train
train_5623,train
train_5624,train
train_5625,train
train_5638,train
train_564,train
train_5645,train
train_5647,train
train_565,train
train_5650,train
train_5657,train
train_5658,train
train_566,train
train_5660,train
train_5665,train
train_5670,train
train_5671,train
train_5672,train
train_5674,train
train_5675,train
train_5676,train
train_5677,train
train_5678,train
train_5679,train
train_568,train
train_5680,train
train_5681,train
train_5682,train
train_5683,train
train_5685,train
train_5686,train
train_5687,train
train_5688,train
train_5691,train
train_5692,train
train_5693,train
train_5694,train
train_5695,train
train_5696,train
train_5698,train
train_5699,train
train_57,train
train_570,train
train_5700,train
train_5702,train
train_5703,train
train_5705,train
train_5706,train
train_5709,train
train_5710,train
train_5714,train
train_5716,train
train_5717,train
train_5719,train
train_572,train
train_5723,train
train_5725,train
train_5727,train
train_5731,train
train_5732,train
train_5733,train
train_5734,train
train_5735,train
train_5736,train
train_5737,train
train_5744,train
train_5745,train
train_5748,train
train_575,train
train_5751,train
train_5754,train
train_5758,train
train_5759,train
train_5761,train
train_5768,train
train_5770,train
train_5772,train
train_5773,train
train_5774,train
train_5777,train
train_5779,train
train_5780,train
train_5781,train
train_5783,train
train_5784,train
train_5785,train
train_5786,train
train_5788,train
train_5789,train
train_5790,train
train_5791,train
train_5792,train
train_5793,train
train_5795,train
train_5797,train
train_5799,train
train_5802,train
train_5805,train
train_5806,train
train_5809,train
train_581,train
train_5811,train
train_5813,train
train_5816,train
train_5817,train
train_5818,train
train_5820,train
train_5821,train
train_5825,train
train_5828,train
train_5829,train
train_583,train
train_5830,train
train_5831,train
train_5832,train
train_5833,train
train_5834,train
train_5835,train
train_5837,train
train_5839,train
train_584,train
train_5840,train
train_5841,train
train_5844,train
train_5849,train
train_585,train
train_5851,train
train_5852,train
train_5854,train
train_5855,train
train_5859,train
train_586,train
train_5861,train
train_5864,train
train_5865,train
train_5867,train
train_5868,train
train_5870,train
train_5872,train
train_5874,train
train_5875,train
train_5876,train
train_5877,train
train_5880,train
train_5881,train
train_5882,train
train_5885,train
train_5888,train
train_5889,train
train_589,train
train_5891,train
train_5893,train
train_5895,train
train_5897,train
train_590,train
train_5901,train
train_5902,train
train_5908,train
train_5909,train
train_591,train
train_5913,train
train_5915,train
train_5918,train
train_5920,train
train_5921,train
train_5924,train
train_5926,train
train_5929,train
train_593,train
train_5930,train
train_5933,train
train_5934,train
train_5935,train
train_5936,train
train_5937,train
train_5938,train
train_5939,train
train_5940,train
train_5943,train
train_5944,train
train_5949,train
train_595,train
train_5950,train
train_5951,train
train_5952,train
train_5954,train
train_5955,train
train_596,train
train_5960,train
train_5964,train
train_5965,train
train_5966,train
train_5967,train
train_5968,train
train_597,train
train_5972,train
train_5973,train
train_5975,train
train_5976,train
train_5977,train
train_5978,train
train_5980,train
train_5981,train
train_5983,train
train_5984,train
train_5985,train
train_5986,train
train_5987,train
train_5988,train
train_5989,train
train_5992,train
train_5994,train
train_5995,train
train_5997,train
train_5998,train
train_5999,train
train_60,train
train_600,train
train_6002,train
train_6005,train
train_6006,train
train_6007,train
train_6011,train
train_6014,train
train_6019,train
train_602,train
train_6020,train
train_6021,train
train_6024,train
train_6026,train
train_6027,train
train_6029,train
train_603,train
train_6030,train
train_6031,train
train_6034,train
train_6037,train
train_6038,train
train_6039,train
train_604,train
train_6041,train
train_6043,train
train_6044,train
train_6046,train
train_6047,train
train_6048,train
train_6049,train
train_6051,train
train_6053,train
train_6058,train
train_6059,train
train_6061,train
train_6063,train
train_6064,train
train_6065,train
train_6067,train
train_6068,train
train_607,train
train_6072,train
train_6073,train
train_6074,train
train_6075,train
train_6076,train
train_6079,train
train_6081,train
train_6082,train
train_6088,train
train_6089,train
train_609,train
train_6090,train
train_6091,train
train_6093,train
train_6095,train
train_6097,train
train_6098,train
train_6099,train
train_61,train
train_610,train
train_6102,train
train_6106,train
train_6109,train
train_6110,train
train_6111,train
train_6113,train
train_6116,train
train_6117,train
train_6118,train
train_612,train
train_6120,train
train_6122,train
train_6123,train
train_6124,train
train_6125,train
train_6126,train
train_6127,train
train_6128,train
train_6130,train
train_6132,train
train_6133,train
train_6135,train
train_6137,train
train_614,train
train_6142,train
train_6143,train
train_6144,train
train_6145,train
train_6148,train
train_6149,train
train_615,train
train_6150,train
train_6153,train
train_6154,train
train_6157,train
train_6158,train
train_6159,train
train_616,train
train_6162,train
train_6164,train
train_6165,train
train_6169,train
train_617,train
train_6170,train
train_6171,train
train_6172,train
train_6173,train
train_6179,train
train_618,train
train_6180,train
train_6182,train
train_6183,train
train_6184,train
train_6186,train
train_6187,train
train_6188,train
train_6190,train
train_6191,train
train_6194,train
train_6196,train
train_6197,train
train_6198,train
train_6205,train
train_6207,train
train_6209,train
train_621,train
train_6210,train
train_6211,train
train_6214,train
train_6217,train
train_6218,train
train_6219,train
train_6220,train
train_6222,train
train_6223,train
train_6226,train
train_6229,train
train_623,train
train_6230,train
train_6232,train
train_6234,train
train_6239,train
train_624,train
train_6241,train
train_6242,train
train_6245,train
train_6246,train
train_6247,train
train_6248,train
train_625,train
train_6250,train
train_6253,train
train_6254,train
train_6255,train
train_6257,train
train_6261,train
train_6262,train
train_6265,train
train_6266,train
train_6267,train
train_6268,train
train_6269,train
train_627,train
train_6270,train
train_6272,train
train_6273,train
train_6278,train
train_6279,train
train_628,train
train_6280,train
train_6282,train
train_6284,train
train_6286,train
train_6287,train
train_6288,train
train_6289,train
train_6293,train
train_6294,train
train_6295,train
train_6297,train
train_6299,train
train_6302,train
train_6305,train
train_6307,train
train_6308,train
train_6309,train
train_631,train
train_6310,train
train_6313,train
train_6315,train
train_6317,train
train_6319,train
train_632,train
train_6321,train
train_6324,train
train_6325,train
train_6326,train
train_6327,train
train_6328,train
train_6332,train
train_6335,train
train_6337,train
train_6338,train
train_6339,train
train_6340,train
train_6341,train
train_6342,train
train_6344,train
train_6346,train
train_6347,train
train_6348,train
train_6349,train
train_635,train
train_6350,train
train_6351,train
train_6352,train
train_6356,train
train_6357,train
train_6358,train
train_636,train
train_6360,train
train_6362,train
train_6367,train
train_6369,train
train_637,train
train_6370,train
train_6372,train
train_6373,train
train_6374,train
train_6375,train
train_6377,train
train_6379,train
train_638,train
train_6380,train
train_6382,train
train_6383,train
train_6384,train
train_6385,train
train_6389,train
train_639,train
train_6390,train
train_6392,train
train_6393,train
train_6396,train
train_6397,train
train_6398,train
train_64,train
train_640,train
train_6400,train
train_6402,train
train_6407,train
train_6408,train
train_6409,train
train_6410,train
train_6411,train
train_6417,train
train_6419,train
train_642,train
train_6421,train
train_6425,train
train_6426,train
train_6427,train
train_6428,train
train_643,train
train_6431,train
train_6432,train
train_6434,train
train_6436,train
train_6437,train
train_6441,train
train_6442,train
train_6444,train
train_6445,train
train_6446,train
train_6447,train
train_645,train
train_6450,train
train_6452,train
train_6454,train
train_6455,train
train_6456,train
train_6457,train
train_6459,train
train_646,train
train_6460,train
train_6461,train
train_6462,train
train_6465,train
train_6466,train
train_6468,train
train_647,train
train_6470,train
train_6471,train
train_6474,train
train_6475,train
train_6476,train
train_6477,train
train_6478,train
train_6481,train
train_6482,train
train_6486,train
train_6487,train
train_649,train
train_6493,train
train_6495,train
train_6500,train
train_6501,train
train_6505,train
train_6508,train
train_6511,train
train_6512,train
train_6513,train
train_6514,train
train_6515,train
train_6517,train
train_6519,train
train_652,train
train_6520,train
train_6522,train
train_6524,train
train_6525,train
train_6526,train
train_6527,train
train_6528,train
train_6529,train
train_6531,train
train_6533,train
train_6535,train
train_6536,train
train_6537,train
train_6538,train
train_6539,train
train_6540,train
train_6541,train
train_6543,train
train_6546,train
train_6548,train
train_655,train
train_6550,train
train_6552,train
train_6553,train
train_6556,train
train_6557,train
train_6559,train
train_656,train
train_6560,train
train_6561,train
train_6562,train
train_6566,train
train_6567,train
train_6568,train
train_6569,train
train_657,train
train_6572,train
train_6573,train
train_6574,train
train_6575,train
train_6576,train
train_6577,train
train_6578,train
train_6579,train
train_658,train
train_6581,train
train_6582,train
train_6585,train
train_6588,train
train_6589,train
train_659,train
train_6590,train
train_6592,train
train_6594,train
train_6596,train
train_6597,train
train_6599,train
train_66,train
train_6600,train
train_6601,train
train_6602,train
train_6603,train
train_6605,train
train_6606,train
train_6607,train
train_6610,train
train_6613,train
train_6615,train
train_6616,train
train_6617,train
train_6618,train
train_6622,train
train_6624,train
train_6629,train
train_6630,train
train_6631,train
train_6632,train
train_6634,train
train_6636,train
train_6637,train
train_6642,train
train_6643,train
train_6644,train
train_6645,train
train_6646,train
train_6653,train
train_6657,train
train_6658,train
train_666,train
train_6660,train
train_6663,train
train_6667,train
train_6668,train
train_6671,train
train_6673,train
train_6674,train
train_6678,train
train_6679,train
train_6680,train
train_6681,train
train_6683,train
train_6686,train
train_6688,train
train_669,train
train_6691,train
train_6692,train
train_6693,train
train_6695,train
train_6696,train
train_6697,train
train_6699,train
train_67,train
train_670,train
train_6701,train
train_6703,train
train_6704,train
train_6707,train
train_6709,train
train_6711,train
train_6713,train
train_6714,train
train_6715,train
train_6716,train
train_6717,train
train_672,train
train_6721,train
train_6723,train
train_6724,train
train_6725,train
train_6728,train
train_673,train
train_6733,train
train_6735,train
train_6736,train
train_6737,train
train_674,train
train_6740,train
train_6741,train
train_6744,train
train_6745,train
train_6747,train
train_6750,train
train_6753,train
train_6754,train
train_6758,train
train_676,train
train_6761,train
train_6762,train
train_6763,train
train_6764,train
train_6765,train
train_6766,train
train_6767,train
train_6770,train
train_6772,train
train_6776,train
train_6777,train
train_6779,train
train_678,train
train_6780,train
train_6781,train
train_6782,train
train_6783,train
train_6785,train
train_6789,train
train_679,train
train_6792,train
train_6796,train
train_6797,train
train_6798,train
train_68,train
train_6800,train
train_6802,train
train_6805,train
train_6806,train
train_6808,train
train_681,train
train_6812,train
train_6813,train
train_6817,train
train_6819,train
train_682,train
train_6822,train
train_6824,train
train_6825,train
train_6828,train
train_6831,train
train_6833,train
train_6834,train
train_6835,train
train_6836,train
train_684,train
train_6843,train
train_6846,train
train_6847,train
train_685,train
train_6850,train
train_6851,train
train_6855,train
train_6857,train
train_686,train
train_6860,train
train_6861,train
train_6865,train
train_6867,train
train_6868,train
train_6869,train
train_6871,train
train_6873,train
train_6874,train
train_6877,train
train_6880,train
train_6883,train
train_6886,train
train_6887,train
train_6888,train
train_6893,train
train_6894,train
train_6895,train
train_6896,train
train_6897,train
train_6899,train
train_69,train
train_690,train
train_6901,train
train_6902,train
train_6903,train
train_6904,train
train_6905,train
train_6907,train
train_6910,train
train_6912,train
train_6916,train
train_6919,train
train_692,train
train_6920,train
train_6921,train
train_6924,train
train_6927,train
train_6928,train
train_6930,train
train_6936,train
train_6938,train
train_6941,train
train_6942,train
train_6945,train
train_6946,train
train_6951,train
train_6954,train
train_6955,train
train_6956,train
train_6957,train
train_6958,train
train_6960,train
train_6961,train
train_6962,train
train_6964,train
train_6965,train
train_6966,train
train_6968,train
train_697,train
train_6970,train
train_6972,train
train_6974,train
train_6975,train
train_6977,train
train_6978,train
train_698,train
train_6982,train
train_6983,train
train_6984,train
train_6986,train
train_6988,train
train_6990,train
train_6991,train
train_6992,train
train_6993,train
train_6995,train
train_6998,train
train_7001,train
train_7004,train
train_7010,train
train_7011,train
train_7014,train
train_7016,train
train_7019,train
train_702,train
train_7023,train
train_7024,train
train_7027,train
train_7028,train
train_7029,train
train_703,train
train_7032,train
train_7034,train
train_7035,train
train_7036,train
train_7037,train
train_7038,train
train_7039,train
train_704,train
train_7040,train
train_7042,train
train_7046,train
train_7047,train
train_7049,train
train_705,train
train_7050,train
train_7052,train
train_7053,train
train_7054,train
train_7055,train
train_7056,train
train_7057,train
train_7059,train
train_706,train
train_7062,train
train_7064,train
train_7065,train
train_7066,train
train_7071,train
train_7074,train
train_7080,train
train_7084,train
train_7086,train
train_7088,train
train_7089,train
train_709,train
train_7091,train
train_7092,train
train_7095,train
train_7096,train
train_7098,train
train_7099,train
train_7104,train
train_7106,train
train_7107,train
train_711,train
train_7115,train
train_7117,train
train_7118,train
train_7119,train
train_7120,train
train_7122,train
train_7128,train
train_7129,train
train_713,train
train_7130,train
train_7131,train
train_7135,train
train_7136,train
train_7137,train
train_7139,train
train_714,train
train_7140,train
train_7141,train
train_7142,train
train_7144,train
train_7145,train
train_7146,train
train_715,train
train_7150,train
train_7152,train
train_7153,train
train_7159,train
train_716,train
train_7160,train
train_7162,train
train_7163,train
train_7164,train
train_7165,train
train_7166,train
train_7167,train
train_7168,train
train_717,train
train_7173,train
train_7174,train
train_7175,train
train_7176,train
train_7181,train
train_7182,train
train_7184,train
train_7186,train
train_7187,train
train_7188,train
train_7189,train
train_7192,train
train_7197,train
train_7199,train
train_72,train
train_7204,train
train_7206,train
train_7207,train
train_7210,train
train_7211,train
train_7214,train
train_7215,train
train_7217,train
train_7218,train
train_7219,train
train_722,train
train_7223,train
train_7224,train
train_7225,train
train_723,train
train_7231,train
train_7232,train
train_7233,train
train_7234,train
train_7237,train
train_7244,train
train_7248,train
train_7249,train
train_725,train
train_7250,train
train_7251,train
train_7255,train
train_7258,train
train_7259,train
train_726,train
train_7261,train
train_7262,train
train_7271,train
train_7272,train
train_7274,train
train_7277,train
train_7278,train
train_7279,train
train_728,train
train_7281,train
train_7282,train
train_7283,train
train_7285,train
train_7286,train
train_729,train
train_7292,train
train_7293,train
train_7297,train
train_7298,train
train_7299,train
train_73,train
train_730,train
train_7300,train
train_7303,train
train_7304,train
train_7305,train
train_7306,train
train_7308,train
train_731,train
train_7312,train
train_7313,train
train_7314,train
train_7316,train
train_7317,train
train_7319,train
train_732,train
train_7323,train
train_7324,train
train_7328,train
train_7329,train
train_733,train
train_7330,train
train_7331,train
train_7332,train
train_7334,train
train_7336,train
train_7337,train
train_7338,train
train_734,train
train_7342,train
train_7344,train
train_7347,train
train_7348,train
train_735,train
train_7350,train
train_7351,train
train_7354,train
train_7356,train
train_7357,train
train_7358,train
train_736,train
train_7360,train
train_7361,train
train_7363,train
train_7365,train
train_7367,train
train_737,train
train_7370,train
train_7373,train
train_7376,train
train_7378,train
train_7380,train
train_7382,train
train_7383,train
train_7386,train
train_7387,train
train_7388,train
train_7389,train
train_739,train
train_7390,train
train_7391,train
train_7394,train
train_7396,train
train_7397,train
train_7398,train
train_7399,train
train_7402,train
train_7407,train
train_7411,train
train_7413,train
train_7415,train
train_7416,train
train_7417,train
train_742,train
train_7420,train
train_7421,train
train_7422,train
train_7423,train
train_7424,train
train_7427,train
train_7428,train
train_7431,train
train_7432,train
train_7433,train
train_7434,train
train_7436,train
train_7437,train
train_7438,train
train_7439,train
train_7441,train
train_7443,train
train_7444,train
train_7453,train
train_7457,train
train_7462,train
train_747,train
train_7475,train
train_748,train
train_7486,train
train_75,train
train_750,train
train_7502,train
train_7505,train
train_7506,train
train_7514,train
train_7515,train
train_7517,train
train_7519,train
train_7523,train
train_7532,train
train_7536,train
train_7537,train
train_7538,train
train_7541,train
train_7542,train
train_7543,train
train_7553,train
train_7558,train
train_756,train
train_7565,train
train_7571,train
train_7579,train
train_758,train
train_7582,train
train_7586,train
train_7593,train
train_76,train
train_7605,train
train_7607,train
train_761,train
train_7612,train
train_7615,train
train_7619,train
train_762,train
train_7623,train
train_7625,train
train_7626,train
train_7627,train
train_7629,train
train_7632,train
train_7633,train
train_7634,train
train_7635,train
train_7637,train
train_7644,train
train_7645,train
train_7651,train
train_7652,train
train_7653,train
train_766,train
train_7660,train
train_7661,train
train_7662,train
train_7663,train
train_7664,train
train_7667,train
train_7668,train
train_7669,train
train_7672,train
train_7673,train
train_7674,train
train_7675,train
train_7676,train
train_7677,train
train_7678,train
train_7681,train
train_7682,train
train_7684,train
train_7685,train
train_7686,train
train_7691,train
train_7693,train
train_7694,train
train_7696,train
train_7699,train
train_770,train
train_7701,train
train_7702,train
train_7705,train
train_7706,train
train_771,train
train_7711,train
train_7717,train
train_7718,train
train_7719,train
train_772,train
train_7720,train
train_7722,train
train_7727,train
train_773,train
train_7731,train
train_7732,train
train_7733,train
train_7734,train
train_7735,train
train_7736,train
train_774,train
train_7740,train
train_7743,train
train_7745,train
train_7746,train
train_7748,train
train_7749,train
train_775,train
train_7750,train
train_7751,train
train_7752,train
train_7753,train
train_7754,train
train_7758,train
train_7759,train
train_776,train
train_7761,train
train_7764,train
train_7765,train
train_7768,train
train_7769,train
train_777,train
train_7770,train
train_7771,train
train_7773,train
train_7774,train
train_7778,train
train_778,train
train_7782,train
train_7783,train
train_7787,train
train_7789,train
train_7790,train
train_7791,train
train_7793,train
train_7794,train
train_7795,train
train_7797,train
train_7798,train
train_78,train
train_7801,train
train_7803,train
train_7805,train
train_7806,train
train_7808,train
train_781,train
train_7814,train
train_7815,train
train_7817,train
train_7818,train
train_7819,train
train_7821,train
train_7823,train
train_7824,train
train_7826,train
train_7827,train
train_7829,train
train_783,train
train_7830,train
train_7831,train
train_7832,train
train_7836,train
train_7838,train
train_7839,train
train_784,train
train_7840,train
train_7841,train
train_7842,train
train_7843,train
train_7845,train
train_7847,train
train_7849,train
train_7850,train
train_7851,train
train_7853,train
train_7856,train
train_7857,train
train_7859,train
train_786,train
train_7860,train
train_7861,train
train_7863,train
train_7864,train
train_7865,train
train_7866,train
train_7868,train
train_7871,train
train_7873,train
train_7874,train
train_7877,train
train_7878,train
train_7879,train
train_7880,train
train_7881,train
train_7882,train
train_7883,train
train_7884,train
train_7888,train
train_7889,train
train_7891,train
train_7892,train
train_7893,train
train_7896,train
train_7898,train
train_7899,train
train_79,train
train_7900,train
train_7901,train
train_7902,train
train_7903,train
train_7905,train
train_7908,train
train_7909,train
train_791,train
train_7910,train
train_7915,train
train_7918,train
train_7919,train
train_7921,train
train_7922,train
train_7924,train
train_7925,train
train_7928,train
train_7929,train
train_7930,train
train_7931,train
train_7933,train
train_7934,train
train_7935,train
train_7936,train
train_7937,train
train_7939,train
train_794,train
train_7940,train
train_7942,train
train_7948,train
train_7949,train
train_795,train
train_7951,train
train_7952,train
train_7953,train
train_7956,train
train_7957,train
train_7961,train
train_7966,train
train_7967,train
train_7968,train
train_7969,train
train_797,train
train_7970,train
train_7972,train
train_7974,train
train_7975,train
train_7977,train
train_7979,train
train_798,train
train_7980,train
train_7984,train
train_7985,train
train_7988,train
train_7989,train
train_799,train
train_7990,train
train_7992,train
train_7997,train
train_7998,train
train_7999,train
train_8,train
train_80,train
train_8000,train
train_8007,train
train_8010,train
train_8013,train
train_8016,train
train_8024,train
train_8025,train
train_8026,train
train_8027,train
train_8028,train
train_803,train
train_8030,train
train_8031,train
train_8032,train
train_8034,train
train_8035,train
train_8036,train
train_8037,train
train_8038,train
train_8039,train
train_804,train
train_8040,train
train_8041,train
train_8044,train
train_8045,train
train_8047,train
train_8048,train
train_805,train
train_8050,train
train_8051,train
train_8052,train
train_8053,train
train_8055,train
train_8056,train
train_8059,train
train_806,train
train_8060,train
train_8062,train
train_8065,train
train_8067,train
train_807,train
train_8071,train
train_8072,train
train_8073,train
train_8074,train
train_8076,train
train_8077,train
train_8078,train
train_808,train
train_8083,train
train_8084,train
train_8085,train
train_8086,train
train_8087,train
train_8089,train
train_809,train
train_8091,train
train_8092,train
train_8094,train
train_8097,train
train_8098,train
train_8099,train
train_81,train
train_810,train
train_8100,train
train_8101,train
train_8102,train
train_8103,train
train_8105,train
train_8108,train
train_8111,train
train_8113,train
train_8119,train
train_8123,train
train_8124,train
train_8125,train
train_8128,train
train_813,train
train_8131,train
train_8134,train
train_8135,train
train_8137,train
train_8138,train
train_8144,train
train_8146,train
train_8147,train
train_8148,train
train_8151,train
train_8152,train
train_8155,train
train_8156,train
train_8157,train
train_8158,train
train_8159,train
train_816,train
train_8161,train
train_8162,train
train_8164,train
train_8166,train
train_8169,train
train_8172,train
train_8173,train
train_8174,train
train_8175,train
train_8177,train
train_8178,train
train_8183,train
train_8184,train
train_8185,train
train_8186,train
train_8188,train
train_8189,train
train_819,train
train_8191,train
train_8192,train
train_8193,train
train_8195,train
train_8196,train
train_8199,train
train_82,train
train_820,train
train_8200,train
train_8202,train
train_8203,train
train_8207,train
train_8209,train
train_821,train
train_8213,train
train_8215,train
train_8216,train
train_8217,train
train_8218,train
train_8221,train
train_8222,train
train_8224,train
train_8225,train
train_8226,train
train_8229,train
train_823,train
train_8230,train
train_8238,train
train_8241,train
train_8243,train
train_8245,train
train_8249,train
train_8250,train
train_8253,train
train_8254,train
train_8255,train
train_8258,train
train_8259,train
train_8260,train
train_8261,train
train_8262,train
train_8263,train
train_8266,train
train_8267,train
train_8269,train
train_827,train
train_8272,train
train_8273,train
train_8276,train
train_8277,train
train_8278,train
train_8279,train
train_828,train
train_8280,train
train_8282,train
train_8284,train
train_8288,train
train_8291,train
train_8293,train
train_8294,train
train_8295,train
train_8297,train
train_830,train
train_8300,train
train_8302,train
train_8303,train
train_8304,train
train_8305,train
train_8307,train
train_8316,train
train_8317,train
train_8318,train
train_8319,train
train_832,train
train_8322,train
train_8324,train
train_8325,train
train_8327,train
train_8328,train
train_833,train
train_8330,train
train_8333,train
train_8334,train
train_8336,train
train_8337,train
train_8338,train
train_8339,train
train_834,train
train_8341,train
train_8342,train
train_8344,train
train_8345,train
train_8346,train
train_8348,train
train_8350,train
train_8354,train
train_8355,train
train_8356,train
train_8359,train
train_8360,train
train_8361,train
train_8368,train
train_837,train
train_8375,train
train_8378,train
train_8379,train
train_838,train
train_8386,train
train_8387,train
train_8397,train
train_8398,train
train_84,train
train_840,train
train_8400,train
train_8401,train
train_8403,train
train_8405,train
train_8406,train
train_8411,train
train_8414,train
train_8416,train
train_8417,train
train_8423,train
train_8425,train
train_8427,train
train_843,train
train_8430,train
train_8433,train
train_8434,train
train_8435,train
train_8436,train
train_8438,train
train_8439,train
train_844,train
train_8442,train
train_8443,train
train_8445,train
train_8446,train
train_8447,train
train_8448,train
train_845,train
train_8450,train
train_8451,train
train_8452,train
train_8454,train
train_8456,train
train_8459,train
train_846,train
train_8460,train
train_8462,train
train_8463,train
train_8464,train
train_8466,train
train_8469,train
train_847,train
train_8470,train
train_8472,train
train_8474,train
train_8475,train
train_8476,train
train_8477,train
train_8479,train
train_848,train
train_8480,train
train_8481,train
train_8483,train
train_8485,train
train_8486,train
train_8487,train
train_849,train
train_8494,train
train_8498,train
train_85,train
train_850,train
train_8504,train
train_8509,train
train_851,train
train_8512,train
train_8513,train
train_8514,train
train_8516,train
train_8520,train
train_8523,train
train_8524,train
train_8525,train
train_8526,train
train_8527,train
train_853,train
train_8530,train
train_8532,train
train_8533,train
train_8535,train
train_8536,train
train_8537,train
train_8538,train
train_8539,train
train_8541,train
train_8544,train
train_8547,train
train_8552,train
train_8553,train
train_8555,train
train_8559,train
train_8560,train
train_8562,train
train_8563,train
train_8567,train
train_8568,train
train_8569,train
train_8570,train
train_8572,train
train_8576,train
train_8577,train
train_8578,train
train_8579,train
train_8580,train
train_8581,train
train_8582,train
train_8583,train
train_8584,train
train_8585,train
train_8586,train
train_8587,train
train_8590,train
train_8591,train
train_8592,train
train_8594,train
train_8597,train
train_8599,train
train_860,train
train_8602,train
train_8604,train
train_8606,train
train_8607,train
train_8608,train
train_8609,train
train_861,train
train_8612,train
train_8613,train
train_8614,train
train_862,train
train_8622,train
train_8623,train
train_8624,train
train_8627,train
train_8629,train
train_863,train
train_8632,train
train_8635,train
train_8639,train
train_864,train
train_8640,train
train_8641,train
train_8644,train
train_8645,train
train_8647,train
train_8648,train
train_8649,train
train_865,train
train_8652,train
train_8653,train
train_8663,train
train_8664,train
train_8666,train
train_8669,train
train_867,train
train_8674,train
train_8676,train
train_8678,train
train_8680,train
train_8683,train
train_8684,train
train_8685,train
train_8687,train
train_8688,train
train_8689,train
train_8690,train
train_8691,train
train_8692,train
train_8693,train
train_8695,train
train_8696,train
train_8697,train
train_8699,train
train_87,train
train_870,train
train_8704,train
train_8705,train
train_8711,train
train_8715,train
train_8716,train
train_8717,train
train_8718,train
train_872,train
train_8722,train
train_8723,train
train_8725,train
train_8726,train
train_8727,train
train_8729,train
train_873,train
train_8730,train
train_8731,train
train_8732,train
train_8734,train
train_8735,train
train_8736,train
train_8737,train
train_8738,train
train_874,train
train_8740,train
train_8742,train
train_8743,train
train_8745,train
train_8748,train
train_875,train
train_8751,train
train_8756,train
train_8759,train
train_876,train
train_8762,train
train_8763,train
train_8764,train
train_8767,train
train_8768,train
train_8772,train
train_8773,train
train_8775,train
train_8776,train
train_8777,train
train_8778,train
train_8779,train
train_878,train
train_8780,train
train_8781,train
train_8782,train
train_8783,train
train_8784,train
train_8785,train
train_8786,train
train_8787,train
train_8788,train
train_8789,train
train_8791,train
train_8793,train
train_8796,train
train_8797,train
train_8798,train
train_8805,train
train_8806,train
train_8807,train
train_881,train
train_8811,train
train_8812,train
train_8814,train
train_8816,train
train_8819,train
train_882,train
train_8821,train
train_8823,train
train_8824,train
train_8826,train
train_8828,train
train_8829,train
train_883,train
train_8831,train
train_8834,train
train_8836,train
train_8838,train
train_8843,train
train_8845,train
train_8849,train
train_885,train
train_8853,train
train_8854,train
train_8857,train
train_8858,train
train_8860,train
train_8863,train
train_8864,train
train_8865,train
train_8866,train
train_8867,train
train_8872,train
train_8873,train
train_8877,train
train_8878,train
train_8879,train
train_888,train
train_8882,train
train_8883,train
train_8884,train
train_8885,train
train_8889,train
train_8890,train
train_8892,train
train_8893,train
train_8895,train
train_89,train
train_8900,train
train_8901,train
train_8902,train
train_8905,train
train_8907,train
train_8909,train
train_891,train
train_8911,train
train_8912,train
train_8918,train
train_8920,train
train_8921,train
train_8922,train
train_8923,train
train_8924,train
train_8925,train
train_8926,train
train_8927,train
train_8928,train
train_893,train
train_8930,train
train_8932,train
train_8933,train
train_8934,train
train_8937,train
train_8939,train
train_894,train
train_8941,train
train_8943,train
train_8944,train
train_8945,train
train_8947,train
train_8948,train
train_8950,train
train_8951,train
train_8952,train
train_8953,train
train_8955,train
train_8956,train
train_8957,train
train_8959,train
train_896,train
train_8960,train
train_8961,train
train_8962,train
train_8963,train
train_8966,train
train_8969,train
train_8970,train
train_8971,train
train_8972,train
train_8973,train
train_8974,train
train_8977,train
train_8978,train
train_8979,train
train_8980,train
train_8981,train
train_8982,train
train_8983,train
train_8984,train
train_8987,train
train_8990,train
train_8991,train
train_8992,train
train_8994,train
train_8996,train
train_8997,train
train_8999,train
train_9,train
train_9002,train
train_9005,train
train_9007,train
train_9009,train
train_9011,train
train_9013,train
train_9014,train
train_9015,train
train_9019,train
train_902,train
train_9022,train
train_9023,train
train_9024,train
train_9025,train
train_9027,train
train_9028,train
train_903,train
train_9030,train
train_9033,train
train_9035,train
train_9037,train
train_9039,train
train_904,train
train_9040,train
train_9041,train
train_9043,train
train_9044,train
train_9045,train
train_9046,train
train_9052,train
train_9053,train
train_9054,train
train_9055,train
train_9056,train
train_9057,train
train_906,train
train_9060,train
train_9063,train
train_9064,train
train_9066,train
train_9067,train
train_9072,train
train_9074,train
train_9075,train
train_9077,train
train_9078,train
train_908,train
train_9080,train
train_9081,train
train_9084,train
train_9086,train
train_9087,train
train_9090,train
train_9091,train
train_9092,train
train_9094,train
train_9099,train
train_910,train
train_9100,train
train_9101,train
train_9103,train
train_9104,train
train_9107,train
train_9108,train
train_911,train
train_9110,train
train_9114,train
train_9118,train
train_9119,train
train_9120,train
train_9122,train
train_9123,train
train_9124,train
train_913,train
train_9131,train
train_9138,train
train_9139,train
train_9141,train
train_9144,train
train_9145,train
train_9148,train
train_9152,train
train_9153,train
train_9154,train
train_9155,train
train_9156,train
train_9157,train
train_9158,train
train_916,train
train_9162,train
train_9164,train
train_9166,train
train_9168,train
train_9169,train
train_9170,train
train_9174,train
train_9175,train
train_9176,train
train_9178,train
train_918,train
train_9180,train
train_9182,train
train_9184,train
train_9185,train
train_9186,train
train_9187,train
train_9191,train
train_9192,train
train_9194,train
train_9195,train
train_9197,train
train_9199,train
train_9200,train
train_9201,train
train_9202,train
train_9203,train
train_9205,train
train_9206,train
train_9207,train
train_9208,train
train_921,train
train_9210,train
train_9211,train
train_9213,train
train_9217,train
train_9219,train
train_9220,train
train_9222,train
train_9224,train
train_9225,train
train_9227,train
train_9229,train
train_923,train
train_9230,train
train_9231,train
train_9236,train
train_9241,train
train_9242,train
train_9243,train
train_9245,train
train_9246,train
train_9247,train
train_9248,train
train_9249,train
train_9251,train
train_9252,train
train_9253,train
train_9255,train
train_9258,train
train_9260,train
train_9262,train
train_9264,train
train_9267,train
train_9270,train
train_9271,train
train_9273,train
train_9275,train
train_9276,train
train_9277,train
train_9278,train
train_928,train
train_9281,train
train_9289,train
train_929,train
train_9292,train
train_9294,train
train_9295,train
train_9296,train
train_9297,train
train_9298,train
train_930,train
train_9301,train
train_9302,train
train_9303,train
train_9304,train
train_9306,train
train_9309,train
train_931,train
train_9311,train
train_9313,train
train_9316,train
train_9317,train
train_9318,train
train_9321,train
train_9322,train
train_9324,train
train_9325,train
train_9327,train
train_9328,train
train_9331,train
train_9333,train
train_9335,train
train_9336,train
train_9337,train
train_9338,train
train_934,train
train_9341,train
train_9346,train
train_9347,train
train_9348,train
train_9349,train
train_9351,train
train_9352,train
train_9353,train
train_9354,train
train_9356,train
train_9357,train
train_9362,train
train_9365,train
train_9371,train
train_9373,train
train_9374,train
train_9375,train
train_9377,train
train_9378,train
train_9379,train
train_938,train
train_9381,train
train_9382,train
train_9384,train
train_9385,train
train_9390,train
train_9391,train
train_9392,train
train_9393,train
train_9394,train
train_9395,train
train_9396,train
train_9398,train
train_940,train
train_9403,train
train_9404,train
train_9405,train
train_9407,train
train_9408,train
train_941,train
train_9410,train
train_9412,train
train_9414,train
train_9415,train
train_9416,train
train_9418,train
train_9419,train
train_942,train
train_9421,train
train_9423,train
train_9424,train
train_9426,train
train_9427,train
train_9428,train
train_943,train
train_9430,train
train_9432,train
train_9433,train
train_9434,train
train_9435,train
train_9436,train
train_9438,train
train_9439,train
train_944,train
train_9441,train
train_9445,train
train_9446,train
train_9448,train
train_9449,train
train_9450,train
train_9451,train
train_9452,train
train_9453,train
train_9454,train
train_9456,train
train_9458,train
train_946,train
train_9462,train
train_9464,train
train_9465,train
train_9466,train
train_947,train
train_9471,train
train_9472,train
train_9474,train
train_9477,train
train_9479,train
train_9480,train
train_9482,train
train_9487,train
train_9488,train
train_9490,train
train_9491,train
train_9496,train
train_9498,train
train_9499,train
train_950,train
train_9500,train
train_9502,train
train_9503,train
train_9505,train
train_9507,train
train_9508,train
train_9509,train
train_9510,train
train_9511,train
train_9513,train
train_9515,train
train_9517,train
train_9526,train
train_9527,train
train_9529,train
train_953,train
train_9530,train
train_9531,train
train_9532,train
train_9533,train
train_9536,train
train_9539,train
train_9540,train
train_9541,train
train_9546,train
train_9548,train
train_9549,train
train_955,train
train_9552,train
train_9555,train
train_9557,train
train_9558,train
train_9559,train
train_956,train
train_9563,train
train_9565,train
train_9567,train
train_9569,train
train_957,train
train_9571,train
train_9572,train
train_9574,train
train_9580,train
train_9581,train
train_9582,train
train_9583,train
train_9585,train
train_9586,train
train_9588,train
train_9590,train
train_9591,train
train_9592,train
train_9596,train
train_9597,train
train_9598,train
train_96,train
train_960,train
train_9601,train
train_9605,train
train_9606,train
train_9608,train
train_961,train
train_9610,train
train_9611,train
train_9614,train
train_9615,train
train_9616,train
train_9617,train
train_9618,train
train_962,train
train_9620,train
train_9623,train
train_9626,train
train_9627,train
train_9629,train
train_9630,train
train_9631,train
train_9632,train
train_9634,train
train_9635,train
train_9637,train
train_9638,train
train_9639,train
train_964,train
train_9640,train
train_9641,train
train_9642,train
train_9644,train
train_9645,train
train_9648,train
train_9650,train
train_9653,train
train_9654,train
train_9655,train
train_9656,train
train_9657,train
train_9659,train
train_9660,train
train_9661,train
train_9662,train
train_9663,train
train_9667,train
train_9668,train
train_9669,train
train_967,train
train_9670,train
train_9673,train
train_9674,train
train_9676,train
train_9678,train
train_9680,train
train_9682,train
train_9684,train
train_9685,train
train_9686,train
train_9689,train
train_969,train
train_9691,train
train_9692,train
train_9695,train
train_9698,train
train_970,train
train_9700,train
train_9704,train
train_9706,train
train_9708,train
train_971,train
train_9710,train
train_9711,train
train_9714,train
train_9715,train
train_9716,train
train_9717,train
train_9718,train
train_972,train
train_9721,train
train_9725,train
train_9726,train
train_9727,train
train_9730,train
train_9731,train
train_9734,train
train_9737,train
train_9738,train
train_9739,train
train_974,train
train_9740,train
train_9741,train
train_9743,train
train_9746,train
train_9747,train
train_9748,train
train_9751,train
train_9753,train
train_9758,train
train_976,train
train_9760,train
train_9762,train
train_9763,train
train_9765,train
train_9768,train
train_9774,train
train_9776,train
train_9777,train
train_9778,train
train_978,train
train_9781,train
train_9782,train
train_9783,train
train_9784,train
train_9785,train
train_9786,train
train_9787,train
train_9788,train
train_979,train
train_9790,train
train_9791,train
train_9794,train
train_9795,train
train_9796,train
train_9798,train
train_9799,train
train_9800,train
train_9801,train
train_9807,train
train_9808,train
train_9809,train
train_981,train
train_9810,train
train_9812,train
train_9813,train
train_9815,train
train_9817,train
train_9819,train
train_982,train
train_9820,train
train_9822,train
train_9825,train
train_9826,train
train_9827,train
train_9828,train
train_983,train
train_9830,train
train_9831,train
train_984,train
train_9841,train
train_9842,train
train_9843,train
train_9844,train
train_9845,train
train_985,train
train_9851,train
train_9853,train
train_9854,train
train_9855,train
train_9856,train
train_9857,train
train_986,train
train_9860,train
train_9862,train
train_9863,train
train_9865,train
train_9867,train
train_9869,train
train_9870,train
train_9873,train
train_9876,train
train_9878,train
train_9880,train
train_9889,train
train_989,train
train_9890,train
train_9891,train
train_9892,train
train_9893,train
train_9894,train
train_9895,train
train_9897,train
train_9899,train
train_99,train
train_990,train
train_9900,train
train_9901,train
train_9902,train
train_9903,train
train_9904,train
train_9905,train
train_9907,train
train_9908,train
train_9909,train
train_991,train
train_9910,train
train_9913,train
train_9915,train
train_9916,train
train_9917,train
train_9922,train
train_9925,train
train_9927,train
train_9928,train
train_993,train
train_9931,train
train_9933,train
train_9935,train
train_9937,train
train_9938,train
train_994,train
train_9940,train
train_9944,train
train_9945,train
train_9947,train
train_9949,train
train_995,train
train_9950,train
train_9951,train
train_9954,train
train_9955,train
train_9957,train
train_9958,train
train_9959,train
train_9960,train
train_9963,train
train_9965,train
train_9966,train
train_9969,train
train_997,train
train_9971,train
train_9974,train
train_9976,train
train_9978,train
train_9982,train
train_9983,train
train_9987,train
train_999,train
train_9990,train
train_9991,train
train_9992,train
train_9994,train
train_9995,train
train_9998,train
train_9999,train
