record_id,split
0,train
1,train
10,train
100,train
1000,train
10000,train
10001,train
10002,train
10003,train
10004,train
10005,train
10006,train
10007,train
10008,train
10009,train
1001,train
10010,train
10011,train
10012,train
10013,train
10014,train
10015,train
10016,train
10017,train
10018,train
10019,train
1002,train
10020,train
10021,train
10022,train
10023,train
10024,train
10025,train
10026,train
10027,train
10028,train
10029,train
1003,train
10030,train
10031,train
10032,train
10033,train
10034,train
10035,train
10036,train
10037,train
10038,train
10039,train
1004,train
10040,train
10041,train
10042,train
10043,train
10044,train
10045,train
10046,train
10047,train
10048,train
10049,train
1005,train
10050,train
10051,train
10052,train
10053,train
10054,train
10055,train
10056,train
10057,train
10058,train
10059,train
1006,train
10060,train
10061,train
10062,train
10063,train
10064,train
10065,train
10066,train
10067,train
10068,train
10069,train
1007,train
10070,train
10071,train
10072,train
10073,train
10074,train
10075,train
10076,train
10077,train
10078,train
10079,train
1008,train
10080,train
10081,train
10082,train
10083,train
10084,train
10085,train
10086,train
10087,train
10088,train
10089,train
1009,train
10090,train
10091,train
10092,train
10093,train
10094,train
10095,train
10096,train
10097,train
10098,train
10099,train
101,train
1010,train
10100,train
10101,train
10102,train
10103,train
10104,train
10105,train
10106,train
10107,train
10108,train
10109,train
1011,train
10110,train
10111,train
10112,train
10113,train
10114,train
10115,train
10116,train
10117,train
10118,train
10119,train
1012,train
10120,train
10121,train
10122,train
10123,train
10124,train
10125,train
10126,train
10127,train
10128,train
10129,train
1013,train
10130,train
10131,train
10132,train
10133,train
10134,train
10135,train
10136,train
10137,train
10138,train
10139,train
1014,train
10140,train
10141,train
10142,train
10143,train
10144,train
10145,train
10146,train
10147,train
10148,train
10149,train
1015,train
10150,train
10151,train
10152,train
10153,train
10154,train
10155,train
10156,train
10157,train
10158,train
10159,train
1016,train
10160,train
10161,train
10162,train
10163,train
10164,train
10165,train
10166,train
10167,train
10168,train
10169,train
1017,train
10170,train
10171,train
10172,train
10173,train
10174,train
10175,train
10176,train
10177,train
10178,train
10179,train
1018,train
10180,train
10181,train
10182,train
10183,train
10184,train
10185,train
10186,train
10187,train
10188,train
10189,train
1019,train
10190,train
10191,train
10192,train
10193,train
10194,train
10195,train
10196,train
10197,train
10198,train
10199,train
102,train
1020,train
10200,train
10201,train
10202,train
10203,train
10204,train
10205,train
10206,train
10207,train
10208,train
10209,train
1021,train
10210,train
10211,train
10212,train
10213,train
10214,train
10215,train
10216,train
10217,train
10218,train
10219,train
1022,train
10220,train
10221,train
10222,train
10223,train
10224,train
10225,train
10226,train
10227,train
10228,train
10229,train
1023,train
10230,train
10231,train
10232,train
10233,train
10234,train
10235,train
10236,train
10237,train
10238,train
10239,train
1024,train
10240,train
10241,train
10242,train
10243,train
10244,train
10245,train
10246,train
10247,train
10248,train
10249,train
1025,train
10250,train
10251,train
10252,train
10253,train
10254,train
10255,train
10256,train
10257,train
10258,train
10259,train
1026,train
10260,train
10261,train
10262,train
10263,train
10264,train
10265,train
10266,train
10267,train
10268,train
10269,train
1027,train
10270,train
10271,train
10272,train
10273,train
10274,train
10275,train
10276,train
10277,train
10278,train
10279,train
1028,train
10280,train
10281,train
10282,train
10283,train
10284,train
10285,train
10286,train
10287,train
10288,train
10289,train
1029,train
10290,train
10291,train
10292,train
10293,train
10294,train
10295,train
10296,train
10297,train
10298,train
10299,train
103,train
1030,train
10300,train
10301,train
10302,train
10303,train
10304,train
10305,train
10306,train
10307,train
10308,train
10309,train
1031,train
10310,train
10311,train
10312,train
10313,train
10314,train
10315,train
10316,train
10317,train
10318,train
10319,train
1032,train
10320,train
10321,train
10322,train
10323,train
10324,train
10325,train
10326,train
10327,train
10328,train
10329,train
1033,train
10330,train
10331,train
10332,train
10333,train
10334,train
10335,train
10336,train
10337,train
10338,train
10339,train
1034,train
10340,train
10341,train
10342,train
10343,train
10344,train
10345,train
10346,train
10347,train
10348,train
10349,train
1035,train
10350,train
10351,train
10352,train
10353,train
10354,train
10355,train
10356,train
10357,train
10358,train
10359,train
1036,train
10360,train
10361,train
10362,train
10363,train
10364,train
10365,train
10366,train
10367,train
10368,train
10369,train
1037,train
10370,train
10371,train
10372,train
10373,train
10374,train
10375,train
10376,train
10377,train
10378,train
10379,train
1038,train
10380,train
10381,train
10382,train
10383,train
10384,train
10385,train
10386,train
10387,train
10388,train
10389,train
1039,train
10390,train
10391,train
10392,train
10393,train
10394,train
10395,train
10396,train
10397,train
10398,train
10399,train
104,train
1040,train
10400,train
10401,train
10402,train
10403,train
10404,train
10405,train
10406,train
10407,train
10408,train
10409,train
1041,train
10410,train
10411,train
10412,train
10413,train
10414,train
10415,train
10416,train
10417,train
10418,train
10419,train
1042,train
10420,train
10421,train
10422,train
10423,train
10424,train
10425,train
10426,train
10427,train
10428,train
10429,train
1043,train
10430,train
10431,train
10432,train
10433,train
10434,train
10435,train
10436,train
10437,train
10438,train
10439,train
1044,train
10440,train
10441,train
10442,train
10443,train
10444,train
10445,train
10446,train
10447,train
10448,train
10449,train
1045,train
10450,train
10451,train
10452,train
10453,train
10454,train
10455,train
10456,train
10457,train
10458,train
10459,train
1046,train
10460,train
10461,train
10462,train
10463,train
10464,train
10465,train
10466,train
10467,train
10468,train
10469,train
1047,train
10470,train
10471,train
10472,train
10473,train
10474,train
10475,train
10476,train
10477,train
10478,train
10479,train
1048,train
10480,train
10481,train
10482,train
10483,train
10484,train
10485,train
10486,train
10487,train
10488,train
10489,train
1049,train
10490,train
10491,train
10492,train
10493,train
10494,train
10495,train
10496,train
10497,train
10498,train
10499,train
105,train
1050,train
10500,train
10501,train
10502,train
10503,train
10504,train
10505,train
10506,train
10507,train
10508,train
10509,train
1051,train
10510,train
10511,train
10512,train
10513,train
10514,train
10515,train
10516,train
10517,train
10518,train
10519,train
1052,train
10520,train
10521,train
10522,train
10523,train
10524,train
10525,train
10526,train
10527,train
10528,train
10529,train
1053,train
10530,train
10531,train
10532,train
10533,train
10534,train
10535,train
10536,train
10537,train
10538,train
10539,train
1054,train
10540,train
10541,train
10542,train
10543,train
10544,train
10545,train
10546,train
10547,train
10548,train
10549,train
1055,train
10550,train
10551,train
10552,train
10553,train
10554,train
10555,train
10556,train
10557,train
10558,train
10559,train
1056,train
10560,train
10561,train
10562,train
10563,train
10564,train
10565,train
10566,train
10567,train
10568,train
10569,train
1057,train
10570,train
10571,train
10572,train
10573,train
10574,train
10575,train
10576,train
10577,train
10578,train
10579,train
1058,train
10580,train
10581,train
10582,train
10583,train
10584,train
10585,train
10586,train
10587,train
10588,train
10589,train
1059,train
10590,train
10591,train
10592,train
10593,train
10594,train
10595,train
10596,train
10597,train
10598,train
10599,train
106,train
1060,train
10600,train
10601,train
10602,train
10603,train
10604,train
10605,train
10606,train
10607,train
10608,train
10609,train
1061,train
10610,train
10611,train
10612,train
10613,train
10614,train
10615,train
10616,train
10617,train
10618,train
10619,train
1062,train
10620,train
10621,train
10622,train
10623,train
10624,train
10625,train
10626,train
10627,train
10628,train
10629,train
1063,train
10630,train
10631,train
10632,train
10633,train
10634,train
10635,train
10636,train
10637,train
10638,train
10639,train
1064,train
10640,train
10641,train
10642,train
10643,train
10644,train
10645,train
10646,train
10647,train
10648,train
10649,train
1065,train
10650,train
10651,train
10652,train
10653,train
10654,train
10655,train
10656,train
10657,train
10658,train
10659,train
1066,train
10660,train
10661,train
10662,train
10663,train
10664,train
10665,train
10666,train
10667,train
10668,train
10669,train
1067,train
10670,train
10671,train
10672,train
10673,train
10674,train
10675,train
10676,train
10677,train
10678,train
10679,train
1068,train
10680,train
10681,train
10682,train
10683,train
10684,train
10685,train
10686,train
10687,train
10688,train
10689,train
1069,train
10690,train
10691,train
10692,train
10693,train
10694,train
10695,train
10696,train
10697,train
10698,train
10699,train
107,train
1070,train
10700,train
10701,train
10702,train
10703,train
10704,train
10705,train
10706,train
10707,train
10708,train
10709,train
1071,train
10710,train
10711,train
10712,train
10713,train
10714,train
10715,train
10716,train
10717,train
10718,train
10719,train
1072,train
10720,train
10721,train
10722,train
10723,train
10724,train
10725,train
10726,train
10727,train
10728,train
10729,train
1073,train
10730,train
10731,train
10732,train
10733,train
10734,train
10735,train
10736,train
10737,train
10738,train
10739,train
1074,train
10740,train
10741,train
10742,train
10743,train
10744,train
10745,train
10746,train
10747,train
10748,train
10749,train
1075,train
10750,train
10751,train
10752,train
10753,train
10754,train
10755,train
10756,train
10757,train
10758,train
10759,train
1076,train
10760,train
10761,train
10762,train
10763,train
10764,train
10765,train
10766,train
10767,train
10768,train
10769,train
1077,train
10770,train
10771,train
10772,train
10773,train
10774,train
10775,train
10776,train
10777,train
10778,train
10779,train
1078,train
10780,train
10781,train
10782,train
10783,train
10784,train
10785,train
10786,train
10787,train
10788,train
10789,train
1079,train
10790,train
10791,train
10792,train
10793,train
10794,train
10795,train
10796,train
10797,train
10798,train
10799,train
108,train
1080,train
10800,train
10801,train
10802,train
10803,train
10804,train
10805,train
10806,train
10807,train
10808,train
10809,train
1081,train
10810,train
10811,train
10812,train
10813,train
10814,train
10815,train
10816,train
10817,train
10818,train
10819,train
1082,train
10820,train
10821,train
10822,train
10823,train
10824,train
10825,train
10826,train
10827,train
10828,train
10829,train
1083,train
10830,train
10831,train
10832,train
10833,train
10834,train
10835,train
10836,train
10837,train
10838,train
10839,train
1084,train
10840,train
10841,train
10842,train
10843,train
10844,train
10845,train
10846,train
10847,train
10848,train
10849,train
1085,train
10850,train
10851,train
10852,train
10853,train
10854,train
10855,train
10856,train
10857,train
10858,train
10859,train
1086,train
10860,train
10861,train
10862,train
10863,train
10864,train
10865,train
10866,train
10867,train
10868,train
10869,train
1087,train
10870,train
10871,train
10872,train
10873,train
10874,train
10875,train
10876,train
10877,train
10878,train
10879,train
1088,train
10880,train
10881,train
10882,train
10883,train
10884,train
10885,train
10886,train
10887,train
10888,train
10889,train
1089,train
10890,train
10891,train
10892,train
10893,train
10894,train
10895,train
10896,train
10897,train
10898,train
10899,train
109,train
1090,train
10900,train
10901,train
10902,train
10903,train
10904,train
10905,train
10906,train
10907,train
10908,train
10909,train
1091,train
10910,train
10911,train
10912,train
10913,train
10914,train
10915,train
10916,train
10917,train
10918,train
10919,train
1092,train
10920,train
10921,train
10922,train
10923,train
10924,train
10925,train
10926,train
10927,train
10928,train
10929,train
1093,train
10930,train
10931,train
10932,train
10933,train
10934,train
10935,train
10936,train
10937,train
10938,train
10939,train
1094,train
10940,train
10941,train
10942,train
10943,train
10944,train
10945,train
10946,train
10947,train
10948,train
10949,train
1095,train
10950,train
10951,train
10952,train
10953,train
10954,train
10955,train
10956,train
10957,train
10958,train
10959,train
1096,train
10960,train
10961,train
10962,train
10963,train
10964,train
10965,train
10966,train
10967,train
10968,train
10969,train
1097,train
10970,train
10971,train
10972,train
10973,train
10974,train
10975,train
10976,train
10977,train
10978,train
10979,train
1098,train
10980,train
10981,train
10982,train
10983,train
10984,train
10985,train
10986,train
10987,train
10988,train
10989,train
1099,train
10990,train
10991,train
10992,train
10993,train
10994,train
10995,train
10996,train
10997,train
10998,train
10999,train
11,train
110,train
1100,train
11000,train
11001,train
11002,train
11003,train
11004,train
11005,train
11006,train
11007,train
11008,train
11009,train
1101,train
11010,train
11011,train
11012,train
11013,train
11014,train
11015,train
11016,train
11017,train
11018,train
11019,train
1102,train
11020,train
11021,train
11022,train
11023,train
11024,train
11025,train
11026,train
11027,train
11028,train
11029,train
1103,train
11030,train
11031,train
11032,train
11033,train
11034,train
11035,train
11036,train
11037,train
11038,train
11039,train
1104,train
11040,train
11041,train
11042,train
11043,train
11044,train
11045,train
11046,train
11047,train
11048,train
11049,train
1105,train
11050,train
11051,train
11052,train
11053,train
11054,train
11055,train
11056,train
11057,train
11058,train
11059,train
1106,train
11060,train
11061,train
11062,train
11063,train
11064,train
11065,train
11066,train
11067,train
11068,train
11069,train
1107,train
11070,train
11071,train
11072,train
11073,train
11074,train
11075,train
11076,train
11077,train
11078,train
11079,train
1108,train
11080,train
11081,train
11082,train
11083,train
11084,train
11085,train
11086,train
11087,train
11088,train
11089,train
1109,train
11090,train
11091,train
11092,train
11093,train
11094,train
11095,train
11096,train
11097,train
11098,train
11099,train
111,train
1110,train
11100,train
11101,train
11102,train
11103,train
11104,train
11105,train
11106,train
11107,train
11108,train
11109,train
1111,train
11110,train
11111,train
11112,train
11113,train
11114,train
11115,train
11116,train
11117,train
11118,train
11119,train
1112,train
11120,train
11121,train
11122,train
11123,train
11124,train
11125,train
11126,train
11127,train
11128,train
11129,train
1113,train
11130,train
11131,train
11132,train
11133,train
11134,train
11135,train
11136,train
11137,train
11138,train
11139,train
1114,train
11140,train
11141,train
11142,train
11143,train
11144,train
11145,train
11146,train
11147,train
11148,train
11149,train
1115,train
11150,train
11151,train
11152,train
11153,train
11154,train
11155,train
11156,train
11157,train
11158,train
11159,train
1116,train
11160,train
11161,train
11162,train
11163,train
11164,train
11165,train
11166,train
11167,train
11168,train
11169,train
1117,train
11170,train
11171,train
11172,train
11173,train
11174,train
11175,train
11176,train
11177,train
11178,train
11179,train
1118,train
11180,train
11181,train
11182,train
11183,train
11184,train
11185,train
11186,train
11187,train
11188,train
11189,train
1119,train
11190,train
11191,train
11192,train
11193,train
11194,train
11195,train
11196,train
11197,train
11198,train
11199,train
112,train
1120,train
11200,train
11201,train
11202,train
11203,train
11204,train
11205,train
11206,train
11207,train
11208,train
11209,train
1121,train
11210,train
11211,train
11212,train
11213,train
11214,train
11215,train
11216,train
11217,train
11218,train
11219,train
1122,train
11220,train
11221,train
11222,train
11223,train
11224,train
11225,train
11226,train
11227,train
11228,train
11229,train
1123,train
11230,train
11231,train
11232,train
11233,train
11234,train
11235,train
11236,train
11237,train
11238,train
11239,train
1124,train
11240,train
11241,train
11242,train
11243,train
11244,train
11245,train
11246,train
11247,train
11248,train
11249,train
1125,train
11250,train
11251,train
11252,train
11253,train
11254,train
11255,train
11256,train
11257,train
11258,train
11259,train
1126,train
11260,train
11261,train
11262,train
11263,train
11264,train
11265,train
11266,train
11267,train
11268,train
11269,train
1127,train
11270,train
11271,train
11272,train
11273,train
11274,train
11275,train
11276,train
11277,train
11278,train
11279,train
1128,train
11280,train
11281,train
11282,train
11283,train
11284,train
11285,train
11286,train
11287,train
11288,train
11289,train
1129,train
11290,train
11291,train
11292,train
11293,train
11294,train
11295,train
11296,train
11297,train
11298,train
11299,train
113,train
1130,train
11300,train
11301,train
11302,train
11303,train
11304,train
11305,train
11306,train
11307,train
11308,train
11309,train
1131,train
11310,train
11311,train
11312,train
11313,train
11314,train
11315,train
11316,train
11317,train
11318,train
11319,train
1132,train
11320,train
11321,train
11322,train
11323,train
11324,train
11325,train
11326,train
11327,train
11328,train
11329,train
1133,train
11330,train
11331,train
11332,train
11333,train
11334,train
11335,train
11336,train
11337,train
11338,train
11339,train
1134,train
11340,train
11341,train
11342,train
11343,train
11344,train
11345,train
11346,train
11347,train
11348,train
11349,train
1135,train
11350,train
11351,train
11352,train
11353,train
11354,train
11355,train
11356,train
11357,train
11358,train
11359,train
1136,train
11360,train
11361,train
11362,train
11363,train
11364,train
11365,train
11366,train
11367,train
11368,train
11369,train
1137,train
11370,train
11371,train
11372,train
11373,train
11374,train
11375,train
11376,train
11377,train
11378,train
11379,train
1138,train
11380,train
11381,train
11382,train
11383,train
11384,train
11385,train
11386,train
11387,train
11388,train
11389,train
1139,train
11390,train
11391,train
11392,train
11393,train
11394,train
11395,train
11396,train
11397,train
11398,train
11399,train
114,train
1140,train
11400,train
11401,train
11402,train
11403,train
11404,train
11405,train
11406,train
11407,train
11408,train
11409,train
1141,train
11410,train
11411,train
11412,train
11413,train
11414,train
11415,train
11416,train
11417,train
11418,train
11419,train
1142,train
11420,train
11421,train
11422,train
11423,train
11424,train
11425,train
11426,train
11427,train
11428,train
11429,train
1143,train
11430,train
11431,train
11432,train
11433,train
11434,train
11435,train
11436,train
11437,train
11438,train
11439,train
1144,train
11440,train
11441,train
11442,train
11443,train
11444,train
11445,train
11446,train
11447,train
11448,train
11449,train
1145,train
11450,train
11451,train
11452,train
11453,train
11454,train
11455,train
11456,train
11457,train
11458,train
11459,train
1146,train
11460,train
11461,train
11462,train
11463,train
11464,train
11465,train
11466,train
11467,train
11468,train
11469,train
1147,train
11470,train
11471,train
11472,train
11473,train
11474,train
11475,train
11476,train
11477,train
11478,train
11479,train
1148,train
11480,train
11481,train
11482,train
11483,train
11484,train
11485,train
11486,train
11487,train
11488,train
11489,train
1149,train
11490,train
11491,train
11492,train
11493,train
11494,train
11495,train
11496,train
11497,train
11498,train
11499,train
115,train
1150,train
11500,train
11501,train
11502,train
11503,train
11504,train
11505,train
11506,train
11507,train
11508,train
11509,train
1151,train
11510,train
11511,train
11512,train
11513,train
11514,train
11515,train
11516,train
11517,train
11518,train
11519,train
1152,train
11520,train
11521,train
11522,train
11523,train
11524,train
11525,train
11526,train
11527,train
11528,train
11529,train
1153,train
11530,train
11531,train
11532,train
11533,train
11534,train
11535,train
11536,train
11537,train
11538,train
11539,train
1154,train
11540,train
11541,train
11542,train
11543,train
11544,train
11545,train
11546,train
11547,train
11548,train
11549,train
1155,train
11550,train
11551,train
11552,train
11553,train
11554,train
11555,train
11556,train
11557,train
11558,train
11559,train
1156,train
11560,train
11561,train
11562,train
11563,train
11564,train
11565,train
11566,train
11567,train
11568,train
11569,train
1157,train
11570,train
11571,train
11572,train
11573,train
11574,train
11575,train
11576,train
11577,train
11578,train
11579,train
1158,train
11580,train
11581,train
11582,train
11583,train
11584,train
11585,train
11586,train
11587,train
11588,train
11589,train
1159,train
11590,train
11591,train
11592,train
11593,train
11594,train
11595,train
11596,train
11597,train
11598,train
11599,train
116,train
1160,train
11600,train
11601,train
11602,train
11603,train
11604,train
11605,train
11606,train
11607,train
11608,train
11609,train
1161,train
11610,train
11611,train
11612,train
11613,train
11614,train
11615,train
11616,train
11617,train
11618,train
11619,train
1162,train
11620,train
11621,train
11622,train
11623,train
11624,train
11625,train
11626,train
11627,train
11628,train
11629,train
1163,train
11630,train
11631,train
11632,train
11633,train
11634,train
11635,train
11636,train
11637,train
11638,train
11639,train
1164,train
11640,train
11641,train
11642,train
11643,train
11644,train
11645,train
11646,train
11647,train
11648,train
11649,train
1165,train
11650,train
11651,train
11652,train
11653,train
11654,train
11655,train
11656,train
11657,train
11658,train
11659,train
1166,train
11660,train
11661,train
11662,train
11663,train
11664,train
11665,train
11666,train
11667,train
11668,train
11669,train
1167,train
11670,train
11671,train
11672,train
11673,train
11674,train
11675,train
11676,train
11677,train
11678,train
11679,train
1168,train
11680,train
11681,train
11682,train
11683,train
11684,train
11685,train
11686,train
11687,train
11688,train
11689,train
1169,train
11690,train
11691,train
11692,train
11693,train
11694,train
11695,train
11696,train
11697,train
11698,train
11699,train
117,train
1170,train
11700,train
11701,train
11702,train
11703,train
11704,train
11705,train
11706,train
11707,train
11708,train
11709,train
1171,train
11710,train
11711,train
11712,train
11713,train
11714,train
11715,train
11716,train
11717,train
11718,train
11719,train
1172,train
11720,train
11721,train
11722,train
11723,train
11724,train
11725,train
11726,train
11727,train
11728,train
11729,train
1173,train
11730,train
11731,train
11732,train
11733,train
11734,train
11735,train
11736,train
11737,train
11738,train
11739,train
1174,train
11740,train
11741,train
11742,train
11743,train
11744,train
11745,train
11746,train
11747,train
11748,train
11749,train
1175,train
11750,train
11751,train
11752,train
11753,train
11754,train
11755,train
11756,train
11757,train
11758,train
11759,train
1176,train
11760,train
11761,train
11762,train
11763,train
11764,train
11765,train
11766,train
11767,train
11768,train
11769,train
1177,train
11770,train
11771,train
11772,train
11773,train
11774,train
11775,train
11776,train
11777,train
11778,train
11779,train
1178,train
11780,train
11781,train
11782,train
11783,train
11784,train
11785,train
11786,train
11787,train
11788,train
11789,train
1179,train
11790,train
11791,train
11792,train
11793,train
11794,train
11795,train
11796,train
11797,train
11798,train
11799,train
118,train
1180,train
11800,train
11801,train
11802,train
11803,train
11804,train
11805,train
11806,train
11807,train
11808,train
11809,train
1181,train
11810,train
11811,train
11812,train
11813,train
11814,train
11815,train
11816,train
11817,train
11818,train
11819,train
1182,train
11820,train
11821,train
11822,train
11823,train
11824,train
11825,train
11826,train
11827,train
11828,train
11829,train
1183,train
11830,train
11831,train
11832,train
11833,train
11834,train
11835,train
11836,train
11837,train
11838,train
11839,train
1184,train
11840,train
11841,train
11842,train
11843,train
11844,train
11845,train
11846,train
11847,train
11848,train
11849,train
1185,train
11850,train
11851,train
11852,train
11853,train
11854,train
11855,train
11856,train
11857,train
11858,train
11859,train
1186,train
11860,train
11861,train
11862,train
11863,train
11864,train
11865,train
11866,train
11867,train
11868,train
11869,train
1187,train
11870,train
11871,train
11872,train
11873,train
11874,train
11875,train
11876,train
11877,train
11878,train
11879,train
1188,train
11880,train
11881,train
11882,train
11883,train
11884,train
11885,train
11886,train
11887,train
11888,train
11889,train
1189,train
11890,train
11891,train
11892,train
11893,train
11894,train
11895,train
11896,train
11897,train
11898,train
11899,train
119,train
1190,train
11900,train
11901,train
11902,train
11903,train
11904,train
11905,train
11906,train
11907,train
11908,train
11909,train
1191,train
11910,train
11911,train
11912,train
11913,train
11914,train
11915,train
11916,train
11917,train
11918,train
11919,train
1192,train
11920,train
11921,train
11922,train
11923,train
11924,train
11925,train
11926,train
11927,train
11928,train
11929,train
1193,train
11930,train
11931,train
11932,train
11933,train
11934,train
11935,train
11936,train
11937,train
11938,train
11939,train
1194,train
11940,train
11941,train
11942,train
11943,train
11944,train
11945,train
11946,train
11947,train
11948,train
11949,train
1195,train
11950,train
11951,train
11952,train
11953,train
11954,train
11955,train
11956,train
11957,train
11958,train
11959,train
1196,train
11960,train
11961,train
11962,train
11963,train
11964,train
11965,train
11966,train
11967,train
11968,train
11969,train
1197,train
11970,train
11971,train
11972,train
11973,train
11974,train
11975,train
11976,train
11977,train
11978,train
11979,train
1198,train
11980,train
11981,train
11982,train
11983,train
11984,train
11985,train
11986,train
11987,train
11988,train
11989,train
1199,train
11990,train
11991,train
11992,train
11993,train
11994,train
11995,train
11996,train
11997,train
11998,train
11999,train
12,train
120,train
1200,train
12000,train
12001,train
12002,train
12003,train
12004,train
12005,train
12006,train
12007,train
12008,train
12009,train
1201,train
12010,train
12011,train
12012,train
12013,train
12014,train
12015,train
12016,train
12017,train
12018,train
12019,train
1202,train
12020,train
12021,train
12022,train
12023,train
12024,train
12025,train
12026,train
12027,train
12028,train
12029,train
1203,train
12030,train
12031,train
12032,train
12033,train
12034,train
12035,train
12036,train
12037,train
12038,train
12039,train
1204,train
12040,train
12041,train
12042,train
12043,train
12044,train
12045,train
12046,train
12047,train
12048,train
12049,train
1205,train
12050,train
12051,train
12052,train
12053,train
12054,train
12055,train
12056,train
12057,train
12058,train
12059,train
1206,train
12060,train
12061,train
12062,train
12063,train
12064,train
12065,train
12066,train
12067,train
12068,train
12069,train
1207,train
12070,train
12071,train
12072,train
12073,train
12074,train
12075,train
12076,train
12077,train
12078,train
12079,train
1208,train
12080,train
12081,train
12082,train
12083,train
12084,train
12085,train
12086,train
12087,train
12088,train
12089,train
1209,train
12090,train
12091,train
12092,train
12093,train
12094,train
12095,train
12096,train
12097,train
12098,train
12099,train
121,train
1210,train
12100,train
12101,train
12102,train
12103,train
12104,train
12105,train
12106,train
12107,train
12108,train
12109,train
1211,train
12110,train
12111,train
12112,train
12113,train
12114,train
12115,train
12116,train
12117,train
12118,train
12119,train
1212,train
12120,train
12121,train
12122,train
12123,train
12124,train
12125,train
12126,train
12127,train
12128,train
12129,train
1213,train
12130,train
12131,train
12132,train
12133,train
12134,train
12135,train
12136,train
12137,train
12138,train
12139,train
1214,train
12140,train
12141,train
12142,train
12143,train
12144,train
12145,train
12146,train
12147,train
12148,train
12149,train
1215,train
12150,train
12151,train
12152,train
12153,train
12154,train
12155,train
12156,train
12157,train
12158,train
12159,train
1216,train
12160,train
12161,train
12162,train
12163,train
12164,train
12165,train
12166,train
12167,train
12168,train
12169,train
1217,train
12170,train
12171,train
12172,train
12173,train
12174,train
12175,train
12176,train
12177,train
12178,train
12179,train
1218,train
12180,train
12181,train
12182,train
12183,train
12184,train
12185,train
12186,train
12187,train
12188,train
12189,train
1219,train
12190,train
12191,train
12192,train
12193,train
12194,train
12195,train
12196,train
12197,train
12198,train
12199,train
122,train
1220,train
12200,train
12201,train
12202,train
12203,train
12204,train
12205,train
12206,train
12207,train
12208,train
12209,train
1221,train
12210,train
12211,train
12212,train
12213,train
12214,train
12215,train
12216,train
12217,train
12218,train
12219,train
1222,train
12220,train
12221,train
12222,train
12223,train
12224,train
12225,train
12226,train
12227,train
12228,train
12229,train
1223,train
12230,train
12231,train
12232,train
12233,train
12234,train
12235,train
12236,train
12237,train
12238,train
12239,train
1224,train
12240,train
12241,train
12242,train
12243,train
12244,train
12245,train
12246,train
12247,train
12248,train
12249,train
1225,train
12250,train
12251,train
12252,train
12253,train
12254,train
12255,train
12256,train
12257,train
12258,train
12259,train
1226,train
12260,train
12261,train
12262,train
12263,train
12264,train
12265,train
12266,train
12267,train
12268,train
12269,train
1227,train
12270,train
12271,train
12272,train
12273,train
12274,train
12275,train
12276,train
12277,train
12278,train
12279,train
1228,train
12280,train
12281,train
12282,train
12283,train
12284,train
12285,train
12286,train
12287,train
12288,train
12289,train
1229,train
12290,train
12291,train
12292,train
12293,train
12294,train
12295,train
12296,train
12297,train
12298,train
12299,train
123,train
1230,train
12300,train
12301,train
12302,train
12303,train
12304,train
12305,train
12306,train
12307,train
12308,train
12309,train
1231,train
12310,train
12311,train
12312,train
12313,train
12314,train
12315,train
12316,train
12317,train
12318,train
12319,train
1232,train
12320,train
12321,train
12322,train
12323,train
12324,train
12325,train
12326,train
12327,train
12328,train
12329,train
1233,train
12330,train
12331,train
12332,train
12333,train
12334,train
12335,train
12336,train
12337,train
12338,train
12339,train
1234,train
12340,train
12341,train
12342,train
12343,train
12344,train
12345,train
12346,train
12347,train
12348,train
12349,train
1235,train
12350,train
12351,train
12352,train
12353,train
12354,train
12355,train
12356,train
12357,train
12358,train
12359,train
1236,train
12360,train
12361,train
12362,train
12363,train
12364,train
12365,train
12366,train
12367,train
12368,train
12369,train
1237,train
12370,train
12371,train
12372,train
12373,train
12374,train
12375,train
12376,train
12377,train
12378,train
12379,train
1238,train
12380,train
12381,train
12382,train
12383,train
12384,train
12385,train
12386,train
12387,train
12388,train
12389,train
1239,train
12390,train
12391,train
12392,train
12393,train
12394,train
12395,train
12396,train
12397,train
12398,train
12399,train
124,train
1240,train
12400,train
12401,train
12402,train
12403,train
12404,train
12405,train
12406,train
12407,train
12408,train
12409,train
1241,train
12410,train
12411,train
12412,train
12413,train
12414,train
12415,train
12416,train
12417,train
12418,train
12419,train
1242,train
12420,train
12421,train
12422,train
12423,train
12424,train
12425,train
12426,train
12427,train
12428,train
12429,train
1243,train
12430,train
12431,train
12432,train
12433,train
12434,train
12435,train
12436,train
12437,train
12438,train
12439,train
1244,train
12440,train
12441,train
12442,train
12443,train
12444,train
12445,train
12446,train
12447,train
12448,train
12449,train
1245,train
12450,train
12451,train
12452,train
12453,train
12454,train
12455,train
12456,train
12457,train
12458,train
12459,train
1246,train
12460,train
12461,train
12462,train
12463,train
12464,train
12465,train
12466,train
12467,train
12468,train
12469,train
1247,train
12470,train
12471,train
12472,train
12473,train
12474,train
12475,train
12476,train
12477,train
12478,train
12479,train
1248,train
12480,train
12481,train
12482,train
12483,train
12484,train
12485,train
12486,train
12487,train
12488,train
12489,train
1249,train
12490,train
12491,train
12492,train
12493,train
12494,train
12495,train
12496,train
12497,train
12498,train
12499,train
125,train
1250,train
12500,train
12501,train
12502,train
12503,train
12504,train
12505,train
12506,train
12507,train
12508,train
12509,train
1251,train
12510,train
12511,train
12512,train
12513,train
12514,train
12515,train
12516,train
12517,train
12518,train
12519,train
1252,train
12520,train
12521,train
12522,train
12523,train
12524,train
12525,train
12526,train
12527,train
12528,train
12529,train
1253,train
12530,train
12531,train
12532,train
12533,train
12534,train
12535,train
12536,train
12537,train
12538,train
12539,train
1254,train
12540,train
12541,train
12542,train
12543,train
12544,train
12545,train
12546,train
12547,train
12548,train
12549,train
1255,train
12550,train
12551,train
12552,train
12553,train
12554,train
12555,train
12556,train
12557,train
12558,train
12559,train
1256,train
12560,train
12561,train
12562,train
12563,train
12564,train
12565,train
12566,train
12567,train
12568,train
12569,train
1257,train
12570,train
12571,train
12572,train
12573,train
12574,train
12575,train
12576,train
12577,train
12578,train
12579,train
1258,train
12580,train
12581,train
12582,train
12583,train
12584,train
12585,train
12586,train
12587,train
12588,train
12589,train
1259,train
12590,train
12591,train
12592,train
12593,train
12594,train
12595,train
12596,train
12597,train
12598,train
12599,train
126,train
1260,train
12600,train
12601,train
12602,train
12603,train
12604,train
12605,train
12606,train
12607,train
12608,train
12609,train
1261,train
12610,train
12611,train
12612,train
12613,train
12614,train
12615,train
12616,train
12617,train
12618,train
12619,train
1262,train
12620,train
12621,train
12622,train
12623,train
12624,train
12625,train
12626,train
12627,train
12628,train
12629,train
1263,train
12630,train
12631,train
12632,train
12633,train
12634,train
12635,train
12636,train
12637,train
12638,train
12639,train
1264,train
12640,train
12641,train
12642,train
12643,train
12644,train
12645,train
12646,train
12647,train
12648,train
12649,train
1265,train
12650,train
12651,train
12652,train
12653,train
12654,train
12655,train
12656,train
12657,train
12658,train
12659,train
1266,train
12660,train
12661,train
12662,train
12663,train
12664,train
12665,train
12666,train
12667,train
12668,train
12669,train
1267,train
12670,train
12671,train
12672,train
12673,train
12674,train
12675,train
12676,train
12677,train
12678,train
12679,train
1268,train
12680,train
12681,train
12682,train
12683,train
12684,train
12685,train
12686,train
12687,train
12688,train
12689,train
1269,train
12690,train
12691,train
12692,train
12693,train
12694,train
12695,train
12696,train
12697,train
12698,train
12699,train
127,train
1270,train
12700,train
12701,train
12702,train
12703,train
12704,train
12705,train
12706,train
12707,train
12708,train
12709,train
1271,train
12710,train
12711,train
12712,train
12713,train
12714,train
12715,train
12716,train
12717,train
12718,train
12719,train
1272,train
12720,train
12721,train
12722,train
12723,train
12724,train
12725,train
12726,train
12727,train
12728,train
12729,train
1273,train
12730,train
12731,train
12732,train
12733,train
12734,train
12735,train
12736,train
12737,train
12738,train
12739,train
1274,train
12740,train
12741,train
12742,train
12743,train
12744,train
12745,train
12746,train
12747,train
12748,train
12749,train
1275,train
12750,train
12751,train
12752,train
12753,train
12754,train
12755,train
12756,train
12757,train
12758,train
12759,train
1276,train
12760,train
12761,train
12762,train
12763,train
12764,train
12765,train
12766,train
12767,train
12768,train
12769,train
1277,train
12770,train
12771,train
12772,train
12773,train
12774,train
12775,train
12776,train
12777,train
12778,train
12779,train
1278,train
12780,train
12781,train
12782,train
12783,train
12784,train
12785,train
12786,train
12787,train
12788,train
12789,train
1279,train
12790,train
12791,train
12792,train
12793,train
12794,train
12795,train
12796,train
12797,train
12798,train
12799,train
128,train
1280,train
12800,train
12801,train
12802,train
12803,train
12804,train
12805,train
12806,train
12807,train
12808,train
12809,train
1281,train
12810,train
12811,train
12812,train
12813,train
12814,train
12815,train
12816,train
12817,train
12818,train
12819,train
1282,train
12820,train
12821,train
12822,train
12823,train
12824,train
12825,train
12826,train
12827,train
12828,train
12829,train
1283,train
12830,train
12831,train
12832,train
12833,train
12834,train
12835,train
12836,train
12837,train
12838,train
12839,train
1284,train
12840,train
12841,train
12842,train
12843,train
12844,train
12845,train
12846,train
12847,train
12848,train
12849,train
1285,train
12850,train
12851,train
12852,train
12853,train
12854,train
12855,train
12856,train
12857,train
12858,train
12859,train
1286,train
12860,train
12861,train
12862,train
12863,train
12864,train
12865,train
12866,train
12867,train
12868,train
12869,train
1287,train
12870,train
12871,train
12872,train
12873,train
12874,train
12875,train
12876,train
12877,train
12878,train
12879,train
1288,train
12880,train
12881,train
12882,train
12883,train
12884,train
12885,train
12886,train
12887,train
12888,train
12889,train
1289,train
12890,train
12891,train
12892,train
12893,train
12894,train
12895,train
12896,train
12897,train
12898,train
12899,train
129,train
1290,train
12900,train
12901,train
12902,train
12903,train
12904,train
12905,train
12906,train
12907,train
12908,train
12909,train
1291,train
12910,train
12911,train
12912,train
12913,train
12914,train
12915,train
12916,train
12917,train
12918,train
12919,train
1292,train
12920,train
12921,train
12922,train
12923,train
12924,train
12925,train
12926,train
12927,train
12928,train
12929,train
1293,train
12930,train
12931,train
12932,train
12933,train
12934,train
12935,train
12936,train
12937,train
12938,train
12939,train
1294,train
12940,train
12941,train
12942,train
12943,train
12944,train
12945,train
12946,train
12947,train
12948,train
12949,train
1295,train
12950,train
12951,train
12952,train
12953,train
12954,train
12955,train
12956,train
12957,train
12958,train
12959,train
1296,train
12960,train
12961,train
12962,train
12963,train
12964,train
12965,train
12966,train
12967,train
12968,train
12969,train
1297,train
12970,train
12971,train
12972,train
12973,train
12974,train
12975,train
12976,train
12977,train
12978,train
12979,train
1298,train
12980,train
12981,train
12982,train
12983,train
12984,train
12985,train
12986,train
12987,train
12988,train
12989,train
1299,train
12990,train
12991,train
12992,train
12993,train
12994,train
12995,train
12996,train
12997,train
12998,train
12999,train
13,train
130,train
1300,train
13000,train
13001,train
13002,train
13003,train
13004,train
13005,train
13006,train
13007,train
13008,train
13009,train
1301,train
13010,train
13011,train
13012,train
13013,train
13014,train
13015,train
13016,train
13017,train
13018,train
13019,train
1302,train
13020,train
13021,train
13022,train
13023,train
13024,train
13025,train
13026,train
13027,train
13028,train
13029,train
1303,train
13030,train
13031,train
13032,train
13033,train
13034,train
13035,train
13036,train
13037,train
13038,train
13039,train
1304,train
13040,train
13041,train
13042,train
13043,train
13044,train
13045,train
13046,train
13047,train
13048,train
13049,train
1305,train
13050,train
13051,train
13052,train
13053,train
13054,train
13055,train
13056,train
13057,train
13058,train
13059,train
1306,train
13060,train
13061,train
13062,train
13063,train
13064,train
13065,train
13066,train
13067,train
13068,train
13069,train
1307,train
13070,train
13071,train
13072,train
13073,train
13074,train
13075,train
13076,train
13077,train
13078,train
13079,train
1308,train
13080,train
13081,train
13082,train
13083,train
13084,train
13085,train
13086,train
13087,train
13088,train
13089,train
1309,train
13090,train
13091,train
13092,train
13093,train
13094,train
13095,train
13096,train
13097,train
13098,train
13099,train
131,train
1310,train
13100,train
13101,train
13102,train
13103,train
13104,train
13105,train
13106,train
13107,train
13108,train
13109,train
1311,train
13110,train
13111,train
13112,train
13113,train
13114,train
13115,train
13116,train
13117,train
13118,train
13119,train
1312,train
13120,train
13121,train
13122,train
13123,train
13124,train
13125,train
13126,train
13127,train
13128,train
13129,train
1313,train
13130,train
13131,train
13132,train
13133,train
13134,train
13135,train
13136,train
13137,train
13138,train
13139,train
1314,train
13140,train
13141,train
13142,train
13143,train
13144,train
13145,train
13146,train
13147,train
13148,train
13149,train
1315,train
13150,train
13151,train
13152,train
13153,train
13154,train
13155,train
13156,train
13157,train
13158,train
13159,train
1316,train
13160,train
13161,train
13162,train
13163,train
13164,train
13165,train
13166,train
13167,train
13168,train
13169,train
1317,train
13170,train
13171,train
13172,train
13173,train
13174,train
13175,train
13176,train
13177,train
13178,train
13179,train
1318,train
13180,train
13181,train
13182,train
13183,train
13184,train
13185,train
13186,train
13187,train
13188,train
13189,train
1319,train
13190,train
13191,train
13192,train
13193,train
13194,train
13195,train
13196,train
13197,train
13198,train
13199,train
132,train
1320,train
13200,train
13201,train
13202,train
13203,train
13204,train
13205,train
13206,train
13207,train
13208,train
13209,train
1321,train
13210,train
13211,train
13212,train
13213,train
13214,train
13215,train
13216,train
13217,train
13218,train
13219,train
1322,train
13220,train
13221,train
13222,train
13223,train
13224,train
13225,train
13226,train
13227,train
13228,train
13229,train
1323,train
13230,train
13231,train
13232,train
13233,train
13234,train
13235,train
13236,train
13237,train
13238,train
13239,train
1324,train
13240,train
13241,train
13242,train
13243,train
13244,train
13245,train
13246,train
13247,train
13248,train
13249,train
1325,train
13250,train
13251,train
13252,train
13253,train
13254,train
13255,train
13256,train
13257,train
13258,train
13259,train
1326,train
13260,train
13261,train
13262,train
13263,train
13264,train
13265,train
13266,train
13267,train
13268,train
13269,train
1327,train
13270,train
13271,train
13272,train
13273,train
13274,train
13275,train
13276,train
13277,train
13278,train
13279,train
1328,train
13280,train
13281,train
13282,train
13283,train
13284,train
13285,train
13286,train
13287,train
13288,train
13289,train
1329,train
13290,train
13291,train
13292,train
13293,train
13294,train
13295,train
13296,train
13297,train
13298,train
13299,train
133,train
1330,train
13300,train
13301,train
13302,train
13303,train
13304,train
13305,train
13306,train
13307,train
13308,train
13309,train
1331,train
13310,train
13311,train
13312,train
13313,train
13314,train
13315,train
13316,train
13317,train
13318,train
13319,train
1332,train
13320,train
13321,train
13322,train
13323,train
13324,train
13325,train
13326,train
13327,train
13328,train
13329,train
1333,train
13330,train
13331,train
13332,train
13333,train
13334,train
13335,train
13336,train
13337,train
13338,train
13339,train
1334,train
13340,train
13341,train
13342,train
13343,train
13344,train
13345,train
13346,train
13347,train
13348,train
13349,train
1335,train
13350,train
13351,train
13352,train
13353,train
13354,train
13355,train
13356,train
13357,train
13358,train
13359,train
1336,train
13360,train
13361,train
13362,train
13363,train
13364,train
13365,train
13366,train
13367,train
13368,train
13369,train
1337,train
13370,train
13371,train
13372,train
13373,train
13374,train
13375,train
13376,train
13377,train
13378,train
13379,train
1338,train
13380,train
13381,train
13382,train
13383,train
13384,train
13385,train
13386,train
13387,train
13388,train
13389,train
1339,train
13390,train
13391,train
13392,train
13393,train
13394,train
13395,train
13396,train
13397,train
13398,train
13399,train
134,train
1340,train
13400,train
13401,train
13402,train
13403,train
13404,train
13405,train
13406,train
13407,train
13408,train
13409,train
1341,train
13410,train
13411,train
13412,train
13413,train
13414,train
13415,train
13416,train
13417,train
13418,train
13419,train
1342,train
13420,train
13421,train
13422,train
13423,train
13424,train
13425,train
13426,train
13427,train
13428,train
13429,train
1343,train
13430,train
13431,train
13432,train
13433,train
13434,train
13435,train
13436,train
13437,train
13438,train
13439,train
1344,train
13440,train
13441,train
13442,train
13443,train
13444,train
13445,train
13446,train
13447,train
13448,train
13449,train
1345,train
13450,train
13451,train
13452,train
13453,train
13454,train
13455,train
13456,train
13457,train
13458,train
13459,train
1346,train
13460,train
13461,train
13462,train
13463,train
13464,train
13465,train
13466,train
13467,train
13468,train
13469,train
1347,train
13470,train
13471,train
13472,train
13473,train
13474,train
13475,train
13476,train
13477,train
13478,train
13479,train
1348,train
13480,train
13481,train
13482,train
13483,train
13484,train
13485,train
13486,train
13487,train
13488,train
13489,train
1349,train
13490,train
13491,train
13492,train
13493,train
13494,train
13495,train
13496,train
13497,train
13498,train
13499,train
135,train
1350,train
13500,train
13501,train
13502,train
13503,train
13504,train
13505,train
13506,train
13507,train
13508,train
13509,train
1351,train
13510,train
13511,train
13512,train
13513,train
13514,train
13515,train
13516,train
13517,train
13518,train
13519,train
1352,train
13520,train
13521,train
13522,train
13523,train
13524,train
13525,train
13526,train
13527,train
13528,train
13529,train
1353,train
13530,train
13531,train
13532,train
13533,train
13534,train
13535,train
13536,train
13537,train
13538,train
13539,train
1354,train
13540,train
13541,train
13542,train
13543,train
13544,train
13545,train
13546,train
13547,train
13548,train
13549,train
1355,train
13550,train
13551,train
13552,train
13553,train
13554,train
13555,train
13556,train
13557,train
13558,train
13559,train
1356,train
13560,train
13561,train
13562,train
13563,train
13564,train
13565,train
13566,train
13567,train
13568,train
13569,train
1357,train
13570,train
13571,train
13572,train
13573,train
13574,train
13575,train
13576,train
13577,train
13578,train
13579,train
1358,train
13580,train
13581,train
13582,train
13583,train
13584,train
13585,train
13586,train
13587,train
13588,train
13589,train
1359,train
13590,train
13591,train
13592,train
13593,train
13594,train
13595,train
13596,train
13597,train
13598,train
13599,train
136,train
1360,train
13600,train
13601,train
13602,train
13603,train
13604,train
13605,train
13606,train
13607,train
13608,train
13609,train
1361,train
13610,train
13611,train
13612,train
13613,train
13614,train
13615,train
13616,train
13617,train
13618,train
13619,train
1362,train
13620,train
13621,train
13622,train
13623,train
13624,train
13625,train
13626,train
13627,train
13628,train
13629,train
1363,train
13630,train
13631,train
13632,train
13633,train
13634,train
13635,train
13636,train
13637,train
13638,train
13639,train
1364,train
13640,train
13641,train
13642,train
13643,train
13644,train
13645,train
13646,train
13647,train
13648,train
13649,train
1365,train
13650,train
13651,train
13652,train
13653,train
13654,train
13655,train
13656,train
13657,train
13658,train
13659,train
1366,train
13660,train
13661,train
13662,train
13663,train
13664,train
13665,train
13666,train
13667,train
13668,train
13669,train
1367,train
13670,train
13671,train
13672,train
13673,train
13674,train
13675,train
13676,train
13677,train
13678,train
13679,train
1368,train
13680,train
13681,train
13682,train
13683,train
13684,train
13685,train
13686,train
13687,train
13688,train
13689,train
1369,train
13690,train
13691,train
13692,train
13693,train
13694,train
13695,train
13696,train
13697,train
13698,train
13699,train
137,train
1370,train
13700,train
13701,train
13702,train
13703,train
13704,train
13705,train
13706,train
13707,train
13708,train
13709,train
1371,train
13710,train
13711,train
13712,train
13713,train
13714,train
13715,train
13716,train
13717,train
13718,train
13719,train
1372,train
13720,train
13721,train
13722,train
13723,train
13724,train
13725,train
13726,train
13727,train
13728,train
13729,train
1373,train
13730,train
13731,train
13732,train
13733,train
13734,train
13735,train
13736,train
13737,train
13738,train
13739,train
1374,train
13740,train
13741,train
13742,train
13743,train
13744,train
13745,train
13746,train
13747,train
13748,train
13749,train
1375,train
13750,train
13751,train
13752,train
13753,train
13754,train
13755,train
13756,train
13757,train
13758,train
13759,train
1376,train
13760,train
13761,train
13762,train
13763,train
13764,train
13765,train
13766,train
13767,train
13768,train
13769,train
1377,train
13770,train
13771,train
13772,train
13773,train
13774,train
13775,train
13776,train
13777,train
13778,train
13779,train
1378,train
13780,train
13781,train
13782,train
13783,train
13784,train
13785,train
13786,train
13787,train
13788,train
13789,train
1379,train
13790,train
13791,train
13792,train
13793,train
13794,train
13795,train
13796,train
13797,train
13798,train
13799,train
138,train
1380,train
13800,train
13801,train
13802,train
13803,train
13804,train
13805,train
13806,train
13807,train
13808,train
13809,train
1381,train
13810,train
13811,train
13812,train
13813,train
13814,train
13815,train
13816,train
13817,train
13818,train
13819,train
1382,train
13820,train
13821,train
13822,train
13823,train
13824,train
13825,train
13826,train
13827,train
13828,train
13829,train
1383,train
13830,train
13831,train
13832,train
13833,train
13834,train
13835,train
13836,train
13837,train
13838,train
13839,train
1384,train
13840,train
13841,train
13842,train
13843,train
13844,train
13845,train
13846,train
13847,train
13848,train
13849,train
1385,train
13850,train
13851,train
13852,train
13853,train
13854,train
13855,train
13856,train
13857,train
13858,train
13859,train
1386,train
13860,train
13861,train
13862,train
13863,train
13864,train
13865,train
13866,train
13867,train
13868,train
13869,train
1387,train
13870,train
13871,train
13872,train
13873,train
13874,train
13875,train
13876,train
13877,train
13878,train
13879,train
1388,train
13880,train
13881,train
13882,train
13883,train
13884,train
13885,train
13886,train
13887,train
13888,train
13889,train
1389,train
13890,train
13891,train
13892,train
13893,train
13894,train
13895,train
13896,train
13897,train
13898,train
13899,train
139,train
1390,train
13900,train
13901,train
13902,train
13903,train
13904,train
13905,train
13906,train
13907,train
13908,train
13909,train
1391,train
13910,train
13911,train
13912,train
13913,train
13914,train
13915,train
13916,train
13917,train
13918,train
13919,train
1392,train
13920,train
13921,train
13922,train
13923,train
13924,train
13925,train
13926,train
13927,train
13928,train
13929,train
1393,train
13930,train
13931,train
13932,train
13933,train
13934,train
13935,train
13936,train
13937,train
13938,train
13939,train
1394,train
13940,train
13941,train
13942,train
13943,train
13944,train
13945,train
13946,train
13947,train
13948,train
13949,train
1395,train
13950,train
13951,train
13952,train
13953,train
13954,train
13955,train
13956,train
13957,train
13958,train
13959,train
1396,train
13960,train
13961,train
13962,train
13963,train
13964,train
13965,train
13966,train
13967,train
13968,train
13969,train
1397,train
13970,train
13971,train
13972,train
13973,train
13974,train
13975,train
13976,train
13977,train
13978,train
13979,train
1398,train
13980,train
13981,train
13982,train
13983,train
13984,train
13985,train
13986,train
13987,train
13988,train
13989,train
1399,train
13990,train
13991,train
13992,train
13993,train
13994,train
13995,train
13996,train
13997,train
13998,train
13999,train
14,train
140,train
1400,train
14000,train
14001,train
14002,train
14003,train
14004,train
14005,train
14006,train
14007,train
14008,train
14009,train
1401,train
14010,train
14011,train
14012,train
14013,train
14014,train
14015,train
14016,train
14017,train
14018,train
14019,train
1402,train
14020,train
14021,train
14022,train
14023,train
14024,train
14025,train
14026,train
14027,train
14028,train
14029,train
1403,train
14030,train
14031,train
14032,train
14033,train
14034,train
14035,train
14036,train
14037,train
14038,train
14039,train
1404,train
14040,train
14041,train
14042,train
14043,train
14044,train
14045,train
14046,train
14047,train
14048,train
14049,train
1405,train
14050,train
14051,train
14052,train
14053,train
14054,train
14055,train
14056,train
14057,train
14058,train
14059,train
1406,train
14060,train
14061,train
14062,train
14063,train
14064,train
14065,train
14066,train
14067,train
14068,train
14069,train
1407,train
14070,train
14071,train
14072,train
14073,train
14074,train
14075,train
14076,train
14077,train
14078,train
14079,train
1408,train
14080,train
14081,train
14082,train
14083,train
14084,train
14085,train
14086,train
14087,train
14088,train
14089,train
1409,train
14090,train
14091,train
14092,train
14093,train
14094,train
14095,train
14096,train
14097,train
14098,train
14099,train
141,train
1410,train
14100,train
14101,train
14102,train
14103,train
14104,train
14105,train
14106,train
14107,train
14108,train
14109,train
1411,train
14110,train
14111,train
14112,train
14113,train
14114,train
14115,train
14116,train
14117,train
14118,train
14119,train
1412,train
14120,train
14121,train
14122,train
14123,train
14124,train
14125,train
14126,train
14127,train
14128,train
14129,train
1413,train
14130,train
14131,train
14132,train
14133,train
14134,train
14135,train
14136,train
14137,train
14138,train
14139,train
1414,train
14140,train
14141,train
14142,train
14143,train
14144,train
14145,train
14146,train
14147,train
14148,train
14149,train
1415,train
14150,train
14151,train
14152,train
14153,train
14154,train
14155,train
14156,train
14157,train
14158,train
14159,train
1416,train
14160,train
14161,train
14162,train
14163,train
14164,train
14165,train
14166,train
14167,train
14168,train
14169,train
1417,train
14170,train
14171,train
14172,train
14173,train
14174,train
14175,train
14176,train
14177,train
14178,train
14179,train
1418,train
14180,train
14181,train
14182,train
14183,train
14184,train
14185,train
14186,train
14187,train
14188,train
14189,train
1419,train
14190,train
14191,train
14192,train
14193,train
14194,train
14195,train
14196,train
14197,train
14198,train
14199,train
142,train
1420,train
14200,train
14201,train
14202,train
14203,train
14204,train
14205,train
14206,train
14207,train
14208,train
14209,train
1421,train
14210,train
14211,train
14212,train
14213,train
14214,train
14215,train
14216,train
14217,train
14218,train
14219,train
1422,train
14220,train
14221,train
14222,train
14223,train
14224,train
14225,train
14226,train
14227,train
14228,train
14229,train
1423,train
14230,train
14231,train
14232,train
14233,train
14234,train
14235,train
14236,train
14237,train
14238,train
14239,train
1424,train
14240,train
14241,train
14242,train
14243,train
14244,train
14245,train
14246,train
14247,train
14248,train
14249,train
1425,train
14250,train
14251,train
14252,train
14253,train
14254,train
14255,train
14256,train
14257,train
14258,train
14259,train
1426,train
14260,train
14261,train
14262,train
14263,train
14264,train
14265,train
14266,train
14267,train
14268,train
14269,train
1427,train
14270,train
14271,train
14272,train
14273,train
14274,train
14275,train
14276,train
14277,train
14278,train
14279,train
1428,train
14280,train
14281,train
14282,train
14283,train
14284,train
14285,train
14286,train
14287,train
14288,train
14289,train
1429,train
14290,train
14291,train
14292,train
14293,train
14294,train
14295,train
14296,train
14297,train
14298,train
14299,train
143,train
1430,train
14300,train
14301,train
14302,train
14303,train
14304,train
14305,train
14306,train
14307,train
14308,train
14309,train
1431,train
14310,train
14311,train
14312,train
14313,train
14314,train
14315,train
14316,train
14317,train
14318,train
14319,train
1432,train
14320,train
14321,train
14322,train
14323,train
14324,train
14325,train
14326,train
14327,train
14328,train
14329,train
1433,train
14330,train
14331,train
14332,train
14333,train
14334,train
14335,train
14336,train
14337,train
14338,train
14339,train
1434,train
14340,train
14341,train
14342,train
14343,train
14344,train
14345,train
14346,train
14347,train
14348,train
14349,train
1435,train
14350,train
14351,train
14352,train
14353,train
14354,train
14355,train
14356,train
14357,train
14358,train
14359,train
1436,train
14360,train
14361,train
14362,train
14363,train
14364,train
14365,train
14366,train
14367,train
14368,train
14369,train
1437,train
14370,train
14371,train
14372,train
14373,train
14374,train
14375,train
14376,train
14377,train
14378,train
14379,train
1438,train
14380,train
14381,train
14382,train
14383,train
14384,train
14385,train
14386,train
14387,train
14388,train
14389,train
1439,train
14390,train
14391,train
14392,train
14393,train
14394,train
14395,train
14396,train
14397,train
14398,train
14399,train
144,train
1440,train
14400,train
14401,train
14402,train
14403,train
14404,train
14405,train
14406,train
14407,train
14408,train
14409,train
1441,train
14410,train
14411,train
14412,train
14413,train
14414,train
14415,train
14416,train
14417,train
14418,train
14419,train
1442,train
14420,train
14421,train
14422,train
14423,train
14424,train
14425,train
14426,train
14427,train
14428,train
14429,train
1443,train
14430,train
14431,train
14432,train
14433,train
14434,train
14435,train
14436,train
14437,train
14438,train
14439,train
1444,train
14440,train
14441,train
14442,train
14443,train
14444,train
14445,train
14446,train
14447,train
14448,train
14449,train
1445,train
14450,train
14451,train
14452,train
14453,train
14454,train
14455,train
14456,train
14457,train
14458,train
14459,train
1446,train
14460,train
14461,train
14462,train
14463,train
14464,train
14465,train
14466,train
14467,train
14468,train
14469,train
1447,train
14470,train
14471,train
14472,train
14473,train
14474,train
14475,train
14476,train
14477,train
14478,train
14479,train
1448,train
14480,train
14481,train
14482,train
14483,train
14484,train
14485,train
14486,train
14487,train
14488,train
14489,train
1449,train
14490,train
14491,train
14492,train
14493,train
14494,train
14495,train
14496,train
14497,train
14498,train
14499,train
145,train
1450,train
14500,train
14501,train
14502,train
14503,train
14504,train
14505,train
14506,train
14507,train
14508,train
14509,train
1451,train
14510,train
14511,train
14512,train
14513,train
14514,train
14515,train
14516,train
14517,train
14518,train
14519,train
1452,train
14520,train
14521,train
14522,train
14523,train
14524,train
14525,train
14526,train
14527,train
14528,train
14529,train
1453,train
14530,train
14531,train
14532,train
14533,train
14534,train
14535,train
14536,train
14537,train
14538,train
14539,train
1454,train
14540,train
14541,train
14542,train
14543,train
14544,train
14545,train
14546,train
14547,train
14548,train
14549,train
1455,train
14550,train
14551,train
14552,train
14553,train
14554,train
14555,train
14556,train
14557,train
14558,train
14559,train
1456,train
14560,train
14561,train
14562,train
14563,train
14564,train
14565,train
14566,train
14567,train
14568,train
14569,train
1457,train
14570,train
14571,train
14572,train
14573,train
14574,train
14575,train
14576,train
14577,train
14578,train
14579,train
1458,train
14580,train
14581,train
14582,train
14583,train
14584,train
14585,train
14586,train
14587,train
14588,train
14589,train
1459,train
14590,train
14591,train
14592,train
14593,train
14594,train
14595,train
14596,train
14597,train
14598,train
14599,train
146,train
1460,train
14600,train
14601,train
14602,train
14603,train
14604,train
14605,train
14606,train
14607,train
14608,train
14609,train
1461,train
14610,train
14611,train
14612,train
14613,train
14614,train
14615,train
14616,train
14617,train
14618,train
14619,train
1462,train
14620,train
14621,train
14622,train
14623,train
14624,train
14625,train
14626,train
14627,train
14628,train
14629,train
1463,train
14630,train
14631,train
14632,train
14633,train
14634,train
14635,train
14636,train
14637,train
14638,train
14639,train
1464,train
14640,train
14641,train
14642,train
14643,train
14644,train
14645,train
14646,train
14647,train
14648,train
14649,train
1465,train
14650,train
14651,train
14652,train
14653,train
14654,train
14655,train
14656,train
14657,train
14658,train
14659,train
1466,train
14660,train
14661,train
14662,train
14663,train
14664,train
14665,train
14666,train
14667,train
14668,train
14669,train
1467,train
14670,train
14671,train
14672,train
14673,train
14674,train
14675,train
14676,train
14677,train
14678,train
14679,train
1468,train
14680,train
14681,train
14682,train
14683,train
14684,train
14685,train
14686,train
14687,train
14688,train
14689,train
1469,train
14690,train
14691,train
14692,train
14693,train
14694,train
14695,train
14696,train
14697,train
14698,train
14699,train
147,train
1470,train
14700,train
14701,train
14702,train
14703,train
14704,train
14705,train
14706,train
14707,train
14708,train
14709,train
1471,train
14710,train
14711,train
14712,train
14713,train
14714,train
14715,train
14716,train
14717,train
14718,train
14719,train
1472,train
14720,train
14721,train
14722,train
14723,train
14724,train
14725,train
14726,train
14727,train
14728,train
14729,train
1473,train
14730,train
14731,train
14732,train
14733,train
14734,train
14735,train
14736,train
14737,train
14738,train
14739,train
1474,train
14740,train
14741,train
14742,train
14743,train
14744,train
14745,train
14746,train
14747,train
14748,train
14749,train
1475,train
14750,train
14751,train
14752,train
14753,train
14754,train
14755,train
14756,train
14757,train
14758,train
14759,train
1476,train
14760,train
14761,train
14762,train
14763,train
14764,train
14765,train
14766,train
14767,train
14768,train
14769,train
1477,train
14770,train
14771,train
14772,train
14773,train
14774,train
14775,train
14776,train
14777,train
14778,train
14779,train
1478,train
14780,train
14781,train
14782,train
14783,train
14784,train
14785,train
14786,train
14787,train
14788,train
14789,train
1479,train
14790,train
14791,train
14792,train
14793,train
14794,train
14795,train
14796,train
14797,train
14798,train
14799,train
148,train
1480,train
14800,train
14801,train
14802,train
14803,train
14804,train
14805,train
14806,train
14807,train
14808,train
14809,train
1481,train
14810,train
14811,train
14812,train
14813,train
14814,train
14815,train
14816,train
14817,train
14818,train
14819,train
1482,train
14820,train
14821,train
14822,train
14823,train
14824,train
14825,train
14826,train
14827,train
14828,train
14829,train
1483,train
14830,train
14831,train
14832,train
14833,train
14834,train
14835,train
14836,train
14837,train
14838,train
14839,train
1484,train
14840,train
14841,train
14842,train
14843,train
14844,train
14845,train
14846,train
14847,train
14848,train
14849,train
1485,train
14850,train
14851,train
14852,train
14853,train
14854,train
14855,train
14856,train
14857,train
14858,train
14859,train
1486,train
14860,train
14861,train
14862,train
14863,train
14864,train
14865,train
14866,train
14867,train
14868,train
14869,train
1487,train
14870,train
14871,train
14872,train
14873,train
14874,train
14875,train
14876,train
14877,train
14878,train
14879,train
1488,train
14880,train
14881,train
14882,train
14883,train
14884,train
14885,train
14886,train
14887,train
14888,train
14889,train
1489,train
14890,train
14891,train
14892,train
14893,train
14894,train
14895,train
14896,train
14897,train
14898,train
14899,train
149,train
1490,train
14900,train
14901,train
14902,train
14903,train
14904,train
14905,train
14906,train
14907,train
14908,train
14909,train
1491,train
14910,train
14911,train
14912,train
14913,train
14914,train
14915,train
14916,train
14917,train
14918,train
14919,train
1492,train
14920,train
14921,train
14922,train
14923,train
14924,train
14925,train
14926,train
14927,train
14928,train
14929,train
1493,train
14930,train
14931,train
14932,train
14933,train
14934,train
14935,train
14936,train
14937,train
14938,train
14939,train
1494,train
14940,train
14941,train
14942,train
14943,train
14944,train
14945,train
14946,train
14947,train
14948,train
14949,train
1495,train
14950,train
14951,train
14952,train
14953,train
14954,train
14955,train
14956,train
14957,train
14958,train
14959,train
1496,train
14960,train
14961,train
14962,train
14963,train
14964,train
14965,train
14966,train
14967,train
14968,train
14969,train
1497,train
14970,train
14971,train
14972,train
14973,train
14974,train
14975,train
14976,train
14977,train
14978,train
14979,train
1498,train
14980,train
14981,train
14982,train
14983,train
14984,train
14985,train
14986,train
14987,train
14988,train
14989,train
1499,train
14990,train
14991,train
14992,train
14993,train
14994,train
14995,train
14996,train
14997,train
14998,train
14999,train
15,train
150,train
1500,train
15000,train
15001,train
15002,train
15003,train
15004,train
15005,train
15006,train
15007,train
15008,train
15009,train
1501,train
15010,train
15011,train
15012,train
15013,train
15014,train
15015,train
15016,train
15017,train
15018,train
15019,train
1502,train
15020,train
15021,train
15022,train
15023,train
15024,train
15025,train
15026,train
15027,train
15028,train
15029,train
1503,train
15030,train
15031,train
15032,train
15033,train
15034,train
15035,train
15036,train
15037,train
15038,train
15039,train
1504,train
15040,train
15041,train
15042,train
15043,train
15044,train
15045,train
15046,train
15047,train
15048,train
15049,train
1505,train
15050,train
15051,train
15052,train
15053,train
15054,train
15055,train
15056,train
15057,train
15058,train
15059,train
1506,train
15060,train
15061,train
15062,train
15063,train
15064,train
15065,train
15066,train
15067,train
15068,train
15069,train
1507,train
15070,train
15071,train
15072,train
15073,train
15074,train
15075,train
15076,train
15077,train
15078,train
15079,train
1508,train
15080,train
15081,train
15082,train
15083,train
15084,train
15085,train
15086,train
15087,train
15088,train
15089,train
1509,train
15090,train
15091,train
15092,train
15093,train
15094,train
15095,train
15096,train
15097,train
15098,train
15099,train
151,train
1510,train
15100,train
15101,train
15102,train
15103,train
15104,train
15105,train
15106,train
15107,train
15108,train
15109,train
1511,train
15110,train
15111,train
15112,train
15113,train
15114,train
15115,train
15116,train
15117,train
15118,train
15119,train
1512,train
15120,train
15121,train
15122,train
15123,train
15124,train
15125,train
15126,train
15127,train
15128,train
15129,train
1513,train
15130,train
15131,train
15132,train
15133,train
15134,train
15135,train
15136,train
15137,train
15138,train
15139,train
1514,train
15140,train
15141,train
15142,train
15143,train
15144,train
15145,train
15146,train
15147,train
15148,train
15149,train
1515,train
15150,train
15151,train
15152,train
15153,train
15154,train
15155,train
15156,train
15157,train
15158,train
15159,train
1516,train
15160,train
15161,train
15162,train
15163,train
15164,train
15165,train
15166,train
15167,train
15168,train
15169,train
1517,train
15170,train
15171,train
15172,train
15173,train
15174,train
15175,train
15176,train
15177,train
15178,train
15179,train
1518,train
15180,train
15181,train
15182,train
15183,train
15184,train
15185,train
15186,train
15187,train
15188,train
15189,train
1519,train
15190,train
15191,train
15192,train
15193,train
15194,train
15195,train
15196,train
15197,train
15198,train
15199,train
152,train
1520,train
15200,train
15201,train
15202,train
15203,train
15204,train
15205,train
15206,train
15207,train
15208,train
15209,train
1521,train
15210,train
15211,train
15212,train
15213,train
15214,train
15215,train
15216,train
15217,train
15218,train
15219,train
1522,train
15220,train
15221,train
15222,train
15223,train
15224,train
15225,train
15226,train
15227,train
15228,train
15229,train
1523,train
15230,train
15231,train
15232,train
15233,train
15234,train
15235,train
15236,train
15237,train
15238,train
15239,train
1524,train
15240,train
15241,train
15242,train
15243,train
15244,train
15245,train
15246,train
15247,train
15248,train
15249,train
1525,train
15250,train
15251,train
15252,train
15253,train
15254,train
15255,train
15256,train
15257,train
15258,train
15259,train
1526,train
15260,train
15261,train
15262,train
15263,train
15264,train
15265,train
15266,train
15267,train
15268,train
15269,train
1527,train
15270,train
15271,train
15272,train
15273,train
15274,train
15275,train
15276,train
15277,train
15278,train
15279,train
1528,train
15280,train
15281,train
15282,train
15283,train
15284,train
15285,train
15286,train
15287,train
15288,train
15289,train
1529,train
15290,train
15291,train
15292,train
15293,train
15294,train
15295,train
15296,train
15297,train
15298,train
15299,train
153,train
1530,train
15300,train
15301,train
15302,train
15303,train
15304,train
15305,train
15306,train
15307,train
15308,train
15309,train
1531,train
15310,train
15311,train
15312,train
15313,train
15314,train
15315,train
15316,train
15317,train
15318,train
15319,train
1532,train
15320,train
15321,train
15322,train
15323,train
15324,train
15325,train
15326,train
15327,train
15328,train
15329,train
1533,train
15330,train
15331,train
15332,train
15333,train
15334,train
15335,train
15336,train
15337,train
15338,train
15339,train
1534,train
15340,train
15341,train
15342,train
15343,train
15344,train
15345,train
15346,train
15347,train
15348,train
15349,train
1535,train
15350,train
15351,train
15352,train
15353,train
15354,train
15355,train
15356,train
15357,train
15358,train
15359,train
1536,train
15360,train
15361,train
15362,train
15363,train
15364,train
15365,train
15366,train
15367,train
15368,train
15369,train
1537,train
15370,train
15371,train
15372,train
15373,train
15374,train
15375,train
15376,train
15377,train
15378,train
15379,train
1538,train
15380,train
15381,train
15382,train
15383,train
15384,train
15385,train
15386,train
15387,train
15388,train
15389,train
1539,train
15390,train
15391,train
15392,train
15393,train
15394,train
15395,train
15396,train
15397,train
15398,train
15399,train
154,train
1540,train
15400,train
15401,train
15402,train
15403,train
15404,train
15405,train
15406,train
15407,train
15408,train
15409,train
1541,train
15410,train
15411,train
15412,train
15413,train
15414,train
15415,train
15416,train
15417,train
15418,train
15419,train
1542,train
15420,train
15421,train
15422,train
15423,train
15424,train
15425,train
15426,train
15427,train
15428,train
15429,train
1543,train
15430,train
15431,train
15432,train
15433,train
15434,train
15435,train
15436,train
15437,train
15438,train
15439,train
1544,train
15440,train
15441,train
15442,train
15443,train
15444,train
15445,train
15446,train
15447,train
15448,train
15449,train
1545,train
15450,train
15451,train
15452,train
15453,train
15454,train
15455,train
15456,train
15457,train
15458,train
15459,train
1546,train
15460,train
15461,train
15462,train
15463,train
15464,train
15465,train
15466,train
15467,train
15468,train
15469,train
1547,train
15470,train
15471,train
15472,train
15473,train
15474,train
15475,train
15476,train
15477,train
15478,train
15479,train
1548,train
15480,train
15481,train
15482,train
15483,train
15484,train
15485,train
15486,train
15487,train
15488,train
15489,train
1549,train
15490,train
15491,train
15492,train
15493,train
15494,train
15495,train
15496,train
15497,train
15498,train
15499,train
155,train
1550,train
15500,train
15501,train
15502,train
15503,train
15504,train
15505,train
15506,train
15507,train
15508,train
15509,train
1551,train
15510,train
15511,train
15512,train
15513,train
15514,train
15515,train
15516,train
15517,train
15518,train
15519,train
1552,train
15520,train
15521,train
15522,train
15523,train
15524,train
15525,train
15526,train
15527,train
15528,train
15529,train
1553,train
15530,train
15531,train
15532,train
15533,train
15534,train
15535,train
15536,train
15537,train
15538,train
15539,train
1554,train
15540,train
15541,train
15542,train
15543,train
15544,train
15545,train
15546,train
15547,train
15548,train
15549,train
1555,train
15550,train
15551,train
15552,train
15553,train
15554,train
15555,train
15556,train
15557,train
15558,train
15559,train
1556,train
15560,train
15561,train
15562,train
15563,train
15564,train
15565,train
15566,train
15567,train
15568,train
15569,train
1557,train
15570,train
15571,train
15572,train
15573,train
15574,train
15575,train
15576,train
15577,train
15578,train
15579,train
1558,train
15580,train
15581,train
15582,train
15583,train
15584,train
15585,train
15586,train
15587,train
15588,train
15589,train
1559,train
15590,train
15591,train
15592,train
15593,train
15594,train
15595,train
15596,train
15597,train
15598,train
15599,train
156,train
1560,train
15600,train
15601,train
15602,train
15603,train
15604,train
15605,train
15606,train
15607,train
15608,train
15609,train
1561,train
15610,train
15611,train
15612,train
15613,train
15614,train
15615,train
15616,train
15617,train
15618,train
15619,train
1562,train
15620,train
15621,train
15622,train
15623,train
15624,train
15625,train
15626,train
15627,train
15628,train
15629,train
1563,train
15630,train
15631,train
15632,train
15633,train
15634,train
15635,train
15636,train
15637,train
15638,train
15639,train
1564,train
15640,train
15641,train
15642,train
15643,train
15644,train
15645,train
15646,train
15647,train
15648,train
15649,train
1565,train
15650,train
15651,train
15652,train
15653,train
15654,train
15655,train
15656,train
15657,train
15658,train
15659,train
1566,train
15660,train
15661,train
15662,train
15663,train
15664,train
15665,train
15666,train
15667,train
15668,train
15669,train
1567,train
15670,train
15671,train
15672,train
15673,train
15674,train
15675,train
15676,train
15677,train
15678,train
15679,train
1568,train
15680,train
15681,train
15682,train
15683,train
15684,train
15685,train
15686,train
15687,train
15688,train
15689,train
1569,train
15690,train
15691,train
15692,train
15693,train
15694,train
15695,train
15696,train
15697,train
15698,train
15699,train
157,train
1570,train
15700,train
15701,train
15702,train
15703,train
15704,train
15705,train
15706,train
15707,train
15708,train
15709,train
1571,train
15710,train
15711,train
15712,train
15713,train
15714,train
15715,train
15716,train
15717,train
15718,train
15719,train
1572,train
15720,train
15721,train
15722,train
15723,train
15724,train
15725,train
15726,train
15727,train
15728,train
15729,train
1573,train
15730,train
15731,train
15732,train
15733,train
15734,train
15735,train
15736,train
15737,train
15738,train
15739,train
1574,train
15740,train
15741,train
15742,train
15743,train
15744,train
15745,train
15746,train
15747,train
15748,train
15749,train
1575,train
15750,train
15751,train
15752,train
15753,train
15754,train
15755,train
15756,train
15757,train
15758,train
15759,train
1576,train
15760,train
15761,train
15762,train
15763,train
15764,train
15765,train
15766,train
15767,train
15768,train
15769,train
1577,train
15770,train
15771,train
15772,train
15773,train
15774,train
15775,train
15776,train
15777,train
15778,train
15779,train
1578,train
15780,train
15781,train
15782,train
15783,train
15784,train
15785,train
15786,train
15787,train
15788,train
15789,train
1579,train
15790,train
15791,train
15792,train
15793,train
15794,train
15795,train
15796,train
15797,train
15798,train
15799,train
158,train
1580,train
15800,train
15801,train
15802,train
15803,train
15804,train
15805,train
15806,train
15807,train
15808,train
15809,train
1581,train
15810,train
15811,train
15812,train
15813,train
15814,train
15815,train
15816,train
15817,train
15818,train
15819,train
1582,train
15820,train
15821,train
15822,train
15823,train
15824,train
15825,train
15826,train
15827,train
15828,train
15829,train
1583,train
15830,train
15831,train
15832,train
15833,train
15834,train
15835,train
15836,train
15837,train
15838,train
15839,train
1584,train
15840,train
15841,train
15842,train
15843,train
15844,train
15845,train
15846,train
15847,train
15848,train
15849,train
1585,train
15850,train
15851,train
15852,train
15853,train
15854,train
15855,train
15856,train
15857,train
15858,train
15859,train
1586,train
15860,train
15861,train
15862,train
15863,train
15864,train
15865,train
15866,train
15867,train
15868,train
15869,train
1587,train
15870,train
15871,train
15872,train
15873,train
15874,train
15875,train
15876,train
15877,train
15878,train
15879,train
1588,train
15880,train
15881,train
15882,train
15883,train
15884,train
15885,train
15886,train
15887,train
15888,train
15889,train
1589,train
15890,train
15891,train
15892,train
15893,train
15894,train
15895,train
15896,train
15897,train
15898,train
15899,train
159,train
1590,train
15900,train
15901,train
15902,train
15903,train
15904,train
15905,train
15906,train
15907,train
15908,train
15909,train
1591,train
15910,train
15911,train
15912,train
15913,train
15914,train
15915,train
15916,train
15917,train
15918,train
15919,train
1592,train
15920,train
15921,train
15922,train
15923,train
15924,train
15925,train
15926,train
15927,train
15928,train
15929,train
1593,train
15930,train
15931,train
15932,train
15933,train
15934,train
15935,train
15936,train
15937,train
15938,train
15939,train
1594,train
15940,train
15941,train
15942,train
15943,train
15944,train
15945,train
15946,train
15947,train
15948,train
15949,train
1595,train
15950,train
15951,train
15952,train
15953,train
15954,train
15955,train
15956,train
15957,train
15958,train
15959,train
1596,train
15960,train
15961,train
15962,train
15963,train
15964,train
15965,train
15966,train
15967,train
15968,train
15969,train
1597,train
15970,train
15971,train
15972,train
15973,train
15974,train
15975,train
15976,train
15977,train
15978,train
15979,train
1598,train
15980,train
15981,train
15982,train
15983,train
15984,train
15985,train
15986,train
15987,train
15988,train
15989,train
1599,train
15990,train
15991,train
15992,train
15993,train
15994,train
15995,train
15996,train
15997,train
15998,train
15999,train
16,train
160,train
1600,train
16000,train
16001,train
16002,train
16003,train
16004,train
16005,train
16006,train
16007,train
16008,train
16009,train
1601,train
16010,train
16011,train
16012,train
16013,train
16014,train
16015,train
16016,train
16017,train
16018,train
16019,train
1602,train
16020,train
16021,train
16022,train
16023,train
16024,train
16025,train
16026,train
16027,train
16028,train
16029,train
1603,train
16030,train
16031,train
16032,train
16033,train
16034,train
16035,train
16036,train
16037,train
16038,train
16039,train
1604,train
16040,train
16041,train
16042,train
16043,train
16044,train
16045,train
16046,train
16047,train
16048,train
16049,train
1605,train
16050,train
16051,train
16052,train
16053,train
16054,train
16055,train
16056,train
16057,train
16058,train
16059,train
1606,train
16060,train
16061,train
16062,train
16063,train
16064,train
16065,train
16066,train
16067,train
16068,train
16069,train
1607,train
16070,train
16071,train
16072,train
16073,train
16074,train
16075,train
16076,train
16077,train
16078,train
16079,train
1608,train
16080,train
16081,train
16082,train
16083,train
16084,train
16085,train
16086,train
16087,train
16088,train
16089,train
1609,train
16090,train
16091,train
16092,train
16093,train
16094,train
16095,train
16096,train
16097,train
16098,train
16099,train
161,train
1610,train
16100,train
16101,train
16102,train
16103,train
16104,train
16105,train
16106,train
16107,train
16108,train
16109,train
1611,train
16110,train
16111,train
16112,train
16113,train
16114,train
16115,train
16116,train
16117,train
16118,train
16119,train
1612,train
16120,train
16121,train
16122,train
16123,train
16124,train
16125,train
16126,train
16127,train
16128,train
16129,train
1613,train
16130,train
16131,train
16132,train
16133,train
16134,train
16135,train
16136,train
16137,train
16138,train
16139,train
1614,train
16140,train
16141,train
16142,train
16143,train
16144,train
16145,train
16146,train
16147,train
16148,train
16149,train
1615,train
16150,train
16151,train
16152,train
16153,train
16154,train
16155,train
16156,train
16157,train
16158,train
16159,train
1616,train
16160,train
16161,train
16162,train
16163,train
16164,train
16165,train
16166,train
16167,train
16168,train
16169,train
1617,train
16170,train
16171,train
16172,train
16173,train
16174,train
16175,train
16176,train
16177,train
16178,train
16179,train
1618,train
16180,train
16181,train
16182,train
16183,train
16184,train
16185,train
16186,train
16187,train
16188,train
16189,train
1619,train
16190,train
16191,train
16192,train
16193,train
16194,train
16195,train
16196,train
16197,train
16198,train
16199,train
162,train
1620,train
16200,train
16201,train
16202,train
16203,train
16204,train
16205,train
16206,train
16207,train
16208,train
16209,train
1621,train
16210,train
16211,train
16212,train
16213,train
16214,train
16215,train
16216,train
16217,train
16218,train
16219,train
1622,train
16220,train
16221,train
16222,train
16223,train
16224,train
16225,train
16226,train
16227,train
16228,train
16229,train
1623,train
16230,train
16231,train
16232,train
16233,train
16234,train
16235,train
16236,train
16237,train
16238,train
16239,train
1624,train
16240,train
16241,train
16242,train
16243,train
16244,train
16245,train
16246,train
16247,train
16248,train
16249,train
1625,train
16250,train
16251,train
16252,train
16253,train
16254,train
16255,train
16256,train
16257,train
16258,train
16259,train
1626,train
16260,train
16261,train
16262,train
16263,train
16264,train
16265,train
16266,train
16267,train
16268,train
16269,train
1627,train
16270,train
16271,train
16272,train
16273,train
16274,train
16275,train
16276,train
16277,train
16278,train
16279,train
1628,train
16280,train
16281,train
16282,train
16283,train
16284,train
16285,train
16286,train
16287,train
16288,train
16289,train
1629,train
16290,train
16291,train
16292,train
16293,train
16294,train
16295,train
16296,train
16297,train
16298,train
16299,train
163,train
1630,train
16300,train
16301,train
16302,train
16303,train
16304,train
16305,train
16306,train
16307,train
16308,train
16309,train
1631,train
16310,train
16311,train
16312,train
16313,train
16314,train
16315,train
16316,train
16317,train
16318,train
16319,train
1632,train
16320,train
16321,train
16322,train
16323,train
16324,train
16325,train
16326,train
16327,train
16328,train
16329,train
1633,train
16330,train
16331,train
16332,train
16333,train
16334,train
16335,train
16336,train
16337,train
16338,train
16339,train
1634,train
16340,train
16341,train
16342,train
16343,train
16344,train
16345,train
16346,train
16347,train
16348,train
16349,train
1635,train
16350,train
16351,train
16352,train
16353,train
16354,train
16355,train
16356,train
16357,train
16358,train
16359,train
1636,train
16360,train
16361,train
16362,train
16363,train
16364,train
16365,train
16366,train
16367,train
16368,train
16369,train
1637,train
16370,train
16371,train
16372,train
16373,train
16374,train
16375,train
16376,train
16377,train
16378,train
16379,train
1638,train
16380,train
16381,train
16382,train
16383,train
16384,train
16385,train
16386,train
16387,train
16388,train
16389,train
1639,train
16390,train
16391,train
16392,train
16393,train
16394,train
16395,train
16396,train
16397,train
16398,train
16399,train
164,train
1640,train
16400,train
16401,train
16402,train
16403,train
16404,train
16405,train
16406,train
16407,train
16408,train
16409,train
1641,train
16410,train
16411,train
16412,train
16413,train
16414,train
16415,train
16416,train
16417,train
16418,train
16419,train
1642,train
16420,train
16421,train
16422,train
16423,train
16424,train
16425,train
16426,train
16427,train
16428,train
16429,train
1643,train
16430,train
16431,train
16432,train
16433,train
16434,train
16435,train
16436,train
16437,train
16438,train
16439,train
1644,train
16440,train
16441,train
16442,train
16443,train
16444,train
16445,train
16446,train
16447,train
16448,train
16449,train
1645,train
16450,train
16451,train
16452,train
16453,train
16454,train
16455,train
16456,train
16457,train
16458,train
16459,train
1646,train
16460,train
16461,train
16462,train
16463,train
16464,train
16465,train
16466,train
16467,train
16468,train
16469,train
1647,train
16470,train
16471,train
16472,train
16473,train
16474,train
16475,train
16476,train
16477,train
16478,train
16479,train
1648,train
16480,train
16481,train
16482,train
16483,train
16484,train
16485,train
16486,train
16487,train
16488,train
16489,train
1649,train
16490,train
16491,train
16492,train
16493,train
16494,train
16495,train
16496,train
16497,train
16498,train
16499,train
165,train
1650,train
16500,train
16501,train
16502,train
16503,train
16504,train
16505,train
16506,train
16507,train
16508,train
16509,train
1651,train
16510,train
16511,train
16512,train
16513,train
16514,train
16515,train
16516,train
16517,train
16518,train
16519,train
1652,train
16520,train
16521,train
16522,train
16523,train
16524,train
16525,train
16526,train
16527,train
16528,train
16529,train
1653,train
16530,train
16531,train
16532,train
16533,train
16534,train
16535,train
16536,train
16537,train
16538,train
16539,train
1654,train
16540,train
16541,train
16542,train
16543,train
16544,train
16545,train
16546,train
16547,train
16548,train
16549,train
1655,train
16550,train
16551,train
16552,train
16553,train
16554,train
16555,train
16556,train
16557,train
16558,train
16559,train
1656,train
16560,train
16561,train
16562,train
16563,train
16564,train
16565,train
16566,train
16567,train
16568,train
16569,train
1657,train
16570,train
16571,train
16572,train
16573,train
16574,train
16575,train
16576,train
16577,train
16578,train
16579,train
1658,train
16580,train
16581,train
16582,train
16583,train
16584,train
16585,train
16586,train
16587,train
16588,train
16589,train
1659,train
16590,train
16591,train
16592,train
16593,train
16594,train
16595,train
16596,train
16597,train
16598,train
16599,train
166,train
1660,train
16600,train
16601,train
16602,train
16603,train
16604,train
16605,train
16606,train
16607,train
16608,train
16609,train
1661,train
16610,train
16611,train
16612,train
16613,train
16614,train
16615,train
16616,train
16617,train
16618,train
16619,train
1662,train
16620,train
16621,train
16622,train
16623,train
16624,train
16625,train
16626,train
16627,train
16628,train
16629,train
1663,train
16630,train
16631,train
16632,train
16633,train
16634,train
16635,train
16636,train
16637,train
16638,train
16639,train
1664,train
16640,train
16641,train
16642,train
16643,train
16644,train
16645,train
16646,train
16647,train
16648,train
16649,train
1665,train
16650,train
16651,train
16652,train
16653,train
16654,train
16655,train
16656,train
16657,train
16658,train
16659,train
1666,train
16660,train
16661,train
16662,train
16663,train
16664,train
16665,train
16666,train
16667,train
16668,train
16669,train
1667,train
16670,train
16671,train
16672,train
16673,train
16674,train
16675,train
16676,train
16677,train
16678,train
16679,train
1668,train
16680,train
16681,train
16682,train
16683,train
16684,train
16685,train
16686,train
16687,train
16688,train
16689,train
1669,train
16690,train
16691,train
16692,train
16693,train
16694,train
16695,train
16696,train
16697,train
16698,train
16699,train
167,train
1670,train
16700,train
16701,train
16702,train
16703,train
16704,train
16705,train
16706,train
16707,train
16708,train
16709,train
1671,train
16710,train
16711,train
16712,train
16713,train
16714,train
16715,train
16716,train
16717,train
16718,train
16719,train
1672,train
16720,train
16721,train
16722,train
16723,train
16724,train
16725,train
16726,train
16727,train
16728,train
16729,train
1673,train
16730,train
16731,train
16732,train
16733,train
16734,train
16735,train
16736,train
16737,train
16738,train
16739,train
1674,train
16740,train
16741,train
16742,train
16743,train
16744,train
16745,train
16746,train
16747,train
16748,train
16749,train
1675,train
16750,train
16751,train
16752,train
16753,train
16754,train
16755,train
16756,train
16757,train
16758,train
16759,train
1676,train
16760,train
16761,train
16762,train
16763,train
16764,train
16765,train
16766,train
16767,train
16768,train
16769,train
1677,train
16770,train
16771,train
16772,train
16773,train
16774,train
16775,train
16776,train
16777,train
16778,train
16779,train
1678,train
16780,train
16781,train
16782,train
16783,train
16784,train
16785,train
16786,train
16787,train
16788,train
16789,train
1679,train
16790,train
16791,train
16792,train
16793,train
16794,train
16795,train
16796,train
16797,train
16798,train
16799,train
168,train
1680,train
16800,train
16801,train
16802,train
16803,train
16804,train
16805,train
16806,train
16807,train
16808,train
16809,train
1681,train
16810,train
16811,train
16812,train
16813,train
16814,train
16815,train
16816,train
16817,train
16818,train
16819,train
1682,train
16820,train
16821,train
16822,train
16823,train
16824,train
16825,train
16826,train
16827,train
16828,train
16829,train
1683,train
16830,train
16831,train
16832,train
16833,train
16834,train
16835,train
16836,train
16837,train
16838,train
16839,train
1684,train
16840,train
16841,train
16842,train
16843,train
16844,train
16845,train
16846,train
16847,train
16848,train
16849,train
1685,train
16850,train
16851,train
16852,train
16853,train
16854,train
16855,train
16856,train
16857,train
16858,train
16859,train
1686,train
16860,train
16861,train
16862,train
16863,train
16864,train
16865,train
16866,train
16867,train
16868,train
16869,train
1687,train
16870,train
16871,train
16872,train
16873,train
16874,train
16875,train
16876,train
16877,train
16878,train
16879,train
1688,train
16880,train
16881,train
16882,train
16883,train
16884,train
16885,train
16886,train
16887,train
16888,train
16889,train
1689,train
16890,train
16891,train
16892,train
16893,train
16894,train
16895,train
16896,train
16897,train
16898,train
16899,train
169,train
1690,train
16900,train
16901,train
16902,train
16903,train
16904,train
16905,train
16906,train
16907,train
16908,train
16909,train
1691,train
16910,train
16911,train
16912,train
16913,train
16914,train
16915,train
16916,train
16917,train
16918,train
16919,train
1692,train
16920,train
16921,train
16922,train
16923,train
16924,train
16925,train
16926,train
16927,train
16928,train
16929,train
1693,train
16930,train
16931,train
16932,train
16933,train
16934,train
16935,train
16936,train
16937,train
16938,train
16939,train
1694,train
16940,train
16941,train
16942,train
16943,train
16944,train
16945,train
16946,train
16947,train
16948,train
16949,train
1695,train
16950,train
16951,train
16952,train
16953,train
16954,train
16955,train
16956,train
16957,train
16958,train
16959,train
1696,train
16960,train
16961,train
16962,train
16963,train
16964,train
16965,train
16966,train
16967,train
16968,train
16969,train
1697,train
16970,train
16971,train
16972,train
16973,train
16974,train
16975,train
16976,train
16977,train
16978,train
16979,train
1698,train
16980,train
16981,train
16982,train
16983,train
16984,train
16985,train
16986,train
16987,train
16988,train
16989,train
1699,train
16990,train
16991,train
16992,train
16993,train
16994,train
16995,train
16996,train
16997,train
16998,train
16999,train
17,train
170,train
1700,train
17000,train
17001,train
17002,train
17003,train
17004,train
17005,train
17006,train
17007,train
17008,train
17009,train
1701,train
17010,train
17011,train
17012,train
17013,train
17014,train
17015,train
17016,train
17017,train
17018,train
17019,train
1702,train
17020,train
17021,train
17022,train
17023,train
17024,train
17025,train
17026,train
17027,train
17028,train
17029,train
1703,train
17030,train
17031,train
17032,train
17033,train
17034,train
17035,train
17036,train
17037,train
17038,train
17039,train
1704,train
17040,train
17041,train
17042,train
17043,train
17044,train
17045,train
17046,train
17047,train
17048,train
17049,train
1705,train
17050,train
17051,train
17052,train
17053,train
17054,train
17055,train
17056,train
17057,train
17058,train
17059,train
1706,train
17060,train
17061,train
17062,train
17063,train
17064,train
17065,train
17066,train
17067,train
17068,train
17069,train
1707,train
17070,train
17071,train
17072,train
17073,train
17074,train
17075,train
17076,train
17077,train
17078,train
17079,train
1708,train
17080,train
17081,train
17082,train
17083,train
17084,train
17085,train
17086,train
17087,train
17088,train
17089,train
1709,train
17090,train
17091,train
17092,train
17093,train
17094,train
17095,train
17096,train
17097,train
17098,train
17099,train
171,train
1710,train
17100,train
17101,train
17102,train
17103,train
17104,train
17105,train
17106,train
17107,train
17108,train
17109,train
1711,train
17110,train
17111,train
17112,train
17113,train
17114,train
17115,train
17116,train
17117,train
17118,train
17119,train
1712,train
17120,train
17121,train
17122,train
17123,train
17124,train
17125,train
17126,train
17127,train
17128,train
17129,train
1713,train
17130,train
17131,train
17132,train
17133,train
17134,train
17135,train
17136,train
17137,train
17138,train
17139,train
1714,train
17140,train
17141,train
17142,train
17143,train
17144,train
17145,train
17146,train
17147,train
17148,train
17149,train
1715,train
17150,train
17151,train
17152,train
17153,train
17154,train
17155,train
17156,train
17157,train
17158,train
17159,train
1716,train
17160,train
17161,train
17162,train
17163,train
17164,train
17165,train
17166,train
17167,train
17168,train
17169,train
1717,train
17170,train
17171,train
17172,train
17173,train
17174,train
17175,train
17176,train
17177,train
17178,train
17179,train
1718,train
17180,train
17181,train
17182,train
17183,train
17184,train
17185,train
17186,train
17187,train
17188,train
17189,train
1719,train
17190,train
17191,train
17192,train
17193,train
17194,train
17195,train
17196,train
17197,train
17198,train
17199,train
172,train
1720,train
17200,train
17201,train
17202,train
17203,train
17204,train
17205,train
17206,train
17207,train
17208,train
17209,train
1721,train
17210,train
17211,train
17212,train
17213,train
17214,train
17215,train
17216,train
17217,train
17218,train
17219,train
1722,train
17220,train
17221,train
17222,train
17223,train
17224,train
17225,train
17226,train
17227,train
17228,train
17229,train
1723,train
17230,train
17231,train
17232,train
17233,train
17234,train
17235,train
17236,train
17237,train
17238,train
17239,train
1724,train
17240,train
17241,train
17242,train
17243,train
17244,train
17245,train
17246,train
17247,train
17248,train
17249,train
1725,train
17250,train
17251,train
17252,train
17253,train
17254,train
17255,train
17256,train
17257,train
17258,train
17259,train
1726,train
17260,train
17261,train
17262,train
17263,train
17264,train
17265,train
17266,train
17267,train
17268,train
17269,train
1727,train
17270,train
17271,train
17272,train
17273,train
17274,train
17275,train
17276,train
17277,train
17278,train
17279,train
1728,train
17280,train
17281,train
17282,train
17283,train
17284,train
17285,train
17286,train
17287,train
17288,train
17289,train
1729,train
17290,train
17291,train
17292,train
17293,train
17294,train
17295,train
17296,train
17297,train
17298,train
17299,train
173,train
1730,train
17300,train
17301,train
17302,train
17303,train
17304,train
17305,train
17306,train
17307,train
17308,train
17309,train
1731,train
17310,train
17311,train
17312,train
17313,train
17314,train
17315,train
17316,train
17317,train
17318,train
17319,train
1732,train
17320,train
17321,train
17322,train
17323,train
17324,train
17325,train
17326,train
17327,train
17328,train
17329,train
1733,train
17330,train
17331,train
17332,train
17333,train
17334,train
17335,train
17336,train
17337,train
17338,train
17339,train
1734,train
17340,train
17341,train
17342,train
17343,train
17344,train
17345,train
17346,train
17347,train
17348,train
17349,train
1735,train
17350,train
17351,train
17352,train
17353,train
17354,train
17355,train
17356,train
17357,train
17358,train
17359,train
1736,train
17360,train
17361,train
17362,train
17363,train
17364,train
17365,train
17366,train
17367,train
17368,train
17369,train
1737,train
17370,train
17371,train
17372,train
17373,train
17374,train
17375,train
17376,train
17377,train
17378,train
17379,train
1738,train
17380,train
17381,train
17382,train
17383,train
17384,train
17385,train
17386,train
17387,train
17388,train
17389,train
1739,train
17390,train
17391,train
17392,train
17393,train
17394,train
17395,train
17396,train
17397,train
17398,train
17399,train
174,train
1740,train
17400,train
17401,train
17402,train
17403,train
17404,train
17405,train
17406,train
17407,train
17408,train
17409,train
1741,train
17410,train
17411,train
17412,train
17413,train
17414,train
17415,train
17416,train
17417,train
17418,train
17419,train
1742,train
17420,train
17421,train
17422,train
17423,train
17424,train
17425,train
17426,train
17427,train
17428,train
17429,train
1743,train
17430,train
17431,train
17432,train
17433,train
17434,train
17435,train
17436,train
17437,train
17438,train
17439,train
1744,train
17440,train
17441,train
17442,train
17443,train
17444,train
17445,train
17446,train
17447,train
17448,train
17449,train
1745,train
17450,train
17451,train
17452,train
17453,train
17454,train
17455,train
17456,train
17457,train
17458,train
17459,train
1746,train
17460,train
17461,train
17462,train
17463,train
17464,train
17465,train
17466,train
17467,train
17468,train
17469,train
1747,train
17470,train
17471,train
17472,train
17473,train
17474,train
17475,train
17476,train
17477,train
17478,train
17479,train
1748,train
17480,train
17481,train
17482,train
17483,train
17484,train
17485,train
17486,train
17487,train
17488,train
17489,train
1749,train
17490,train
17491,train
17492,train
17493,train
17494,train
17495,train
17496,train
17497,train
17498,train
17499,train
175,train
1750,train
17500,train
17501,train
17502,train
17503,train
17504,train
17505,train
17506,train
17507,train
17508,train
17509,train
1751,train
17510,train
17511,train
17512,train
17513,train
17514,train
17515,train
17516,train
17517,train
17518,train
17519,train
1752,train
17520,train
17521,train
17522,train
17523,train
17524,train
17525,train
17526,train
17527,train
17528,train
17529,train
1753,train
17530,train
17531,train
17532,train
17533,train
17534,train
17535,train
17536,train
17537,train
17538,train
17539,train
1754,train
17540,train
17541,train
17542,train
17543,train
17544,train
17545,train
17546,train
17547,train
17548,train
17549,train
1755,train
17550,train
17551,train
17552,train
17553,train
17554,train
17555,train
17556,train
17557,train
17558,train
17559,train
1756,train
17560,train
17561,train
17562,train
17563,train
17564,train
17565,train
17566,train
17567,train
17568,train
17569,train
1757,train
17570,train
17571,train
17572,train
17573,train
17574,train
17575,train
17576,train
17577,train
17578,train
17579,train
1758,train
17580,train
17581,train
17582,train
17583,train
17584,train
17585,train
17586,train
17587,train
17588,train
17589,train
1759,train
17590,train
17591,train
17592,train
17593,train
17594,train
17595,train
17596,train
17597,train
17598,train
17599,train
176,train
1760,train
17600,train
17601,train
17602,train
17603,train
17604,train
17605,train
17606,train
17607,train
17608,train
17609,train
1761,train
17610,train
17611,train
17612,train
17613,train
17614,train
17615,train
17616,train
17617,train
17618,train
17619,train
1762,train
17620,train
17621,train
17622,train
17623,train
17624,train
17625,train
17626,train
17627,train
17628,train
17629,train
1763,train
17630,train
17631,train
17632,train
17633,train
17634,train
17635,train
17636,train
17637,train
17638,train
17639,train
1764,train
17640,train
17641,train
17642,train
17643,train
17644,train
17645,train
17646,train
17647,train
17648,train
17649,train
1765,train
17650,train
17651,train
17652,train
17653,train
17654,train
17655,train
17656,train
17657,train
17658,train
17659,train
1766,train
17660,train
17661,train
17662,train
17663,train
17664,train
17665,train
17666,train
17667,train
17668,train
17669,train
1767,train
17670,train
17671,train
17672,train
17673,train
17674,train
17675,train
17676,train
17677,train
17678,train
17679,train
1768,train
17680,train
17681,train
17682,train
17683,train
17684,train
17685,train
17686,train
17687,train
17688,train
17689,train
1769,train
17690,train
17691,train
17692,train
17693,train
17694,train
17695,train
17696,train
17697,train
17698,train
17699,train
177,train
1770,train
17700,train
17701,train
17702,train
17703,train
17704,train
17705,train
17706,train
17707,train
17708,train
17709,train
1771,train
17710,train
17711,train
17712,train
17713,train
17714,train
17715,train
17716,train
17717,train
17718,train
17719,train
1772,train
17720,train
17721,train
17722,train
17723,train
17724,train
17725,train
17726,train
17727,train
17728,train
17729,train
1773,train
17730,train
17731,train
17732,train
17733,train
17734,train
17735,train
17736,train
17737,train
17738,train
17739,train
1774,train
17740,train
17741,train
17742,train
17743,train
17744,train
17745,train
17746,train
17747,train
17748,train
17749,train
1775,train
17750,train
17751,train
17752,train
17753,train
17754,train
17755,train
17756,train
17757,train
17758,train
17759,train
1776,train
17760,train
17761,train
17762,train
17763,train
17764,train
17765,train
17766,train
17767,train
17768,train
17769,train
1777,train
17770,train
17771,train
17772,train
17773,train
17774,train
17775,train
17776,train
17777,train
17778,train
17779,train
1778,train
17780,train
17781,train
17782,train
17783,train
17784,train
17785,train
17786,train
17787,train
17788,train
17789,train
1779,train
17790,train
17791,train
17792,train
17793,train
17794,train
17795,train
17796,train
17797,train
17798,train
17799,train
178,train
1780,train
17800,train
17801,train
17802,train
17803,train
17804,train
17805,train
17806,train
17807,train
17808,train
17809,train
1781,train
17810,train
17811,train
17812,train
17813,train
17814,train
17815,train
17816,train
17817,train
17818,train
17819,train
1782,train
17820,train
17821,train
17822,train
17823,train
17824,train
17825,train
17826,train
17827,train
17828,train
17829,train
1783,train
17830,train
17831,train
17832,train
17833,train
17834,train
17835,train
17836,train
17837,train
17838,train
17839,train
1784,train
17840,train
17841,train
17842,train
17843,train
17844,train
17845,train
17846,train
17847,train
17848,train
17849,train
1785,train
17850,train
17851,train
17852,train
17853,train
17854,train
17855,train
17856,train
17857,train
17858,train
17859,train
1786,train
17860,train
17861,train
17862,train
17863,train
17864,train
17865,train
17866,train
17867,train
17868,train
17869,train
1787,train
17870,train
17871,train
17872,train
17873,train
17874,train
17875,train
17876,train
17877,train
17878,train
17879,train
1788,train
17880,train
17881,train
17882,train
17883,train
17884,train
17885,train
17886,train
17887,train
17888,train
17889,train
1789,train
17890,train
17891,train
17892,train
17893,train
17894,train
17895,train
17896,train
17897,train
17898,train
17899,train
179,train
1790,train
17900,train
17901,train
17902,train
17903,train
17904,train
17905,train
17906,train
17907,train
17908,train
17909,train
1791,train
17910,train
17911,train
17912,train
17913,train
17914,train
17915,train
17916,train
17917,train
17918,train
17919,train
1792,train
17920,train
17921,train
17922,train
17923,train
17924,train
17925,train
17926,train
17927,train
17928,train
17929,train
1793,train
17930,train
17931,train
17932,train
17933,train
17934,train
17935,train
17936,train
17937,train
17938,train
17939,train
1794,train
17940,train
17941,train
17942,train
17943,train
17944,train
17945,train
17946,train
17947,train
17948,train
17949,train
1795,train
17950,train
17951,train
17952,train
17953,train
17954,train
17955,train
17956,train
17957,train
17958,train
17959,train
1796,train
17960,train
17961,train
17962,train
17963,train
17964,train
17965,train
17966,train
17967,train
17968,train
17969,train
1797,train
17970,train
17971,train
17972,train
17973,train
17974,train
17975,train
17976,train
17977,train
17978,train
17979,train
1798,train
17980,train
17981,train
17982,train
17983,train
17984,train
17985,train
17986,train
17987,train
17988,train
17989,train
1799,train
17990,train
17991,train
17992,train
17993,train
17994,train
17995,train
17996,train
17997,train
17998,train
17999,train
18,train
180,train
1800,train
18000,train
18001,train
18002,train
18003,train
18004,train
18005,train
18006,train
18007,train
18008,train
18009,train
1801,train
18010,train
18011,train
18012,train
18013,train
18014,train
18015,train
18016,train
18017,train
18018,train
18019,train
1802,train
18020,train
18021,train
18022,train
18023,train
18024,train
18025,train
18026,train
18027,train
18028,train
18029,train
1803,train
18030,train
18031,train
18032,train
18033,train
18034,train
18035,train
18036,train
18037,train
18038,train
18039,train
1804,train
18040,train
18041,train
18042,train
18043,train
18044,train
18045,train
18046,train
18047,train
18048,train
18049,train
1805,train
18050,train
18051,train
18052,train
18053,train
18054,train
18055,train
18056,train
18057,train
18058,train
18059,train
1806,train
18060,train
18061,train
18062,train
18063,train
18064,train
18065,train
18066,train
18067,train
18068,train
18069,train
1807,train
18070,train
18071,train
18072,train
18073,train
18074,train
18075,train
18076,train
18077,train
18078,train
18079,train
1808,train
18080,train
18081,train
18082,train
18083,train
18084,train
18085,train
18086,train
18087,train
18088,train
18089,train
1809,train
18090,train
18091,train
18092,train
18093,train
18094,train
18095,train
18096,train
18097,train
18098,train
18099,train
181,train
1810,train
18100,train
18101,train
18102,train
18103,train
18104,train
18105,train
18106,train
18107,train
18108,train
18109,train
1811,train
18110,train
18111,train
18112,train
18113,train
18114,train
18115,train
18116,train
18117,train
18118,train
18119,train
1812,train
18120,train
18121,train
18122,train
18123,train
18124,train
18125,train
18126,train
18127,train
18128,train
18129,train
1813,train
18130,train
18131,train
18132,train
18133,train
18134,train
18135,train
18136,train
18137,train
18138,train
18139,train
1814,train
18140,train
18141,train
18142,train
18143,train
18144,train
18145,train
18146,train
18147,train
18148,train
18149,train
1815,train
18150,train
18151,train
18152,train
18153,train
18154,train
18155,train
18156,train
18157,train
18158,train
18159,train
1816,train
18160,train
18161,train
18162,train
18163,train
18164,train
18165,train
18166,train
18167,train
18168,train
18169,train
1817,train
18170,train
18171,train
18172,train
18173,train
18174,train
18175,train
18176,train
18177,train
18178,train
18179,train
1818,train
18180,train
18181,train
18182,train
18183,train
18184,train
18185,train
18186,train
18187,train
18188,train
18189,train
1819,train
18190,train
18191,train
18192,train
18193,train
18194,train
18195,train
18196,train
18197,train
18198,train
18199,train
182,train
1820,train
18200,train
18201,train
18202,train
18203,train
18204,train
18205,train
18206,train
18207,train
18208,train
18209,train
1821,train
18210,train
18211,train
18212,train
18213,train
18214,train
18215,train
18216,train
18217,train
18218,train
18219,train
1822,train
18220,train
18221,train
18222,train
18223,train
18224,train
18225,train
18226,train
18227,train
18228,train
18229,train
1823,train
18230,train
18231,train
18232,train
18233,train
18234,train
18235,train
18236,train
18237,train
18238,train
18239,train
1824,train
18240,train
18241,train
18242,train
18243,train
18244,train
18245,train
18246,train
18247,train
18248,train
18249,train
1825,train
18250,train
18251,train
18252,train
18253,train
18254,train
18255,train
18256,train
18257,train
18258,train
18259,train
1826,train
18260,train
18261,train
18262,train
18263,train
18264,train
18265,train
18266,train
18267,train
18268,train
18269,train
1827,train
18270,train
18271,train
18272,train
18273,train
18274,train
18275,train
18276,train
18277,train
18278,train
18279,train
1828,train
18280,train
18281,train
18282,train
18283,train
18284,train
18285,train
18286,train
18287,train
18288,train
18289,train
1829,train
18290,train
18291,train
18292,train
18293,train
18294,train
18295,train
18296,train
18297,train
18298,train
18299,train
183,train
1830,train
18300,train
18301,train
18302,train
18303,train
18304,train
18305,train
18306,train
18307,train
18308,train
18309,train
1831,train
18310,train
18311,train
18312,train
18313,train
18314,train
18315,train
18316,train
18317,train
18318,train
18319,train
1832,train
18320,train
18321,train
18322,train
18323,train
18324,train
18325,train
18326,train
18327,train
18328,train
18329,train
1833,train
18330,train
18331,train
18332,train
18333,train
18334,train
18335,train
18336,train
18337,train
18338,train
18339,train
1834,train
18340,train
18341,train
18342,train
18343,train
18344,train
18345,train
18346,train
18347,train
18348,train
18349,train
1835,train
18350,train
18351,train
18352,train
18353,train
18354,train
18355,train
18356,train
18357,train
18358,train
18359,train
1836,train
18360,train
18361,train
18362,train
18363,train
18364,train
18365,train
18366,train
18367,train
18368,train
18369,train
1837,train
18370,train
18371,train
18372,train
18373,train
18374,train
18375,train
18376,train
18377,train
18378,train
18379,train
1838,train
18380,train
18381,train
18382,train
18383,train
18384,train
18385,train
18386,train
18387,train
18388,train
18389,train
1839,train
18390,train
18391,train
18392,train
18393,train
18394,train
18395,train
18396,train
18397,train
18398,train
18399,train
184,train
1840,train
18400,train
18401,train
18402,train
18403,train
18404,train
18405,train
18406,train
18407,train
18408,train
18409,train
1841,train
18410,train
18411,train
18412,train
18413,train
18414,train
18415,train
18416,train
18417,train
18418,train
18419,train
1842,train
18420,train
18421,train
18422,train
18423,train
18424,train
18425,train
18426,train
18427,train
18428,train
18429,train
1843,train
18430,train
18431,train
18432,train
18433,train
18434,train
18435,train
18436,train
18437,train
18438,train
18439,train
1844,train
18440,train
18441,train
18442,train
18443,train
18444,train
18445,train
18446,train
18447,train
18448,train
18449,train
1845,train
18450,train
18451,train
18452,train
18453,train
18454,train
18455,train
18456,train
18457,train
18458,train
18459,train
1846,train
18460,train
18461,train
18462,train
18463,train
18464,train
18465,train
18466,train
18467,train
18468,train
18469,train
1847,train
18470,train
18471,train
18472,train
18473,train
18474,train
18475,train
18476,train
18477,train
18478,train
18479,train
1848,train
18480,train
18481,train
18482,train
18483,train
18484,train
18485,train
18486,train
18487,train
18488,train
18489,train
1849,train
18490,train
18491,train
18492,train
18493,train
18494,train
18495,train
18496,train
18497,train
18498,train
18499,train
185,train
1850,train
18500,train
18501,train
18502,train
18503,train
18504,train
18505,train
18506,train
18507,train
18508,train
18509,train
1851,train
18510,train
18511,train
18512,train
18513,train
18514,train
18515,train
18516,train
18517,train
18518,train
18519,train
1852,train
18520,train
18521,train
18522,train
18523,train
18524,train
18525,train
18526,train
18527,train
18528,train
18529,train
1853,train
18530,train
18531,train
18532,train
18533,train
18534,train
18535,train
18536,train
18537,train
18538,train
18539,train
1854,train
18540,train
18541,train
18542,train
18543,train
18544,train
18545,train
18546,train
18547,train
18548,train
18549,train
1855,train
18550,train
18551,train
18552,train
18553,train
18554,train
18555,train
18556,train
18557,train
18558,train
18559,train
1856,train
18560,train
18561,train
18562,train
18563,train
18564,train
18565,train
18566,train
18567,train
18568,train
18569,train
1857,train
18570,train
18571,train
18572,train
18573,train
18574,train
18575,train
18576,train
18577,train
18578,train
18579,train
1858,train
18580,train
18581,train
18582,train
18583,train
18584,train
18585,train
18586,train
18587,train
18588,train
18589,train
1859,train
18590,train
18591,train
18592,train
18593,train
18594,train
18595,train
18596,train
18597,train
18598,train
18599,train
186,train
1860,train
18600,train
18601,train
18602,train
18603,train
18604,train
18605,train
18606,train
18607,train
18608,train
18609,train
1861,train
18610,train
18611,train
18612,train
18613,train
18614,train
18615,train
18616,train
18617,train
18618,train
18619,train
1862,train
18620,train
18621,train
18622,train
18623,train
18624,train
18625,train
18626,train
18627,train
18628,train
18629,train
1863,train
18630,train
18631,train
18632,train
18633,train
18634,train
18635,train
18636,train
18637,train
18638,train
18639,train
1864,train
18640,train
18641,train
18642,train
18643,train
18644,train
18645,train
18646,train
18647,train
18648,train
18649,train
1865,train
18650,train
18651,train
18652,train
18653,train
18654,train
18655,train
18656,train
18657,train
18658,train
18659,train
1866,train
18660,train
18661,train
18662,train
18663,train
18664,train
18665,train
18666,train
18667,train
18668,train
18669,train
1867,train
18670,train
18671,train
18672,train
18673,train
18674,train
18675,train
18676,train
18677,train
18678,train
18679,train
1868,train
18680,train
18681,train
18682,train
18683,train
18684,train
18685,train
18686,train
18687,train
18688,train
18689,train
1869,train
18690,train
18691,train
18692,train
18693,train
18694,train
18695,train
18696,train
18697,train
18698,train
18699,train
187,train
1870,train
18700,train
18701,train
18702,train
18703,train
18704,train
18705,train
18706,train
18707,train
18708,train
18709,train
1871,train
18710,train
18711,train
18712,train
18713,train
18714,train
18715,train
18716,train
18717,train
18718,train
18719,train
1872,train
18720,train
18721,train
18722,train
18723,train
18724,train
18725,train
18726,train
18727,train
18728,train
18729,train
1873,train
18730,train
18731,train
18732,train
18733,train
18734,train
18735,train
18736,train
18737,train
18738,train
18739,train
1874,train
18740,train
18741,train
18742,train
18743,train
18744,train
18745,train
18746,train
18747,train
18748,train
18749,train
1875,train
18750,train
18751,train
18752,train
18753,train
18754,train
18755,train
18756,train
18757,train
18758,train
18759,train
1876,train
18760,train
18761,train
18762,train
18763,train
18764,train
18765,train
18766,train
18767,train
18768,train
18769,train
1877,train
18770,train
18771,train
18772,train
18773,train
18774,train
18775,train
18776,train
18777,train
18778,train
18779,train
1878,train
18780,train
18781,train
18782,train
18783,train
18784,train
18785,train
18786,train
18787,train
18788,train
18789,train
1879,train
18790,train
18791,train
18792,train
18793,train
18794,train
18795,train
18796,train
18797,train
18798,train
18799,train
188,train
1880,train
18800,train
18801,train
18802,train
18803,train
18804,train
18805,train
18806,train
18807,train
18808,train
18809,train
1881,train
18810,train
18811,train
18812,train
18813,train
18814,train
18815,train
18816,train
18817,train
18818,train
18819,train
1882,train
18820,train
18821,train
18822,train
18823,train
18824,train
18825,train
18826,train
18827,train
18828,train
18829,train
1883,train
18830,train
18831,train
18832,train
18833,train
18834,train
18835,train
18836,train
18837,train
18838,train
18839,train
1884,train
18840,train
18841,train
18842,train
18843,train
18844,train
18845,train
18846,train
18847,train
18848,train
18849,train
1885,train
18850,train
18851,train
18852,train
18853,train
18854,train
18855,train
18856,train
18857,train
18858,train
18859,train
1886,train
18860,train
18861,train
18862,train
18863,train
18864,train
18865,train
18866,train
18867,train
18868,train
18869,train
1887,train
18870,train
18871,train
18872,train
18873,train
18874,train
18875,train
18876,train
18877,train
18878,train
18879,train
1888,train
18880,train
18881,train
18882,train
18883,train
18884,train
18885,train
18886,train
18887,train
18888,train
18889,train
1889,train
18890,train
18891,train
18892,train
18893,train
18894,train
18895,train
18896,train
18897,train
18898,train
18899,train
189,train
1890,train
18900,train
18901,train
18902,train
18903,train
18904,train
18905,train
18906,train
18907,train
18908,train
18909,train
1891,train
18910,train
18911,train
18912,train
18913,train
18914,train
18915,train
18916,train
18917,train
18918,train
18919,train
1892,train
18920,train
18921,train
18922,train
18923,train
18924,train
18925,train
18926,train
18927,train
18928,train
18929,train
1893,train
18930,train
18931,train
18932,train
18933,train
18934,train
18935,train
18936,train
18937,train
18938,train
18939,train
1894,train
18940,train
18941,train
18942,train
18943,train
18944,train
18945,train
18946,train
18947,train
18948,train
18949,train
1895,train
18950,train
18951,train
18952,train
18953,train
18954,train
18955,train
18956,train
18957,train
18958,train
18959,train
1896,train
18960,train
18961,train
18962,train
18963,train
18964,train
18965,train
18966,train
18967,train
18968,train
18969,train
1897,train
18970,train
18971,train
18972,train
18973,train
18974,train
18975,train
18976,train
18977,train
18978,train
18979,train
1898,train
18980,train
18981,train
18982,train
18983,train
18984,train
18985,train
18986,train
18987,train
18988,train
18989,train
1899,train
18990,train
18991,train
18992,train
18993,train
18994,train
18995,train
18996,train
18997,train
18998,train
18999,train
19,train
190,train
1900,train
19000,train
19001,train
19002,train
19003,train
19004,train
19005,train
19006,train
19007,train
19008,train
19009,train
1901,train
19010,train
19011,train
19012,train
19013,train
19014,train
19015,train
19016,train
19017,train
19018,train
19019,train
1902,train
19020,train
19021,train
19022,train
19023,train
19024,train
19025,train
19026,train
19027,train
19028,train
19029,train
1903,train
19030,train
19031,train
19032,train
19033,train
19034,train
19035,train
19036,train
19037,train
19038,train
19039,train
1904,train
19040,train
19041,train
19042,train
19043,train
19044,train
19045,train
19046,train
19047,train
19048,train
19049,train
1905,train
19050,train
19051,train
19052,train
19053,train
19054,train
19055,train
19056,train
19057,train
19058,train
19059,train
1906,train
19060,train
19061,train
19062,train
19063,train
19064,train
19065,train
19066,train
19067,train
19068,train
19069,train
1907,train
19070,train
19071,train
19072,train
19073,train
19074,train
19075,train
19076,train
19077,train
19078,train
19079,train
1908,train
19080,train
19081,train
19082,train
19083,train
19084,train
19085,train
19086,train
19087,train
19088,train
19089,train
1909,train
19090,train
19091,train
19092,train
19093,train
19094,train
19095,train
19096,train
19097,train
19098,train
19099,train
191,train
1910,train
19100,train
19101,train
19102,train
19103,train
19104,train
19105,train
19106,train
19107,train
19108,train
19109,train
1911,train
19110,train
19111,train
19112,train
19113,train
19114,train
19115,train
19116,train
19117,train
19118,train
19119,train
1912,train
19120,train
19121,train
19122,train
19123,train
19124,train
19125,train
19126,train
19127,train
19128,train
19129,train
1913,train
19130,train
19131,train
19132,train
19133,train
19134,train
19135,train
19136,train
19137,train
19138,train
19139,train
1914,train
19140,train
19141,train
19142,train
19143,train
19144,train
19145,train
19146,train
19147,train
19148,train
19149,train
1915,train
19150,train
19151,train
19152,train
19153,train
19154,train
19155,train
19156,train
19157,train
19158,train
19159,train
1916,train
19160,train
19161,train
19162,train
19163,train
19164,train
19165,train
19166,train
19167,train
19168,train
19169,train
1917,train
19170,train
19171,train
19172,train
19173,train
19174,train
19175,train
19176,train
19177,train
19178,train
19179,train
1918,train
19180,train
19181,train
19182,train
19183,train
19184,train
19185,train
19186,train
19187,train
19188,train
19189,train
1919,train
19190,train
19191,train
19192,train
19193,train
19194,train
19195,train
19196,train
19197,train
19198,train
19199,train
192,train
1920,train
19200,train
19201,train
19202,train
19203,train
19204,train
19205,train
19206,train
19207,train
19208,train
19209,train
1921,train
19210,train
19211,train
19212,train
19213,train
19214,train
19215,train
19216,train
19217,train
19218,train
19219,train
1922,train
19220,train
19221,train
19222,train
19223,train
19224,train
19225,train
19226,train
19227,train
19228,train
19229,train
1923,train
19230,train
19231,train
19232,train
19233,train
19234,train
19235,train
19236,train
19237,train
19238,train
19239,train
1924,train
19240,train
19241,train
19242,train
19243,train
19244,train
19245,train
19246,train
19247,train
19248,train
19249,train
1925,train
19250,train
19251,train
19252,train
19253,train
19254,train
19255,train
19256,train
19257,train
19258,train
19259,train
1926,train
19260,train
19261,train
19262,train
19263,train
19264,train
19265,train
19266,train
19267,train
19268,train
19269,train
1927,train
19270,train
19271,train
19272,train
19273,train
19274,train
19275,train
19276,train
19277,train
19278,train
19279,train
1928,train
19280,train
19281,train
19282,train
19283,train
19284,train
19285,train
19286,train
19287,train
19288,train
19289,train
1929,train
19290,train
19291,train
19292,train
19293,train
19294,train
19295,train
19296,train
19297,train
19298,train
19299,train
193,train
1930,train
19300,train
19301,train
19302,train
19303,train
19304,train
19305,train
19306,train
19307,train
19308,train
19309,train
1931,train
19310,train
19311,train
19312,train
19313,train
19314,train
19315,train
19316,train
19317,train
19318,train
19319,train
1932,train
19320,train
19321,train
19322,train
19323,train
19324,train
19325,train
19326,train
19327,train
19328,train
19329,train
1933,train
19330,train
19331,train
19332,train
19333,train
19334,train
19335,train
19336,train
19337,train
19338,train
19339,train
1934,train
19340,train
19341,train
19342,train
19343,train
19344,train
19345,train
19346,train
19347,train
19348,train
19349,train
1935,train
19350,train
19351,train
19352,train
19353,train
19354,train
19355,train
19356,train
19357,train
19358,train
19359,train
1936,train
19360,train
19361,train
19362,train
19363,train
19364,train
19365,train
19366,train
19367,train
19368,train
19369,train
1937,train
19370,train
19371,train
19372,train
19373,train
19374,train
19375,train
19376,train
19377,train
19378,train
19379,train
1938,train
19380,train
19381,train
19382,train
19383,train
19384,train
19385,train
19386,train
19387,train
19388,train
19389,train
1939,train
19390,train
19391,train
19392,train
19393,train
19394,train
19395,train
19396,train
19397,train
19398,train
19399,train
194,train
1940,train
19400,train
19401,train
19402,train
19403,train
19404,train
19405,train
19406,train
19407,train
19408,train
19409,train
1941,train
19410,train
19411,train
19412,train
19413,train
19414,train
19415,train
19416,train
19417,train
19418,train
19419,train
1942,train
19420,train
19421,train
19422,train
19423,train
19424,train
19425,train
19426,train
19427,train
19428,train
19429,train
1943,train
19430,train
19431,train
19432,train
19433,train
19434,train
19435,train
19436,train
19437,train
19438,train
19439,train
1944,train
19440,train
19441,train
19442,train
19443,train
19444,train
19445,train
19446,train
19447,train
19448,train
19449,train
1945,train
19450,train
19451,train
19452,train
19453,train
19454,train
19455,train
19456,train
19457,train
19458,train
19459,train
1946,train
19460,train
19461,train
19462,train
19463,train
19464,train
19465,train
19466,train
19467,train
19468,train
19469,train
1947,train
19470,train
19471,train
19472,train
19473,train
19474,train
19475,train
19476,train
19477,train
19478,train
19479,train
1948,train
19480,train
19481,train
19482,train
19483,train
19484,train
19485,train
19486,train
19487,train
19488,train
19489,train
1949,train
19490,train
19491,train
19492,train
19493,train
19494,train
19495,train
19496,train
19497,train
19498,train
19499,train
195,train
1950,train
19500,train
19501,train
19502,train
19503,train
19504,train
19505,train
19506,train
19507,train
19508,train
19509,train
1951,train
19510,train
19511,train
19512,train
19513,train
19514,train
19515,train
19516,train
19517,train
19518,train
19519,train
1952,train
19520,train
19521,train
19522,train
19523,train
19524,train
19525,train
19526,train
19527,train
19528,train
19529,train
1953,train
19530,train
19531,train
19532,train
19533,train
19534,train
19535,train
19536,train
19537,train
19538,train
19539,train
1954,train
19540,train
19541,train
19542,train
19543,train
19544,train
19545,train
19546,train
19547,train
19548,train
19549,train
1955,train
19550,train
19551,train
19552,train
19553,train
19554,train
19555,train
19556,train
19557,train
19558,train
19559,train
1956,train
19560,train
19561,train
19562,train
19563,train
19564,train
19565,train
19566,train
19567,train
19568,train
19569,train
1957,train
19570,train
19571,train
19572,train
19573,train
19574,train
19575,train
19576,train
19577,train
19578,train
19579,train
1958,train
19580,train
19581,train
19582,train
19583,train
19584,train
19585,train
19586,train
19587,train
19588,train
19589,train
1959,train
19590,train
19591,train
19592,train
19593,train
19594,train
19595,train
19596,train
19597,train
19598,train
19599,train
196,train
1960,train
19600,train
19601,train
19602,train
19603,train
19604,train
19605,train
19606,train
19607,train
19608,train
19609,train
1961,train
19610,train
19611,train
19612,train
19613,train
19614,train
19615,train
19616,train
19617,train
19618,train
19619,train
1962,train
19620,train
19621,train
19622,train
19623,train
19624,train
19625,train
19626,train
19627,train
19628,train
19629,train
1963,train
19630,train
19631,train
19632,train
19633,train
19634,train
19635,train
19636,train
19637,train
19638,train
19639,train
1964,train
19640,train
19641,train
19642,train
19643,train
19644,train
19645,train
19646,train
19647,train
19648,train
19649,train
1965,train
19650,train
19651,train
19652,train
19653,train
19654,train
19655,train
19656,train
19657,train
19658,train
19659,train
1966,train
19660,train
19661,train
19662,train
19663,train
19664,train
19665,train
19666,train
19667,train
19668,train
19669,train
1967,train
19670,train
19671,train
19672,train
19673,train
19674,train
19675,train
19676,train
19677,train
19678,train
19679,train
1968,train
19680,train
19681,train
19682,train
19683,train
19684,train
19685,train
19686,train
19687,train
19688,train
19689,train
1969,train
19690,train
19691,train
19692,train
19693,train
19694,train
19695,train
19696,train
19697,train
19698,train
19699,train
197,train
1970,train
19700,train
19701,train
19702,train
19703,train
19704,train
19705,train
19706,train
19707,train
19708,train
19709,train
1971,train
19710,train
19711,train
19712,train
19713,train
19714,train
19715,train
19716,train
19717,train
19718,train
19719,train
1972,train
19720,train
19721,train
19722,train
19723,train
19724,train
19725,train
19726,train
19727,train
19728,train
19729,train
1973,train
19730,train
19731,train
19732,train
19733,train
19734,train
19735,train
19736,train
19737,train
19738,train
19739,train
1974,train
19740,train
19741,train
19742,train
19743,train
19744,train
19745,train
19746,train
19747,train
19748,train
19749,train
1975,train
19750,train
19751,train
19752,train
19753,train
19754,train
19755,train
19756,train
19757,train
19758,train
19759,train
1976,train
19760,train
19761,train
19762,train
19763,train
19764,train
19765,train
19766,train
19767,train
19768,train
19769,train
1977,train
19770,train
19771,train
19772,train
19773,train
19774,train
19775,train
19776,train
19777,train
19778,train
19779,train
1978,train
19780,train
19781,train
19782,train
19783,train
19784,train
19785,train
19786,train
19787,train
19788,train
19789,train
1979,train
19790,train
19791,train
19792,train
19793,train
19794,train
19795,train
19796,train
19797,train
19798,train
19799,train
198,train
1980,train
19800,train
19801,train
19802,train
19803,train
19804,train
19805,train
19806,train
19807,train
19808,train
19809,train
1981,train
19810,train
19811,train
19812,train
19813,train
19814,train
19815,train
19816,train
19817,train
19818,train
19819,train
1982,train
19820,train
19821,train
19822,train
19823,train
19824,train
19825,train
19826,train
19827,train
19828,train
19829,train
1983,train
19830,train
19831,train
19832,train
19833,train
19834,train
19835,train
19836,train
19837,train
19838,train
19839,train
1984,train
19840,train
19841,train
19842,train
19843,train
19844,train
19845,train
19846,train
19847,train
19848,train
19849,train
1985,train
19850,train
19851,train
19852,train
19853,train
19854,train
19855,train
19856,train
19857,train
19858,train
19859,train
1986,train
19860,train
19861,train
19862,train
19863,train
19864,train
19865,train
19866,train
19867,train
19868,train
19869,train
1987,train
19870,train
19871,train
19872,train
19873,train
19874,train
19875,train
19876,train
19877,train
19878,train
19879,train
1988,train
19880,train
19881,train
19882,train
19883,train
19884,train
19885,train
19886,train
19887,train
19888,train
19889,train
1989,train
19890,train
19891,train
19892,train
19893,train
19894,train
19895,train
19896,train
19897,train
19898,train
19899,train
199,train
1990,train
19900,train
19901,train
19902,train
19903,train
19904,train
19905,train
19906,train
19907,train
19908,train
19909,train
1991,train
19910,train
19911,train
19912,train
19913,train
19914,train
19915,train
19916,train
19917,train
19918,train
19919,train
1992,train
19920,train
19921,train
19922,train
19923,train
19924,train
19925,train
19926,train
19927,train
19928,train
19929,train
1993,train
19930,train
19931,train
19932,train
19933,train
19934,train
19935,train
19936,train
19937,train
19938,train
19939,train
1994,train
19940,train
19941,train
19942,train
19943,train
19944,train
19945,train
19946,train
19947,train
19948,train
19949,train
1995,train
19950,train
19951,train
19952,train
19953,train
19954,train
19955,train
19956,train
19957,train
19958,train
19959,train
1996,train
19960,train
19961,train
19962,train
19963,train
19964,train
19965,train
19966,train
19967,train
19968,train
19969,train
1997,train
19970,train
19971,train
19972,train
19973,train
19974,train
19975,train
19976,train
19977,train
19978,train
19979,train
1998,train
19980,train
19981,train
19982,train
19983,train
19984,train
19985,train
19986,train
19987,train
19988,train
19989,train
1999,train
19990,train
19991,train
19992,train
19993,train
19994,train
19995,train
19996,train
19997,train
19998,train
19999,train
2,train
20,train
200,train
2000,train
20000,train
20001,train
20002,train
20003,train
20004,train
20005,train
20006,train
20007,train
20008,train
20009,train
2001,train
20010,train
20011,train
20012,train
20013,train
20014,train
20015,train
20016,train
20017,train
20018,train
20019,train
2002,train
20020,train
20021,train
20022,train
20023,train
20024,train
20025,train
20026,train
20027,train
20028,train
20029,train
2003,train
20030,train
20031,train
20032,train
20033,train
20034,train
20035,train
20036,train
20037,train
20038,train
20039,train
2004,train
20040,train
20041,train
20042,train
20043,train
20044,train
20045,train
20046,train
20047,train
20048,train
20049,train
2005,train
20050,train
20051,train
20052,train
20053,train
20054,train
20055,train
20056,train
20057,train
20058,train
20059,train
2006,train
20060,train
20061,train
20062,train
20063,train
20064,train
20065,train
20066,train
20067,train
20068,train
20069,train
2007,train
20070,train
20071,train
20072,train
20073,train
20074,train
20075,train
20076,train
20077,train
20078,train
20079,train
2008,train
20080,train
20081,train
20082,train
20083,train
20084,train
20085,train
20086,train
20087,train
20088,train
20089,train
2009,train
20090,train
20091,train
20092,train
20093,train
20094,train
20095,train
20096,train
20097,train
20098,train
20099,train
201,train
2010,train
20100,train
20101,train
20102,train
20103,train
20104,train
20105,train
20106,train
20107,train
20108,train
20109,train
2011,train
20110,train
20111,train
20112,train
20113,train
20114,train
20115,train
20116,train
20117,train
20118,train
20119,train
2012,train
20120,train
20121,train
20122,train
20123,train
20124,train
20125,train
20126,train
20127,train
20128,train
20129,train
2013,train
20130,train
20131,train
20132,train
20133,train
20134,train
20135,train
20136,train
20137,train
20138,train
20139,train
2014,train
20140,train
20141,train
20142,train
20143,train
20144,train
20145,train
20146,train
20147,train
20148,train
20149,train
2015,train
20150,train
20151,train
20152,train
20153,train
20154,train
20155,train
20156,train
20157,train
20158,train
20159,train
2016,train
20160,train
20161,train
20162,train
20163,train
20164,train
20165,train
20166,train
20167,train
20168,train
20169,train
2017,train
20170,train
20171,train
20172,train
20173,train
20174,train
20175,train
20176,train
20177,train
20178,train
20179,train
2018,train
20180,train
20181,train
20182,train
20183,train
20184,train
20185,train
20186,train
20187,train
20188,train
20189,train
2019,train
20190,train
20191,train
20192,train
20193,train
20194,train
20195,train
20196,train
20197,train
20198,train
20199,train
202,train
2020,train
20200,train
20201,train
20202,train
20203,train
20204,train
20205,train
20206,train
20207,train
20208,train
20209,train
2021,train
20210,train
20211,train
20212,train
20213,train
20214,train
20215,train
20216,train
20217,train
20218,train
20219,train
2022,train
20220,train
20221,train
20222,train
20223,train
20224,train
20225,train
20226,train
20227,train
20228,train
20229,train
2023,train
20230,train
20231,train
20232,train
20233,train
20234,train
20235,train
20236,train
20237,train
20238,train
20239,train
2024,train
20240,train
20241,train
20242,train
20243,train
20244,train
20245,train
20246,train
20247,train
20248,train
20249,train
2025,train
20250,train
20251,train
20252,train
20253,train
20254,train
20255,train
20256,train
20257,train
20258,train
20259,train
2026,train
20260,train
20261,train
20262,train
20263,train
20264,train
20265,train
20266,train
20267,train
20268,train
20269,train
2027,train
20270,train
20271,train
20272,train
20273,train
20274,train
20275,train
20276,train
20277,train
20278,train
20279,train
2028,train
20280,train
20281,train
20282,train
20283,train
20284,train
20285,train
20286,train
20287,train
20288,train
20289,train
2029,train
20290,train
20291,train
20292,train
20293,train
20294,train
20295,train
20296,train
20297,train
20298,train
20299,train
203,train
2030,train
20300,train
20301,train
20302,train
20303,train
20304,train
20305,train
20306,train
20307,train
20308,train
20309,train
2031,train
20310,train
20311,train
20312,train
20313,train
20314,train
20315,train
20316,train
20317,train
20318,train
20319,train
2032,train
20320,train
20321,train
20322,train
20323,train
20324,train
20325,train
20326,train
20327,train
20328,train
20329,train
2033,train
20330,train
20331,train
20332,train
20333,train
20334,train
20335,train
20336,train
20337,train
20338,train
20339,train
2034,train
20340,train
20341,train
20342,train
20343,train
20344,train
20345,train
20346,train
20347,train
20348,train
20349,train
2035,train
20350,train
20351,train
20352,train
20353,train
20354,train
20355,train
20356,train
20357,train
20358,train
20359,train
2036,train
20360,train
20361,train
20362,train
20363,train
20364,train
20365,train
20366,train
20367,train
20368,train
20369,train
2037,train
20370,train
20371,train
20372,train
20373,train
20374,train
20375,train
20376,train
20377,train
20378,train
20379,train
2038,train
20380,train
20381,train
20382,train
20383,train
20384,train
20385,train
20386,train
20387,train
20388,train
20389,train
2039,train
20390,train
20391,train
20392,train
20393,train
20394,train
20395,train
20396,train
20397,train
20398,train
20399,train
204,train
2040,train
20400,train
20401,train
20402,train
20403,train
20404,train
20405,train
20406,train
20407,train
20408,train
20409,train
2041,train
20410,train
20411,train
20412,train
20413,train
20414,train
20415,train
20416,train
20417,train
20418,train
20419,train
2042,train
20420,train
20421,train
20422,train
20423,train
20424,train
20425,train
20426,train
20427,train
20428,train
20429,train
2043,train
20430,train
20431,train
20432,train
20433,train
20434,train
20435,train
20436,train
20437,train
20438,train
20439,train
2044,train
20440,train
20441,train
20442,train
20443,train
20444,train
20445,train
20446,train
20447,train
20448,train
20449,train
2045,train
20450,train
20451,train
20452,train
20453,train
20454,train
20455,train
20456,train
20457,train
20458,train
20459,train
2046,train
20460,train
20461,train
20462,train
20463,train
20464,train
20465,train
20466,train
20467,train
20468,train
20469,train
2047,train
20470,train
20471,train
20472,train
20473,train
20474,train
20475,train
20476,train
20477,train
20478,train
20479,train
2048,train
20480,train
20481,train
20482,train
20483,train
20484,train
20485,train
20486,train
20487,train
20488,train
20489,train
2049,train
20490,train
20491,train
20492,train
20493,train
20494,train
20495,train
20496,train
20497,train
20498,train
20499,train
205,train
2050,train
20500,train
20501,train
20502,train
20503,train
20504,train
20505,train
20506,train
20507,train
20508,train
20509,train
2051,train
20510,train
20511,train
20512,train
20513,train
20514,train
20515,train
20516,train
20517,train
20518,train
20519,train
2052,train
20520,train
20521,train
20522,train
20523,train
20524,train
20525,train
20526,train
20527,train
20528,train
20529,train
2053,train
20530,train
20531,train
20532,train
20533,train
20534,train
20535,train
20536,train
20537,train
20538,train
20539,train
2054,train
20540,train
20541,train
20542,train
20543,train
20544,train
20545,train
20546,train
20547,train
20548,train
20549,train
2055,train
20550,train
20551,train
20552,train
20553,train
20554,train
20555,train
20556,train
20557,train
20558,train
20559,train
2056,train
20560,train
20561,train
20562,train
20563,train
20564,train
20565,train
20566,train
20567,train
20568,train
20569,train
2057,train
20570,train
20571,train
20572,train
20573,train
20574,train
20575,train
20576,train
20577,train
20578,train
20579,train
2058,train
20580,train
20581,train
20582,train
20583,train
20584,train
20585,train
20586,train
20587,train
20588,train
20589,train
2059,train
20590,train
20591,train
20592,train
20593,train
20594,train
20595,train
20596,train
20597,train
20598,train
20599,train
206,train
2060,train
20600,train
20601,train
20602,train
20603,train
20604,train
20605,train
20606,train
20607,train
20608,train
20609,train
2061,train
20610,train
20611,train
20612,train
20613,train
20614,train
20615,train
20616,train
20617,train
20618,train
20619,train
2062,train
20620,train
20621,train
20622,train
20623,train
20624,train
20625,train
20626,train
20627,train
20628,train
20629,train
2063,train
20630,train
20631,train
20632,train
20633,train
20634,train
20635,train
20636,train
20637,train
20638,train
20639,train
2064,train
20640,train
20641,train
20642,train
20643,train
20644,train
20645,train
20646,train
20647,train
20648,train
20649,train
2065,train
20650,train
20651,train
20652,train
20653,train
20654,train
20655,train
20656,train
20657,train
20658,train
20659,train
2066,train
20660,train
20661,train
20662,train
20663,train
20664,train
20665,train
20666,train
20667,train
20668,train
20669,train
2067,train
20670,train
20671,train
20672,train
20673,train
20674,train
20675,train
20676,train
20677,train
20678,train
20679,train
2068,train
20680,train
20681,train
20682,train
20683,train
20684,train
20685,train
20686,train
20687,train
20688,train
20689,train
2069,train
20690,train
20691,train
20692,train
20693,train
20694,train
20695,train
20696,train
20697,train
20698,train
20699,train
207,train
2070,train
20700,train
20701,train
20702,train
20703,train
20704,train
20705,train
20706,train
20707,train
20708,train
20709,train
2071,train
20710,train
20711,train
20712,train
20713,train
20714,train
20715,train
20716,train
20717,train
20718,train
20719,train
2072,train
20720,train
20721,train
20722,train
20723,train
20724,train
20725,train
20726,train
20727,train
20728,train
20729,train
2073,train
20730,train
20731,train
20732,train
20733,train
20734,train
20735,train
20736,train
20737,train
20738,train
20739,train
2074,train
20740,train
20741,train
20742,train
20743,train
20744,train
20745,train
20746,train
20747,train
20748,train
20749,train
2075,train
20750,train
20751,train
20752,train
20753,train
20754,train
20755,train
20756,train
20757,train
20758,train
20759,train
2076,train
20760,train
20761,train
20762,train
20763,train
20764,train
20765,train
20766,train
20767,train
20768,train
20769,train
2077,train
20770,train
20771,train
20772,train
20773,train
20774,train
20775,train
20776,train
20777,train
20778,train
20779,train
2078,train
20780,train
20781,train
20782,train
20783,train
20784,train
20785,train
20786,train
20787,train
20788,train
20789,train
2079,train
20790,train
20791,train
20792,train
20793,train
20794,train
20795,train
20796,train
20797,train
20798,train
20799,train
208,train
2080,train
20800,train
20801,train
20802,train
20803,train
20804,train
20805,train
20806,train
20807,train
20808,train
20809,train
2081,train
20810,train
20811,train
20812,train
20813,train
20814,train
20815,train
20816,train
20817,train
20818,train
20819,train
2082,train
20820,train
20821,train
20822,train
20823,train
20824,train
20825,train
20826,train
20827,train
20828,train
20829,train
2083,train
20830,train
20831,train
20832,train
20833,train
20834,train
20835,train
20836,train
20837,train
20838,train
20839,train
2084,train
20840,train
20841,train
20842,train
20843,train
20844,train
20845,train
20846,train
20847,train
20848,train
20849,train
2085,train
20850,train
20851,train
20852,train
20853,train
20854,train
20855,train
20856,train
20857,train
20858,train
20859,train
2086,train
20860,train
20861,train
20862,train
20863,train
20864,train
20865,train
20866,train
20867,train
20868,train
20869,train
2087,train
20870,train
20871,train
20872,train
20873,train
20874,train
20875,train
20876,train
20877,train
20878,train
20879,train
2088,train
20880,train
20881,train
20882,train
20883,train
20884,train
20885,train
20886,train
20887,train
20888,train
20889,train
2089,train
20890,train
20891,train
20892,train
20893,train
20894,train
20895,train
20896,train
20897,train
20898,train
20899,train
209,train
2090,train
20900,train
20901,train
20902,train
20903,train
20904,train
20905,train
20906,train
20907,train
20908,train
20909,train
2091,train
20910,train
20911,train
20912,train
20913,train
20914,train
20915,train
20916,train
20917,train
20918,train
20919,train
2092,train
20920,train
20921,train
20922,train
20923,train
20924,train
20925,train
20926,train
20927,train
20928,train
20929,train
2093,train
20930,train
20931,train
20932,train
20933,train
20934,train
20935,train
20936,train
20937,train
20938,train
20939,train
2094,train
20940,train
20941,train
20942,train
20943,train
20944,train
20945,train
20946,train
20947,train
20948,train
20949,train
2095,train
20950,train
20951,train
20952,train
20953,train
20954,train
20955,train
20956,train
20957,train
20958,train
20959,train
2096,train
20960,train
20961,train
20962,train
20963,train
20964,train
20965,train
20966,train
20967,train
20968,train
20969,train
2097,train
20970,train
20971,train
20972,train
20973,train
20974,train
20975,train
20976,train
20977,train
20978,train
20979,train
2098,train
20980,train
20981,train
20982,train
20983,train
20984,train
20985,train
20986,train
20987,train
20988,train
20989,train
2099,train
20990,train
20991,train
20992,train
20993,train
20994,train
20995,train
20996,train
20997,train
20998,train
20999,train
21,train
210,train
2100,train
21000,train
21001,train
21002,train
21003,train
21004,train
21005,train
21006,train
21007,train
21008,train
21009,train
2101,train
21010,train
21011,train
21012,train
21013,train
21014,train
21015,train
21016,train
21017,train
21018,train
21019,train
2102,train
21020,train
21021,train
21022,train
21023,train
21024,train
21025,train
21026,train
21027,train
21028,train
21029,train
2103,train
21030,train
21031,train
21032,train
21033,train
21034,train
21035,train
21036,train
21037,train
21038,train
21039,train
2104,train
21040,train
21041,train
21042,train
21043,train
21044,train
21045,train
21046,train
21047,train
21048,train
21049,train
2105,train
21050,train
21051,train
21052,train
21053,train
21054,train
21055,train
21056,train
21057,train
21058,train
21059,train
2106,train
21060,train
21061,train
21062,train
21063,train
21064,train
21065,train
21066,train
21067,train
21068,train
21069,train
2107,train
21070,train
21071,train
21072,train
21073,train
21074,train
21075,train
21076,train
21077,train
21078,train
21079,train
2108,train
21080,train
21081,train
21082,train
21083,train
21084,train
21085,train
21086,train
21087,train
21088,train
21089,train
2109,train
21090,train
21091,train
21092,train
21093,train
21094,train
21095,train
21096,train
21097,train
21098,train
21099,train
211,train
2110,train
21100,train
21101,train
21102,train
21103,train
21104,train
21105,train
21106,train
21107,train
21108,train
21109,train
2111,train
21110,train
21111,train
21112,train
21113,train
21114,train
21115,train
21116,train
21117,train
21118,train
21119,train
2112,train
21120,train
21121,train
21122,train
21123,train
21124,train
21125,train
21126,train
21127,train
21128,train
21129,train
2113,train
21130,train
21131,train
21132,train
21133,train
21134,train
21135,train
21136,train
21137,train
21138,train
21139,train
2114,train
21140,train
21141,train
21142,train
21143,train
21144,train
21145,train
21146,train
21147,train
21148,train
21149,train
2115,train
21150,train
21151,train
21152,train
21153,train
21154,train
21155,train
21156,train
21157,train
21158,train
21159,train
2116,train
21160,train
21161,train
21162,train
21163,train
21164,train
21165,train
21166,train
21167,train
21168,train
21169,train
2117,train
21170,train
21171,train
21172,train
21173,train
21174,train
21175,train
21176,train
21177,train
21178,train
21179,train
2118,train
21180,train
21181,train
21182,train
21183,train
21184,train
21185,train
21186,train
21187,train
21188,train
21189,train
2119,train
21190,train
21191,train
21192,train
21193,train
21194,train
21195,train
21196,train
21197,train
21198,train
21199,train
212,train
2120,train
21200,train
21201,train
21202,train
21203,train
21204,train
21205,train
21206,train
21207,train
21208,train
21209,train
2121,train
21210,train
21211,train
21212,train
21213,train
21214,train
21215,train
21216,train
21217,train
21218,train
21219,train
2122,train
21220,train
21221,train
21222,train
21223,train
21224,train
21225,train
21226,train
21227,train
21228,train
21229,train
2123,train
21230,train
21231,train
21232,train
21233,train
21234,train
21235,train
21236,train
21237,train
21238,train
21239,train
2124,train
21240,train
21241,train
21242,train
21243,train
21244,train
21245,train
21246,train
21247,train
21248,train
21249,train
2125,train
21250,train
21251,train
21252,train
21253,train
21254,train
21255,train
21256,train
21257,train
21258,train
21259,train
2126,train
21260,train
21261,train
21262,train
21263,train
21264,train
21265,train
21266,train
21267,train
21268,train
21269,train
2127,train
21270,train
21271,train
21272,train
21273,train
21274,train
21275,train
21276,train
21277,train
21278,train
21279,train
2128,train
21280,train
21281,train
21282,train
21283,train
21284,train
21285,train
21286,train
21287,train
21288,train
21289,train
2129,train
21290,train
21291,train
21292,train
21293,train
21294,train
21295,train
21296,train
21297,train
21298,train
21299,train
213,train
2130,train
21300,train
21301,train
21302,train
21303,train
21304,train
21305,train
21306,train
21307,train
21308,train
21309,train
2131,train
21310,train
21311,train
21312,train
21313,train
21314,train
21315,train
21316,train
21317,train
21318,train
21319,train
2132,train
21320,train
21321,train
21322,train
21323,train
21324,train
21325,train
21326,train
21327,train
21328,train
21329,train
2133,train
21330,train
21331,train
21332,train
21333,train
21334,train
21335,train
21336,train
21337,train
21338,train
21339,train
2134,train
21340,train
21341,train
21342,train
21343,train
21344,train
21345,train
21346,train
21347,train
21348,train
21349,train
2135,train
21350,train
21351,train
21352,train
21353,train
21354,train
21355,train
21356,train
21357,train
21358,train
21359,train
2136,train
21360,train
21361,train
21362,train
21363,train
21364,train
21365,train
21366,train
21367,train
21368,train
21369,train
2137,train
21370,train
21371,train
21372,train
21373,train
21374,train
21375,train
21376,train
21377,train
21378,train
21379,train
2138,train
21380,train
21381,train
21382,train
21383,train
21384,train
21385,train
21386,train
21387,train
21388,train
21389,train
2139,train
21390,train
21391,train
21392,train
21393,train
21394,train
21395,train
21396,train
21397,train
21398,train
21399,train
214,train
2140,train
21400,train
21401,train
21402,train
21403,train
21404,train
21405,train
21406,train
21407,train
21408,train
21409,train
2141,train
21410,train
21411,train
21412,train
21413,train
21414,train
21415,train
21416,train
21417,train
21418,train
21419,train
2142,train
21420,train
21421,train
21422,train
21423,train
21424,train
21425,train
21426,train
21427,train
21428,train
21429,train
2143,train
21430,train
21431,train
21432,train
21433,train
21434,train
21435,train
21436,train
21437,train
21438,train
21439,train
2144,train
21440,train
21441,train
21442,train
21443,train
21444,train
21445,train
21446,train
21447,train
21448,train
21449,train
2145,train
21450,train
21451,train
21452,train
21453,train
21454,train
21455,train
21456,train
21457,train
21458,train
21459,train
2146,train
21460,train
21461,train
21462,train
21463,train
21464,train
21465,train
21466,train
21467,train
21468,train
21469,train
2147,train
21470,train
21471,train
21472,train
21473,train
21474,train
21475,train
21476,train
21477,train
21478,train
21479,train
2148,train
21480,train
21481,train
21482,train
21483,train
21484,train
21485,train
21486,train
21487,train
21488,train
21489,train
2149,train
21490,train
21491,train
21492,train
21493,train
21494,train
21495,train
21496,train
21497,train
21498,train
21499,train
215,train
2150,train
21500,train
21501,train
21502,train
21503,train
21504,train
21505,train
21506,train
21507,train
21508,train
21509,train
2151,train
21510,train
21511,train
21512,train
21513,train
21514,train
21515,train
21516,train
21517,train
21518,train
21519,train
2152,train
21520,train
21521,train
21522,train
21523,train
21524,train
21525,train
21526,train
21527,train
21528,train
21529,train
2153,train
21530,train
21531,train
21532,train
21533,train
21534,train
21535,train
21536,train
21537,train
21538,train
21539,train
2154,train
21540,train
21541,train
21542,train
21543,train
21544,train
21545,train
21546,train
21547,train
21548,train
21549,train
2155,train
21550,train
21551,train
21552,train
21553,train
21554,train
21555,train
21556,train
21557,train
21558,train
21559,train
2156,train
21560,train
21561,train
21562,train
21563,train
21564,train
21565,train
21566,train
21567,train
21568,train
21569,train
2157,train
21570,train
21571,train
21572,train
21573,train
21574,train
21575,train
21576,train
21577,train
21578,train
21579,train
2158,train
21580,train
21581,train
21582,train
21583,train
21584,train
21585,train
21586,train
21587,train
21588,train
21589,train
2159,train
21590,train
21591,train
21592,train
21593,train
21594,train
21595,train
21596,train
21597,train
21598,train
21599,train
216,train
2160,train
21600,train
21601,train
21602,train
21603,train
21604,train
21605,train
21606,train
21607,train
21608,train
21609,train
2161,train
21610,train
21611,train
21612,train
21613,train
21614,train
21615,train
21616,train
21617,train
21618,train
21619,train
2162,train
21620,train
21621,train
21622,train
21623,train
21624,train
21625,train
21626,train
21627,train
21628,train
21629,train
2163,train
21630,train
21631,train
21632,train
21633,train
21634,train
21635,train
21636,train
21637,train
21638,train
21639,train
2164,train
21640,train
21641,train
21642,train
21643,train
21644,train
21645,train
21646,train
21647,train
21648,train
21649,train
2165,train
21650,train
21651,train
21652,train
21653,train
21654,train
21655,train
21656,train
21657,train
21658,train
21659,train
2166,train
21660,train
21661,train
21662,train
21663,train
21664,train
21665,train
21666,train
21667,train
21668,train
21669,train
2167,train
21670,train
21671,train
21672,train
21673,train
21674,train
21675,train
21676,train
21677,train
21678,train
21679,train
2168,train
21680,train
21681,train
21682,train
21683,train
21684,train
21685,train
21686,train
21687,train
21688,train
21689,train
2169,train
21690,train
21691,train
21692,train
21693,train
21694,train
21695,train
21696,train
21697,train
21698,train
21699,train
217,train
2170,train
21700,train
21701,train
21702,train
21703,train
21704,train
21705,train
21706,train
21707,train
21708,train
21709,train
2171,train
21710,train
21711,train
21712,train
21713,train
21714,train
21715,train
21716,train
21717,train
21718,train
21719,train
2172,train
21720,train
21721,train
21722,train
21723,train
21724,train
21725,train
21726,train
21727,train
21728,train
21729,train
2173,train
21730,train
21731,train
21732,train
21733,train
21734,train
21735,train
21736,train
21737,train
21738,train
21739,train
2174,train
21740,train
21741,train
21742,train
21743,train
21744,train
21745,train
21746,train
21747,train
21748,train
21749,train
2175,train
21750,train
21751,train
21752,train
21753,train
21754,train
21755,train
21756,train
21757,train
21758,train
21759,train
2176,train
21760,train
21761,train
21762,train
21763,train
21764,train
21765,train
21766,train
21767,train
21768,train
21769,train
2177,train
21770,train
21771,train
21772,train
21773,train
21774,train
21775,train
21776,train
21777,train
21778,train
21779,train
2178,train
21780,train
21781,train
21782,train
21783,train
21784,train
21785,train
21786,train
21787,train
21788,train
21789,train
2179,train
21790,train
21791,train
21792,train
21793,train
21794,train
21795,train
21796,train
21797,train
21798,train
21799,train
218,train
2180,train
21800,train
21801,train
21802,train
21803,train
21804,train
21805,train
21806,train
21807,train
21808,train
21809,train
2181,train
21810,train
21811,train
21812,train
21813,train
21814,train
21815,train
21816,train
21817,train
21818,train
21819,train
2182,train
21820,train
21821,train
21822,train
21823,train
21824,train
21825,train
21826,train
21827,train
21828,train
21829,train
2183,train
21830,train
21831,train
21832,train
21833,train
21834,train
21835,train
21836,train
21837,train
21838,train
21839,train
2184,train
21840,train
21841,train
21842,train
21843,train
21844,train
21845,train
21846,train
21847,train
21848,train
21849,train
2185,train
21850,train
21851,train
21852,train
21853,train
21854,train
21855,train
21856,train
21857,train
21858,train
21859,train
2186,train
21860,train
21861,train
21862,train
21863,train
21864,train
21865,train
21866,train
21867,train
21868,train
21869,train
2187,train
21870,train
21871,train
21872,train
21873,train
21874,train
21875,train
21876,train
21877,train
21878,train
21879,train
2188,train
21880,train
21881,train
21882,train
21883,train
21884,train
21885,train
21886,train
21887,train
21888,train
21889,train
2189,train
21890,train
21891,train
21892,train
21893,train
21894,train
21895,train
21896,train
21897,train
21898,train
21899,train
219,train
2190,train
21900,train
21901,train
21902,train
21903,train
21904,train
21905,train
21906,train
21907,train
21908,train
21909,train
2191,train
21910,train
21911,train
21912,train
21913,train
21914,train
21915,train
21916,train
21917,train
21918,train
21919,train
2192,train
21920,train
21921,train
21922,train
21923,train
21924,train
21925,train
21926,train
21927,train
21928,train
21929,train
2193,train
21930,train
21931,train
21932,train
21933,train
21934,train
21935,train
21936,train
21937,train
21938,train
21939,train
2194,train
21940,train
21941,train
21942,train
21943,train
21944,train
21945,train
21946,train
21947,train
21948,train
21949,train
2195,train
21950,train
21951,train
21952,train
21953,train
21954,train
21955,train
21956,train
21957,train
21958,train
21959,train
2196,train
21960,train
21961,train
21962,train
21963,train
21964,train
21965,train
21966,train
21967,train
21968,train
21969,train
2197,train
21970,train
21971,train
21972,train
21973,train
21974,train
21975,train
21976,train
21977,train
21978,train
21979,train
2198,train
21980,train
21981,train
21982,train
21983,train
21984,train
21985,train
21986,train
21987,train
21988,train
21989,train
2199,train
21990,train
21991,train
21992,train
21993,train
21994,train
21995,train
21996,train
21997,train
21998,train
21999,train
22,train
220,train
2200,train
22000,train
22001,train
22002,train
22003,train
22004,train
22005,train
22006,train
22007,train
22008,train
22009,train
2201,train
22010,train
22011,train
22012,train
22013,train
22014,train
22015,train
22016,train
22017,train
22018,train
22019,train
2202,train
22020,train
22021,train
22022,train
22023,train
22024,train
22025,train
22026,train
22027,train
22028,train
22029,train
2203,train
22030,train
22031,train
22032,train
22033,train
22034,train
22035,train
22036,train
22037,train
22038,train
22039,train
2204,train
22040,train
22041,train
22042,train
22043,train
22044,train
22045,train
22046,train
22047,train
22048,train
22049,train
2205,train
22050,train
22051,train
22052,train
22053,train
22054,train
22055,train
22056,train
22057,train
22058,train
22059,train
2206,train
22060,train
22061,train
22062,train
22063,train
22064,train
22065,train
22066,train
22067,train
22068,train
22069,train
2207,train
22070,train
22071,train
22072,train
22073,train
22074,train
22075,train
22076,train
22077,train
22078,train
22079,train
2208,train
22080,train
22081,train
22082,train
22083,train
22084,train
22085,train
22086,train
22087,train
22088,train
22089,train
2209,train
22090,train
22091,train
22092,train
22093,train
22094,train
22095,train
22096,train
22097,train
22098,train
22099,train
221,train
2210,train
22100,train
22101,train
22102,train
22103,train
22104,train
22105,train
22106,train
22107,train
22108,train
22109,train
2211,train
22110,train
22111,train
22112,train
22113,train
22114,train
22115,train
22116,train
22117,train
22118,train
22119,train
2212,train
22120,train
22121,train
22122,train
22123,train
22124,train
22125,train
22126,train
22127,train
22128,train
22129,train
2213,train
22130,train
22131,train
22132,train
22133,train
22134,train
22135,train
22136,train
22137,train
22138,train
22139,train
2214,train
22140,train
22141,train
22142,train
22143,train
22144,train
22145,train
22146,train
22147,train
22148,train
22149,train
2215,train
22150,train
22151,train
22152,train
22153,train
22154,train
22155,train
22156,train
22157,train
22158,train
22159,train
2216,train
22160,train
22161,train
22162,train
22163,train
22164,train
22165,train
22166,train
22167,train
22168,train
22169,train
2217,train
22170,train
22171,train
22172,train
22173,train
22174,train
22175,train
22176,train
22177,train
22178,train
22179,train
2218,train
22180,train
22181,train
22182,train
22183,train
22184,train
22185,train
22186,train
22187,train
22188,train
22189,train
2219,train
22190,train
22191,train
22192,train
22193,train
22194,train
22195,train
22196,train
22197,train
22198,train
22199,train
222,train
2220,train
22200,train
22201,train
22202,train
22203,train
22204,train
22205,train
22206,train
22207,train
22208,train
22209,train
2221,train
22210,train
22211,train
22212,train
22213,train
22214,train
22215,train
22216,train
22217,train
22218,train
22219,train
2222,train
22220,train
22221,train
22222,train
22223,train
22224,train
22225,train
22226,train
22227,train
22228,train
22229,train
2223,train
22230,train
22231,train
22232,train
22233,train
22234,train
22235,train
22236,train
22237,train
22238,train
22239,train
2224,train
22240,train
22241,train
22242,train
22243,train
22244,train
22245,train
22246,train
22247,train
22248,train
22249,train
2225,train
22250,train
22251,train
22252,train
22253,train
22254,train
22255,train
22256,train
22257,train
22258,train
22259,train
2226,train
22260,train
22261,train
22262,train
22263,train
22264,train
22265,train
22266,train
22267,train
22268,train
22269,train
2227,train
22270,train
22271,train
22272,train
22273,train
22274,train
22275,train
22276,train
22277,train
22278,train
22279,train
2228,train
22280,train
22281,train
22282,train
22283,train
22284,train
22285,train
22286,train
22287,train
22288,train
22289,train
2229,train
22290,train
22291,train
22292,train
22293,train
22294,train
22295,train
22296,train
22297,train
22298,train
22299,train
223,train
2230,train
22300,train
22301,train
22302,train
22303,train
22304,train
22305,train
22306,train
22307,train
22308,train
22309,train
2231,train
22310,train
22311,train
22312,train
22313,train
22314,train
22315,train
22316,train
22317,train
22318,train
22319,train
2232,train
22320,train
22321,train
22322,train
22323,train
22324,train
22325,train
22326,train
22327,train
22328,train
22329,train
2233,train
22330,train
22331,train
22332,train
22333,train
22334,train
22335,train
22336,train
22337,train
22338,train
22339,train
2234,train
22340,train
22341,train
22342,train
22343,train
22344,train
22345,train
22346,train
22347,train
22348,train
22349,train
2235,train
22350,train
22351,train
22352,train
22353,train
22354,train
22355,train
22356,train
22357,train
22358,train
22359,train
2236,train
22360,train
22361,train
22362,train
22363,train
22364,train
22365,train
22366,train
22367,train
22368,train
22369,train
2237,train
22370,train
22371,train
22372,train
22373,train
22374,train
22375,train
22376,train
22377,train
22378,train
22379,train
2238,train
22380,train
22381,train
22382,train
22383,train
22384,train
22385,train
22386,train
22387,train
22388,train
22389,train
2239,train
22390,train
22391,train
22392,train
22393,train
22394,train
22395,train
22396,train
22397,train
22398,train
22399,train
224,train
2240,train
22400,train
22401,train
22402,train
22403,train
22404,train
22405,train
22406,train
22407,train
22408,train
22409,train
2241,train
22410,train
22411,train
22412,train
22413,train
22414,train
22415,train
22416,train
22417,train
22418,train
22419,train
2242,train
22420,train
22421,train
22422,train
22423,train
22424,train
22425,train
22426,train
22427,train
22428,train
22429,train
2243,train
22430,train
22431,train
22432,train
22433,train
22434,train
22435,train
22436,train
22437,train
22438,train
22439,train
2244,train
22440,train
22441,train
22442,train
22443,train
22444,train
22445,train
22446,train
22447,train
22448,train
22449,train
2245,train
22450,train
22451,train
22452,train
22453,train
22454,train
22455,train
22456,train
22457,train
22458,train
22459,train
2246,train
22460,train
22461,train
22462,train
22463,train
22464,train
22465,train
22466,train
22467,train
22468,train
22469,train
2247,train
22470,train
22471,train
22472,train
22473,train
22474,train
22475,train
22476,train
22477,train
22478,train
22479,train
2248,train
22480,train
22481,train
22482,train
22483,train
22484,train
22485,train
22486,train
22487,train
22488,train
22489,train
2249,train
22490,train
22491,train
22492,train
22493,train
22494,train
22495,train
22496,train
22497,train
22498,train
22499,train
225,train
2250,train
22500,train
22501,train
22502,train
22503,train
22504,train
22505,train
22506,train
22507,train
22508,train
22509,train
2251,train
22510,train
22511,train
22512,train
22513,train
22514,train
22515,train
22516,train
22517,train
22518,train
22519,train
2252,train
22520,train
22521,train
22522,train
22523,train
22524,train
22525,train
22526,train
22527,train
22528,train
22529,train
2253,train
22530,train
22531,train
22532,train
22533,train
22534,train
22535,train
22536,train
22537,train
22538,train
22539,train
2254,train
22540,train
22541,train
22542,train
22543,train
22544,train
22545,train
22546,train
22547,train
22548,train
22549,train
2255,train
22550,train
22551,train
22552,train
22553,train
22554,train
22555,train
22556,train
22557,train
22558,train
22559,train
2256,train
22560,train
22561,train
22562,train
22563,train
22564,train
22565,train
22566,train
22567,train
22568,train
22569,train
2257,train
22570,train
22571,train
22572,train
22573,train
22574,train
22575,train
22576,train
22577,train
22578,train
22579,train
2258,train
22580,train
22581,train
22582,train
22583,train
22584,train
22585,train
22586,train
22587,train
22588,train
22589,train
2259,train
22590,train
22591,train
22592,train
22593,train
22594,train
22595,train
22596,train
22597,train
22598,train
22599,train
226,train
2260,train
22600,train
22601,train
22602,train
22603,train
22604,train
22605,train
22606,train
22607,train
22608,train
22609,train
2261,train
22610,train
22611,train
22612,train
22613,train
22614,train
22615,train
22616,train
22617,train
22618,train
22619,train
2262,train
22620,train
22621,train
22622,train
22623,train
22624,train
22625,train
22626,train
22627,train
22628,train
22629,train
2263,train
22630,train
22631,train
22632,train
22633,train
22634,train
22635,train
22636,train
22637,train
22638,train
22639,train
2264,train
22640,train
22641,train
22642,train
22643,train
22644,train
22645,train
22646,train
22647,train
22648,train
22649,train
2265,train
22650,train
22651,train
22652,train
22653,train
22654,train
22655,train
22656,train
22657,train
22658,train
22659,train
2266,train
22660,train
22661,train
22662,train
22663,train
22664,train
22665,train
22666,train
22667,train
22668,train
22669,train
2267,train
22670,train
22671,train
22672,train
22673,train
22674,train
22675,train
22676,train
22677,train
22678,train
22679,train
2268,train
22680,train
22681,train
22682,train
22683,train
22684,train
22685,train
22686,train
22687,train
22688,train
22689,train
2269,train
22690,train
22691,train
22692,train
22693,train
22694,train
22695,train
22696,train
22697,train
22698,train
22699,train
227,train
2270,train
22700,train
22701,train
22702,train
22703,train
22704,train
22705,train
22706,train
22707,train
22708,train
22709,train
2271,train
22710,train
22711,train
22712,train
22713,train
22714,train
22715,train
22716,train
22717,train
22718,train
22719,train
2272,train
22720,train
22721,train
22722,train
22723,train
22724,train
22725,train
22726,train
22727,train
22728,train
22729,train
2273,train
22730,train
22731,train
22732,train
22733,train
22734,train
22735,train
22736,train
22737,train
22738,train
22739,train
2274,train
22740,train
22741,train
22742,train
22743,train
22744,train
22745,train
22746,train
22747,train
22748,train
22749,train
2275,train
22750,train
22751,train
22752,train
22753,train
22754,train
22755,train
22756,train
22757,train
22758,train
22759,train
2276,train
22760,train
22761,train
22762,train
22763,train
22764,train
22765,train
22766,train
22767,train
22768,train
22769,train
2277,train
22770,train
22771,train
22772,train
22773,train
22774,train
22775,train
22776,train
22777,train
22778,train
22779,train
2278,train
22780,train
22781,train
22782,train
22783,train
22784,train
22785,train
22786,train
22787,train
22788,train
22789,train
2279,train
22790,train
22791,train
22792,train
22793,train
22794,train
22795,train
22796,train
22797,train
22798,train
22799,train
228,train
2280,train
22800,train
22801,train
22802,train
22803,train
22804,train
22805,train
22806,train
22807,train
22808,train
22809,train
2281,train
22810,train
22811,train
22812,train
22813,train
22814,train
22815,train
22816,train
22817,train
22818,train
22819,train
2282,train
22820,train
22821,train
22822,train
22823,train
22824,train
22825,train
22826,train
22827,train
22828,train
22829,train
2283,train
22830,train
22831,train
22832,train
22833,train
22834,train
22835,train
22836,train
22837,train
22838,train
22839,train
2284,train
22840,train
22841,train
22842,train
22843,train
22844,train
22845,train
22846,train
22847,train
22848,train
22849,train
2285,train
22850,train
22851,train
22852,train
22853,train
22854,train
22855,train
22856,train
22857,train
22858,train
22859,train
2286,train
22860,train
22861,train
22862,train
22863,train
22864,train
22865,train
22866,train
22867,train
22868,train
22869,train
2287,train
22870,train
22871,train
22872,train
22873,train
22874,train
22875,train
22876,train
22877,train
22878,train
22879,train
2288,train
22880,train
22881,train
22882,train
22883,train
22884,train
22885,train
22886,train
22887,train
22888,train
22889,train
2289,train
22890,train
22891,train
22892,train
22893,train
22894,train
22895,train
22896,train
22897,train
22898,train
22899,train
229,train
2290,train
22900,train
22901,train
22902,train
22903,train
22904,train
22905,train
22906,train
22907,train
22908,train
22909,train
2291,train
22910,train
22911,train
22912,train
22913,train
22914,train
22915,train
22916,train
22917,train
22918,train
22919,train
2292,train
22920,train
22921,train
22922,train
22923,train
22924,train
22925,train
22926,train
22927,train
22928,train
22929,train
2293,train
22930,train
22931,train
22932,train
22933,train
22934,train
22935,train
22936,train
22937,train
22938,train
22939,train
2294,train
22940,train
22941,train
22942,train
22943,train
22944,train
22945,train
22946,train
22947,train
22948,train
22949,train
2295,train
22950,train
22951,train
22952,train
22953,train
22954,train
22955,train
22956,train
22957,train
22958,train
22959,train
2296,train
22960,train
22961,train
22962,train
22963,train
22964,train
22965,train
22966,train
22967,train
22968,train
22969,train
2297,train
22970,train
22971,train
22972,train
22973,train
22974,train
22975,train
22976,train
22977,train
22978,train
22979,train
2298,train
22980,train
22981,train
22982,train
22983,train
22984,train
22985,train
22986,train
22987,train
22988,train
22989,train
2299,train
22990,train
22991,train
22992,train
22993,train
22994,train
22995,train
22996,train
22997,train
22998,train
22999,train
23,train
230,train
2300,train
23000,train
23001,train
23002,train
23003,train
23004,train
23005,train
23006,train
23007,train
23008,train
23009,train
2301,train
23010,train
23011,train
23012,train
23013,train
23014,train
23015,train
23016,train
23017,train
23018,train
23019,train
2302,train
23020,train
23021,train
23022,train
23023,train
23024,train
23025,train
23026,train
23027,train
23028,train
23029,train
2303,train
23030,train
23031,train
23032,train
23033,train
23034,train
23035,train
23036,train
23037,train
23038,train
23039,train
2304,train
23040,train
23041,train
23042,train
23043,train
23044,train
23045,train
23046,train
23047,train
23048,train
23049,train
2305,train
23050,train
23051,train
23052,train
23053,train
23054,train
23055,train
23056,train
23057,train
23058,train
23059,train
2306,train
23060,train
23061,train
23062,train
23063,train
23064,train
23065,train
23066,train
23067,train
23068,train
23069,train
2307,train
23070,train
23071,train
23072,train
23073,train
23074,train
23075,train
23076,train
23077,train
23078,train
23079,train
2308,train
23080,train
23081,train
23082,train
23083,train
23084,train
23085,train
23086,train
23087,train
23088,train
23089,train
2309,train
23090,train
23091,train
23092,train
23093,train
23094,train
23095,train
23096,train
23097,train
23098,train
23099,train
231,train
2310,train
23100,train
23101,train
23102,train
23103,train
23104,train
23105,train
23106,train
23107,train
23108,train
23109,train
2311,train
23110,train
23111,train
23112,train
23113,train
23114,train
23115,train
23116,train
23117,train
23118,train
23119,train
2312,train
23120,train
23121,train
23122,train
23123,train
23124,train
23125,train
23126,train
23127,train
23128,train
23129,train
2313,train
23130,train
23131,train
23132,train
23133,train
23134,train
23135,train
23136,train
23137,train
23138,train
23139,train
2314,train
23140,train
23141,train
23142,train
23143,train
23144,train
23145,train
23146,train
23147,train
23148,train
23149,train
2315,train
23150,train
23151,train
23152,train
23153,train
23154,train
23155,train
23156,train
23157,train
23158,train
23159,train
2316,train
23160,train
23161,train
23162,train
23163,train
23164,train
23165,train
23166,train
23167,train
23168,train
23169,train
2317,train
23170,train
23171,train
23172,train
23173,train
23174,train
23175,train
23176,train
23177,train
23178,train
23179,train
2318,train
23180,train
23181,train
23182,train
23183,train
23184,train
23185,train
23186,train
23187,train
23188,train
23189,train
2319,train
23190,train
23191,train
23192,train
23193,train
23194,train
23195,train
23196,train
23197,train
23198,train
23199,train
232,train
2320,train
23200,train
23201,train
23202,train
23203,train
23204,train
23205,train
23206,train
23207,train
23208,train
23209,train
2321,train
23210,train
23211,train
23212,train
23213,train
23214,train
23215,train
23216,train
23217,train
23218,train
23219,train
2322,train
23220,train
23221,train
23222,train
23223,train
23224,train
23225,train
23226,train
23227,train
23228,train
23229,train
2323,train
23230,train
23231,train
23232,train
23233,train
23234,train
23235,train
23236,train
23237,train
23238,train
23239,train
2324,train
23240,train
23241,train
23242,train
23243,train
23244,train
23245,train
23246,train
23247,train
23248,train
23249,train
2325,train
23250,train
23251,train
23252,train
23253,train
23254,train
23255,train
23256,train
23257,train
23258,train
23259,train
2326,train
23260,train
23261,train
23262,train
23263,train
23264,train
23265,train
23266,train
23267,train
23268,train
23269,train
2327,train
23270,train
23271,train
23272,train
23273,train
23274,train
23275,train
23276,train
23277,train
23278,train
23279,train
2328,train
23280,train
23281,train
23282,train
23283,train
23284,train
23285,train
23286,train
23287,train
23288,train
23289,train
2329,train
23290,train
23291,train
23292,train
23293,train
23294,train
23295,train
23296,train
23297,train
23298,train
23299,train
233,train
2330,train
23300,train
23301,train
23302,train
23303,train
23304,train
23305,train
23306,train
23307,train
23308,train
23309,train
2331,train
23310,train
23311,train
23312,train
23313,train
23314,train
23315,train
23316,train
23317,train
23318,train
23319,train
2332,train
23320,train
23321,train
23322,train
23323,train
23324,train
23325,train
23326,train
23327,train
23328,train
23329,train
2333,train
23330,train
23331,train
23332,train
23333,train
23334,train
23335,train
23336,train
23337,train
23338,train
23339,train
2334,train
23340,train
23341,train
23342,train
23343,train
23344,train
23345,train
23346,train
23347,train
23348,train
23349,train
2335,train
23350,train
23351,train
23352,train
23353,train
23354,train
23355,train
23356,train
23357,train
23358,train
23359,train
2336,train
23360,train
23361,train
23362,train
23363,train
23364,train
23365,train
23366,train
23367,train
23368,train
23369,train
2337,train
23370,train
23371,train
23372,train
23373,train
23374,train
23375,train
23376,train
23377,train
23378,train
23379,train
2338,train
23380,train
23381,train
23382,train
23383,train
23384,train
23385,train
23386,train
23387,train
23388,train
23389,train
2339,train
23390,train
23391,train
23392,train
23393,train
23394,train
23395,train
23396,train
23397,train
23398,train
23399,train
234,train
2340,train
23400,train
23401,train
23402,train
23403,train
23404,train
23405,train
23406,train
23407,train
23408,train
23409,train
2341,train
23410,train
23411,train
23412,train
23413,train
23414,train
23415,train
23416,train
23417,train
23418,train
23419,train
2342,train
23420,train
23421,train
23422,train
23423,train
23424,train
23425,train
23426,train
23427,train
23428,train
23429,train
2343,train
23430,train
23431,train
23432,train
23433,train
23434,train
23435,train
23436,train
23437,train
23438,train
23439,train
2344,train
23440,train
23441,train
23442,train
23443,train
23444,train
23445,train
23446,train
23447,train
23448,train
23449,train
2345,train
23450,train
23451,train
23452,train
23453,train
23454,train
23455,train
23456,train
23457,train
23458,train
23459,train
2346,train
23460,train
23461,train
23462,train
23463,train
23464,train
23465,train
23466,train
23467,train
23468,train
23469,train
2347,train
23470,train
23471,train
23472,train
23473,train
23474,train
23475,train
23476,train
23477,train
23478,train
23479,train
2348,train
23480,train
23481,train
23482,train
23483,train
23484,train
23485,train
23486,train
23487,train
23488,train
23489,train
2349,train
23490,train
23491,train
23492,train
23493,train
23494,train
23495,train
23496,train
23497,train
23498,train
23499,train
235,train
2350,train
23500,train
23501,train
23502,train
23503,train
23504,train
23505,train
23506,train
23507,train
23508,train
23509,train
2351,train
23510,train
23511,train
23512,train
23513,train
23514,train
23515,train
23516,train
23517,train
23518,train
23519,train
2352,train
23520,train
23521,train
23522,train
23523,train
23524,train
23525,train
23526,train
23527,train
23528,train
23529,train
2353,train
23530,train
23531,train
23532,train
23533,train
23534,train
23535,train
23536,train
23537,train
23538,train
23539,train
2354,train
23540,train
23541,train
23542,train
23543,train
23544,train
23545,train
23546,train
23547,train
23548,train
23549,train
2355,train
23550,train
23551,train
23552,train
23553,train
23554,train
23555,train
23556,train
23557,train
23558,train
23559,train
2356,train
23560,train
23561,train
23562,train
23563,train
23564,train
23565,train
23566,train
23567,train
23568,train
23569,train
2357,train
23570,train
23571,train
23572,train
23573,train
23574,train
23575,train
23576,train
23577,train
23578,train
23579,train
2358,train
23580,train
23581,train
23582,train
23583,train
23584,train
23585,train
23586,train
23587,train
23588,train
23589,train
2359,train
23590,train
23591,train
23592,train
23593,train
23594,train
23595,train
23596,train
23597,train
23598,train
23599,train
236,train
2360,train
23600,train
23601,train
23602,train
23603,train
23604,train
23605,train
23606,train
23607,train
23608,train
23609,train
2361,train
23610,train
23611,train
23612,train
23613,train
23614,train
23615,train
23616,train
23617,train
23618,train
23619,train
2362,train
23620,train
23621,train
23622,train
23623,train
23624,train
23625,train
23626,train
23627,train
23628,train
23629,train
2363,train
23630,train
23631,train
23632,train
23633,train
23634,train
23635,train
23636,train
23637,train
23638,train
23639,train
2364,train
23640,train
23641,train
23642,train
23643,train
23644,train
23645,train
23646,train
23647,train
23648,train
23649,train
2365,train
23650,train
23651,train
23652,train
23653,train
23654,train
23655,train
23656,train
23657,train
23658,train
23659,train
2366,train
23660,train
23661,train
23662,train
23663,train
23664,train
23665,train
23666,train
23667,train
23668,train
23669,train
2367,train
23670,train
23671,train
23672,train
23673,train
23674,train
23675,train
23676,train
23677,train
23678,train
23679,train
2368,train
23680,train
23681,train
23682,train
23683,train
23684,train
23685,train
23686,train
23687,train
23688,train
23689,train
2369,train
23690,train
23691,train
23692,train
23693,train
23694,train
23695,train
23696,train
23697,train
23698,train
23699,train
237,train
2370,train
23700,train
23701,train
23702,train
23703,train
23704,train
23705,train
23706,train
23707,train
23708,train
23709,train
2371,train
23710,train
23711,train
23712,train
23713,train
23714,train
23715,train
23716,train
23717,train
23718,train
23719,train
2372,train
23720,train
23721,train
23722,train
23723,train
23724,train
23725,train
23726,train
23727,train
23728,train
23729,train
2373,train
23730,train
23731,train
23732,train
23733,train
23734,train
23735,train
23736,train
23737,train
23738,train
23739,train
2374,train
23740,train
23741,train
23742,train
23743,train
23744,train
23745,train
23746,train
23747,train
23748,train
23749,train
2375,train
23750,train
23751,train
23752,train
23753,train
23754,train
23755,train
23756,train
23757,train
23758,train
23759,train
2376,train
23760,train
23761,train
23762,train
23763,train
23764,train
23765,train
23766,train
23767,train
23768,train
23769,train
2377,train
23770,train
23771,train
23772,train
23773,train
23774,train
23775,train
23776,train
23777,train
23778,train
23779,train
2378,train
23780,train
23781,train
23782,train
23783,train
23784,train
23785,train
23786,train
23787,train
23788,train
23789,train
2379,train
23790,train
23791,train
23792,train
23793,train
23794,train
23795,train
23796,train
23797,train
23798,train
23799,train
238,train
2380,train
23800,train
23801,train
23802,train
23803,train
23804,train
23805,train
23806,train
23807,train
23808,train
23809,train
2381,train
23810,train
23811,train
23812,train
23813,train
23814,train
23815,train
23816,train
23817,train
23818,train
23819,train
2382,train
23820,train
23821,train
23822,train
23823,train
23824,train
23825,train
23826,train
23827,train
23828,train
23829,train
2383,train
23830,train
23831,train
23832,train
23833,train
23834,train
23835,train
23836,train
23837,train
23838,train
23839,train
2384,train
23840,train
23841,train
23842,train
23843,train
23844,train
23845,train
23846,train
23847,train
23848,train
23849,train
2385,train
23850,train
23851,train
23852,train
23853,train
23854,train
23855,train
23856,train
23857,train
23858,train
23859,train
2386,train
23860,train
23861,train
23862,train
23863,train
23864,train
23865,train
23866,train
23867,train
23868,train
23869,train
2387,train
23870,train
23871,train
23872,train
23873,train
23874,train
23875,train
23876,train
23877,train
23878,train
23879,train
2388,train
23880,train
23881,train
23882,train
23883,train
23884,train
23885,train
23886,train
23887,train
23888,train
23889,train
2389,train
23890,train
23891,train
23892,train
23893,train
23894,train
23895,train
23896,train
23897,train
23898,train
23899,train
239,train
2390,train
23900,train
23901,train
23902,train
23903,train
23904,train
23905,train
23906,train
23907,train
23908,train
23909,train
2391,train
23910,train
23911,train
23912,train
23913,train
23914,train
23915,train
23916,train
23917,train
23918,train
23919,train
2392,train
23920,train
23921,train
23922,train
23923,train
23924,train
23925,train
23926,train
23927,train
23928,train
23929,train
2393,train
23930,train
23931,train
23932,train
23933,train
23934,train
23935,train
23936,train
23937,train
23938,train
23939,train
2394,train
23940,train
23941,train
23942,train
23943,train
23944,train
23945,train
23946,train
23947,train
23948,train
23949,train
2395,train
23950,train
23951,train
23952,train
23953,train
23954,train
23955,train
23956,train
23957,train
23958,train
23959,train
2396,train
23960,train
23961,train
23962,train
23963,train
23964,train
23965,train
23966,train
23967,train
23968,train
23969,train
2397,train
23970,train
23971,train
23972,train
23973,train
23974,train
23975,train
23976,train
23977,train
23978,train
23979,train
2398,train
23980,train
23981,train
23982,train
23983,train
23984,train
23985,train
23986,train
23987,train
23988,train
23989,train
2399,train
23990,train
23991,train
23992,train
23993,train
23994,train
23995,train
23996,train
23997,train
23998,train
23999,train
24,train
240,train
2400,train
24000,train
24001,train
24002,train
24003,train
24004,train
24005,train
24006,train
24007,train
24008,train
24009,train
2401,train
24010,train
24011,train
24012,train
24013,train
24014,train
24015,train
24016,train
24017,train
24018,train
24019,train
2402,train
24020,train
24021,train
24022,train
24023,train
24024,train
24025,train
24026,train
24027,train
24028,train
24029,train
2403,train
24030,train
24031,train
24032,train
24033,train
24034,train
24035,train
24036,train
24037,train
24038,train
24039,train
2404,train
24040,train
24041,train
24042,train
24043,train
24044,train
24045,train
24046,train
24047,train
24048,train
24049,train
2405,train
24050,train
24051,train
24052,train
24053,train
24054,train
24055,train
24056,train
24057,train
24058,train
24059,train
2406,train
24060,train
24061,train
24062,train
24063,train
24064,train
24065,train
24066,train
24067,train
24068,train
24069,train
2407,train
24070,train
24071,train
24072,train
24073,train
24074,train
24075,train
24076,train
24077,train
24078,train
24079,train
2408,train
24080,train
24081,train
24082,train
24083,train
24084,train
24085,train
24086,train
24087,train
24088,train
24089,train
2409,train
24090,train
24091,train
24092,train
24093,train
24094,train
24095,train
24096,train
24097,train
24098,train
24099,train
241,train
2410,train
24100,train
24101,train
24102,train
24103,train
24104,train
24105,train
24106,train
24107,train
24108,train
24109,train
2411,train
24110,train
24111,train
24112,train
24113,train
24114,train
24115,train
24116,train
24117,train
24118,train
24119,train
2412,train
24120,train
24121,train
24122,train
24123,train
24124,train
24125,train
24126,train
24127,train
24128,train
24129,train
2413,train
24130,train
24131,train
24132,train
24133,train
24134,train
24135,train
24136,train
24137,train
24138,train
24139,train
2414,train
24140,train
24141,train
24142,train
24143,train
24144,train
24145,train
24146,train
24147,train
24148,train
24149,train
2415,train
24150,train
24151,train
24152,train
24153,train
24154,train
24155,train
24156,train
24157,train
24158,train
24159,train
2416,train
24160,train
24161,train
24162,train
24163,train
24164,train
24165,train
24166,train
24167,train
24168,train
24169,train
2417,train
24170,train
24171,train
24172,train
24173,train
24174,train
24175,train
24176,train
24177,train
24178,train
24179,train
2418,train
24180,train
24181,train
24182,train
24183,train
24184,train
24185,train
24186,train
24187,train
24188,train
24189,train
2419,train
24190,train
24191,train
24192,train
24193,train
24194,train
24195,train
24196,train
24197,train
24198,train
24199,train
242,train
2420,train
24200,train
24201,train
24202,train
24203,train
24204,train
24205,train
24206,train
24207,train
24208,train
24209,train
2421,train
24210,train
24211,train
24212,train
24213,train
24214,train
24215,train
24216,train
24217,train
24218,train
24219,train
2422,train
24220,train
24221,train
24222,train
24223,train
24224,train
24225,train
24226,train
24227,train
24228,train
24229,train
2423,train
24230,train
24231,train
24232,train
24233,train
24234,train
24235,train
24236,train
24237,train
24238,train
24239,train
2424,train
24240,train
24241,train
24242,train
24243,train
24244,train
24245,train
24246,train
24247,train
24248,train
24249,train
2425,train
24250,train
24251,train
24252,train
24253,train
24254,train
24255,train
24256,train
24257,train
24258,train
24259,train
2426,train
24260,train
24261,train
24262,train
24263,train
24264,train
24265,train
24266,train
24267,train
24268,train
24269,train
2427,train
24270,train
24271,train
24272,train
24273,train
24274,train
24275,train
24276,train
24277,train
24278,train
24279,train
2428,train
24280,train
24281,train
24282,train
24283,train
24284,train
24285,train
24286,train
24287,train
24288,train
24289,train
2429,train
24290,train
24291,train
24292,train
24293,train
24294,train
24295,train
24296,train
24297,train
24298,train
24299,train
243,train
2430,train
24300,train
24301,train
24302,train
24303,train
24304,train
24305,train
24306,train
24307,train
24308,train
24309,train
2431,train
24310,train
24311,train
24312,train
24313,train
24314,train
24315,train
24316,train
24317,train
24318,train
24319,train
2432,train
24320,train
24321,train
24322,train
24323,train
24324,train
24325,train
24326,train
24327,train
24328,train
24329,train
2433,train
24330,train
24331,train
24332,train
24333,train
24334,train
24335,train
24336,train
24337,train
24338,train
24339,train
2434,train
24340,train
24341,train
24342,train
24343,train
24344,train
24345,train
24346,train
24347,train
24348,train
24349,train
2435,train
24350,train
24351,train
24352,train
24353,train
24354,train
24355,train
24356,train
24357,train
24358,train
24359,train
2436,train
24360,train
24361,train
24362,train
24363,train
24364,train
24365,train
24366,train
24367,train
24368,train
24369,train
2437,train
24370,train
24371,train
24372,train
24373,train
24374,train
24375,train
24376,train
24377,train
24378,train
24379,train
2438,train
24380,train
24381,train
24382,train
24383,train
24384,train
24385,train
24386,train
24387,train
24388,train
24389,train
2439,train
24390,train
24391,train
24392,train
24393,train
24394,train
24395,train
24396,train
24397,train
24398,train
24399,train
244,train
2440,train
24400,train
24401,train
24402,train
24403,train
24404,train
24405,train
24406,train
24407,train
24408,train
24409,train
2441,train
24410,train
24411,train
24412,train
24413,train
24414,train
24415,train
24416,train
24417,train
24418,train
24419,train
2442,train
24420,train
24421,train
24422,train
24423,train
24424,train
24425,train
24426,train
24427,train
24428,train
24429,train
2443,train
24430,train
24431,train
24432,train
24433,train
24434,train
24435,train
24436,train
24437,train
24438,train
24439,train
2444,train
24440,train
24441,train
24442,train
24443,train
24444,train
24445,train
24446,train
24447,train
24448,train
24449,train
2445,train
24450,train
24451,train
24452,train
24453,train
24454,train
24455,train
24456,train
24457,train
24458,train
24459,train
2446,train
24460,train
24461,train
24462,train
24463,train
24464,train
24465,train
24466,train
24467,train
24468,train
24469,train
2447,train
24470,train
24471,train
24472,train
24473,train
24474,train
24475,train
24476,train
24477,train
24478,train
24479,train
2448,train
24480,train
24481,train
24482,train
24483,train
24484,train
24485,train
24486,train
24487,train
24488,train
24489,train
2449,train
24490,train
24491,train
24492,train
24493,train
24494,train
24495,train
24496,train
24497,train
24498,train
24499,train
245,train
2450,train
24500,train
24501,train
24502,train
24503,train
24504,train
24505,train
24506,train
24507,train
24508,train
24509,train
2451,train
24510,train
24511,train
24512,train
24513,train
24514,train
24515,train
24516,train
24517,train
24518,train
24519,train
2452,train
24520,train
24521,train
24522,train
24523,train
24524,train
24525,train
24526,train
24527,train
24528,train
24529,train
2453,train
24530,train
24531,train
24532,train
24533,train
24534,train
24535,train
24536,train
24537,train
24538,train
24539,train
2454,train
24540,train
24541,train
24542,train
24543,train
24544,train
24545,train
24546,train
24547,train
24548,train
24549,train
2455,train
24550,train
24551,train
24552,train
24553,train
24554,train
24555,train
24556,train
24557,train
24558,train
24559,train
2456,train
24560,train
24561,train
24562,train
24563,train
24564,train
24565,train
24566,train
24567,train
24568,train
24569,train
2457,train
24570,train
24571,train
24572,train
24573,train
24574,train
24575,train
24576,train
24577,train
24578,train
24579,train
2458,train
24580,train
24581,train
24582,train
24583,train
24584,train
24585,train
24586,train
24587,train
24588,train
24589,train
2459,train
24590,train
24591,train
24592,train
24593,train
24594,train
24595,train
24596,train
24597,train
24598,train
24599,train
246,train
2460,train
24600,train
24601,train
24602,train
24603,train
24604,train
24605,train
24606,train
24607,train
24608,train
24609,train
2461,train
24610,train
24611,train
24612,train
24613,train
24614,train
24615,train
24616,train
24617,train
24618,train
24619,train
2462,train
24620,train
24621,train
24622,train
24623,train
24624,train
24625,train
24626,train
24627,train
24628,train
24629,train
2463,train
24630,train
24631,train
24632,train
24633,train
24634,train
24635,train
24636,train
24637,train
24638,train
24639,train
2464,train
24640,train
24641,train
24642,train
24643,train
24644,train
24645,train
24646,train
24647,train
24648,train
24649,train
2465,train
24650,train
24651,train
24652,train
24653,train
24654,train
24655,train
24656,train
24657,train
24658,train
24659,train
2466,train
24660,train
24661,train
24662,train
24663,train
24664,train
24665,train
24666,train
24667,train
24668,train
24669,train
2467,train
24670,train
24671,train
24672,train
24673,train
24674,train
24675,train
24676,train
24677,train
24678,train
24679,train
2468,train
24680,train
24681,train
24682,train
24683,train
24684,train
24685,train
24686,train
24687,train
24688,train
24689,train
2469,train
24690,train
24691,train
24692,train
24693,train
24694,train
24695,train
24696,train
24697,train
24698,train
24699,train
247,train
2470,train
24700,train
24701,train
24702,train
24703,train
24704,train
24705,train
24706,train
24707,train
24708,train
24709,train
2471,train
24710,train
24711,train
24712,train
24713,train
24714,train
24715,train
24716,train
24717,train
24718,train
24719,train
2472,train
24720,train
24721,train
24722,train
24723,train
24724,train
24725,train
24726,train
24727,train
24728,train
24729,train
2473,train
24730,train
24731,train
24732,train
24733,train
24734,train
24735,train
24736,train
24737,train
24738,train
24739,train
2474,train
24740,train
24741,train
24742,train
24743,train
24744,train
24745,train
24746,train
24747,train
24748,train
24749,train
2475,train
24750,train
24751,train
24752,train
24753,train
24754,train
24755,train
24756,train
24757,train
24758,train
24759,train
2476,train
24760,train
24761,train
24762,train
24763,train
24764,train
24765,train
24766,train
24767,train
24768,train
24769,train
2477,train
24770,train
24771,train
24772,train
24773,train
24774,train
24775,train
24776,train
24777,train
24778,train
24779,train
2478,train
24780,train
24781,train
24782,train
24783,train
24784,train
24785,train
24786,train
24787,train
24788,train
24789,train
2479,train
24790,train
24791,train
24792,train
24793,train
24794,train
24795,train
24796,train
24797,train
24798,train
24799,train
248,train
2480,train
24800,train
24801,train
24802,train
24803,train
24804,train
24805,train
24806,train
24807,train
24808,train
24809,train
2481,train
24810,train
24811,train
24812,train
24813,train
24814,train
24815,train
24816,train
24817,train
24818,train
24819,train
2482,train
24820,train
24821,train
24822,train
24823,train
24824,train
24825,train
24826,train
24827,train
24828,train
24829,train
2483,train
24830,train
24831,train
24832,train
24833,train
24834,train
24835,train
24836,train
24837,train
24838,train
24839,train
2484,train
24840,train
24841,train
24842,train
24843,train
24844,train
24845,train
24846,train
24847,train
24848,train
24849,train
2485,train
24850,train
24851,train
24852,train
24853,train
24854,train
24855,train
24856,train
24857,train
24858,train
24859,train
2486,train
24860,train
24861,train
24862,train
24863,train
24864,train
24865,train
24866,train
24867,train
24868,train
24869,train
2487,train
24870,train
24871,train
24872,train
24873,train
24874,train
24875,train
24876,train
24877,train
24878,train
24879,train
2488,train
24880,train
24881,train
24882,train
24883,train
24884,train
24885,train
24886,train
24887,train
24888,train
24889,train
2489,train
24890,train
24891,train
24892,train
24893,train
24894,train
24895,train
24896,train
24897,train
24898,train
24899,train
249,train
2490,train
24900,train
24901,train
24902,train
24903,train
24904,train
24905,train
24906,train
24907,train
24908,train
24909,train
2491,train
24910,train
24911,train
24912,train
24913,train
24914,train
24915,train
24916,train
24917,train
24918,train
24919,train
2492,train
24920,train
24921,train
24922,train
24923,train
24924,train
24925,train
24926,train
24927,train
24928,train
24929,train
2493,train
24930,train
24931,train
24932,train
24933,train
24934,train
24935,train
24936,train
24937,train
24938,train
24939,train
2494,train
24940,train
24941,train
24942,train
24943,train
24944,train
24945,train
24946,train
24947,train
24948,train
24949,train
2495,train
24950,train
24951,train
24952,train
24953,train
24954,train
24955,train
24956,train
24957,train
24958,train
24959,train
2496,train
24960,train
24961,train
24962,train
24963,train
24964,train
24965,train
24966,train
24967,train
24968,train
24969,train
2497,train
24970,train
24971,train
24972,train
24973,train
24974,train
24975,train
24976,train
24977,train
24978,train
24979,train
2498,train
24980,train
24981,train
24982,train
24983,train
24984,train
24985,train
24986,train
24987,train
24988,train
24989,train
2499,train
24990,train
24991,train
24992,train
24993,train
24994,train
24995,train
24996,train
24997,train
24998,train
24999,train
25,train
250,train
2500,train
25000,train
25001,train
25002,train
25003,train
25004,train
25005,train
25006,train
25007,train
25008,train
25009,train
2501,train
25010,train
25011,train
25012,train
25013,train
25014,train
25015,train
25016,train
25017,train
25018,train
25019,train
2502,train
25020,train
25021,train
25022,train
25023,train
25024,train
25025,train
25026,train
25027,train
25028,train
25029,train
2503,train
25030,train
25031,train
25032,train
25033,train
25034,train
25035,train
25036,train
25037,train
25038,train
25039,train
2504,train
25040,train
25041,train
25042,train
25043,train
25044,train
25045,train
25046,train
25047,train
25048,train
25049,train
2505,train
25050,train
25051,train
25052,train
25053,train
25054,train
25055,train
25056,train
25057,train
25058,train
25059,train
2506,train
25060,train
25061,train
25062,train
25063,train
25064,train
25065,train
25066,train
25067,train
25068,train
25069,train
2507,train
25070,train
25071,train
25072,train
25073,train
25074,train
25075,train
25076,train
25077,train
25078,train
25079,train
2508,train
25080,train
25081,train
25082,train
25083,train
25084,train
25085,train
25086,train
25087,train
25088,train
25089,train
2509,train
25090,train
25091,train
25092,train
25093,train
25094,train
25095,train
25096,train
25097,train
25098,train
25099,train
251,train
2510,train
25100,train
25101,train
25102,train
25103,train
25104,train
25105,train
25106,train
25107,train
25108,train
25109,train
2511,train
25110,train
25111,train
25112,train
25113,train
25114,train
25115,train
25116,train
25117,train
25118,train
25119,train
2512,train
25120,train
25121,train
25122,train
25123,train
25124,train
25125,train
25126,train
25127,train
25128,train
25129,train
2513,train
25130,train
25131,train
25132,train
25133,train
25134,train
25135,train
25136,train
25137,train
25138,train
25139,train
2514,train
25140,train
25141,train
25142,train
25143,train
25144,train
25145,train
25146,train
25147,train
25148,train
25149,train
2515,train
25150,train
25151,train
25152,train
25153,train
25154,train
25155,train
25156,train
25157,train
25158,train
25159,train
2516,train
25160,train
25161,train
25162,train
25163,train
25164,train
25165,train
25166,train
25167,train
25168,train
25169,train
2517,train
25170,train
25171,train
25172,train
25173,train
25174,train
25175,train
25176,train
25177,train
25178,train
25179,train
2518,train
25180,train
25181,train
25182,train
25183,train
25184,train
25185,train
25186,train
25187,train
25188,train
25189,train
2519,train
25190,train
25191,train
25192,train
25193,train
25194,train
25195,train
25196,train
25197,train
25198,train
25199,train
252,train
2520,train
25200,train
25201,train
25202,train
25203,train
25204,train
25205,train
25206,train
25207,train
25208,train
25209,train
2521,train
25210,train
25211,train
25212,train
25213,train
25214,train
25215,train
25216,train
25217,train
25218,train
25219,train
2522,train
25220,train
25221,train
25222,train
25223,train
25224,train
25225,train
25226,train
25227,train
25228,train
25229,train
2523,train
25230,train
25231,train
25232,train
25233,train
25234,train
25235,train
25236,train
25237,train
25238,train
25239,train
2524,train
25240,train
25241,train
25242,train
25243,train
25244,train
25245,train
25246,train
25247,train
25248,train
25249,train
2525,train
25250,train
25251,train
25252,train
25253,train
25254,train
25255,train
25256,train
25257,train
25258,train
25259,train
2526,train
25260,train
25261,train
25262,train
25263,train
25264,train
25265,train
25266,train
25267,train
25268,train
25269,train
2527,train
25270,train
25271,train
25272,train
25273,train
25274,train
25275,train
25276,train
25277,train
25278,train
25279,train
2528,train
25280,train
25281,train
25282,train
25283,train
25284,train
25285,train
25286,train
25287,train
25288,train
25289,train
2529,train
25290,train
25291,train
25292,train
25293,train
25294,train
25295,train
25296,train
25297,train
25298,train
25299,train
253,train
2530,train
25300,train
25301,train
25302,train
25303,train
25304,train
25305,train
25306,train
25307,train
25308,train
25309,train
2531,train
25310,train
25311,train
25312,train
25313,train
25314,train
25315,train
25316,train
25317,train
25318,train
25319,train
2532,train
25320,train
25321,train
25322,train
25323,train
25324,train
25325,train
25326,train
25327,train
25328,train
25329,train
2533,train
25330,train
25331,train
25332,train
25333,train
25334,train
25335,train
25336,train
25337,train
25338,train
25339,train
2534,train
25340,train
25341,train
25342,train
25343,train
25344,train
25345,train
25346,train
25347,train
25348,train
25349,train
2535,train
25350,train
25351,train
25352,train
25353,train
25354,train
25355,train
25356,train
25357,train
25358,train
25359,train
2536,train
25360,train
25361,train
25362,train
25363,train
25364,train
25365,train
25366,train
25367,train
25368,train
25369,train
2537,train
25370,train
25371,train
25372,train
25373,train
25374,train
25375,train
25376,train
25377,train
25378,train
25379,train
2538,train
25380,train
25381,train
25382,train
25383,train
25384,train
25385,train
25386,train
25387,train
25388,train
25389,train
2539,train
25390,train
25391,train
25392,train
25393,train
25394,train
25395,train
25396,train
25397,train
25398,train
25399,train
254,train
2540,train
25400,train
25401,train
25402,train
25403,train
25404,train
25405,train
25406,train
25407,train
25408,train
25409,train
2541,train
25410,train
25411,train
25412,train
25413,train
25414,train
25415,train
25416,train
25417,train
25418,train
25419,train
2542,train
25420,train
25421,train
25422,train
25423,train
25424,train
25425,train
25426,train
25427,train
25428,train
25429,train
2543,train
25430,train
25431,train
25432,train
25433,train
25434,train
25435,train
25436,train
25437,train
25438,train
25439,train
2544,train
25440,train
25441,train
25442,train
25443,train
25444,train
25445,train
25446,train
25447,train
25448,train
25449,train
2545,train
25450,train
25451,train
25452,train
25453,train
25454,train
25455,train
25456,train
25457,train
25458,train
25459,train
2546,train
25460,train
25461,train
25462,train
25463,train
25464,train
25465,train
25466,train
25467,train
25468,train
25469,train
2547,train
25470,train
25471,train
25472,train
25473,train
25474,train
25475,train
25476,train
25477,train
25478,train
25479,train
2548,train
25480,train
25481,train
25482,train
25483,train
25484,train
25485,train
25486,train
25487,train
25488,train
25489,train
2549,train
25490,train
25491,train
25492,train
25493,train
25494,train
25495,train
25496,train
25497,train
25498,train
25499,train
255,train
2550,train
25500,train
25501,train
25502,train
25503,train
25504,train
25505,train
25506,train
25507,train
25508,train
25509,train
2551,train
25510,train
25511,train
25512,train
25513,train
25514,train
25515,train
25516,train
25517,train
25518,train
25519,train
2552,train
25520,train
25521,train
25522,train
25523,train
25524,train
25525,train
25526,train
25527,train
25528,train
25529,train
2553,train
25530,train
25531,train
25532,train
25533,train
25534,train
25535,train
25536,train
25537,train
25538,train
25539,train
2554,train
25540,train
25541,train
25542,train
25543,train
25544,train
25545,train
25546,train
25547,train
25548,train
25549,train
2555,train
25550,train
25551,train
25552,train
25553,train
25554,train
25555,train
25556,train
25557,train
25558,train
25559,train
2556,train
25560,train
25561,train
25562,train
25563,train
25564,train
25565,train
25566,train
25567,train
25568,train
25569,train
2557,train
25570,train
25571,train
25572,train
25573,train
25574,train
25575,train
25576,train
25577,train
25578,train
25579,train
2558,train
25580,train
25581,train
25582,train
25583,train
25584,train
25585,train
25586,train
25587,train
25588,train
25589,train
2559,train
25590,train
25591,train
25592,train
25593,train
25594,train
25595,train
25596,train
25597,train
25598,train
25599,train
256,train
2560,train
25600,train
25601,train
25602,train
25603,train
25604,train
25605,train
25606,train
25607,train
25608,train
25609,train
2561,train
25610,train
25611,train
25612,train
25613,train
25614,train
25615,train
25616,train
25617,train
25618,train
25619,train
2562,train
25620,train
25621,train
25622,train
25623,train
25624,train
25625,train
25626,train
25627,train
25628,train
25629,train
2563,train
25630,train
25631,train
25632,train
25633,train
25634,train
25635,train
25636,train
25637,train
25638,train
25639,train
2564,train
25640,train
25641,train
25642,train
25643,train
25644,train
25645,train
25646,train
25647,train
25648,train
25649,train
2565,train
25650,train
25651,train
25652,train
25653,train
25654,train
25655,train
25656,train
25657,train
25658,train
25659,train
2566,train
25660,train
25661,train
25662,train
25663,train
25664,train
25665,train
25666,train
25667,train
25668,train
25669,train
2567,train
25670,train
25671,train
25672,train
25673,train
25674,train
25675,train
25676,train
25677,train
25678,train
25679,train
2568,train
25680,train
25681,train
25682,train
25683,train
25684,train
25685,train
25686,train
25687,train
25688,train
25689,train
2569,train
25690,train
25691,train
25692,train
25693,train
25694,train
25695,train
25696,train
25697,train
25698,train
25699,train
257,train
2570,train
25700,train
25701,train
25702,train
25703,train
25704,train
25705,train
25706,train
25707,train
25708,train
25709,train
2571,train
25710,train
25711,train
25712,train
25713,train
25714,train
25715,train
25716,train
25717,train
25718,train
25719,train
2572,train
25720,train
25721,train
25722,train
25723,train
25724,train
25725,train
25726,train
25727,train
25728,train
25729,train
2573,train
25730,train
25731,train
25732,train
25733,train
25734,train
25735,train
25736,train
25737,train
25738,train
25739,train
2574,train
25740,train
25741,train
25742,train
25743,train
25744,train
25745,train
25746,train
25747,train
25748,train
25749,train
2575,train
25750,train
25751,train
25752,train
25753,train
25754,train
25755,train
25756,train
25757,train
25758,train
25759,train
2576,train
25760,train
25761,train
25762,train
25763,train
25764,train
25765,train
25766,train
25767,train
25768,train
25769,train
2577,train
25770,train
25771,train
25772,train
25773,train
25774,train
25775,train
25776,train
25777,train
25778,train
25779,train
2578,train
25780,train
25781,train
25782,train
25783,train
25784,train
25785,train
25786,train
25787,train
25788,train
25789,train
2579,train
25790,train
25791,train
25792,train
25793,train
25794,train
25795,train
25796,train
25797,train
25798,train
25799,train
258,train
2580,train
25800,train
25801,train
25802,train
25803,train
25804,train
25805,train
25806,train
25807,train
25808,train
25809,train
2581,train
25810,train
25811,train
25812,train
25813,train
25814,train
25815,train
25816,train
25817,train
25818,train
25819,train
2582,train
25820,train
25821,train
25822,train
25823,train
25824,train
25825,train
25826,train
25827,train
25828,train
25829,train
2583,train
25830,train
25831,train
25832,train
25833,train
25834,train
25835,train
25836,train
25837,train
25838,train
25839,train
2584,train
25840,train
25841,train
25842,train
25843,train
25844,train
25845,train
25846,train
25847,train
25848,train
25849,train
2585,train
25850,train
25851,train
25852,train
25853,train
25854,train
25855,train
25856,train
25857,train
25858,train
25859,train
2586,train
25860,train
25861,train
25862,train
25863,train
25864,train
25865,train
25866,train
25867,train
25868,train
25869,train
2587,train
25870,train
25871,train
25872,train
25873,train
25874,train
25875,train
25876,train
25877,train
25878,train
25879,train
2588,train
25880,train
25881,train
25882,train
25883,train
25884,train
25885,train
25886,train
25887,train
25888,train
25889,train
2589,train
25890,train
25891,train
25892,train
25893,train
25894,train
25895,train
25896,train
25897,train
25898,train
25899,train
259,train
2590,train
25900,train
25901,train
25902,train
25903,train
25904,train
25905,train
25906,train
25907,train
25908,train
25909,train
2591,train
25910,train
25911,train
25912,train
25913,train
25914,train
25915,train
25916,train
25917,train
25918,train
25919,train
2592,train
25920,train
25921,train
25922,train
25923,train
25924,train
25925,train
25926,train
25927,train
25928,train
25929,train
2593,train
25930,train
25931,train
25932,train
25933,train
25934,train
25935,train
25936,train
25937,train
25938,train
25939,train
2594,train
25940,train
25941,train
25942,train
25943,train
25944,train
25945,train
25946,train
25947,train
25948,train
25949,train
2595,train
25950,train
25951,train
25952,train
25953,train
25954,train
25955,train
25956,train
25957,train
25958,train
25959,train
2596,train
25960,train
25961,train
25962,train
25963,train
25964,train
25965,train
25966,train
25967,train
25968,train
25969,train
2597,train
25970,train
25971,train
25972,train
25973,train
25974,train
25975,train
25976,train
25977,train
25978,train
25979,train
2598,train
25980,train
25981,train
25982,train
25983,train
25984,train
25985,train
25986,train
25987,train
25988,train
25989,train
2599,train
25990,train
25991,train
25992,train
25993,train
25994,train
25995,train
25996,train
25997,train
25998,train
25999,train
26,train
260,train
2600,train
26000,train
26001,train
26002,train
26003,train
26004,train
26005,train
26006,train
26007,train
26008,train
26009,train
2601,train
26010,train
26011,train
26012,train
26013,train
26014,train
26015,train
26016,train
26017,train
26018,train
26019,train
2602,train
26020,train
26021,train
26022,train
26023,train
26024,train
26025,train
26026,train
26027,train
26028,train
26029,train
2603,train
26030,train
26031,train
26032,train
26033,train
26034,train
26035,train
26036,train
26037,train
26038,train
26039,train
2604,train
26040,train
26041,train
26042,train
26043,train
26044,train
26045,train
26046,train
26047,train
26048,train
26049,train
2605,train
26050,train
26051,train
26052,train
26053,train
26054,train
26055,train
26056,train
26057,train
26058,train
26059,train
2606,train
26060,train
26061,train
26062,train
26063,train
26064,train
26065,train
26066,train
26067,train
26068,train
26069,train
2607,train
26070,train
26071,train
26072,train
26073,train
26074,train
26075,train
26076,train
26077,train
26078,train
26079,train
2608,train
26080,train
26081,train
26082,train
26083,train
26084,train
26085,train
26086,train
26087,train
26088,train
26089,train
2609,train
26090,train
26091,train
26092,train
26093,train
26094,train
26095,train
26096,train
26097,train
26098,train
26099,train
261,train
2610,train
26100,train
26101,train
26102,train
26103,train
26104,train
26105,train
26106,train
26107,train
26108,train
26109,train
2611,train
26110,train
26111,train
26112,train
26113,train
26114,train
26115,train
26116,train
26117,train
26118,train
26119,train
2612,train
26120,train
26121,train
26122,train
26123,train
26124,train
26125,train
26126,train
26127,train
26128,train
26129,train
2613,train
26130,train
26131,train
26132,train
26133,train
26134,train
26135,train
26136,train
26137,train
26138,train
26139,train
2614,train
26140,train
26141,train
26142,train
26143,train
26144,train
26145,train
26146,train
26147,train
26148,train
26149,train
2615,train
26150,train
26151,train
26152,train
26153,train
26154,train
26155,train
26156,train
26157,train
26158,train
26159,train
2616,train
26160,train
26161,train
26162,train
26163,train
26164,train
26165,train
26166,train
26167,train
26168,train
26169,train
2617,train
26170,train
26171,train
26172,train
26173,train
26174,train
26175,train
26176,train
26177,train
26178,train
26179,train
2618,train
26180,train
26181,train
26182,train
26183,train
26184,train
26185,train
26186,train
26187,train
26188,train
26189,train
2619,train
26190,train
26191,train
26192,train
26193,train
26194,train
26195,train
26196,train
26197,train
26198,train
26199,train
262,train
2620,train
26200,train
26201,train
26202,train
26203,train
26204,train
26205,train
26206,train
26207,train
26208,train
26209,train
2621,train
26210,train
26211,train
26212,train
26213,train
26214,train
26215,train
26216,train
26217,train
26218,train
26219,train
2622,train
26220,train
26221,train
26222,train
26223,train
26224,train
26225,train
26226,train
26227,train
26228,train
26229,train
2623,train
26230,train
26231,train
26232,train
26233,train
26234,train
26235,train
26236,train
26237,train
26238,train
26239,train
2624,train
26240,train
26241,train
26242,train
26243,train
26244,train
26245,train
26246,train
26247,train
26248,train
26249,train
2625,train
26250,train
26251,train
26252,train
26253,train
26254,train
26255,train
26256,train
26257,train
26258,train
26259,train
2626,train
26260,train
26261,train
26262,train
26263,train
26264,train
26265,train
26266,train
26267,train
26268,train
26269,train
2627,train
26270,train
26271,train
26272,train
26273,train
26274,train
26275,train
26276,train
26277,train
26278,train
26279,train
2628,train
26280,train
26281,train
26282,train
26283,train
26284,train
26285,train
26286,train
26287,train
26288,train
26289,train
2629,train
26290,train
26291,train
26292,train
26293,train
26294,train
26295,train
26296,train
26297,train
26298,train
26299,train
263,train
2630,train
26300,train
26301,train
26302,train
26303,train
26304,train
26305,train
26306,train
26307,train
26308,train
26309,train
2631,train
26310,train
26311,train
26312,train
26313,train
26314,train
26315,train
26316,train
26317,train
26318,train
26319,train
2632,train
26320,train
26321,train
26322,train
26323,train
26324,train
26325,train
26326,train
26327,train
26328,train
26329,train
2633,train
26330,train
26331,train
26332,train
26333,train
26334,train
26335,train
26336,train
26337,train
26338,train
26339,train
2634,train
26340,train
26341,train
26342,train
26343,train
26344,train
26345,train
26346,train
26347,train
26348,train
26349,train
2635,train
26350,train
26351,train
26352,train
26353,train
26354,train
26355,train
26356,train
26357,train
26358,train
26359,train
2636,train
26360,train
26361,train
26362,train
26363,train
26364,train
26365,train
26366,train
26367,train
26368,train
26369,train
2637,train
26370,train
26371,train
26372,train
26373,train
26374,train
26375,train
26376,train
26377,train
26378,train
26379,train
2638,train
26380,train
26381,train
26382,train
26383,train
26384,train
26385,train
26386,train
26387,train
26388,train
26389,train
2639,train
26390,train
26391,train
26392,train
26393,train
26394,train
26395,train
26396,train
26397,train
26398,train
26399,train
264,train
2640,train
26400,train
26401,train
26402,train
26403,train
26404,train
26405,train
26406,train
26407,train
26408,train
26409,train
2641,train
26410,train
26411,train
26412,train
26413,train
26414,train
26415,train
26416,train
26417,train
26418,train
26419,train
2642,train
26420,train
26421,train
26422,train
26423,train
26424,train
26425,train
26426,train
26427,train
26428,train
26429,train
2643,train
26430,train
26431,train
26432,train
26433,train
26434,train
26435,train
26436,train
26437,train
26438,train
26439,train
2644,train
26440,train
26441,train
26442,train
26443,train
26444,train
26445,train
26446,train
26447,train
26448,train
26449,train
2645,train
26450,train
26451,train
26452,train
26453,train
26454,train
26455,train
26456,train
26457,train
26458,train
26459,train
2646,train
26460,train
26461,train
26462,train
26463,train
26464,train
26465,train
26466,train
26467,train
26468,train
26469,train
2647,train
26470,train
26471,train
26472,train
26473,train
26474,train
26475,train
26476,train
26477,train
26478,train
26479,train
2648,train
26480,train
26481,train
26482,train
26483,train
26484,train
26485,train
26486,train
26487,train
26488,train
26489,train
2649,train
26490,train
26491,train
26492,train
26493,train
26494,train
26495,train
26496,train
26497,train
26498,train
26499,train
265,train
2650,train
26500,train
26501,train
26502,train
26503,train
26504,train
26505,train
26506,train
26507,train
26508,train
26509,train
2651,train
26510,train
26511,train
26512,train
26513,train
26514,train
26515,train
26516,train
26517,train
26518,train
26519,train
2652,train
26520,train
26521,train
26522,train
26523,train
26524,train
26525,train
26526,train
26527,train
26528,train
26529,train
2653,train
26530,train
26531,train
26532,train
26533,train
26534,train
26535,train
26536,train
26537,train
26538,train
26539,train
2654,train
26540,train
26541,train
26542,train
26543,train
26544,train
26545,train
26546,train
26547,train
26548,train
26549,train
2655,train
26550,train
26551,train
26552,train
26553,train
26554,train
26555,train
26556,train
26557,train
26558,train
26559,train
2656,train
26560,train
26561,train
26562,train
26563,train
26564,train
26565,train
26566,train
26567,train
26568,train
26569,train
2657,train
26570,train
26571,train
26572,train
26573,train
26574,train
26575,train
26576,train
26577,train
26578,train
26579,train
2658,train
26580,train
26581,train
26582,train
26583,train
26584,train
26585,train
26586,train
26587,train
26588,train
26589,train
2659,train
26590,train
26591,train
26592,train
26593,train
26594,train
26595,train
26596,train
26597,train
26598,train
26599,train
266,train
2660,train
26600,train
26601,train
26602,train
26603,train
26604,train
26605,train
26606,train
26607,train
26608,train
26609,train
2661,train
26610,train
26611,train
26612,train
26613,train
26614,train
26615,train
26616,train
26617,train
26618,train
26619,train
2662,train
26620,train
26621,train
26622,train
26623,train
26624,train
26625,train
26626,train
26627,train
26628,train
26629,train
2663,train
26630,train
26631,train
26632,train
26633,train
26634,train
26635,train
26636,train
26637,train
26638,train
26639,train
2664,train
26640,train
26641,train
26642,train
26643,train
26644,train
26645,train
26646,train
26647,train
26648,train
26649,train
2665,train
26650,train
26651,train
26652,train
26653,train
26654,train
26655,train
26656,train
26657,train
26658,train
26659,train
2666,train
26660,train
26661,train
26662,train
26663,train
26664,train
26665,train
26666,train
26667,train
26668,train
26669,train
2667,train
26670,train
26671,train
26672,train
26673,train
26674,train
26675,train
26676,train
26677,train
26678,train
26679,train
2668,train
26680,train
26681,train
26682,train
26683,train
26684,train
26685,train
26686,train
26687,train
26688,train
26689,train
2669,train
26690,train
26691,train
26692,train
26693,train
26694,train
26695,train
26696,train
26697,train
26698,train
26699,train
267,train
2670,train
26700,train
26701,train
26702,train
26703,train
26704,train
26705,train
26706,train
26707,train
26708,train
26709,train
2671,train
26710,train
26711,train
26712,train
26713,train
26714,train
26715,train
26716,train
26717,train
26718,train
26719,train
2672,train
26720,train
26721,train
26722,train
26723,train
26724,train
26725,train
26726,train
26727,train
26728,train
26729,train
2673,train
26730,train
26731,train
26732,train
26733,train
26734,train
26735,train
26736,train
26737,train
26738,train
26739,train
2674,train
26740,train
26741,train
26742,train
26743,train
26744,train
26745,train
26746,train
26747,train
26748,train
26749,train
2675,train
26750,train
26751,train
26752,train
26753,train
26754,train
26755,train
26756,train
26757,train
26758,train
26759,train
2676,train
26760,train
26761,train
26762,train
26763,train
26764,train
26765,train
26766,train
26767,train
26768,train
26769,train
2677,train
26770,train
26771,train
26772,train
26773,train
26774,train
26775,train
26776,train
26777,train
26778,train
26779,train
2678,train
26780,train
26781,train
26782,train
26783,train
26784,train
26785,train
26786,train
26787,train
26788,train
26789,train
2679,train
26790,train
26791,train
26792,train
26793,train
26794,train
26795,train
26796,train
26797,train
26798,train
26799,train
268,train
2680,train
26800,train
26801,train
26802,train
26803,train
26804,train
26805,train
26806,train
26807,train
26808,train
26809,train
2681,train
26810,train
26811,train
26812,train
26813,train
26814,train
26815,train
26816,train
26817,train
26818,train
26819,train
2682,train
26820,train
26821,train
26822,train
26823,train
26824,train
26825,train
26826,train
26827,train
26828,train
26829,train
2683,train
26830,train
26831,train
26832,train
26833,train
26834,train
26835,train
26836,train
26837,train
26838,train
26839,train
2684,train
26840,train
26841,train
26842,train
26843,train
26844,train
26845,train
26846,train
26847,train
26848,train
26849,train
2685,train
26850,train
26851,train
26852,train
26853,train
26854,train
26855,train
26856,train
26857,train
26858,train
26859,train
2686,train
26860,train
26861,train
26862,train
26863,train
26864,train
26865,train
26866,train
26867,train
26868,train
26869,train
2687,train
26870,train
26871,train
26872,train
26873,train
26874,train
26875,train
26876,train
26877,train
26878,train
26879,train
2688,train
26880,train
26881,train
26882,train
26883,train
26884,train
26885,train
26886,train
26887,train
26888,train
26889,train
2689,train
26890,train
26891,train
26892,train
26893,train
26894,train
26895,train
26896,train
26897,train
26898,train
26899,train
269,train
2690,train
26900,train
26901,train
26902,train
26903,train
26904,train
26905,train
26906,train
26907,train
26908,train
26909,train
2691,train
26910,train
26911,train
26912,train
26913,train
26914,train
26915,train
26916,train
26917,train
26918,train
26919,train
2692,train
26920,train
26921,train
26922,train
26923,train
26924,train
26925,train
26926,train
26927,train
26928,train
26929,train
2693,train
26930,train
26931,train
26932,train
26933,train
26934,train
26935,train
26936,train
26937,train
26938,train
26939,train
2694,train
26940,train
26941,train
26942,train
26943,train
26944,train
26945,train
26946,train
26947,train
26948,train
26949,train
2695,train
26950,train
26951,train
26952,train
26953,train
26954,train
26955,train
26956,train
26957,train
26958,train
26959,train
2696,train
26960,train
26961,train
26962,train
26963,train
26964,train
26965,train
26966,train
26967,train
26968,train
26969,train
2697,train
26970,train
26971,train
26972,train
26973,train
26974,train
26975,train
26976,train
26977,train
26978,train
26979,train
2698,train
26980,train
26981,train
26982,train
26983,train
26984,train
26985,train
26986,train
26987,train
26988,train
26989,train
2699,train
26990,train
26991,train
26992,train
26993,train
26994,train
26995,train
26996,train
26997,train
26998,train
26999,train
27,train
270,train
2700,train
27000,train
27001,train
27002,train
27003,train
27004,train
27005,train
27006,train
27007,train
27008,train
27009,train
2701,train
27010,train
27011,train
27012,train
27013,train
27014,train
27015,train
27016,train
27017,train
27018,train
27019,train
2702,train
27020,train
27021,train
27022,train
27023,train
27024,train
27025,train
27026,train
27027,train
27028,train
27029,train
2703,train
27030,train
27031,train
27032,train
27033,train
27034,train
27035,train
27036,train
27037,train
27038,train
27039,train
2704,train
27040,train
27041,train
27042,train
27043,train
27044,train
27045,train
27046,train
27047,train
27048,train
27049,train
2705,train
27050,train
27051,train
27052,train
27053,train
27054,train
27055,train
27056,train
27057,train
27058,train
27059,train
2706,train
27060,train
27061,train
27062,train
27063,train
27064,train
27065,train
27066,train
27067,train
27068,train
27069,train
2707,train
27070,train
27071,train
27072,train
27073,train
27074,train
27075,train
27076,train
27077,train
27078,train
27079,train
2708,train
27080,train
27081,train
27082,train
27083,train
27084,train
27085,train
27086,train
27087,train
27088,train
27089,train
2709,train
27090,train
27091,train
27092,train
27093,train
27094,train
27095,train
27096,train
27097,train
27098,train
27099,train
271,train
2710,train
27100,train
27101,train
27102,train
27103,train
27104,train
27105,train
27106,train
27107,train
27108,train
27109,train
2711,train
27110,train
27111,train
27112,train
27113,train
27114,train
27115,train
27116,train
27117,train
27118,train
27119,train
2712,train
27120,train
27121,train
27122,train
27123,train
27124,train
27125,train
27126,train
27127,train
27128,train
27129,train
2713,train
27130,train
27131,train
27132,train
27133,train
27134,train
27135,train
27136,train
27137,train
27138,train
27139,train
2714,train
27140,train
27141,train
27142,train
27143,train
27144,train
27145,train
27146,train
27147,train
27148,train
27149,train
2715,train
27150,train
27151,train
27152,train
27153,train
27154,train
27155,train
27156,train
27157,train
27158,train
27159,train
2716,train
27160,train
27161,train
27162,train
27163,train
27164,train
27165,train
27166,train
27167,train
27168,train
27169,train
2717,train
27170,train
27171,train
27172,train
27173,train
27174,train
27175,train
27176,train
27177,train
27178,train
27179,train
2718,train
27180,train
27181,train
27182,train
27183,train
27184,train
27185,train
27186,train
27187,train
27188,train
27189,train
2719,train
27190,train
27191,train
27192,train
27193,train
27194,train
27195,train
27196,train
27197,train
27198,train
27199,train
272,train
2720,train
27200,train
27201,train
27202,train
27203,train
27204,train
27205,train
27206,train
27207,train
27208,train
27209,train
2721,train
27210,train
27211,train
27212,train
27213,train
27214,train
27215,train
27216,train
27217,train
27218,train
27219,train
2722,train
27220,train
27221,train
27222,train
27223,train
27224,train
27225,train
27226,train
27227,train
27228,train
27229,train
2723,train
27230,train
27231,train
27232,train
27233,train
27234,train
27235,train
27236,train
27237,train
27238,train
27239,train
2724,train
27240,train
27241,train
27242,train
27243,train
27244,train
27245,train
27246,train
27247,train
27248,train
27249,train
2725,train
27250,train
27251,train
27252,train
27253,train
27254,train
27255,train
27256,train
27257,train
27258,train
27259,train
2726,train
27260,train
27261,train
27262,train
27263,train
27264,train
27265,train
27266,train
27267,train
27268,train
27269,train
2727,train
27270,train
27271,train
27272,train
27273,train
27274,train
27275,train
27276,train
27277,train
27278,train
27279,train
2728,train
27280,train
27281,train
27282,train
27283,train
27284,train
27285,train
27286,train
27287,train
27288,train
27289,train
2729,train
27290,train
27291,train
27292,train
27293,train
27294,train
27295,train
27296,train
27297,train
27298,train
27299,train
273,train
2730,train
27300,train
27301,train
27302,train
27303,train
27304,train
27305,train
27306,train
27307,train
27308,train
27309,train
2731,train
27310,train
27311,train
27312,train
27313,train
27314,train
27315,train
27316,train
27317,train
27318,train
27319,train
2732,train
27320,train
27321,train
27322,train
27323,train
27324,train
27325,train
27326,train
27327,train
27328,train
27329,train
2733,train
27330,train
27331,train
27332,train
27333,train
27334,train
27335,train
27336,train
27337,train
27338,train
27339,train
2734,train
27340,train
27341,train
27342,train
27343,train
27344,train
27345,train
27346,train
27347,train
27348,train
27349,train
2735,train
27350,train
27351,train
27352,train
27353,train
27354,train
27355,train
27356,train
27357,train
27358,train
27359,train
2736,train
27360,train
27361,train
27362,train
27363,train
27364,train
27365,train
27366,train
27367,train
27368,train
27369,train
2737,train
27370,train
27371,train
27372,train
27373,train
27374,train
27375,train
27376,train
27377,train
27378,train
27379,train
2738,train
27380,train
27381,train
27382,train
27383,train
27384,train
27385,train
27386,train
27387,train
27388,train
27389,train
2739,train
27390,train
27391,train
27392,train
27393,train
27394,train
27395,train
27396,train
27397,train
27398,train
27399,train
274,train
2740,train
27400,train
27401,train
27402,train
27403,train
27404,train
27405,train
27406,train
27407,train
27408,train
27409,train
2741,train
27410,train
27411,train
27412,train
27413,train
27414,train
27415,train
27416,train
27417,train
27418,train
27419,train
2742,train
27420,train
27421,train
27422,train
27423,train
27424,train
27425,train
27426,train
27427,train
27428,train
27429,train
2743,train
27430,train
27431,train
27432,train
27433,train
27434,train
27435,train
27436,train
27437,train
27438,train
27439,train
2744,train
27440,train
27441,train
27442,train
27443,train
27444,train
27445,train
27446,train
27447,train
27448,train
27449,train
2745,train
27450,train
27451,train
27452,train
27453,train
27454,train
27455,train
27456,train
27457,train
27458,train
27459,train
2746,train
27460,train
27461,train
27462,train
27463,train
27464,train
27465,train
27466,train
27467,train
27468,train
27469,train
2747,train
27470,train
27471,train
27472,train
27473,train
27474,train
27475,train
27476,train
27477,train
27478,train
27479,train
2748,train
27480,train
27481,train
27482,train
27483,train
27484,train
27485,train
27486,train
27487,train
27488,train
27489,train
2749,train
27490,train
27491,train
27492,train
27493,train
27494,train
27495,train
27496,train
27497,train
27498,train
27499,train
275,train
2750,train
27500,train
27501,train
27502,train
27503,train
27504,train
27505,train
27506,train
27507,train
27508,train
27509,train
2751,train
27510,train
27511,train
27512,train
27513,train
27514,train
27515,train
27516,train
27517,train
27518,train
27519,train
2752,train
27520,train
27521,train
27522,train
27523,train
27524,train
27525,train
27526,train
27527,train
27528,train
27529,train
2753,train
27530,train
27531,train
27532,train
27533,train
27534,train
27535,train
27536,train
27537,train
27538,train
27539,train
2754,train
27540,train
27541,train
27542,train
27543,train
27544,train
27545,train
27546,train
27547,train
27548,train
27549,train
2755,train
27550,train
27551,train
27552,train
27553,train
27554,train
27555,train
27556,train
27557,train
27558,train
27559,train
2756,train
27560,train
27561,train
27562,train
27563,train
27564,train
27565,train
27566,train
27567,train
27568,train
27569,train
2757,train
27570,train
27571,train
27572,train
27573,train
27574,train
27575,train
27576,train
27577,train
27578,train
27579,train
2758,train
27580,train
27581,train
27582,train
27583,train
27584,train
27585,train
27586,train
27587,train
27588,train
27589,train
2759,train
27590,train
27591,train
27592,train
27593,train
27594,train
27595,train
27596,train
27597,train
27598,train
27599,train
276,train
2760,train
27600,train
27601,train
27602,train
27603,train
27604,train
27605,train
27606,train
27607,train
27608,train
27609,train
2761,train
27610,train
27611,train
27612,train
27613,train
27614,train
27615,train
27616,train
27617,train
27618,train
27619,train
2762,train
27620,train
27621,train
27622,train
27623,train
27624,train
27625,train
27626,train
27627,train
27628,train
27629,train
2763,train
27630,train
27631,train
27632,train
27633,train
27634,train
27635,train
27636,train
27637,train
27638,train
27639,train
2764,train
27640,train
27641,train
27642,train
27643,train
27644,train
27645,train
27646,train
27647,train
27648,train
27649,train
2765,train
27650,train
27651,train
27652,train
27653,train
27654,train
27655,train
27656,train
27657,train
27658,train
27659,train
2766,train
27660,train
27661,train
27662,train
27663,train
27664,train
27665,train
27666,train
27667,train
27668,train
27669,train
2767,train
27670,train
27671,train
27672,train
27673,train
27674,train
27675,train
27676,train
27677,train
27678,train
27679,train
2768,train
27680,train
27681,train
27682,train
27683,train
27684,train
27685,train
27686,train
27687,train
27688,train
27689,train
2769,train
27690,train
27691,train
27692,train
27693,train
27694,train
27695,train
27696,train
27697,train
27698,train
27699,train
277,train
2770,train
27700,train
27701,train
27702,train
27703,train
27704,train
27705,train
27706,train
27707,train
27708,train
27709,train
2771,train
27710,train
27711,train
27712,train
27713,train
27714,train
27715,train
27716,train
27717,train
27718,train
27719,train
2772,train
27720,train
27721,train
27722,train
27723,train
27724,train
27725,train
27726,train
27727,train
27728,train
27729,train
2773,train
27730,train
27731,train
27732,train
27733,train
27734,train
27735,train
27736,train
27737,train
27738,train
27739,train
2774,train
27740,train
27741,train
27742,train
27743,train
27744,train
27745,train
27746,train
27747,train
27748,train
27749,train
2775,train
27750,train
27751,train
27752,train
27753,train
27754,train
27755,train
27756,train
27757,train
27758,train
27759,train
2776,train
27760,train
27761,train
27762,train
27763,train
27764,train
27765,train
27766,train
27767,train
27768,train
27769,train
2777,train
27770,train
27771,train
27772,train
27773,train
27774,train
27775,train
27776,train
27777,train
27778,train
27779,train
2778,train
27780,train
27781,train
27782,train
27783,train
27784,train
27785,train
27786,train
27787,train
27788,train
27789,train
2779,train
27790,train
27791,train
27792,train
27793,train
27794,train
27795,train
27796,train
27797,train
27798,train
27799,train
278,train
2780,train
27800,train
27801,train
27802,train
27803,train
27804,train
27805,train
27806,train
27807,train
27808,train
27809,train
2781,train
27810,train
27811,train
27812,train
27813,train
27814,train
27815,train
27816,train
27817,train
27818,train
27819,train
2782,train
27820,train
27821,train
27822,train
27823,train
27824,train
27825,train
27826,train
27827,train
27828,train
27829,train
2783,train
27830,train
27831,train
27832,train
27833,train
27834,train
27835,train
27836,train
27837,train
27838,train
27839,train
2784,train
27840,train
27841,train
27842,train
27843,train
27844,train
27845,train
27846,train
27847,train
27848,train
27849,train
2785,train
27850,train
27851,train
27852,train
27853,train
27854,train
27855,train
27856,train
27857,train
27858,train
27859,train
2786,train
27860,train
27861,train
27862,train
27863,train
27864,train
27865,train
27866,train
27867,train
27868,train
27869,train
2787,train
27870,train
27871,train
27872,train
27873,train
27874,train
27875,train
27876,train
27877,train
27878,train
27879,train
2788,train
27880,train
27881,train
27882,train
27883,train
27884,train
27885,train
27886,train
27887,train
27888,train
27889,train
2789,train
27890,train
27891,train
27892,train
27893,train
27894,train
27895,train
27896,train
27897,train
27898,train
27899,train
279,train
2790,train
27900,train
27901,train
27902,train
27903,train
27904,train
27905,train
27906,train
27907,train
27908,train
27909,train
2791,train
27910,train
27911,train
27912,train
27913,train
27914,train
27915,train
27916,train
27917,train
27918,train
27919,train
2792,train
27920,train
27921,train
27922,train
27923,train
27924,train
27925,train
27926,train
27927,train
27928,train
27929,train
2793,train
27930,train
27931,train
27932,train
27933,train
27934,train
27935,train
27936,train
27937,train
27938,train
27939,train
2794,train
27940,train
27941,train
27942,train
27943,train
27944,train
27945,train
27946,train
27947,train
27948,train
27949,train
2795,train
27950,train
27951,train
27952,train
27953,train
27954,train
27955,train
27956,train
27957,train
27958,train
27959,train
2796,train
27960,train
27961,train
27962,train
27963,train
27964,train
27965,train
27966,train
27967,train
27968,train
27969,train
2797,train
27970,train
27971,train
27972,train
27973,train
27974,train
27975,train
27976,train
27977,train
27978,train
27979,train
2798,train
27980,train
27981,train
27982,train
27983,train
27984,train
27985,train
27986,train
27987,train
27988,train
27989,train
2799,train
27990,train
27991,train
27992,train
27993,train
27994,train
27995,train
27996,train
27997,train
27998,train
27999,train
28,train
280,train
2800,train
28000,train
28001,train
28002,train
28003,train
28004,train
28005,train
28006,train
28007,train
28008,train
28009,train
2801,train
28010,train
28011,train
28012,train
28013,train
28014,train
28015,train
28016,train
28017,train
28018,train
28019,train
2802,train
28020,train
28021,train
28022,train
28023,train
28024,train
28025,train
28026,train
28027,train
28028,train
28029,train
2803,train
28030,train
28031,train
28032,train
28033,train
28034,train
28035,train
28036,train
28037,train
28038,train
28039,train
2804,train
28040,train
28041,train
28042,train
28043,train
28044,train
28045,train
28046,train
28047,train
28048,train
28049,train
2805,train
28050,train
28051,train
28052,train
28053,train
28054,train
28055,train
28056,train
28057,train
28058,train
28059,train
2806,train
28060,train
28061,train
28062,train
28063,train
28064,train
28065,train
28066,train
28067,train
28068,train
28069,train
2807,train
28070,train
28071,train
28072,train
28073,train
28074,train
28075,train
28076,train
28077,train
28078,train
28079,train
2808,train
28080,train
28081,train
28082,train
28083,train
28084,train
28085,train
28086,train
28087,train
28088,train
28089,train
2809,train
28090,train
28091,train
28092,train
28093,train
28094,train
28095,train
28096,train
28097,train
28098,train
28099,train
281,train
2810,train
28100,train
28101,train
28102,train
28103,train
28104,train
28105,train
28106,train
28107,train
28108,train
28109,train
2811,train
28110,train
28111,train
28112,train
28113,train
28114,train
28115,train
28116,train
28117,train
28118,train
28119,train
2812,train
28120,train
28121,train
28122,train
28123,train
28124,train
28125,train
28126,train
28127,train
28128,train
28129,train
2813,train
28130,train
28131,train
28132,train
28133,train
28134,train
28135,train
28136,train
28137,train
28138,train
28139,train
2814,train
28140,train
28141,train
28142,train
28143,train
28144,train
28145,train
28146,train
28147,train
28148,train
28149,train
2815,train
28150,train
28151,train
28152,train
28153,train
28154,train
28155,train
28156,train
28157,train
28158,train
28159,train
2816,train
28160,train
28161,train
28162,train
28163,train
28164,train
28165,train
28166,train
28167,train
28168,train
28169,train
2817,train
28170,train
28171,train
28172,train
28173,train
28174,train
28175,train
28176,train
28177,train
28178,train
28179,train
2818,train
28180,train
28181,train
28182,train
28183,train
28184,train
28185,train
28186,train
28187,train
28188,train
28189,train
2819,train
28190,train
28191,train
28192,train
28193,train
28194,train
28195,train
28196,train
28197,train
28198,train
28199,train
282,train
2820,train
28200,train
28201,train
28202,train
28203,train
28204,train
28205,train
28206,train
28207,train
28208,train
28209,train
2821,train
28210,train
28211,train
28212,train
28213,train
28214,train
28215,train
28216,train
28217,train
28218,train
28219,train
2822,train
28220,train
28221,train
28222,train
28223,train
28224,train
28225,train
28226,train
28227,train
28228,train
28229,train
2823,train
28230,train
28231,train
28232,train
28233,train
28234,train
28235,train
28236,train
28237,train
28238,train
28239,train
2824,train
28240,train
28241,train
28242,train
28243,train
28244,train
28245,train
28246,train
28247,train
28248,train
28249,train
2825,train
28250,train
28251,train
28252,train
28253,train
28254,train
28255,train
28256,train
28257,train
28258,train
28259,train
2826,train
28260,train
28261,train
28262,train
28263,train
28264,train
28265,train
28266,train
28267,train
28268,train
28269,train
2827,train
28270,train
28271,train
28272,train
28273,train
28274,train
28275,train
28276,train
28277,train
28278,train
28279,train
2828,train
28280,train
28281,train
28282,train
28283,train
28284,train
28285,train
28286,train
28287,train
28288,train
28289,train
2829,train
28290,train
28291,train
28292,train
28293,train
28294,train
28295,train
28296,train
28297,train
28298,train
28299,train
283,train
2830,train
28300,train
28301,train
28302,train
28303,train
28304,train
28305,train
28306,train
28307,train
28308,train
28309,train
2831,train
28310,train
28311,train
28312,train
28313,train
28314,train
28315,train
28316,train
28317,train
28318,train
28319,train
2832,train
28320,train
28321,train
28322,train
28323,train
28324,train
28325,train
28326,train
28327,train
28328,train
28329,train
2833,train
28330,train
28331,train
28332,train
28333,train
28334,train
28335,train
28336,train
28337,train
28338,train
28339,train
2834,train
28340,train
28341,train
28342,train
28343,train
28344,train
28345,train
28346,train
28347,train
28348,train
28349,train
2835,train
28350,train
28351,train
28352,train
28353,train
28354,train
28355,train
28356,train
28357,train
28358,train
28359,train
2836,train
28360,train
28361,train
28362,train
28363,train
28364,train
28365,train
28366,train
28367,train
28368,train
28369,train
2837,train
28370,train
28371,train
28372,train
28373,train
28374,train
28375,train
28376,train
28377,train
28378,train
28379,train
2838,train
28380,train
28381,train
28382,train
28383,train
28384,train
28385,train
28386,train
28387,train
28388,train
28389,train
2839,train
28390,train
28391,train
28392,train
28393,train
28394,train
28395,train
28396,train
28397,train
28398,train
28399,train
284,train
2840,train
28400,train
28401,train
28402,train
28403,train
28404,train
28405,train
28406,train
28407,train
28408,train
28409,train
2841,train
28410,train
28411,train
28412,train
28413,train
28414,train
28415,train
28416,train
28417,train
28418,train
28419,train
2842,train
28420,train
28421,train
28422,train
28423,train
28424,train
28425,train
28426,train
28427,train
28428,train
28429,train
2843,train
28430,train
28431,train
28432,train
28433,train
28434,train
28435,train
28436,train
28437,train
28438,train
28439,train
2844,train
28440,train
28441,train
28442,train
28443,train
28444,train
28445,train
28446,train
28447,train
28448,train
28449,train
2845,train
28450,train
28451,train
28452,train
28453,train
28454,train
28455,train
28456,train
28457,train
28458,train
28459,train
2846,train
28460,train
28461,train
28462,train
28463,train
28464,train
28465,train
28466,train
28467,train
28468,train
28469,train
2847,train
28470,train
28471,train
28472,train
28473,train
28474,train
28475,train
28476,train
28477,train
28478,train
28479,train
2848,train
28480,train
28481,train
28482,train
28483,train
28484,train
28485,train
28486,train
28487,train
28488,train
28489,train
2849,train
28490,train
28491,train
28492,train
28493,train
28494,train
28495,train
28496,train
28497,train
28498,train
28499,train
285,train
2850,train
28500,train
28501,train
28502,train
28503,train
28504,train
28505,train
28506,train
28507,train
28508,train
28509,train
2851,train
28510,train
28511,train
28512,train
28513,train
28514,train
28515,train
28516,train
28517,train
28518,train
28519,train
2852,train
28520,train
28521,train
28522,train
28523,train
28524,train
28525,train
28526,train
28527,train
28528,train
28529,train
2853,train
28530,train
28531,train
28532,train
28533,train
28534,train
28535,train
28536,train
28537,train
28538,train
28539,train
2854,train
28540,train
28541,train
28542,train
28543,train
28544,train
28545,train
28546,train
28547,train
28548,train
28549,train
2855,train
28550,train
28551,train
28552,train
28553,train
28554,train
28555,train
28556,train
28557,train
28558,train
28559,train
2856,train
28560,train
28561,train
28562,train
28563,train
28564,train
28565,train
28566,train
28567,train
28568,train
28569,train
2857,train
28570,train
28571,train
28572,train
28573,train
28574,train
28575,train
28576,train
28577,train
28578,train
28579,train
2858,train
28580,train
28581,train
28582,train
28583,train
28584,train
28585,train
28586,train
28587,train
28588,train
28589,train
2859,train
28590,train
28591,train
28592,train
28593,train
28594,train
28595,train
28596,train
28597,train
28598,train
28599,train
286,train
2860,train
28600,train
28601,train
28602,train
28603,train
28604,train
28605,train
28606,train
28607,train
28608,train
28609,train
2861,train
28610,train
28611,train
28612,train
28613,train
28614,train
28615,train
28616,train
28617,train
28618,train
28619,train
2862,train
28620,train
28621,train
28622,train
28623,train
28624,train
28625,train
28626,train
28627,train
28628,train
28629,train
2863,train
28630,train
28631,train
28632,train
28633,train
28634,train
28635,train
28636,train
28637,train
28638,train
28639,train
2864,train
28640,train
28641,train
28642,train
28643,train
28644,train
28645,train
28646,train
28647,train
28648,train
28649,train
2865,train
28650,train
28651,train
28652,train
28653,train
28654,train
28655,train
28656,train
28657,train
28658,train
28659,train
2866,train
28660,train
28661,train
28662,train
28663,train
28664,train
28665,train
28666,train
28667,train
28668,train
28669,train
2867,train
28670,train
28671,train
28672,train
28673,train
28674,train
28675,train
28676,train
28677,train
28678,train
28679,train
2868,train
28680,train
28681,train
28682,train
28683,train
28684,train
28685,train
28686,train
28687,train
28688,train
28689,train
2869,train
28690,train
28691,train
28692,train
28693,train
28694,train
28695,train
28696,train
28697,train
28698,train
28699,train
287,train
2870,train
28700,train
28701,train
28702,train
28703,train
28704,train
28705,train
28706,train
28707,train
28708,train
28709,train
2871,train
28710,train
28711,train
28712,train
28713,train
28714,train
28715,train
28716,train
28717,train
28718,train
28719,train
2872,train
28720,train
28721,train
28722,train
28723,train
28724,train
28725,train
28726,train
28727,train
28728,train
28729,train
2873,train
28730,train
28731,train
28732,train
28733,train
28734,train
28735,train
28736,train
28737,train
28738,train
28739,train
2874,train
28740,train
28741,train
28742,train
28743,train
28744,train
28745,train
28746,train
28747,train
28748,train
28749,train
2875,train
28750,train
28751,train
28752,train
28753,train
28754,train
28755,train
28756,train
28757,train
28758,train
28759,train
2876,train
28760,train
28761,train
28762,train
28763,train
28764,train
28765,train
28766,train
28767,train
28768,train
28769,train
2877,train
28770,train
28771,train
28772,train
28773,train
28774,train
28775,train
28776,train
28777,train
28778,train
28779,train
2878,train
28780,train
28781,train
28782,train
28783,train
28784,train
28785,train
28786,train
28787,train
28788,train
28789,train
2879,train
28790,train
28791,train
28792,train
28793,train
28794,train
28795,train
28796,train
28797,train
28798,train
28799,train
288,train
2880,train
28800,train
28801,train
28802,train
28803,train
28804,train
28805,train
28806,train
28807,train
28808,train
28809,train
2881,train
28810,train
28811,train
28812,train
28813,train
28814,train
28815,train
28816,train
28817,train
28818,train
28819,train
2882,train
28820,train
28821,train
28822,train
28823,train
28824,train
28825,train
28826,train
28827,train
28828,train
28829,train
2883,train
28830,train
28831,train
28832,train
28833,train
28834,train
28835,train
28836,train
28837,train
28838,train
28839,train
2884,train
28840,train
28841,train
28842,train
28843,train
28844,train
28845,train
28846,train
28847,train
28848,train
28849,train
2885,train
28850,train
28851,train
28852,train
28853,train
28854,train
28855,train
28856,train
28857,train
28858,train
28859,train
2886,train
28860,train
28861,train
28862,train
28863,train
28864,train
28865,train
28866,train
28867,train
28868,train
28869,train
2887,train
28870,train
28871,train
28872,train
28873,train
28874,train
28875,train
28876,train
28877,train
28878,train
28879,train
2888,train
28880,train
28881,train
28882,train
28883,train
28884,train
28885,train
28886,train
28887,train
28888,train
28889,train
2889,train
28890,train
28891,train
28892,train
28893,train
28894,train
28895,train
28896,train
28897,train
28898,train
28899,train
289,train
2890,train
28900,train
28901,train
28902,train
28903,train
28904,train
28905,train
28906,train
28907,train
28908,train
28909,train
2891,train
28910,train
28911,train
28912,train
28913,train
28914,train
28915,train
28916,train
28917,train
28918,train
28919,train
2892,train
28920,train
28921,train
28922,train
28923,train
28924,train
28925,train
28926,train
28927,train
28928,train
28929,train
2893,train
28930,train
28931,train
28932,train
28933,train
28934,train
28935,train
28936,train
28937,train
28938,train
28939,train
2894,train
28940,train
28941,train
28942,train
28943,train
28944,train
28945,train
28946,train
28947,train
28948,train
28949,train
2895,train
28950,train
28951,train
28952,train
28953,train
28954,train
28955,train
28956,train
28957,train
28958,train
28959,train
2896,train
28960,train
28961,train
28962,train
28963,train
28964,train
28965,train
28966,train
28967,train
28968,train
28969,train
2897,train
28970,train
28971,train
28972,train
28973,train
28974,train
28975,train
28976,train
28977,train
28978,train
28979,train
2898,train
28980,train
28981,train
28982,train
28983,train
28984,train
28985,train
28986,train
28987,train
28988,train
28989,train
2899,train
28990,train
28991,train
28992,train
28993,train
28994,train
28995,train
28996,train
28997,train
28998,train
28999,train
29,train
290,train
2900,train
29000,train
29001,train
29002,train
29003,train
29004,train
29005,train
29006,train
29007,train
29008,train
29009,train
2901,train
29010,train
29011,train
29012,train
29013,train
29014,train
29015,train
29016,train
29017,train
29018,train
29019,train
2902,train
29020,train
29021,train
29022,train
29023,train
29024,train
29025,train
29026,train
29027,train
29028,train
29029,train
2903,train
29030,train
29031,train
29032,train
29033,train
29034,train
29035,train
29036,train
29037,train
29038,train
29039,train
2904,train
29040,train
29041,train
29042,train
29043,train
29044,train
29045,train
29046,train
29047,train
29048,train
29049,train
2905,train
29050,train
29051,train
29052,train
29053,train
29054,train
29055,train
29056,train
29057,train
29058,train
29059,train
2906,train
29060,train
29061,train
29062,train
29063,train
29064,train
29065,train
29066,train
29067,train
29068,train
29069,train
2907,train
29070,train
29071,train
29072,train
29073,train
29074,train
29075,train
29076,train
29077,train
29078,train
29079,train
2908,train
29080,train
29081,train
29082,train
29083,train
29084,train
29085,train
29086,train
29087,train
29088,train
29089,train
2909,train
29090,train
29091,train
29092,train
29093,train
29094,train
29095,train
29096,train
29097,train
29098,train
29099,train
291,train
2910,train
29100,train
29101,train
29102,train
29103,train
29104,train
29105,train
29106,train
29107,train
29108,train
29109,train
2911,train
29110,train
29111,train
29112,train
29113,train
29114,train
29115,train
29116,train
29117,train
29118,train
29119,train
2912,train
29120,train
29121,train
29122,train
29123,train
29124,train
29125,train
29126,train
29127,train
29128,train
29129,train
2913,train
29130,train
29131,train
29132,train
29133,train
29134,train
29135,train
29136,train
29137,train
29138,train
29139,train
2914,train
29140,train
29141,train
29142,train
29143,train
29144,train
29145,train
29146,train
29147,train
29148,train
29149,train
2915,train
29150,train
29151,train
29152,train
29153,train
29154,train
29155,train
29156,train
29157,train
29158,train
29159,train
2916,train
29160,train
29161,train
29162,train
29163,train
29164,train
29165,train
29166,train
29167,train
29168,train
29169,train
2917,train
29170,train
29171,train
29172,train
29173,train
29174,train
29175,train
29176,train
29177,train
29178,train
29179,train
2918,train
29180,train
29181,train
29182,train
29183,train
29184,train
29185,train
29186,train
29187,train
29188,train
29189,train
2919,train
29190,train
29191,train
29192,train
29193,train
29194,train
29195,train
29196,train
29197,train
29198,train
29199,train
292,train
2920,train
29200,train
29201,train
29202,train
29203,train
29204,train
29205,train
29206,train
29207,train
29208,train
29209,train
2921,train
29210,train
29211,train
29212,train
29213,train
29214,train
29215,train
29216,train
29217,train
29218,train
29219,train
2922,train
29220,train
29221,train
29222,train
29223,train
29224,train
29225,train
29226,train
29227,train
29228,train
29229,train
2923,train
29230,train
29231,train
29232,train
29233,train
29234,train
29235,train
29236,train
29237,train
29238,train
29239,train
2924,train
29240,train
29241,train
29242,train
29243,train
29244,train
29245,train
29246,train
29247,train
29248,train
29249,train
2925,train
29250,train
29251,train
29252,train
29253,train
29254,train
29255,train
29256,train
29257,train
29258,train
29259,train
2926,train
29260,train
29261,train
29262,train
29263,train
29264,train
29265,train
29266,train
29267,train
29268,train
29269,train
2927,train
29270,train
29271,train
29272,train
29273,train
29274,train
29275,train
29276,train
29277,train
29278,train
29279,train
2928,train
29280,train
29281,train
29282,train
29283,train
29284,train
29285,train
29286,train
29287,train
29288,train
29289,train
2929,train
29290,train
29291,train
29292,train
29293,train
29294,train
29295,train
29296,train
29297,train
29298,train
29299,train
293,train
2930,train
29300,train
29301,train
29302,train
29303,train
29304,train
29305,train
29306,train
29307,train
29308,train
29309,train
2931,train
29310,train
29311,train
29312,train
29313,train
29314,train
29315,train
29316,train
29317,train
29318,train
29319,train
2932,train
29320,train
29321,train
29322,train
29323,train
29324,train
29325,train
29326,train
29327,train
29328,train
29329,train
2933,train
29330,train
29331,train
29332,train
29333,train
29334,train
29335,train
29336,train
29337,train
29338,train
29339,train
2934,train
29340,train
29341,train
29342,train
29343,train
29344,train
29345,train
29346,train
29347,train
29348,train
29349,train
2935,train
29350,train
29351,train
29352,train
29353,train
29354,train
29355,train
29356,train
29357,train
29358,train
29359,train
2936,train
29360,train
29361,train
29362,train
29363,train
29364,train
29365,train
29366,train
29367,train
29368,train
29369,train
2937,train
29370,train
29371,train
29372,train
29373,train
29374,train
29375,train
29376,train
29377,train
29378,train
29379,train
2938,train
29380,train
29381,train
29382,train
29383,train
29384,train
29385,train
29386,train
29387,train
29388,train
29389,train
2939,train
29390,train
29391,train
29392,train
29393,train
29394,train
29395,train
29396,train
29397,train
29398,train
29399,train
294,train
2940,train
29400,train
29401,train
29402,train
29403,train
29404,train
29405,train
29406,train
29407,train
29408,train
29409,train
2941,train
29410,train
29411,train
29412,train
29413,train
29414,train
29415,train
29416,train
29417,train
29418,train
29419,train
2942,train
29420,train
29421,train
29422,train
29423,train
29424,train
29425,train
29426,train
29427,train
29428,train
29429,train
2943,train
29430,train
29431,train
29432,train
29433,train
29434,train
29435,train
29436,train
29437,train
29438,train
29439,train
2944,train
29440,train
29441,train
29442,train
29443,train
29444,train
29445,train
29446,train
29447,train
29448,train
29449,train
2945,train
29450,train
29451,train
29452,train
29453,train
29454,train
29455,train
29456,train
29457,train
29458,train
29459,train
2946,train
29460,train
29461,train
29462,train
29463,train
29464,train
29465,train
29466,train
29467,train
29468,train
29469,train
2947,train
29470,train
29471,train
29472,train
29473,train
29474,train
29475,train
29476,train
29477,train
29478,train
29479,train
2948,train
29480,train
29481,train
29482,train
29483,train
29484,train
29485,train
29486,train
29487,train
29488,train
29489,train
2949,train
29490,train
29491,train
29492,train
29493,train
29494,train
29495,train
29496,train
29497,train
29498,train
29499,train
295,train
2950,train
29500,train
29501,train
29502,train
29503,train
29504,train
29505,train
29506,train
29507,train
29508,train
29509,train
2951,train
29510,train
29511,train
29512,train
29513,train
29514,train
29515,train
29516,train
29517,train
29518,train
29519,train
2952,train
29520,train
29521,train
29522,train
29523,train
29524,train
29525,train
29526,train
29527,train
29528,train
29529,train
2953,train
29530,train
29531,train
29532,train
29533,train
29534,train
29535,train
29536,train
29537,train
29538,train
29539,train
2954,train
29540,train
29541,train
29542,train
29543,train
29544,train
29545,train
29546,train
29547,train
29548,train
29549,train
2955,train
29550,train
29551,train
29552,train
29553,train
29554,train
29555,train
29556,train
29557,train
29558,train
29559,train
2956,train
29560,train
29561,train
29562,train
29563,train
29564,train
29565,train
29566,train
29567,train
29568,train
29569,train
2957,train
29570,train
29571,train
29572,train
29573,train
29574,train
29575,train
29576,train
29577,train
29578,train
29579,train
2958,train
29580,train
29581,train
29582,train
29583,train
29584,train
29585,train
29586,train
29587,train
29588,train
29589,train
2959,train
29590,train
29591,train
29592,train
29593,train
29594,train
29595,train
29596,train
29597,train
29598,train
29599,train
296,train
2960,train
29600,train
29601,train
29602,train
29603,train
29604,train
29605,train
29606,train
29607,train
29608,train
29609,train
2961,train
29610,train
29611,train
29612,train
29613,train
29614,train
29615,train
29616,train
29617,train
29618,train
29619,train
2962,train
29620,train
29621,train
29622,train
29623,train
29624,train
29625,train
29626,train
29627,train
29628,train
29629,train
2963,train
29630,train
29631,train
29632,train
29633,train
29634,train
29635,train
29636,train
29637,train
29638,train
29639,train
2964,train
29640,train
29641,train
29642,train
29643,train
29644,train
29645,train
29646,train
29647,train
29648,train
29649,train
2965,train
29650,train
29651,train
29652,train
29653,train
29654,train
29655,train
29656,train
29657,train
29658,train
29659,train
2966,train
29660,train
29661,train
29662,train
29663,train
29664,train
29665,train
29666,train
29667,train
29668,train
29669,train
2967,train
29670,train
29671,train
29672,train
29673,train
29674,train
29675,train
29676,train
29677,train
29678,train
29679,train
2968,train
29680,train
29681,train
29682,train
29683,train
29684,train
29685,train
29686,train
29687,train
29688,train
29689,train
2969,train
29690,train
29691,train
29692,train
29693,train
29694,train
29695,train
29696,train
29697,train
29698,train
29699,train
297,train
2970,train
29700,train
29701,train
29702,train
29703,train
29704,train
29705,train
29706,train
29707,train
29708,train
29709,train
2971,train
29710,train
29711,train
29712,train
29713,train
29714,train
29715,train
29716,train
29717,train
29718,train
29719,train
2972,train
29720,train
29721,train
29722,train
29723,train
29724,train
29725,train
29726,train
29727,train
29728,train
29729,train
2973,train
29730,train
29731,train
29732,train
29733,train
29734,train
29735,train
29736,train
29737,train
29738,train
29739,train
2974,train
29740,train
29741,train
29742,train
29743,train
29744,train
29745,train
29746,train
29747,train
29748,train
29749,train
2975,train
29750,train
29751,train
29752,train
29753,train
29754,train
29755,train
29756,train
29757,train
29758,train
29759,train
2976,train
29760,train
29761,train
29762,train
29763,train
29764,train
29765,train
29766,train
29767,train
29768,train
29769,train
2977,train
29770,train
29771,train
29772,train
29773,train
29774,train
29775,train
29776,train
29777,train
29778,train
29779,train
2978,train
29780,train
29781,train
29782,train
29783,train
29784,train
29785,train
29786,train
29787,train
29788,train
29789,train
2979,train
29790,train
29791,train
29792,train
29793,train
29794,train
29795,train
29796,train
29797,train
29798,train
29799,train
298,train
2980,train
29800,train
29801,train
29802,train
29803,train
29804,train
29805,train
29806,train
29807,train
29808,train
29809,train
2981,train
29810,train
29811,train
29812,train
29813,train
29814,train
29815,train
29816,train
29817,train
29818,train
29819,train
2982,train
29820,train
29821,train
29822,train
29823,train
29824,train
29825,train
29826,train
29827,train
29828,train
29829,train
2983,train
29830,train
29831,train
29832,train
29833,train
29834,train
29835,train
29836,train
29837,train
29838,train
29839,train
2984,train
29840,train
29841,train
29842,train
29843,train
29844,train
29845,train
29846,train
29847,train
29848,train
29849,train
2985,train
29850,train
29851,train
29852,train
29853,train
29854,train
29855,train
29856,train
29857,train
29858,train
29859,train
2986,train
29860,train
29861,train
29862,train
29863,train
29864,train
29865,train
29866,train
29867,train
29868,train
29869,train
2987,train
29870,train
29871,train
29872,train
29873,train
29874,train
29875,train
29876,train
29877,train
29878,train
29879,train
2988,train
29880,train
29881,train
29882,train
29883,train
29884,train
29885,train
29886,train
29887,train
29888,train
29889,train
2989,train
29890,train
29891,train
29892,train
29893,train
29894,train
29895,train
29896,train
29897,train
29898,train
29899,train
299,train
2990,train
29900,train
29901,train
29902,train
29903,train
29904,train
29905,train
29906,train
29907,train
29908,train
29909,train
2991,train
29910,train
29911,train
29912,train
29913,train
29914,train
29915,train
29916,train
29917,train
29918,train
29919,train
2992,train
29920,train
29921,train
29922,train
29923,train
29924,train
29925,train
29926,train
29927,train
29928,train
29929,train
2993,train
29930,train
29931,train
29932,train
29933,train
29934,train
29935,train
29936,train
29937,train
29938,train
29939,train
2994,train
29940,train
29941,train
29942,train
29943,train
29944,train
29945,train
29946,train
29947,train
29948,train
29949,train
2995,train
29950,train
29951,train
29952,train
29953,train
29954,train
29955,train
29956,train
29957,train
29958,train
29959,train
2996,train
29960,train
29961,train
29962,train
29963,train
29964,train
29965,train
29966,train
29967,train
29968,train
29969,train
2997,train
29970,train
29971,train
29972,train
29973,train
29974,train
29975,train
29976,train
29977,train
29978,train
29979,train
2998,train
29980,train
29981,train
29982,train
29983,train
29984,train
29985,train
29986,train
29987,train
29988,train
29989,train
2999,train
29990,train
29991,train
29992,train
29993,train
29994,train
29995,train
29996,train
29997,train
29998,train
29999,train
3,train
30,train
300,train
3000,train
30000,train
30001,train
30002,train
30003,train
30004,train
30005,train
30006,train
30007,train
30008,train
30009,train
3001,train
30010,train
30011,train
30012,train
30013,train
30014,train
30015,train
30016,train
30017,train
30018,train
30019,train
3002,train
30020,train
30021,train
30022,train
30023,train
30024,train
30025,train
30026,train
30027,train
30028,train
30029,train
3003,train
30030,train
30031,train
30032,train
30033,train
30034,train
30035,train
30036,train
30037,train
30038,train
30039,train
3004,train
30040,train
30041,train
30042,train
30043,train
30044,train
30045,train
30046,train
30047,train
30048,train
30049,train
3005,train
30050,train
30051,train
30052,train
30053,train
30054,train
30055,train
30056,train
30057,train
30058,train
30059,train
3006,train
30060,train
30061,train
30062,train
30063,train
30064,train
30065,train
30066,train
30067,train
30068,train
30069,train
3007,train
30070,train
30071,train
30072,train
30073,train
30074,train
30075,train
30076,train
30077,train
30078,train
30079,train
3008,train
30080,train
30081,train
30082,train
30083,train
30084,train
30085,train
30086,train
30087,train
30088,train
30089,train
3009,train
30090,train
30091,train
30092,train
30093,train
30094,train
30095,train
30096,train
30097,train
30098,train
30099,train
301,train
3010,train
30100,train
30101,train
30102,train
30103,train
30104,train
30105,train
30106,train
30107,train
30108,train
30109,train
3011,train
30110,train
30111,train
30112,train
30113,train
30114,train
30115,train
30116,train
30117,train
30118,train
30119,train
3012,train
30120,train
30121,train
30122,train
30123,train
30124,train
30125,train
30126,train
30127,train
30128,train
30129,train
3013,train
30130,train
30131,train
30132,train
30133,train
30134,train
30135,train
30136,train
30137,train
30138,train
30139,train
3014,train
30140,train
30141,train
30142,train
30143,train
30144,train
30145,train
30146,train
30147,train
30148,train
30149,train
3015,train
30150,train
30151,train
30152,train
30153,train
30154,train
30155,train
30156,train
30157,train
30158,train
30159,train
3016,train
30160,train
30161,train
30162,train
30163,train
30164,train
30165,train
30166,train
30167,train
30168,train
30169,train
3017,train
30170,train
30171,train
30172,train
30173,train
30174,train
30175,train
30176,train
30177,train
30178,train
30179,train
3018,train
30180,train
30181,train
30182,train
30183,train
30184,train
30185,train
30186,train
30187,train
30188,train
30189,train
3019,train
30190,train
30191,train
30192,train
30193,train
30194,train
30195,train
30196,train
30197,train
30198,train
30199,train
302,train
3020,train
30200,train
30201,train
30202,train
30203,train
30204,train
30205,train
30206,train
30207,train
30208,train
30209,train
3021,train
30210,train
30211,train
30212,train
30213,train
30214,train
30215,train
30216,train
30217,train
30218,train
30219,train
3022,train
30220,train
30221,train
30222,train
30223,train
30224,train
30225,train
30226,train
30227,train
30228,train
30229,train
3023,train
30230,train
30231,train
30232,train
30233,train
30234,train
30235,train
30236,train
30237,train
30238,train
30239,train
3024,train
30240,train
30241,train
30242,train
30243,train
30244,train
30245,train
30246,train
30247,train
30248,train
30249,train
3025,train
30250,train
30251,train
30252,train
30253,train
30254,train
30255,train
30256,train
30257,train
30258,train
30259,train
3026,train
30260,train
30261,train
30262,train
30263,train
30264,train
30265,train
30266,train
30267,train
30268,train
30269,train
3027,train
30270,train
30271,train
30272,train
30273,train
30274,train
30275,train
30276,train
30277,train
30278,train
30279,train
3028,train
30280,train
30281,train
30282,train
30283,train
30284,train
30285,train
30286,train
30287,train
30288,train
30289,train
3029,train
30290,train
30291,train
30292,train
30293,train
30294,train
30295,train
30296,train
30297,train
30298,train
30299,train
303,train
3030,train
30300,train
30301,train
30302,train
30303,train
30304,train
30305,train
30306,train
30307,train
30308,train
30309,train
3031,train
30310,train
30311,train
30312,train
30313,train
30314,train
30315,train
30316,train
30317,train
30318,train
30319,train
3032,train
30320,train
30321,train
30322,train
30323,train
30324,train
30325,train
30326,train
30327,train
30328,train
30329,train
3033,train
30330,train
30331,train
30332,train
30333,train
30334,train
30335,train
30336,train
30337,train
30338,train
30339,train
3034,train
30340,train
30341,train
30342,train
30343,train
30344,train
30345,train
30346,train
30347,train
30348,train
30349,train
3035,train
30350,train
30351,train
30352,train
30353,train
30354,train
30355,train
30356,train
30357,train
30358,train
30359,train
3036,train
30360,train
30361,train
30362,train
30363,train
30364,train
30365,train
30366,train
30367,train
30368,train
30369,train
3037,train
30370,train
30371,train
30372,train
30373,train
30374,train
30375,train
30376,train
30377,train
30378,train
30379,train
3038,train
30380,train
30381,train
30382,train
30383,train
30384,train
30385,train
30386,train
30387,train
30388,train
30389,train
3039,train
30390,train
30391,train
30392,train
30393,train
30394,train
30395,train
30396,train
30397,train
30398,train
30399,train
304,train
3040,train
30400,train
30401,train
30402,train
30403,train
30404,train
30405,train
30406,train
30407,train
30408,train
30409,train
3041,train
30410,train
30411,train
30412,train
30413,train
30414,train
30415,train
30416,train
30417,train
30418,train
30419,train
3042,train
30420,train
30421,train
30422,train
30423,train
30424,train
30425,train
30426,train
30427,train
30428,train
30429,train
3043,train
30430,train
30431,train
30432,train
30433,train
30434,train
30435,train
30436,train
30437,train
30438,train
30439,train
3044,train
30440,train
30441,train
30442,train
30443,train
30444,train
30445,train
30446,train
30447,train
30448,train
30449,train
3045,train
30450,train
30451,train
30452,train
30453,train
30454,train
30455,train
30456,train
30457,train
30458,train
30459,train
3046,train
30460,train
30461,train
30462,train
30463,train
30464,train
30465,train
30466,train
30467,train
30468,train
30469,train
3047,train
30470,train
30471,train
30472,train
30473,train
30474,train
30475,train
30476,train
30477,train
30478,train
30479,train
3048,train
30480,train
30481,train
30482,train
30483,train
30484,train
30485,train
30486,train
30487,train
30488,train
30489,train
3049,train
30490,train
30491,train
30492,train
30493,train
30494,train
30495,train
30496,train
30497,train
30498,train
30499,train
305,train
3050,train
30500,train
30501,train
30502,train
30503,train
30504,train
30505,train
30506,train
30507,train
30508,train
30509,train
3051,train
30510,train
30511,train
30512,train
30513,train
30514,train
30515,train
30516,train
30517,train
30518,train
30519,train
3052,train
30520,train
30521,train
30522,train
30523,train
30524,train
30525,train
30526,train
30527,train
30528,train
30529,train
3053,train
30530,train
30531,train
30532,train
30533,train
30534,train
30535,train
30536,train
30537,train
30538,train
30539,train
3054,train
30540,train
30541,train
30542,train
30543,train
30544,train
30545,train
30546,train
30547,train
30548,train
30549,train
3055,train
30550,train
30551,train
30552,train
30553,train
30554,train
30555,train
30556,train
30557,train
30558,train
30559,train
3056,train
30560,train
30561,train
30562,train
30563,train
30564,train
30565,train
30566,train
30567,train
30568,train
30569,train
3057,train
30570,train
30571,train
30572,train
30573,train
30574,train
30575,train
30576,train
30577,train
30578,train
30579,train
3058,train
30580,train
30581,train
30582,train
30583,train
30584,train
30585,train
30586,train
30587,train
30588,train
30589,train
3059,train
30590,train
30591,train
30592,train
30593,train
30594,train
30595,train
30596,train
30597,train
30598,train
30599,train
306,train
3060,train
30600,train
30601,train
30602,train
30603,train
30604,train
30605,train
30606,train
30607,train
30608,train
30609,train
3061,train
30610,train
30611,train
30612,train
30613,train
30614,train
30615,train
30616,train
30617,train
30618,train
30619,train
3062,train
30620,train
30621,train
30622,train
30623,train
30624,train
30625,train
30626,train
30627,train
30628,train
30629,train
3063,train
30630,train
30631,train
30632,train
30633,train
30634,train
30635,train
30636,train
30637,train
30638,train
30639,train
3064,train
30640,train
30641,train
30642,train
30643,train
30644,train
30645,train
30646,train
30647,train
30648,train
30649,train
3065,train
30650,train
30651,train
30652,train
30653,train
30654,train
30655,train
30656,train
30657,train
30658,train
30659,train
3066,train
30660,train
30661,train
30662,train
30663,train
30664,train
30665,train
30666,train
30667,train
30668,train
30669,train
3067,train
30670,train
30671,train
30672,train
30673,train
30674,train
30675,train
30676,train
30677,train
30678,train
30679,train
3068,train
30680,train
30681,train
30682,train
30683,train
30684,train
30685,train
30686,train
30687,train
30688,train
30689,train
3069,train
30690,train
30691,train
30692,train
30693,train
30694,train
30695,train
30696,train
30697,train
30698,train
30699,train
307,train
3070,train
30700,train
30701,train
30702,train
30703,train
30704,train
30705,train
30706,train
30707,train
30708,train
30709,train
3071,train
30710,train
30711,train
30712,train
30713,train
30714,train
30715,train
30716,train
30717,train
30718,train
30719,train
3072,train
30720,train
30721,train
30722,train
30723,train
30724,train
30725,train
30726,train
30727,train
30728,train
30729,train
3073,train
30730,train
30731,train
30732,train
30733,train
30734,train
30735,train
30736,train
30737,train
30738,train
30739,train
3074,train
30740,train
30741,train
30742,train
30743,train
30744,train
30745,train
30746,train
30747,train
30748,train
30749,train
3075,train
30750,train
30751,train
30752,train
30753,train
30754,train
30755,train
30756,train
30757,train
30758,train
30759,train
3076,train
30760,train
30761,train
30762,train
30763,train
30764,train
30765,train
30766,train
30767,train
30768,train
30769,train
3077,train
30770,train
30771,train
30772,train
30773,train
30774,train
30775,train
30776,train
30777,train
30778,train
30779,train
3078,train
30780,train
30781,train
30782,train
30783,train
30784,train
30785,train
30786,train
30787,train
30788,train
30789,train
3079,train
30790,train
30791,train
30792,train
30793,train
30794,train
30795,train
30796,train
30797,train
30798,train
30799,train
308,train
3080,train
30800,train
30801,train
30802,train
30803,train
30804,train
30805,train
30806,train
30807,train
30808,train
30809,train
3081,train
30810,train
30811,train
30812,train
30813,train
30814,train
30815,train
30816,train
30817,train
30818,train
30819,train
3082,train
30820,train
30821,train
30822,train
30823,train
30824,train
30825,train
30826,train
30827,train
30828,train
30829,train
3083,train
30830,train
30831,train
30832,train
30833,train
30834,train
30835,train
30836,train
30837,train
30838,train
30839,train
3084,train
30840,train
30841,train
30842,train
30843,train
30844,train
30845,train
30846,train
30847,train
30848,train
30849,train
3085,train
30850,train
30851,train
30852,train
30853,train
30854,train
30855,train
30856,train
30857,train
30858,train
30859,train
3086,train
30860,train
30861,train
30862,train
30863,train
30864,train
30865,train
30866,train
30867,train
30868,train
30869,train
3087,train
30870,train
30871,train
30872,train
30873,train
30874,train
30875,train
30876,train
30877,train
30878,train
30879,train
3088,train
30880,train
30881,train
30882,train
30883,train
30884,train
30885,train
30886,train
30887,train
30888,train
30889,train
3089,train
30890,train
30891,train
30892,train
30893,train
30894,train
30895,train
30896,train
30897,train
30898,train
30899,train
309,train
3090,train
30900,train
30901,train
30902,train
30903,train
30904,train
30905,train
30906,train
30907,train
30908,train
30909,train
3091,train
30910,train
30911,train
30912,train
30913,train
30914,train
30915,train
30916,train
30917,train
30918,train
30919,train
3092,train
30920,train
30921,train
30922,train
30923,train
30924,train
30925,train
30926,train
30927,train
30928,train
30929,train
3093,train
30930,train
30931,train
30932,train
30933,train
30934,train
30935,train
30936,train
30937,train
30938,train
30939,train
3094,train
30940,train
30941,train
30942,train
30943,train
30944,train
30945,train
30946,train
30947,train
30948,train
30949,train
3095,train
30950,train
30951,train
30952,train
30953,train
30954,train
30955,train
30956,train
30957,train
30958,train
30959,train
3096,train
30960,train
30961,train
30962,train
30963,train
30964,train
30965,train
30966,train
30967,train
30968,train
30969,train
3097,train
30970,train
30971,train
30972,train
30973,train
30974,train
30975,train
30976,train
30977,train
30978,train
30979,train
3098,train
30980,train
30981,train
30982,train
30983,train
30984,train
30985,train
30986,train
30987,train
30988,train
30989,train
3099,train
30990,train
30991,train
30992,train
30993,train
30994,train
30995,train
30996,train
30997,train
30998,train
30999,train
31,train
310,train
3100,train
31000,train
31001,train
31002,train
31003,train
31004,train
31005,train
31006,train
31007,train
31008,train
31009,train
3101,train
31010,train
31011,train
31012,train
31013,train
31014,train
31015,train
31016,train
31017,train
31018,train
31019,train
3102,train
31020,train
31021,train
31022,train
31023,train
31024,train
31025,train
31026,train
31027,train
31028,train
31029,train
3103,train
31030,train
31031,train
31032,train
31033,train
31034,train
31035,train
31036,train
31037,train
31038,train
31039,train
3104,train
31040,train
31041,train
31042,train
31043,train
31044,train
31045,train
31046,train
31047,train
31048,train
31049,train
3105,train
31050,train
31051,train
31052,train
31053,train
31054,train
31055,train
31056,train
31057,train
31058,train
31059,train
3106,train
31060,train
31061,train
31062,train
31063,train
31064,train
31065,train
31066,train
31067,train
31068,train
31069,train
3107,train
31070,train
31071,train
31072,train
31073,train
31074,train
31075,train
31076,train
31077,train
31078,train
31079,train
3108,train
31080,train
31081,train
31082,train
31083,train
31084,train
31085,train
31086,train
31087,train
31088,train
31089,train
3109,train
31090,train
31091,train
31092,train
31093,train
31094,train
31095,train
31096,train
31097,train
31098,train
31099,train
311,train
3110,train
31100,train
31101,train
31102,train
31103,train
31104,train
31105,train
31106,train
31107,train
31108,train
31109,train
3111,train
31110,train
31111,train
31112,train
31113,train
31114,train
31115,train
31116,train
31117,train
31118,train
31119,train
3112,train
31120,train
31121,train
31122,train
31123,train
31124,train
31125,train
31126,train
31127,train
31128,train
31129,train
3113,train
31130,train
31131,train
31132,train
31133,train
31134,train
31135,train
31136,train
31137,train
31138,train
31139,train
3114,train
31140,train
31141,train
31142,train
31143,train
31144,train
31145,train
31146,train
31147,train
31148,train
31149,train
3115,train
31150,train
31151,train
31152,train
31153,train
31154,train
31155,train
31156,train
31157,train
31158,train
31159,train
3116,train
31160,train
31161,train
31162,train
31163,train
31164,train
31165,train
31166,train
31167,train
31168,train
31169,train
3117,train
31170,train
31171,train
31172,train
31173,train
31174,train
31175,train
31176,train
31177,train
31178,train
31179,train
3118,train
31180,train
31181,train
31182,train
31183,train
31184,train
31185,train
31186,train
31187,train
31188,train
31189,train
3119,train
31190,train
31191,train
31192,train
31193,train
31194,train
31195,train
31196,train
31197,train
31198,train
31199,train
312,train
3120,train
31200,train
31201,train
31202,train
31203,train
31204,train
31205,train
31206,train
31207,train
31208,train
31209,train
3121,train
31210,train
31211,train
31212,train
31213,train
31214,train
31215,train
31216,train
31217,train
31218,train
31219,train
3122,train
31220,train
31221,train
31222,train
31223,train
31224,train
31225,train
31226,train
31227,train
31228,train
31229,train
3123,train
31230,train
31231,train
31232,train
31233,train
31234,train
31235,train
31236,train
31237,train
31238,train
31239,train
3124,train
31240,train
31241,train
31242,train
31243,train
31244,train
31245,train
31246,train
31247,train
31248,train
31249,train
3125,train
31250,train
31251,train
31252,train
31253,train
31254,train
31255,train
31256,train
31257,train
31258,train
31259,train
3126,train
31260,train
31261,train
31262,train
31263,train
31264,train
31265,train
31266,train
31267,train
31268,train
31269,train
3127,train
31270,train
31271,train
31272,train
31273,train
31274,train
31275,train
31276,train
31277,train
31278,train
31279,train
3128,train
31280,train
31281,train
31282,train
31283,train
31284,train
31285,train
31286,train
31287,train
31288,train
31289,train
3129,train
31290,train
31291,train
31292,train
31293,train
31294,train
31295,train
31296,train
31297,train
31298,train
31299,train
313,train
3130,train
31300,train
31301,train
31302,train
31303,train
31304,train
31305,train
31306,train
31307,train
31308,train
31309,train
3131,train
31310,train
31311,train
31312,train
31313,train
31314,train
31315,train
31316,train
31317,train
31318,train
31319,train
3132,train
31320,train
31321,train
31322,train
31323,train
31324,train
31325,train
31326,train
31327,train
31328,train
31329,train
3133,train
31330,train
31331,train
31332,train
31333,train
31334,train
31335,train
31336,train
31337,train
31338,train
31339,train
3134,train
31340,train
31341,train
31342,train
31343,train
31344,train
31345,train
31346,train
31347,train
31348,train
31349,train
3135,train
31350,train
31351,train
31352,train
31353,train
31354,train
31355,train
31356,train
31357,train
31358,train
31359,train
3136,train
31360,train
31361,train
31362,train
31363,train
31364,train
31365,train
31366,train
31367,train
31368,train
31369,train
3137,train
31370,train
31371,train
31372,train
31373,train
31374,train
31375,train
31376,train
31377,train
31378,train
31379,train
3138,train
31380,train
31381,train
31382,train
31383,train
31384,train
31385,train
31386,train
31387,train
31388,train
31389,train
3139,train
31390,train
31391,train
31392,train
31393,train
31394,train
31395,train
31396,train
31397,train
31398,train
31399,train
314,train
3140,train
31400,train
31401,train
31402,train
31403,train
31404,train
31405,train
31406,train
31407,train
31408,train
31409,train
3141,train
31410,train
31411,train
31412,train
31413,train
31414,train
31415,train
31416,train
31417,train
31418,train
31419,train
3142,train
31420,train
31421,train
31422,train
31423,train
31424,train
31425,train
31426,train
31427,train
31428,train
31429,train
3143,train
31430,train
31431,train
31432,train
31433,train
31434,train
31435,train
31436,train
31437,train
31438,train
31439,train
3144,train
31440,train
31441,train
31442,train
31443,train
31444,train
31445,train
31446,train
31447,train
31448,train
31449,train
3145,train
31450,train
31451,train
31452,train
31453,train
31454,train
31455,train
31456,train
31457,train
31458,train
31459,train
3146,train
31460,train
31461,train
31462,train
31463,train
31464,train
31465,train
31466,train
31467,train
31468,train
31469,train
3147,train
31470,train
31471,train
31472,train
31473,train
31474,train
31475,train
31476,train
31477,train
31478,train
31479,train
3148,train
31480,train
31481,train
31482,train
31483,train
31484,train
31485,train
31486,train
31487,train
31488,train
31489,train
3149,train
31490,train
31491,train
31492,train
31493,train
31494,train
31495,train
31496,train
31497,train
31498,train
31499,train
315,train
3150,train
31500,train
31501,train
31502,train
31503,train
31504,train
31505,train
31506,train
31507,train
31508,train
31509,train
3151,train
31510,train
31511,train
31512,train
31513,train
31514,train
31515,train
31516,train
31517,train
31518,train
31519,train
3152,train
31520,train
31521,train
31522,train
31523,train
31524,train
31525,train
31526,train
31527,train
31528,train
31529,train
3153,train
31530,train
31531,train
31532,train
31533,train
31534,train
31535,train
31536,train
31537,train
31538,train
31539,train
3154,train
31540,train
31541,train
31542,train
31543,train
31544,train
31545,train
31546,train
31547,train
31548,train
31549,train
3155,train
31550,train
31551,train
31552,train
31553,train
31554,train
31555,train
31556,train
31557,train
31558,train
31559,train
3156,train
31560,train
31561,train
31562,train
31563,train
31564,train
31565,train
31566,train
31567,train
31568,train
31569,train
3157,train
31570,train
31571,train
31572,train
31573,train
31574,train
31575,train
31576,train
31577,train
31578,train
31579,train
3158,train
31580,train
31581,train
31582,train
31583,train
31584,train
31585,train
31586,train
31587,train
31588,train
31589,train
3159,train
31590,train
31591,train
31592,train
31593,train
31594,train
31595,train
31596,train
31597,train
31598,train
31599,train
316,train
3160,train
31600,train
31601,train
31602,train
31603,train
31604,train
31605,train
31606,train
31607,train
31608,train
31609,train
3161,train
31610,train
31611,train
31612,train
31613,train
31614,train
31615,train
31616,train
31617,train
31618,train
31619,train
3162,train
31620,train
31621,train
31622,train
31623,train
31624,train
31625,train
31626,train
31627,train
31628,train
31629,train
3163,train
31630,train
31631,train
31632,train
31633,train
31634,train
31635,train
31636,train
31637,train
31638,train
31639,train
3164,train
31640,train
31641,train
31642,train
31643,train
31644,train
31645,train
31646,train
31647,train
31648,train
31649,train
3165,train
31650,train
31651,train
31652,train
31653,train
31654,train
31655,train
31656,train
31657,train
31658,train
31659,train
3166,train
31660,train
31661,train
31662,train
31663,train
31664,train
31665,train
31666,train
31667,train
31668,train
31669,train
3167,train
31670,train
31671,train
31672,train
31673,train
31674,train
31675,train
31676,train
31677,train
31678,train
31679,train
3168,train
31680,train
31681,train
31682,train
31683,train
31684,train
31685,train
31686,train
31687,train
31688,train
31689,train
3169,train
31690,train
31691,train
31692,train
31693,train
31694,train
31695,train
31696,train
31697,train
31698,train
31699,train
317,train
3170,train
31700,train
31701,train
31702,train
31703,train
31704,train
31705,train
31706,train
31707,train
31708,train
31709,train
3171,train
31710,train
31711,train
31712,train
31713,train
31714,train
31715,train
31716,train
31717,train
31718,train
31719,train
3172,train
31720,train
31721,train
31722,train
31723,train
31724,train
31725,train
31726,train
31727,train
31728,train
31729,train
3173,train
31730,train
31731,train
31732,train
31733,train
31734,train
31735,train
31736,train
31737,train
31738,train
31739,train
3174,train
31740,train
31741,train
31742,train
31743,train
31744,train
31745,train
31746,train
31747,train
31748,train
31749,train
3175,train
31750,train
31751,train
31752,train
31753,train
31754,train
31755,train
31756,train
31757,train
31758,train
31759,train
3176,train
31760,train
31761,train
31762,train
31763,train
31764,train
31765,train
31766,train
31767,train
31768,train
31769,train
3177,train
31770,train
31771,train
31772,train
31773,train
31774,train
31775,train
31776,train
31777,train
31778,train
31779,train
3178,train
31780,train
31781,train
31782,train
31783,train
31784,train
31785,train
31786,train
31787,train
31788,train
31789,train
3179,train
31790,train
31791,train
31792,train
31793,train
31794,train
31795,train
31796,train
31797,train
31798,train
31799,train
318,train
3180,train
31800,train
31801,train
31802,train
31803,train
31804,train
31805,train
31806,train
31807,train
31808,train
31809,train
3181,train
31810,train
31811,train
31812,train
31813,train
31814,train
31815,train
31816,train
31817,train
31818,train
31819,train
3182,train
31820,train
31821,train
31822,train
31823,train
31824,train
31825,train
31826,train
31827,train
31828,train
31829,train
3183,train
31830,train
31831,train
31832,train
31833,train
31834,train
31835,train
31836,train
31837,train
31838,train
31839,train
3184,train
31840,train
31841,train
31842,train
31843,train
31844,train
31845,train
31846,train
31847,train
31848,train
31849,train
3185,train
31850,train
31851,train
31852,train
31853,train
31854,train
31855,train
31856,train
31857,train
31858,train
31859,train
3186,train
31860,train
31861,train
31862,train
31863,train
31864,train
31865,train
31866,train
31867,train
31868,train
31869,train
3187,train
31870,train
31871,train
31872,train
31873,train
31874,train
31875,train
31876,train
31877,train
31878,train
31879,train
3188,train
31880,train
31881,train
31882,train
31883,train
31884,train
31885,train
31886,train
31887,train
31888,train
31889,train
3189,train
31890,train
31891,train
31892,train
31893,train
31894,train
31895,train
31896,train
31897,train
31898,train
31899,train
319,train
3190,train
31900,train
31901,train
31902,train
31903,train
31904,train
31905,train
31906,train
31907,train
31908,train
31909,train
3191,train
31910,train
31911,train
31912,train
31913,train
31914,train
31915,train
31916,train
31917,train
31918,train
31919,train
3192,train
31920,train
31921,train
31922,train
31923,train
31924,train
31925,train
31926,train
31927,train
31928,train
31929,train
3193,train
31930,train
31931,train
31932,train
31933,train
31934,train
31935,train
31936,train
31937,train
31938,train
31939,train
3194,train
31940,train
31941,train
31942,train
31943,train
31944,train
31945,train
31946,train
31947,train
31948,train
31949,train
3195,train
31950,train
31951,train
31952,train
31953,train
31954,train
31955,train
31956,train
31957,train
31958,train
31959,train
3196,train
31960,train
31961,train
31962,train
31963,train
31964,train
31965,train
31966,train
31967,train
31968,train
31969,train
3197,train
31970,train
31971,train
31972,train
31973,train
31974,train
31975,train
31976,train
31977,train
31978,train
31979,train
3198,train
31980,train
31981,train
31982,train
31983,train
31984,train
31985,train
31986,train
31987,train
31988,train
31989,train
3199,train
31990,train
31991,train
31992,train
31993,train
31994,train
31995,train
31996,train
31997,train
31998,train
31999,train
32,train
320,train
3200,train
32000,train
32001,train
32002,train
32003,train
32004,train
32005,train
32006,train
32007,train
32008,train
32009,train
3201,train
32010,train
32011,train
32012,train
32013,train
32014,train
32015,train
32016,train
32017,train
32018,train
32019,train
3202,train
32020,train
32021,train
32022,train
32023,train
32024,train
32025,train
32026,train
32027,train
32028,train
32029,train
3203,train
32030,train
32031,train
32032,train
32033,train
32034,train
32035,train
32036,train
32037,train
32038,train
32039,train
3204,train
32040,train
32041,train
32042,train
32043,train
32044,train
32045,train
32046,train
32047,train
32048,train
32049,train
3205,train
32050,train
32051,train
32052,train
32053,train
32054,train
32055,train
32056,train
32057,train
32058,train
32059,train
3206,train
32060,train
32061,train
32062,train
32063,train
32064,train
32065,train
32066,train
32067,train
32068,train
32069,train
3207,train
32070,train
32071,train
32072,train
32073,train
32074,train
32075,train
32076,train
32077,train
32078,train
32079,train
3208,train
32080,train
32081,train
32082,train
32083,train
32084,train
32085,train
32086,train
32087,train
32088,train
32089,train
3209,train
32090,train
32091,train
32092,train
32093,train
32094,train
32095,train
32096,train
32097,train
32098,train
32099,train
321,train
3210,train
32100,train
32101,train
32102,train
32103,train
32104,train
32105,train
32106,train
32107,train
32108,train
32109,train
3211,train
32110,train
32111,train
32112,train
32113,train
32114,train
32115,train
32116,train
32117,train
32118,train
32119,train
3212,train
32120,train
32121,train
32122,train
32123,train
32124,train
32125,train
32126,train
32127,train
32128,train
32129,train
3213,train
32130,train
32131,train
32132,train
32133,train
32134,train
32135,train
32136,train
32137,train
32138,train
32139,train
3214,train
32140,train
32141,train
32142,train
32143,train
32144,train
32145,train
32146,train
32147,train
32148,train
32149,train
3215,train
32150,train
32151,train
32152,train
32153,train
32154,train
32155,train
32156,train
32157,train
32158,train
32159,train
3216,train
32160,train
32161,train
32162,train
32163,train
32164,train
32165,train
32166,train
32167,train
32168,train
32169,train
3217,train
32170,train
32171,train
32172,train
32173,train
32174,train
32175,train
32176,train
32177,train
32178,train
32179,train
3218,train
32180,train
32181,train
32182,train
32183,train
32184,train
32185,train
32186,train
32187,train
32188,train
32189,train
3219,train
32190,train
32191,train
32192,train
32193,train
32194,train
32195,train
32196,train
32197,train
32198,train
32199,train
322,train
3220,train
32200,train
32201,train
32202,train
32203,train
32204,train
32205,train
32206,train
32207,train
32208,train
32209,train
3221,train
32210,train
32211,train
32212,train
32213,train
32214,train
32215,train
32216,train
32217,train
32218,train
32219,train
3222,train
32220,train
32221,train
32222,train
32223,train
32224,train
32225,train
32226,train
32227,train
32228,train
32229,train
3223,train
32230,train
32231,train
32232,train
32233,train
32234,train
32235,train
32236,train
32237,train
32238,train
32239,train
3224,train
32240,train
32241,train
32242,train
32243,train
32244,train
32245,train
32246,train
32247,train
32248,train
32249,train
3225,train
32250,train
32251,train
32252,train
32253,train
32254,train
32255,train
32256,train
32257,train
32258,train
32259,train
3226,train
32260,train
32261,train
32262,train
32263,train
32264,train
32265,train
32266,train
32267,train
32268,train
32269,train
3227,train
32270,train
32271,train
32272,train
32273,train
32274,train
32275,train
32276,train
32277,train
32278,train
32279,train
3228,train
32280,train
32281,train
32282,train
32283,train
32284,train
32285,train
32286,train
32287,train
32288,train
32289,train
3229,train
32290,train
32291,train
32292,train
32293,train
32294,train
32295,train
32296,train
32297,train
32298,train
32299,train
323,train
3230,train
32300,train
32301,train
32302,train
32303,train
32304,train
32305,train
32306,train
32307,train
32308,train
32309,train
3231,train
32310,train
32311,train
32312,train
32313,train
32314,train
32315,train
32316,train
32317,train
32318,train
32319,train
3232,train
32320,train
32321,train
32322,train
32323,train
32324,train
32325,train
32326,train
32327,train
32328,train
32329,train
3233,train
32330,train
32331,train
32332,train
32333,train
32334,train
32335,train
32336,train
32337,train
32338,train
32339,train
3234,train
32340,train
32341,train
32342,train
32343,train
32344,train
32345,train
32346,train
32347,train
32348,train
32349,train
3235,train
32350,train
32351,train
32352,train
32353,train
32354,train
32355,train
32356,train
32357,train
32358,train
32359,train
3236,train
32360,train
32361,train
32362,train
32363,train
32364,train
32365,train
32366,train
32367,train
32368,train
32369,train
3237,train
32370,train
32371,train
32372,train
32373,train
32374,train
32375,train
32376,train
32377,train
32378,train
32379,train
3238,train
32380,train
32381,train
32382,train
32383,train
32384,train
32385,train
32386,train
32387,train
32388,train
32389,train
3239,train
32390,train
32391,train
32392,train
32393,train
32394,train
32395,train
32396,train
32397,train
32398,train
32399,train
324,train
3240,train
32400,train
32401,train
32402,train
32403,train
32404,train
32405,train
32406,train
32407,train
32408,train
32409,train
3241,train
32410,train
32411,train
32412,train
32413,train
32414,train
32415,train
32416,train
32417,train
32418,train
32419,train
3242,train
32420,train
32421,train
32422,train
32423,train
32424,train
32425,train
32426,train
32427,train
32428,train
32429,train
3243,train
32430,train
32431,train
32432,train
32433,train
32434,train
32435,train
32436,train
32437,train
32438,train
32439,train
3244,train
32440,train
32441,train
32442,train
32443,train
32444,train
32445,train
32446,train
32447,train
32448,train
32449,train
3245,train
32450,train
32451,train
32452,train
32453,train
32454,train
32455,train
32456,train
32457,train
32458,train
32459,train
3246,train
32460,train
32461,train
32462,train
32463,train
32464,train
32465,train
32466,train
32467,train
32468,train
32469,train
3247,train
32470,train
32471,train
32472,train
32473,train
32474,train
32475,train
32476,train
32477,train
32478,train
32479,train
3248,train
32480,train
32481,train
32482,train
32483,train
32484,train
32485,train
32486,train
32487,train
32488,train
32489,train
3249,train
32490,train
32491,train
32492,train
32493,train
32494,train
32495,train
32496,train
32497,train
32498,train
32499,train
325,train
3250,train
32500,train
32501,train
32502,train
32503,train
32504,train
32505,train
32506,train
32507,train
32508,train
32509,train
3251,train
32510,train
32511,train
32512,train
32513,train
32514,train
32515,train
32516,train
32517,train
32518,train
32519,train
3252,train
32520,train
32521,train
32522,train
32523,train
32524,train
32525,train
32526,train
32527,train
32528,train
32529,train
3253,train
32530,train
32531,train
32532,train
32533,train
32534,train
32535,train
32536,train
32537,train
32538,train
32539,train
3254,train
32540,train
32541,train
32542,train
32543,train
32544,train
32545,train
32546,train
32547,train
32548,train
32549,train
3255,train
32550,train
32551,train
32552,train
32553,train
32554,train
32555,train
32556,train
32557,train
32558,train
32559,train
3256,train
32560,train
32561,train
32562,train
32563,train
32564,train
32565,train
32566,train
32567,train
32568,train
32569,train
3257,train
32570,train
32571,train
32572,train
32573,train
32574,train
32575,train
32576,train
32577,train
32578,train
32579,train
3258,train
32580,train
32581,train
32582,train
32583,train
32584,train
32585,train
32586,train
32587,train
32588,train
32589,train
3259,train
32590,train
32591,train
32592,train
32593,train
32594,train
32595,train
32596,train
32597,train
32598,train
32599,train
326,train
3260,train
32600,train
32601,train
32602,train
32603,train
32604,train
32605,train
32606,train
32607,train
32608,train
32609,train
3261,train
32610,train
32611,train
32612,train
32613,train
32614,train
32615,train
32616,train
32617,train
32618,train
32619,train
3262,train
32620,train
32621,train
32622,train
32623,train
32624,train
32625,train
32626,train
32627,train
32628,train
32629,train
3263,train
32630,train
32631,train
32632,train
32633,train
32634,train
32635,train
32636,train
32637,train
32638,train
32639,train
3264,train
32640,train
32641,train
32642,train
32643,train
32644,train
32645,train
32646,train
32647,train
32648,train
32649,train
3265,train
32650,train
32651,train
32652,train
32653,train
32654,train
32655,train
32656,train
32657,train
32658,train
32659,train
3266,train
32660,train
32661,train
32662,train
32663,train
32664,train
32665,train
32666,train
32667,train
32668,train
32669,train
3267,train
32670,train
32671,train
32672,train
32673,train
32674,train
32675,train
32676,train
32677,train
32678,train
32679,train
3268,train
32680,train
32681,train
32682,train
32683,train
32684,train
32685,train
32686,train
32687,train
32688,train
32689,train
3269,train
32690,train
32691,train
32692,train
32693,train
32694,train
32695,train
32696,train
32697,train
32698,train
32699,train
327,train
3270,train
32700,train
32701,train
32702,train
32703,train
32704,train
32705,train
32706,train
32707,train
32708,train
32709,train
3271,train
32710,train
32711,train
32712,train
32713,train
32714,train
32715,train
32716,train
32717,train
32718,train
32719,train
3272,train
32720,train
32721,train
32722,train
32723,train
32724,train
32725,train
32726,train
32727,train
32728,train
32729,train
3273,train
32730,train
32731,train
32732,train
32733,train
32734,train
32735,train
32736,train
32737,train
32738,train
32739,train
3274,train
32740,train
32741,train
32742,train
32743,train
32744,train
32745,train
32746,train
32747,train
32748,train
32749,train
3275,train
32750,train
32751,train
32752,train
32753,train
32754,train
32755,train
32756,train
32757,train
32758,train
32759,train
3276,train
32760,train
32761,train
32762,train
32763,train
32764,train
32765,train
32766,train
32767,train
32768,train
32769,train
3277,train
32770,train
32771,train
32772,train
32773,train
32774,train
32775,train
32776,train
32777,train
32778,train
32779,train
3278,train
32780,train
32781,train
32782,train
32783,train
32784,train
32785,train
32786,train
32787,train
32788,train
32789,train
3279,train
32790,train
32791,train
32792,train
32793,train
32794,train
32795,train
32796,train
32797,train
32798,train
32799,train
328,train
3280,train
32800,train
32801,train
32802,train
32803,train
32804,train
32805,train
32806,train
32807,train
32808,train
32809,train
3281,train
32810,train
32811,train
32812,train
32813,train
32814,train
32815,train
32816,train
32817,train
32818,train
32819,train
3282,train
32820,train
32821,train
32822,train
32823,train
32824,train
32825,train
32826,train
32827,train
32828,train
32829,train
3283,train
32830,train
32831,train
32832,train
32833,train
32834,train
32835,train
32836,train
32837,train
32838,train
32839,train
3284,train
32840,train
32841,train
32842,train
32843,train
32844,train
32845,train
32846,train
32847,train
32848,train
32849,train
3285,train
32850,train
32851,train
32852,train
32853,train
32854,train
32855,train
32856,train
32857,train
32858,train
32859,train
3286,train
32860,train
32861,train
32862,train
32863,train
32864,train
32865,train
32866,train
32867,train
32868,train
32869,train
3287,train
32870,train
32871,train
32872,train
32873,train
32874,train
32875,train
32876,train
32877,train
32878,train
32879,train
3288,train
32880,train
32881,train
32882,train
32883,train
32884,train
32885,train
32886,train
32887,train
32888,train
32889,train
3289,train
32890,train
32891,train
32892,train
32893,train
32894,train
32895,train
32896,train
32897,train
32898,train
32899,train
329,train
3290,train
32900,train
32901,train
32902,train
32903,train
32904,train
32905,train
32906,train
32907,train
32908,train
32909,train
3291,train
32910,train
32911,train
32912,train
32913,train
32914,train
32915,train
32916,train
32917,train
32918,train
32919,train
3292,train
32920,train
32921,train
32922,train
32923,train
32924,train
32925,train
32926,train
32927,train
32928,train
32929,train
3293,train
32930,train
32931,train
32932,train
32933,train
32934,train
32935,train
32936,train
32937,train
32938,train
32939,train
3294,train
32940,train
32941,train
32942,train
32943,train
32944,train
32945,train
32946,train
32947,train
32948,train
32949,train
3295,train
32950,train
32951,train
32952,train
32953,train
32954,train
32955,train
32956,train
32957,train
32958,train
32959,train
3296,train
32960,train
32961,train
32962,train
32963,train
32964,train
32965,train
32966,train
32967,train
32968,train
32969,train
3297,train
32970,train
32971,train
32972,train
32973,train
32974,train
32975,train
32976,train
32977,train
32978,train
32979,train
3298,train
32980,train
32981,train
32982,train
32983,train
32984,train
32985,train
32986,train
32987,train
32988,train
32989,train
3299,train
32990,train
32991,train
32992,train
32993,train
32994,train
32995,train
32996,train
32997,train
32998,train
32999,train
33,train
330,train
3300,train
33000,train
33001,train
33002,train
33003,train
33004,train
33005,train
33006,train
33007,train
33008,train
33009,train
3301,train
33010,train
33011,train
33012,train
33013,train
33014,train
33015,train
33016,train
33017,train
33018,train
33019,train
3302,train
33020,train
33021,train
33022,train
33023,train
33024,train
33025,train
33026,train
33027,train
33028,train
33029,train
3303,train
33030,train
33031,train
33032,train
33033,train
33034,train
33035,train
33036,train
33037,train
33038,train
33039,train
3304,train
33040,train
33041,train
33042,train
33043,train
33044,train
33045,train
33046,train
33047,train
33048,train
33049,train
3305,train
33050,train
33051,train
33052,train
33053,train
33054,train
33055,train
33056,train
33057,train
33058,train
33059,train
3306,train
33060,train
33061,train
33062,train
33063,train
33064,train
33065,train
33066,train
33067,train
33068,train
33069,train
3307,train
33070,train
33071,train
33072,train
33073,train
33074,train
33075,train
33076,train
33077,train
33078,train
33079,train
3308,train
33080,train
33081,train
33082,train
33083,train
33084,train
33085,train
33086,train
33087,train
33088,train
33089,train
3309,train
33090,train
33091,train
33092,train
33093,train
33094,train
33095,train
33096,train
33097,train
33098,train
33099,train
331,train
3310,train
33100,train
33101,train
33102,train
33103,train
33104,train
33105,train
33106,train
33107,train
33108,train
33109,train
3311,train
33110,train
33111,train
33112,train
33113,train
33114,train
33115,train
33116,train
33117,train
33118,train
33119,train
3312,train
33120,train
33121,train
33122,train
33123,train
33124,train
33125,train
33126,train
33127,train
33128,train
33129,train
3313,train
33130,train
33131,train
33132,train
33133,train
33134,train
33135,train
33136,train
33137,train
33138,train
33139,train
3314,train
33140,train
33141,train
33142,train
33143,train
33144,train
33145,train
33146,train
33147,train
33148,train
33149,train
3315,train
33150,train
33151,train
33152,train
33153,train
33154,train
33155,train
33156,train
33157,train
33158,train
33159,train
3316,train
33160,train
33161,train
33162,train
33163,train
33164,train
33165,train
33166,train
33167,train
33168,train
33169,train
3317,train
33170,train
33171,train
33172,train
33173,train
33174,train
33175,train
33176,train
33177,train
33178,train
33179,train
3318,train
33180,train
33181,train
33182,train
33183,train
33184,train
33185,train
33186,train
33187,train
33188,train
33189,train
3319,train
33190,train
33191,train
33192,train
33193,train
33194,train
33195,train
33196,train
33197,train
33198,train
33199,train
332,train
3320,train
33200,train
33201,train
33202,train
33203,train
33204,train
33205,train
33206,train
33207,train
33208,train
33209,train
3321,train
33210,train
33211,train
33212,train
33213,train
33214,train
33215,train
33216,train
33217,train
33218,train
33219,train
3322,train
33220,train
33221,train
33222,train
33223,train
33224,train
33225,train
33226,train
33227,train
33228,train
33229,train
3323,train
33230,train
33231,train
33232,train
33233,train
33234,train
33235,train
33236,train
33237,train
33238,train
33239,train
3324,train
33240,train
33241,train
33242,train
33243,train
33244,train
33245,train
33246,train
33247,train
33248,train
33249,train
3325,train
33250,train
33251,train
33252,train
33253,train
33254,train
33255,train
33256,train
33257,train
33258,train
33259,train
3326,train
33260,train
33261,train
33262,train
33263,train
33264,train
33265,train
33266,train
33267,train
33268,train
33269,train
3327,train
33270,train
33271,train
33272,train
33273,train
33274,train
33275,train
33276,train
33277,train
33278,train
33279,train
3328,train
33280,train
33281,train
33282,train
33283,train
33284,train
33285,train
33286,train
33287,train
33288,train
33289,train
3329,train
33290,train
33291,train
33292,train
33293,train
33294,train
33295,train
33296,train
33297,train
33298,train
33299,train
333,train
3330,train
33300,train
33301,train
33302,train
33303,train
33304,train
33305,train
33306,train
33307,train
33308,train
33309,train
3331,train
33310,train
33311,train
33312,train
33313,train
33314,train
33315,train
33316,train
33317,train
33318,train
33319,train
3332,train
33320,train
33321,train
33322,train
33323,train
33324,train
33325,train
33326,train
33327,train
33328,train
33329,train
3333,train
33330,train
33331,train
33332,train
33333,train
33334,train
33335,train
33336,train
33337,train
33338,train
33339,train
3334,train
33340,train
33341,train
33342,train
33343,train
33344,train
33345,train
33346,train
33347,train
33348,train
33349,train
3335,train
33350,train
33351,train
33352,train
33353,train
33354,train
33355,train
33356,train
33357,train
33358,train
33359,train
3336,train
33360,train
33361,train
33362,train
33363,train
33364,train
33365,train
33366,train
33367,train
33368,train
33369,train
3337,train
33370,train
33371,train
33372,train
33373,train
33374,train
33375,train
33376,train
33377,train
33378,train
33379,train
3338,train
33380,train
33381,train
33382,train
33383,train
33384,train
33385,train
33386,train
33387,train
33388,train
33389,train
3339,train
33390,train
33391,train
33392,train
33393,train
33394,train
33395,train
33396,train
33397,train
33398,train
33399,train
334,train
3340,train
33400,train
33401,train
33402,train
33403,train
33404,train
33405,train
33406,train
33407,train
33408,train
33409,train
3341,train
33410,train
33411,train
33412,train
33413,train
33414,train
33415,train
33416,train
33417,train
33418,train
33419,train
3342,train
33420,train
33421,train
33422,train
33423,train
33424,train
33425,train
33426,train
33427,train
33428,train
33429,train
3343,train
33430,train
33431,train
33432,train
33433,train
33434,train
33435,train
33436,train
33437,train
33438,train
33439,train
3344,train
33440,train
33441,train
33442,train
33443,train
33444,train
33445,train
33446,train
33447,train
33448,train
33449,train
3345,train
33450,train
33451,train
33452,train
33453,train
33454,train
33455,train
33456,train
33457,train
33458,train
33459,train
3346,train
33460,train
33461,train
33462,train
33463,train
33464,train
33465,train
33466,train
33467,train
33468,train
33469,train
3347,train
33470,train
33471,train
33472,train
33473,train
33474,train
33475,train
33476,train
33477,train
33478,train
33479,train
3348,train
33480,train
33481,train
33482,train
33483,train
33484,train
33485,train
33486,train
33487,train
33488,train
33489,train
3349,train
33490,train
33491,train
33492,train
33493,train
33494,train
33495,train
33496,train
33497,train
33498,train
33499,train
335,train
3350,train
33500,train
33501,train
33502,train
33503,train
33504,train
33505,train
33506,train
33507,train
33508,train
33509,train
3351,train
33510,train
33511,train
33512,train
33513,train
33514,train
33515,train
33516,train
33517,train
33518,train
33519,train
3352,train
33520,train
33521,train
33522,train
33523,train
33524,train
33525,train
33526,train
33527,train
33528,train
33529,train
3353,train
33530,train
33531,train
33532,train
33533,train
33534,train
33535,train
33536,train
33537,train
33538,train
33539,train
3354,train
33540,train
33541,train
33542,train
33543,train
33544,train
33545,train
33546,train
33547,train
33548,train
33549,train
3355,train
33550,train
33551,train
33552,train
33553,train
33554,train
33555,train
33556,train
33557,train
33558,train
33559,train
3356,train
33560,train
33561,train
33562,train
33563,train
33564,train
33565,train
33566,train
33567,train
33568,train
33569,train
3357,train
33570,train
33571,train
33572,train
33573,train
33574,train
33575,train
33576,train
33577,train
33578,train
33579,train
3358,train
33580,train
33581,train
33582,train
33583,train
33584,train
33585,train
33586,train
33587,train
33588,train
33589,train
3359,train
33590,train
33591,train
33592,train
33593,train
33594,train
33595,train
33596,train
33597,train
33598,train
33599,train
336,train
3360,train
33600,train
33601,train
33602,train
33603,train
33604,train
33605,train
33606,train
33607,train
33608,train
33609,train
3361,train
33610,train
33611,train
33612,train
33613,train
33614,train
33615,train
33616,train
33617,train
33618,train
33619,train
3362,train
33620,train
33621,train
33622,train
33623,train
33624,train
33625,train
33626,train
33627,train
33628,train
33629,train
3363,train
33630,train
33631,train
33632,train
33633,train
33634,train
33635,train
33636,train
33637,train
33638,train
33639,train
3364,train
33640,train
33641,train
33642,train
33643,train
33644,train
33645,train
33646,train
33647,train
33648,train
33649,train
3365,train
33650,train
33651,train
33652,train
33653,train
33654,train
33655,train
33656,train
33657,train
33658,train
33659,train
3366,train
33660,train
33661,train
33662,train
33663,train
33664,train
33665,train
33666,train
33667,train
33668,train
33669,train
3367,train
33670,train
33671,train
33672,train
33673,train
33674,train
33675,train
33676,train
33677,train
33678,train
33679,train
3368,train
33680,train
33681,train
33682,train
33683,train
33684,train
33685,train
33686,train
33687,train
33688,train
33689,train
3369,train
33690,train
33691,train
33692,train
33693,train
33694,train
33695,train
33696,train
33697,train
33698,train
33699,train
337,train
3370,train
33700,train
33701,train
33702,train
33703,train
33704,train
33705,train
33706,train
33707,train
33708,train
33709,train
3371,train
33710,train
33711,train
33712,train
33713,train
33714,train
33715,train
33716,train
33717,train
33718,train
33719,train
3372,train
33720,train
33721,train
33722,train
33723,train
33724,train
33725,train
33726,train
33727,train
33728,train
33729,train
3373,train
33730,train
33731,train
33732,train
33733,train
33734,train
33735,train
33736,train
33737,train
33738,train
33739,train
3374,train
33740,train
33741,train
33742,train
33743,train
33744,train
33745,train
33746,train
33747,train
33748,train
33749,train
3375,train
33750,train
33751,train
33752,train
33753,train
33754,train
33755,train
33756,train
33757,train
33758,train
33759,train
3376,train
33760,train
33761,train
33762,train
33763,train
33764,train
33765,train
33766,train
33767,train
33768,train
33769,train
3377,train
33770,train
33771,train
33772,train
33773,train
33774,train
33775,train
33776,train
33777,train
33778,train
33779,train
3378,train
33780,train
33781,train
33782,train
33783,train
33784,train
33785,train
33786,train
33787,train
33788,train
33789,train
3379,train
33790,train
33791,train
33792,train
33793,train
33794,train
33795,train
33796,train
33797,train
33798,train
33799,train
338,train
3380,train
33800,train
33801,train
33802,train
33803,train
33804,train
33805,train
33806,train
33807,train
33808,train
33809,train
3381,train
33810,train
33811,train
33812,train
33813,train
33814,train
33815,train
33816,train
33817,train
33818,train
33819,train
3382,train
33820,train
33821,train
33822,train
33823,train
33824,train
33825,train
33826,train
33827,train
33828,train
33829,train
3383,train
33830,train
33831,train
33832,train
33833,train
33834,train
33835,train
33836,train
33837,train
33838,train
33839,train
3384,train
33840,train
33841,train
33842,train
33843,train
33844,train
33845,train
33846,train
33847,train
33848,train
33849,train
3385,train
33850,train
33851,train
33852,train
33853,train
33854,train
33855,train
33856,train
33857,train
33858,train
33859,train
3386,train
33860,train
33861,train
33862,train
33863,train
33864,train
33865,train
33866,train
33867,train
33868,train
33869,train
3387,train
33870,train
33871,train
33872,train
33873,train
33874,train
33875,train
33876,train
33877,train
33878,train
33879,train
3388,train
33880,train
33881,train
33882,train
33883,train
33884,train
33885,train
33886,train
33887,train
33888,train
33889,train
3389,train
33890,train
33891,train
33892,train
33893,train
33894,train
33895,train
33896,train
33897,train
33898,train
33899,train
339,train
3390,train
33900,train
33901,train
33902,train
33903,train
33904,train
33905,train
33906,train
33907,train
33908,train
33909,train
3391,train
33910,train
33911,train
33912,train
33913,train
33914,train
33915,train
33916,train
33917,train
33918,train
33919,train
3392,train
33920,train
33921,train
33922,train
33923,train
33924,train
33925,train
33926,train
33927,train
33928,train
33929,train
3393,train
33930,train
33931,train
33932,train
33933,train
33934,train
33935,train
33936,train
33937,train
33938,train
33939,train
3394,train
33940,train
33941,train
33942,train
33943,train
33944,train
33945,train
33946,train
33947,train
33948,train
33949,train
3395,train
33950,train
33951,train
33952,train
33953,train
33954,train
33955,train
33956,train
33957,train
33958,train
33959,train
3396,train
33960,train
33961,train
33962,train
33963,train
33964,train
33965,train
33966,train
33967,train
33968,train
33969,train
3397,train
33970,train
33971,train
33972,train
33973,train
33974,train
33975,train
33976,train
33977,train
33978,train
33979,train
3398,train
33980,train
33981,train
33982,train
33983,train
33984,train
33985,train
33986,train
33987,train
33988,train
33989,train
3399,train
33990,train
33991,train
33992,train
33993,train
33994,train
33995,train
33996,train
33997,train
33998,train
33999,train
34,train
340,train
3400,train
34000,train
34001,train
34002,train
34003,train
34004,train
34005,train
34006,train
34007,train
34008,train
34009,train
3401,train
34010,train
34011,train
34012,train
34013,train
34014,train
34015,train
34016,train
34017,train
34018,train
34019,train
3402,train
34020,train
34021,train
34022,train
34023,train
34024,train
34025,train
34026,train
34027,train
34028,train
34029,train
3403,train
34030,train
34031,train
34032,train
34033,train
34034,train
34035,train
34036,train
34037,train
34038,train
34039,train
3404,train
34040,train
34041,train
34042,train
34043,train
34044,train
34045,train
34046,train
34047,train
34048,train
34049,train
3405,train
34050,train
34051,train
34052,train
34053,train
34054,train
34055,train
34056,train
34057,train
34058,train
34059,train
3406,train
34060,train
34061,train
34062,train
34063,train
34064,train
34065,train
34066,train
34067,train
34068,train
34069,train
3407,train
34070,train
34071,train
34072,train
34073,train
34074,train
34075,train
34076,train
34077,train
34078,train
34079,train
3408,train
34080,train
34081,train
34082,train
34083,train
34084,train
34085,train
34086,train
34087,train
34088,train
34089,train
3409,train
34090,train
34091,train
34092,train
34093,train
34094,train
34095,train
34096,train
34097,train
34098,train
34099,train
341,train
3410,train
34100,train
34101,train
34102,train
34103,train
34104,train
34105,train
34106,train
34107,train
34108,train
34109,train
3411,train
34110,train
34111,train
34112,train
34113,train
34114,train
34115,train
34116,train
34117,train
34118,train
34119,train
3412,train
34120,train
34121,train
34122,train
34123,train
34124,train
34125,train
34126,train
34127,train
34128,train
34129,train
3413,train
34130,train
34131,train
34132,train
34133,train
34134,train
34135,train
34136,train
34137,train
34138,train
34139,train
3414,train
34140,train
34141,train
34142,train
34143,train
34144,train
34145,train
34146,train
34147,train
34148,train
34149,train
3415,train
34150,train
34151,train
34152,train
34153,train
34154,train
34155,train
34156,train
34157,train
34158,train
34159,train
3416,train
34160,train
34161,train
34162,train
34163,train
34164,train
34165,train
34166,train
34167,train
34168,train
34169,train
3417,train
34170,train
34171,train
34172,train
34173,train
34174,train
34175,train
34176,train
34177,train
34178,train
34179,train
3418,train
34180,train
34181,train
34182,train
34183,train
34184,train
34185,train
34186,train
34187,train
34188,train
34189,train
3419,train
34190,train
34191,train
34192,train
34193,train
34194,train
34195,train
34196,train
34197,train
34198,train
34199,train
342,train
3420,train
34200,train
34201,train
34202,train
34203,train
34204,train
34205,train
34206,train
34207,train
34208,train
34209,train
3421,train
34210,train
34211,train
34212,train
34213,train
34214,train
34215,train
34216,train
34217,train
34218,train
34219,train
3422,train
34220,train
34221,train
34222,train
34223,train
34224,train
34225,train
34226,train
34227,train
34228,train
34229,train
3423,train
34230,train
34231,train
34232,train
34233,train
34234,train
34235,train
34236,train
34237,train
34238,train
34239,train
3424,train
34240,train
34241,train
34242,train
34243,train
34244,train
34245,train
34246,train
34247,train
34248,train
34249,train
3425,train
34250,train
34251,train
34252,train
34253,train
34254,train
34255,train
34256,train
34257,train
34258,train
34259,train
3426,train
34260,train
34261,train
34262,train
34263,train
34264,train
34265,train
34266,train
34267,train
34268,train
34269,train
3427,train
34270,train
34271,train
34272,train
34273,train
34274,train
34275,train
34276,train
34277,train
34278,train
34279,train
3428,train
34280,train
34281,train
34282,train
34283,train
34284,train
34285,train
34286,train
34287,train
34288,train
34289,train
3429,train
34290,train
34291,train
34292,train
34293,train
34294,train
34295,train
34296,train
34297,train
34298,train
34299,train
343,train
3430,train
34300,train
34301,train
34302,train
34303,train
34304,train
34305,train
34306,train
34307,train
34308,train
34309,train
3431,train
34310,train
34311,train
34312,train
34313,train
34314,train
34315,train
34316,train
34317,train
34318,train
34319,train
3432,train
34320,train
34321,train
34322,train
34323,train
34324,train
34325,train
34326,train
34327,train
34328,train
34329,train
3433,train
34330,train
34331,train
34332,train
34333,train
34334,train
34335,train
34336,train
34337,train
34338,train
34339,train
3434,train
34340,train
34341,train
34342,train
34343,train
34344,train
34345,train
34346,train
34347,train
34348,train
34349,train
3435,train
34350,train
34351,train
34352,train
34353,train
34354,train
34355,train
34356,train
34357,train
34358,train
34359,train
3436,train
34360,train
34361,train
34362,train
34363,train
34364,train
34365,train
34366,train
34367,train
34368,train
34369,train
3437,train
34370,train
34371,train
34372,train
34373,train
34374,train
34375,train
34376,train
34377,train
34378,train
34379,train
3438,train
34380,train
34381,train
34382,train
34383,train
34384,train
34385,train
34386,train
34387,train
34388,train
34389,train
3439,train
34390,train
34391,train
34392,train
34393,train
34394,train
34395,train
34396,train
34397,train
34398,train
34399,train
344,train
3440,train
34400,train
34401,train
34402,train
34403,train
34404,train
34405,train
34406,train
34407,train
34408,train
34409,train
3441,train
34410,train
34411,train
34412,train
34413,train
34414,train
34415,train
34416,train
34417,train
34418,train
34419,train
3442,train
34420,train
34421,train
34422,train
34423,train
34424,train
34425,train
34426,train
34427,train
34428,train
34429,train
3443,train
34430,train
34431,train
34432,train
34433,train
34434,train
34435,train
34436,train
34437,train
34438,train
34439,train
3444,train
34440,train
34441,train
34442,train
34443,train
34444,train
34445,train
34446,train
34447,train
34448,train
34449,train
3445,train
34450,train
34451,train
34452,train
34453,train
34454,train
34455,train
34456,train
34457,train
34458,train
34459,train
3446,train
34460,train
34461,train
34462,train
34463,train
34464,train
34465,train
34466,train
34467,train
34468,train
34469,train
3447,train
34470,train
34471,train
34472,train
34473,train
34474,train
34475,train
34476,train
34477,train
34478,train
34479,train
3448,train
34480,train
34481,train
34482,train
34483,train
34484,train
34485,train
34486,train
34487,train
34488,train
34489,train
3449,train
34490,train
34491,train
34492,train
34493,train
34494,train
34495,train
34496,train
34497,train
34498,train
34499,train
345,train
3450,train
34500,train
34501,train
34502,train
34503,train
34504,train
34505,train
34506,train
34507,train
34508,train
34509,train
3451,train
34510,train
34511,train
34512,train
34513,train
34514,train
34515,train
34516,train
34517,train
34518,train
34519,train
3452,train
34520,train
34521,train
34522,train
34523,train
34524,train
34525,train
34526,train
34527,train
34528,train
34529,train
3453,train
34530,train
34531,train
34532,train
34533,train
34534,train
34535,train
34536,train
34537,train
34538,train
34539,train
3454,train
34540,train
34541,train
34542,train
34543,train
34544,train
34545,train
34546,train
34547,train
34548,train
34549,train
3455,train
34550,train
34551,train
34552,train
34553,train
34554,train
34555,train
34556,train
34557,train
34558,train
34559,train
3456,train
34560,train
34561,train
34562,train
34563,train
34564,train
34565,train
34566,train
34567,train
34568,train
34569,train
3457,train
34570,train
34571,train
34572,train
34573,train
34574,train
34575,train
34576,train
34577,train
34578,train
34579,train
3458,train
34580,train
34581,train
34582,train
34583,train
34584,train
34585,train
34586,train
34587,train
34588,train
34589,train
3459,train
34590,train
34591,train
34592,train
34593,train
34594,train
34595,train
34596,train
34597,train
34598,train
34599,train
346,train
3460,train
34600,train
34601,train
34602,train
34603,train
34604,train
34605,train
34606,train
34607,train
34608,train
34609,train
3461,train
34610,train
34611,train
34612,train
34613,train
34614,train
34615,train
34616,train
34617,train
34618,train
34619,train
3462,train
34620,train
34621,train
34622,train
34623,train
34624,train
34625,train
34626,train
34627,train
34628,train
34629,train
3463,train
34630,train
34631,train
34632,train
34633,train
34634,train
34635,train
34636,train
34637,train
34638,train
34639,train
3464,train
34640,train
34641,train
34642,train
34643,train
34644,train
34645,train
34646,train
34647,train
34648,train
34649,train
3465,train
34650,train
34651,train
34652,train
34653,train
34654,train
34655,train
34656,train
34657,train
34658,train
34659,train
3466,train
34660,train
34661,train
34662,train
34663,train
34664,train
34665,train
34666,train
34667,train
34668,train
34669,train
3467,train
34670,train
34671,train
34672,train
34673,train
34674,train
34675,train
34676,train
34677,train
34678,train
34679,train
3468,train
34680,train
34681,train
34682,train
34683,train
34684,train
34685,train
34686,train
34687,train
34688,train
34689,train
3469,train
34690,train
34691,train
34692,train
34693,train
34694,train
34695,train
34696,train
34697,train
34698,train
34699,train
347,train
3470,train
34700,train
34701,train
34702,train
34703,train
34704,train
34705,train
34706,train
34707,train
34708,train
34709,train
3471,train
34710,train
34711,train
34712,train
34713,train
34714,train
34715,train
34716,train
34717,train
34718,train
34719,train
3472,train
34720,train
34721,train
34722,train
34723,train
34724,train
34725,train
34726,train
34727,train
34728,train
34729,train
3473,train
34730,train
34731,train
34732,train
34733,train
34734,train
34735,train
34736,train
34737,train
34738,train
34739,train
3474,train
34740,train
34741,train
34742,train
34743,train
34744,train
34745,train
34746,train
34747,train
34748,train
34749,train
3475,train
34750,train
34751,train
34752,train
34753,train
34754,train
34755,train
34756,train
34757,train
34758,train
34759,train
3476,train
34760,train
34761,train
34762,train
34763,train
34764,train
34765,train
34766,train
34767,train
34768,train
34769,train
3477,train
34770,train
34771,train
34772,train
34773,train
34774,train
34775,train
34776,train
34777,train
34778,train
34779,train
3478,train
34780,train
34781,train
34782,train
34783,train
34784,train
34785,train
34786,train
34787,train
34788,train
34789,train
3479,train
34790,train
34791,train
34792,train
34793,train
34794,train
34795,train
34796,train
34797,train
34798,train
34799,train
348,train
3480,train
34800,train
34801,train
34802,train
34803,train
34804,train
34805,train
34806,train
34807,train
34808,train
34809,train
3481,train
34810,train
34811,train
34812,train
34813,train
34814,train
34815,train
34816,train
34817,train
34818,train
34819,train
3482,train
34820,train
34821,train
34822,train
34823,train
34824,train
34825,train
34826,train
34827,train
34828,train
34829,train
3483,train
34830,train
34831,train
34832,train
34833,train
34834,train
34835,train
34836,train
34837,train
34838,train
34839,train
3484,train
34840,train
34841,train
34842,train
34843,train
34844,train
34845,train
34846,train
34847,train
34848,train
34849,train
3485,train
34850,train
34851,train
34852,train
34853,train
34854,train
34855,train
34856,train
34857,train
34858,train
34859,train
3486,train
34860,train
34861,train
34862,train
34863,train
34864,train
34865,train
34866,train
34867,train
34868,train
34869,train
3487,train
34870,train
34871,train
34872,train
34873,train
34874,train
34875,train
34876,train
34877,train
34878,train
34879,train
3488,train
34880,train
34881,train
34882,train
34883,train
34884,train
34885,train
34886,train
34887,train
34888,train
34889,train
3489,train
34890,train
34891,train
34892,train
34893,train
34894,train
34895,train
34896,train
34897,train
34898,train
34899,train
349,train
3490,train
34900,train
34901,train
34902,train
34903,train
34904,train
34905,train
34906,train
34907,train
34908,train
34909,train
3491,train
34910,train
34911,train
34912,train
34913,train
34914,train
34915,train
34916,train
34917,train
34918,train
34919,train
3492,train
34920,train
34921,train
34922,train
34923,train
34924,train
34925,train
34926,train
34927,train
34928,train
34929,train
3493,train
34930,train
34931,train
34932,train
34933,train
34934,train
34935,train
34936,train
34937,train
34938,train
34939,train
3494,train
34940,train
34941,train
34942,train
34943,train
34944,train
34945,train
34946,train
34947,train
34948,train
34949,train
3495,train
34950,train
34951,train
34952,train
34953,train
34954,train
34955,train
34956,train
34957,train
34958,train
34959,train
3496,train
34960,train
34961,train
34962,train
34963,train
34964,train
34965,train
34966,train
34967,train
34968,train
34969,train
3497,train
34970,train
34971,train
34972,train
34973,train
34974,train
34975,train
34976,train
34977,train
34978,train
34979,train
3498,train
34980,train
34981,train
34982,train
34983,train
34984,train
34985,train
34986,train
34987,train
34988,train
34989,train
3499,train
34990,train
34991,train
34992,train
34993,train
34994,train
34995,train
34996,train
34997,train
34998,train
34999,train
35,train
350,train
3500,train
35000,train
35001,train
35002,train
35003,train
35004,train
35005,train
35006,train
35007,train
35008,train
35009,train
3501,train
35010,train
35011,train
35012,train
35013,train
35014,train
35015,train
35016,train
35017,train
35018,train
35019,train
3502,train
35020,train
35021,train
35022,train
35023,train
35024,train
35025,train
35026,train
35027,train
35028,train
35029,train
3503,train
35030,train
35031,train
35032,train
35033,train
35034,train
35035,train
35036,train
35037,train
35038,train
35039,train
3504,train
35040,train
35041,train
35042,train
35043,train
35044,train
35045,train
35046,train
35047,train
35048,train
35049,train
3505,train
35050,train
35051,train
35052,train
35053,train
35054,train
35055,train
35056,train
35057,train
35058,train
35059,train
3506,train
35060,train
35061,train
35062,train
35063,train
35064,train
35065,train
35066,train
35067,train
35068,train
35069,train
3507,train
35070,train
35071,train
35072,train
35073,train
35074,train
35075,train
35076,train
35077,train
35078,train
35079,train
3508,train
35080,train
35081,train
35082,train
35083,train
35084,train
35085,train
35086,train
35087,train
35088,train
35089,train
3509,train
35090,train
35091,train
35092,train
35093,train
35094,train
35095,train
35096,train
35097,train
35098,train
35099,train
351,train
3510,train
35100,train
35101,train
35102,train
35103,train
35104,train
35105,train
35106,train
35107,train
35108,train
35109,train
3511,train
35110,train
35111,train
35112,train
35113,train
35114,train
35115,train
35116,train
35117,train
35118,train
35119,train
3512,train
35120,train
35121,train
35122,train
35123,train
35124,train
35125,train
35126,train
35127,train
35128,train
35129,train
3513,train
35130,train
35131,train
35132,train
35133,train
35134,train
35135,train
35136,train
35137,train
35138,train
35139,train
3514,train
35140,train
35141,train
35142,train
35143,train
35144,train
35145,train
35146,train
35147,train
35148,train
35149,train
3515,train
35150,train
35151,train
35152,train
35153,train
35154,train
35155,train
35156,train
35157,train
35158,train
35159,train
3516,train
35160,train
35161,train
35162,train
35163,train
35164,train
35165,train
35166,train
35167,train
35168,train
35169,train
3517,train
35170,train
35171,train
35172,train
35173,train
35174,train
35175,train
35176,train
35177,train
35178,train
35179,train
3518,train
35180,train
35181,train
35182,train
35183,train
35184,train
35185,train
35186,train
35187,train
35188,train
35189,train
3519,train
35190,train
35191,train
35192,train
35193,train
35194,train
35195,train
35196,train
35197,train
35198,train
35199,train
352,train
3520,train
35200,train
35201,train
35202,train
35203,train
35204,train
35205,train
35206,train
35207,train
35208,train
35209,train
3521,train
35210,train
35211,train
35212,train
35213,train
35214,train
35215,train
35216,train
35217,train
35218,train
35219,train
3522,train
35220,train
35221,train
35222,train
35223,train
35224,train
35225,train
35226,train
35227,train
35228,train
35229,train
3523,train
35230,train
35231,train
35232,train
35233,train
35234,train
35235,train
35236,train
35237,train
35238,train
35239,train
3524,train
35240,train
35241,train
35242,train
35243,train
35244,train
35245,train
35246,train
35247,train
35248,train
35249,train
3525,train
35250,train
35251,train
35252,train
35253,train
35254,train
35255,train
35256,train
35257,train
35258,train
35259,train
3526,train
35260,train
35261,train
35262,train
35263,train
35264,train
35265,train
35266,train
35267,train
35268,train
35269,train
3527,train
35270,train
35271,train
35272,train
35273,train
35274,train
35275,train
35276,train
35277,train
35278,train
35279,train
3528,train
35280,train
35281,train
35282,train
35283,train
35284,train
35285,train
35286,train
35287,train
35288,train
35289,train
3529,train
35290,train
35291,train
35292,train
35293,train
35294,train
35295,train
35296,train
35297,train
35298,train
35299,train
353,train
3530,train
35300,train
35301,train
35302,train
35303,train
35304,train
35305,train
35306,train
35307,train
35308,train
35309,train
3531,train
35310,train
35311,train
35312,train
35313,train
35314,train
35315,train
35316,train
35317,train
35318,train
35319,train
3532,train
35320,train
35321,train
35322,train
35323,train
35324,train
35325,train
35326,train
35327,train
35328,train
35329,train
3533,train
35330,train
35331,train
35332,train
35333,train
35334,train
35335,train
35336,train
35337,train
35338,train
35339,train
3534,train
35340,train
35341,train
35342,train
35343,train
35344,train
35345,train
35346,train
35347,train
35348,train
35349,train
3535,train
35350,train
35351,train
35352,train
35353,train
35354,train
35355,train
35356,train
35357,train
35358,train
35359,train
3536,train
35360,train
35361,train
35362,train
35363,train
35364,train
35365,train
35366,train
35367,train
35368,train
35369,train
3537,train
35370,train
35371,train
35372,train
35373,train
35374,train
35375,train
35376,train
35377,train
35378,train
35379,train
3538,train
35380,train
35381,train
35382,train
35383,train
35384,train
35385,train
35386,train
35387,train
35388,train
35389,train
3539,train
35390,train
35391,train
35392,train
35393,train
35394,train
35395,train
35396,train
35397,train
35398,train
35399,train
354,train
3540,train
35400,train
35401,train
35402,train
35403,train
35404,train
35405,train
35406,train
35407,train
35408,train
35409,train
3541,train
35410,train
35411,train
35412,train
35413,train
35414,train
35415,train
35416,train
35417,train
35418,train
35419,train
3542,train
35420,train
35421,train
35422,train
35423,train
35424,train
35425,train
35426,train
35427,train
35428,train
35429,train
3543,train
35430,train
35431,train
35432,train
35433,train
35434,train
35435,train
35436,train
35437,train
35438,train
35439,train
3544,train
35440,train
35441,train
35442,train
35443,train
35444,train
35445,train
35446,train
35447,train
35448,train
35449,train
3545,train
35450,train
35451,train
35452,train
35453,train
35454,train
35455,train
35456,train
35457,train
35458,train
35459,train
3546,train
35460,train
35461,train
35462,train
35463,train
35464,train
35465,train
35466,train
35467,train
35468,train
35469,train
3547,train
35470,train
35471,train
35472,train
35473,train
35474,train
35475,train
35476,train
35477,train
35478,train
35479,train
3548,train
35480,train
35481,train
35482,train
35483,train
35484,train
35485,train
35486,train
35487,train
35488,train
35489,train
3549,train
35490,train
35491,train
35492,train
35493,train
35494,train
35495,train
35496,train
35497,train
35498,train
35499,train
355,train
3550,train
35500,train
35501,train
35502,train
35503,train
35504,train
35505,train
35506,train
35507,train
35508,train
35509,train
3551,train
35510,train
35511,train
35512,train
35513,train
35514,train
35515,train
35516,train
35517,train
35518,train
35519,train
3552,train
35520,train
35521,train
35522,train
35523,train
35524,train
35525,train
35526,train
35527,train
35528,train
35529,train
3553,train
35530,train
35531,train
35532,train
35533,train
35534,train
35535,train
35536,train
35537,train
35538,train
35539,train
3554,train
35540,train
35541,train
35542,train
35543,train
35544,train
35545,train
35546,train
35547,train
35548,train
35549,train
3555,train
35550,train
35551,train
35552,train
35553,train
35554,train
35555,train
35556,train
35557,train
35558,train
35559,train
3556,train
35560,train
35561,train
35562,train
35563,train
35564,train
35565,train
35566,train
35567,train
35568,train
35569,train
3557,train
35570,train
35571,train
35572,train
35573,train
35574,train
35575,train
35576,train
35577,train
35578,train
35579,train
3558,train
35580,train
35581,train
35582,train
35583,train
35584,train
35585,train
35586,train
35587,train
35588,train
35589,train
3559,train
35590,train
35591,train
35592,train
35593,train
35594,train
35595,train
35596,train
35597,train
35598,train
35599,train
356,train
3560,train
35600,train
35601,train
35602,train
35603,train
35604,train
35605,train
35606,train
35607,train
35608,train
35609,train
3561,train
35610,train
35611,train
35612,train
35613,train
35614,train
35615,train
35616,train
35617,train
35618,train
35619,train
3562,train
35620,train
35621,train
35622,train
35623,train
35624,train
35625,train
35626,train
35627,train
35628,train
35629,train
3563,train
35630,train
35631,train
35632,train
35633,train
35634,train
35635,train
35636,train
35637,train
35638,train
35639,train
3564,train
35640,train
35641,train
35642,train
35643,train
35644,train
35645,train
35646,train
35647,train
35648,train
35649,train
3565,train
35650,train
35651,train
35652,train
35653,train
35654,train
35655,train
35656,train
35657,train
35658,train
35659,train
3566,train
35660,train
35661,train
35662,train
35663,train
35664,train
35665,train
35666,train
35667,train
35668,train
35669,train
3567,train
35670,train
35671,train
35672,train
35673,train
35674,train
35675,train
35676,train
35677,train
35678,train
35679,train
3568,train
35680,train
35681,train
35682,train
35683,train
35684,train
35685,train
35686,train
35687,train
35688,train
35689,train
3569,train
35690,train
35691,train
35692,train
35693,train
35694,train
35695,train
35696,train
35697,train
35698,train
35699,train
357,train
3570,train
35700,train
35701,train
35702,train
35703,train
35704,train
35705,train
35706,train
35707,train
35708,train
35709,train
3571,train
35710,train
35711,train
35712,train
35713,train
35714,train
35715,train
35716,train
35717,train
35718,train
35719,train
3572,train
35720,train
35721,train
35722,train
35723,train
35724,train
35725,train
35726,train
35727,train
35728,train
35729,train
3573,train
35730,train
35731,train
35732,train
35733,train
35734,train
35735,train
35736,train
35737,train
35738,train
35739,train
3574,train
35740,train
35741,train
35742,train
35743,train
35744,train
35745,train
35746,train
35747,train
35748,train
35749,train
3575,train
35750,train
35751,train
35752,train
35753,train
35754,train
35755,train
35756,train
35757,train
35758,train
35759,train
3576,train
35760,train
35761,train
35762,train
35763,train
35764,train
35765,train
35766,train
35767,train
35768,train
35769,train
3577,train
35770,train
35771,train
35772,train
35773,train
35774,train
35775,train
35776,train
35777,train
35778,train
35779,train
3578,train
35780,train
35781,train
35782,train
35783,train
35784,train
35785,train
35786,train
35787,train
35788,train
35789,train
3579,train
35790,train
35791,train
35792,train
35793,train
35794,train
35795,train
35796,train
35797,train
35798,train
35799,train
358,train
3580,train
35800,train
35801,train
35802,train
35803,train
35804,train
35805,train
35806,train
35807,train
35808,train
35809,train
3581,train
35810,train
35811,train
35812,train
35813,train
35814,train
35815,train
35816,train
35817,train
35818,train
35819,train
3582,train
35820,train
35821,train
35822,train
35823,train
35824,train
35825,train
35826,train
35827,train
35828,train
35829,train
3583,train
35830,train
35831,train
35832,train
35833,train
35834,train
35835,train
35836,train
35837,train
35838,train
35839,train
3584,train
35840,train
35841,train
35842,train
35843,train
35844,train
35845,train
35846,train
35847,train
35848,train
35849,train
3585,train
35850,train
35851,train
35852,train
35853,train
35854,train
35855,train
35856,train
35857,train
35858,train
35859,train
3586,train
35860,train
35861,train
35862,train
35863,train
35864,train
35865,train
35866,train
35867,train
35868,train
35869,train
3587,train
35870,train
35871,train
35872,train
35873,train
35874,train
35875,train
35876,train
35877,train
35878,train
35879,train
3588,train
35880,train
35881,train
35882,train
35883,train
35884,train
35885,train
35886,train
35887,train
35888,train
35889,train
3589,train
35890,train
35891,train
35892,train
35893,train
35894,train
35895,train
35896,train
35897,train
35898,train
35899,train
359,train
3590,train
35900,train
35901,train
35902,train
35903,train
35904,train
35905,train
35906,train
35907,train
35908,train
35909,train
3591,train
35910,train
35911,train
35912,train
35913,train
35914,train
35915,train
35916,train
35917,train
35918,train
35919,train
3592,train
35920,train
35921,train
35922,train
35923,train
35924,train
35925,train
35926,train
35927,train
35928,train
35929,train
3593,train
35930,train
35931,train
35932,train
35933,train
35934,train
35935,train
35936,train
35937,train
35938,train
35939,train
3594,train
35940,train
35941,train
35942,train
35943,train
35944,train
35945,train
35946,train
35947,train
35948,train
35949,train
3595,train
35950,train
35951,train
35952,train
35953,train
35954,train
35955,train
35956,train
35957,train
35958,train
35959,train
3596,train
35960,train
35961,train
35962,train
35963,train
35964,train
35965,train
35966,train
35967,train
35968,train
35969,train
3597,train
35970,train
35971,train
35972,train
35973,train
35974,train
35975,train
35976,train
35977,train
35978,train
35979,train
3598,train
35980,train
35981,train
35982,train
35983,train
35984,train
35985,train
35986,train
35987,train
35988,train
35989,train
3599,train
35990,train
35991,train
35992,train
35993,train
35994,train
35995,train
35996,train
35997,train
35998,train
35999,train
36,train
360,train
3600,train
36000,train
36001,train
36002,train
36003,train
36004,train
36005,train
36006,train
36007,train
36008,train
36009,train
3601,train
36010,train
36011,train
36012,train
36013,train
36014,train
36015,train
36016,train
36017,train
36018,train
36019,train
3602,train
36020,train
36021,train
36022,train
36023,train
36024,train
36025,train
36026,train
36027,train
36028,train
36029,train
3603,train
36030,train
36031,train
36032,train
36033,train
36034,train
36035,train
36036,train
36037,train
36038,train
36039,train
3604,train
36040,train
36041,train
36042,train
36043,train
36044,train
36045,train
36046,train
36047,train
36048,train
36049,train
3605,train
36050,train
36051,train
36052,train
36053,train
36054,train
36055,train
36056,train
36057,train
36058,train
36059,train
3606,train
36060,train
36061,train
36062,train
36063,train
36064,train
36065,train
36066,train
36067,train
36068,train
36069,train
3607,train
36070,train
36071,train
36072,train
36073,train
36074,train
36075,train
36076,train
36077,train
36078,train
36079,train
3608,train
36080,train
36081,train
36082,train
36083,train
36084,train
36085,train
36086,train
36087,train
36088,train
36089,train
3609,train
36090,train
36091,train
36092,train
36093,train
36094,train
36095,train
36096,train
36097,train
36098,train
36099,train
361,train
3610,train
36100,train
36101,train
36102,train
36103,train
36104,train
36105,train
36106,train
36107,train
36108,train
36109,train
3611,train
36110,train
36111,train
36112,train
36113,train
36114,train
36115,train
36116,train
36117,train
36118,train
36119,train
3612,train
36120,train
36121,train
36122,train
36123,train
36124,train
36125,train
36126,train
36127,train
36128,train
36129,train
3613,train
36130,train
36131,train
36132,train
36133,train
36134,train
36135,train
36136,train
36137,train
36138,train
36139,train
3614,train
36140,train
36141,train
36142,train
36143,train
36144,train
36145,train
36146,train
36147,train
36148,train
36149,train
3615,train
36150,train
36151,train
36152,train
36153,train
36154,train
36155,train
36156,train
36157,train
36158,train
36159,train
3616,train
36160,train
36161,train
36162,train
36163,train
36164,train
36165,train
36166,train
36167,train
36168,train
36169,train
3617,train
36170,train
36171,train
36172,train
36173,train
36174,train
36175,train
36176,train
36177,train
36178,train
36179,train
3618,train
36180,train
36181,train
36182,train
36183,train
36184,train
36185,train
36186,train
36187,train
36188,train
36189,train
3619,train
36190,train
36191,train
36192,train
36193,train
36194,train
36195,train
36196,train
36197,train
36198,train
36199,train
362,train
3620,train
36200,train
36201,train
36202,train
36203,train
36204,train
36205,train
36206,train
36207,train
36208,train
36209,train
3621,train
36210,train
36211,train
36212,train
36213,train
36214,train
36215,train
36216,train
36217,train
36218,train
36219,train
3622,train
36220,train
36221,train
36222,train
36223,train
36224,train
36225,train
36226,train
36227,train
36228,train
36229,train
3623,train
36230,train
36231,train
36232,train
36233,train
36234,train
36235,train
36236,train
36237,train
36238,train
36239,train
3624,train
36240,train
36241,train
36242,train
36243,train
36244,train
36245,train
36246,train
36247,train
36248,train
36249,train
3625,train
36250,train
36251,train
36252,train
36253,train
36254,train
36255,train
36256,train
36257,train
36258,train
36259,train
3626,train
36260,train
36261,train
36262,train
36263,train
36264,train
36265,train
36266,train
36267,train
36268,train
36269,train
3627,train
36270,train
36271,train
36272,train
36273,train
36274,train
36275,train
36276,train
36277,train
36278,train
36279,train
3628,train
36280,train
36281,train
36282,train
36283,train
36284,train
36285,train
36286,train
36287,train
36288,train
36289,train
3629,train
36290,train
36291,train
36292,train
36293,train
36294,train
36295,train
36296,train
36297,train
36298,train
36299,train
363,train
3630,train
36300,train
36301,train
36302,train
36303,train
36304,train
36305,train
36306,train
36307,train
36308,train
36309,train
3631,train
36310,train
36311,train
36312,train
36313,train
36314,train
36315,train
36316,train
36317,train
36318,train
36319,train
3632,train
36320,train
36321,train
36322,train
36323,train
36324,train
36325,train
36326,train
36327,train
36328,train
36329,train
3633,train
36330,train
36331,train
36332,train
36333,train
36334,train
36335,train
36336,train
36337,train
36338,train
36339,train
3634,train
36340,train
36341,train
36342,train
36343,train
36344,train
36345,train
36346,train
36347,train
36348,train
36349,train
3635,train
36350,train
36351,train
36352,train
36353,train
36354,train
36355,train
36356,train
36357,train
36358,train
36359,train
3636,train
36360,train
36361,train
36362,train
36363,train
36364,train
36365,train
36366,train
36367,train
36368,train
36369,train
3637,train
36370,train
36371,train
36372,train
36373,train
36374,train
36375,train
36376,train
36377,train
36378,train
36379,train
3638,train
36380,train
36381,train
36382,train
36383,train
36384,train
36385,train
36386,train
36387,train
36388,train
36389,train
3639,train
36390,train
36391,train
36392,train
36393,train
36394,train
36395,train
36396,train
36397,train
36398,train
36399,train
364,train
3640,train
36400,train
36401,train
36402,train
36403,train
36404,train
36405,train
36406,train
36407,train
36408,train
36409,train
3641,train
36410,train
36411,train
36412,train
36413,train
36414,train
36415,train
36416,train
36417,train
36418,train
36419,train
3642,train
36420,train
36421,train
36422,train
36423,train
36424,train
36425,train
36426,train
36427,train
36428,train
36429,train
3643,train
36430,train
36431,train
36432,train
36433,train
36434,train
36435,train
36436,train
36437,train
36438,train
36439,train
3644,train
36440,train
36441,train
36442,train
36443,train
36444,train
36445,train
36446,train
36447,train
36448,train
36449,train
3645,train
36450,train
36451,train
36452,train
36453,train
36454,train
36455,train
36456,train
36457,train
36458,train
36459,train
3646,train
36460,train
36461,train
36462,train
36463,train
36464,train
36465,train
36466,train
36467,train
36468,train
36469,train
3647,train
36470,train
36471,train
36472,train
36473,train
36474,train
36475,train
36476,train
36477,train
36478,train
36479,train
3648,train
36480,train
36481,train
36482,train
36483,train
36484,train
36485,train
36486,train
36487,train
36488,train
36489,train
3649,train
36490,train
36491,train
36492,train
36493,train
36494,train
36495,train
36496,train
36497,train
36498,train
36499,train
365,train
3650,train
36500,train
36501,train
36502,train
36503,train
36504,train
36505,train
36506,train
36507,train
36508,train
36509,train
3651,train
36510,train
36511,train
36512,train
36513,train
36514,train
36515,train
36516,train
36517,train
36518,train
36519,train
3652,train
36520,train
36521,train
36522,train
36523,train
36524,train
36525,train
36526,train
36527,train
36528,train
36529,train
3653,train
36530,train
36531,train
36532,train
36533,train
36534,train
36535,train
36536,train
36537,train
36538,train
36539,train
3654,train
36540,train
36541,train
36542,train
36543,train
36544,train
36545,train
36546,train
36547,train
36548,train
36549,train
3655,train
36550,train
36551,train
36552,train
36553,train
36554,train
36555,train
36556,train
36557,train
36558,train
36559,train
3656,train
36560,train
36561,train
36562,train
36563,train
36564,train
36565,train
36566,train
36567,train
36568,train
36569,train
3657,train
36570,train
36571,train
36572,train
36573,train
36574,train
36575,train
36576,train
36577,train
36578,train
36579,train
3658,train
36580,train
36581,train
36582,train
36583,train
36584,train
36585,train
36586,train
36587,train
36588,train
36589,train
3659,train
36590,train
36591,train
36592,train
36593,train
36594,train
36595,train
36596,train
36597,train
36598,train
36599,train
366,train
3660,train
36600,train
36601,train
36602,train
36603,train
36604,train
36605,train
36606,train
36607,train
36608,train
36609,train
3661,train
36610,train
36611,train
36612,train
36613,train
36614,train
36615,train
36616,train
36617,train
36618,train
36619,train
3662,train
36620,train
36621,train
36622,train
36623,train
36624,train
36625,train
36626,train
36627,train
36628,train
36629,train
3663,train
36630,train
36631,train
36632,train
36633,train
36634,train
36635,train
36636,train
36637,train
36638,train
36639,train
3664,train
36640,train
36641,train
36642,train
36643,train
36644,train
36645,train
36646,train
36647,train
36648,train
36649,train
3665,train
36650,train
36651,train
36652,train
36653,train
36654,train
36655,train
36656,train
36657,train
36658,train
36659,train
3666,train
36660,train
36661,train
36662,train
36663,train
36664,train
36665,train
36666,train
36667,train
36668,train
36669,train
3667,train
36670,train
36671,train
36672,train
36673,train
36674,train
36675,train
36676,train
36677,train
36678,train
36679,train
3668,train
36680,train
36681,train
36682,train
36683,train
36684,train
36685,train
36686,train
36687,train
36688,train
36689,train
3669,train
36690,train
36691,train
36692,train
36693,train
36694,train
36695,train
36696,train
36697,train
36698,train
36699,train
367,train
3670,train
36700,train
36701,train
36702,train
36703,train
36704,train
36705,train
36706,train
36707,train
36708,train
36709,train
3671,train
36710,train
36711,train
36712,train
36713,train
36714,train
36715,train
36716,train
36717,train
36718,train
36719,train
3672,train
36720,train
36721,train
36722,train
36723,train
36724,train
36725,train
36726,train
36727,train
36728,train
36729,train
3673,train
36730,train
36731,train
36732,train
36733,train
36734,train
36735,train
36736,train
36737,train
36738,train
36739,train
3674,train
36740,train
36741,train
36742,train
36743,train
36744,train
36745,train
36746,train
36747,train
36748,train
36749,train
3675,train
36750,train
36751,train
36752,train
36753,train
36754,train
36755,train
36756,train
36757,train
36758,train
36759,train
3676,train
36760,train
36761,train
36762,train
36763,train
36764,train
36765,train
36766,train
36767,train
36768,train
36769,train
3677,train
36770,train
36771,train
36772,train
36773,train
36774,train
36775,train
36776,train
36777,train
36778,train
36779,train
3678,train
36780,train
36781,train
36782,train
36783,train
36784,train
36785,train
36786,train
36787,train
36788,train
36789,train
3679,train
36790,train
36791,train
36792,train
36793,train
36794,train
36795,train
36796,train
36797,train
36798,train
36799,train
368,train
3680,train
36800,train
36801,train
36802,train
36803,train
36804,train
36805,train
36806,train
36807,train
36808,train
36809,train
3681,train
36810,train
36811,train
36812,train
36813,train
36814,train
36815,train
36816,train
36817,train
36818,train
36819,train
3682,train
36820,train
36821,train
36822,train
36823,train
36824,train
36825,train
36826,train
36827,train
36828,train
36829,train
3683,train
36830,train
36831,train
36832,train
36833,train
36834,train
36835,train
36836,train
36837,train
36838,train
36839,train
3684,train
36840,train
36841,train
36842,train
36843,train
36844,train
36845,train
36846,train
36847,train
36848,train
36849,train
3685,train
36850,train
36851,train
36852,train
36853,train
36854,train
36855,train
36856,train
36857,train
36858,train
36859,train
3686,train
36860,train
36861,train
36862,train
36863,train
36864,train
36865,train
36866,train
36867,train
36868,train
36869,train
3687,train
36870,train
36871,train
36872,train
36873,train
36874,train
36875,train
36876,train
36877,train
36878,train
36879,train
3688,train
36880,train
36881,train
36882,train
36883,train
36884,train
36885,train
36886,train
36887,train
36888,train
36889,train
3689,train
36890,train
36891,train
36892,train
36893,train
36894,train
36895,train
36896,train
36897,train
36898,train
36899,train
369,train
3690,train
36900,train
36901,train
36902,train
36903,train
36904,train
36905,train
36906,train
36907,train
36908,train
36909,train
3691,train
36910,train
36911,train
36912,train
36913,train
36914,train
36915,train
36916,train
36917,train
36918,train
36919,train
3692,train
36920,train
36921,train
36922,train
36923,train
36924,train
36925,train
36926,train
36927,train
36928,train
36929,train
3693,train
36930,train
36931,train
36932,train
36933,train
36934,train
36935,train
36936,train
36937,train
36938,train
36939,train
3694,train
36940,train
36941,train
36942,train
36943,train
36944,train
36945,train
36946,train
36947,train
36948,train
36949,train
3695,train
36950,train
36951,train
36952,train
36953,train
36954,train
36955,train
36956,train
36957,train
36958,train
36959,train
3696,train
36960,train
36961,train
36962,train
36963,train
36964,train
36965,train
36966,train
36967,train
36968,train
36969,train
3697,train
36970,train
36971,train
36972,train
36973,train
36974,train
36975,train
36976,train
36977,train
36978,train
36979,train
3698,train
36980,train
36981,train
36982,train
36983,train
36984,train
36985,train
36986,train
36987,train
36988,train
36989,train
3699,train
36990,train
36991,train
36992,train
36993,train
36994,train
36995,train
36996,train
36997,train
36998,train
36999,train
37,train
370,train
3700,train
37000,train
37001,train
37002,train
37003,train
37004,train
37005,train
37006,train
37007,train
37008,train
37009,train
3701,train
37010,train
37011,train
37012,train
37013,train
37014,train
37015,train
37016,train
37017,train
37018,train
37019,train
3702,train
37020,train
37021,train
37022,train
37023,train
37024,train
37025,train
37026,train
37027,train
37028,train
37029,train
3703,train
37030,train
37031,train
37032,train
37033,train
37034,train
37035,train
37036,train
37037,train
37038,train
37039,train
3704,train
37040,train
37041,train
37042,train
37043,train
37044,train
37045,train
37046,train
37047,train
37048,train
37049,train
3705,train
37050,train
37051,train
37052,train
37053,train
37054,train
37055,train
37056,train
37057,train
37058,train
37059,train
3706,train
37060,train
37061,train
37062,train
37063,train
37064,train
37065,train
37066,train
37067,train
37068,train
37069,train
3707,train
37070,train
37071,train
37072,train
37073,train
37074,train
37075,train
37076,train
37077,train
37078,train
37079,train
3708,train
37080,train
37081,train
37082,train
37083,train
37084,train
37085,train
37086,train
37087,train
37088,train
37089,train
3709,train
37090,train
37091,train
37092,train
37093,train
37094,train
37095,train
37096,train
37097,train
37098,train
37099,train
371,train
3710,train
37100,train
37101,train
37102,train
37103,train
37104,train
37105,train
37106,train
37107,train
37108,train
37109,train
3711,train
37110,train
37111,train
37112,train
37113,train
37114,train
37115,train
37116,train
37117,train
37118,train
37119,train
3712,train
37120,train
37121,train
37122,train
37123,train
37124,train
37125,train
37126,train
37127,train
37128,train
37129,train
3713,train
37130,train
37131,train
37132,train
37133,train
37134,train
37135,train
37136,train
37137,train
37138,train
37139,train
3714,train
37140,train
37141,train
37142,train
37143,train
37144,train
37145,train
37146,train
37147,train
37148,train
37149,train
3715,train
37150,train
37151,train
37152,train
37153,train
37154,train
37155,train
37156,train
37157,train
37158,train
37159,train
3716,train
37160,train
37161,train
37162,train
37163,train
37164,train
37165,train
37166,train
37167,train
37168,train
37169,train
3717,train
37170,train
37171,train
37172,train
37173,train
37174,train
37175,train
37176,train
37177,train
37178,train
37179,train
3718,train
37180,train
37181,train
37182,train
37183,train
37184,train
37185,train
37186,train
37187,train
37188,train
37189,train
3719,train
37190,train
37191,train
37192,train
37193,train
37194,train
37195,train
37196,train
37197,train
37198,train
37199,train
372,train
3720,train
37200,train
37201,train
37202,train
37203,train
37204,train
37205,train
37206,train
37207,train
37208,train
37209,train
3721,train
37210,train
37211,train
37212,train
37213,train
37214,train
37215,train
37216,train
37217,train
37218,train
37219,train
3722,train
37220,train
37221,train
37222,train
37223,train
37224,train
37225,train
37226,train
37227,train
37228,train
37229,train
3723,train
37230,train
37231,train
37232,train
37233,train
37234,train
37235,train
37236,train
37237,train
37238,train
37239,train
3724,train
37240,train
37241,train
37242,train
37243,train
37244,train
37245,train
37246,train
37247,train
37248,train
37249,train
3725,train
37250,train
37251,train
37252,train
37253,train
37254,train
37255,train
37256,train
37257,train
37258,train
37259,train
3726,train
37260,train
37261,train
37262,train
37263,train
37264,train
37265,train
37266,train
37267,train
37268,train
37269,train
3727,train
37270,train
37271,train
37272,train
37273,train
37274,train
37275,train
37276,train
37277,train
37278,train
37279,train
3728,train
37280,train
37281,train
37282,train
37283,train
37284,train
37285,train
37286,train
37287,train
37288,train
37289,train
3729,train
37290,train
37291,train
37292,train
37293,train
37294,train
37295,train
37296,train
37297,train
37298,train
37299,train
373,train
3730,train
37300,train
37301,train
37302,train
37303,train
37304,train
37305,train
37306,train
37307,train
37308,train
37309,train
3731,train
37310,train
37311,train
37312,train
37313,train
37314,train
37315,train
37316,train
37317,train
37318,train
37319,train
3732,train
37320,train
37321,train
37322,train
37323,train
37324,train
37325,train
37326,train
37327,train
37328,train
37329,train
3733,train
37330,train
37331,train
37332,train
37333,train
37334,train
37335,train
37336,train
37337,train
37338,train
37339,train
3734,train
37340,train
37341,train
37342,train
37343,train
37344,train
37345,train
37346,train
37347,train
37348,train
37349,train
3735,train
37350,train
37351,train
37352,train
37353,train
37354,train
37355,train
37356,train
37357,train
37358,train
37359,train
3736,train
37360,train
37361,train
37362,train
37363,train
37364,train
37365,train
37366,train
37367,train
37368,train
37369,train
3737,train
37370,train
37371,train
37372,train
37373,train
37374,train
37375,train
37376,train
37377,train
37378,train
37379,train
3738,train
37380,train
37381,train
37382,train
37383,train
37384,train
37385,train
37386,train
37387,train
37388,train
37389,train
3739,train
37390,train
37391,train
37392,train
37393,train
37394,train
37395,train
37396,train
37397,train
37398,train
37399,train
374,train
3740,train
37400,train
37401,train
37402,train
37403,train
37404,train
37405,train
37406,train
37407,train
37408,train
37409,train
3741,train
37410,train
37411,train
37412,train
37413,train
37414,train
37415,train
37416,train
37417,train
37418,train
37419,train
3742,train
37420,train
37421,train
37422,train
37423,train
37424,train
37425,train
37426,train
37427,train
37428,train
37429,train
3743,train
37430,train
37431,train
37432,train
37433,train
37434,train
37435,train
37436,train
37437,train
37438,train
37439,train
3744,train
37440,train
37441,train
37442,train
37443,train
37444,train
37445,train
37446,train
37447,train
37448,train
37449,train
3745,train
37450,train
37451,train
37452,train
37453,train
37454,train
37455,train
37456,train
37457,train
37458,train
37459,train
3746,train
37460,train
37461,train
37462,train
37463,train
37464,train
37465,train
37466,train
37467,train
37468,train
37469,train
3747,train
37470,train
37471,train
37472,train
37473,train
37474,train
37475,train
37476,train
37477,train
37478,train
37479,train
3748,train
37480,train
37481,train
37482,train
37483,train
37484,train
37485,train
37486,train
37487,train
37488,train
37489,train
3749,train
37490,train
37491,train
37492,train
37493,train
37494,train
37495,train
37496,train
37497,train
37498,train
37499,train
375,train
3750,train
37500,train
37501,train
37502,train
37503,train
37504,train
37505,train
37506,train
37507,train
37508,train
37509,train
3751,train
37510,train
37511,train
37512,train
37513,train
37514,train
37515,train
37516,train
37517,train
37518,train
37519,train
3752,train
37520,train
37521,train
37522,train
37523,train
37524,train
37525,train
37526,train
37527,train
37528,train
37529,train
3753,train
37530,train
37531,train
37532,train
37533,train
37534,train
37535,train
37536,train
37537,train
37538,train
37539,train
3754,train
37540,train
37541,train
37542,train
37543,train
37544,train
37545,train
37546,train
37547,train
37548,train
37549,train
3755,train
37550,train
37551,train
37552,train
37553,train
37554,train
37555,train
37556,train
37557,train
37558,train
37559,train
3756,train
37560,train
37561,train
37562,train
37563,train
37564,train
37565,train
37566,train
37567,train
37568,train
37569,train
3757,train
37570,train
37571,train
37572,train
37573,train
37574,train
37575,train
37576,train
37577,train
37578,train
37579,train
3758,train
37580,train
37581,train
37582,train
37583,train
37584,train
37585,train
37586,train
37587,train
37588,train
37589,train
3759,train
37590,train
37591,train
37592,train
37593,train
37594,train
37595,train
37596,train
37597,train
37598,train
37599,train
376,train
3760,train
37600,train
37601,train
37602,train
37603,train
37604,train
37605,train
37606,train
37607,train
37608,train
37609,train
3761,train
37610,train
37611,train
37612,train
37613,train
37614,train
37615,train
37616,train
37617,train
37618,train
37619,train
3762,train
37620,train
37621,train
37622,train
37623,train
37624,train
37625,train
37626,train
37627,train
37628,train
37629,train
3763,train
37630,train
37631,train
37632,train
37633,train
37634,train
37635,train
37636,train
37637,train
37638,train
37639,train
3764,train
37640,train
37641,train
37642,train
37643,train
37644,train
37645,train
37646,train
37647,train
37648,train
37649,train
3765,train
37650,train
37651,train
37652,train
37653,train
37654,train
37655,train
37656,train
37657,train
37658,train
37659,train
3766,train
37660,train
37661,train
37662,train
37663,train
37664,train
37665,train
37666,train
37667,train
37668,train
37669,train
3767,train
37670,train
37671,train
37672,train
37673,train
37674,train
37675,train
37676,train
37677,train
37678,train
37679,train
3768,train
37680,train
37681,train
37682,train
37683,train
37684,train
37685,train
37686,train
37687,train
37688,train
37689,train
3769,train
37690,train
37691,train
37692,train
37693,train
37694,train
37695,train
37696,train
37697,train
37698,train
37699,train
377,train
3770,train
37700,train
37701,train
37702,train
37703,train
37704,train
37705,train
37706,train
37707,train
37708,train
37709,train
3771,train
37710,train
37711,train
37712,train
37713,train
37714,train
37715,train
37716,train
37717,train
37718,train
37719,train
3772,train
37720,train
37721,train
37722,train
37723,train
37724,train
37725,train
37726,train
37727,train
37728,train
37729,train
3773,train
37730,train
37731,train
37732,train
37733,train
37734,train
37735,train
37736,train
37737,train
37738,train
37739,train
3774,train
37740,train
37741,train
37742,train
37743,train
37744,train
37745,train
37746,train
37747,train
37748,train
37749,train
3775,train
37750,train
37751,train
37752,train
37753,train
37754,train
37755,train
37756,train
37757,train
37758,train
37759,train
3776,train
37760,train
37761,train
37762,train
37763,train
37764,train
37765,train
37766,train
37767,train
37768,train
37769,train
3777,train
37770,train
37771,train
37772,train
37773,train
37774,train
37775,train
37776,train
37777,train
37778,train
37779,train
3778,train
37780,train
37781,train
37782,train
37783,train
37784,train
37785,train
37786,train
37787,train
37788,train
37789,train
3779,train
37790,train
37791,train
37792,train
37793,train
37794,train
37795,train
37796,train
37797,train
37798,train
37799,train
378,train
3780,train
37800,train
37801,train
37802,train
37803,train
37804,train
37805,train
37806,train
37807,train
37808,train
37809,train
3781,train
37810,train
37811,train
37812,train
37813,train
37814,train
37815,train
37816,train
37817,train
37818,train
37819,train
3782,train
37820,train
37821,train
37822,train
37823,train
37824,train
37825,train
37826,train
37827,train
37828,train
37829,train
3783,train
37830,train
37831,train
37832,train
37833,train
37834,train
37835,train
37836,train
37837,train
37838,train
37839,train
3784,train
37840,train
37841,train
37842,train
37843,train
37844,train
37845,train
37846,train
37847,train
37848,train
37849,train
3785,train
37850,train
37851,train
37852,train
37853,train
37854,train
37855,train
37856,train
37857,train
37858,train
37859,train
3786,train
37860,train
37861,train
37862,train
37863,train
37864,train
37865,train
37866,train
37867,train
37868,train
37869,train
3787,train
37870,train
37871,train
37872,train
37873,train
37874,train
37875,train
37876,train
37877,train
37878,train
37879,train
3788,train
37880,train
37881,train
37882,train
37883,train
37884,train
37885,train
37886,train
37887,train
37888,train
37889,train
3789,train
37890,train
37891,train
37892,train
37893,train
37894,train
37895,train
37896,train
37897,train
37898,train
37899,train
379,train
3790,train
37900,train
37901,train
37902,train
37903,train
37904,train
37905,train
37906,train
37907,train
37908,train
37909,train
3791,train
37910,train
37911,train
37912,train
37913,train
37914,train
37915,train
37916,train
37917,train
37918,train
37919,train
3792,train
37920,train
37921,train
37922,train
37923,train
37924,train
37925,train
37926,train
37927,train
37928,train
37929,train
3793,train
37930,train
37931,train
37932,train
37933,train
37934,train
37935,train
37936,train
37937,train
37938,train
37939,train
3794,train
37940,train
37941,train
37942,train
37943,train
37944,train
37945,train
37946,train
37947,train
37948,train
37949,train
3795,train
37950,train
37951,train
37952,train
37953,train
37954,train
37955,train
37956,train
37957,train
37958,train
37959,train
3796,train
37960,train
37961,train
37962,train
37963,train
37964,train
37965,train
37966,train
37967,train
37968,train
37969,train
3797,train
37970,train
37971,train
37972,train
37973,train
37974,train
37975,train
37976,train
37977,train
37978,train
37979,train
3798,train
37980,train
37981,train
37982,train
37983,train
37984,train
37985,train
37986,train
37987,train
37988,train
37989,train
3799,train
37990,train
37991,train
37992,train
37993,train
37994,train
37995,train
37996,train
37997,train
37998,train
37999,train
38,train
380,train
3800,train
38000,train
38001,train
38002,train
38003,train
38004,train
38005,train
38006,train
38007,train
38008,train
38009,train
3801,train
38010,train
38011,train
38012,train
38013,train
38014,train
38015,train
38016,train
38017,train
38018,train
38019,train
3802,train
38020,train
38021,train
38022,train
38023,train
38024,train
38025,train
38026,train
38027,train
38028,train
38029,train
3803,train
38030,train
38031,train
38032,train
38033,train
38034,train
38035,train
38036,train
38037,train
38038,train
38039,train
3804,train
38040,train
38041,train
38042,train
38043,train
38044,train
38045,train
38046,train
38047,train
38048,train
38049,train
3805,train
38050,train
38051,train
38052,train
38053,train
38054,train
38055,train
38056,train
38057,train
38058,train
38059,train
3806,train
38060,train
38061,train
38062,train
38063,train
38064,train
38065,train
38066,train
38067,train
38068,train
38069,train
3807,train
38070,train
38071,train
38072,train
38073,train
38074,train
38075,train
38076,train
38077,train
38078,train
38079,train
3808,train
38080,train
38081,train
38082,train
38083,train
38084,train
38085,train
38086,train
38087,train
38088,train
38089,train
3809,train
38090,train
38091,train
38092,train
38093,train
38094,train
38095,train
38096,train
38097,train
38098,train
38099,train
381,train
3810,train
38100,train
38101,train
38102,train
38103,train
38104,train
38105,train
38106,train
38107,train
38108,train
38109,train
3811,train
38110,train
38111,train
38112,train
38113,train
38114,train
38115,train
38116,train
38117,train
38118,train
38119,train
3812,train
38120,train
38121,train
38122,train
38123,train
38124,train
38125,train
38126,train
38127,train
38128,train
38129,train
3813,train
38130,train
38131,train
38132,train
38133,train
38134,train
38135,train
38136,train
38137,train
38138,train
38139,train
3814,train
38140,train
38141,train
38142,train
38143,train
38144,train
38145,train
38146,train
38147,train
38148,train
38149,train
3815,train
38150,train
38151,train
38152,train
38153,train
38154,train
38155,train
38156,train
38157,train
38158,train
38159,train
3816,train
38160,train
38161,train
38162,train
38163,train
38164,train
38165,train
38166,train
38167,train
38168,train
38169,train
3817,train
38170,train
38171,train
38172,train
38173,train
38174,train
38175,train
38176,train
38177,train
38178,train
38179,train
3818,train
38180,train
38181,train
38182,train
38183,train
38184,train
38185,train
38186,train
38187,train
38188,train
38189,train
3819,train
38190,train
38191,train
38192,train
38193,train
38194,train
38195,train
38196,train
38197,train
38198,train
38199,train
382,train
3820,train
38200,train
38201,train
38202,train
38203,train
38204,train
38205,train
38206,train
38207,train
38208,train
38209,train
3821,train
38210,train
38211,train
38212,train
38213,train
38214,train
38215,train
38216,train
38217,train
38218,train
38219,train
3822,train
38220,train
38221,train
38222,train
38223,train
38224,train
38225,train
38226,train
38227,train
38228,train
38229,train
3823,train
38230,train
38231,train
38232,train
38233,train
38234,train
38235,train
38236,train
38237,train
38238,train
38239,train
3824,train
38240,train
38241,train
38242,train
38243,train
38244,train
38245,train
38246,train
38247,train
38248,train
38249,train
3825,train
38250,train
38251,train
38252,train
38253,train
38254,train
38255,train
38256,train
38257,train
38258,train
38259,train
3826,train
38260,train
38261,train
38262,train
38263,train
38264,train
38265,train
38266,train
38267,train
38268,train
38269,train
3827,train
38270,train
38271,train
38272,train
38273,train
38274,train
38275,train
38276,train
38277,train
38278,train
38279,train
3828,train
38280,train
38281,train
38282,train
38283,train
38284,train
38285,train
38286,train
38287,train
38288,train
38289,train
3829,train
38290,train
38291,train
38292,train
38293,train
38294,train
38295,train
38296,train
38297,train
38298,train
38299,train
383,train
3830,train
38300,train
38301,train
38302,train
38303,train
38304,train
38305,train
38306,train
38307,train
38308,train
38309,train
3831,train
38310,train
38311,train
38312,train
38313,train
38314,train
38315,train
38316,train
38317,train
38318,train
38319,train
3832,train
38320,train
38321,train
38322,train
38323,train
38324,train
38325,train
38326,train
38327,train
38328,train
38329,train
3833,train
38330,train
38331,train
38332,train
38333,train
38334,train
38335,train
38336,train
38337,train
38338,train
38339,train
3834,train
38340,train
38341,train
38342,train
38343,train
38344,train
38345,train
38346,train
38347,train
38348,train
38349,train
3835,train
38350,train
38351,train
38352,train
38353,train
38354,train
38355,train
38356,train
38357,train
38358,train
38359,train
3836,train
38360,train
38361,train
38362,train
38363,train
38364,train
38365,train
38366,train
38367,train
38368,train
38369,train
3837,train
38370,train
38371,train
38372,train
38373,train
38374,train
38375,train
38376,train
38377,train
38378,train
38379,train
3838,train
38380,train
38381,train
38382,train
38383,train
38384,train
38385,train
38386,train
38387,train
38388,train
38389,train
3839,train
38390,train
38391,train
38392,train
38393,train
38394,train
38395,train
38396,train
38397,train
38398,train
38399,train
384,train
3840,train
38400,train
38401,train
38402,train
38403,train
38404,train
38405,train
38406,train
38407,train
38408,train
38409,train
3841,train
38410,train
38411,train
38412,train
38413,train
38414,train
38415,train
38416,train
38417,train
38418,train
38419,train
3842,train
38420,train
38421,train
38422,train
38423,train
38424,train
38425,train
38426,train
38427,train
38428,train
38429,train
3843,train
38430,train
38431,train
38432,train
38433,train
38434,train
38435,train
38436,train
38437,train
38438,train
38439,train
3844,train
38440,train
38441,train
38442,train
38443,train
38444,train
38445,train
38446,train
38447,train
38448,train
38449,train
3845,train
38450,train
38451,train
38452,train
38453,train
38454,train
38455,train
38456,train
38457,train
38458,train
38459,train
3846,train
38460,train
38461,train
38462,train
38463,train
38464,train
38465,train
38466,train
38467,train
38468,train
38469,train
3847,train
38470,train
38471,train
38472,train
38473,train
38474,train
38475,train
38476,train
38477,train
38478,train
38479,train
3848,train
38480,train
38481,train
38482,train
38483,train
38484,train
38485,train
38486,train
38487,train
38488,train
38489,train
3849,train
38490,train
38491,train
38492,train
38493,train
38494,train
38495,train
38496,train
38497,train
38498,train
38499,train
385,train
3850,train
38500,train
38501,train
38502,train
38503,train
38504,train
38505,train
38506,train
38507,train
38508,train
38509,train
3851,train
38510,train
38511,train
38512,train
38513,train
38514,train
38515,train
38516,train
38517,train
38518,train
38519,train
3852,train
38520,train
38521,train
38522,train
38523,train
38524,train
38525,train
38526,train
38527,train
38528,train
38529,train
3853,train
38530,train
38531,train
38532,train
38533,train
38534,train
38535,train
38536,train
38537,train
38538,train
38539,train
3854,train
38540,train
38541,train
38542,train
38543,train
38544,train
38545,train
38546,train
38547,train
38548,train
38549,train
3855,train
38550,train
38551,train
38552,train
38553,train
38554,train
38555,train
38556,train
38557,train
38558,train
38559,train
3856,train
38560,train
38561,train
38562,train
38563,train
38564,train
38565,train
38566,train
38567,train
38568,train
38569,train
3857,train
38570,train
38571,train
38572,train
38573,train
38574,train
38575,train
38576,train
38577,train
38578,train
38579,train
3858,train
38580,train
38581,train
38582,train
38583,train
38584,train
38585,train
38586,train
38587,train
38588,train
38589,train
3859,train
38590,train
38591,train
38592,train
38593,train
38594,train
38595,train
38596,train
38597,train
38598,train
38599,train
386,train
3860,train
38600,train
38601,train
38602,train
38603,train
38604,train
38605,train
38606,train
38607,train
38608,train
38609,train
3861,train
38610,train
38611,train
38612,train
38613,train
38614,train
38615,train
38616,train
38617,train
38618,train
38619,train
3862,train
38620,train
38621,train
38622,train
38623,train
38624,train
38625,train
38626,train
38627,train
38628,train
38629,train
3863,train
38630,train
38631,train
38632,train
38633,train
38634,train
38635,train
38636,train
38637,train
38638,train
38639,train
3864,train
38640,train
38641,train
38642,train
38643,train
38644,train
38645,train
38646,train
38647,train
38648,train
38649,train
3865,train
38650,train
38651,train
38652,train
38653,train
38654,train
38655,train
38656,train
38657,train
38658,train
38659,train
3866,train
38660,train
38661,train
38662,train
38663,train
38664,train
38665,train
38666,train
38667,train
38668,train
38669,train
3867,train
38670,train
38671,train
38672,train
38673,train
38674,train
38675,train
38676,train
38677,train
38678,train
38679,train
3868,train
38680,train
38681,train
38682,train
38683,train
38684,train
38685,train
38686,train
38687,train
38688,train
38689,train
3869,train
38690,train
38691,train
38692,train
38693,train
38694,train
38695,train
38696,train
38697,train
38698,train
38699,train
387,train
3870,train
38700,train
38701,train
38702,train
38703,train
38704,train
38705,train
38706,train
38707,train
38708,train
38709,train
3871,train
38710,train
38711,train
38712,train
38713,train
38714,train
38715,train
38716,train
38717,train
38718,train
38719,train
3872,train
38720,train
38721,train
38722,train
38723,train
38724,train
38725,train
38726,train
38727,train
38728,train
38729,train
3873,train
38730,train
38731,train
38732,train
38733,train
38734,train
38735,train
38736,train
38737,train
38738,train
38739,train
3874,train
38740,train
38741,train
38742,train
38743,train
38744,train
38745,train
38746,train
38747,train
38748,train
38749,train
3875,train
38750,train
38751,train
38752,train
38753,train
38754,train
38755,train
38756,train
38757,train
38758,train
38759,train
3876,train
38760,train
38761,train
38762,train
38763,train
38764,train
38765,train
38766,train
38767,train
38768,train
38769,train
3877,train
38770,train
38771,train
38772,train
38773,train
38774,train
38775,train
38776,train
38777,train
38778,train
38779,train
3878,train
38780,train
38781,train
38782,train
38783,train
38784,train
38785,train
38786,train
38787,train
38788,train
38789,train
3879,train
38790,train
38791,train
38792,train
38793,train
38794,train
38795,train
38796,train
38797,train
38798,train
38799,train
388,train
3880,train
38800,train
38801,train
38802,train
38803,train
38804,train
38805,train
38806,train
38807,train
38808,train
38809,train
3881,train
38810,train
38811,train
38812,train
38813,train
38814,train
38815,train
38816,train
38817,train
38818,train
38819,train
3882,train
38820,train
38821,train
38822,train
38823,train
38824,train
38825,train
38826,train
38827,train
38828,train
38829,train
3883,train
38830,train
38831,train
38832,train
38833,train
38834,train
38835,train
38836,train
38837,train
38838,train
38839,train
3884,train
38840,train
38841,train
38842,train
38843,train
38844,train
38845,train
38846,train
38847,train
38848,train
38849,train
3885,train
38850,train
38851,train
38852,train
38853,train
38854,train
38855,train
38856,train
38857,train
38858,train
38859,train
3886,train
38860,train
38861,train
38862,train
38863,train
38864,train
38865,train
38866,train
38867,train
38868,train
38869,train
3887,train
38870,train
38871,train
38872,train
38873,train
38874,train
38875,train
38876,train
38877,train
38878,train
38879,train
3888,train
38880,train
38881,train
38882,train
38883,train
38884,train
38885,train
38886,train
38887,train
38888,train
38889,train
3889,train
38890,train
38891,train
38892,train
38893,train
38894,train
38895,train
38896,train
38897,train
38898,train
38899,train
389,train
3890,train
38900,train
38901,train
38902,train
38903,train
38904,train
38905,train
38906,train
38907,train
38908,train
38909,train
3891,train
38910,train
38911,train
38912,train
38913,train
38914,train
38915,train
38916,train
38917,train
38918,train
38919,train
3892,train
38920,train
38921,train
38922,train
38923,train
38924,train
38925,train
38926,train
38927,train
38928,train
38929,train
3893,train
38930,train
38931,train
38932,train
38933,train
38934,train
38935,train
38936,train
38937,train
38938,train
38939,train
3894,train
38940,train
38941,train
38942,train
38943,train
38944,train
38945,train
38946,train
38947,train
38948,train
38949,train
3895,train
38950,train
38951,train
38952,train
38953,train
38954,train
38955,train
38956,train
38957,train
38958,train
38959,train
3896,train
38960,train
38961,train
38962,train
38963,train
38964,train
38965,train
38966,train
38967,train
38968,train
38969,train
3897,train
38970,train
38971,train
38972,train
38973,train
38974,train
38975,train
38976,train
38977,train
38978,train
38979,train
3898,train
38980,train
38981,train
38982,train
38983,train
38984,train
38985,train
38986,train
38987,train
38988,train
38989,train
3899,train
38990,train
38991,train
38992,train
38993,train
38994,train
38995,train
38996,train
38997,train
38998,train
38999,train
39,train
390,train
3900,train
39000,train
39001,train
39002,train
39003,train
39004,train
39005,train
39006,train
39007,train
39008,train
39009,train
3901,train
39010,train
39011,train
39012,train
39013,train
39014,train
39015,train
39016,train
39017,train
39018,train
39019,train
3902,train
39020,train
39021,train
39022,train
39023,train
39024,train
39025,train
39026,train
39027,train
39028,train
39029,train
3903,train
39030,train
39031,train
39032,train
39033,train
39034,train
39035,train
39036,train
39037,train
39038,train
39039,train
3904,train
39040,train
39041,train
39042,train
39043,train
39044,train
39045,train
39046,train
39047,train
39048,train
39049,train
3905,train
39050,train
39051,train
39052,train
39053,train
39054,train
39055,train
39056,train
39057,train
39058,train
39059,train
3906,train
39060,train
39061,train
39062,train
39063,train
39064,train
39065,train
39066,train
39067,train
39068,train
39069,train
3907,train
39070,train
39071,train
39072,train
39073,train
39074,train
39075,train
39076,train
39077,train
39078,train
39079,train
3908,train
39080,train
39081,train
39082,train
39083,train
39084,train
39085,train
39086,train
39087,train
39088,train
39089,train
3909,train
39090,train
39091,train
39092,train
39093,train
39094,train
39095,train
39096,train
39097,train
39098,train
39099,train
391,train
3910,train
39100,train
39101,train
39102,train
39103,train
39104,train
39105,train
39106,train
39107,train
39108,train
39109,train
3911,train
39110,train
39111,train
39112,train
39113,train
39114,train
39115,train
39116,train
39117,train
39118,train
39119,train
3912,train
39120,train
39121,train
39122,train
39123,train
39124,train
39125,train
39126,train
39127,train
39128,train
39129,train
3913,train
39130,train
39131,train
39132,train
39133,train
39134,train
39135,train
39136,train
39137,train
39138,train
39139,train
3914,train
39140,train
39141,train
39142,train
39143,train
39144,train
39145,train
39146,train
39147,train
39148,train
39149,train
3915,train
39150,train
39151,train
39152,train
39153,train
39154,train
39155,train
39156,train
39157,train
39158,train
39159,train
3916,train
39160,train
39161,train
39162,train
39163,train
39164,train
39165,train
39166,train
39167,train
39168,train
39169,train
3917,train
39170,train
39171,train
39172,train
39173,train
39174,train
39175,train
39176,train
39177,train
39178,train
39179,train
3918,train
39180,train
39181,train
39182,train
39183,train
39184,train
39185,train
39186,train
39187,train
39188,train
39189,train
3919,train
39190,train
39191,train
39192,train
39193,train
39194,train
39195,train
39196,train
39197,train
39198,train
39199,train
392,train
3920,train
39200,train
39201,train
39202,train
39203,train
39204,train
39205,train
39206,train
39207,train
39208,train
39209,train
3921,train
39210,train
39211,train
39212,train
39213,train
39214,train
39215,train
39216,train
39217,train
39218,train
39219,train
3922,train
39220,train
39221,train
39222,train
39223,train
39224,train
39225,train
39226,train
39227,train
39228,train
39229,train
3923,train
39230,train
39231,train
39232,train
39233,train
39234,train
39235,train
39236,train
39237,train
39238,train
39239,train
3924,train
39240,train
39241,train
39242,train
39243,train
39244,train
39245,train
39246,train
39247,train
39248,train
39249,train
3925,train
39250,train
39251,train
39252,train
39253,train
39254,train
39255,train
39256,train
39257,train
39258,train
39259,train
3926,train
39260,train
39261,train
39262,train
39263,train
39264,train
39265,train
39266,train
39267,train
39268,train
39269,train
3927,train
39270,train
39271,train
39272,train
39273,train
39274,train
39275,train
39276,train
39277,train
39278,train
39279,train
3928,train
39280,train
39281,train
39282,train
39283,train
39284,train
39285,train
39286,train
39287,train
39288,train
39289,train
3929,train
39290,train
39291,train
39292,train
39293,train
39294,train
39295,train
39296,train
39297,train
39298,train
39299,train
393,train
3930,train
39300,train
39301,train
39302,train
39303,train
39304,train
39305,train
39306,train
39307,train
39308,train
39309,train
3931,train
39310,train
39311,train
39312,train
39313,train
39314,train
39315,train
39316,train
39317,train
39318,train
39319,train
3932,train
39320,train
39321,train
39322,train
39323,train
39324,train
39325,train
39326,train
39327,train
39328,train
39329,train
3933,train
39330,train
39331,train
39332,train
39333,train
39334,train
39335,train
39336,train
39337,train
39338,train
39339,train
3934,train
39340,train
39341,train
39342,train
39343,train
39344,train
39345,train
39346,train
39347,train
39348,train
39349,train
3935,train
39350,train
39351,train
39352,train
39353,train
39354,train
39355,train
39356,train
39357,train
39358,train
39359,train
3936,train
39360,train
39361,train
39362,train
39363,train
39364,train
39365,train
39366,train
39367,train
39368,train
39369,train
3937,train
39370,train
39371,train
39372,train
39373,train
39374,train
39375,train
39376,train
39377,train
39378,train
39379,train
3938,train
39380,train
39381,train
39382,train
39383,train
39384,train
39385,train
39386,train
39387,train
39388,train
39389,train
3939,train
39390,train
39391,train
39392,train
39393,train
39394,train
39395,train
39396,train
39397,train
39398,train
39399,train
394,train
3940,train
39400,train
39401,train
39402,train
39403,train
39404,train
39405,train
39406,train
39407,train
39408,train
39409,train
3941,train
39410,train
39411,train
39412,train
39413,train
39414,train
39415,train
39416,train
39417,train
39418,train
39419,train
3942,train
39420,train
39421,train
39422,train
39423,train
39424,train
39425,train
39426,train
39427,train
39428,train
39429,train
3943,train
39430,train
39431,train
39432,train
39433,train
39434,train
39435,train
39436,train
39437,train
39438,train
39439,train
3944,train
39440,train
39441,train
39442,train
39443,train
39444,train
39445,train
39446,train
39447,train
39448,train
39449,train
3945,train
39450,train
39451,train
39452,train
39453,train
39454,train
39455,train
39456,train
39457,train
39458,train
39459,train
3946,train
39460,train
39461,train
39462,train
39463,train
39464,train
39465,train
39466,train
39467,train
39468,train
39469,train
3947,train
39470,train
39471,train
39472,train
39473,train
39474,train
39475,train
39476,train
39477,train
39478,train
39479,train
3948,train
39480,train
39481,train
39482,train
39483,train
39484,train
39485,train
39486,train
39487,train
39488,train
39489,train
3949,train
39490,train
39491,train
39492,train
39493,train
39494,train
39495,train
39496,train
39497,train
39498,train
39499,train
395,train
3950,train
39500,train
39501,train
39502,train
39503,train
39504,train
39505,train
39506,train
39507,train
39508,train
39509,train
3951,train
39510,train
39511,train
39512,train
39513,train
39514,train
39515,train
39516,train
39517,train
39518,train
39519,train
3952,train
39520,train
39521,train
39522,train
39523,train
39524,train
39525,train
39526,train
39527,train
39528,train
39529,train
3953,train
39530,train
39531,train
39532,train
39533,train
39534,train
39535,train
39536,train
39537,train
39538,train
39539,train
3954,train
39540,train
39541,train
39542,train
39543,train
39544,train
39545,train
39546,train
39547,train
39548,train
39549,train
3955,train
39550,train
39551,train
39552,train
39553,train
39554,train
39555,train
39556,train
39557,train
39558,train
39559,train
3956,train
39560,train
39561,train
39562,train
39563,train
39564,train
39565,train
39566,train
39567,train
39568,train
39569,train
3957,train
39570,train
39571,train
39572,train
39573,train
39574,train
39575,train
39576,train
39577,train
39578,train
39579,train
3958,train
39580,train
39581,train
39582,train
39583,train
39584,train
39585,train
39586,train
39587,train
39588,train
39589,train
3959,train
39590,train
39591,train
39592,train
39593,train
39594,train
39595,train
39596,train
39597,train
39598,train
39599,train
396,train
3960,train
39600,train
39601,train
39602,train
39603,train
39604,train
39605,train
39606,train
39607,train
39608,train
39609,train
3961,train
39610,train
39611,train
39612,train
39613,train
39614,train
39615,train
39616,train
39617,train
39618,train
39619,train
3962,train
39620,train
39621,train
39622,train
39623,train
39624,train
39625,train
39626,train
39627,train
39628,train
39629,train
3963,train
39630,train
39631,train
39632,train
39633,train
39634,train
39635,train
39636,train
39637,train
39638,train
39639,train
3964,train
39640,train
39641,train
39642,train
39643,train
39644,train
39645,train
39646,train
39647,train
39648,train
39649,train
3965,train
39650,train
39651,train
39652,train
39653,train
39654,train
39655,train
39656,train
39657,train
39658,train
39659,train
3966,train
39660,train
39661,train
39662,train
39663,train
39664,train
39665,train
39666,train
39667,train
39668,train
39669,train
3967,train
39670,train
39671,train
39672,train
39673,train
39676,train
39679,train
3968,train
39682,train
39685,train
39688,train
3969,train
39691,train
39694,train
39697,train
397,train
3970,train
39700,train
39703,train
39706,train
39709,train
3971,train
39712,train
39715,train
39718,train
3972,train
39721,train
39724,train
39727,train
3973,train
39730,train
39733,train
39736,train
39739,train
3974,train
39742,train
39745,train
39748,train
3975,train
39751,train
39754,train
39757,train
3976,train
39760,train
39763,train
39766,train
39769,train
3977,train
39772,train
39775,train
39778,train
3978,train
39781,train
39784,train
39787,train
3979,train
39790,train
39793,train
39796,train
39799,train
398,train
3980,train
39802,train
39805,train
39808,train
3981,train
39811,train
39814,train
39817,train
3982,train
39820,train
39823,train
39826,train
39829,train
3983,train
39832,train
39835,train
39838,train
3984,train
39841,train
39844,train
39847,train
3985,train
39850,train
39853,train
39856,train
39859,train
3986,train
39862,train
39865,train
39868,train
3987,train
39871,train
39874,train
39877,train
3988,train
39880,train
39883,train
39886,train
39889,train
3989,train
39892,train
39895,train
39898,train
399,train
3990,train
39901,train
39904,train
39907,train
3991,train
39910,train
39913,train
39916,train
39919,train
3992,train
39922,train
39925,train
39928,train
3993,train
39931,train
39934,train
39937,train
3994,train
39940,train
39943,train
39946,train
39949,train
3995,train
39952,train
39955,train
39958,train
3996,train
39961,train
39964,train
39967,train
3997,train
39970,train
39973,train
39976,train
39979,train
3998,train
39982,train
39985,train
39988,train
3999,train
39991,train
39994,train
39997,train
4,train
40,train
400,train
4000,train
40000,train
40003,train
40006,train
40009,train
4001,train
40012,train
40015,train
40018,train
4002,train
40021,train
40024,train
40027,train
4003,train
40030,train
40033,train
40036,train
40039,train
4004,train
40042,train
40045,train
40048,train
4005,train
40051,train
40054,train
40057,train
4006,train
40060,train
40063,train
40066,train
40069,train
4007,train
40072,train
40075,train
40078,train
4008,train
40081,train
40084,train
40087,train
4009,train
40090,train
40093,train
40096,train
40099,train
401,train
4010,train
40102,train
40105,train
40108,train
4011,train
40111,train
40114,train
40117,train
4012,train
40120,train
40123,train
40126,train
40129,train
4013,train
40132,train
40135,train
40138,train
4014,train
40141,train
40144,train
40147,train
4015,train
40150,train
40153,train
40156,train
40159,train
4016,train
40162,train
40165,train
40168,train
4017,train
40171,train
40174,train
40177,train
4018,train
40180,train
40183,train
40186,train
40189,train
4019,train
40192,train
40195,train
40198,train
402,train
4020,train
40201,train
40204,train
40207,train
4021,train
40210,train
40213,train
40216,train
40219,train
4022,train
40222,train
40225,train
40228,train
4023,train
40231,train
40234,train
40237,train
4024,train
40240,train
40243,train
40246,train
40249,train
4025,train
40252,train
40255,train
40258,train
4026,train
40261,train
40264,train
40267,train
4027,train
40270,train
40273,train
40276,train
40279,train
4028,train
40282,train
40285,train
40288,train
4029,train
40291,train
40294,train
40297,train
403,train
4030,train
40300,train
40303,train
40306,train
40309,train
4031,train
40312,train
40315,train
40318,train
4032,train
40321,train
40324,train
40327,train
4033,train
40330,train
40333,train
40336,train
40339,train
4034,train
40342,train
40345,train
40348,train
4035,train
40351,train
40354,train
40357,train
4036,train
40360,train
40363,train
40366,train
40369,train
4037,train
40372,train
40375,train
40378,train
4038,train
40381,train
40384,train
40387,train
4039,train
40390,train
40393,train
40396,train
40399,train
404,train
4040,train
40402,train
40405,train
40408,train
4041,train
40411,train
40414,train
40417,train
4042,train
40420,train
40423,train
40426,train
40429,train
4043,train
40432,train
40435,train
40438,train
4044,train
40441,train
40444,train
40447,train
4045,train
40450,train
40453,train
40456,train
40459,train
4046,train
40462,train
40465,train
40468,train
4047,train
40471,train
40474,train
40477,train
4048,train
40480,train
40483,train
40486,train
40489,train
4049,train
40492,train
40495,train
40498,train
405,train
4050,train
40501,train
40504,train
40507,train
4051,train
40510,train
40513,train
40516,train
40519,train
4052,train
40522,train
40525,train
40528,train
4053,train
40531,train
40534,train
40537,train
4054,train
40540,train
40543,train
40546,train
40549,train
4055,train
40552,train
40555,train
40558,train
4056,train
40561,train
40564,train
40567,train
4057,train
40570,train
40573,train
40576,train
40579,train
4058,train
40582,train
40585,train
40588,train
4059,train
40591,train
40594,train
40597,train
406,train
4060,train
40600,train
40603,train
40606,train
40609,train
4061,train
40612,train
40615,train
40618,train
4062,train
40621,train
40624,train
40627,train
4063,train
40630,train
40633,train
40636,train
40639,train
4064,train
40642,train
40645,train
40648,train
4065,train
40651,train
40654,train
40657,train
4066,train
40660,train
40663,train
40666,train
40669,train
4067,train
40672,train
40675,train
40678,train
4068,train
40681,train
40684,train
40687,train
4069,train
40690,train
40693,train
40696,train
40699,train
407,train
4070,train
40702,train
40705,train
40708,train
4071,train
40711,train
40714,train
40717,train
4072,train
40720,train
40723,train
40726,train
40729,train
4073,train
40732,train
40735,train
40738,train
4074,train
40741,train
40744,train
40747,train
4075,train
40750,train
40753,train
40756,train
40759,train
4076,train
40762,train
40765,train
40768,train
4077,train
40771,train
40774,train
40777,train
4078,train
40780,train
40783,train
40786,train
40789,train
4079,train
40792,train
40795,train
40798,train
408,train
4080,train
40801,train
40804,train
40807,train
4081,train
40810,train
40813,train
40816,train
40819,train
4082,train
40822,train
40825,train
40828,train
4083,train
40831,train
40834,train
40837,train
4084,train
40840,train
40843,train
40846,train
40849,train
4085,train
40852,train
40855,train
40858,train
4086,train
40861,train
40864,train
40867,train
4087,train
40870,train
40873,train
40876,train
40879,train
4088,train
40882,train
40885,train
40888,train
4089,train
40891,train
40894,train
40897,train
409,train
4090,train
40900,train
40903,train
40906,train
40909,train
4091,train
40912,train
40915,train
40918,train
4092,train
40921,train
40924,train
40927,train
4093,train
40930,train
40933,train
40936,train
40939,train
4094,train
40942,train
40945,train
40948,train
4095,train
40951,train
40954,train
40957,train
4096,train
40960,train
40963,train
40966,train
40969,train
4097,train
40972,train
40975,train
40978,train
4098,train
40981,train
40984,train
40987,train
4099,train
40990,train
40993,train
40996,train
40999,train
41,train
410,train
4100,train
41002,train
41005,train
41008,train
4101,train
41011,train
41014,train
41017,train
4102,train
41020,train
41023,train
41026,train
41029,train
4103,train
41032,train
41035,train
41038,train
4104,train
41041,train
41044,train
41047,train
4105,train
41050,train
41053,train
41056,train
41059,train
4106,train
41062,train
41065,train
41068,train
4107,train
41071,train
41074,train
41077,train
4108,train
41080,train
41083,train
41086,train
41089,train
4109,train
41092,train
41095,train
41098,train
411,train
4110,train
41101,train
41104,train
41107,train
4111,train
41110,train
41113,train
41116,train
41119,train
4112,train
41122,train
41125,train
41128,train
4113,train
41131,train
41134,train
41137,train
4114,train
41140,train
41143,train
41146,train
41149,train
4115,train
41152,train
41155,train
41158,train
4116,train
41161,train
41164,train
41167,train
4117,train
41170,train
41173,train
41176,train
41179,train
4118,train
41182,train
41185,train
41188,train
4119,train
41191,train
41194,train
41197,train
412,train
4120,train
41200,train
41203,train
41206,train
41209,train
4121,train
41212,train
41215,train
41218,train
4122,train
41221,train
41224,train
41227,train
4123,train
41230,train
41233,train
41236,train
41239,train
4124,train
41242,train
41245,train
41248,train
4125,train
41251,train
41254,train
41257,train
4126,train
41260,train
41263,train
41266,train
41269,train
4127,train
41272,train
41275,train
41278,train
4128,train
41281,train
41284,train
41287,train
4129,train
41290,train
41293,train
41296,train
41299,train
413,train
4130,train
41302,train
41305,train
41308,train
4131,train
41311,train
41314,train
41317,train
4132,train
41320,train
41323,train
41326,train
41329,train
4133,train
41332,train
41335,train
41338,train
4134,train
41341,train
41344,train
41347,train
4135,train
41350,train
41353,train
41356,train
41359,train
4136,train
41362,train
41365,train
41368,train
4137,train
41371,train
41374,train
41377,train
4138,train
41380,train
41383,train
41386,train
41389,train
4139,train
41392,train
41395,train
41398,train
414,train
4140,train
41401,train
41404,train
41407,train
4141,train
41410,train
41413,train
41416,train
41419,train
4142,train
41422,train
41425,train
41428,train
4143,train
41431,train
41434,train
41437,train
4144,train
41440,train
41443,train
41446,train
41449,train
4145,train
41452,train
41455,train
41458,train
4146,train
41461,train
41464,train
41467,train
4147,train
41470,train
41473,train
41476,train
41479,train
4148,train
41482,train
41485,train
41488,train
4149,train
41491,train
41494,train
41497,train
415,train
4150,train
41500,train
41503,train
41506,train
41509,train
4151,train
41512,train
41515,train
41518,train
4152,train
41521,train
41524,train
41527,train
4153,train
41530,train
41533,train
41536,train
41539,train
4154,train
41542,train
41545,train
41548,train
4155,train
41551,train
41554,train
41557,train
4156,train
41560,train
41563,train
41566,train
41569,train
4157,train
41572,train
41575,train
41578,train
4158,train
41581,train
41584,train
41587,train
4159,train
41590,train
41593,train
41596,train
41599,train
416,train
4160,train
41602,train
41605,train
41608,train
4161,train
41611,train
41614,train
41617,train
4162,train
41620,train
41623,train
41626,train
41629,train
4163,train
41632,train
41635,train
41638,train
4164,train
41641,train
41644,train
41647,train
4165,train
41650,train
41653,train
41656,train
41659,train
4166,train
41662,train
41665,train
41668,train
4167,train
41671,train
41674,train
41677,train
4168,train
41680,train
41683,train
41686,train
41689,train
4169,train
41692,train
41695,train
41698,train
417,train
4170,train
41701,train
41704,train
41707,train
4171,train
41710,train
41713,train
41716,train
41719,train
4172,train
41722,train
41725,train
41728,train
4173,train
41731,train
41734,train
41737,train
4174,train
41740,train
41743,train
41746,train
41749,train
4175,train
41752,train
41755,train
41758,train
4176,train
41761,train
41764,train
41767,train
4177,train
41770,train
41773,train
41776,train
41779,train
4178,train
41782,train
41785,train
41788,train
4179,train
41791,train
41794,train
41797,train
418,train
4180,train
41800,train
41803,train
41806,train
41809,train
4181,train
41812,train
41815,train
41818,train
4182,train
41821,train
41824,train
41827,train
4183,train
41830,train
41833,train
41836,train
41839,train
4184,train
41842,train
41845,train
41848,train
4185,train
41851,train
41854,train
41857,train
4186,train
41860,train
41863,train
41866,train
41869,train
4187,train
41872,train
41875,train
41878,train
4188,train
41881,train
41884,train
41887,train
4189,train
41890,train
41893,train
41896,train
41899,train
419,train
4190,train
41902,train
41905,train
41908,train
4191,train
41911,train
41914,train
41917,train
4192,train
41920,train
41923,train
41926,train
41929,train
4193,train
41932,train
41935,train
41938,train
4194,train
41941,train
41944,train
41947,train
4195,train
41950,train
41953,train
41956,train
41959,train
4196,train
41962,train
41965,train
41968,train
4197,train
41971,train
41974,train
41977,train
4198,train
41980,train
41983,train
41986,train
41989,train
4199,train
41992,train
41995,train
41998,train
42,train
420,train
4200,train
42001,train
42004,train
42007,train
4201,train
42010,train
42013,train
42016,train
42019,train
4202,train
42022,train
42025,train
42028,train
4203,train
42031,train
42034,train
42037,train
4204,train
42040,train
42043,train
42046,train
42049,train
4205,train
42052,train
42055,train
42058,train
4206,train
42061,train
42064,train
42067,train
4207,train
42070,train
42073,train
42076,train
42079,train
4208,train
42082,train
42085,train
42088,train
4209,train
42091,train
42094,train
42097,train
421,train
4210,train
42100,train
42103,train
42106,train
42109,train
4211,train
42112,train
42115,train
42118,train
4212,train
42121,train
42124,train
42127,train
4213,train
42130,train
42133,train
42136,train
42139,train
4214,train
42142,train
42145,train
42148,train
4215,train
42151,train
42154,train
42157,train
4216,train
42160,train
42163,train
42166,train
42169,train
4217,train
42172,train
42175,train
42178,train
4218,train
42181,train
42184,train
42187,train
4219,train
42190,train
42193,train
42196,train
42199,train
422,train
4220,train
42202,train
42205,train
42208,train
4221,train
42211,train
42214,train
42217,train
4222,train
42220,train
42223,train
42226,train
42229,train
4223,train
42232,train
42235,train
42238,train
4224,train
42241,train
42244,train
42247,train
4225,train
42250,train
42253,train
42256,train
42259,train
4226,train
42262,train
42265,train
42268,train
4227,train
42271,train
42274,train
42277,train
4228,train
42280,train
42283,train
42286,train
42289,train
4229,train
42292,train
42295,train
42298,train
423,train
4230,train
42301,train
42304,train
42307,train
4231,train
42310,train
42313,train
42316,train
42319,train
4232,train
42322,train
42325,train
42328,train
4233,train
42331,train
42334,train
42337,train
4234,train
42340,train
42343,train
42346,train
42349,train
4235,train
42352,train
42355,train
42358,train
4236,train
42361,train
42364,train
42367,train
4237,train
42370,train
42373,train
42376,train
42379,train
4238,train
42382,train
42385,train
42388,train
4239,train
42391,train
42394,train
42397,train
424,train
4240,train
42400,train
42403,train
42406,train
42409,train
4241,train
42412,train
42415,train
42418,train
4242,train
42421,train
42424,train
42427,train
4243,train
42430,train
42433,train
42436,train
42439,train
4244,train
42442,train
42445,train
42448,train
4245,train
42451,train
42454,train
42457,train
4246,train
42460,train
42463,train
42466,train
42469,train
4247,train
42472,train
42475,train
42478,train
4248,train
42481,train
42484,train
42487,train
4249,train
42490,train
42493,train
42496,train
42499,train
425,train
4250,train
42502,train
42505,train
42508,train
4251,train
42511,train
42514,train
42517,train
4252,train
42520,train
42523,train
42526,train
42529,train
4253,train
42532,train
42535,train
42538,train
4254,train
42541,train
42544,train
42547,train
4255,train
42550,train
42553,train
42556,train
42559,train
4256,train
42562,train
42565,train
42568,train
4257,train
42571,train
42574,train
42577,train
4258,train
42580,train
42583,train
42586,train
42589,train
4259,train
42592,train
42595,train
42598,train
426,train
4260,train
42601,train
42604,train
42607,train
4261,train
42610,train
42613,train
42616,train
42619,train
4262,train
42622,train
42625,train
42628,train
4263,train
42631,train
42634,train
42637,train
4264,train
42640,train
42643,train
42646,train
42649,train
4265,train
42652,train
42655,train
42658,train
4266,train
42661,train
42664,train
42667,train
4267,train
42670,train
42673,train
42676,train
42679,train
4268,train
42682,train
42685,train
42688,train
4269,train
42691,train
42694,train
42697,train
427,train
4270,train
42700,train
42703,train
42706,train
42709,train
4271,train
42712,train
42715,train
42718,train
4272,train
42721,train
42724,train
42727,train
4273,train
42730,train
42733,train
42736,train
42739,train
4274,train
42742,train
42745,train
42748,train
4275,train
42751,train
42754,train
42757,train
4276,train
42760,train
42763,train
42766,train
42769,train
4277,train
42772,train
42775,train
42778,train
4278,train
42781,train
42784,train
42787,train
4279,train
42790,train
42793,train
42796,train
42799,train
428,train
4280,train
42802,train
42805,train
42808,train
4281,train
42811,train
42814,train
42817,train
4282,train
42820,train
42823,train
42826,train
42829,train
4283,train
42832,train
42835,train
42838,train
4284,train
42841,train
42844,train
42847,train
4285,train
42850,train
42853,train
42856,train
42859,train
4286,train
42862,train
42865,train
42868,train
4287,train
42871,train
42874,train
42877,train
4288,train
42880,train
42883,train
42886,train
42889,train
4289,train
42892,train
42895,train
42898,train
429,train
4290,train
42901,train
42904,train
42907,train
4291,train
42910,train
42913,train
42916,train
42919,train
4292,train
42922,train
42925,train
42928,train
4293,train
42931,train
42934,train
42937,train
4294,train
42940,train
42943,train
42946,train
42949,train
4295,train
42952,train
42955,train
42958,train
4296,train
42961,train
42964,train
42967,train
4297,train
42970,train
42973,train
42976,train
42979,train
4298,train
42982,train
42985,train
42988,train
4299,train
42991,train
42994,train
42997,train
43,train
430,train
4300,train
43000,train
43003,train
43006,train
43009,train
4301,train
43012,train
43015,train
43018,train
4302,train
43021,train
43024,train
43027,train
4303,train
43030,train
43033,train
43036,train
43039,train
4304,train
43042,train
43045,train
43048,train
4305,train
43051,train
43054,train
43057,train
4306,train
43060,train
43063,train
43066,train
43069,train
4307,train
43072,train
43075,train
43078,train
4308,train
43081,train
43084,train
43087,train
4309,train
43090,train
43093,train
43096,train
43099,train
431,train
4310,train
43102,train
43105,train
43108,train
4311,train
43111,train
43114,train
43117,train
4312,train
43120,train
43123,train
43126,train
43129,train
4313,train
43132,train
43135,train
43138,train
4314,train
43141,train
43144,train
43147,train
4315,train
43150,train
43153,train
43156,train
43159,train
4316,train
43162,train
43165,train
43168,train
4317,train
43171,train
43174,train
43177,train
4318,train
43180,train
43183,train
43186,train
43189,train
4319,train
43192,train
43195,train
43198,train
432,train
4320,train
43201,train
43204,train
43207,train
4321,train
43210,train
43213,train
43216,train
43219,train
4322,train
43222,train
43225,train
43228,train
4323,train
43231,train
43234,train
43237,train
4324,train
43240,train
43243,train
43246,train
43249,train
4325,train
43252,train
43255,train
43258,train
4326,train
43261,train
43264,train
43267,train
4327,train
43270,train
43273,train
43276,train
43279,train
4328,train
43282,train
43285,train
43288,train
4329,train
43291,train
43294,train
43297,train
433,train
4330,train
43300,train
43303,train
43306,train
43309,train
4331,train
43312,train
43315,train
43318,train
4332,train
43321,train
43324,train
43327,train
4333,train
43330,train
43333,train
43336,train
43339,train
4334,train
43342,train
43345,train
43348,train
4335,train
43351,train
43354,train
43357,train
4336,train
43360,train
43363,train
43366,train
43369,train
4337,train
43372,train
43375,train
43378,train
4338,train
43381,train
43384,train
43387,train
4339,train
43390,train
43393,train
43396,train
43399,train
434,train
4340,train
43402,train
43405,train
43408,train
4341,train
43411,train
43414,train
43417,train
4342,train
43420,train
43423,train
43426,train
43429,train
4343,train
43432,train
43435,train
43438,train
4344,train
43441,train
43444,train
43447,train
4345,train
43450,train
43453,train
43456,train
43459,train
4346,train
43462,train
43465,train
43468,train
4347,train
43471,train
43474,train
43477,train
4348,train
43480,train
43483,train
43486,train
43489,train
4349,train
43492,train
43495,train
43498,train
435,train
4350,train
43501,train
43504,train
43507,train
4351,train
43510,train
43513,train
43516,train
43519,train
4352,train
43522,train
43525,train
43528,train
4353,train
43531,train
43534,train
43537,train
4354,train
43540,train
43543,train
43546,train
43549,train
4355,train
43552,train
43555,train
43558,train
4356,train
43561,train
43564,train
43567,train
4357,train
43570,train
43573,train
43576,train
43579,train
4358,train
43582,train
43585,train
43588,train
4359,train
43591,train
43594,train
43597,train
436,train
4360,train
43600,train
43603,train
43606,train
43609,train
4361,train
43612,train
43615,train
43618,train
4362,train
43621,train
43624,train
43627,train
4363,train
43630,train
43633,train
43636,train
43639,train
4364,train
43642,train
43645,train
43648,train
4365,train
43651,train
43654,train
43657,train
4366,train
43660,train
43663,train
43666,train
43669,train
4367,train
43672,train
43675,train
43678,train
4368,train
43681,train
43684,train
43687,train
4369,train
43690,train
43693,train
43696,train
43699,train
437,train
4370,train
43702,train
43705,train
43708,train
4371,train
43711,train
43714,train
43717,train
4372,train
43720,train
43723,train
43726,train
43729,train
4373,train
43732,train
43735,train
43738,train
4374,train
43741,train
43744,train
43747,train
4375,train
43750,train
43753,train
43756,train
43759,train
4376,train
43762,train
43765,train
43768,train
4377,train
43771,train
43774,train
43777,train
4378,train
43780,train
43783,train
43786,train
43789,train
4379,train
43792,train
43795,train
43798,train
438,train
4380,train
43801,train
43804,train
43807,train
4381,train
43810,train
43813,train
43816,train
43819,train
4382,train
43822,train
43825,train
43828,train
4383,train
43831,train
43834,train
43837,train
4384,train
43840,train
43843,train
43846,train
43849,train
4385,train
43852,train
43855,train
43858,train
4386,train
43861,train
43864,train
43867,train
4387,train
43870,train
43873,train
43876,train
43879,train
4388,train
43882,train
43885,train
43888,train
4389,train
43891,train
43894,train
43897,train
439,train
4390,train
43900,train
43903,train
43906,train
43909,train
4391,train
43912,train
43915,train
43918,train
4392,train
43921,train
43924,train
43927,train
4393,train
43930,train
43933,train
43936,train
43939,train
4394,train
43942,train
43945,train
43948,train
4395,train
43951,train
43954,train
43957,train
4396,train
43960,train
43963,train
43966,train
43969,train
4397,train
43972,train
43975,train
43978,train
4398,train
43981,train
43984,train
43987,train
4399,train
43990,train
43993,train
43996,train
43999,train
44,train
440,train
4400,train
44002,train
44005,train
44008,train
4401,train
44011,train
44014,train
44017,train
4402,train
44020,train
44023,train
44026,train
44029,train
4403,train
44032,train
44035,train
44038,train
4404,train
44041,train
44044,train
44047,train
4405,train
44050,train
44053,train
44056,train
44059,train
4406,train
44062,train
44065,train
44068,train
4407,train
44071,train
44074,train
44077,train
4408,train
44080,train
44083,train
44086,train
44089,train
4409,train
44092,train
44095,train
44098,train
441,train
4410,train
44101,train
44104,train
44107,train
4411,train
44110,train
44113,train
44116,train
44119,train
4412,train
44122,train
44125,train
44128,train
4413,train
44131,train
44134,train
44137,train
4414,train
44140,train
44143,train
44146,train
44149,train
4415,train
44152,train
44155,train
44158,train
4416,train
44161,train
44164,train
44167,train
4417,train
44170,train
44173,train
44176,train
44179,train
4418,train
44182,train
44185,train
44188,train
4419,train
44191,train
44194,train
44197,train
442,train
4420,train
44200,train
44203,train
44206,train
44209,train
4421,train
44212,train
44215,train
44218,train
4422,train
44221,train
44224,train
44227,train
4423,train
44230,train
44233,train
44236,train
44239,train
4424,train
44242,train
44245,train
44248,train
4425,train
44251,train
44254,train
44257,train
4426,train
44260,train
44263,train
44266,train
44269,train
4427,train
44272,train
44275,train
44278,train
4428,train
44281,train
44284,train
44287,train
4429,train
44290,train
44293,train
44296,train
44299,train
443,train
4430,train
44302,train
44305,train
44308,train
4431,train
44311,train
44314,train
44317,train
4432,train
44320,train
44323,train
44326,train
44329,train
4433,train
44332,train
44335,train
44338,train
4434,train
44341,train
44344,train
44347,train
4435,train
44350,train
44353,train
44356,train
44359,train
4436,train
44362,train
44365,train
44368,train
4437,train
44371,train
44374,train
44377,train
4438,train
44380,train
44383,train
44386,train
44389,train
4439,train
44392,train
44395,train
44398,train
444,train
4440,train
44401,train
44404,train
44407,train
4441,train
44410,train
44413,train
44416,train
44419,train
4442,train
44422,train
44425,train
44428,train
4443,train
44431,train
44434,train
44437,train
4444,train
44440,train
44443,train
44446,train
44449,train
4445,train
44452,train
44455,train
44458,train
4446,train
44461,train
44464,train
44467,train
4447,train
44470,train
44473,train
44476,train
44479,train
4448,train
44482,train
44485,train
44488,train
4449,train
44491,train
44494,train
44497,train
445,train
4450,train
44500,train
44503,train
44506,train
44509,train
4451,train
44512,train
44515,train
44518,train
4452,train
44521,train
44524,train
44527,train
4453,train
44530,train
44533,train
44536,train
44539,train
4454,train
44542,train
44545,train
44548,train
4455,train
44551,train
44554,train
44557,train
4456,train
44560,train
44563,train
44566,train
44569,train
4457,train
44572,train
44575,train
44578,train
4458,train
44581,train
44584,train
44587,train
4459,train
44590,train
44593,train
44596,train
44599,train
446,train
4460,train
44602,train
44605,train
44608,train
4461,train
44611,train
44614,train
44617,train
4462,train
44620,train
44623,train
44626,train
44629,train
4463,train
44632,train
44635,train
44638,train
4464,train
44641,train
44644,train
44647,train
4465,train
44650,train
44653,train
44656,train
44659,train
4466,train
44662,train
44665,train
44668,train
4467,train
44671,train
44674,train
44677,train
4468,train
44680,train
44683,train
44686,train
44689,train
4469,train
44692,train
44695,train
44698,train
447,train
4470,train
44701,train
44704,train
44707,train
4471,train
44710,train
44713,train
44716,train
44719,train
4472,train
44722,train
44725,train
44728,train
4473,train
44731,train
44734,train
44737,train
4474,train
44740,train
44743,train
44746,train
44749,train
4475,train
44752,train
44755,train
44758,train
4476,train
44761,train
44764,train
44767,train
4477,train
44770,train
44773,train
44776,train
44779,train
4478,train
44782,train
44785,train
44788,train
4479,train
44791,train
44794,train
44797,train
448,train
4480,train
44800,train
44803,train
44806,train
44809,train
4481,train
44812,train
44815,train
44818,train
4482,train
44821,train
44824,train
44827,train
4483,train
44830,train
44833,train
44836,train
44839,train
4484,train
44842,train
44845,train
44848,train
4485,train
44851,train
44854,train
44857,train
4486,train
44860,train
44863,train
44866,train
44869,train
4487,train
44872,train
44875,train
44878,train
4488,train
44881,train
44884,train
44887,train
4489,train
44890,train
44893,train
44896,train
44899,train
449,train
4490,train
44902,train
44905,train
44908,train
4491,train
44911,train
44914,train
44917,train
4492,train
44920,train
44923,train
44926,train
44929,train
4493,train
44932,train
44935,train
44938,train
4494,train
44941,train
44944,train
44947,train
4495,train
44950,train
44953,train
44956,train
44959,train
4496,train
44962,train
44965,train
44968,train
4497,train
44971,train
44974,train
44977,train
4498,train
44980,train
44983,train
44986,train
44989,train
4499,train
44992,train
44995,train
44998,train
45,train
450,train
4500,train
45001,train
45004,train
45007,train
4501,train
45010,train
45013,train
45016,train
45019,train
4502,train
45022,train
45025,train
45028,train
4503,train
45031,train
45034,train
45037,train
4504,train
45040,train
45043,train
45046,train
45049,train
4505,train
45052,train
45055,train
45058,train
4506,train
45061,train
45064,train
45067,train
4507,train
45070,train
45073,train
45076,train
45079,train
4508,train
45082,train
45085,train
45088,train
4509,train
45091,train
45094,train
45097,train
451,train
4510,train
45100,train
45103,train
45106,train
45109,train
4511,train
45112,train
45115,train
45118,train
4512,train
45121,train
45124,train
45127,train
4513,train
45130,train
45133,train
45136,train
45139,train
4514,train
45142,train
45145,train
45148,train
4515,train
45151,train
45154,train
45157,train
4516,train
45160,train
45163,train
45166,train
45169,train
4517,train
45172,train
45175,train
45178,train
4518,train
45181,train
45184,train
45187,train
4519,train
45190,train
45193,train
45196,train
45199,train
452,train
4520,train
45202,train
45205,train
45208,train
4521,train
45211,train
45214,train
45217,train
4522,train
45220,train
45223,train
45226,train
45229,train
4523,train
45232,train
45235,train
45238,train
4524,train
45241,train
45244,train
45247,train
4525,train
45250,train
45253,train
45256,train
45259,train
4526,train
45262,train
45265,train
45268,train
4527,train
45271,train
45274,train
45277,train
4528,train
45280,train
45283,train
45286,train
45289,train
4529,train
45292,train
45295,train
45298,train
453,train
4530,train
45301,train
45304,train
45307,train
4531,train
45310,train
45313,train
45316,train
45319,train
4532,train
45322,train
45325,train
45328,train
4533,train
45331,train
45334,train
45337,train
4534,train
45340,train
45343,train
45346,train
45349,train
4535,train
45352,train
45355,train
45358,train
4536,train
45361,train
45364,train
45367,train
4537,train
45370,train
45373,train
45376,train
45379,train
4538,train
45382,train
45385,train
45388,train
4539,train
45391,train
45394,train
45397,train
454,train
4540,train
45400,train
45403,train
45406,train
45409,train
4541,train
45412,train
45415,train
45418,train
4542,train
45421,train
45424,train
45427,train
4543,train
45430,train
45433,train
45436,train
45439,train
4544,train
45442,train
45445,train
45448,train
4545,train
45451,train
45454,train
45457,train
4546,train
45460,train
45463,train
45466,train
45469,train
4547,train
45472,train
45475,train
45478,train
4548,train
45481,train
45484,train
45487,train
4549,train
45490,train
45493,train
45496,train
45499,train
455,train
4550,train
45502,train
45505,train
45508,train
4551,train
45511,train
45514,train
45517,train
4552,train
45520,train
45523,train
45526,train
45529,train
4553,train
45532,train
45535,train
45538,train
4554,train
45541,train
45544,train
45547,train
4555,train
45550,train
45553,train
45556,train
45559,train
4556,train
45562,train
45565,train
45568,train
4557,train
45571,train
45574,train
45577,train
4558,train
45580,train
45583,train
45586,train
45589,train
4559,train
45592,train
45595,train
45598,train
456,train
4560,train
45601,train
45604,train
45607,train
4561,train
45610,train
45613,train
45616,train
45619,train
4562,train
45622,train
45625,train
45628,train
4563,train
45631,train
45634,train
45637,train
4564,train
45640,train
45643,train
45646,train
45649,train
4565,train
45652,train
45655,train
45658,train
4566,train
45661,train
45664,train
45667,train
4567,train
45670,train
45673,train
45676,train
45679,train
4568,train
45682,train
45685,train
45688,train
4569,train
45691,train
45694,train
45697,train
457,train
4570,train
45700,train
45703,train
45706,train
45709,train
4571,train
45712,train
45715,train
45718,train
4572,train
45721,train
45724,train
45727,train
4573,train
45730,train
45733,train
45736,train
45739,train
4574,train
45742,train
45745,train
45748,train
4575,train
45751,train
45754,train
45757,train
4576,train
45760,train
45763,train
45766,train
45769,train
4577,train
45772,train
45775,train
45778,train
4578,train
45781,train
45784,train
45787,train
4579,train
45790,train
45793,train
45796,train
45799,train
458,train
4580,train
45802,train
45805,train
45808,train
4581,train
45811,train
45814,train
45817,train
4582,train
45820,train
45823,train
45826,train
45829,train
4583,train
45832,train
45835,train
45838,train
4584,train
45841,train
45844,train
45847,train
4585,train
45850,train
45853,train
45856,train
45859,train
4586,train
45862,train
45865,train
45868,train
4587,train
45871,train
45874,train
45877,train
4588,train
45880,train
45883,train
45886,train
45889,train
4589,train
45892,train
45895,train
45898,train
459,train
4590,train
45901,train
45904,train
45907,train
4591,train
45910,train
45913,train
45916,train
45919,train
4592,train
45922,train
45925,train
45928,train
4593,train
45931,train
45934,train
45937,train
4594,train
45940,train
45943,train
45946,train
45949,train
4595,train
45952,train
45955,train
45958,train
4596,train
45961,train
45964,train
45967,train
4597,train
45970,train
45973,train
45976,train
45979,train
4598,train
45982,train
45985,train
45988,train
4599,train
45991,train
45994,train
45997,train
46,train
460,train
4600,train
46000,train
46003,train
46006,train
46009,train
4601,train
46012,train
46015,train
46018,train
4602,train
46021,train
46024,train
46027,train
4603,train
46030,train
46033,train
46036,train
46039,train
4604,train
46042,train
46045,train
46048,train
4605,train
46051,train
46054,train
46057,train
4606,train
46060,train
46063,train
46066,train
46069,train
4607,train
46072,train
46075,train
46078,train
4608,train
46081,train
46084,train
46087,train
4609,train
46090,train
46093,train
46096,train
46099,train
461,train
4610,train
46102,train
46105,train
46108,train
4611,train
46111,train
46114,train
46117,train
4612,train
46120,train
46123,train
46126,train
46129,train
4613,train
46132,train
46135,train
46138,train
4614,train
46141,train
46144,train
46147,train
4615,train
46150,train
46153,train
46156,train
46159,train
4616,train
46162,train
46165,train
46168,train
4617,train
46171,train
46174,train
46177,train
4618,train
46180,train
46183,train
46186,train
46189,train
4619,train
46192,train
46195,train
46198,train
462,train
4620,train
46201,train
46204,train
46207,train
4621,train
46210,train
46213,train
46216,train
46219,train
4622,train
46222,train
46225,train
46228,train
4623,train
46231,train
46234,train
46237,train
4624,train
46240,train
46243,train
46246,train
46249,train
4625,train
46252,train
46255,train
46258,train
4626,train
46261,train
46264,train
46267,train
4627,train
46270,train
46273,train
46276,train
46279,train
4628,train
46282,train
46285,train
46288,train
4629,train
46291,train
46294,train
46297,train
463,train
4630,train
46300,train
46303,train
46306,train
46309,train
4631,train
46312,train
46315,train
46318,train
4632,train
46321,train
46324,train
46327,train
4633,train
46330,train
46333,train
46336,train
46339,train
4634,train
46342,train
46345,train
46348,train
4635,train
46351,train
46354,train
46357,train
4636,train
46360,train
46363,train
46366,train
46369,train
4637,train
46372,train
46375,train
46378,train
4638,train
46381,train
46384,train
46387,train
4639,train
46390,train
46393,train
46396,train
46399,train
464,train
4640,train
46402,train
46405,train
46408,train
4641,train
46411,train
46414,train
46417,train
4642,train
46420,train
46423,train
46426,train
46429,train
4643,train
46432,train
46435,train
46438,train
4644,train
46441,train
46444,train
46447,train
4645,train
46450,train
46453,train
46456,train
46459,train
4646,train
46462,train
46465,train
46468,train
4647,train
46471,train
46474,train
46477,train
4648,train
46480,train
46483,train
46486,train
46489,train
4649,train
46492,train
46495,train
46498,train
465,train
4650,train
46501,train
46504,train
46507,train
4651,train
46510,train
46513,train
46516,train
46519,train
4652,train
46522,train
46525,train
46528,train
4653,train
46531,train
46534,train
46537,train
4654,train
46540,train
46543,train
46546,train
46549,train
4655,train
46552,train
46555,train
46558,train
4656,train
46561,train
46564,train
46567,train
4657,train
46570,train
46573,train
46576,train
46579,train
4658,train
46582,train
46585,train
46588,train
4659,train
46591,train
46594,train
46597,train
466,train
4660,train
46600,train
46603,train
46606,train
46609,train
4661,train
46612,train
46615,train
46618,train
4662,train
46621,train
46624,train
46627,train
4663,train
46630,train
46633,train
46636,train
46639,train
4664,train
46642,train
46645,train
46648,train
4665,train
46651,train
46654,train
46657,train
4666,train
46660,train
46663,train
46666,train
46669,train
4667,train
46672,train
46675,train
46678,train
4668,train
46681,train
46684,train
46687,train
4669,train
46690,train
46693,train
46696,train
46699,train
467,train
4670,train
46702,train
46705,train
46708,train
4671,train
46711,train
46714,train
46717,train
4672,train
46720,train
46723,train
46726,train
46729,train
4673,train
46732,train
46735,train
46738,train
4674,train
46741,train
46744,train
46747,train
4675,train
46750,train
46753,train
46756,train
46759,train
4676,train
46762,train
46765,train
46768,train
4677,train
46771,train
46774,train
46777,train
4678,train
46780,train
46783,train
46786,train
46789,train
4679,train
46792,train
46795,train
46798,train
468,train
4680,train
46801,train
46804,train
46807,train
4681,train
46810,train
46813,train
46816,train
46819,train
4682,train
46822,train
46825,train
46828,train
4683,train
46831,train
46834,train
46837,train
4684,train
46840,train
46843,train
46846,train
46849,train
4685,train
46852,train
46855,train
46858,train
4686,train
46861,train
46864,train
46867,train
4687,train
46870,train
46873,train
46876,train
46879,train
4688,train
46882,train
46885,train
46888,train
4689,train
46891,train
46894,train
46897,train
469,train
4690,train
46900,train
46903,train
46906,train
46909,train
4691,train
46912,train
46915,train
46918,train
4692,train
46921,train
46924,train
46927,train
4693,train
46930,train
46933,train
46936,train
46939,train
4694,train
46942,train
46945,train
46948,train
4695,train
46951,train
46954,train
46957,train
4696,train
46960,train
46963,train
46966,train
46969,train
4697,train
46972,train
46975,train
46978,train
4698,train
46981,train
46984,train
46987,train
4699,train
46990,train
46993,train
46996,train
46999,train
47,train
470,train
4700,train
47002,train
47005,train
47008,train
4701,train
47011,train
47014,train
47017,train
4702,train
47020,train
47023,train
47026,train
47029,train
4703,train
47032,train
47035,train
47038,train
4704,train
47041,train
47044,train
47047,train
4705,train
47050,train
47053,train
47056,train
47059,train
4706,train
47062,train
47065,train
47068,train
4707,train
47071,train
47074,train
47077,train
4708,train
47080,train
47083,train
47086,train
47089,train
4709,train
47092,train
47095,train
47098,train
471,train
4710,train
47101,train
47104,train
47107,train
4711,train
47110,train
47113,train
47116,train
47119,train
4712,train
47122,train
47125,train
47128,train
4713,train
47131,train
47134,train
47137,train
4714,train
47140,train
47143,train
47146,train
47149,train
4715,train
47152,train
47155,train
47158,train
4716,train
47161,train
47164,train
47167,train
4717,train
47170,train
47173,train
47176,train
47179,train
4718,train
47182,train
47185,train
47188,train
4719,train
47191,train
47194,train
47197,train
472,train
4720,train
47200,train
47203,train
47206,train
47209,train
4721,train
47212,train
47215,train
47218,train
4722,train
47221,train
47224,train
47227,train
4723,train
47230,train
47233,train
47236,train
47239,train
4724,train
47242,train
47245,train
47248,train
4725,train
47251,train
47254,train
47257,train
4726,train
47260,train
47263,train
47266,train
47269,train
4727,train
47272,train
47275,train
47278,train
4728,train
47281,train
47284,train
47287,train
4729,train
47290,train
47293,train
47296,train
47299,train
473,train
4730,train
47302,train
47305,train
47308,train
4731,train
47311,train
47314,train
47317,train
4732,train
47320,train
47323,train
47326,train
47329,train
4733,train
47332,train
47335,train
47338,train
4734,train
47341,train
47344,train
47347,train
4735,train
47350,train
47353,train
47356,train
47359,train
4736,train
47362,train
47365,train
47368,train
4737,train
47371,train
47374,train
47377,train
4738,train
47380,train
47383,train
47386,train
47389,train
4739,train
47392,train
47395,train
47398,train
474,train
4740,train
47401,train
47404,train
47407,train
4741,train
47410,train
47413,train
47416,train
47419,train
4742,train
47422,train
47425,train
47428,train
4743,train
47431,train
47434,train
47437,train
4744,train
47440,train
47443,train
47446,train
47449,train
4745,train
47452,train
47455,train
47458,train
4746,train
47461,train
47464,train
47467,train
4747,train
47470,train
47473,train
47476,train
47479,train
4748,train
47482,train
47485,train
47488,train
4749,train
47491,train
47494,train
47497,train
475,train
4750,train
47500,train
47503,train
47506,train
47509,train
4751,train
47512,train
47515,train
47518,train
4752,train
47521,train
47524,train
47527,train
4753,train
47530,train
47533,train
47536,train
47539,train
4754,train
47542,train
47545,train
47548,train
4755,train
47551,train
47554,train
47557,train
4756,train
47560,train
47563,train
47566,train
47569,train
4757,train
47572,train
47575,train
47578,train
4758,train
47581,train
47584,train
47587,train
4759,train
47590,train
47593,train
47596,train
47599,train
476,train
4760,train
47602,train
47605,train
47608,train
4761,train
47611,train
47614,train
47617,train
4762,train
47620,train
47623,train
47626,train
47629,train
4763,train
47632,train
47635,train
47638,train
4764,train
47641,train
47644,train
47647,train
4765,train
47650,train
47653,train
47656,train
47659,train
4766,train
47662,train
47665,train
47668,train
4767,train
47671,train
47674,train
47677,train
4768,train
47680,train
47683,train
47686,train
47689,train
4769,train
47692,train
47695,train
47698,train
477,train
4770,train
47701,train
47704,train
47707,train
4771,train
47710,train
47713,train
47716,train
47719,train
4772,train
47722,train
47725,train
47728,train
4773,train
47731,train
47734,train
47737,train
4774,train
47740,train
47743,train
47746,train
47749,train
4775,train
47752,train
47755,train
47758,train
4776,train
47761,train
47764,train
47767,train
4777,train
47770,train
47773,train
47776,train
47779,train
4778,train
47782,train
47785,train
47788,train
4779,train
47791,train
47794,train
47797,train
478,train
4780,train
47800,train
47803,train
47806,train
47809,train
4781,train
47812,train
47815,train
47818,train
4782,train
47821,train
47824,train
47827,train
4783,train
47830,train
47833,train
47836,train
47839,train
4784,train
47842,train
47845,train
47848,train
4785,train
47851,train
47854,train
47857,train
4786,train
47860,train
47863,train
47866,train
47869,train
4787,train
47872,train
47875,train
47878,train
4788,train
47881,train
47884,train
47887,train
4789,train
47890,train
47893,train
47896,train
47899,train
479,train
4790,train
47902,train
47905,train
47908,train
4791,train
47911,train
47914,train
47917,train
4792,train
47920,train
47923,train
47926,train
47929,train
4793,train
47932,train
47935,train
47938,train
4794,train
47941,train
47944,train
47947,train
4795,train
47950,train
47953,train
47956,train
47959,train
4796,train
47962,train
47965,train
47968,train
4797,train
47971,train
47974,train
47977,train
4798,train
47980,train
47983,train
47986,train
47989,train
4799,train
47992,train
47995,train
47998,train
48,train
480,train
4800,train
48001,train
48004,train
48007,train
4801,train
48010,train
48013,train
48016,train
48019,train
4802,train
48022,train
48025,train
48028,train
4803,train
48031,train
48034,train
48037,train
4804,train
48040,train
48043,train
48046,train
48049,train
4805,train
48052,train
48055,train
48058,train
4806,train
48061,train
48064,train
48067,train
4807,train
48070,train
48073,train
48076,train
48079,train
4808,train
48082,train
48085,train
48088,train
4809,train
48091,train
48094,train
48097,train
481,train
4810,train
48100,train
48103,train
48106,train
48109,train
4811,train
48112,train
48115,train
48118,train
4812,train
48121,train
48124,train
48127,train
4813,train
48130,train
48133,train
48136,train
48139,train
4814,train
48142,train
48145,train
48148,train
4815,train
48151,train
48154,train
48157,train
4816,train
48160,train
48163,train
48166,train
48169,train
4817,train
48172,train
48175,train
48178,train
4818,train
48181,train
48184,train
48187,train
4819,train
48190,train
48193,train
48196,train
48199,train
482,train
4820,train
48202,train
48205,train
48208,train
4821,train
48211,train
48214,train
48217,train
4822,train
48220,train
48223,train
48226,train
48229,train
4823,train
48232,train
48235,train
48238,train
4824,train
48241,train
48244,train
48247,train
4825,train
48250,train
48253,train
48256,train
48259,train
4826,train
48262,train
48265,train
48268,train
4827,train
48271,train
48274,train
48277,train
4828,train
48280,train
48283,train
48286,train
48289,train
4829,train
48292,train
48295,train
48298,train
483,train
4830,train
48301,train
48304,train
48307,train
4831,train
48310,train
48313,train
48316,train
48319,train
4832,train
48322,train
48325,train
48328,train
4833,train
48331,train
48334,train
48337,train
4834,train
48340,train
48343,train
48346,train
48349,train
4835,train
48352,train
48355,train
48358,train
4836,train
48361,train
48364,train
48367,train
4837,train
48370,train
48373,train
48376,train
48379,train
4838,train
48382,train
48385,train
48388,train
4839,train
48391,train
48394,train
48397,train
484,train
4840,train
48400,train
48403,train
48406,train
48409,train
4841,train
48412,train
48415,train
48418,train
4842,train
48421,train
48424,train
48427,train
4843,train
48430,train
48433,train
48436,train
48439,train
4844,train
48442,train
48445,train
48448,train
4845,train
48451,train
48454,train
48457,train
4846,train
48460,train
48463,train
48466,train
48469,train
4847,train
48472,train
48475,train
48478,train
4848,train
48481,train
48484,train
48487,train
4849,train
48490,train
48493,train
48496,train
48499,train
485,train
4850,train
48502,train
48505,train
48508,train
4851,train
48511,train
48514,train
48517,train
4852,train
48520,train
48523,train
48526,train
48529,train
4853,train
48532,train
48535,train
48538,train
4854,train
48541,train
48544,train
48547,train
4855,train
48550,train
48553,train
48556,train
48559,train
4856,train
48562,train
48565,train
48568,train
4857,train
48571,train
48574,train
48577,train
4858,train
48580,train
48583,train
48586,train
48589,train
4859,train
48592,train
48595,train
48598,train
486,train
4860,train
48601,train
48604,train
48607,train
4861,train
48610,train
48613,train
48616,train
48619,train
4862,train
48622,train
48625,train
48628,train
4863,train
48631,train
48634,train
48637,train
4864,train
48640,train
48643,train
48646,train
48649,train
4865,train
48652,train
48655,train
48658,train
4866,train
48661,train
48664,train
48667,train
4867,train
48670,train
48673,train
48676,train
48679,train
4868,train
48682,train
48685,train
48688,train
4869,train
48691,train
48694,train
48697,train
487,train
4870,train
48700,train
48703,train
48706,train
48709,train
4871,train
48712,train
48715,train
48718,train
4872,train
48721,train
48724,train
48727,train
4873,train
48730,train
48733,train
48736,train
48739,train
4874,train
48742,train
48745,train
48748,train
4875,train
48751,train
48754,train
48757,train
4876,train
48760,train
48763,train
48766,train
48769,train
4877,train
48772,train
48775,train
48778,train
4878,train
48781,train
48784,train
48787,train
4879,train
48790,train
48793,train
48796,train
48799,train
488,train
4880,train
48802,train
48805,train
48808,train
4881,train
48811,train
48814,train
48817,train
4882,train
48820,train
48823,train
48826,train
48829,train
4883,train
48832,train
48835,train
48838,train
4884,train
48841,train
48844,train
48847,train
4885,train
48850,train
48853,train
48856,train
48859,train
4886,train
48862,train
48865,train
48868,train
4887,train
48871,train
48874,train
48877,train
4888,train
48880,train
48883,train
48886,train
48889,train
4889,train
48892,train
48895,train
48898,train
489,train
4890,train
48901,train
48904,train
48907,train
4891,train
48910,train
48913,train
48916,train
48919,train
4892,train
48922,train
48925,train
48928,train
4893,train
48931,train
48934,train
48937,train
4894,train
48940,train
48943,train
48946,train
48949,train
4895,train
48952,train
48955,train
48958,train
4896,train
48961,train
48964,train
48967,train
4897,train
48970,train
48973,train
48976,train
48979,train
4898,train
48982,train
48985,train
48988,train
4899,train
48991,train
48994,train
48997,train
49,train
490,train
4900,train
49000,train
49003,train
49006,train
49009,train
4901,train
49012,train
49015,train
49018,train
4902,train
49021,train
49024,train
49027,train
4903,train
49030,train
49033,train
49036,train
49039,train
4904,train
49042,train
49045,train
49048,train
4905,train
49051,train
49054,train
49057,train
4906,train
49060,train
49063,train
49066,train
49069,train
4907,train
49072,train
49075,train
49078,train
4908,train
49081,train
49084,train
49087,train
4909,train
49090,train
49093,train
49096,train
49099,train
491,train
4910,train
49102,train
49105,train
49108,train
4911,train
49111,train
49114,train
49117,train
4912,train
49120,train
49123,train
49126,train
49129,train
4913,train
49132,train
49135,train
49138,train
4914,train
49141,train
49144,train
49147,train
4915,train
49150,train
49153,train
49156,train
49159,train
4916,train
49162,train
49165,train
49168,train
4917,train
49171,train
49174,train
49177,train
4918,train
49180,train
49183,train
49186,train
49189,train
4919,train
49192,train
49195,train
49198,train
492,train
4920,train
49201,train
49204,train
49207,train
4921,train
49210,train
49213,train
49216,train
49219,train
4922,train
49222,train
49225,train
49228,train
4923,train
49231,train
49234,train
49237,train
4924,train
49240,train
49243,train
49246,train
49249,train
4925,train
49252,train
49255,train
49258,train
4926,train
49261,train
49264,train
49267,train
4927,train
49270,train
49273,train
49276,train
49279,train
4928,train
49282,train
49285,train
49288,train
4929,train
49291,train
49294,train
49297,train
493,train
4930,train
49300,train
49303,train
49306,train
49309,train
4931,train
49312,train
49315,train
49318,train
4932,train
49321,train
49324,train
49327,train
4933,train
49330,train
49333,train
49336,train
49339,train
4934,train
49342,train
49345,train
49348,train
4935,train
49351,train
49354,train
49357,train
4936,train
49360,train
49363,train
49366,train
49369,train
4937,train
49372,train
49375,train
49378,train
4938,train
49381,train
49384,train
49387,train
4939,train
49390,train
49393,train
49396,train
49399,train
494,train
4940,train
49402,train
49405,train
49408,train
4941,train
49411,train
49414,train
49417,train
4942,train
49420,train
49423,train
49426,train
49429,train
4943,train
49432,train
49435,train
49438,train
4944,train
49441,train
49444,train
49447,train
4945,train
49450,train
49453,train
49456,train
49459,train
4946,train
49462,train
49465,train
49468,train
4947,train
49471,train
49474,train
49477,train
4948,train
49480,train
49483,train
49486,train
49489,train
4949,train
49492,train
49495,train
49498,train
495,train
4950,train
49501,train
49504,train
49507,train
4951,train
49510,train
49513,train
49516,train
49519,train
4952,train
49522,train
49525,train
49528,train
4953,train
49531,train
49534,train
49537,train
4954,train
49540,train
49543,train
49546,train
49549,train
4955,train
49552,train
49555,train
49558,train
4956,train
49561,train
49564,train
49567,train
4957,train
49570,train
49573,train
49576,train
49579,train
4958,train
49582,train
49585,train
49588,train
4959,train
49591,train
49594,train
49597,train
496,train
4960,train
49600,train
49603,train
49606,train
49609,train
4961,train
49612,train
49615,train
49618,train
4962,train
49621,train
49624,train
49627,train
4963,train
49630,train
49633,train
49636,train
49639,train
4964,train
49642,train
49645,train
49648,train
4965,train
49651,train
49654,train
49657,train
4966,train
49660,train
49663,train
49666,train
49669,train
4967,train
49672,train
49675,train
49678,train
4968,train
49681,train
49684,train
49687,train
4969,train
49690,train
49693,train
49696,train
49699,train
497,train
4970,train
49702,train
49705,train
49708,train
4971,train
49711,train
49714,train
49717,train
4972,train
49720,train
49723,train
49726,train
49729,train
4973,train
49732,train
49735,train
49738,train
4974,train
49741,train
49744,train
49747,train
4975,train
49750,train
49753,train
49756,train
49759,train
4976,train
49762,train
49765,train
49768,train
4977,train
49771,train
49774,train
49777,train
4978,train
49780,train
49783,train
49786,train
49789,train
4979,train
49792,train
49795,train
49798,train
498,train
4980,train
49801,train
49804,train
49807,train
4981,train
49810,train
49813,train
49816,train
49819,train
4982,train
49822,train
49825,train
49828,train
4983,train
49831,train
49834,train
49837,train
4984,train
49840,train
49843,train
49846,train
49849,train
4985,train
49852,train
49855,train
49858,train
4986,train
49861,train
49864,train
49867,train
4987,train
49870,train
49873,train
49876,train
49879,train
4988,train
49882,train
49885,train
49888,train
4989,train
49891,train
49894,train
49897,train
499,train
4990,train
49900,train
49903,train
49906,train
49909,train
4991,train
49912,train
49915,train
49918,train
4992,train
49921,train
49924,train
49927,train
4993,train
49930,train
49933,train
49936,train
49939,train
4994,train
49942,train
49945,train
49948,train
4995,train
49951,train
49954,train
49957,train
4996,train
49960,train
49963,train
49966,train
49969,train
4997,train
49972,train
49975,train
49978,train
4998,train
49981,train
49984,train
49987,train
4999,train
49990,train
49993,train
49996,train
49999,train
5,train
50,train
500,train
5000,train
50002,train
50005,train
50008,train
5001,train
50011,train
50014,train
50017,train
5002,train
50020,train
50023,train
50026,train
50029,train
5003,train
50032,train
50035,train
50038,train
5004,train
50041,train
50044,train
50047,train
5005,train
50050,train
50053,train
50056,train
50059,train
5006,train
50062,train
50065,train
50068,train
5007,train
50071,train
50074,train
50077,train
5008,train
50080,train
50083,train
50086,train
50089,train
5009,train
50092,train
50095,train
50098,train
501,train
5010,train
50101,train
50104,train
50107,train
5011,train
50110,train
50113,train
50116,train
50119,train
5012,train
50122,train
50125,train
50128,train
5013,train
50131,train
50134,train
50137,train
5014,train
50140,train
50143,train
50146,train
50149,train
5015,train
50152,train
50155,train
50158,train
5016,train
50161,train
50164,train
50167,train
5017,train
50170,train
50173,train
50176,train
50179,train
5018,train
50182,train
50185,train
50188,train
5019,train
50191,train
50194,train
50197,train
502,train
5020,train
50200,train
50203,train
50206,train
50209,train
5021,train
50212,train
50215,train
50218,train
5022,train
50221,train
50224,train
50227,train
5023,train
50230,train
50233,train
50236,train
50239,train
5024,train
50242,train
50245,train
50248,train
5025,train
50251,train
50254,train
50257,train
5026,train
50260,train
50263,train
50266,train
50269,train
5027,train
50272,train
50275,train
50278,train
5028,train
50281,train
50284,train
50287,train
5029,train
50290,train
50293,train
50296,train
50299,train
503,train
5030,train
50302,train
50305,train
50308,train
5031,train
50311,train
50314,train
50317,train
5032,train
50320,train
50323,train
50326,train
50329,train
5033,train
50332,train
50335,train
50338,train
5034,train
50341,train
50344,train
50347,train
5035,train
50350,train
50353,train
50356,train
50359,train
5036,train
50362,train
50365,train
50368,train
5037,train
50371,train
50374,train
50377,train
5038,train
50380,train
50383,train
50386,train
50389,train
5039,train
50392,train
50395,train
50398,train
504,train
5040,train
50401,train
50404,train
50407,train
5041,train
50410,train
50413,train
50416,train
50419,train
5042,train
50422,train
50425,train
50428,train
5043,train
50431,train
50434,train
50437,train
5044,train
50440,train
50443,train
50446,train
50449,train
5045,train
50452,train
50455,train
50458,train
5046,train
50461,train
50464,train
50467,train
5047,train
50470,train
50473,train
50476,train
50479,train
5048,train
50482,train
50485,train
50488,train
5049,train
50491,train
50494,train
50497,train
505,train
5050,train
50500,train
50503,train
50506,train
50509,train
5051,train
50512,train
50515,train
50518,train
5052,train
50521,train
50524,train
50527,train
5053,train
50530,train
50533,train
50536,train
50539,train
5054,train
50542,train
50545,train
50548,train
5055,train
50551,train
50554,train
50557,train
5056,train
50560,train
50563,train
50566,train
50569,train
5057,train
50572,train
50575,train
50578,train
5058,train
50581,train
50584,train
50587,train
5059,train
50590,train
50593,train
50596,train
50599,train
506,train
5060,train
50602,train
50605,train
50608,train
5061,train
50611,train
50614,train
50617,train
5062,train
50620,train
50623,train
50626,train
50629,train
5063,train
50632,train
50635,train
50638,train
5064,train
50641,train
50644,train
50647,train
5065,train
50650,train
50653,train
50656,train
50659,train
5066,train
50662,train
50665,train
50668,train
5067,train
50671,train
50674,train
50677,train
5068,train
50680,train
50683,train
50686,train
50689,train
5069,train
50692,train
50695,train
50698,train
507,train
5070,train
50701,train
50704,train
50707,train
5071,train
50710,train
50713,train
50716,train
50719,train
5072,train
50722,train
50725,train
50728,train
5073,train
50731,train
50734,train
50737,train
5074,train
50740,train
50743,train
50746,train
50749,train
5075,train
50752,train
50755,train
50758,train
5076,train
50761,train
50764,train
50767,train
5077,train
50770,train
50773,train
50776,train
50779,train
5078,train
50782,train
50785,train
50788,train
5079,train
50791,train
50794,train
50797,train
508,train
5080,train
50800,train
50803,train
50806,train
50809,train
5081,train
50812,train
50815,train
50818,train
5082,train
50821,train
50824,train
50827,train
5083,train
50830,train
50833,train
50836,train
50839,train
5084,train
50842,train
50845,train
50848,train
5085,train
50851,train
50854,train
50857,train
5086,train
50860,train
50863,train
50866,train
50869,train
5087,train
50872,train
50875,train
50878,train
5088,train
50881,train
50884,train
50887,train
5089,train
50890,train
50893,train
50896,train
50899,train
509,train
5090,train
50902,train
50905,train
50908,train
5091,train
50911,train
50914,train
50917,train
5092,train
50920,train
50923,train
50926,train
50929,train
5093,train
50932,train
50935,train
50938,train
5094,train
50941,train
50944,train
50947,train
5095,train
50950,train
50953,train
50956,train
50959,train
5096,train
50962,train
50965,train
50968,train
5097,train
50971,train
50974,train
50977,train
5098,train
50980,train
50983,train
50986,train
50989,train
5099,train
50992,train
50995,train
50998,train
51,train
510,train
5100,train
51001,train
51004,train
51007,train
5101,train
51010,train
51013,train
51016,train
51019,train
5102,train
51022,train
51025,train
51028,train
5103,train
51031,train
51034,train
51037,train
5104,train
51040,train
51043,train
51046,train
51049,train
5105,train
51052,train
51055,train
51058,train
5106,train
51061,train
51064,train
51067,train
5107,train
51070,train
51073,train
51076,train
51079,train
5108,train
51082,train
51085,train
51088,train
5109,train
51091,train
51094,train
51097,train
511,train
5110,train
51100,train
51103,train
51106,train
51109,train
5111,train
51112,train
51115,train
51118,train
5112,train
51121,train
51124,train
51127,train
5113,train
51130,train
51133,train
51136,train
51139,train
5114,train
51142,train
51145,train
51148,train
5115,train
51151,train
51154,train
51157,train
5116,train
51160,train
51163,train
51166,train
51169,train
5117,train
51172,train
51175,train
51178,train
5118,train
51181,train
51184,train
51187,train
5119,train
51190,train
51193,train
51196,train
51199,train
512,train
5120,train
51202,train
51205,train
51208,train
5121,train
51211,train
51214,train
51217,train
5122,train
51220,train
51223,train
51226,train
51229,train
5123,train
51232,train
51235,train
51238,train
5124,train
51241,train
51244,train
51247,train
5125,train
51250,train
51253,train
51256,train
51259,train
5126,train
51262,train
51265,train
51268,train
5127,train
51271,train
51274,train
51277,train
5128,train
51280,train
51283,train
51286,train
51289,train
5129,train
51292,train
51295,train
51298,train
513,train
5130,train
51301,train
51304,train
51307,train
5131,train
51310,train
51313,train
51316,train
51319,train
5132,train
51322,train
51325,train
51328,train
5133,train
51331,train
51334,train
51337,train
5134,train
51340,train
51343,train
51346,train
51349,train
5135,train
51352,train
51355,train
51358,train
5136,train
51361,train
51364,train
51367,train
5137,train
51370,train
51373,train
51376,train
51379,train
5138,train
51382,train
51385,train
51388,train
5139,train
51391,train
51394,train
51397,train
514,train
5140,train
51400,train
51403,train
51406,train
51409,train
5141,train
51412,train
51415,train
51418,train
5142,train
51421,train
51424,train
51427,train
5143,train
51430,train
51433,train
51436,train
51439,train
5144,train
51442,train
51445,train
51448,train
5145,train
51451,train
51454,train
51457,train
5146,train
51460,train
51463,train
51466,train
51469,train
5147,train
51472,train
51475,train
51478,train
5148,train
51481,train
51484,train
51487,train
5149,train
51490,train
51493,train
51496,train
51499,train
515,train
5150,train
51502,train
51505,train
51508,train
5151,train
51511,train
51514,train
51517,train
5152,train
51520,train
51523,train
51526,train
51529,train
5153,train
51532,train
51535,train
51538,train
5154,train
51541,train
51544,train
51547,train
5155,train
51550,train
51553,train
51556,train
51559,train
5156,train
51562,train
51565,train
51568,train
5157,train
51571,train
51574,train
51577,train
5158,train
51580,train
51583,train
51586,train
51589,train
5159,train
51592,train
51595,train
51598,train
516,train
5160,train
51601,train
51604,train
51607,train
5161,train
51610,train
51613,train
51616,train
51619,train
5162,train
51622,train
51625,train
51628,train
5163,train
51631,train
51634,train
51637,train
5164,train
51640,train
51643,train
51646,train
51649,train
5165,train
51652,train
51655,train
51658,train
5166,train
51661,train
51664,train
51667,train
5167,train
51670,train
51673,train
51676,train
51679,train
5168,train
51682,train
51685,train
51688,train
5169,train
51691,train
51694,train
51697,train
517,train
5170,train
51700,train
51703,train
51706,train
51709,train
5171,train
51712,train
51715,train
51718,train
5172,train
51721,train
51724,train
51727,train
5173,train
51730,train
51733,train
51736,train
51739,train
5174,train
51742,train
51745,train
51748,train
5175,train
51751,train
51754,train
51757,train
5176,train
51760,train
51763,train
51766,train
51769,train
5177,train
51772,train
51775,train
51778,train
5178,train
51781,train
51784,train
51787,train
5179,train
51790,train
51793,train
51796,train
51799,train
518,train
5180,train
51802,train
51805,train
51808,train
5181,train
51811,train
51814,train
51817,train
5182,train
51820,train
51823,train
51826,train
51829,train
5183,train
51832,train
51835,train
51838,train
5184,train
51841,train
51844,train
51847,train
5185,train
51850,train
51853,train
51856,train
51859,train
5186,train
51862,train
51865,train
51868,train
5187,train
51871,train
51874,train
51877,train
5188,train
51880,train
51883,train
51886,train
51889,train
5189,train
51892,train
51895,train
51898,train
519,train
5190,train
51901,train
51904,train
51907,train
5191,train
51910,train
51913,train
51916,train
51919,train
5192,train
51922,train
51925,train
51928,train
5193,train
51931,train
51934,train
51937,train
5194,train
51940,train
51943,train
51946,train
51949,train
5195,train
51952,train
51955,train
51958,train
5196,train
51961,train
51964,train
51967,train
5197,train
51970,train
51973,train
51976,train
51979,train
5198,train
51982,train
51985,train
51988,train
5199,train
51991,train
51994,train
51997,train
52,train
520,train
5200,train
52000,train
52003,train
52006,train
52009,train
5201,train
52012,train
52015,train
52018,train
5202,train
52021,train
52024,train
52027,train
5203,train
52030,train
52033,train
52036,train
52039,train
5204,train
52042,train
52045,train
52048,train
5205,train
52051,train
52054,train
52057,train
5206,train
52060,train
52063,train
52066,train
52069,train
5207,train
52072,train
52075,train
52078,train
5208,train
52081,train
52084,train
52087,train
5209,train
52090,train
52093,train
52096,train
52099,train
521,train
5210,train
52102,train
52105,train
52108,train
5211,train
52111,train
52114,train
52117,train
5212,train
52120,train
52123,train
52126,train
52129,train
5213,train
52132,train
52135,train
52138,train
5214,train
52141,train
52144,train
52147,train
5215,train
52150,train
52153,train
52156,train
52159,train
5216,train
52162,train
52165,train
52168,train
5217,train
52171,train
52174,train
52177,train
5218,train
52180,train
52183,train
52186,train
52189,train
5219,train
52192,train
52195,train
52198,train
522,train
5220,train
52201,train
52204,train
52207,train
5221,train
52210,train
52213,train
52216,train
52219,train
5222,train
52222,train
52225,train
52228,train
5223,train
52231,train
52234,train
52237,train
5224,train
52240,train
52243,train
52246,train
52249,train
5225,train
52252,train
52255,train
52258,train
5226,train
52261,train
52264,train
52267,train
5227,train
52270,train
52273,train
52276,train
52279,train
5228,train
52282,train
52285,train
52288,train
5229,train
52291,train
52294,train
52297,train
523,train
5230,train
52300,train
52303,train
52306,train
52309,train
5231,train
52312,train
52315,train
52318,train
5232,train
52321,train
52324,train
52327,train
5233,train
52330,train
52333,train
52336,train
52339,train
5234,train
52342,train
52345,train
52348,train
5235,train
52351,train
52354,train
52357,train
5236,train
52360,train
52363,train
52366,train
52369,train
5237,train
52372,train
52375,train
52378,train
5238,train
52381,train
52384,train
52387,train
5239,train
52390,train
52393,train
52396,train
52399,train
524,train
5240,train
52402,train
52405,train
52408,train
5241,train
52411,train
52414,train
52417,train
5242,train
52420,train
52423,train
52426,train
52429,train
5243,train
52432,train
52435,train
52438,train
5244,train
52441,train
52444,train
52447,train
5245,train
52450,train
52453,train
52456,train
52459,train
5246,train
52462,train
52465,train
52468,train
5247,train
52471,train
52474,train
52477,train
5248,train
52480,train
52483,train
52486,train
52489,train
5249,train
52492,train
52495,train
52498,train
525,train
5250,train
52501,train
52504,train
52507,train
5251,train
52510,train
52513,train
52516,train
52519,train
5252,train
52522,train
52525,train
52528,train
5253,train
52531,train
52534,train
52537,train
5254,train
52540,train
52543,train
52546,train
52549,train
5255,train
52552,train
52555,train
52558,train
5256,train
52561,train
52564,train
52567,train
5257,train
52570,train
52573,train
52576,train
52579,train
5258,train
52582,train
52585,train
52588,train
5259,train
52591,train
52594,train
52597,train
526,train
5260,train
52600,train
52603,train
52606,train
52609,train
5261,train
52612,train
52615,train
52618,train
5262,train
52621,train
52624,train
52627,train
5263,train
52630,train
52633,train
52636,train
52639,train
5264,train
52642,train
52645,train
52648,train
5265,train
52651,train
52654,train
52657,train
5266,train
52660,train
52663,train
52666,train
52669,train
5267,train
52672,train
52675,train
52678,train
5268,train
52681,train
52684,train
52687,train
5269,train
52690,train
52693,train
52696,train
52699,train
527,train
5270,train
52702,train
52705,train
52708,train
5271,train
52711,train
52714,train
52717,train
5272,train
52720,train
52723,train
52726,train
52729,train
5273,train
52732,train
52735,train
52738,train
5274,train
52741,train
52744,train
52747,train
5275,train
52750,train
52753,train
52756,train
52759,train
5276,train
52762,train
52765,train
52768,train
5277,train
52771,train
52774,train
52777,train
5278,train
52780,train
52783,train
52786,train
52789,train
5279,train
52792,train
52795,train
52798,train
528,train
5280,train
52801,train
52804,train
52807,train
5281,train
52810,train
52813,train
52816,train
52819,train
5282,train
52822,train
52825,train
52828,train
5283,train
52831,train
52834,train
52837,train
5284,train
52840,train
52843,train
52846,train
52849,train
5285,train
52852,train
52855,train
52858,train
5286,train
52861,train
52864,train
52867,train
5287,train
52870,train
52873,train
52876,train
52879,train
5288,train
52882,train
52885,train
52888,train
5289,train
52891,train
52894,train
52897,train
529,train
5290,train
52900,train
52903,train
52906,train
52909,train
5291,train
52912,train
52915,train
52918,train
5292,train
52921,train
52924,train
52927,train
5293,train
52930,train
52933,train
52936,train
52939,train
5294,train
52942,train
52945,train
52948,train
5295,train
52951,train
52954,train
52957,train
5296,train
52960,train
52963,train
52966,train
52969,train
5297,train
52972,train
52975,train
52978,train
5298,train
52981,train
52984,train
52987,train
5299,train
52990,train
52993,train
52996,train
52999,train
53,train
530,train
5300,train
53002,train
53005,train
53008,train
5301,train
53011,train
53014,train
53017,train
5302,train
53020,train
53023,train
53026,train
53029,train
5303,train
53032,train
53035,train
53038,train
5304,train
53041,train
53044,train
53047,train
5305,train
53050,train
53053,train
53056,train
53059,train
5306,train
53062,train
53065,train
53068,train
5307,train
53071,train
53074,train
53077,train
5308,train
53080,train
53083,train
53086,train
53089,train
5309,train
53092,train
53095,train
53098,train
531,train
5310,train
53101,train
53104,train
53107,train
5311,train
53110,train
53113,train
53116,train
53119,train
5312,train
53122,train
53125,train
53128,train
5313,train
53131,train
53134,train
53137,train
5314,train
53140,train
53143,train
53146,train
53149,train
5315,train
53152,train
53155,train
53158,train
5316,train
53161,train
53164,train
53167,train
5317,train
53170,train
53173,train
53176,train
53179,train
5318,train
53182,train
53185,train
53188,train
5319,train
53191,train
53194,train
53197,train
532,train
5320,train
53200,train
53203,train
53206,train
53209,train
5321,train
53212,train
53215,train
53218,train
5322,train
53221,train
53224,train
53227,train
5323,train
53230,train
53233,train
53236,train
53239,train
5324,train
53242,train
53245,train
53248,train
5325,train
53251,train
53254,train
53257,train
5326,train
53260,train
53263,train
53266,train
53269,train
5327,train
53272,train
53275,train
53278,train
5328,train
53281,train
53284,train
53287,train
5329,train
53290,train
53293,train
53296,train
53299,train
533,train
5330,train
53302,train
53305,train
53308,train
5331,train
53311,train
53314,train
53317,train
5332,train
53320,train
53323,train
53326,train
53329,train
5333,train
53332,train
53335,train
53338,train
5334,train
53341,train
53344,train
53347,train
5335,train
53350,train
53353,train
53356,train
53359,train
5336,train
53362,train
53365,train
53368,train
5337,train
53371,train
53374,train
53377,train
5338,train
53380,train
53383,train
53386,train
53389,train
5339,train
53392,train
53395,train
53398,train
534,train
5340,train
53401,train
53404,train
53407,train
5341,train
53410,train
53413,train
53416,train
53419,train
5342,train
53422,train
53425,train
53428,train
5343,train
53431,train
53434,train
53437,train
5344,train
53440,train
53443,train
53446,train
53449,train
5345,train
53452,train
53455,train
53458,train
5346,train
53461,train
53464,train
53467,train
5347,train
53470,train
53473,train
53476,train
53479,train
5348,train
53482,train
53485,train
53488,train
5349,train
53491,train
53494,train
53497,train
535,train
5350,train
53500,train
53503,train
53506,train
53509,train
5351,train
53512,train
53515,train
53518,train
5352,train
53521,train
53524,train
53527,train
5353,train
53530,train
53533,train
53536,train
53539,train
5354,train
53542,train
53545,train
53548,train
5355,train
53551,train
53554,train
53557,train
5356,train
53560,train
53563,train
53566,train
53569,train
5357,train
53572,train
53575,train
53578,train
5358,train
53581,train
53584,train
53587,train
5359,train
53590,train
53593,train
53596,train
53599,train
536,train
5360,train
53602,train
53605,train
53608,train
5361,train
53611,train
53614,train
53617,train
5362,train
53620,train
53623,train
53626,train
53629,train
5363,train
53632,train
53635,train
53638,train
5364,train
53641,train
53644,train
53647,train
5365,train
53650,train
53653,train
53656,train
53659,train
5366,train
53662,train
53665,train
53668,train
5367,train
53671,train
53674,train
53677,train
5368,train
53680,train
53683,train
53686,train
53689,train
5369,train
53692,train
53695,train
53698,train
537,train
5370,train
53701,train
53704,train
53707,train
5371,train
53710,train
53713,train
53716,train
53719,train
5372,train
53722,train
53725,train
53728,train
5373,train
53731,train
53734,train
53737,train
5374,train
53740,train
53743,train
53746,train
53749,train
5375,train
53752,train
53755,train
53758,train
5376,train
53761,train
53764,train
53767,train
5377,train
53770,train
53773,train
53776,train
53779,train
5378,train
53782,train
53785,train
53788,train
5379,train
53791,train
53794,train
53797,train
538,train
5380,train
53800,train
53803,train
53806,train
53809,train
5381,train
53812,train
53815,train
53818,train
5382,train
53821,train
53824,train
53827,train
5383,train
53830,train
53833,train
53836,train
53839,train
5384,train
53842,train
53845,train
53848,train
5385,train
53851,train
53854,train
53857,train
5386,train
53860,train
53863,train
53866,train
53869,train
5387,train
53872,train
53875,train
53878,train
5388,train
53881,train
53884,train
53887,train
5389,train
53890,train
53893,train
53896,train
53899,train
539,train
5390,train
53902,train
53905,train
53908,train
5391,train
53911,train
53914,train
53917,train
5392,train
53920,train
53923,train
53926,train
53929,train
5393,train
53932,train
53935,train
53938,train
5394,train
53941,train
53944,train
53947,train
5395,train
53950,train
53953,train
53956,train
53959,train
5396,train
53962,train
53965,train
53968,train
5397,train
53971,train
53974,train
53977,train
5398,train
53980,train
53983,train
53986,train
53989,train
5399,train
53992,train
53995,train
53998,train
54,train
540,train
5400,train
54001,train
54004,train
54007,train
5401,train
54010,train
54013,train
54016,train
54019,train
5402,train
54022,train
54025,train
54028,train
5403,train
54031,train
54034,train
54037,train
5404,train
54040,train
54043,train
54046,train
54049,train
5405,train
54052,train
54055,train
54058,train
5406,train
54061,train
54064,train
54067,train
5407,train
54070,train
54073,train
54076,train
54079,train
5408,train
54082,train
54085,train
54088,train
5409,train
54091,train
54094,train
54097,train
541,train
5410,train
54100,train
54103,train
54106,train
54109,train
5411,train
54112,train
54115,train
54118,train
5412,train
54121,train
54124,train
54127,train
5413,train
54130,train
54133,train
54136,train
54139,train
5414,train
54142,train
54145,train
54148,train
5415,train
54151,train
54154,train
54157,train
5416,train
54160,train
54163,train
54166,train
54169,train
5417,train
54172,train
54175,train
54178,train
5418,train
54181,train
54184,train
54187,train
5419,train
54190,train
54193,train
54196,train
54199,train
542,train
5420,train
54202,train
54205,train
54208,train
5421,train
54211,train
54214,train
54217,train
5422,train
54220,train
54223,train
54226,train
54229,train
5423,train
54232,train
54235,train
54238,train
5424,train
54241,train
54244,train
54247,train
5425,train
54250,train
54253,train
54256,train
54259,train
5426,train
54262,train
54265,train
54268,train
5427,train
54271,train
54274,train
54277,train
5428,train
54280,train
54283,train
54286,train
54289,train
5429,train
54292,train
54295,train
54298,train
543,train
5430,train
54301,train
54304,train
54307,train
5431,train
54310,train
54313,train
54316,train
54319,train
5432,train
54322,train
54325,train
54328,train
5433,train
54331,train
54334,train
54337,train
5434,train
54340,train
54343,train
54346,train
54349,train
5435,train
54352,train
54355,train
54358,train
5436,train
54361,train
54364,train
54367,train
5437,train
54370,train
54373,train
54376,train
54379,train
5438,train
54382,train
54385,train
54388,train
5439,train
54391,train
54394,train
54397,train
544,train
5440,train
54400,train
54403,train
54406,train
54409,train
5441,train
54412,train
54415,train
54418,train
5442,train
54421,train
54424,train
54427,train
5443,train
54430,train
54433,train
54436,train
54439,train
5444,train
54442,train
54445,train
54448,train
5445,train
54451,train
54454,train
54457,train
5446,train
54460,train
54463,train
54466,train
54469,train
5447,train
54472,train
54475,train
54478,train
5448,train
54481,train
54484,train
54487,train
5449,train
54490,train
54493,train
54496,train
54499,train
545,train
5450,train
54502,train
54505,train
54508,train
5451,train
54511,train
54514,train
54517,train
5452,train
54520,train
54523,train
54526,train
54529,train
5453,train
54532,train
54535,train
54538,train
5454,train
54541,train
54544,train
54547,train
5455,train
54550,train
54553,train
54556,train
54559,train
5456,train
54562,train
54565,train
54568,train
5457,train
54571,train
54574,train
54577,train
5458,train
54580,train
54583,train
54586,train
54589,train
5459,train
54592,train
54595,train
54598,train
546,train
5460,train
54601,train
54604,train
54607,train
5461,train
54610,train
54613,train
54616,train
54619,train
5462,train
54622,train
54625,train
54628,train
5463,train
54631,train
54634,train
54637,train
5464,train
54640,train
54643,train
54646,train
54649,train
5465,train
54652,train
54655,train
54658,train
5466,train
54661,train
54664,train
54667,train
5467,train
54670,train
54673,train
54676,train
54679,train
5468,train
54682,train
54685,train
54688,train
5469,train
54691,train
54694,train
54697,train
547,train
5470,train
54700,train
54703,train
54706,train
54709,train
5471,train
54712,train
54715,train
54718,train
5472,train
54721,train
54724,train
54727,train
5473,train
54730,train
54733,train
54736,train
54739,train
5474,train
54742,train
54745,train
54748,train
5475,train
54751,train
54754,train
54757,train
5476,train
54760,train
54763,train
54766,train
54769,train
5477,train
54772,train
54775,train
54778,train
5478,train
54781,train
54784,train
54787,train
5479,train
54790,train
54793,train
54796,train
54799,train
548,train
5480,train
54802,train
54805,train
54808,train
5481,train
54811,train
54814,train
54817,train
5482,train
54820,train
54823,train
54826,train
54829,train
5483,train
54832,train
54835,train
54838,train
5484,train
54841,train
54844,train
54847,train
5485,train
54850,train
54853,train
54856,train
54859,train
5486,train
54862,train
54865,train
54868,train
5487,train
54871,train
54874,train
54877,train
5488,train
54880,train
54883,train
54886,train
54889,train
5489,train
54892,train
54895,train
54898,train
549,train
5490,train
54901,train
54904,train
54907,train
5491,train
54910,train
54913,train
54916,train
54919,train
5492,train
54922,train
54925,train
54928,train
5493,train
54931,train
54934,train
54937,train
5494,train
54940,train
54943,train
54946,train
54949,train
5495,train
54952,train
54955,train
54958,train
5496,train
54961,train
54964,train
54967,train
5497,train
54970,train
54973,train
54976,train
54979,train
5498,train
54982,train
54985,train
54988,train
5499,train
54991,train
54994,train
54997,train
55,train
550,train
5500,train
55000,train
55003,train
55006,train
55009,train
5501,train
55012,train
55015,train
55018,train
5502,train
55021,train
55024,train
55027,train
5503,train
55030,train
55033,train
55036,train
55039,train
5504,train
55042,train
55045,train
55048,train
5505,train
55051,train
55054,train
55057,train
5506,train
55060,train
55063,train
55066,train
55069,train
5507,train
55072,train
55075,train
55078,train
5508,train
55081,train
55084,train
55087,train
5509,train
55090,train
55093,train
55096,train
55099,train
551,train
5510,train
55102,train
55105,train
55108,train
5511,train
55111,train
55114,train
55117,train
5512,train
55120,train
55123,train
55126,train
55129,train
5513,train
55132,train
55135,train
55138,train
5514,train
55141,train
55144,train
55147,train
5515,train
55150,train
55153,train
55156,train
55159,train
5516,train
55162,train
55165,train
55168,train
5517,train
55171,train
55174,train
55177,train
5518,train
55180,train
55183,train
55186,train
55189,train
5519,train
55192,train
55195,train
55198,train
552,train
5520,train
55201,train
55204,train
55207,train
5521,train
55210,train
55213,train
55216,train
55219,train
5522,train
55222,train
55225,train
55228,train
5523,train
55231,train
55234,train
55237,train
5524,train
55240,train
55243,train
55246,train
55249,train
5525,train
55252,train
55255,train
55258,train
5526,train
55261,train
55264,train
55267,train
5527,train
55270,train
55273,train
55276,train
55279,train
5528,train
55282,train
55285,train
55288,train
5529,train
55291,train
55294,train
55297,train
553,train
5530,train
55300,train
55303,train
55306,train
55309,train
5531,train
55312,train
55315,train
55318,train
5532,train
55321,train
55324,train
55327,train
5533,train
55330,train
55333,train
55336,train
55339,train
5534,train
55342,train
55345,train
55348,train
5535,train
55351,train
55354,train
55357,train
5536,train
55360,train
55363,train
55366,train
55369,train
5537,train
55372,train
55375,train
55378,train
5538,train
55381,train
55384,train
55387,train
5539,train
55390,train
55393,train
55396,train
55399,train
554,train
5540,train
55402,train
55405,train
55408,train
5541,train
55411,train
55414,train
55417,train
5542,train
55420,train
55423,train
55426,train
55429,train
5543,train
55432,train
55435,train
55438,train
5544,train
55441,train
55444,train
55447,train
5545,train
55450,train
55453,train
55456,train
55459,train
5546,train
55462,train
55465,train
55468,train
5547,train
55471,train
55474,train
55477,train
5548,train
55480,train
55483,train
55486,train
55489,train
5549,train
55492,train
55495,train
55498,train
555,train
5550,train
55501,train
55504,train
55507,train
5551,train
55510,train
55513,train
55516,train
55519,train
5552,train
55522,train
55525,train
55528,train
5553,train
55531,train
55534,train
55537,train
5554,train
55540,train
55543,train
55546,train
55549,train
5555,train
55552,train
55555,train
55558,train
5556,train
55561,train
55564,train
55567,train
5557,train
55570,train
55573,train
55576,train
55579,train
5558,train
55582,train
55585,train
55588,train
5559,train
55591,train
55594,train
55597,train
556,train
5560,train
55600,train
55603,train
55606,train
55609,train
5561,train
55612,train
55615,train
55618,train
5562,train
55621,train
55624,train
55627,train
5563,train
55630,train
55633,train
55636,train
55639,train
5564,train
55642,train
55645,train
55648,train
5565,train
55651,train
55654,train
55657,train
5566,train
55660,train
55663,train
55666,train
55669,train
5567,train
55672,train
55675,train
55678,train
5568,train
55681,train
55684,train
55687,train
5569,train
55690,train
55693,train
55696,train
55699,train
557,train
5570,train
55702,train
55705,train
55708,train
5571,train
55711,train
55714,train
55717,train
5572,train
55720,train
55723,train
55726,train
55729,train
5573,train
55732,train
55735,train
55738,train
5574,train
55741,train
55744,train
55747,train
5575,train
55750,train
55753,train
55756,train
55759,train
5576,train
55762,train
55765,train
55768,train
5577,train
55771,train
55774,train
55777,train
5578,train
55780,train
55783,train
55786,train
55789,train
5579,train
55792,train
55795,train
55798,train
558,train
5580,train
55801,train
55804,train
55807,train
5581,train
55810,train
55813,train
55816,train
55819,train
5582,train
55822,train
55825,train
55828,train
5583,train
55831,train
55834,train
55837,train
5584,train
55840,train
55843,train
55846,train
55849,train
5585,train
55852,train
55855,train
55858,train
5586,train
55861,train
55864,train
55867,train
5587,train
55870,train
55873,train
55876,train
55879,train
5588,train
55882,train
55885,train
55888,train
5589,train
55891,train
55894,train
55897,train
559,train
5590,train
55900,train
55903,train
55906,train
55909,train
5591,train
55912,train
55915,train
55918,train
5592,train
55921,train
55924,train
55927,train
5593,train
55930,train
55933,train
55936,train
55939,train
5594,train
55942,train
55945,train
55948,train
5595,train
55951,train
55954,train
55957,train
5596,train
55960,train
55963,train
55966,train
55969,train
5597,train
55972,train
55975,train
55978,train
5598,train
55981,train
55984,train
55987,train
5599,train
55990,train
55993,train
55996,train
55999,train
56,train
560,train
5600,train
56002,train
56005,train
56008,train
5601,train
56011,train
56014,train
56017,train
5602,train
56020,train
56023,train
56026,train
56029,train
5603,train
56032,train
56035,train
56038,train
5604,train
56041,train
56044,train
56047,train
5605,train
56050,train
56053,train
56056,train
56059,train
5606,train
56062,train
56065,train
56068,train
5607,train
56071,train
56074,train
56077,train
5608,train
56080,train
56083,train
56086,train
56089,train
5609,train
56092,train
56095,train
56098,train
561,train
5610,train
56101,train
56104,train
56107,train
5611,train
56110,train
56113,train
56116,train
56119,train
5612,train
56122,train
56125,train
56128,train
5613,train
56131,train
56134,train
56137,train
5614,train
56140,train
56143,train
56146,train
56149,train
5615,train
56152,train
56155,train
56158,train
5616,train
56161,train
56164,train
56167,train
5617,train
56170,train
56173,train
56176,train
56179,train
5618,train
56182,train
56185,train
56188,train
5619,train
56191,train
56194,train
56197,train
562,train
5620,train
56200,train
56203,train
56206,train
56209,train
5621,train
56212,train
56215,train
56218,train
5622,train
56221,train
56224,train
56227,train
5623,train
56230,train
56233,train
56236,train
56239,train
5624,train
56242,train
56245,train
56248,train
5625,train
56251,train
56254,train
56257,train
5626,train
56260,train
56263,train
56266,train
56269,train
5627,train
56272,train
56275,train
56278,train
5628,train
56281,train
56284,train
56287,train
5629,train
56290,train
56293,train
56296,train
56299,train
563,train
5630,train
56302,train
56305,train
56308,train
5631,train
56311,train
56314,train
56317,train
5632,train
56320,train
56323,train
56326,train
56329,train
5633,train
56332,train
56335,train
56338,train
5634,train
56341,train
56344,train
56347,train
5635,train
56350,train
56353,train
56356,train
56359,train
5636,train
56362,train
56365,train
56368,train
5637,train
56371,train
56374,train
56377,train
5638,train
56380,train
56383,train
56386,train
56389,train
5639,train
56392,train
56395,train
56398,train
564,train
5640,train
56401,train
56404,train
56407,train
5641,train
56410,train
56413,train
56416,train
56419,train
5642,train
56422,train
56425,train
56428,train
5643,train
56431,train
56434,train
56437,train
5644,train
56440,train
56443,train
56446,train
56449,train
5645,train
56452,train
56455,train
56458,train
5646,train
56461,train
56464,train
56467,train
5647,train
56470,train
56473,train
56476,train
56479,train
5648,train
56482,train
56485,train
56488,train
5649,train
56491,train
56494,train
56497,train
565,train
5650,train
56500,train
56503,train
56506,train
56509,train
5651,train
56512,train
56515,train
56518,train
5652,train
56521,train
56524,train
56527,train
5653,train
56530,train
56533,train
56536,train
56539,train
5654,train
56542,train
56545,train
56548,train
5655,train
56551,train
56554,train
56557,train
5656,train
56560,train
56563,train
56566,train
56569,train
5657,train
56572,train
56575,train
56578,train
5658,train
56581,train
56584,train
56587,train
5659,train
56590,train
56593,train
56596,train
56599,train
566,train
5660,train
56602,train
56605,train
56608,train
5661,train
56611,train
56614,train
56617,train
5662,train
56620,train
56623,train
56626,train
56629,train
5663,train
56632,train
56635,train
56638,train
5664,train
56641,train
56644,train
56647,train
5665,train
56650,train
56653,train
56656,train
56659,train
5666,train
56662,train
56665,train
56668,train
5667,train
56671,train
56674,train
56677,train
5668,train
56680,train
56683,train
56686,train
56689,train
5669,train
56692,train
56695,train
56698,train
567,train
5670,train
56701,train
56704,train
56707,train
5671,train
56710,train
56713,train
56716,train
56719,train
5672,train
56722,train
56725,train
56728,train
5673,train
56731,train
56734,train
56737,train
5674,train
56740,train
56743,train
56746,train
56749,train
5675,train
56752,train
56755,train
56758,train
5676,train
56761,train
56764,train
56767,train
5677,train
56770,train
56773,train
56776,train
56779,train
5678,train
56782,train
56785,train
56788,train
5679,train
56791,train
56794,train
56797,train
568,train
5680,train
56800,train
56803,train
56806,train
56809,train
5681,train
56812,train
56815,train
56818,train
5682,train
56821,train
56824,train
56827,train
5683,train
56830,train
56833,train
56836,train
56839,train
5684,train
56842,train
56845,train
56848,train
5685,train
56851,train
56854,train
56857,train
5686,train
56860,train
56863,train
56866,train
56869,train
5687,train
56872,train
56875,train
56878,train
5688,train
56881,train
56884,train
56887,train
5689,train
56890,train
56893,train
56896,train
56899,train
569,train
5690,train
56902,train
56905,train
56908,train
5691,train
56911,train
56914,train
56917,train
5692,train
56920,train
56923,train
56926,train
56929,train
5693,train
56932,train
56935,train
56938,train
5694,train
56941,train
56944,train
56947,train
5695,train
56950,train
56953,train
56956,train
56959,train
5696,train
56962,train
56965,train
56968,train
5697,train
56971,train
56974,train
56977,train
5698,train
56980,train
56983,train
56986,train
56989,train
5699,train
56992,train
56995,train
56998,train
57,train
570,train
5700,train
57001,train
57004,train
57007,train
5701,train
57010,train
57013,train
57016,train
57019,train
5702,train
57022,train
57025,train
57028,train
5703,train
57031,train
57034,train
57037,train
5704,train
57040,train
57043,train
57046,train
57049,train
5705,train
57052,train
57055,train
57058,train
5706,train
57061,train
57064,train
57067,train
5707,train
57070,train
57073,train
57076,train
57079,train
5708,train
57082,train
57085,train
57088,train
5709,train
57091,train
57094,train
57097,train
571,train
5710,train
57100,train
57103,train
57106,train
57109,train
5711,train
57112,train
57115,train
57118,train
5712,train
57121,train
57124,train
57127,train
5713,train
57130,train
57133,train
57136,train
57139,train
5714,train
57142,train
57145,train
57148,train
5715,train
57151,train
57154,train
57157,train
5716,train
57160,train
57163,train
57166,train
57169,train
5717,train
57172,train
57175,train
57178,train
5718,train
57181,train
57184,train
57187,train
5719,train
57190,train
57193,train
57196,train
57199,train
572,train
5720,train
57202,train
57205,train
57208,train
5721,train
57211,train
57214,train
57217,train
5722,train
57220,train
57223,train
57226,train
57229,train
5723,train
57232,train
57235,train
57238,train
5724,train
57241,train
57244,train
57247,train
5725,train
57250,train
57253,train
57256,train
57259,train
5726,train
57262,train
57265,train
57268,train
5727,train
57271,train
57274,train
57277,train
5728,train
57280,train
57283,train
57286,train
57289,train
5729,train
57292,train
57295,train
57298,train
573,train
5730,train
57301,train
57304,train
57307,train
5731,train
57310,train
57313,train
57316,train
57319,train
5732,train
57322,train
57325,train
57328,train
5733,train
57331,train
57334,train
57337,train
5734,train
57340,train
57343,train
57346,train
57349,train
5735,train
57352,train
57355,train
57358,train
5736,train
57361,train
57364,train
57367,train
5737,train
57370,train
57373,train
57376,train
57379,train
5738,train
57382,train
57385,train
57388,train
5739,train
57391,train
57394,train
57397,train
574,train
5740,train
57400,train
57403,train
57406,train
57409,train
5741,train
57412,train
57415,train
57418,train
5742,train
57421,train
57424,train
57427,train
5743,train
57430,train
57433,train
57436,train
57439,train
5744,train
57442,train
57445,train
57448,train
5745,train
57451,train
57454,train
57457,train
5746,train
57460,train
57463,train
57466,train
57469,train
5747,train
57472,train
57475,train
57478,train
5748,train
57481,train
57484,train
57487,train
5749,train
57490,train
57493,train
57496,train
57499,train
575,train
5750,train
57502,train
57505,train
57508,train
5751,train
57511,train
57514,train
57517,train
5752,train
57520,train
57523,train
57526,train
57529,train
5753,train
57532,train
57535,train
57538,train
5754,train
57541,train
57544,train
57547,train
5755,train
57550,train
57553,train
57556,train
57559,train
5756,train
57562,train
57565,train
57568,train
5757,train
57571,train
57574,train
57577,train
5758,train
57580,train
57583,train
57586,train
57589,train
5759,train
57592,train
57595,train
57598,train
576,train
5760,train
57601,train
57604,train
57607,train
5761,train
57610,train
57613,train
57616,train
57619,train
5762,train
57622,train
57625,train
57628,train
5763,train
57631,train
57634,train
57637,train
5764,train
57640,train
57643,train
57646,train
57649,train
5765,train
57652,train
57655,train
57658,train
5766,train
57661,train
57664,train
57667,train
5767,train
57670,train
57673,train
57676,train
57679,train
5768,train
57682,train
57685,train
57688,train
5769,train
57691,train
57694,train
57697,train
577,train
5770,train
57700,train
57703,train
57706,train
57709,train
5771,train
57712,train
57715,train
57718,train
5772,train
57721,train
57724,train
57727,train
5773,train
57730,train
57733,train
57736,train
57739,train
5774,train
57742,train
57745,train
57748,train
5775,train
57751,train
57754,train
57757,train
5776,train
57760,train
57763,train
57766,train
57769,train
5777,train
57772,train
57775,train
57778,train
5778,train
57781,train
57784,train
57787,train
5779,train
57790,train
57793,train
57796,train
57799,train
578,train
5780,train
57802,train
57805,train
57808,train
5781,train
57811,train
57814,train
57817,train
5782,train
57820,train
57823,train
57826,train
57829,train
5783,train
57832,train
57835,train
57838,train
5784,train
57841,train
57844,train
57847,train
5785,train
57850,train
57853,train
57856,train
57859,train
5786,train
57862,train
57865,train
57868,train
5787,train
57871,train
57874,train
57877,train
5788,train
57880,train
57883,train
57886,train
57889,train
5789,train
57892,train
57895,train
57898,train
579,train
5790,train
57901,train
57904,train
57907,train
5791,train
57910,train
57913,train
57916,train
57919,train
5792,train
57922,train
57925,train
57928,train
5793,train
57931,train
57934,train
57937,train
5794,train
57940,train
57943,train
57946,train
57949,train
5795,train
57952,train
57955,train
57958,train
5796,train
57961,train
57964,train
57967,train
5797,train
57970,train
57973,train
57976,train
57979,train
5798,train
57982,train
57985,train
57988,train
5799,train
57991,train
57994,train
57997,train
58,train
580,train
5800,train
58000,train
58003,train
58006,train
58009,train
5801,train
58012,train
58015,train
58018,train
5802,train
58021,train
58024,train
58027,train
5803,train
58030,train
58033,train
58036,train
58039,train
5804,train
58042,train
58045,train
58048,train
5805,train
58051,train
58054,train
58057,train
5806,train
58060,train
58063,train
58066,train
58069,train
5807,train
58072,train
58075,train
58078,train
5808,train
58081,train
58084,train
58087,train
5809,train
58090,train
58093,train
58096,train
58099,train
581,train
5810,train
58102,train
58105,train
58108,train
5811,train
58111,train
58114,train
58117,train
5812,train
58120,train
58123,train
58126,train
58129,train
5813,train
58132,train
58135,train
58138,train
5814,train
58141,train
58144,train
58147,train
5815,train
58150,train
58153,train
58156,train
58159,train
5816,train
58162,train
58165,train
58168,train
5817,train
58171,train
58174,train
58177,train
5818,train
58180,train
58183,train
58186,train
58189,train
5819,train
58192,train
58195,train
58198,train
582,train
5820,train
58201,train
58204,train
58207,train
5821,train
58210,train
58213,train
58216,train
58219,train
5822,train
58222,train
58225,train
58228,train
5823,train
58231,train
58234,train
58237,train
5824,train
58240,train
58243,train
58246,train
58249,train
5825,train
58252,train
58255,train
58258,train
5826,train
58261,train
58264,train
58267,train
5827,train
58270,train
58273,train
58276,train
58279,train
5828,train
58282,train
58285,train
58288,train
5829,train
58291,train
58294,train
58297,train
583,train
5830,train
58300,train
58303,train
58306,train
58309,train
5831,train
58312,train
58315,train
58318,train
5832,train
58321,train
58324,train
58327,train
5833,train
58330,train
58333,train
58336,train
58339,train
5834,train
58342,train
58345,train
58348,train
5835,train
58351,train
58354,train
58357,train
5836,train
58360,train
58363,train
58366,train
58369,train
5837,train
58372,train
58375,train
58378,train
5838,train
58381,train
58384,train
58387,train
5839,train
58390,train
58393,train
58396,train
58399,train
584,train
5840,train
58402,train
58405,train
58408,train
5841,train
58411,train
58414,train
58417,train
5842,train
58420,train
58423,train
58426,train
58429,train
5843,train
58432,train
58435,train
58438,train
5844,train
58441,train
58444,train
58447,train
5845,train
58450,train
58453,train
58456,train
58459,train
5846,train
58462,train
58465,train
58468,train
5847,train
58471,train
58474,train
58477,train
5848,train
58480,train
58483,train
58486,train
58489,train
5849,train
58492,train
58495,train
58498,train
585,train
5850,train
58501,train
58504,train
58507,train
5851,train
58510,train
58513,train
58516,train
58519,train
5852,train
58522,train
58525,train
58528,train
5853,train
58531,train
58534,train
58537,train
5854,train
58540,train
58543,train
58546,train
58549,train
5855,train
58552,train
58555,train
58558,train
5856,train
58561,train
58564,train
58567,train
5857,train
58570,train
58573,train
58576,train
58579,train
5858,train
58582,train
58585,train
58588,train
5859,train
58591,train
58594,train
58597,train
586,train
5860,train
58600,train
58603,train
58606,train
58609,train
5861,train
58612,train
58615,train
58618,train
5862,train
58621,train
58624,train
58627,train
5863,train
58630,train
58633,train
58636,train
58639,train
5864,train
58642,train
58645,train
58648,train
5865,train
58651,train
58654,train
58657,train
5866,train
58660,train
58663,train
58666,train
58669,train
5867,train
58672,train
58675,train
58678,train
5868,train
58681,train
58684,train
58687,train
5869,train
58690,train
58693,train
58696,train
58699,train
587,train
5870,train
58702,train
58705,train
58708,train
5871,train
58711,train
58714,train
58717,train
5872,train
58720,train
58723,train
58726,train
58729,train
5873,train
58732,train
58735,train
58738,train
5874,train
58741,train
58744,train
58747,train
5875,train
58750,train
58753,train
58756,train
58759,train
5876,train
58762,train
58765,train
58768,train
5877,train
58771,train
58774,train
58777,train
5878,train
58780,train
58783,train
58786,train
58789,train
5879,train
58792,train
58795,train
58798,train
588,train
5880,train
58801,train
58804,train
58807,train
5881,train
58810,train
58813,train
58816,train
58819,train
5882,train
58822,train
58825,train
58828,train
5883,train
58831,train
58834,train
58837,train
5884,train
58840,train
58843,train
58846,train
58849,train
5885,train
58852,train
58855,train
58858,train
5886,train
58861,train
58864,train
58867,train
5887,train
58870,train
58873,train
58876,train
58879,train
5888,train
58882,train
58885,train
58888,train
5889,train
58891,train
58894,train
58897,train
589,train
5890,train
58900,train
58903,train
58906,train
58909,train
5891,train
58912,train
58915,train
58918,train
5892,train
58921,train
58924,train
58927,train
5893,train
58930,train
58933,train
58936,train
58939,train
5894,train
58942,train
58945,train
58948,train
5895,train
58951,train
58954,train
58957,train
5896,train
58960,train
58963,train
58966,train
58969,train
5897,train
58972,train
58975,train
58978,train
5898,train
58981,train
58984,train
58987,train
5899,train
58990,train
58993,train
58996,train
58999,train
59,train
590,train
5900,train
59002,train
59005,train
59008,train
5901,train
59011,train
59014,train
59017,train
5902,train
59020,train
59023,train
59026,train
59029,train
5903,train
59032,train
59035,train
59038,train
5904,train
59041,train
59044,train
59047,train
5905,train
59050,train
59053,train
59056,train
59059,train
5906,train
59062,train
59065,train
59068,train
5907,train
59071,train
59074,train
59077,train
5908,train
59080,train
59083,train
59086,train
59089,train
5909,train
59092,train
59095,train
59098,train
591,train
5910,train
59101,train
59104,train
59107,train
5911,train
59110,train
59113,train
59116,train
59119,train
5912,train
59122,train
59125,train
59128,train
5913,train
59131,train
59134,train
59137,train
5914,train
59140,train
59143,train
59146,train
59149,train
5915,train
59152,train
59155,train
59158,train
5916,train
59161,train
59164,train
59167,train
5917,train
59170,train
59173,train
59176,train
59179,train
5918,train
59182,train
59185,train
59188,train
5919,train
59191,train
59194,train
59197,train
592,train
5920,train
59200,train
59203,train
59206,train
59209,train
5921,train
59212,train
59215,train
59218,train
5922,train
59221,train
59224,train
59227,train
5923,train
59230,train
59233,train
59236,train
59239,train
5924,train
59242,train
59245,train
59248,train
5925,train
59251,train
59254,train
59257,train
5926,train
59260,train
59263,train
59266,train
59269,train
5927,train
59272,train
59275,train
59278,train
5928,train
59281,train
59284,train
59287,train
5929,train
59290,train
59293,train
59296,train
59299,train
593,train
5930,train
59302,train
59305,train
59308,train
5931,train
59311,train
59314,train
59317,train
5932,train
59320,train
59323,train
59326,train
59329,train
5933,train
59332,train
59335,train
59338,train
5934,train
59341,train
59344,train
59347,train
5935,train
59350,train
59353,train
59356,train
59359,train
5936,train
59362,train
59365,train
59368,train
5937,train
59371,train
59374,train
59377,train
5938,train
59380,train
59383,train
59386,train
59389,train
5939,train
59392,train
59395,train
59398,train
594,train
5940,train
59401,train
59404,train
59407,train
5941,train
59410,train
59413,train
59416,train
59419,train
5942,train
59422,train
59425,train
59428,train
5943,train
59431,train
59434,train
59437,train
5944,train
59440,train
59443,train
59446,train
59449,train
5945,train
59452,train
59455,train
59458,train
5946,train
59461,train
59464,train
59467,train
5947,train
59470,train
59473,train
59476,train
59479,train
5948,train
59482,train
59485,train
59488,train
5949,train
59491,train
59494,train
59497,train
595,train
5950,train
59500,train
59503,train
59506,train
59509,train
5951,train
59512,train
59515,train
59518,train
5952,train
59521,train
59524,train
59527,train
5953,train
59530,train
59533,train
59536,train
59539,train
5954,train
59542,train
59545,train
59548,train
5955,train
59551,train
59554,train
59557,train
5956,train
59560,train
59563,train
59566,train
59569,train
5957,train
59572,train
59575,train
59578,train
5958,train
59581,train
59584,train
59587,train
5959,train
59590,train
59593,train
59596,train
59599,train
596,train
5960,train
59602,train
59605,train
59608,train
5961,train
59611,train
59614,train
59617,train
5962,train
59620,train
59623,train
59626,train
59629,train
5963,train
59632,train
59635,train
59638,train
5964,train
59641,train
59644,train
59647,train
5965,train
59650,train
59653,train
59656,train
59659,train
5966,train
59662,train
59665,train
59668,train
5967,train
59671,train
59674,train
59677,train
5968,train
59680,train
59683,train
59686,train
59689,train
5969,train
59692,train
59695,train
59698,train
597,train
5970,train
59701,train
59704,train
59707,train
5971,train
59710,train
59713,train
59716,train
59719,train
5972,train
59722,train
59725,train
59728,train
5973,train
59731,train
59734,train
59737,train
5974,train
59740,train
59743,train
59746,train
59749,train
5975,train
59752,train
59755,train
59758,train
5976,train
59761,train
59764,train
59767,train
5977,train
59770,train
59773,train
59776,train
59779,train
5978,train
59782,train
59785,train
59788,train
5979,train
59791,train
59794,train
59797,train
598,train
5980,train
59800,train
59803,train
59806,train
59809,train
5981,train
59812,train
59815,train
59818,train
5982,train
59821,train
59824,train
59827,train
5983,train
59830,train
59833,train
59836,train
59839,train
5984,train
59842,train
59845,train
59848,train
5985,train
59851,train
59854,train
59857,train
5986,train
59860,train
59863,train
59866,train
59869,train
5987,train
59872,train
59875,train
59878,train
5988,train
59881,train
59884,train
59887,train
5989,train
59890,train
59893,train
59896,train
59899,train
599,train
5990,train
59902,train
59905,train
59908,train
5991,train
59911,train
59914,train
59917,train
5992,train
59920,train
59923,train
59926,train
59929,train
5993,train
59932,train
59935,train
59938,train
5994,train
59941,train
59944,train
59947,train
5995,train
59950,train
59953,train
59956,train
59959,train
5996,train
59962,train
59965,train
59968,train
5997,train
59971,train
59974,train
59977,train
5998,train
59980,train
59983,train
59986,train
59989,train
5999,train
59992,train
59995,train
59998,train
6,train
60,train
600,train
6000,train
60001,train
60004,train
60007,train
6001,train
60010,train
60013,train
60016,train
60019,train
6002,train
60022,train
60025,train
60028,train
6003,train
60031,train
60034,train
60037,train
6004,train
60040,train
60043,train
60046,train
60049,train
6005,train
60052,train
60055,train
60058,train
6006,train
60061,train
60064,train
60067,train
6007,train
60070,train
60073,train
60076,train
60079,train
6008,train
60082,train
60085,train
60088,train
6009,train
60091,train
60094,train
60097,train
601,train
6010,train
60100,train
60103,train
60106,train
60109,train
6011,train
60112,train
60115,train
60118,train
6012,train
60121,train
60124,train
60127,train
6013,train
60130,train
60133,train
60136,train
60139,train
6014,train
60142,train
60145,train
60148,train
6015,train
60151,train
60154,train
60157,train
6016,train
60160,train
60163,train
60166,train
60169,train
6017,train
60172,train
60175,train
60178,train
6018,train
60181,train
60184,train
60187,train
6019,train
60190,train
60193,train
60196,train
60199,train
602,train
6020,train
60202,train
60205,train
60208,train
6021,train
60211,train
60214,train
60217,train
6022,train
60220,train
60223,train
60226,train
60229,train
6023,train
60232,train
60235,train
60238,train
6024,train
60241,train
60244,train
60247,train
6025,train
60250,train
60253,train
60256,train
60259,train
6026,train
60262,train
60265,train
60268,train
6027,train
60271,train
60274,train
60277,train
6028,train
60280,train
60283,train
60286,train
60289,train
6029,train
60292,train
60295,train
60298,train
603,train
6030,train
60301,train
60304,train
60307,train
6031,train
60310,train
60313,train
60316,train
60319,train
6032,train
60322,train
60325,train
60328,train
6033,train
60331,train
60334,train
60337,train
6034,train
60340,train
60343,train
60346,train
60349,train
6035,train
60352,train
60355,train
60358,train
6036,train
60361,train
60364,train
60367,train
6037,train
60370,train
60373,train
60376,train
60379,train
6038,train
60382,train
60385,train
60388,train
6039,train
60391,train
60394,train
60397,train
604,train
6040,train
60400,train
60403,train
60406,train
60409,train
6041,train
60412,train
60415,train
60418,train
6042,train
60421,train
60424,train
60427,train
6043,train
60430,train
60433,train
60436,train
60439,train
6044,train
60442,train
60445,train
60448,train
6045,train
60451,train
60454,train
60457,train
6046,train
60460,train
60463,train
60466,train
60469,train
6047,train
60472,train
60475,train
60478,train
6048,train
60481,train
60484,train
60487,train
6049,train
60490,train
60493,train
60496,train
60499,train
605,train
6050,train
60502,train
60505,train
60508,train
6051,train
60511,train
60514,train
60517,train
6052,train
60520,train
60523,train
60526,train
60529,train
6053,train
60532,train
60535,train
60538,train
6054,train
60541,train
60544,train
60547,train
6055,train
60550,train
60553,train
60556,train
60559,train
6056,train
60562,train
60565,train
60568,train
6057,train
60571,train
60574,train
60577,train
6058,train
60580,train
60583,train
60586,train
60589,train
6059,train
60592,train
60595,train
60598,train
606,train
6060,train
60601,train
60604,train
60607,train
6061,train
60610,train
60613,train
60616,train
60619,train
6062,train
60622,train
60625,train
60628,train
6063,train
60631,train
60634,train
60637,train
6064,train
60640,train
60643,train
60646,train
60649,train
6065,train
60652,train
60655,train
60658,train
6066,train
60661,train
60664,train
60667,train
6067,train
60670,train
60673,train
60676,train
60679,train
6068,train
60682,train
60685,train
60688,train
6069,train
60691,train
60694,train
60697,train
607,train
6070,train
60700,train
60703,train
60706,train
60709,train
6071,train
60712,train
60715,train
60718,train
6072,train
60721,train
60724,train
60727,train
6073,train
60730,train
60733,train
60736,train
60739,train
6074,train
60742,train
60745,train
60748,train
6075,train
60751,train
60754,train
60757,train
6076,train
60760,train
60763,train
60766,train
60769,train
6077,train
60772,train
60775,train
60778,train
6078,train
60781,train
60784,train
60787,train
6079,train
60790,train
60793,train
60796,train
60799,train
608,train
6080,train
60802,train
60805,train
60808,train
6081,train
60811,train
60814,train
60817,train
6082,train
60820,train
60823,train
60826,train
60829,train
6083,train
60832,train
60835,train
60838,train
6084,train
60841,train
60844,train
60847,train
6085,train
60850,train
60853,train
60856,train
60859,train
6086,train
60862,train
60865,train
60868,train
6087,train
60871,train
60874,train
60877,train
6088,train
60880,train
60883,train
60886,train
60889,train
6089,train
60892,train
60895,train
60898,train
609,train
6090,train
60901,train
60904,train
60907,train
6091,train
60910,train
60913,train
60916,train
60919,train
6092,train
60922,train
60925,train
60928,train
6093,train
60931,train
60934,train
60937,train
6094,train
60940,train
60943,train
60946,train
60949,train
6095,train
60952,train
60955,train
60958,train
6096,train
60961,train
60964,train
60967,train
6097,train
60970,train
60973,train
60976,train
60979,train
6098,train
60982,train
60985,train
60988,train
6099,train
60991,train
60994,train
60997,train
61,train
610,train
6100,train
61000,train
61003,train
61006,train
61009,train
6101,train
61012,train
61015,train
61018,train
6102,train
61021,train
61024,train
61027,train
6103,train
61030,train
61033,train
61036,train
61039,train
6104,train
61042,train
61045,train
61048,train
6105,train
61051,train
61054,train
61057,train
6106,train
61060,train
61063,train
61066,train
61069,train
6107,train
61072,train
61075,train
61078,train
6108,train
61081,train
61084,train
61087,train
6109,train
61090,train
61093,train
61096,train
61099,train
611,train
6110,train
61102,train
61105,train
61108,train
6111,train
61111,train
61114,train
61117,train
6112,train
61120,train
61123,train
61126,train
61129,train
6113,train
61132,train
61135,train
61138,train
6114,train
61141,train
61144,train
61147,train
6115,train
61150,train
61153,train
61156,train
61159,train
6116,train
61162,train
61165,train
61168,train
6117,train
61171,train
61174,train
61177,train
6118,train
61180,train
61183,train
61186,train
61189,train
6119,train
61192,train
61195,train
61198,train
612,train
6120,train
61201,train
61204,train
61207,train
6121,train
61210,train
61213,train
61216,train
61219,train
6122,train
61222,train
61225,train
61228,train
6123,train
61231,train
61234,train
61237,train
6124,train
61240,train
61243,train
61246,train
61249,train
6125,train
61252,train
61255,train
61258,train
6126,train
61261,train
61264,train
61267,train
6127,train
61270,train
61273,train
61276,train
61279,train
6128,train
61282,train
61285,train
61288,train
6129,train
61291,train
61294,train
61297,train
613,train
6130,train
61300,train
61303,train
61306,train
61309,train
6131,train
61312,train
61315,train
61318,train
6132,train
61321,train
61324,train
61327,train
6133,train
61330,train
61333,train
61336,train
61339,train
6134,train
61342,train
61345,train
61348,train
6135,train
61351,train
61354,train
61357,train
6136,train
61360,train
61363,train
61366,train
61369,train
6137,train
61372,train
61375,train
61378,train
6138,train
61381,train
61384,train
61387,train
6139,train
61390,train
61393,train
61396,train
61399,train
614,train
6140,train
61402,train
61405,train
61408,train
6141,train
61411,train
61414,train
61417,train
6142,train
61420,train
61423,train
61426,train
61429,train
6143,train
61432,train
61435,train
61438,train
6144,train
61441,train
61444,train
61447,train
6145,train
61450,train
61453,train
61456,train
61459,train
6146,train
61462,train
61465,train
61468,train
6147,train
61471,train
61474,train
61477,train
6148,train
61480,train
61483,train
61486,train
61489,train
6149,train
61492,train
61495,train
61498,train
615,train
6150,train
61501,train
61504,train
61507,train
6151,train
61510,train
61513,train
61516,train
61519,train
6152,train
61522,train
61525,train
61528,train
6153,train
61531,train
61534,train
61537,train
6154,train
61540,train
61543,train
61546,train
61549,train
6155,train
61552,train
61555,train
61558,train
6156,train
61561,train
61564,train
61567,train
6157,train
61570,train
61573,train
61576,train
61579,train
6158,train
61582,train
61585,train
61588,train
6159,train
61591,train
61594,train
61597,train
616,train
6160,train
61600,train
61603,train
61606,train
61609,train
6161,train
61612,train
61615,train
61618,train
6162,train
61621,train
61624,train
61627,train
6163,train
61630,train
61633,train
61636,train
61639,train
6164,train
61642,train
61645,train
61648,train
6165,train
61651,train
61654,train
61657,train
6166,train
61660,train
61663,train
61666,train
61669,train
6167,train
61672,train
61675,train
61678,train
6168,train
61681,train
61684,train
61687,train
6169,train
61690,train
61693,train
61696,train
61699,train
617,train
6170,train
61702,train
61705,train
61708,train
6171,train
61711,train
61714,train
61717,train
6172,train
61720,train
61723,train
61726,train
61729,train
6173,train
61732,train
61735,train
61738,train
6174,train
61741,train
61744,train
61747,train
6175,train
61750,train
61753,train
61756,train
61759,train
6176,train
61762,train
61765,train
61768,train
6177,train
61771,train
61774,train
61777,train
6178,train
61780,train
61783,train
61786,train
61789,train
6179,train
61792,train
61795,train
61798,train
618,train
6180,train
61801,train
61804,train
61807,train
6181,train
61810,train
61813,train
61816,train
61819,train
6182,train
61822,train
61825,train
61828,train
6183,train
61831,train
61834,train
61837,train
6184,train
61840,train
61843,train
61846,train
61849,train
6185,train
61852,train
61855,train
61858,train
6186,train
61861,train
61864,train
61867,train
6187,train
61870,train
61873,train
61876,train
61879,train
6188,train
61882,train
61885,train
61888,train
6189,train
61891,train
61894,train
61897,train
619,train
6190,train
61900,train
61903,train
61906,train
61909,train
6191,train
61912,train
61915,train
61918,train
6192,train
61921,train
61924,train
61927,train
6193,train
61930,train
61933,train
61936,train
61939,train
6194,train
61942,train
61945,train
61948,train
6195,train
61951,train
61954,train
61957,train
6196,train
61960,train
61963,train
61966,train
61969,train
6197,train
61972,train
61975,train
61978,train
6198,train
61981,train
61984,train
61987,train
6199,train
61990,train
61993,train
61996,train
61999,train
62,train
620,train
6200,train
62002,train
62005,train
62008,train
6201,train
62011,train
62014,train
62017,train
6202,train
62020,train
62023,train
62026,train
62029,train
6203,train
62032,train
62035,train
62038,train
6204,train
62041,train
62044,train
62047,train
6205,train
62050,train
62053,train
62056,train
62059,train
6206,train
62062,train
62065,train
62068,train
6207,train
62071,train
62074,train
62077,train
6208,train
62080,train
62083,train
62086,train
62089,train
6209,train
62092,train
62095,train
62098,train
621,train
6210,train
62101,train
62104,train
62107,train
6211,train
62110,train
62113,train
62116,train
62119,train
6212,train
62122,train
62125,train
62128,train
6213,train
62131,train
62134,train
62137,train
6214,train
62140,train
62143,train
62146,train
62149,train
6215,train
62152,train
62155,train
62158,train
6216,train
62161,train
62164,train
62167,train
6217,train
62170,train
62173,train
62176,train
62179,train
6218,train
62182,train
62185,train
62188,train
6219,train
62191,train
62194,train
62197,train
622,train
6220,train
62200,train
62203,train
62206,train
62209,train
6221,train
62212,train
62215,train
62218,train
6222,train
62221,train
62224,train
62227,train
6223,train
62230,train
62233,train
62236,train
62239,train
6224,train
62242,train
62245,train
62248,train
6225,train
62251,train
62254,train
62257,train
6226,train
62260,train
62263,train
62266,train
62269,train
6227,train
62272,train
62275,train
62278,train
6228,train
62281,train
62284,train
62287,train
6229,train
62290,train
62293,train
62296,train
62299,train
623,train
6230,train
62302,train
62305,train
62308,train
6231,train
62311,train
62314,train
62317,train
6232,train
62320,train
62323,train
62326,train
62329,train
6233,train
62332,train
62335,train
62338,train
6234,train
62341,train
62344,train
62347,train
6235,train
62350,train
62353,train
62356,train
62359,train
6236,train
62362,train
62365,train
62368,train
6237,train
62371,train
62374,train
62377,train
6238,train
62380,train
62383,train
62386,train
62389,train
6239,train
62392,train
62395,train
62398,train
624,train
6240,train
62401,train
62404,train
62407,train
6241,train
62410,train
62413,train
62416,train
62419,train
6242,train
62422,train
62425,train
62428,train
6243,train
62431,train
62434,train
62437,train
6244,train
62440,train
62443,train
62446,train
62449,train
6245,train
62452,train
62455,train
62458,train
6246,train
62461,train
62464,train
62467,train
6247,train
62470,train
62473,train
62476,train
62479,train
6248,train
62482,train
62485,train
62488,train
6249,train
62491,train
62494,train
62497,train
625,train
6250,train
62500,train
62503,train
62506,train
62509,train
6251,train
62512,train
62515,train
62518,train
6252,train
62521,train
62524,train
62527,train
6253,train
62530,train
62533,train
62536,train
62539,train
6254,train
62542,train
62545,train
62548,train
6255,train
62551,train
62554,train
62557,train
6256,train
62560,train
62563,train
62566,train
62569,train
6257,train
62572,train
62575,train
62578,train
6258,train
62581,train
62584,train
62587,train
6259,train
62590,train
62593,train
62596,train
62599,train
626,train
6260,train
62602,train
62605,train
62608,train
6261,train
62611,train
62614,train
62617,train
6262,train
62620,train
62623,train
62626,train
62629,train
6263,train
62632,train
62635,train
62638,train
6264,train
62641,train
62644,train
62647,train
6265,train
62650,train
62653,train
62656,train
62659,train
6266,train
62662,train
62665,train
62668,train
6267,train
62671,train
62674,train
62677,train
6268,train
62680,train
62683,train
62686,train
62689,train
6269,train
62692,train
62695,train
62698,train
627,train
6270,train
62701,train
62704,train
62707,train
6271,train
62710,train
62713,train
62716,train
62719,train
6272,train
62722,train
62725,train
62728,train
6273,train
62731,train
62734,train
62737,train
6274,train
62740,train
62743,train
62746,train
62749,train
6275,train
62752,train
62755,train
62758,train
6276,train
62761,train
62764,train
62767,train
6277,train
62770,train
62773,train
62776,train
62779,train
6278,train
62782,train
62785,train
62788,train
6279,train
62791,train
62794,train
62797,train
628,train
6280,train
62800,train
62803,train
62806,train
62809,train
6281,train
62812,train
62815,train
62818,train
6282,train
62821,train
62824,train
62827,train
6283,train
62830,train
62833,train
62836,train
62839,train
6284,train
62842,train
62845,train
62848,train
6285,train
62851,train
62854,train
62857,train
6286,train
62860,train
62863,train
62866,train
62869,train
6287,train
62872,train
62875,train
62878,train
6288,train
62881,train
62884,train
62887,train
6289,train
62890,train
62893,train
62896,train
62899,train
629,train
6290,train
62902,train
62905,train
62908,train
6291,train
62911,train
62914,train
62917,train
6292,train
62920,train
62923,train
62926,train
62929,train
6293,train
62932,train
62935,train
62938,train
6294,train
62941,train
62944,train
62947,train
6295,train
62950,train
62953,train
62956,train
62959,train
6296,train
62962,train
62965,train
62968,train
6297,train
62971,train
62974,train
62977,train
6298,train
62980,train
62983,train
62986,train
62989,train
6299,train
62992,train
62995,train
62998,train
63,train
630,train
6300,train
63001,train
63004,train
63007,train
6301,train
63010,train
63013,train
63016,train
63019,train
6302,train
63022,train
63025,train
63028,train
6303,train
63031,train
63034,train
63037,train
6304,train
63040,train
63043,train
63046,train
63049,train
6305,train
63052,train
63055,train
63058,train
6306,train
63061,train
63064,train
63067,train
6307,train
63070,train
63073,train
63076,train
63079,train
6308,train
63082,train
63085,train
63088,train
6309,train
63091,train
63094,train
63097,train
631,train
6310,train
63100,train
63103,train
63106,train
63109,train
6311,train
63112,train
63115,train
63118,train
6312,train
63121,train
63124,train
63127,train
6313,train
63130,train
63133,train
63136,train
63139,train
6314,train
63142,train
63145,train
63148,train
6315,train
63151,train
63154,train
63157,train
6316,train
63160,train
63163,train
63166,train
63169,train
6317,train
63172,train
63175,train
63178,train
6318,train
63181,train
63184,train
63187,train
6319,train
63190,train
63193,train
63196,train
63199,train
632,train
6320,train
63202,train
63205,train
63208,train
6321,train
63211,train
63214,train
63217,train
6322,train
63220,train
63223,train
63226,train
63229,train
6323,train
63232,train
63235,train
63238,train
6324,train
63241,train
63244,train
63247,train
6325,train
63250,train
63253,train
63256,train
63259,train
6326,train
63262,train
63265,train
63268,train
6327,train
63271,train
63274,train
63277,train
6328,train
63280,train
63283,train
63286,train
63289,train
6329,train
63292,train
63295,train
63298,train
633,train
6330,train
63301,train
63304,train
63307,train
6331,train
63310,train
63313,train
63316,train
63319,train
6332,train
63322,train
63325,train
63328,train
6333,train
63331,train
63334,train
63337,train
6334,train
63340,train
63343,train
63346,train
63349,train
6335,train
63352,train
63355,train
63358,train
6336,train
63361,train
63364,train
63367,train
6337,train
63370,train
63373,train
63376,train
63379,train
6338,train
63382,train
63385,train
63388,train
6339,train
63391,train
63394,train
63397,train
634,train
6340,train
63400,train
63403,train
63406,train
63409,train
6341,train
63412,train
63415,train
63418,train
6342,train
63421,train
63424,train
63427,train
6343,train
63430,train
63433,train
63436,train
63439,train
6344,train
63442,train
63445,train
63448,train
6345,train
63451,train
63454,train
63457,train
6346,train
63460,train
63463,train
63466,train
63469,train
6347,train
63472,train
63475,train
63478,train
6348,train
63481,train
63484,train
63487,train
6349,train
63490,train
63493,train
63496,train
63499,train
635,train
6350,train
63502,train
63505,train
63508,train
6351,train
63511,train
63514,train
63517,train
6352,train
63520,train
63523,train
63526,train
63529,train
6353,train
63532,train
63535,train
63538,train
6354,train
63541,train
63544,train
63547,train
6355,train
63550,train
63553,train
63556,train
63559,train
6356,train
63562,train
63565,train
63568,train
6357,train
63571,train
63574,train
63577,train
6358,train
63580,train
63583,train
63586,train
63589,train
6359,train
63592,train
63595,train
63598,train
636,train
6360,train
63601,train
63604,train
63607,train
6361,train
63610,train
63613,train
63616,train
63619,train
6362,train
63622,train
63625,train
63628,train
6363,train
63631,train
63634,train
63637,train
6364,train
63640,train
63643,train
63646,train
63649,train
6365,train
63652,train
63655,train
63658,train
6366,train
63661,train
63664,train
63667,train
6367,train
63670,train
63673,train
63676,train
63679,train
6368,train
63682,train
63685,train
63688,train
6369,train
63691,train
63694,train
63697,train
637,train
6370,train
63700,train
63703,train
63706,train
63709,train
6371,train
63712,train
63715,train
63718,train
6372,train
63721,train
63724,train
63727,train
6373,train
63730,train
63733,train
63736,train
63739,train
6374,train
63742,train
63745,train
63748,train
6375,train
63751,train
63754,train
63757,train
6376,train
63760,train
63763,train
63766,train
63769,train
6377,train
63772,train
63775,train
63778,train
6378,train
63781,train
63784,train
63787,train
6379,train
63790,train
63793,train
63796,train
63799,train
638,train
6380,train
63802,train
63805,train
63808,train
6381,train
63811,train
63814,train
63817,train
6382,train
63820,train
63823,train
63826,train
63829,train
6383,train
63832,train
63835,train
63838,train
6384,train
63841,train
63844,train
63847,train
6385,train
63850,train
63853,train
63856,train
63859,train
6386,train
63862,train
63865,train
63868,train
6387,train
63871,train
63874,train
63877,train
6388,train
63880,train
63883,train
63886,train
63889,train
6389,train
63892,train
63895,train
63898,train
639,train
6390,train
63901,train
63904,train
63907,train
6391,train
63910,train
63913,train
63916,train
63919,train
6392,train
63922,train
63925,train
63928,train
6393,train
63931,train
63934,train
63937,train
6394,train
63940,train
63943,train
63946,train
63949,train
6395,train
63952,train
63955,train
63958,train
6396,train
63961,train
63964,train
63967,train
6397,train
63970,train
63973,train
63976,train
63979,train
6398,train
63982,train
63985,train
63988,train
6399,train
63991,train
63994,train
63997,train
64,train
640,train
6400,train
64000,train
64003,train
64006,train
64009,train
6401,train
64012,train
64015,train
64018,train
6402,train
64021,train
64024,train
64027,train
6403,train
64030,train
64033,train
64036,train
64039,train
6404,train
64042,train
64045,train
64048,train
6405,train
64051,train
64054,train
64057,train
6406,train
64060,train
64063,train
64066,train
64069,train
6407,train
64072,train
64075,train
64078,train
6408,train
64081,train
64084,train
64087,train
6409,train
64090,train
64093,train
64096,train
64099,train
641,train
6410,train
64102,train
64105,train
64108,train
6411,train
64111,train
64114,train
64117,train
6412,train
64120,train
64123,train
64126,train
64129,train
6413,train
64132,train
64135,train
64138,train
6414,train
64141,train
64144,train
64147,train
6415,train
64150,train
64153,train
64156,train
64159,train
6416,train
64162,train
64165,train
64168,train
6417,train
64171,train
64174,train
64177,train
6418,train
64180,train
64183,train
64186,train
64189,train
6419,train
64192,train
64195,train
64198,train
642,train
6420,train
64201,train
64204,train
64207,train
6421,train
64210,train
64213,train
64216,train
64219,train
6422,train
64222,train
64225,train
64228,train
6423,train
64231,train
64234,train
64237,train
6424,train
64240,train
64243,train
64246,train
64249,train
6425,train
64252,train
64255,train
64258,train
6426,train
64261,train
64264,train
64267,train
6427,train
64270,train
64273,train
64276,train
64279,train
6428,train
64282,train
64285,train
64288,train
6429,train
64291,train
64294,train
64297,train
643,train
6430,train
64300,train
64303,train
64306,train
64309,train
6431,train
64312,train
64315,train
64318,train
6432,train
64321,train
64324,train
64327,train
6433,train
64330,train
64333,train
64336,train
64339,train
6434,train
64342,train
64345,train
64348,train
6435,train
64351,train
64354,train
64357,train
6436,train
64360,train
64363,train
64366,train
64369,train
6437,train
64372,train
64375,train
64378,train
6438,train
64381,train
64384,train
64387,train
6439,train
64390,train
64393,train
64396,train
64399,train
644,train
6440,train
64402,train
64405,train
64408,train
6441,train
64411,train
64414,train
64417,train
6442,train
64420,train
64423,train
64426,train
64429,train
6443,train
64432,train
64435,train
64438,train
6444,train
64441,train
64444,train
64447,train
6445,train
64450,train
64453,train
64456,train
64459,train
6446,train
64462,train
64465,train
64468,train
6447,train
64471,train
64474,train
64477,train
6448,train
64480,train
64483,train
64486,train
64489,train
6449,train
64492,train
64495,train
64498,train
645,train
6450,train
64501,train
64504,train
64507,train
6451,train
64510,train
64513,train
64516,train
64519,train
6452,train
64522,train
64525,train
64528,train
6453,train
64531,train
64534,train
64537,train
6454,train
64540,train
64543,train
64546,train
64549,train
6455,train
64552,train
64555,train
64558,train
6456,train
64561,train
64564,train
64567,train
6457,train
64570,train
64573,train
64576,train
64579,train
6458,train
64582,train
64585,train
64588,train
6459,train
64591,train
64594,train
64597,train
646,train
6460,train
64600,train
64603,train
64606,train
64609,train
6461,train
64612,train
64615,train
64618,train
6462,train
64621,train
64624,train
64627,train
6463,train
64630,train
64633,train
64636,train
64639,train
6464,train
64642,train
64645,train
64648,train
6465,train
64651,train
64654,train
64657,train
6466,train
64660,train
64663,train
64666,train
64669,train
6467,train
64672,train
64675,train
64678,train
6468,train
64681,train
64684,train
64687,train
6469,train
64690,train
64693,train
64696,train
64699,train
647,train
6470,train
64702,train
64705,train
64708,train
6471,train
64711,train
64714,train
64717,train
6472,train
64720,train
64723,train
64726,train
64729,train
6473,train
64732,train
64735,train
64738,train
6474,train
64741,train
64744,train
64747,train
6475,train
64750,train
64753,train
64756,train
64759,train
6476,train
64762,train
64765,train
64768,train
6477,train
64771,train
64774,train
64777,train
6478,train
64780,train
64783,train
64786,train
64789,train
6479,train
64792,train
64795,train
64798,train
648,train
6480,train
64801,train
64804,train
64807,train
6481,train
64810,train
64813,train
64816,train
64819,train
6482,train
64822,train
64825,train
64828,train
6483,train
64831,train
64834,train
64837,train
6484,train
64840,train
64843,train
64846,train
64849,train
6485,train
64852,train
64855,train
64858,train
6486,train
64861,train
64864,train
64867,train
6487,train
64870,train
64873,train
64876,train
64879,train
6488,train
64882,train
64885,train
64888,train
6489,train
64891,train
64894,train
64897,train
649,train
6490,train
64900,train
64903,train
64906,train
64909,train
6491,train
64912,train
64915,train
64918,train
6492,train
64921,train
64924,train
64927,train
6493,train
64930,train
64933,train
64936,train
64939,train
6494,train
64942,train
64945,train
64948,train
6495,train
64951,train
64954,train
64957,train
6496,train
64960,train
64963,train
64966,train
64969,train
6497,train
64972,train
64975,train
64978,train
6498,train
64981,train
64984,train
64987,train
6499,train
64990,train
64993,train
64996,train
64999,train
65,train
650,train
6500,train
65002,train
65005,train
65008,train
6501,train
65011,train
65014,train
65017,train
6502,train
65020,train
65023,train
65026,train
65029,train
6503,train
65032,train
65035,train
65038,train
6504,train
65041,train
65044,train
65047,train
6505,train
65050,train
65053,train
65056,train
65059,train
6506,train
65062,train
65065,train
65068,train
6507,train
65071,train
65074,train
65077,train
6508,train
65080,train
65083,train
65086,train
65089,train
6509,train
65092,train
65095,train
65098,train
651,train
6510,train
65101,train
65104,train
65107,train
6511,train
65110,train
65113,train
65116,train
65119,train
6512,train
65122,train
65125,train
65128,train
6513,train
65131,train
65134,train
65137,train
6514,train
65140,train
65143,train
65146,train
65149,train
6515,train
65152,train
65155,train
65158,train
6516,train
65161,train
65164,train
65167,train
6517,train
65170,train
65173,train
65176,train
65179,train
6518,train
65182,train
65185,train
65188,train
6519,train
65191,train
65194,train
65197,train
652,train
6520,train
65200,train
65203,train
65206,train
65209,train
6521,train
65212,train
65215,train
65218,train
6522,train
65221,train
65224,train
65227,train
6523,train
65230,train
65233,train
65236,train
65239,train
6524,train
65242,train
65245,train
65248,train
6525,train
65251,train
65254,train
65257,train
6526,train
65260,train
65263,train
65266,train
65269,train
6527,train
65272,train
65275,train
65278,train
6528,train
65281,train
65284,train
65287,train
6529,train
65290,train
65293,train
65296,train
65299,train
653,train
6530,train
65302,train
65305,train
65308,train
6531,train
65311,train
65314,train
65317,train
6532,train
65320,train
65323,train
65326,train
65329,train
6533,train
65332,train
65335,train
65338,train
6534,train
65341,train
65344,train
65347,train
6535,train
65350,train
65353,train
65356,train
65359,train
6536,train
65362,train
65365,train
65368,train
6537,train
65371,train
65374,train
65377,train
6538,train
65380,train
65383,train
65386,train
65389,train
6539,train
65392,train
65395,train
65398,train
654,train
6540,train
65401,train
65404,train
65407,train
6541,train
65410,train
65413,train
65416,train
65419,train
6542,train
65422,train
65425,train
65428,train
6543,train
65431,train
65434,train
65437,train
6544,train
65440,train
65443,train
65446,train
65449,train
6545,train
65452,train
65455,train
65458,train
6546,train
65461,train
65464,train
65467,train
6547,train
65470,train
65473,train
65476,train
65479,train
6548,train
65482,train
65485,train
65488,train
6549,train
65491,train
65494,train
65497,train
655,train
6550,train
65500,train
65503,train
65506,train
65509,train
6551,train
65512,train
65515,train
65518,train
6552,train
65521,train
65524,train
65527,train
6553,train
65530,train
65533,train
65536,train
65539,train
6554,train
65542,train
65545,train
65548,train
6555,train
65551,train
65554,train
65557,train
6556,train
65560,train
65563,train
65566,train
65569,train
6557,train
65572,train
65575,train
65578,train
6558,train
65581,train
65584,train
65587,train
6559,train
65590,train
65593,train
65596,train
65599,train
656,train
6560,train
65602,train
65605,train
65608,train
6561,train
65611,train
65614,train
65617,train
6562,train
65620,train
65623,train
65626,train
65629,train
6563,train
65632,train
65635,train
65638,train
6564,train
65641,train
65644,train
65647,train
6565,train
65650,train
65653,train
65656,train
65659,train
6566,train
65662,train
65665,train
65668,train
6567,train
65671,train
65674,train
65677,train
6568,train
65680,train
65683,train
65686,train
65689,train
6569,train
65692,train
65695,train
65698,train
657,train
6570,train
65701,train
65704,train
65707,train
6571,train
65710,train
65713,train
65716,train
65719,train
6572,train
65722,train
65725,train
65728,train
6573,train
65731,train
65734,train
65737,train
6574,train
65740,train
65743,train
65746,train
65749,train
6575,train
65752,train
65755,train
65758,train
6576,train
65761,train
65764,train
65767,train
6577,train
65770,train
65773,train
65776,train
65779,train
6578,train
65782,train
65785,train
65788,train
6579,train
65791,train
65794,train
65797,train
658,train
6580,train
65800,train
65803,train
65806,train
65809,train
6581,train
65812,train
65815,train
65818,train
6582,train
65821,train
65824,train
65827,train
6583,train
65830,train
65833,train
65836,train
65839,train
6584,train
65842,train
65845,train
65848,train
6585,train
65851,train
65854,train
65857,train
6586,train
65860,train
65863,train
65866,train
65869,train
6587,train
65872,train
65875,train
65878,train
6588,train
65881,train
65884,train
65887,train
6589,train
65890,train
65893,train
65896,train
65899,train
659,train
6590,train
65902,train
65905,train
65908,train
6591,train
65911,train
65914,train
65917,train
6592,train
65920,train
65923,train
65926,train
65929,train
6593,train
65932,train
65935,train
65938,train
6594,train
65941,train
65944,train
65947,train
6595,train
65950,train
65953,train
65956,train
65959,train
6596,train
65962,train
65965,train
65968,train
6597,train
65971,train
65974,train
65977,train
6598,train
65980,train
65983,train
65986,train
65989,train
6599,train
65992,train
65995,train
65998,train
66,train
660,train
6600,train
66001,train
66004,train
66007,train
6601,train
66010,train
66013,train
66016,train
66019,train
6602,train
66022,train
66025,train
66028,train
6603,train
66031,train
66034,train
66037,train
6604,train
66040,train
66043,train
66046,train
66049,train
6605,train
66052,train
66055,train
66058,train
6606,train
66061,train
66064,train
66067,train
6607,train
66070,train
66073,train
66076,train
66079,train
6608,train
66082,train
66085,train
66088,train
6609,train
66091,train
66094,train
66097,train
661,train
6610,train
66100,train
66103,train
66106,train
66109,train
6611,train
66112,train
66115,train
66118,train
6612,train
66121,train
66124,train
66127,train
6613,train
66130,train
66133,train
66136,train
66139,train
6614,train
66142,train
66145,train
66148,train
6615,train
66151,train
66154,train
66157,train
6616,train
66160,train
66163,train
66166,train
66169,train
6617,train
66172,train
66175,train
66178,train
6618,train
66181,train
66184,train
66187,train
6619,train
66190,train
66193,train
66196,train
66199,train
662,train
6620,train
66202,train
66205,train
66208,train
6621,train
66211,train
66214,train
66217,train
6622,train
66220,train
66223,train
66226,train
66229,train
6623,train
66232,train
66235,train
66238,train
6624,train
66241,train
66244,train
66247,train
6625,train
66250,train
66253,train
66256,train
66259,train
6626,train
66262,train
66265,train
66268,train
6627,train
66271,train
66274,train
66277,train
6628,train
66280,train
66283,train
66286,train
66289,train
6629,train
66292,train
66295,train
66298,train
663,train
6630,train
66301,train
66304,train
66307,train
6631,train
66310,train
66313,train
66316,train
66319,train
6632,train
66322,train
66325,train
66328,train
6633,train
66331,train
66334,train
66337,train
6634,train
66340,train
66343,train
66346,train
66349,train
6635,train
66352,train
66355,train
66358,train
6636,train
66361,train
66364,train
66367,train
6637,train
66370,train
66373,train
66376,train
66379,train
6638,train
66382,train
66385,train
66388,train
6639,train
66391,train
66394,train
66397,train
664,train
6640,train
66400,train
66403,train
66406,train
66409,train
6641,train
66412,train
66415,train
66418,train
6642,train
66421,train
66424,train
66427,train
6643,train
66430,train
66433,train
66436,train
66439,train
6644,train
66442,train
66445,train
66448,train
6645,train
66451,train
66454,train
66457,train
6646,train
66460,train
66463,train
66466,train
66469,train
6647,train
66472,train
66475,train
66478,train
6648,train
66481,train
66484,train
66487,train
6649,train
66490,train
66493,train
66496,train
66499,train
665,train
6650,train
66502,train
66505,train
66508,train
6651,train
66511,train
66514,train
66517,train
6652,train
66520,train
66523,train
66526,train
66529,train
6653,train
66532,train
66535,train
66538,train
6654,train
66541,train
66544,train
66547,train
6655,train
66550,train
66553,train
66556,train
66559,train
6656,train
66562,train
66565,train
66568,train
6657,train
66571,train
66574,train
66577,train
6658,train
66580,train
66583,train
66586,train
66589,train
6659,train
66592,train
66595,train
66598,train
666,train
6660,train
66601,train
66604,train
66607,train
6661,train
66610,train
66613,train
66616,train
66619,train
6662,train
66622,train
66625,train
66628,train
6663,train
66631,train
66634,train
66637,train
6664,train
66640,train
66643,train
66646,train
66649,train
6665,train
66652,train
66655,train
66658,train
6666,train
66661,train
66664,train
66667,train
6667,train
66670,train
66673,train
66676,train
66679,train
6668,train
66682,train
66685,train
66688,train
6669,train
66691,train
66694,train
66697,train
667,train
6670,train
66700,train
66703,train
66706,train
66709,train
6671,train
66712,train
66715,train
66718,train
6672,train
66721,train
66724,train
66727,train
6673,train
66730,train
66733,train
66736,train
66739,train
6674,train
66742,train
66745,train
66748,train
6675,train
66751,train
66754,train
66757,train
6676,train
66760,train
66763,train
66766,train
66769,train
6677,train
66772,train
66775,train
66778,train
6678,train
66781,train
66784,train
66787,train
6679,train
66790,train
66793,train
66796,train
66799,train
668,train
6680,train
66802,train
66805,train
66808,train
6681,train
66811,train
66814,train
66817,train
6682,train
66820,train
66823,train
66826,train
66829,train
6683,train
66832,train
66835,train
66838,train
6684,train
66841,train
66844,train
66847,train
6685,train
66850,train
66853,train
66856,train
66859,train
6686,train
66862,train
66865,train
66868,train
6687,train
66871,train
66874,train
66877,train
6688,train
66880,train
66883,train
66886,train
66889,train
6689,train
66892,train
66895,train
66898,train
669,train
6690,train
66901,train
66904,train
66907,train
6691,train
66910,train
66913,train
66916,train
66919,train
6692,train
66922,train
66925,train
66928,train
6693,train
66931,train
66934,train
66937,train
6694,train
66940,train
66943,train
66946,train
66949,train
6695,train
66952,train
66955,train
66958,train
6696,train
66961,train
66964,train
66967,train
6697,train
66970,train
66973,train
66976,train
66979,train
6698,train
66982,train
66985,train
66988,train
6699,train
66991,train
66994,train
66997,train
67,train
670,train
6700,train
67000,train
67003,train
67006,train
67009,train
6701,train
67012,train
67015,train
67018,train
6702,train
67021,train
67024,train
67027,train
6703,train
67030,train
67033,train
67036,train
67039,train
6704,train
67042,train
67045,train
67048,train
6705,train
67051,train
67054,train
67057,train
6706,train
67060,train
67063,train
67066,train
67069,train
6707,train
67072,train
67075,train
67078,train
6708,train
67081,train
67084,train
67087,train
6709,train
67090,train
67093,train
67096,train
67099,train
671,train
6710,train
67102,train
67105,train
67108,train
6711,train
67111,train
67114,train
67117,train
6712,train
67120,train
67123,train
67126,train
67129,train
6713,train
67132,train
67135,train
67138,train
6714,train
67141,train
67144,train
67147,train
6715,train
67150,train
67153,train
67156,train
67159,train
6716,train
67162,train
67165,train
67168,train
6717,train
67171,train
67174,train
67177,train
6718,train
67180,train
67183,train
67186,train
67189,train
6719,train
67192,train
67195,train
67198,train
672,train
6720,train
67201,train
67204,train
67207,train
6721,train
67210,train
67213,train
67216,train
67219,train
6722,train
67222,train
67225,train
67228,train
6723,train
67231,train
67234,train
67237,train
6724,train
67240,train
67243,train
67246,train
67249,train
6725,train
67252,train
67255,train
67258,train
6726,train
67261,train
67264,train
67267,train
6727,train
67270,train
67273,train
67276,train
67279,train
6728,train
67282,train
67285,train
67288,train
6729,train
67291,train
67294,train
67297,train
673,train
6730,train
67300,train
67303,train
67306,train
67309,train
6731,train
67312,train
67315,train
67318,train
6732,train
67321,train
67324,train
67327,train
6733,train
67330,train
67333,train
67336,train
67339,train
6734,train
67342,train
67345,train
67348,train
6735,train
67351,train
67354,train
67357,train
6736,train
67360,train
67363,train
67366,train
67369,train
6737,train
67372,train
67375,train
67378,train
6738,train
67381,train
67384,train
67387,train
6739,train
67390,train
67393,train
67396,train
67399,train
674,train
6740,train
67402,train
67405,train
67408,train
6741,train
67411,train
67414,train
67417,train
6742,train
67420,train
67423,train
67426,train
67429,train
6743,train
67432,train
67435,train
67438,train
6744,train
67441,train
67444,train
67447,train
6745,train
67450,train
67453,train
67456,train
67459,train
6746,train
67462,train
67465,train
67468,train
6747,train
67471,train
67474,train
67477,train
6748,train
67480,train
67483,train
67486,train
67489,train
6749,train
67492,train
67495,train
67498,train
675,train
6750,train
67501,train
67504,train
67507,train
6751,train
67510,train
67513,train
67516,train
67519,train
6752,train
67522,train
67525,train
67528,train
6753,train
67531,train
67534,train
67537,train
6754,train
67540,train
67543,train
67546,train
67549,train
6755,train
67552,train
67555,train
67558,train
6756,train
67561,train
67564,train
67567,train
6757,train
67570,train
67573,train
67576,train
67579,train
6758,train
67582,train
67585,train
67588,train
6759,train
67591,train
67594,train
67597,train
676,train
6760,train
67600,train
67603,train
67606,train
67609,train
6761,train
67612,train
67615,train
67618,train
6762,train
67621,train
67624,train
67627,train
6763,train
67630,train
67633,train
67636,train
67639,train
6764,train
67642,train
67645,train
67648,train
6765,train
67651,train
67654,train
67657,train
6766,train
67660,train
67663,train
67666,train
67669,train
6767,train
67672,train
67675,train
67678,train
6768,train
67681,train
67684,train
67687,train
6769,train
67690,train
67693,train
67696,train
67699,train
677,train
6770,train
67702,train
67705,train
67708,train
6771,train
67711,train
67714,train
67717,train
6772,train
67720,train
67723,train
67726,train
67729,train
6773,train
67732,train
67735,train
67738,train
6774,train
67741,train
67744,train
67747,train
6775,train
67750,train
67753,train
67756,train
67759,train
6776,train
67762,train
67765,train
67768,train
6777,train
67771,train
67774,train
67777,train
6778,train
67780,train
67783,train
67786,train
67789,train
6779,train
67792,train
67795,train
67798,train
678,train
6780,train
67801,train
67804,train
67807,train
6781,train
67810,train
67813,train
67816,train
67819,train
6782,train
67822,train
67825,train
67828,train
6783,train
67831,train
67834,train
67837,train
6784,train
67840,train
67843,train
67846,train
67849,train
6785,train
67852,train
67855,train
67858,train
6786,train
67861,train
67864,train
67867,train
6787,train
67870,train
67873,train
67876,train
67879,train
6788,train
67882,train
67885,train
67888,train
6789,train
67891,train
67894,train
67897,train
679,train
6790,train
67900,train
67903,train
67906,train
67909,train
6791,train
67912,train
67915,train
67918,train
6792,train
67921,train
67924,train
67927,train
6793,train
67930,train
67933,train
67936,train
67939,train
6794,train
67942,train
67945,train
67948,train
6795,train
67951,train
67954,train
67957,train
6796,train
67960,train
67963,train
67966,train
67969,train
6797,train
67972,train
67975,train
67978,train
6798,train
67981,train
67984,train
67987,train
6799,train
67990,train
67993,train
67996,train
67999,train
68,train
680,train
6800,train
68002,train
68005,train
68008,train
6801,train
68011,train
68014,train
68017,train
6802,train
68020,train
68023,train
68026,train
68029,train
6803,train
68032,train
68035,train
68038,train
6804,train
68041,train
68044,train
68047,train
6805,train
68050,train
68053,train
68056,train
68059,train
6806,train
68062,train
68065,train
68068,train
6807,train
68071,train
68074,train
68077,train
6808,train
68080,train
68083,train
68086,train
68089,train
6809,train
68092,train
68095,train
68098,train
681,train
6810,train
68101,train
68104,train
68107,train
6811,train
68110,train
68113,train
68116,train
68119,train
6812,train
68122,train
68125,train
68128,train
6813,train
68131,train
68134,train
68137,train
6814,train
68140,train
68143,train
68146,train
68149,train
6815,train
68152,train
68155,train
68158,train
6816,train
68161,train
68164,train
68167,train
6817,train
68170,train
68173,train
68176,train
68179,train
6818,train
68182,train
68185,train
68188,train
6819,train
68191,train
68194,train
68197,train
682,train
6820,train
68200,train
68203,train
68206,train
68209,train
6821,train
68212,train
68215,train
68218,train
6822,train
68221,train
68224,train
68227,train
6823,train
68230,train
68233,train
68236,train
68239,train
6824,train
68242,train
68245,train
68248,train
6825,train
68251,train
68254,train
68257,train
6826,train
68260,train
68263,train
68266,train
68269,train
6827,train
68272,train
68275,train
68278,train
6828,train
68281,train
68284,train
68287,train
6829,train
68290,train
68293,train
68296,train
68299,train
683,train
6830,train
68302,train
68305,train
68308,train
6831,train
68311,train
68314,train
68317,train
6832,train
68320,train
68323,train
68326,train
68329,train
6833,train
68332,train
68335,train
68338,train
6834,train
68341,train
68344,train
68347,train
6835,train
68350,train
68353,train
68356,train
68359,train
6836,train
68362,train
68365,train
68368,train
6837,train
68371,train
68374,train
68377,train
6838,train
68380,train
68383,train
68386,train
68389,train
6839,train
68392,train
68395,train
68398,train
684,train
6840,train
68401,train
68404,train
68407,train
6841,train
68410,train
68413,train
68416,train
68419,train
6842,train
68422,train
68425,train
68428,train
6843,train
68431,train
68434,train
68437,train
6844,train
68440,train
68443,train
68446,train
68449,train
6845,train
68452,train
68455,train
68458,train
6846,train
68461,train
68464,train
68467,train
6847,train
68470,train
68473,train
68476,train
68479,train
6848,train
68482,train
68485,train
68488,train
6849,train
68491,train
68494,train
68497,train
685,train
6850,train
68500,train
68503,train
68506,train
68509,train
6851,train
68512,train
68515,train
68518,train
6852,train
68521,train
68524,train
68527,train
6853,train
68530,train
68533,train
68536,train
68539,train
6854,train
68542,train
68545,train
68548,train
6855,train
68551,train
68554,train
68557,train
6856,train
68560,train
68563,train
68566,train
68569,train
6857,train
68572,train
68575,train
68578,train
6858,train
68581,train
68584,train
68587,train
6859,train
68590,train
68593,train
68596,train
68599,train
686,train
6860,train
68602,train
68605,train
68608,train
6861,train
68611,train
68614,train
68617,train
6862,train
68620,train
68623,train
68626,train
68629,train
6863,train
68632,train
68635,train
68638,train
6864,train
68641,train
68644,train
68647,train
6865,train
68650,train
68653,train
68656,train
68659,train
6866,train
68662,train
68665,train
68668,train
6867,train
68671,train
68674,train
68677,train
6868,train
68680,train
68683,train
68686,train
68689,train
6869,train
68692,train
68695,train
68698,train
687,train
6870,train
68701,train
68704,train
68707,train
6871,train
68710,train
68713,train
68716,train
68719,train
6872,train
68722,train
68725,train
68728,train
6873,train
68731,train
68734,train
68737,train
6874,train
68740,train
68743,train
68746,train
68749,train
6875,train
68752,train
68755,train
68758,train
6876,train
68761,train
68764,train
68767,train
6877,train
68770,train
68773,train
68776,train
68779,train
6878,train
68782,train
68785,train
68788,train
6879,train
68791,train
68794,train
68797,train
688,train
6880,train
68800,train
68803,train
68806,train
68809,train
6881,train
68812,train
68815,train
68818,train
6882,train
68821,train
68824,train
68827,train
6883,train
68830,train
68833,train
68836,train
68839,train
6884,train
68842,train
68845,train
68848,train
6885,train
68851,train
68854,train
68857,train
6886,train
68860,train
68863,train
68866,train
68869,train
6887,train
68872,train
68875,train
68878,train
6888,train
68881,train
68884,train
68887,train
6889,train
68890,train
68893,train
68896,train
68899,train
689,train
6890,train
68902,train
68905,train
68908,train
6891,train
68911,train
68914,train
68917,train
6892,train
68920,train
68923,train
68926,train
68929,train
6893,train
68932,train
68935,train
68938,train
6894,train
68941,train
68944,train
68947,train
6895,train
68950,train
68953,train
68956,train
68959,train
6896,train
68962,train
68965,train
68968,train
6897,train
68971,train
68974,train
68977,train
6898,train
68980,train
68983,train
68986,train
68989,train
6899,train
68992,train
68995,train
68998,train
69,train
690,train
6900,train
69001,train
69004,train
69007,train
6901,train
69010,train
69013,train
69016,train
69019,train
6902,train
69022,train
69025,train
69028,train
6903,train
69031,train
69034,train
69037,train
6904,train
69040,train
69043,train
69046,train
69049,train
6905,train
69052,train
69055,train
69058,train
6906,train
69061,train
69064,train
69067,train
6907,train
69070,train
69073,train
69076,train
69079,train
6908,train
69082,train
69085,train
69088,train
6909,train
69091,train
69094,train
69097,train
691,train
6910,train
69100,train
69103,train
69106,train
69109,train
6911,train
69112,train
69115,train
69118,train
6912,train
69121,train
69124,train
69127,train
6913,train
69130,train
69133,train
69136,train
69139,train
6914,train
69142,train
69145,train
69148,train
6915,train
69151,train
69154,train
69157,train
6916,train
69160,train
69163,train
69166,train
69169,train
6917,train
69172,train
69175,train
69178,train
6918,train
69181,train
69184,train
69187,train
6919,train
69190,train
69193,train
69196,train
69199,train
692,train
6920,train
69202,train
69205,train
69208,train
6921,train
69211,train
69214,train
69217,train
6922,train
69220,train
69223,train
69226,train
69229,train
6923,train
69232,train
69235,train
69238,train
6924,train
69241,train
69244,train
69247,train
6925,train
69250,train
69253,train
69256,train
69259,train
6926,train
69262,train
69265,train
69268,train
6927,train
69271,train
69274,train
69277,train
6928,train
69280,train
69283,train
69286,train
69289,train
6929,train
69292,train
69295,train
69298,train
693,train
6930,train
69301,train
69304,train
69307,train
6931,train
69310,train
69313,train
69316,train
69319,train
6932,train
69322,train
69325,train
69328,train
6933,train
69331,train
69334,train
69337,train
6934,train
69340,train
69343,train
69346,train
69349,train
6935,train
69352,train
69355,train
69358,train
6936,train
69361,train
69364,train
69367,train
6937,train
69370,train
69373,train
69376,train
69379,train
6938,train
69382,train
69385,train
69388,train
6939,train
69391,train
69394,train
69397,train
694,train
6940,train
69400,train
69403,train
69406,train
69409,train
6941,train
69412,train
69415,train
69418,train
6942,train
69421,train
69424,train
69427,train
6943,train
69430,train
69433,train
69436,train
69439,train
6944,train
69442,train
69445,train
69448,train
6945,train
69451,train
69454,train
69457,train
6946,train
69460,train
69463,train
69466,train
69469,train
6947,train
69472,train
69475,train
69478,train
6948,train
69481,train
69484,train
69487,train
6949,train
69490,train
69493,train
69496,train
69499,train
695,train
6950,train
69502,train
69505,train
69508,train
6951,train
69511,train
69514,train
69517,train
6952,train
69520,train
69523,train
69526,train
69529,train
6953,train
69532,train
69535,train
69538,train
6954,train
69541,train
69544,train
69547,train
6955,train
69550,train
69553,train
69556,train
69559,train
6956,train
69562,train
69565,train
69568,train
6957,train
69571,train
69574,train
69577,train
6958,train
69580,train
69583,train
69586,train
69589,train
6959,train
69592,train
69595,train
69598,train
696,train
6960,train
69601,train
69604,train
69607,train
6961,train
69610,train
69613,train
69616,train
69619,train
6962,train
69622,train
69625,train
69628,train
6963,train
69631,train
69634,train
69637,train
6964,train
69640,train
69643,train
69646,train
69649,train
6965,train
69652,train
69655,train
69658,train
6966,train
69661,train
69664,train
69667,train
6967,train
69670,train
69673,train
69676,train
69679,train
6968,train
69682,train
69685,train
69688,train
6969,train
69691,train
69694,train
69697,train
697,train
6970,train
69700,train
69703,train
69706,train
69709,train
6971,train
69712,train
69715,train
69718,train
6972,train
69721,train
69724,train
69727,train
6973,train
69730,train
69733,train
69736,train
69739,train
6974,train
69742,train
69745,train
69748,train
6975,train
69751,train
69754,train
69757,train
6976,train
69760,train
69763,train
69766,train
69769,train
6977,train
69772,train
69775,train
69778,train
6978,train
69781,train
69784,train
69787,train
6979,train
69790,train
69793,train
69796,train
69799,train
698,train
6980,train
69802,train
69805,train
69808,train
6981,train
69811,train
69814,train
69817,train
6982,train
69820,train
69823,train
69826,train
69829,train
6983,train
69832,train
69835,train
69838,train
6984,train
69841,train
69844,train
69847,train
6985,train
69850,train
69853,train
69856,train
69859,train
6986,train
69862,train
69865,train
69868,train
6987,train
69871,train
69874,train
69877,train
6988,train
69880,train
69883,train
69886,train
69889,train
6989,train
69892,train
69895,train
69898,train
699,train
6990,train
69901,train
69904,train
69907,train
6991,train
69910,train
69913,train
69916,train
69919,train
6992,train
69922,train
69925,train
69928,train
6993,train
69931,train
69934,train
69937,train
6994,train
69940,train
69943,train
69946,train
69949,train
6995,train
69952,train
69955,train
69958,train
6996,train
69961,train
69964,train
69967,train
6997,train
69970,train
69973,train
69976,train
69979,train
6998,train
69982,train
69985,train
69988,train
6999,train
69991,train
69994,train
69997,train
7,train
70,train
700,train
7000,train
70000,train
70003,train
70006,train
70009,train
7001,train
70012,train
70015,train
70018,train
7002,train
70021,train
70024,train
70027,train
7003,train
70030,train
70033,train
70036,train
70039,train
7004,train
70042,train
70045,train
70048,train
7005,train
70051,train
70054,train
70057,train
7006,train
70060,train
70063,train
70066,train
70069,train
7007,train
70072,train
70075,train
70078,train
7008,train
70081,train
70084,train
70087,train
7009,train
70090,train
70093,train
70096,train
70099,train
701,train
7010,train
70102,train
70105,train
70108,train
7011,train
70111,train
70114,train
70117,train
7012,train
70120,train
70123,train
70126,train
70129,train
7013,train
70132,train
70135,train
70138,train
7014,train
70141,train
70144,train
70147,train
7015,train
70150,train
70153,train
70156,train
70159,train
7016,train
70162,train
70165,train
70168,train
7017,train
70171,train
70174,train
70177,train
7018,train
70180,train
70183,train
70186,train
70189,train
7019,train
70192,train
70195,train
70198,train
702,train
7020,train
70201,train
70204,train
70207,train
7021,train
70210,train
70213,train
70216,train
70219,train
7022,train
70222,train
70225,train
70228,train
7023,train
70231,train
70234,train
70237,train
7024,train
70240,train
70243,train
70246,train
70249,train
7025,train
70252,train
70255,train
70258,train
7026,train
70261,train
70264,train
70267,train
7027,train
70270,train
70273,train
70276,train
70279,train
7028,train
70282,train
70285,train
70288,train
7029,train
70291,train
70294,train
70297,train
703,train
7030,train
70300,train
70303,train
70306,train
70309,train
7031,train
70312,train
70315,train
70318,train
7032,train
70321,train
70324,train
70327,train
7033,train
70330,train
70333,train
70336,train
70339,train
7034,train
70342,train
70345,train
70348,train
7035,train
70351,train
70354,train
70357,train
7036,train
70360,train
70363,train
70366,train
70369,train
7037,train
70372,train
70375,train
70378,train
7038,train
70381,train
70384,train
70387,train
7039,train
70390,train
70393,train
70396,train
70399,train
704,train
7040,train
70402,train
70405,train
70408,train
7041,train
70411,train
70414,train
70417,train
7042,train
70420,train
70423,train
70426,train
70429,train
7043,train
70432,train
70435,train
70438,train
7044,train
70441,train
70444,train
70447,train
7045,train
70450,train
70453,train
70456,train
70459,train
7046,train
70462,train
70465,train
70468,train
7047,train
70471,train
70474,train
70477,train
7048,train
70480,train
70483,train
70486,train
70489,train
7049,train
70492,train
70495,train
70498,train
705,train
7050,train
70501,train
70504,train
70507,train
7051,train
70510,train
70513,train
70516,train
70519,train
7052,train
70522,train
70525,train
70528,train
7053,train
70531,train
70534,train
70537,train
7054,train
70540,train
70543,train
70546,train
70549,train
7055,train
70552,train
70555,train
70558,train
7056,train
70561,train
70564,train
70567,train
7057,train
70570,train
70573,train
70576,train
70579,train
7058,train
70582,train
70585,train
70588,train
7059,train
70591,train
70594,train
70597,train
706,train
7060,train
70600,train
70603,train
70606,train
70609,train
7061,train
70612,train
70615,train
70618,train
7062,train
70621,train
70624,train
70627,train
7063,train
70630,train
70633,train
70636,train
70639,train
7064,train
70642,train
70645,train
70648,train
7065,train
70651,train
70654,train
70657,train
7066,train
70660,train
70663,train
70666,train
70669,train
7067,train
70672,train
70675,train
70678,train
7068,train
70681,train
70684,train
70687,train
7069,train
70690,train
70693,train
70696,train
70699,train
707,train
7070,train
70702,train
70705,train
70708,train
7071,train
70711,train
70714,train
70717,train
7072,train
70720,train
70723,train
70726,train
70729,train
7073,train
70732,train
70735,train
70738,train
7074,train
70741,train
70744,train
70747,train
7075,train
70750,train
70753,train
70756,train
70759,train
7076,train
70762,train
70765,train
70768,train
7077,train
70771,train
70774,train
70777,train
7078,train
70780,train
70783,train
70786,train
70789,train
7079,train
70792,train
70795,train
70798,train
708,train
7080,train
70801,train
70804,train
70807,train
7081,train
70810,train
70813,train
70816,train
70819,train
7082,train
70822,train
70825,train
70828,train
7083,train
70831,train
70834,train
70837,train
7084,train
70840,train
70843,train
70846,train
70849,train
7085,train
70852,train
70855,train
70858,train
7086,train
70861,train
70864,train
70867,train
7087,train
70870,train
70873,train
70876,train
70879,train
7088,train
70882,train
70885,train
70888,train
7089,train
70891,train
70894,train
70897,train
709,train
7090,train
70900,train
70903,train
70906,train
70909,train
7091,train
70912,train
70915,train
70918,train
7092,train
70921,train
70924,train
70927,train
7093,train
70930,train
70933,train
70936,train
70939,train
7094,train
70942,train
70945,train
70948,train
7095,train
70951,train
70954,train
70957,train
7096,train
70960,train
70963,train
70966,train
70969,train
7097,train
70972,train
70975,train
70978,train
7098,train
70981,train
70984,train
70987,train
7099,train
70990,train
70993,train
70996,train
70999,train
71,train
710,train
7100,train
71002,train
71005,train
71008,train
7101,train
71011,train
71014,train
71017,train
7102,train
71020,train
71023,train
71026,train
71029,train
7103,train
71032,train
71035,train
71038,train
7104,train
71041,train
71044,train
71047,train
7105,train
71050,train
71053,train
71056,train
71059,train
7106,train
71062,train
71065,train
71068,train
7107,train
71071,train
71074,train
71077,train
7108,train
71080,train
71083,train
71086,train
71089,train
7109,train
71092,train
71095,train
71098,train
711,train
7110,train
71101,train
71104,train
71107,train
7111,train
71110,train
71113,train
71116,train
71119,train
7112,train
71122,train
71125,train
71128,train
7113,train
71131,train
71134,train
71137,train
7114,train
71140,train
71143,train
71146,train
71149,train
7115,train
71152,train
71155,train
71158,train
7116,train
71161,train
71164,train
71167,train
7117,train
71170,train
71173,train
71176,train
71179,train
7118,train
71182,train
71185,train
71188,train
7119,train
71191,train
71194,train
71197,train
712,train
7120,train
71200,train
71203,train
71206,train
71209,train
7121,train
71212,train
71215,train
71218,train
7122,train
71221,train
71224,train
71227,train
7123,train
71230,train
71233,train
71236,train
71239,train
7124,train
71242,train
71245,train
71248,train
7125,train
71251,train
71254,train
71257,train
7126,train
71260,train
71263,train
71266,train
71269,train
7127,train
71272,train
71275,train
71278,train
7128,train
71281,train
71284,train
71287,train
7129,train
71290,train
71293,train
71296,train
71299,train
713,train
7130,train
71302,train
71305,train
71308,train
7131,train
71311,train
71314,train
71317,train
7132,train
71320,train
71323,train
71326,train
71329,train
7133,train
71332,train
71335,train
71338,train
7134,train
71341,train
71344,train
71347,train
7135,train
71350,train
71353,train
71356,train
71359,train
7136,train
71362,train
71365,train
71368,train
7137,train
71371,train
71374,train
71377,train
7138,train
71380,train
71383,train
71386,train
71389,train
7139,train
71392,train
71395,train
71398,train
714,train
7140,train
71401,train
71404,train
71407,train
7141,train
71410,train
71413,train
71416,train
71419,train
7142,train
71422,train
71425,train
71428,train
7143,train
71431,train
71434,train
71437,train
7144,train
71440,train
71443,train
71446,train
71449,train
7145,train
71452,train
71455,train
71458,train
7146,train
71461,train
71464,train
71467,train
7147,train
71470,train
71473,train
71476,train
71479,train
7148,train
71481,train
71485,train
71487,train
7149,train
71491,train
71493,train
71496,train
71498,train
715,train
7150,train
71500,train
71504,train
71506,train
71509,train
7151,train
71514,train
71517,train
7152,train
71520,train
71523,train
71527,train
7153,train
71530,train
71532,train
71535,train
71539,train
7154,train
71542,train
71544,train
71548,train
7155,train
71551,train
71553,train
71555,train
71557,train
7156,train
71560,train
71566,train
71569,train
7157,train
71572,train
71575,train
71577,train
71579,train
7158,train
71581,train
71583,train
71586,train
7159,train
71593,train
71595,train
71598,train
716,train
7160,train
71600,train
71604,train
71607,train
7161,train
71611,train
71614,train
71617,train
7162,train
71620,train
71622,train
71624,train
71629,train
7163,train
71632,train
71634,train
71638,train
7164,train
71640,train
71642,train
71647,train
71649,train
7165,train
71651,train
71656,train
71658,train
7166,train
71661,train
71663,train
71665,train
7167,train
71671,train
71674,train
71677,train
71679,train
7168,train
71683,train
71685,train
71689,train
7169,train
71692,train
71695,train
71697,train
71699,train
717,train
7170,train
71703,train
71707,train
7171,train
71710,train
71713,train
71716,train
71718,train
7172,train
71722,train
71725,train
71728,train
7173,train
71730,train
71734,train
71736,train
71739,train
7174,train
71743,train
71745,train
71748,train
7175,train
71750,train
71755,train
71758,train
7176,train
71760,train
71764,train
71767,train
7177,train
71770,train
71773,train
71776,train
71779,train
7178,train
71782,train
71784,train
71786,train
71788,train
7179,train
71791,train
71793,train
71795,train
71797,train
718,train
7180,train
71805,train
71809,train
7181,train
71812,train
71814,train
71817,train
71819,train
7182,train
71822,train
71827,train
7183,train
71830,train
71833,train
71835,train
71838,train
7184,train
71842,train
71846,train
71847,train
7185,train
71856,train
71858,train
7186,train
71862,train
71864,train
71866,train
71867,train
7187,train
71870,train
71873,train
71879,train
7188,train
71880,train
71883,train
71884,train
71886,train
71888,train
7189,train
71890,train
71892,train
71894,train
71899,train
719,train
7190,train
71903,train
71905,train
7191,train
71910,train
71916,train
71917,train
7192,train
71921,train
71922,train
71925,train
71929,train
7193,train
71931,train
71933,train
71937,train
7194,train
71941,train
71943,train
71946,train
71948,train
7195,train
71950,train
71952,train
71955,train
71957,train
7196,train
71964,train
71967,train
71969,train
7197,train
71971,train
71974,train
71978,train
7198,train
71982,train
71985,train
71987,train
71989,train
7199,train
71994,train
71997,train
72,train
720,train
7200,train
72000,train
72007,train
7201,train
72014,train
72015,train
72016,train
72017,train
72018,train
7202,train
72027,train
72028,train
7203,train
72030,train
72032,train
72036,train
72037,train
7204,train
72041,train
72043,train
72045,train
72047,train
7205,train
72051,train
72055,train
72057,train
72059,train
7206,train
72064,train
72068,train
72069,train
7207,train
72073,train
7208,train
72083,train
72086,train
72087,train
72089,train
7209,train
72091,train
72096,train
72097,train
721,train
7210,train
72101,train
72102,train
72104,train
72106,train
72108,train
7211,train
72112,train
72117,train
7212,train
72120,train
72122,train
72123,train
72126,train
7213,train
72131,train
72132,train
7214,train
7215,train
7216,train
7217,train
7218,train
7219,train
722,train
7220,train
7221,train
7222,train
7223,train
7224,train
7225,train
7226,train
7227,train
7228,train
7229,train
723,train
7230,train
7231,train
7232,train
7233,train
7234,train
7235,train
7236,train
7237,train
7238,train
7239,train
724,train
7240,train
7241,train
7242,train
7243,train
7244,train
7245,train
7246,train
7247,train
7248,train
7249,train
725,train
7250,train
7251,train
7252,train
7253,train
7254,train
7255,train
7256,train
7257,train
7258,train
7259,train
726,train
7260,train
7261,train
7262,train
7263,train
7264,train
7265,train
7266,train
7267,train
7268,train
7269,train
727,train
7270,train
7271,train
7272,train
7273,train
7274,train
7275,train
7276,train
7277,train
7278,train
7279,train
728,train
7280,train
7281,train
7282,train
7283,train
7284,train
7285,train
7286,train
7287,train
7288,train
7289,train
729,train
7290,train
7291,train
7292,train
7293,train
7294,train
7295,train
7296,train
7297,train
7298,train
7299,train
73,train
730,train
7300,train
7301,train
7302,train
7303,train
7304,train
7305,train
7306,train
7307,train
7308,train
7309,train
731,train
7310,train
7311,train
7312,train
7313,train
7314,train
7315,train
7316,train
7317,train
7318,train
7319,train
732,train
7320,train
7321,train
7322,train
7323,train
7324,train
7325,train
7326,train
7327,train
7328,train
7329,train
733,train
7330,train
7331,train
7332,train
7333,train
7334,train
7335,train
7336,train
7337,train
7338,train
7339,train
734,train
7340,train
7341,train
7342,train
7343,train
7344,train
7345,train
7346,train
7347,train
7348,train
7349,train
735,train
7350,train
7351,train
7352,train
7353,train
7354,train
7355,train
7356,train
7357,train
7358,train
7359,train
736,train
7360,train
7361,train
7362,train
7363,train
7364,train
7365,train
7366,train
7367,train
7368,train
7369,train
737,train
7370,train
7371,train
7372,train
7373,train
7374,train
7375,train
7376,train
7377,train
7378,train
7379,train
738,train
7380,train
7381,train
7382,train
7383,train
7384,train
7385,train
7386,train
7387,train
7388,train
7389,train
739,train
7390,train
7391,train
7392,train
7393,train
7394,train
7395,train
7396,train
7397,train
7398,train
7399,train
74,train
740,train
7400,train
7401,train
7402,train
7403,train
7404,train
7405,train
7406,train
7407,train
7408,train
7409,train
741,train
7410,train
7411,train
7412,train
7413,train
7414,train
7415,train
7416,train
7417,train
7418,train
7419,train
742,train
7420,train
7421,train
7422,train
7423,train
7424,train
7425,train
7426,train
7427,train
7428,train
7429,train
743,train
7430,train
7431,train
7432,train
7433,train
7434,train
7435,train
7436,train
7437,train
7438,train
7439,train
744,train
7440,train
7441,train
7442,train
7443,train
7444,train
7445,train
7446,train
7447,train
7448,train
7449,train
745,train
7450,train
7451,train
7452,train
7453,train
7454,train
7455,train
7456,train
7457,train
7458,train
7459,train
746,train
7460,train
7461,train
7462,train
7463,train
7464,train
7465,train
7466,train
7467,train
7468,train
7469,train
747,train
7470,train
7471,train
7472,train
7473,train
7474,train
7475,train
7476,train
7477,train
7478,train
7479,train
748,train
7480,train
7481,train
7482,train
7483,train
7484,train
7485,train
7486,train
7487,train
7488,train
7489,train
749,train
7490,train
7491,train
7492,train
7493,train
7494,train
7495,train
7496,train
7497,train
7498,train
7499,train
75,train
750,train
7500,train
7501,train
7502,train
7503,train
7504,train
7505,train
7506,train
7507,train
7508,train
7509,train
751,train
7510,train
7511,train
7512,train
7513,train
7514,train
7515,train
7516,train
7517,train
7518,train
7519,train
752,train
7520,train
7521,train
7522,train
7523,train
7524,train
7525,train
7526,train
7527,train
7528,train
7529,train
753,train
7530,train
7531,train
7532,train
7533,train
7534,train
7535,train
7536,train
7537,train
7538,train
7539,train
754,train
7540,train
7541,train
7542,train
7543,train
7544,train
7545,train
7546,train
7547,train
7548,train
7549,train
755,train
7550,train
7551,train
7552,train
7553,train
7554,train
7555,train
7556,train
7557,train
7558,train
7559,train
756,train
7560,train
7561,train
7562,train
7563,train
7564,train
7565,train
7566,train
7567,train
7568,train
7569,train
757,train
7570,train
7571,train
7572,train
7573,train
7574,train
7575,train
7576,train
7577,train
7578,train
7579,train
758,train
7580,train
7581,train
7582,train
7583,train
7584,train
7585,train
7586,train
7587,train
7588,train
7589,train
759,train
7590,train
7591,train
7592,train
7593,train
7594,train
7595,train
7596,train
7597,train
7598,train
7599,train
76,train
760,train
7600,train
7601,train
7602,train
7603,train
7604,train
7605,train
7606,train
7607,train
7608,train
7609,train
761,train
7610,train
7611,train
7612,train
7613,train
7614,train
7615,train
7616,train
7617,train
7618,train
7619,train
762,train
7620,train
7621,train
7622,train
7623,train
7624,train
7625,train
7626,train
7627,train
7628,train
7629,train
763,train
7630,train
7631,train
7632,train
7633,train
7634,train
7635,train
7636,train
7637,train
7638,train
7639,train
764,train
7640,train
7641,train
7642,train
7643,train
7644,train
7645,train
7646,train
7647,train
7648,train
7649,train
765,train
7650,train
7651,train
7652,train
7653,train
7654,train
7655,train
7656,train
7657,train
7658,train
7659,train
766,train
7660,train
7661,train
7662,train
7663,train
7664,train
7665,train
7666,train
7667,train
7668,train
7669,train
767,train
7670,train
7671,train
7672,train
7673,train
7674,train
7675,train
7676,train
7677,train
7678,train
7679,train
768,train
7680,train
7681,train
7682,train
7683,train
7684,train
7685,train
7686,train
7687,train
7688,train
7689,train
769,train
7690,train
7691,train
7692,train
7693,train
7694,train
7695,train
7696,train
7697,train
7698,train
7699,train
77,train
770,train
7700,train
7701,train
7702,train
7703,train
7704,train
7705,train
7706,train
7707,train
7708,train
7709,train
771,train
7710,train
7711,train
7712,train
7713,train
7714,train
7715,train
7716,train
7717,train
7718,train
7719,train
772,train
7720,train
7721,train
7722,train
7723,train
7724,train
7725,train
7726,train
7727,train
7728,train
7729,train
773,train
7730,train
7731,train
7732,train
7733,train
7734,train
7735,train
7736,train
7737,train
7738,train
7739,train
774,train
7740,train
7741,train
7742,train
7743,train
7744,train
7745,train
7746,train
7747,train
7748,train
7749,train
775,train
7750,train
7751,train
7752,train
7753,train
7754,train
7755,train
7756,train
7757,train
7758,train
7759,train
776,train
7760,train
7761,train
7762,train
7763,train
7764,train
7765,train
7766,train
7767,train
7768,train
7769,train
777,train
7770,train
7771,train
7772,train
7773,train
7774,train
7775,train
7776,train
7777,train
7778,train
7779,train
778,train
7780,train
7781,train
7782,train
7783,train
7784,train
7785,train
7786,train
7787,train
7788,train
7789,train
779,train
7790,train
7791,train
7792,train
7793,train
7794,train
7795,train
7796,train
7797,train
7798,train
7799,train
78,train
780,train
7800,train
7801,train
7802,train
7803,train
7804,train
7805,train
7806,train
7807,train
7808,train
7809,train
781,train
7810,train
7811,train
7812,train
7813,train
7814,train
7815,train
7816,train
7817,train
7818,train
7819,train
782,train
7820,train
7821,train
7822,train
7823,train
7824,train
7825,train
7826,train
7827,train
7828,train
7829,train
783,train
7830,train
7831,train
7832,train
7833,train
7834,train
7835,train
7836,train
7837,train
7838,train
7839,train
784,train
7840,train
7841,train
7842,train
7843,train
7844,train
7845,train
7846,train
7847,train
7848,train
7849,train
785,train
7850,train
7851,train
7852,train
7853,train
7854,train
7855,train
7856,train
7857,train
7858,train
7859,train
786,train
7860,train
7861,train
7862,train
7863,train
7864,train
7865,train
7866,train
7867,train
7868,train
7869,train
787,train
7870,train
7871,train
7872,train
7873,train
7874,train
7875,train
7876,train
7877,train
7878,train
7879,train
788,train
7880,train
7881,train
7882,train
7883,train
7884,train
7885,train
7886,train
7887,train
7888,train
7889,train
789,train
7890,train
7891,train
7892,train
7893,train
7894,train
7895,train
7896,train
7897,train
7898,train
7899,train
79,train
790,train
7900,train
7901,train
7902,train
7903,train
7904,train
7905,train
7906,train
7907,train
7908,train
7909,train
791,train
7910,train
7911,train
7912,train
7913,train
7914,train
7915,train
7916,train
7917,train
7918,train
7919,train
792,train
7920,train
7921,train
7922,train
7923,train
7924,train
7925,train
7926,train
7927,train
7928,train
7929,train
793,train
7930,train
7931,train
7932,train
7933,train
7934,train
7935,train
7936,train
7937,train
7938,train
7939,train
794,train
7940,train
7941,train
7942,train
7943,train
7944,train
7945,train
7946,train
7947,train
7948,train
7949,train
795,train
7950,train
7951,train
7952,train
7953,train
7954,train
7955,train
7956,train
7957,train
7958,train
7959,train
796,train
7960,train
7961,train
7962,train
7963,train
7964,train
7965,train
7966,train
7967,train
7968,train
7969,train
797,train
7970,train
7971,train
7972,train
7973,train
7974,train
7975,train
7976,train
7977,train
7978,train
7979,train
798,train
7980,train
7981,train
7982,train
7983,train
7984,train
7985,train
7986,train
7987,train
7988,train
7989,train
799,train
7990,train
7991,train
7992,train
7993,train
7994,train
7995,train
7996,train
7997,train
7998,train
7999,train
8,train
80,train
800,train
8000,train
8001,train
8002,train
8003,train
8004,train
8005,train
8006,train
8007,train
8008,train
8009,train
801,train
8010,train
8011,train
8012,train
8013,train
8014,train
8015,train
8016,train
8017,train
8018,train
8019,train
802,train
8020,train
8021,train
8022,train
8023,train
8024,train
8025,train
8026,train
8027,train
8028,train
8029,train
803,train
8030,train
8031,train
8032,train
8033,train
8034,train
8035,train
8036,train
8037,train
8038,train
8039,train
804,train
8040,train
8041,train
8042,train
8043,train
8044,train
8045,train
8046,train
8047,train
8048,train
8049,train
805,train
8050,train
8051,train
8052,train
8053,train
8054,train
8055,train
8056,train
8057,train
8058,train
8059,train
806,train
8060,train
8061,train
8062,train
8063,train
8064,train
8065,train
8066,train
8067,train
8068,train
8069,train
807,train
8070,train
8071,train
8072,train
8073,train
8074,train
8075,train
8076,train
8077,train
8078,train
8079,train
808,train
8080,train
8081,train
8082,train
8083,train
8084,train
8085,train
8086,train
8087,train
8088,train
8089,train
809,train
8090,train
8091,train
8092,train
8093,train
8094,train
8095,train
8096,train
8097,train
8098,train
8099,train
81,train
810,train
8100,train
8101,train
8102,train
8103,train
8104,train
8105,train
8106,train
8107,train
8108,train
8109,train
811,train
8110,train
8111,train
8112,train
8113,train
8114,train
8115,train
8116,train
8117,train
8118,train
8119,train
812,train
8120,train
8121,train
8122,train
8123,train
8124,train
8125,train
8126,train
8127,train
8128,train
8129,train
813,train
8130,train
8131,train
8132,train
8133,train
8134,train
8135,train
8136,train
8137,train
8138,train
8139,train
814,train
8140,train
8141,train
8142,train
8143,train
8144,train
8145,train
8146,train
8147,train
8148,train
8149,train
815,train
8150,train
8151,train
8152,train
8153,train
8154,train
8155,train
8156,train
8157,train
8158,train
8159,train
816,train
8160,train
8161,train
8162,train
8163,train
8164,train
8165,train
8166,train
8167,train
8168,train
8169,train
817,train
8170,train
8171,train
8172,train
8173,train
8174,train
8175,train
8176,train
8177,train
8178,train
8179,train
818,train
8180,train
8181,train
8182,train
8183,train
8184,train
8185,train
8186,train
8187,train
8188,train
8189,train
819,train
8190,train
8191,train
8192,train
8193,train
8194,train
8195,train
8196,train
8197,train
8198,train
8199,train
82,train
820,train
8200,train
8201,train
8202,train
8203,train
8204,train
8205,train
8206,train
8207,train
8208,train
8209,train
821,train
8210,train
8211,train
8212,train
8213,train
8214,train
8215,train
8216,train
8217,train
8218,train
8219,train
822,train
8220,train
8221,train
8222,train
8223,train
8224,train
8225,train
8226,train
8227,train
8228,train
8229,train
823,train
8230,train
8231,train
8232,train
8233,train
8234,train
8235,train
8236,train
8237,train
8238,train
8239,train
824,train
8240,train
8241,train
8242,train
8243,train
8244,train
8245,train
8246,train
8247,train
8248,train
8249,train
825,train
8250,train
8251,train
8252,train
8253,train
8254,train
8255,train
8256,train
8257,train
8258,train
8259,train
826,train
8260,train
8261,train
8262,train
8263,train
8264,train
8265,train
8266,train
8267,train
8268,train
8269,train
827,train
8270,train
8271,train
8272,train
8273,train
8274,train
8275,train
8276,train
8277,train
8278,train
8279,train
828,train
8280,train
8281,train
8282,train
8283,train
8284,train
8285,train
8286,train
8287,train
8288,train
8289,train
829,train
8290,train
8291,train
8292,train
8293,train
8294,train
8295,train
8296,train
8297,train
8298,train
8299,train
83,train
830,train
8300,train
8301,train
8302,train
8303,train
8304,train
8305,train
8306,train
8307,train
8308,train
8309,train
831,train
8310,train
8311,train
8312,train
8313,train
8314,train
8315,train
8316,train
8317,train
8318,train
8319,train
832,train
8320,train
8321,train
8322,train
8323,train
8324,train
8325,train
8326,train
8327,train
8328,train
8329,train
833,train
8330,train
8331,train
8332,train
8333,train
8334,train
8335,train
8336,train
8337,train
8338,train
8339,train
834,train
8340,train
8341,train
8342,train
8343,train
8344,train
8345,train
8346,train
8347,train
8348,train
8349,train
835,train
8350,train
8351,train
8352,train
8353,train
8354,train
8355,train
8356,train
8357,train
8358,train
8359,train
836,train
8360,train
8361,train
8362,train
8363,train
8364,train
8365,train
8366,train
8367,train
8368,train
8369,train
837,train
8370,train
8371,train
8372,train
8373,train
8374,train
8375,train
8376,train
8377,train
8378,train
8379,train
838,train
8380,train
8381,train
8382,train
8383,train
8384,train
8385,train
8386,train
8387,train
8388,train
8389,train
839,train
8390,train
8391,train
8392,train
8393,train
8394,train
8395,train
8396,train
8397,train
8398,train
8399,train
84,train
840,train
8400,train
8401,train
8402,train
8403,train
8404,train
8405,train
8406,train
8407,train
8408,train
8409,train
841,train
8410,train
8411,train
8412,train
8413,train
8414,train
8415,train
8416,train
8417,train
8418,train
8419,train
842,train
8420,train
8421,train
8422,train
8423,train
8424,train
8425,train
8426,train
8427,train
8428,train
8429,train
843,train
8430,train
8431,train
8432,train
8433,train
8434,train
8435,train
8436,train
8437,train
8438,train
8439,train
844,train
8440,train
8441,train
8442,train
8443,train
8444,train
8445,train
8446,train
8447,train
8448,train
8449,train
845,train
8450,train
8451,train
8452,train
8453,train
8454,train
8455,train
8456,train
8457,train
8458,train
8459,train
846,train
8460,train
8461,train
8462,train
8463,train
8464,train
8465,train
8466,train
8467,train
8468,train
8469,train
847,train
8470,train
8471,train
8472,train
8473,train
8474,train
8475,train
8476,train
8477,train
8478,train
8479,train
848,train
8480,train
8481,train
8482,train
8483,train
8484,train
8485,train
8486,train
8487,train
8488,train
8489,train
849,train
8490,train
8491,train
8492,train
8493,train
8494,train
8495,train
8496,train
8497,train
8498,train
8499,train
85,train
850,train
8500,train
8501,train
8502,train
8503,train
8504,train
8505,train
8506,train
8507,train
8508,train
8509,train
851,train
8510,train
8511,train
8512,train
8513,train
8514,train
8515,train
8516,train
8517,train
8518,train
8519,train
852,train
8520,train
8521,train
8522,train
8523,train
8524,train
8525,train
8526,train
8527,train
8528,train
8529,train
853,train
8530,train
8531,train
8532,train
8533,train
8534,train
8535,train
8536,train
8537,train
8538,train
8539,train
854,train
8540,train
8541,train
8542,train
8543,train
8544,train
8545,train
8546,train
8547,train
8548,train
8549,train
855,train
8550,train
8551,train
8552,train
8553,train
8554,train
8555,train
8556,train
8557,train
8558,train
8559,train
856,train
8560,train
8561,train
8562,train
8563,train
8564,train
8565,train
8566,train
8567,train
8568,train
8569,train
857,train
8570,train
8571,train
8572,train
8573,train
8574,train
8575,train
8576,train
8577,train
8578,train
8579,train
858,train
8580,train
8581,train
8582,train
8583,train
8584,train
8585,train
8586,train
8587,train
8588,train
8589,train
859,train
8590,train
8591,train
8592,train
8593,train
8594,train
8595,train
8596,train
8597,train
8598,train
8599,train
86,train
860,train
8600,train
8601,train
8602,train
8603,train
8604,train
8605,train
8606,train
8607,train
8608,train
8609,train
861,train
8610,train
8611,train
8612,train
8613,train
8614,train
8615,train
8616,train
8617,train
8618,train
8619,train
862,train
8620,train
8621,train
8622,train
8623,train
8624,train
8625,train
8626,train
8627,train
8628,train
8629,train
863,train
8630,train
8631,train
8632,train
8633,train
8634,train
8635,train
8636,train
8637,train
8638,train
8639,train
864,train
8640,train
8641,train
8642,train
8643,train
8644,train
8645,train
8646,train
8647,train
8648,train
8649,train
865,train
8650,train
8651,train
8652,train
8653,train
8654,train
8655,train
8656,train
8657,train
8658,train
8659,train
866,train
8660,train
8661,train
8662,train
8663,train
8664,train
8665,train
8666,train
8667,train
8668,train
8669,train
867,train
8670,train
8671,train
8672,train
8673,train
8674,train
8675,train
8676,train
8677,train
8678,train
8679,train
868,train
8680,train
8681,train
8682,train
8683,train
8684,train
8685,train
8686,train
8687,train
8688,train
8689,train
869,train
8690,train
8691,train
8692,train
8693,train
8694,train
8695,train
8696,train
8697,train
8698,train
8699,train
87,train
870,train
8700,train
8701,train
8702,train
8703,train
8704,train
8705,train
8706,train
8707,train
8708,train
8709,train
871,train
8710,train
8711,train
8712,train
8713,train
8714,train
8715,train
8716,train
8717,train
8718,train
8719,train
872,train
8720,train
8721,train
8722,train
8723,train
8724,train
8725,train
8726,train
8727,train
8728,train
8729,train
873,train
8730,train
8731,train
8732,train
8733,train
8734,train
8735,train
8736,train
8737,train
8738,train
8739,train
874,train
8740,train
8741,train
8742,train
8743,train
8744,train
8745,train
8746,train
8747,train
8748,train
8749,train
875,train
8750,train
8751,train
8752,train
8753,train
8754,train
8755,train
8756,train
8757,train
8758,train
8759,train
876,train
8760,train
8761,train
8762,train
8763,train
8764,train
8765,train
8766,train
8767,train
8768,train
8769,train
877,train
8770,train
8771,train
8772,train
8773,train
8774,train
8775,train
8776,train
8777,train
8778,train
8779,train
878,train
8780,train
8781,train
8782,train
8783,train
8784,train
8785,train
8786,train
8787,train
8788,train
8789,train
879,train
8790,train
8791,train
8792,train
8793,train
8794,train
8795,train
8796,train
8797,train
8798,train
8799,train
88,train
880,train
8800,train
8801,train
8802,train
8803,train
8804,train
8805,train
8806,train
8807,train
8808,train
8809,train
881,train
8810,train
8811,train
8812,train
8813,train
8814,train
8815,train
8816,train
8817,train
8818,train
8819,train
882,train
8820,train
8821,train
8822,train
8823,train
8824,train
8825,train
8826,train
8827,train
8828,train
8829,train
883,train
8830,train
8831,train
8832,train
8833,train
8834,train
8835,train
8836,train
8837,train
8838,train
8839,train
884,train
8840,train
8841,train
8842,train
8843,train
8844,train
8845,train
8846,train
8847,train
8848,train
8849,train
885,train
8850,train
8851,train
8852,train
8853,train
8854,train
8855,train
8856,train
8857,train
8858,train
8859,train
886,train
8860,train
8861,train
8862,train
8863,train
8864,train
8865,train
8866,train
8867,train
8868,train
8869,train
887,train
8870,train
8871,train
8872,train
8873,train
8874,train
8875,train
8876,train
8877,train
8878,train
8879,train
888,train
8880,train
8881,train
8882,train
8883,train
8884,train
8885,train
8886,train
8887,train
8888,train
8889,train
889,train
8890,train
8891,train
8892,train
8893,train
8894,train
8895,train
8896,train
8897,train
8898,train
8899,train
89,train
890,train
8900,train
8901,train
8902,train
8903,train
8904,train
8905,train
8906,train
8907,train
8908,train
8909,train
891,train
8910,train
8911,train
8912,train
8913,train
8914,train
8915,train
8916,train
8917,train
8918,train
8919,train
892,train
8920,train
8921,train
8922,train
8923,train
8924,train
8925,train
8926,train
8927,train
8928,train
8929,train
893,train
8930,train
8931,train
8932,train
8933,train
8934,train
8935,train
8936,train
8937,train
8938,train
8939,train
894,train
8940,train
8941,train
8942,train
8943,train
8944,train
8945,train
8946,train
8947,train
8948,train
8949,train
895,train
8950,train
8951,train
8952,train
8953,train
8954,train
8955,train
8956,train
8957,train
8958,train
8959,train
896,train
8960,train
8961,train
8962,train
8963,train
8964,train
8965,train
8966,train
8967,train
8968,train
8969,train
897,train
8970,train
8971,train
8972,train
8973,train
8974,train
8975,train
8976,train
8977,train
8978,train
8979,train
898,train
8980,train
8981,train
8982,train
8983,train
8984,train
8985,train
8986,train
8987,train
8988,train
8989,train
899,train
8990,train
8991,train
8992,train
8993,train
8994,train
8995,train
8996,train
8997,train
8998,train
8999,train
9,train
90,train
900,train
9000,train
9001,train
9002,train
9003,train
9004,train
9005,train
9006,train
9007,train
9008,train
9009,train
901,train
9010,train
9011,train
9012,train
9013,train
9014,train
9015,train
9016,train
9017,train
9018,train
9019,train
902,train
9020,train
9021,train
9022,train
9023,train
9024,train
9025,train
9026,train
9027,train
9028,train
9029,train
903,train
9030,train
9031,train
9032,train
9033,train
9034,train
9035,train
9036,train
9037,train
9038,train
9039,train
904,train
9040,train
9041,train
9042,train
9043,train
9044,train
9045,train
9046,train
9047,train
9048,train
9049,train
905,train
9050,train
9051,train
9052,train
9053,train
9054,train
9055,train
9056,train
9057,train
9058,train
9059,train
906,train
9060,train
9061,train
9062,train
9063,train
9064,train
9065,train
9066,train
9067,train
9068,train
9069,train
907,train
9070,train
9071,train
9072,train
9073,train
9074,train
9075,train
9076,train
9077,train
9078,train
9079,train
908,train
9080,train
9081,train
9082,train
9083,train
9084,train
9085,train
9086,train
9087,train
9088,train
9089,train
909,train
9090,train
9091,train
9092,train
9093,train
9094,train
9095,train
9096,train
9097,train
9098,train
9099,train
91,train
910,train
9100,train
9101,train
9102,train
9103,train
9104,train
9105,train
9106,train
9107,train
9108,train
9109,train
911,train
9110,train
9111,train
9112,train
9113,train
9114,train
9115,train
9116,train
9117,train
9118,train
9119,train
912,train
9120,train
9121,train
9122,train
9123,train
9124,train
9125,train
9126,train
9127,train
9128,train
9129,train
913,train
9130,train
9131,train
9132,train
9133,train
9134,train
9135,train
9136,train
9137,train
9138,train
9139,train
914,train
9140,train
9141,train
9142,train
9143,train
9144,train
9145,train
9146,train
9147,train
9148,train
9149,train
915,train
9150,train
9151,train
9152,train
9153,train
9154,train
9155,train
9156,train
9157,train
9158,train
9159,train
916,train
9160,train
9161,train
9162,train
9163,train
9164,train
9165,train
9166,train
9167,train
9168,train
9169,train
917,train
9170,train
9171,train
9172,train
9173,train
9174,train
9175,train
9176,train
9177,train
9178,train
9179,train
918,train
9180,train
9181,train
9182,train
9183,train
9184,train
9185,train
9186,train
9187,train
9188,train
9189,train
919,train
9190,train
9191,train
9192,train
9193,train
9194,train
9195,train
9196,train
9197,train
9198,train
9199,train
92,train
920,train
9200,train
9201,train
9202,train
9203,train
9204,train
9205,train
9206,train
9207,train
9208,train
9209,train
921,train
9210,train
9211,train
9212,train
9213,train
9214,train
9215,train
9216,train
9217,train
9218,train
9219,train
922,train
9220,train
9221,train
9222,train
9223,train
9224,train
9225,train
9226,train
9227,train
9228,train
9229,train
923,train
9230,train
9231,train
9232,train
9233,train
9234,train
9235,train
9236,train
9237,train
9238,train
9239,train
924,train
9240,train
9241,train
9242,train
9243,train
9244,train
9245,train
9246,train
9247,train
9248,train
9249,train
925,train
9250,train
9251,train
9252,train
9253,train
9254,train
9255,train
9256,train
9257,train
9258,train
9259,train
926,train
9260,train
9261,train
9262,train
9263,train
9264,train
9265,train
9266,train
9267,train
9268,train
9269,train
927,train
9270,train
9271,train
9272,train
9273,train
9274,train
9275,train
9276,train
9277,train
9278,train
9279,train
928,train
9280,train
9281,train
9282,train
9283,train
9284,train
9285,train
9286,train
9287,train
9288,train
9289,train
929,train
9290,train
9291,train
9292,train
9293,train
9294,train
9295,train
9296,train
9297,train
9298,train
9299,train
93,train
930,train
9300,train
9301,train
9302,train
9303,train
9304,train
9305,train
9306,train
9307,train
9308,train
9309,train
931,train
9310,train
9311,train
9312,train
9313,train
9314,train
9315,train
9316,train
9317,train
9318,train
9319,train
932,train
9320,train
9321,train
9322,train
9323,train
9324,train
9325,train
9326,train
9327,train
9328,train
9329,train
933,train
9330,train
9331,train
9332,train
9333,train
9334,train
9335,train
9336,train
9337,train
9338,train
9339,train
934,train
9340,train
9341,train
9342,train
9343,train
9344,train
9345,train
9346,train
9347,train
9348,train
9349,train
935,train
9350,train
9351,train
9352,train
9353,train
9354,train
9355,train
9356,train
9357,train
9358,train
9359,train
936,train
9360,train
9361,train
9362,train
9363,train
9364,train
9365,train
9366,train
9367,train
9368,train
9369,train
937,train
9370,train
9371,train
9372,train
9373,train
9374,train
9375,train
9376,train
9377,train
9378,train
9379,train
938,train
9380,train
9381,train
9382,train
9383,train
9384,train
9385,train
9386,train
9387,train
9388,train
9389,train
939,train
9390,train
9391,train
9392,train
9393,train
9394,train
9395,train
9396,train
9397,train
9398,train
9399,train
94,train
940,train
9400,train
9401,train
9402,train
9403,train
9404,train
9405,train
9406,train
9407,train
9408,train
9409,train
941,train
9410,train
9411,train
9412,train
9413,train
9414,train
9415,train
9416,train
9417,train
9418,train
9419,train
942,train
9420,train
9421,train
9422,train
9423,train
9424,train
9425,train
9426,train
9427,train
9428,train
9429,train
943,train
9430,train
9431,train
9432,train
9433,train
9434,train
9435,train
9436,train
9437,train
9438,train
9439,train
944,train
9440,train
9441,train
9442,train
9443,train
9444,train
9445,train
9446,train
9447,train
9448,train
9449,train
945,train
9450,train
9451,train
9452,train
9453,train
9454,train
9455,train
9456,train
9457,train
9458,train
9459,train
946,train
9460,train
9461,train
9462,train
9463,train
9464,train
9465,train
9466,train
9467,train
9468,train
9469,train
947,train
9470,train
9471,train
9472,train
9473,train
9474,train
9475,train
9476,train
9477,train
9478,train
9479,train
948,train
9480,train
9481,train
9482,train
9483,train
9484,train
9485,train
9486,train
9487,train
9488,train
9489,train
949,train
9490,train
9491,train
9492,train
9493,train
9494,train
9495,train
9496,train
9497,train
9498,train
9499,train
95,train
950,train
9500,train
9501,train
9502,train
9503,train
9504,train
9505,train
9506,train
9507,train
9508,train
9509,train
951,train
9510,train
9511,train
9512,train
9513,train
9514,train
9515,train
9516,train
9517,train
9518,train
9519,train
952,train
9520,train
9521,train
9522,train
9523,train
9524,train
9525,train
9526,train
9527,train
9528,train
9529,train
953,train
9530,train
9531,train
9532,train
9533,train
9534,train
9535,train
9536,train
9537,train
9538,train
9539,train
954,train
9540,train
9541,train
9542,train
9543,train
9544,train
9545,train
9546,train
9547,train
9548,train
9549,train
955,train
9550,train
9551,train
9552,train
9553,train
9554,train
9555,train
9556,train
9557,train
9558,train
9559,train
956,train
9560,train
9561,train
9562,train
9563,train
9564,train
9565,train
9566,train
9567,train
9568,train
9569,train
957,train
9570,train
9571,train
9572,train
9573,train
9574,train
9575,train
9576,train
9577,train
9578,train
9579,train
958,train
9580,train
9581,train
9582,train
9583,train
9584,train
9585,train
9586,train
9587,train
9588,train
9589,train
959,train
9590,train
9591,train
9592,train
9593,train
9594,train
9595,train
9596,train
9597,train
9598,train
9599,train
96,train
960,train
9600,train
9601,train
9602,train
9603,train
9604,train
9605,train
9606,train
9607,train
9608,train
9609,train
961,train
9610,train
9611,train
9612,train
9613,train
9614,train
9615,train
9616,train
9617,train
9618,train
9619,train
962,train
9620,train
9621,train
9622,train
9623,train
9624,train
9625,train
9626,train
9627,train
9628,train
9629,train
963,train
9630,train
9631,train
9632,train
9633,train
9634,train
9635,train
9636,train
9637,train
9638,train
9639,train
964,train
9640,train
9641,train
9642,train
9643,train
9644,train
9645,train
9646,train
9647,train
9648,train
9649,train
965,train
9650,train
9651,train
9652,train
9653,train
9654,train
9655,train
9656,train
9657,train
9658,train
9659,train
966,train
9660,train
9661,train
9662,train
9663,train
9664,train
9665,train
9666,train
9667,train
9668,train
9669,train
967,train
9670,train
9671,train
9672,train
9673,train
9674,train
9675,train
9676,train
9677,train
9678,train
9679,train
968,train
9680,train
9681,train
9682,train
9683,train
9684,train
9685,train
9686,train
9687,train
9688,train
9689,train
969,train
9690,train
9691,train
9692,train
9693,train
9694,train
9695,train
9696,train
9697,train
9698,train
9699,train
97,train
970,train
9700,train
9701,train
9702,train
9703,train
9704,train
9705,train
9706,train
9707,train
9708,train
9709,train
971,train
9710,train
9711,train
9712,train
9713,train
9714,train
9715,train
9716,train
9717,train
9718,train
9719,train
972,train
9720,train
9721,train
9722,train
9723,train
9724,train
9725,train
9726,train
9727,train
9728,train
9729,train
973,train
9730,train
9731,train
9732,train
9733,train
9734,train
9735,train
9736,train
9737,train
9738,train
9739,train
974,train
9740,train
9741,train
9742,train
9743,train
9744,train
9745,train
9746,train
9747,train
9748,train
9749,train
975,train
9750,train
9751,train
9752,train
9753,train
9754,train
9755,train
9756,train
9757,train
9758,train
9759,train
976,train
9760,train
9761,train
9762,train
9763,train
9764,train
9765,train
9766,train
9767,train
9768,train
9769,train
977,train
9770,train
9771,train
9772,train
9773,train
9774,train
9775,train
9776,train
9777,train
9778,train
9779,train
978,train
9780,train
9781,train
9782,train
9783,train
9784,train
9785,train
9786,train
9787,train
9788,train
9789,train
979,train
9790,train
9791,train
9792,train
9793,train
9794,train
9795,train
9796,train
9797,train
9798,train
9799,train
98,train
980,train
9800,train
9801,train
9802,train
9803,train
9804,train
9805,train
9806,train
9807,train
9808,train
9809,train
981,train
9810,train
9811,train
9812,train
9813,train
9814,train
9815,train
9816,train
9817,train
9818,train
9819,train
982,train
9820,train
9821,train
9822,train
9823,train
9824,train
9825,train
9826,train
9827,train
9828,train
9829,train
983,train
9830,train
9831,train
9832,train
9833,train
9834,train
9835,train
9836,train
9837,train
9838,train
9839,train
984,train
9840,train
9841,train
9842,train
9843,train
9844,train
9845,train
9846,train
9847,train
9848,train
9849,train
985,train
9850,train
9851,train
9852,train
9853,train
9854,train
9855,train
9856,train
9857,train
9858,train
9859,train
986,train
9860,train
9861,train
9862,train
9863,train
9864,train
9865,train
9866,train
9867,train
9868,train
9869,train
987,train
9870,train
9871,train
9872,train
9873,train
9874,train
9875,train
9876,train
9877,train
9878,train
9879,train
988,train
9880,train
9881,train
9882,train
9883,train
9884,train
9885,train
9886,train
9887,train
9888,train
9889,train
989,train
9890,train
9891,train
9892,train
9893,train
9894,train
9895,train
9896,train
9897,train
9898,train
9899,train
99,train
990,train
9900,train
9901,train
9902,train
9903,train
9904,train
9905,train
9906,train
9907,train
9908,train
9909,train
991,train
9910,train
9911,train
9912,train
9913,train
9914,train
9915,train
9916,train
9917,train
9918,train
9919,train
992,train
9920,train
9921,train
9922,train
9923,train
9924,train
9925,train
9926,train
9927,train
9928,train
9929,train
993,train
9930,train
9931,train
9932,train
9933,train
9934,train
9935,train
9936,train
9937,train
9938,train
9939,train
994,train
9940,train
9941,train
9942,train
9943,train
9944,train
9945,train
9946,train
9947,train
9948,train
9949,train
995,train
9950,train
9951,train
9952,train
9953,train
9954,train
9955,train
9956,train
9957,train
9958,train
9959,train
996,train
9960,train
9961,train
9962,train
9963,train
9964,train
9965,train
9966,train
9967,train
9968,train
9969,train
997,train
9970,train
9971,train
9972,train
9973,train
9974,train
9975,train
9976,train
9977,train
9978,train
9979,train
998,train
9980,train
9981,train
9982,train
9983,train
9984,train
9985,train
9986,train
9987,train
9988,train
9989,train
999,train
9990,train
9991,train
9992,train
9993,train
9994,train
9995,train
9996,train
9997,train
9998,train
9999,train
