key,terminal_reason,origin,archive,alternate
"train_10002_document_image",host_serves_placeholder+snapshots_are_placeholders,host_serves_placeholder,snapshots_are_placeholders,none_in_metadata
"train_10006_claim_image",host_serves_placeholder+snapshot_furniture,host_serves_placeholder,snapshot_furniture,none_in_metadata
"train_10023_claim_image",host_serves_placeholder+no_snapshot,host_serves_placeholder,no_snapshot,none_in_metadata
"train_10033_claim_image",host_serves_placeholder+no_snapshot,host_serves_placeholder,no_snapshot,none_in_metadata
"train_10037_document_image",host_serves_placeholder+no_snapshot,host_serves_placeholder,no_snapshot,none_in_metadata
"train_10042_claim_image",host_serves_placeholder+snapshots_are_placeholders,host_serves_placeholder,snapshots_are_placeholders,none_in_metadata
"train_10091_claim_image",host_serves_placeholder+snapshot_furniture,host_serves_placeholder,snapshot_furniture,none_in_metadata
"train_10094_claim_image",host_serves_placeholder+no_snapshot,host_serves_placeholder,no_snapshot,none_in_metadata
"train_10101_claim_image",fetched_furniture+no_snapshot,fetched_furniture,no_snapshot,none_in_metadata
"train_10102_document_image",host_serves_placeholder+no_snapshot,host_serves_placeholder,no_snapshot,none_in_metadata
"train_10107_claim_image",blocked_403+no_snapshot,blocked_403,no_snapshot,none_in_metadata
"train_10123_document_image",blocked_403+no_snapshot,blocked_403,no_snapshot,none_in_metadata
"train_10131_document_image",host_serves_placeholder+no_snapshot,host_serves_placeholder,no_snapshot,none_in_metadata
"train_10141_document_image",host_serves_placeholder+snapshots_are_placeholders,host_serves_placeholder,snapshots_are_placeholders,none_in_metadata
"train_10148_document_image",blocked_403+no_snapshot,blocked_403,no_snapshot,none_in_metadata
"train_10162_claim_image",blocked_403+snapshot_verdict,blocked_403,snapshot_verdict,none_in_metadata
"train_10162_document_image",blocked_403+snapshot_verdict,blocked_403,snapshot_verdict,none_in_metadata
"train_10169_document_image",blocked_403+no_snapshot,blocked_403,no_snapshot,none_in_metadata
"train_10174_document_image",host_serves_placeholder+snapshot_furniture,host_serves_placeholder,snapshot_furniture,none_in_metadata
"train_10178_claim_image",host_serves_placeholder+no_snapshot,host_serves_placeholder,no_snapshot,none_in_metadata
"train_101_claim_image",blocked_403+snapshot_verdict,blocked_403,snapshot_verdict,none_in_metadata
"train_10205_document_image",host_serves_placeholder+no_snapshot,host_serves_placeholder,no_snapshot,none_in_metadata
"train_10213_document_image",blocked_403+no_snapshot,blocked_403,no_snapshot,none_in_metadata
"train_10215_claim_image",host_serves_placeholder+no_snapshot,host_serves_placeholder,no_snapshot,none_in_metadata
"train_10217_document_image",blocked_403+no_snapshot,blocked_403,no_snapshot,none_in_metadata
"train_10220_document_image",blocked_403+no_snapshot,blocked_403,no_snapshot,none_in_metadata
"train_10230_claim_image",blocked_403+snapshot_verdict,blocked_403,snapshot_verdict,none_in_metadata
"train_10235_document_image",host_serves_placeholder+snapshots_are_placeholders,host_serves_placeholder,snapshots_are_placeholders,none_in_metadata
"train_1023_document_image",host_serves_placeholder+snapshot_furniture,host_serves_placeholder,snapshot_furniture,none_in_metadata
"train_10250_claim_image",fetched_furniture+no_snapshot,fetched_furniture,no_snapshot,none_in_metadata
"train_10253_claim_image",blocked_403+no_snapshot,blocked_403,no_snapshot,none_in_metadata
"train_10253_document_image",blocked_403+no_snapshot,blocked_403,no_snapshot,none_in_metadata
"train_1026_claim_image",host_serves_placeholder+snapshots_are_placeholders,host_serves_placeholder,snapshots_are_placeholders,none_in_metadata
"train_1026_document_image",blocked_403+no_snapshot,blocked_403,no_snapshot,none_in_metadata
"train_10271_claim_image",blocked_403+snapshot_verdict,blocked_403,snapshot_verdict,none_in_metadata
"train_10271_document_image",blocked_403+no_snapshot,blocked_403,no_snapshot,none_in_metadata
"train_10272_document_image",host_serves_placeholder+snapshots_are_placeholders,host_serves_placeholder,snapshots_are_placeholders,none_in_metadata
"train_10276_document_image",blocked_403+no_snapshot,blocked_403,no_snapshot,none_in_metadata
"train_10282_document_image",blocked_403+snapshot_verdict,blocked_403,snapshot_verdict,none_in_metadata
"train_10283_claim_image",host_serves_placeholder+snapshot_furniture,host_serves_placeholder,snapshot_furniture,none_in_metadata
"train_10292_document_image",host_serves_placeholder+no_snapshot,host_serves_placeholder,no_snapshot,none_in_metadata
"train_10294_document_image",host_serves_placeholder+no_snapshot,host_serves_placeholder,no_snapshot,none_in_metadata
"train_10311_document_image",host_serves_placeholder+no_snapshot,host_serves_placeholder,no_snapshot,none_in_metadata
"train_10319_claim_image",host_serves_placeholder+no_snapshot,host_serves_placeholder,no_snapshot,none_in_metadata
"train_10320_claim_image",host_serves_placeholder+no_snapshot,host_serves_placeholder,no_snapshot,none_in_metadata
"train_10324_claim_image",host_serves_placeholder+snapshots_are_placeholders,host_serves_placeholder,snapshots_are_placeholders,none_in_metadata
"train_10324_document_image",host_serves_placeholder+snapshots_are_placeholders,host_serves_placeholder,snapshots_are_placeholders,none_in_metadata
"train_10339_document_image",host_serves_placeholder+snapshots_are_placeholders,host_serves_placeholder,snapshots_are_placeholders,none_in_metadata
"train_10342_claim_image",host_serves_placeholder+snapshots_are_placeholders,host_serves_placeholder,snapshots_are_placeholders,none_in_metadata
"train_10345_document_image",blocked_403+no_snapshot,blocked_403,no_snapshot,none_in_metadata
"train_10370_claim_image",host_serves_placeholder+no_snapshot,host_serves_placeholder,no_snapshot,none_in_metadata
"train_10386_claim_image",host_serves_placeholder+snapshots_are_placeholders,host_serves_placeholder,snapshots_are_placeholders,none_in_metadata
"train_10387_claim_image",blocked_403+snapshot_verdict,blocked_403,snapshot_verdict,none_in_metadata
"train_10398_claim_image",host_serves_placeholder+no_snapshot,host_serves_placeholder,no_snapshot,none_in_metadata
"train_10398_document_image",host_serves_placeholder+no_snapshot,host_serves_placeholder,no_snapshot,none_in_metadata
"train_10401_document_image",host_serves_placeholder+snapshots_are_placeholders,host_serves_placeholder,snapshots_are_placeholders,none_in_metadata
"train_10403_claim_image",host_serves_placeholder+snapshots_are_placeholders,host_serves_placeholder,snapshots_are_placeholders,none_in_metadata
"train_10411_document_image",host_serves_placeholder+snapshot_verdict,host_serves_placeholder,snapshot_verdict,none_in_metadata
"train_10415_claim_image",blocked_403+no_snapshot,blocked_403,no_snapshot,none_in_metadata
"train_10421_document_image",host_serves_placeholder+no_snapshot,host_serves_placeholder,no_snapshot,none_in_metadata
"train_10422_document_image",host_serves_placeholder+snapshots_are_placeholders,host_serves_placeholder,snapshots_are_placeholders,none_in_metadata
"train_10426_claim_image",gone_404+no_snapshot,gone_404,no_snapshot,none_in_metadata
"train_10426_document_image",blocked_403+no_snapshot,blocked_403,no_snapshot,none_in_metadata
"train_10429_claim_image",host_serves_placeholder+snapshots_are_placeholders,host_serves_placeholder,snapshots_are_placeholders,none_in_metadata
"train_10432_claim_image",blocked_403+no_snapshot,blocked_403,no_snapshot,none_in_metadata
"train_10436_document_image",host_serves_placeholder+snapshots_are_placeholders,host_serves_placeholder,snapshots_are_placeholders,none_in_metadata
"train_10443_document_image",host_serves_placeholder+no_snapshot,host_serves_placeholder,no_snapshot,none_in_metadata
"train_10448_document_image",host_serves_placeholder+no_snapshot,host_serves_placeholder,no_snapshot,none_in_metadata
"train_10461_claim_image",host_serves_placeholder+snapshots_are_placeholders,host_serves_placeholder,snapshots_are_placeholders,none_in_metadata
"train_10474_claim_image",blocked_403+no_snapshot,blocked_403,no_snapshot,none_in_metadata
"train_10495_document_image",host_serves_placeholder+no_snapshot,host_serves_placeholder,no_snapshot,none_in_metadata
"train_10514_document_image",blocked_403+no_snapshot,blocked_403,no_snapshot,none_in_metadata
"train_10515_claim_image",host_serves_placeholder+no_snapshot,host_serves_placeholder,no_snapshot,none_in_metadata
"train_10519_document_image",host_serves_placeholder+snapshots_are_placeholders,host_serves_placeholder,snapshots_are_placeholders,none_in_metadata
"train_1051_claim_image",fetched_furniture+snapshots_are_placeholders,fetched_furniture,snapshots_are_placeholders,none_in_metadata
"train_10524_document_image",host_serves_placeholder+snapshots_are_placeholders,host_serves_placeholder,snapshots_are_placeholders,none_in_metadata
"train_10539_document_image",host_serves_placeholder+snapshots_are_placeholders,host_serves_placeholder,snapshots_are_placeholders,none_in_metadata
"train_10555_document_image",host_serves_placeholder+snapshot_verdict,host_serves_placeholder,snapshot_verdict,none_in_metadata
"train_10565_claim_image",host_serves_placeholder+no_snapshot,host_serves_placeholder,no_snapshot,none_in_metadata
"train_10566_claim_image",host_serves_placeholder+no_snapshot,host_serves_placeholder,no_snapshot,none_in_metadata
"train_10568_document_image",host_serves_placeholder+snapshots_are_placeholders,host_serves_placeholder,snapshots_are_placeholders,none_in_metadata
"train_10572_claim_image",host_serves_placeholder+snapshot_furniture,host_serves_placeholder,snapshot_furniture,none_in_metadata
"train_10576_document_image",host_serves_placeholder+no_snapshot,host_serves_placeholder,no_snapshot,none_in_metadata
"train_10580_claim_image",host_serves_placeholder+snapshot_furniture,host_serves_placeholder,snapshot_furniture,none_in_metadata
"train_10597_document_image",blocked_403+snapshot_verdict,blocked_403,snapshot_verdict,none_in_metadata
"train_1059_claim_image",host_serves_placeholder+snapshots_are_placeholders,host_serves_placeholder,snapshots_are_placeholders,none_in_metadata
"train_10602_document_image",host_serves_placeholder+no_snapshot,host_serves_placeholder,no_snapshot,none_in_metadata
"train_10614_document_image",host_serves_placeholder+snapshots_are_placeholders,host_serves_placeholder,snapshots_are_placeholders,none_in_metadata
"train_10628_document_image",blocked_403+no_snapshot,blocked_403,no_snapshot,none_in_metadata
"train_10629_document_image",host_serves_placeholder+no_snapshot,host_serves_placeholder,no_snapshot,none_in_metadata
"train_10634_claim_image",blocked_403+snapshot_verdict,blocked_403,snapshot_verdict,none_in_metadata
"train_10634_document_image",blocked_403+no_snapshot,blocked_403,no_snapshot,none_in_metadata
"train_10637_document_image",host_serves_placeholder+snapshots_are_placeholders,host_serves_placeholder,snapshots_are_placeholders,none_in_metadata
"train_10655_document_image",host_serves_placeholder+no_snapshot,host_serves_placeholder,no_snapshot,none_in_metadata
"train_10657_document_image",host_serves_placeholder+snapshots_are_placeholders,host_serves_placeholder,snapshots_are_placeholders,none_in_metadata
"train_10677_claim_image",host_serves_placeholder+no_snapshot,host_serves_placeholder,no_snapshot,none_in_metadata
"train_10684_document_image",host_serves_placeholder+snapshots_are_placeholders,host_serves_placeholder,snapshots_are_placeholders,none_in_metadata
"train_10695_claim_image",fetched_furniture+no_snapshot,fetched_furniture,no_snapshot,none_in_metadata
"train_10701_claim_image",host_serves_placeholder+snapshots_are_placeholders,host_serves_placeholder,snapshots_are_placeholders,none_in_metadata
"train_10703_document_image",blocked_403+no_snapshot,blocked_403,no_snapshot,none_in_metadata
"train_10714_document_image",blocked_403+no_snapshot,blocked_403,no_snapshot,none_in_metadata
"train_10719_document_image",host_serves_placeholder+snapshots_are_placeholders,host_serves_placeholder,snapshots_are_placeholders,none_in_metadata
"train_10722_document_image",blocked_403+no_snapshot,blocked_403,no_snapshot,none_in_metadata
"train_10740_document_image",host_serves_placeholder+no_snapshot,host_serves_placeholder,no_snapshot,none_in_metadata
"train_10753_claim_image",host_serves_placeholder+snapshots_are_placeholders,host_serves_placeholder,snapshots_are_placeholders,none_in_metadata
"train_10761_document_image",host_serves_placeholder+snapshots_are_placeholders,host_serves_placeholder,snapshots_are_placeholders,none_in_metadata
"train_10764_document_image",host_serves_placeholder+snapshots_are_placeholders,host_serves_placeholder,snapshots_are_placeholders,none_in_metadata
"train_10767_document_image",host_serves_placeholder+no_snapshot,host_serves_placeholder,no_snapshot,none_in_metadata
"train_10779_document_image",host_serves_placeholder+no_snapshot,host_serves_placeholder,no_snapshot,none_in_metadata
"train_10808_document_image",blocked_403+no_snapshot,blocked_403,no_snapshot,none_in_metadata
"train_1080_claim_image",host_serves_placeholder+snapshots_are_placeholders,host_serves_placeholder,snapshots_are_placeholders,none_in_metadata
"train_10818_document_image",blocked_403+no_snapshot,blocked_403,no_snapshot,none_in_metadata
"train_10821_claim_image",host_serves_placeholder+no_snapshot,host_serves_placeholder,no_snapshot,none_in_metadata
"train_10829_document_image",host_serves_placeholder+snapshots_are_placeholders,host_serves_placeholder,snapshots_are_placeholders,none_in_metadata
"train_10836_document_image",host_serves_placeholder+snapshots_are_placeholders,host_serves_placeholder,snapshots_are_placeholders,none_in_metadata
"train_10837_document_image",host_serves_placeholder+snapshot_furniture,host_serves_placeholder,snapshot_furniture,none_in_metadata
"train_10854_claim_image",host_serves_placeholder+no_snapshot,host_serves_placeholder,no_snapshot,none_in_metadata
"train_10866_document_image",host_serves_placeholder+snapshots_are_placeholders,host_serves_placeholder,snapshots_are_placeholders,none_in_metadata
"train_10869_document_image",blocked_403+snapshot_verdict,blocked_403,snapshot_verdict,none_in_metadata
"train_10887_claim_image",fetched_furniture+no_snapshot,fetched_furniture,no_snapshot,none_in_metadata
"train_10902_document_image",host_serves_placeholder+no_snapshot,host_serves_placeholder,no_snapshot,none_in_metadata
"train_10929_claim_image",host_serves_placeholder+no_snapshot,host_serves_placeholder,no_snapshot,none_in_metadata
"train_10960_document_image",host_serves_placeholder+no_snapshot,host_serves_placeholder,no_snapshot,none_in_metadata
"train_10965_document_image",blocked_403+no_snapshot,blocked_403,no_snapshot,none_in_metadata
"train_10986_document_image",blocked_403+no_snapshot,blocked_403,no_snapshot,none_in_metadata
"train_10999_document_image",blocked_403+no_snapshot,blocked_403,no_snapshot,none_in_metadata
"train_11002_document_image",host_serves_placeholder+no_snapshot,host_serves_placeholder,no_snapshot,none_in_metadata
"train_11008_claim_image",host_serves_placeholder+snapshot_furniture,host_serves_placeholder,snapshot_furniture,none_in_metadata
"train_1100_document_image",blocked_403+no_snapshot,blocked_403,no_snapshot,none_in_metadata
"train_11022_claim_image",host_serves_placeholder+snapshots_are_placeholders,host_serves_placeholder,snapshots_are_placeholders,none_in_metadata
"train_11036_claim_image",host_serves_non_image+no_snapshot,host_serves_non_image,no_snapshot,none_in_metadata
"train_11040_claim_image",blocked_403+no_snapshot,blocked_403,no_snapshot,none_in_metadata
"train_11040_document_image",blocked_403+no_snapshot,blocked_403,no_snapshot,none_in_metadata
"train_11041_document_image",host_serves_placeholder+no_snapshot,host_serves_placeholder,no_snapshot,none_in_metadata
"train_11055_claim_image",fetched_furniture+no_snapshot,fetched_furniture,no_snapshot,none_in_metadata
"train_11072_claim_image",refused_http_406+no_snapshot,refused_http_406,no_snapshot,none_in_metadata
"train_11074_document_image",host_serves_placeholder+no_snapshot,host_serves_placeholder,no_snapshot,none_in_metadata
"train_11081_claim_image",fetched_furniture+no_snapshot,fetched_furniture,no_snapshot,none_in_metadata
"train_11087_document_image",host_serves_placeholder+no_snapshot,host_serves_placeholder,no_snapshot,none_in_metadata
"train_11122_document_image",blocked_403+no_snapshot,blocked_403,no_snapshot,none_in_metadata
"train_11124_document_image",host_serves_placeholder+no_snapshot,host_serves_placeholder,no_snapshot,none_in_metadata
"train_11139_document_image",blocked_403+snapshot_verdict,blocked_403,snapshot_verdict,none_in_metadata
"train_11142_document_image",blocked_403+snapshots_are_placeholders,blocked_403,snapshots_are_placeholders,none_in_metadata
"train_11146_claim_image",blocked_403+snapshot_verdict,blocked_403,snapshot_verdict,none_in_metadata
"train_11146_document_image",blocked_403+no_snapshot,blocked_403,no_snapshot,none_in_metadata
"train_11148_claim_image",host_serves_placeholder+snapshots_are_placeholders,host_serves_placeholder,snapshots_are_placeholders,none_in_metadata
"train_11156_document_image",blocked_403+no_snapshot,blocked_403,no_snapshot,none_in_metadata
"train_11158_document_image",host_serves_placeholder+snapshots_are_placeholders,host_serves_placeholder,snapshots_are_placeholders,none_in_metadata
"train_1117_document_image",host_serves_placeholder+snapshots_are_placeholders,host_serves_placeholder,snapshots_are_placeholders,none_in_metadata
"train_11193_document_image",blocked_403+no_snapshot,blocked_403,no_snapshot,none_in_metadata
"train_11195_document_image",blocked_403+no_snapshot,blocked_403,no_snapshot,none_in_metadata
"train_11196_document_image",host_serves_placeholder+no_snapshot,host_serves_placeholder,no_snapshot,none_in_metadata
"train_11200_document_image",host_serves_placeholder+no_snapshot,host_serves_placeholder,no_snapshot,none_in_metadata
"train_11201_claim_image",host_serves_placeholder+snapshots_are_placeholders,host_serves_placeholder,snapshots_are_placeholders,none_in_metadata
"train_11221_document_image",host_serves_placeholder+no_snapshot,host_serves_placeholder,no_snapshot,none_in_metadata
"train_11227_document_image",blocked_403+no_snapshot,blocked_403,no_snapshot,none_in_metadata
"train_11229_claim_image",host_serves_non_image+no_snapshot,host_serves_non_image,no_snapshot,none_in_metadata
"train_11231_document_image",host_serves_placeholder+snapshots_are_placeholders,host_serves_placeholder,snapshots_are_placeholders,none_in_metadata
"train_11257_claim_image",host_serves_placeholder+snapshots_are_placeholders,host_serves_placeholder,snapshots_are_placeholders,none_in_metadata
"train_11257_document_image",blocked_403+no_snapshot,blocked_403,no_snapshot,none_in_metadata
"train_11264_claim_image",blocked_403+snapshot_verdict,blocked_403,snapshot_verdict,none_in_metadata
"train_11271_claim_image",host_serves_placeholder+snapshot_furniture,host_serves_placeholder,snapshot_furniture,none_in_metadata
"train_11272_document_image",host_serves_placeholder+snapshots_are_placeholders,host_serves_placeholder,snapshots_are_placeholders,none_in_metadata
"train_11275_document_image",host_serves_placeholder+no_snapshot,host_serves_placeholder,no_snapshot,none_in_metadata
"train_11277_claim_image",host_serves_placeholder+no_snapshot,host_serves_placeholder,no_snapshot,none_in_metadata
"train_11289_claim_image",host_serves_placeholder+no_snapshot,host_serves_placeholder,no_snapshot,none_in_metadata
"train_11307_document_image",host_serves_placeholder+no_snapshot,host_serves_placeholder,no_snapshot,none_in_metadata
"train_11311_document_image",host_serves_placeholder+snapshots_are_placeholders,host_serves_placeholder,snapshots_are_placeholders,none_in_metadata
"train_11313_document_image",blocked_403+no_snapshot,blocked_403,no_snapshot,none_in_metadata
"train_11316_document_image",blocked_403+snapshot_verdict,blocked_403,snapshot_verdict,none_in_metadata
"train_11319_document_image",host_serves_placeholder+snapshots_are_placeholders,host_serves_placeholder,snapshots_are_placeholders,none_in_metadata
"train_11327_document_image",host_serves_placeholder+snapshots_are_placeholders,host_serves_placeholder,snapshots_are_placeholders,none_in_metadata
"train_11331_claim_image",host_serves_placeholder+no_snapshot,host_serves_placeholder,no_snapshot,none_in_metadata
"train_11333_claim_image",host_serves_placeholder+no_snapshot,host_serves_placeholder,no_snapshot,none_in_metadata
"train_11342_document_image",host_serves_placeholder+snapshots_are_placeholders,host_serves_placeholder,snapshots_are_placeholders,none_in_metadata
"train_11374_claim_image",blocked_403+snapshot_verdict,blocked_403,snapshot_verdict,none_in_metadata
"train_11380_document_image",blocked_403+no_snapshot,blocked_403,no_snapshot,none_in_metadata
"train_11383_claim_image",refused_http_400+no_snapshot,refused_http_400,no_snapshot,none_in_metadata
"train_11385_document_image",host_serves_placeholder+no_snapshot,host_serves_placeholder,no_snapshot,none_in_metadata
"train_11393_document_image",host_serves_placeholder+snapshots_are_placeholders,host_serves_placeholder,snapshots_are_placeholders,none_in_metadata
"train_11409_document_image",host_serves_placeholder+no_snapshot,host_serves_placeholder,no_snapshot,none_in_metadata
"train_1140_document_image",host_serves_placeholder+no_snapshot,host_serves_placeholder,no_snapshot,none_in_metadata
"train_11410_claim_image",host_serves_placeholder+snapshot_furniture,host_serves_placeholder,snapshot_furniture,none_in_metadata
"train_11418_claim_image",blocked_403+no_snapshot,blocked_403,no_snapshot,none_in_metadata
"train_11418_document_image",blocked_403+no_snapshot,blocked_403,no_snapshot,none_in_metadata
"train_11419_document_image",blocked_403+no_snapshot,blocked_403,no_snapshot,none_in_metadata
"train_11422_document_image",host_serves_placeholder+snapshots_are_placeholders,host_serves_placeholder,snapshots_are_placeholders,none_in_metadata
"train_11432_claim_image",host_serves_placeholder+snapshots_are_placeholders,host_serves_placeholder,snapshots_are_placeholders,none_in_metadata
"train_11437_claim_image",host_serves_placeholder+snapshots_are_placeholders,host_serves_placeholder,snapshots_are_placeholders,none_in_metadata
"train_11438_claim_image",blocked_403+snapshot_verdict,blocked_403,snapshot_verdict,none_in_metadata
"train_11445_document_image",blocked_403+no_snapshot,blocked_403,no_snapshot,none_in_metadata
"train_11454_claim_image",host_serves_placeholder+no_snapshot,host_serves_placeholder,no_snapshot,none_in_metadata
"train_11457_claim_image",blocked_403+snapshot_verdict,blocked_403,snapshot_verdict,none_in_metadata
"train_11457_document_image",blocked_403+snapshot_verdict,blocked_403,snapshot_verdict,none_in_metadata
"train_11467_claim_image",host_serves_placeholder+snapshots_are_placeholders,host_serves_placeholder,snapshots_are_placeholders,none_in_metadata
"train_11469_document_image",host_serves_placeholder+snapshots_are_placeholders,host_serves_placeholder,snapshots_are_placeholders,none_in_metadata
"train_11478_document_image",host_serves_placeholder+no_snapshot,host_serves_placeholder,no_snapshot,none_in_metadata
"train_11484_claim_image",host_serves_placeholder+snapshots_are_placeholders,host_serves_placeholder,snapshots_are_placeholders,none_in_metadata
"train_11492_document_image",host_serves_placeholder+no_snapshot,host_serves_placeholder,no_snapshot,none_in_metadata
"train_11497_document_image",host_serves_placeholder+snapshots_are_placeholders,host_serves_placeholder,snapshots_are_placeholders,none_in_metadata
"train_11519_claim_image",blocked_403+no_snapshot,blocked_403,no_snapshot,none_in_metadata
"train_11524_claim_image",blocked_403+snapshot_verdict,blocked_403,snapshot_verdict,none_in_metadata
"train_11528_document_image",host_serves_placeholder+snapshots_are_placeholders,host_serves_placeholder,snapshots_are_placeholders,none_in_metadata
"train_1152_claim_image",host_serves_placeholder+snapshots_are_placeholders,host_serves_placeholder,snapshots_are_placeholders,none_in_metadata
"train_1152_document_image",blocked_403+no_snapshot,blocked_403,no_snapshot,none_in_metadata
"train_11544_claim_image",host_serves_placeholder+snapshot_furniture,host_serves_placeholder,snapshot_furniture,none_in_metadata
"train_11551_document_image",host_serves_placeholder+snapshots_are_placeholders,host_serves_placeholder,snapshots_are_placeholders,none_in_metadata
"train_11573_document_image",host_serves_placeholder+no_snapshot,host_serves_placeholder,no_snapshot,none_in_metadata
"train_11578_document_image",host_serves_placeholder+snapshots_are_placeholders,host_serves_placeholder,snapshots_are_placeholders,none_in_metadata
"train_11587_claim_image",host_serves_placeholder+no_snapshot,host_serves_placeholder,no_snapshot,none_in_metadata
"train_1158_document_image",host_serves_placeholder+snapshots_are_placeholders,host_serves_placeholder,snapshots_are_placeholders,none_in_metadata
"train_1159_claim_image",host_serves_placeholder+no_snapshot,host_serves_placeholder,no_snapshot,none_in_metadata
"train_115_claim_image",host_serves_placeholder+snapshots_are_placeholders,host_serves_placeholder,snapshots_are_placeholders,none_in_metadata
"train_11601_claim_image",fetched_furniture+snapshots_are_placeholders,fetched_furniture,snapshots_are_placeholders,none_in_metadata
"train_11618_claim_image",host_serves_placeholder+no_snapshot,host_serves_placeholder,no_snapshot,none_in_metadata
"train_11639_claim_image",host_serves_placeholder+snapshot_furniture,host_serves_placeholder,snapshot_furniture,none_in_metadata
"train_11642_document_image",blocked_403+no_snapshot,blocked_403,no_snapshot,none_in_metadata
"train_11645_document_image",blocked_403+no_snapshot,blocked_403,no_snapshot,none_in_metadata
"train_11646_claim_image",host_serves_placeholder+snapshot_furniture,host_serves_placeholder,snapshot_furniture,none_in_metadata
"train_11650_document_image",blocked_403+no_snapshot,blocked_403,no_snapshot,none_in_metadata
"train_11652_document_image",host_serves_placeholder+no_snapshot,host_serves_placeholder,no_snapshot,none_in_metadata
"train_11658_claim_image",host_serves_placeholder+snapshots_are_placeholders,host_serves_placeholder,snapshots_are_placeholders,none_in_metadata
"train_11684_document_image",host_serves_placeholder+no_snapshot,host_serves_placeholder,no_snapshot,none_in_metadata
"train_11693_document_image",blocked_403+snapshot_verdict,blocked_403,snapshot_verdict,none_in_metadata
"train_11698_document_image",host_serves_placeholder+no_snapshot,host_serves_placeholder,no_snapshot,none_in_metadata
"train_1169_claim_image",host_serves_placeholder+snapshot_verdict,host_serves_placeholder,snapshot_verdict,none_in_metadata
"train_11714_document_image",host_serves_placeholder+snapshots_are_placeholders,host_serves_placeholder,snapshots_are_placeholders,none_in_metadata
"train_11717_document_image",host_serves_placeholder+no_snapshot,host_serves_placeholder,no_snapshot,none_in_metadata
"train_11725_document_image",blocked_403+no_snapshot,blocked_403,no_snapshot,none_in_metadata
"train_1174_document_image",blocked_403+snapshot_verdict,blocked_403,snapshot_verdict,none_in_metadata
"train_11759_document_image",host_serves_placeholder+snapshots_are_placeholders,host_serves_placeholder,snapshots_are_placeholders,none_in_metadata
"train_11765_claim_image",host_serves_placeholder+snapshots_are_placeholders,host_serves_placeholder,snapshots_are_placeholders,none_in_metadata
"train_11766_claim_image",blocked_403+snapshot_verdict,blocked_403,snapshot_verdict,none_in_metadata
"train_11766_document_image",blocked_403+snapshot_verdict,blocked_403,snapshot_verdict,none_in_metadata
"train_11770_claim_image",host_serves_placeholder+no_snapshot,host_serves_placeholder,no_snapshot,none_in_metadata
"train_11782_document_image",host_serves_placeholder+snapshots_are_placeholders,host_serves_placeholder,snapshots_are_placeholders,none_in_metadata
"train_11793_document_image",host_serves_placeholder+snapshots_are_placeholders,host_serves_placeholder,snapshots_are_placeholders,none_in_metadata
"train_117_claim_image",gone_404+no_snapshot,gone_404,no_snapshot,none_in_metadata
"train_11810_document_image",blocked_403+no_snapshot,blocked_403,no_snapshot,none_in_metadata
"train_11812_document_image",host_serves_placeholder+snapshots_are_placeholders,host_serves_placeholder,snapshots_are_placeholders,none_in_metadata
"train_11814_document_image",host_serves_placeholder+no_snapshot,host_serves_placeholder,no_snapshot,none_in_metadata
"train_11819_claim_image",host_serves_placeholder+snapshot_furniture,host_serves_placeholder,snapshot_furniture,none_in_metadata
"train_1181_claim_image",blocked_403+snapshot_verdict,blocked_403,snapshot_verdict,none_in_metadata
"train_11824_claim_image",host_serves_placeholder+no_snapshot,host_serves_placeholder,no_snapshot,none_in_metadata
"train_11824_document_image",host_serves_placeholder+snapshots_are_placeholders,host_serves_placeholder,snapshots_are_placeholders,none_in_metadata
"train_11825_claim_image",blocked_403+snapshot_verdict,blocked_403,snapshot_verdict,none_in_metadata
"train_11825_document_image",blocked_403+snapshot_verdict,blocked_403,snapshot_verdict,none_in_metadata
"train_11828_claim_image",blocked_403+snapshot_verdict,blocked_403,snapshot_verdict,none_in_metadata
"train_11828_document_image",blocked_403+snapshot_verdict,blocked_403,snapshot_verdict,none_in_metadata
"train_11843_document_image",host_serves_placeholder+no_snapshot,host_serves_placeholder,no_snapshot,none_in_metadata
"train_11855_claim_image",host_serves_placeholder+snapshot_verdict,host_serves_placeholder,snapshot_verdict,none_in_metadata
"train_11873_document_image",blocked_403+snapshot_verdict,blocked_403,snapshot_verdict,none_in_metadata
"train_11878_claim_image",gone_404+no_snapshot,gone_404,no_snapshot,none_in_metadata
"train_11878_document_image",blocked_403+no_snapshot,blocked_403,no_snapshot,none_in_metadata
"train_11879_claim_image",host_serves_placeholder+snapshots_are_placeholders,host_serves_placeholder,snapshots_are_placeholders,none_in_metadata
"train_11886_document_image",blocked_403+no_snapshot,blocked_403,no_snapshot,none_in_metadata
"train_11888_document_image",host_serves_placeholder+snapshots_are_placeholders,host_serves_placeholder,snapshots_are_placeholders,none_in_metadata
"train_11895_claim_image",blocked_403+snapshot_verdict,blocked_403,snapshot_verdict,none_in_metadata
"train_11901_document_image",host_serves_placeholder+no_snapshot,host_serves_placeholder,no_snapshot,none_in_metadata
"train_11908_document_image",host_serves_placeholder+snapshots_are_placeholders,host_serves_placeholder,snapshots_are_placeholders,none_in_metadata
"train_11944_document_image",host_serves_placeholder+snapshots_are_placeholders,host_serves_placeholder,snapshots_are_placeholders,none_in_metadata
"train_11947_document_image",blocked_403+no_snapshot,blocked_403,no_snapshot,none_in_metadata
"train_11950_claim_image",blocked_403+snapshot_verdict,blocked_403,snapshot_verdict,none_in_metadata
"train_11950_document_image",blocked_403+snapshot_verdict,blocked_403,snapshot_verdict,none_in_metadata
"train_11953_document_image",host_serves_placeholder+snapshots_are_placeholders,host_serves_placeholder,snapshots_are_placeholders,none_in_metadata
"train_11956_claim_image",host_serves_placeholder+snapshots_are_placeholders,host_serves_placeholder,snapshots_are_placeholders,none_in_metadata
"train_11975_document_image",host_serves_placeholder+snapshots_are_placeholders,host_serves_placeholder,snapshots_are_placeholders,none_in_metadata
"train_11983_document_image",blocked_403+no_snapshot,blocked_403,no_snapshot,none_in_metadata
"train_11986_document_image",host_serves_placeholder+snapshots_are_placeholders,host_serves_placeholder,snapshots_are_placeholders,none_in_metadata
"train_11987_document_image",host_serves_placeholder+no_snapshot,host_serves_placeholder,no_snapshot,none_in_metadata
"train_12030_document_image",host_serves_placeholder+no_snapshot,host_serves_placeholder,no_snapshot,none_in_metadata
"train_12033_document_image",host_serves_placeholder+no_snapshot,host_serves_placeholder,no_snapshot,none_in_metadata
"train_12038_document_image",blocked_403+no_snapshot,blocked_403,no_snapshot,none_in_metadata
"train_12043_claim_image",blocked_403+snapshot_verdict,blocked_403,snapshot_verdict,none_in_metadata
"train_12053_claim_image",host_serves_placeholder+no_snapshot,host_serves_placeholder,no_snapshot,none_in_metadata
"train_12065_claim_image",host_serves_placeholder+snapshots_are_placeholders,host_serves_placeholder,snapshots_are_placeholders,none_in_metadata
"train_1206_claim_image",blocked_403+no_snapshot,blocked_403,no_snapshot,none_in_metadata
"train_1206_document_image",blocked_403+no_snapshot,blocked_403,no_snapshot,none_in_metadata
"train_12072_document_image",blocked_403+no_snapshot,blocked_403,no_snapshot,none_in_metadata
"train_12093_document_image",host_serves_placeholder+snapshots_are_placeholders,host_serves_placeholder,snapshots_are_placeholders,none_in_metadata
"train_12099_claim_image",host_serves_placeholder+no_snapshot,host_serves_placeholder,no_snapshot,none_in_metadata
"train_12115_document_image",host_serves_placeholder+no_snapshot,host_serves_placeholder,no_snapshot,none_in_metadata
"train_12116_document_image",host_serves_placeholder+no_snapshot,host_serves_placeholder,no_snapshot,none_in_metadata
"train_12117_document_image",host_serves_placeholder+no_snapshot,host_serves_placeholder,no_snapshot,none_in_metadata
"train_12126_claim_image",host_serves_placeholder+snapshots_are_placeholders,host_serves_placeholder,snapshots_are_placeholders,none_in_metadata
"train_12147_document_image",host_serves_placeholder+no_snapshot,host_serves_placeholder,no_snapshot,none_in_metadata
"train_1214_document_image",host_serves_placeholder+snapshot_furniture,host_serves_placeholder,snapshot_furniture,none_in_metadata
"train_12158_claim_image",blocked_403+snapshot_verdict,blocked_403,snapshot_verdict,none_in_metadata
"train_12168_document_image",host_serves_placeholder+no_snapshot,host_serves_placeholder,no_snapshot,none_in_metadata
"train_12171_document_image",host_serves_placeholder+no_snapshot,host_serves_placeholder,no_snapshot,none_in_metadata
"train_12175_claim_image",blocked_403+snapshot_verdict,blocked_403,snapshot_verdict,none_in_metadata
"train_12176_document_image",host_serves_placeholder+no_snapshot,host_serves_placeholder,no_snapshot,none_in_metadata
"train_12179_document_image",host_serves_placeholder+no_snapshot,host_serves_placeholder,no_snapshot,none_in_metadata
"train_12189_claim_image",host_serves_placeholder+snapshots_are_placeholders,host_serves_placeholder,snapshots_are_placeholders,none_in_metadata
"train_1219_claim_image",host_serves_placeholder+snapshot_furniture,host_serves_placeholder,snapshot_furniture,none_in_metadata
"train_12204_claim_image",host_serves_placeholder+snapshot_furniture,host_serves_placeholder,snapshot_furniture,none_in_metadata
"train_12207_document_image",host_serves_placeholder+snapshots_are_placeholders,host_serves_placeholder,snapshots_are_placeholders,none_in_metadata
"train_12210_document_image",blocked_403+no_snapshot,blocked_403,no_snapshot,none_in_metadata
"train_12218_claim_image",blocked_403+snapshot_verdict,blocked_403,snapshot_verdict,none_in_metadata
"train_12218_document_image",blocked_403+no_snapshot,blocked_403,no_snapshot,none_in_metadata
"train_12224_document_image",blocked_403+no_snapshot,blocked_403,no_snapshot,none_in_metadata
"train_12226_document_image",host_serves_placeholder+snapshot_furniture,host_serves_placeholder,snapshot_furniture,none_in_metadata
"train_12233_claim_image",host_serves_placeholder+snapshots_are_placeholders,host_serves_placeholder,snapshots_are_placeholders,none_in_metadata
"train_12237_document_image",host_serves_placeholder+no_snapshot,host_serves_placeholder,no_snapshot,none_in_metadata
"train_12245_document_image",blocked_403+no_snapshot,blocked_403,no_snapshot,none_in_metadata
"train_12252_document_image",host_serves_placeholder+no_snapshot,host_serves_placeholder,no_snapshot,none_in_metadata
"train_12255_claim_image",gone_404+no_snapshot,gone_404,no_snapshot,none_in_metadata
"train_12259_document_image",host_serves_placeholder+snapshots_are_placeholders,host_serves_placeholder,snapshots_are_placeholders,none_in_metadata
"train_12265_document_image",host_serves_placeholder+snapshots_are_placeholders,host_serves_placeholder,snapshots_are_placeholders,none_in_metadata
"train_12268_document_image",host_serves_placeholder+no_snapshot,host_serves_placeholder,no_snapshot,none_in_metadata
"train_12285_document_image",host_serves_placeholder+snapshots_are_placeholders,host_serves_placeholder,snapshots_are_placeholders,none_in_metadata
"train_12292_document_image",host_serves_placeholder+no_snapshot,host_serves_placeholder,no_snapshot,none_in_metadata
"train_12299_claim_image",dns_failure+snapshot_verdict,dns_failure,snapshot_verdict,none_in_metadata
"train_12300_document_image",blocked_403+no_snapshot,blocked_403,no_snapshot,none_in_metadata
"train_12306_document_image",host_serves_placeholder+snapshots_are_placeholders,host_serves_placeholder,snapshots_are_placeholders,none_in_metadata
"train_12317_document_image",blocked_403+no_snapshot,blocked_403,no_snapshot,none_in_metadata
"train_12327_document_image",blocked_403+no_snapshot,blocked_403,no_snapshot,none_in_metadata
"train_1232_claim_image",host_serves_placeholder+snapshot_furniture,host_serves_placeholder,snapshot_furniture,none_in_metadata
"train_1232_document_image",blocked_403+snapshot_verdict,blocked_403,snapshot_verdict,none_in_metadata
"train_12334_claim_image",gone_404+no_snapshot,gone_404,no_snapshot,none_in_metadata
"train_12334_document_image",blocked_403+no_snapshot,blocked_403,no_snapshot,none_in_metadata
"train_12338_document_image",blocked_403+no_snapshot,blocked_403,no_snapshot,none_in_metadata
"train_12343_document_image",host_serves_placeholder+no_snapshot,host_serves_placeholder,no_snapshot,none_in_metadata
"train_12374_document_image",host_serves_placeholder+snapshots_are_placeholders,host_serves_placeholder,snapshots_are_placeholders,none_in_metadata
"train_12382_document_image",blocked_403+no_snapshot,blocked_403,no_snapshot,none_in_metadata
"train_12394_document_image",blocked_403+no_snapshot,blocked_403,no_snapshot,none_in_metadata
"train_12401_claim_image",blocked_403+no_snapshot,blocked_403,no_snapshot,none_in_metadata
"train_12401_document_image",blocked_403+no_snapshot,blocked_403,no_snapshot,none_in_metadata
"train_12403_document_image",blocked_403+no_snapshot,blocked_403,no_snapshot,none_in_metadata
"train_12415_claim_image",host_serves_placeholder+snapshots_are_placeholders,host_serves_placeholder,snapshots_are_placeholders,none_in_metadata
"train_12451_claim_image",host_serves_placeholder+no_snapshot,host_serves_placeholder,no_snapshot,none_in_metadata
"train_12452_document_image",blocked_403+no_snapshot,blocked_403,no_snapshot,none_in_metadata
"train_12455_claim_image",blocked_403+snapshot_verdict,blocked_403,snapshot_verdict,none_in_metadata
"train_12460_document_image",blocked_403+no_snapshot,blocked_403,no_snapshot,none_in_metadata
"train_12464_document_image",host_serves_placeholder+no_snapshot,host_serves_placeholder,no_snapshot,none_in_metadata
"train_12469_document_image",host_serves_placeholder+no_snapshot,host_serves_placeholder,no_snapshot,none_in_metadata
"train_12478_document_image",host_serves_placeholder+snapshots_are_placeholders,host_serves_placeholder,snapshots_are_placeholders,none_in_metadata
"train_12479_claim_image",blocked_403+snapshot_verdict,blocked_403,snapshot_verdict,none_in_metadata
"train_12479_document_image",blocked_403+no_snapshot,blocked_403,no_snapshot,none_in_metadata
"train_12493_document_image",blocked_403+no_snapshot,blocked_403,no_snapshot,none_in_metadata
"train_12500_document_image",host_serves_placeholder+no_snapshot,host_serves_placeholder,no_snapshot,none_in_metadata
"train_12514_claim_image",host_serves_placeholder+snapshots_are_placeholders,host_serves_placeholder,snapshots_are_placeholders,none_in_metadata
"train_12514_document_image",host_serves_placeholder+no_snapshot,host_serves_placeholder,no_snapshot,none_in_metadata
"train_12515_claim_image",blocked_403+snapshot_verdict,blocked_403,snapshot_verdict,none_in_metadata
"train_12537_document_image",host_serves_placeholder+no_snapshot,host_serves_placeholder,no_snapshot,none_in_metadata
"train_12538_document_image",blocked_403+no_snapshot,blocked_403,no_snapshot,none_in_metadata
"train_12547_document_image",host_serves_placeholder+snapshots_are_placeholders,host_serves_placeholder,snapshots_are_placeholders,none_in_metadata
"train_12548_document_image",host_serves_placeholder+snapshots_are_placeholders,host_serves_placeholder,snapshots_are_placeholders,none_in_metadata
"train_12552_document_image",host_serves_placeholder+no_snapshot,host_serves_placeholder,no_snapshot,none_in_metadata
"train_12563_claim_image",host_serves_placeholder+snapshot_furniture,host_serves_placeholder,snapshot_furniture,none_in_metadata
"train_12567_claim_image",host_serves_placeholder+no_snapshot,host_serves_placeholder,no_snapshot,none_in_metadata
"train_12588_document_image",host_serves_placeholder+no_snapshot,host_serves_placeholder,no_snapshot,none_in_metadata
"train_12598_document_image",host_serves_placeholder+snapshots_are_placeholders,host_serves_placeholder,snapshots_are_placeholders,none_in_metadata
"train_12606_document_image",blocked_403+no_snapshot,blocked_403,no_snapshot,none_in_metadata
"train_1263_document_image",host_serves_placeholder+no_snapshot,host_serves_placeholder,no_snapshot,none_in_metadata
"train_12640_document_image",host_serves_placeholder+snapshots_are_placeholders,host_serves_placeholder,snapshots_are_placeholders,none_in_metadata
"train_12642_document_image",host_serves_placeholder+no_snapshot,host_serves_placeholder,no_snapshot,none_in_metadata
"train_1264_document_image",blocked_403+no_snapshot,blocked_403,no_snapshot,none_in_metadata
"train_12651_claim_image",host_serves_placeholder+snapshots_are_placeholders,host_serves_placeholder,snapshots_are_placeholders,none_in_metadata
"train_12651_document_image",blocked_403+snapshot_verdict,blocked_403,snapshot_verdict,none_in_metadata
"train_12662_claim_image",host_serves_placeholder+no_snapshot,host_serves_placeholder,no_snapshot,none_in_metadata
"train_12664_document_image",blocked_403+no_snapshot,blocked_403,no_snapshot,none_in_metadata
"train_12677_document_image",host_serves_placeholder+snapshots_are_placeholders,host_serves_placeholder,snapshots_are_placeholders,none_in_metadata
"train_12678_document_image",blocked_403+no_snapshot,blocked_403,no_snapshot,none_in_metadata
"train_12680_document_image",blocked_403+no_snapshot,blocked_403,no_snapshot,none_in_metadata
"train_12685_document_image",host_serves_placeholder+snapshots_are_placeholders,host_serves_placeholder,snapshots_are_placeholders,none_in_metadata
"train_1268_claim_image",fetched_furniture+snapshots_are_placeholders,fetched_furniture,snapshots_are_placeholders,none_in_metadata
"train_12707_claim_image",host_serves_placeholder+no_snapshot,host_serves_placeholder,no_snapshot,none_in_metadata
"train_12723_document_image",host_serves_placeholder+no_snapshot,host_serves_placeholder,no_snapshot,none_in_metadata
"train_12724_document_image",host_serves_placeholder+no_snapshot,host_serves_placeholder,no_snapshot,none_in_metadata
"train_1272_document_image",blocked_403+no_snapshot,blocked_403,no_snapshot,none_in_metadata
"train_12732_document_image",host_serves_placeholder+snapshots_are_placeholders,host_serves_placeholder,snapshots_are_placeholders,none_in_metadata
"train_12734_document_image",blocked_403+no_snapshot,blocked_403,no_snapshot,none_in_metadata
"train_12746_document_image",host_serves_placeholder+no_snapshot,host_serves_placeholder,no_snapshot,none_in_metadata
"train_12767_document_image",host_serves_placeholder+snapshots_are_placeholders,host_serves_placeholder,snapshots_are_placeholders,none_in_metadata
"train_12771_document_image",host_serves_placeholder+snapshots_are_placeholders,host_serves_placeholder,snapshots_are_placeholders,none_in_metadata
"train_12792_document_image",blocked_403+no_snapshot,blocked_403,no_snapshot,none_in_metadata
"train_12796_claim_image",gone_404+snapshot_verdict,gone_404,snapshot_verdict,none_in_metadata
"train_12801_claim_image",host_serves_placeholder+snapshots_are_placeholders,host_serves_placeholder,snapshots_are_placeholders,none_in_metadata
"train_12806_document_image",host_serves_placeholder+snapshots_are_placeholders,host_serves_placeholder,snapshots_are_placeholders,none_in_metadata
"train_12807_document_image",host_serves_placeholder+snapshots_are_placeholders,host_serves_placeholder,snapshots_are_placeholders,none_in_metadata
"train_12808_claim_image",host_serves_placeholder+snapshots_are_placeholders,host_serves_placeholder,snapshots_are_placeholders,none_in_metadata
"train_12818_document_image",host_serves_placeholder+no_snapshot,host_serves_placeholder,no_snapshot,none_in_metadata
"train_12837_document_image",host_serves_placeholder+no_snapshot,host_serves_placeholder,no_snapshot,none_in_metadata
"train_12839_claim_image",host_serves_placeholder+no_snapshot,host_serves_placeholder,no_snapshot,none_in_metadata
"train_12845_document_image",host_serves_placeholder+snapshot_verdict,host_serves_placeholder,snapshot_verdict,none_in_metadata
"train_12848_claim_image",gone_404+no_snapshot,gone_404,no_snapshot,none_in_metadata
"train_12848_document_image",blocked_403+no_snapshot,blocked_403,no_snapshot,none_in_metadata
"train_12849_document_image",host_serves_placeholder+snapshots_are_placeholders,host_serves_placeholder,snapshots_are_placeholders,none_in_metadata
"train_12850_document_image",blocked_403+no_snapshot,blocked_403,no_snapshot,none_in_metadata
"train_12855_claim_image",host_serves_placeholder+snapshot_furniture,host_serves_placeholder,snapshot_furniture,none_in_metadata
"train_12867_claim_image",blocked_403+snapshot_verdict,blocked_403,snapshot_verdict,none_in_metadata
"train_12869_claim_image",blocked_403+no_snapshot,blocked_403,no_snapshot,none_in_metadata
"train_1286_claim_image",blocked_403+snapshot_verdict,blocked_403,snapshot_verdict,none_in_metadata
"train_1287_document_image",host_serves_placeholder+no_snapshot,host_serves_placeholder,no_snapshot,none_in_metadata
"train_1288_document_image",host_serves_placeholder+no_snapshot,host_serves_placeholder,no_snapshot,none_in_metadata
"train_12910_document_image",host_serves_placeholder+no_snapshot,host_serves_placeholder,no_snapshot,none_in_metadata
"train_12912_document_image",host_serves_placeholder+snapshots_are_placeholders,host_serves_placeholder,snapshots_are_placeholders,none_in_metadata
"train_12920_claim_image",blocked_403+snapshot_verdict,blocked_403,snapshot_verdict,none_in_metadata
"train_12920_document_image",blocked_403+snapshots_are_placeholders,blocked_403,snapshots_are_placeholders,none_in_metadata
"train_12947_document_image",blocked_403+no_snapshot,blocked_403,no_snapshot,none_in_metadata
"train_12953_document_image",host_serves_placeholder+no_snapshot,host_serves_placeholder,no_snapshot,none_in_metadata
"train_12963_document_image",host_serves_placeholder+no_snapshot,host_serves_placeholder,no_snapshot,none_in_metadata
"train_12971_document_image",host_serves_placeholder+snapshots_are_placeholders,host_serves_placeholder,snapshots_are_placeholders,none_in_metadata
"train_12983_document_image",host_serves_placeholder+snapshot_verdict,host_serves_placeholder,snapshot_verdict,none_in_metadata
"train_12995_document_image",host_serves_placeholder+no_snapshot,host_serves_placeholder,no_snapshot,none_in_metadata
"train_13000_document_image",host_serves_placeholder+no_snapshot,host_serves_placeholder,no_snapshot,none_in_metadata
"train_13002_claim_image",blocked_403+snapshot_verdict,blocked_403,snapshot_verdict,none_in_metadata
"train_13002_document_image",blocked_403+no_snapshot,blocked_403,no_snapshot,none_in_metadata
"train_13007_document_image",host_serves_placeholder+snapshots_are_placeholders,host_serves_placeholder,snapshots_are_placeholders,none_in_metadata
"train_13009_document_image",host_serves_placeholder+snapshots_are_placeholders,host_serves_placeholder,snapshots_are_placeholders,none_in_metadata
"train_1300_claim_image",fetched_furniture+snapshots_are_placeholders,fetched_furniture,snapshots_are_placeholders,none_in_metadata
"train_13012_claim_image",fetched_furniture+no_snapshot,fetched_furniture,no_snapshot,none_in_metadata
"train_13044_claim_image",host_serves_placeholder+snapshot_furniture,host_serves_placeholder,snapshot_furniture,none_in_metadata
"train_1304_claim_image",blocked_403+snapshot_verdict,blocked_403,snapshot_verdict,none_in_metadata
"train_13065_document_image",host_serves_placeholder+snapshots_are_placeholders,host_serves_placeholder,snapshots_are_placeholders,none_in_metadata
"train_13070_claim_image",host_serves_placeholder+snapshots_are_placeholders,host_serves_placeholder,snapshots_are_placeholders,none_in_metadata
"train_13087_document_image",host_serves_placeholder+no_snapshot,host_serves_placeholder,no_snapshot,none_in_metadata
"train_13096_claim_image",blocked_403+snapshot_verdict,blocked_403,snapshot_verdict,none_in_metadata
"train_13111_claim_image",host_serves_placeholder+no_snapshot,host_serves_placeholder,no_snapshot,none_in_metadata
"train_13112_claim_image",host_serves_placeholder+no_snapshot,host_serves_placeholder,no_snapshot,none_in_metadata
"train_13113_document_image",host_serves_placeholder+snapshots_are_placeholders,host_serves_placeholder,snapshots_are_placeholders,none_in_metadata
"train_1311_claim_image",host_serves_placeholder+snapshots_are_placeholders,host_serves_placeholder,snapshots_are_placeholders,none_in_metadata
"train_13132_document_image",host_serves_placeholder+no_snapshot,host_serves_placeholder,no_snapshot,none_in_metadata
"train_13150_claim_image",host_serves_placeholder+no_snapshot,host_serves_placeholder,no_snapshot,none_in_metadata
"train_13160_claim_image",host_serves_placeholder+no_snapshot,host_serves_placeholder,no_snapshot,none_in_metadata
"train_13160_document_image",host_serves_placeholder+no_snapshot,host_serves_placeholder,no_snapshot,none_in_metadata
"train_13161_claim_image",fetched_furniture+no_snapshot,fetched_furniture,no_snapshot,none_in_metadata
"train_13175_document_image",host_serves_placeholder+no_snapshot,host_serves_placeholder,no_snapshot,none_in_metadata
"train_13177_claim_image",host_serves_placeholder+snapshots_are_placeholders,host_serves_placeholder,snapshots_are_placeholders,none_in_metadata
"train_13194_document_image",blocked_403+no_snapshot,blocked_403,no_snapshot,none_in_metadata
"train_13217_document_image",host_serves_placeholder+snapshots_are_placeholders,host_serves_placeholder,snapshots_are_placeholders,none_in_metadata
"train_13218_document_image",blocked_403+no_snapshot,blocked_403,no_snapshot,none_in_metadata
"train_13227_claim_image",fetched_furniture+snapshot_furniture,fetched_furniture,snapshot_furniture,none_in_metadata
"train_13231_document_image",host_serves_placeholder+no_snapshot,host_serves_placeholder,no_snapshot,none_in_metadata
"train_13233_document_image",host_serves_placeholder+no_snapshot,host_serves_placeholder,no_snapshot,none_in_metadata
"train_13237_claim_image",blocked_403+no_snapshot,blocked_403,no_snapshot,none_in_metadata
"train_13242_document_image",host_serves_placeholder+snapshots_are_placeholders,host_serves_placeholder,snapshots_are_placeholders,none_in_metadata
"train_13243_document_image",blocked_403+no_snapshot,blocked_403,no_snapshot,none_in_metadata
"train_13251_document_image",host_serves_placeholder+no_snapshot,host_serves_placeholder,no_snapshot,none_in_metadata
"train_13255_document_image",host_serves_placeholder+no_snapshot,host_serves_placeholder,no_snapshot,none_in_metadata
"train_13256_document_image",blocked_403+no_snapshot,blocked_403,no_snapshot,none_in_metadata
"train_13257_document_image",host_serves_placeholder+snapshots_are_placeholders,host_serves_placeholder,snapshots_are_placeholders,none_in_metadata
"train_1325_document_image",host_serves_placeholder+snapshots_are_placeholders,host_serves_placeholder,snapshots_are_placeholders,none_in_metadata
"train_13269_claim_image",gone_404+no_snapshot,gone_404,no_snapshot,none_in_metadata
"train_13273_document_image",host_serves_placeholder+no_snapshot,host_serves_placeholder,no_snapshot,none_in_metadata
"train_13274_document_image",blocked_403+no_snapshot,blocked_403,no_snapshot,none_in_metadata
"train_13278_claim_image",host_serves_placeholder+snapshots_are_placeholders,host_serves_placeholder,snapshots_are_placeholders,none_in_metadata
"train_13308_document_image",blocked_403+no_snapshot,blocked_403,no_snapshot,none_in_metadata
"train_13312_document_image",host_serves_placeholder+no_snapshot,host_serves_placeholder,no_snapshot,none_in_metadata
"train_13315_document_image",host_serves_placeholder+no_snapshot,host_serves_placeholder,no_snapshot,none_in_metadata
"train_13319_claim_image",host_serves_placeholder+snapshots_are_placeholders,host_serves_placeholder,snapshots_are_placeholders,none_in_metadata
"train_13322_document_image",host_serves_placeholder+no_snapshot,host_serves_placeholder,no_snapshot,none_in_metadata
"train_13325_claim_image",host_serves_placeholder+snapshot_furniture,host_serves_placeholder,snapshot_furniture,none_in_metadata
"train_13332_document_image",host_serves_placeholder+no_snapshot,host_serves_placeholder,no_snapshot,none_in_metadata
"train_13357_document_image",blocked_403+no_snapshot,blocked_403,no_snapshot,none_in_metadata
"train_13369_claim_image",blocked_403+snapshot_verdict,blocked_403,snapshot_verdict,none_in_metadata
"train_13369_document_image",blocked_403+no_snapshot,blocked_403,no_snapshot,none_in_metadata
"train_13379_claim_image",host_serves_placeholder+snapshots_are_placeholders,host_serves_placeholder,snapshots_are_placeholders,not_attempted
"train_13381_claim_image",host_serves_placeholder+no_snapshot,host_serves_placeholder,no_snapshot,none_in_metadata
"train_13385_claim_image",fetched_furniture+no_snapshot,fetched_furniture,no_snapshot,none_in_metadata
"train_13399_claim_image",host_serves_placeholder+snapshot_furniture,host_serves_placeholder,snapshot_furniture,none_in_metadata
"train_133_document_image",host_serves_placeholder+no_snapshot,host_serves_placeholder,no_snapshot,none_in_metadata
"train_13401_claim_image",host_serves_placeholder+snapshots_are_placeholders,host_serves_placeholder,snapshots_are_placeholders,none_in_metadata
"train_13418_document_image",blocked_403+no_snapshot,blocked_403,no_snapshot,none_in_metadata
"train_13425_claim_image",blocked_403+snapshot_verdict,blocked_403,snapshot_verdict,none_in_metadata
"train_13442_document_image",host_serves_placeholder+snapshots_are_placeholders,host_serves_placeholder,snapshots_are_placeholders,none_in_metadata
"train_13445_claim_image",fetched_furniture+snapshots_are_placeholders,fetched_furniture,snapshots_are_placeholders,none_in_metadata
"train_13451_document_image",host_serves_placeholder+snapshots_are_placeholders,host_serves_placeholder,snapshots_are_placeholders,none_in_metadata
"train_1345_document_image",blocked_403+snapshot_verdict,blocked_403,snapshot_verdict,none_in_metadata
"train_13467_claim_image",host_serves_placeholder+snapshot_furniture,host_serves_placeholder,snapshot_furniture,none_in_metadata
"train_13469_document_image",host_serves_placeholder+snapshots_are_placeholders,host_serves_placeholder,snapshots_are_placeholders,none_in_metadata
"train_13492_claim_image",host_serves_placeholder+no_snapshot,host_serves_placeholder,no_snapshot,none_in_metadata
"train_13500_document_image",blocked_403+snapshot_verdict,blocked_403,snapshot_verdict,none_in_metadata
"train_13515_document_image",host_serves_placeholder+snapshots_are_placeholders,host_serves_placeholder,snapshots_are_placeholders,none_in_metadata
"train_13517_claim_image",dns_failure+no_snapshot,dns_failure,no_snapshot,none_in_metadata
"train_13517_document_image",blocked_403+no_snapshot,blocked_403,no_snapshot,none_in_metadata
"train_13520_document_image",host_serves_placeholder+no_snapshot,host_serves_placeholder,no_snapshot,none_in_metadata
"train_13524_document_image",blocked_403+no_snapshot,blocked_403,no_snapshot,none_in_metadata
"train_13535_claim_image",fetched_furniture+no_snapshot,fetched_furniture,no_snapshot,none_in_metadata
"train_13536_document_image",host_serves_placeholder+snapshots_are_placeholders,host_serves_placeholder,snapshots_are_placeholders,none_in_metadata
"train_13537_claim_image",host_serves_placeholder+snapshots_are_placeholders,host_serves_placeholder,snapshots_are_placeholders,none_in_metadata
"train_13551_claim_image",blocked_403+snapshot_verdict,blocked_403,snapshot_verdict,none_in_metadata
"train_13562_document_image",host_serves_placeholder+no_snapshot,host_serves_placeholder,no_snapshot,none_in_metadata
"train_13572_claim_image",host_serves_placeholder+no_snapshot,host_serves_placeholder,no_snapshot,none_in_metadata
"train_13584_claim_image",host_serves_placeholder+snapshots_are_placeholders,host_serves_placeholder,snapshots_are_placeholders,none_in_metadata
"train_13599_claim_image",blocked_403+no_snapshot,blocked_403,no_snapshot,none_in_metadata
"train_13607_document_image",host_serves_placeholder+snapshots_are_placeholders,host_serves_placeholder,snapshots_are_placeholders,none_in_metadata
"train_13612_document_image",host_serves_placeholder+snapshots_are_placeholders,host_serves_placeholder,snapshots_are_placeholders,none_in_metadata
"train_13621_claim_image",host_serves_placeholder+no_snapshot,host_serves_placeholder,no_snapshot,none_in_metadata
"train_13625_document_image",host_serves_placeholder+no_snapshot,host_serves_placeholder,no_snapshot,none_in_metadata
"train_13626_claim_image",host_serves_placeholder+no_snapshot,host_serves_placeholder,no_snapshot,none_in_metadata
"train_13626_document_image",host_serves_placeholder+no_snapshot,host_serves_placeholder,no_snapshot,none_in_metadata
"train_13627_document_image",host_serves_placeholder+no_snapshot,host_serves_placeholder,no_snapshot,none_in_metadata
"train_1362_document_image",host_serves_placeholder+no_snapshot,host_serves_placeholder,no_snapshot,none_in_metadata
"train_13647_document_image",host_serves_placeholder+snapshots_are_placeholders,host_serves_placeholder,snapshots_are_placeholders,none_in_metadata
"train_13656_claim_image",host_serves_placeholder+snapshots_are_placeholders,host_serves_placeholder,snapshots_are_placeholders,none_in_metadata
"train_13657_claim_image",blocked_403+snapshot_verdict,blocked_403,snapshot_verdict,none_in_metadata
"train_13662_claim_image",host_serves_placeholder+no_snapshot,host_serves_placeholder,no_snapshot,none_in_metadata
"train_13664_claim_image",host_serves_placeholder+snapshots_are_placeholders,host_serves_placeholder,snapshots_are_placeholders,none_in_metadata
"train_1366_claim_image",host_serves_non_image+no_snapshot,host_serves_non_image,no_snapshot,none_in_metadata
"train_13673_claim_image",fetched_furniture+no_snapshot,fetched_furniture,no_snapshot,none_in_metadata
"train_1367_document_image",host_serves_placeholder+no_snapshot,host_serves_placeholder,no_snapshot,none_in_metadata
"train_13683_document_image",blocked_403+no_snapshot,blocked_403,no_snapshot,none_in_metadata
"train_1368_claim_image",host_serves_placeholder+no_snapshot,host_serves_placeholder,no_snapshot,none_in_metadata
"train_13704_document_image",host_serves_placeholder+snapshots_are_placeholders,host_serves_placeholder,snapshots_are_placeholders,none_in_metadata
"train_13708_document_image",host_serves_placeholder+snapshots_are_placeholders,host_serves_placeholder,snapshots_are_placeholders,none_in_metadata
"train_13745_claim_image",fetched_furniture+no_snapshot,fetched_furniture,no_snapshot,none_in_metadata
"train_13756_claim_image",blocked_403+snapshot_verdict,blocked_403,snapshot_verdict,none_in_metadata
"train_13756_document_image",blocked_403+snapshot_verdict,blocked_403,snapshot_verdict,none_in_metadata
"train_13759_claim_image",host_serves_placeholder+snapshots_are_placeholders,host_serves_placeholder,snapshots_are_placeholders,none_in_metadata
"train_13760_claim_image",host_serves_placeholder+no_snapshot,host_serves_placeholder,no_snapshot,none_in_metadata
"train_13762_claim_image",host_serves_placeholder+snapshots_are_placeholders,host_serves_placeholder,snapshots_are_placeholders,none_in_metadata
"train_13777_document_image",host_serves_placeholder+no_snapshot,host_serves_placeholder,no_snapshot,none_in_metadata
"train_13782_document_image",host_serves_placeholder+no_snapshot,host_serves_placeholder,no_snapshot,none_in_metadata
"train_13794_document_image",host_serves_placeholder+snapshots_are_placeholders,host_serves_placeholder,snapshots_are_placeholders,none_in_metadata
"train_13801_document_image",host_serves_placeholder+snapshots_are_placeholders,host_serves_placeholder,snapshots_are_placeholders,none_in_metadata
"train_13804_document_image",host_serves_placeholder+snapshots_are_placeholders,host_serves_placeholder,snapshots_are_placeholders,none_in_metadata
"train_1383_document_image",host_serves_placeholder+snapshots_are_placeholders,host_serves_placeholder,snapshots_are_placeholders,none_in_metadata
"train_13843_document_image",host_serves_placeholder+snapshots_are_placeholders,host_serves_placeholder,snapshots_are_placeholders,none_in_metadata
"train_13849_document_image",host_serves_placeholder+snapshots_are_placeholders,host_serves_placeholder,snapshots_are_placeholders,none_in_metadata
"train_13856_document_image",host_serves_placeholder+no_snapshot,host_serves_placeholder,no_snapshot,none_in_metadata
"train_13865_document_image",host_serves_placeholder+no_snapshot,host_serves_placeholder,no_snapshot,none_in_metadata
"train_13866_claim_image",blocked_403+snapshot_verdict,blocked_403,snapshot_verdict,none_in_metadata
"train_13870_document_image",host_serves_placeholder+snapshots_are_placeholders,host_serves_placeholder,snapshots_are_placeholders,none_in_metadata
"train_13877_document_image",host_serves_placeholder+snapshots_are_placeholders,host_serves_placeholder,snapshots_are_placeholders,none_in_metadata
"train_13881_claim_image",blocked_403+no_snapshot,blocked_403,no_snapshot,none_in_metadata
"train_13890_document_image",host_serves_placeholder+snapshots_are_placeholders,host_serves_placeholder,snapshots_are_placeholders,none_in_metadata
"train_13892_claim_image",blocked_403+snapshot_verdict,blocked_403,snapshot_verdict,none_in_metadata
"train_13892_document_image",blocked_403+no_snapshot,blocked_403,no_snapshot,none_in_metadata
"train_13907_document_image",blocked_403+no_snapshot,blocked_403,no_snapshot,none_in_metadata
"train_13919_claim_image",host_serves_placeholder+snapshot_furniture,host_serves_placeholder,snapshot_furniture,none_in_metadata
"train_1391_claim_image",host_serves_placeholder+snapshots_are_placeholders,host_serves_placeholder,snapshots_are_placeholders,none_in_metadata
"train_13933_claim_image",gone_404+no_snapshot,gone_404,no_snapshot,none_in_metadata
"train_13942_claim_image",unreachable_connection_error+no_snapshot,unreachable_connection_error,no_snapshot,none_in_metadata
"train_13942_document_image",blocked_403+no_snapshot,blocked_403,no_snapshot,none_in_metadata
"train_13987_document_image",host_serves_placeholder+no_snapshot,host_serves_placeholder,no_snapshot,none_in_metadata
"train_13993_document_image",blocked_403+no_snapshot,blocked_403,no_snapshot,none_in_metadata
"train_13996_document_image",blocked_403+no_snapshot,blocked_403,no_snapshot,none_in_metadata
"train_13999_claim_image",blocked_403+snapshot_verdict,blocked_403,snapshot_verdict,none_in_metadata
"train_14014_document_image",host_serves_placeholder+snapshots_are_placeholders,host_serves_placeholder,snapshots_are_placeholders,none_in_metadata
"train_14036_claim_image",blocked_403+snapshot_verdict,blocked_403,snapshot_verdict,none_in_metadata
"train_14039_document_image",host_serves_placeholder+no_snapshot,host_serves_placeholder,no_snapshot,none_in_metadata
"train_14057_document_image",host_serves_placeholder+no_snapshot,host_serves_placeholder,no_snapshot,none_in_metadata
"train_1405_claim_image",host_serves_placeholder+no_snapshot,host_serves_placeholder,no_snapshot,none_in_metadata
"train_14062_claim_image",blocked_403+no_snapshot,blocked_403,no_snapshot,none_in_metadata
"train_14062_document_image",blocked_403+no_snapshot,blocked_403,no_snapshot,none_in_metadata
"train_14080_claim_image",host_serves_non_image+no_snapshot,host_serves_non_image,no_snapshot,none_in_metadata
"train_14082_document_image",host_serves_placeholder+snapshots_are_placeholders,host_serves_placeholder,snapshots_are_placeholders,none_in_metadata
"train_14091_document_image",blocked_403+no_snapshot,blocked_403,no_snapshot,none_in_metadata
"train_14096_claim_image",host_serves_placeholder+snapshots_are_placeholders,host_serves_placeholder,snapshots_are_placeholders,none_in_metadata
"train_14097_document_image",host_serves_placeholder+no_snapshot,host_serves_placeholder,no_snapshot,none_in_metadata
"train_14100_claim_image",host_serves_placeholder+no_snapshot,host_serves_placeholder,no_snapshot,none_in_metadata
"train_14128_document_image",host_serves_placeholder+snapshots_are_placeholders,host_serves_placeholder,snapshots_are_placeholders,none_in_metadata
"train_14134_document_image",blocked_403+no_snapshot,blocked_403,no_snapshot,none_in_metadata
"train_14154_document_image",host_serves_placeholder+snapshots_are_placeholders,host_serves_placeholder,snapshots_are_placeholders,none_in_metadata
"train_14165_claim_image",host_serves_placeholder+snapshot_furniture,host_serves_placeholder,snapshot_furniture,none_in_metadata
"train_14175_document_image",blocked_403+no_snapshot,blocked_403,no_snapshot,none_in_metadata
"train_14180_document_image",host_serves_placeholder+snapshots_are_placeholders,host_serves_placeholder,snapshots_are_placeholders,none_in_metadata
"train_14192_document_image",host_serves_placeholder+snapshots_are_placeholders,host_serves_placeholder,snapshots_are_placeholders,none_in_metadata
"train_14193_document_image",host_serves_placeholder+snapshot_furniture,host_serves_placeholder,snapshot_furniture,none_in_metadata
"train_14208_document_image",blocked_403+no_snapshot,blocked_403,no_snapshot,none_in_metadata
"train_14222_claim_image",dns_failure+no_snapshot,dns_failure,no_snapshot,none_in_metadata
"train_14222_document_image",blocked_403+no_snapshot,blocked_403,no_snapshot,none_in_metadata
"train_14224_claim_image",fetched_furniture+no_snapshot,fetched_furniture,no_snapshot,none_in_metadata
"train_14227_document_image",host_serves_placeholder+no_snapshot,host_serves_placeholder,no_snapshot,none_in_metadata
"train_14231_document_image",host_serves_placeholder+snapshots_are_placeholders,host_serves_placeholder,snapshots_are_placeholders,none_in_metadata
"train_1424_document_image",host_serves_placeholder+no_snapshot,host_serves_placeholder,no_snapshot,none_in_metadata
"train_14267_claim_image",host_serves_placeholder+no_snapshot,host_serves_placeholder,no_snapshot,none_in_metadata
"train_14284_document_image",host_serves_placeholder+no_snapshot,host_serves_placeholder,no_snapshot,none_in_metadata
"train_14299_document_image",blocked_403+no_snapshot,blocked_403,no_snapshot,none_in_metadata
"train_14302_document_image",host_serves_placeholder+snapshots_are_placeholders,host_serves_placeholder,snapshots_are_placeholders,none_in_metadata
"train_14307_claim_image",blocked_403+snapshot_verdict,blocked_403,snapshot_verdict,none_in_metadata
"train_14308_document_image",host_serves_placeholder+no_snapshot,host_serves_placeholder,no_snapshot,none_in_metadata
"train_14314_document_image",host_serves_placeholder+no_snapshot,host_serves_placeholder,no_snapshot,none_in_metadata
"train_14318_document_image",host_serves_placeholder+no_snapshot,host_serves_placeholder,no_snapshot,none_in_metadata
"train_14333_document_image",blocked_403+no_snapshot,blocked_403,no_snapshot,none_in_metadata
"train_14335_document_image",host_serves_placeholder+snapshots_are_placeholders,host_serves_placeholder,snapshots_are_placeholders,none_in_metadata
"train_14341_document_image",blocked_403+no_snapshot,blocked_403,no_snapshot,none_in_metadata
"train_14351_claim_image",gone_404+no_snapshot,gone_404,no_snapshot,none_in_metadata
"train_14351_document_image",blocked_403+no_snapshot,blocked_403,no_snapshot,none_in_metadata
"train_1435_document_image",host_serves_placeholder+no_snapshot,host_serves_placeholder,no_snapshot,none_in_metadata
"train_14364_claim_image",host_serves_placeholder+no_snapshot,host_serves_placeholder,no_snapshot,none_in_metadata
"train_14372_document_image",host_serves_placeholder+snapshots_are_placeholders,host_serves_placeholder,snapshots_are_placeholders,none_in_metadata
"train_14373_claim_image",blocked_403+snapshot_verdict,blocked_403,snapshot_verdict,none_in_metadata
"train_14376_document_image",host_serves_placeholder+snapshots_are_placeholders,host_serves_placeholder,snapshots_are_placeholders,none_in_metadata
"train_14385_document_image",host_serves_placeholder+no_snapshot,host_serves_placeholder,no_snapshot,none_in_metadata
"train_14388_claim_image",blocked_403+snapshot_verdict,blocked_403,snapshot_verdict,none_in_metadata
"train_14396_claim_image",blocked_403+snapshot_verdict,blocked_403,snapshot_verdict,none_in_metadata
"train_14397_claim_image",fetched_furniture+no_snapshot,fetched_furniture,no_snapshot,none_in_metadata
"train_1439_claim_image",fetched_furniture+no_snapshot,fetched_furniture,no_snapshot,none_in_metadata
"train_14409_document_image",host_serves_placeholder+no_snapshot,host_serves_placeholder,no_snapshot,none_in_metadata
"train_1440_document_image",host_serves_placeholder+snapshots_are_placeholders,host_serves_placeholder,snapshots_are_placeholders,none_in_metadata
"train_14410_claim_image",host_serves_placeholder+snapshot_furniture,host_serves_placeholder,snapshot_furniture,none_in_metadata
"train_14418_document_image",host_serves_placeholder+snapshots_are_placeholders,host_serves_placeholder,snapshots_are_placeholders,none_in_metadata
"train_14419_claim_image",fetched_furniture+no_snapshot,fetched_furniture,no_snapshot,none_in_metadata
"train_14423_claim_image",host_serves_placeholder+snapshots_are_placeholders,host_serves_placeholder,snapshots_are_placeholders,none_in_metadata
"train_14424_document_image",host_serves_placeholder+no_snapshot,host_serves_placeholder,no_snapshot,none_in_metadata
"train_14426_claim_image",host_serves_placeholder+snapshots_are_placeholders,host_serves_placeholder,snapshots_are_placeholders,none_in_metadata
"train_1442_document_image",host_serves_placeholder+no_snapshot,host_serves_placeholder,no_snapshot,none_in_metadata
"train_14436_claim_image",host_serves_placeholder+snapshots_are_placeholders,host_serves_placeholder,snapshots_are_placeholders,none_in_metadata
"train_14447_document_image",host_serves_placeholder+no_snapshot,host_serves_placeholder,no_snapshot,none_in_metadata
"train_14453_document_image",blocked_403+no_snapshot,blocked_403,no_snapshot,none_in_metadata
"train_1445_document_image",host_serves_placeholder+no_snapshot,host_serves_placeholder,no_snapshot,none_in_metadata
"train_14460_claim_image",host_serves_placeholder+snapshots_are_placeholders,host_serves_placeholder,snapshots_are_placeholders,none_in_metadata
"train_14465_document_image",host_serves_placeholder+snapshot_furniture,host_serves_placeholder,snapshot_furniture,none_in_metadata
"train_14482_document_image",host_serves_placeholder+no_snapshot,host_serves_placeholder,no_snapshot,none_in_metadata
"train_14487_document_image",blocked_403+no_snapshot,blocked_403,no_snapshot,none_in_metadata
"train_14514_document_image",blocked_403+no_snapshot,blocked_403,no_snapshot,none_in_metadata
"train_14516_claim_image",blocked_403+snapshot_verdict,blocked_403,snapshot_verdict,none_in_metadata
"train_14516_document_image",blocked_403+snapshot_verdict,blocked_403,snapshot_verdict,none_in_metadata
"train_14520_claim_image",blocked_403+no_snapshot,blocked_403,no_snapshot,none_in_metadata
"train_14520_document_image",blocked_403+no_snapshot,blocked_403,no_snapshot,none_in_metadata
"train_14521_claim_image",host_serves_placeholder+no_snapshot,host_serves_placeholder,no_snapshot,none_in_metadata
"train_14533_document_image",blocked_403+snapshot_verdict,blocked_403,snapshot_verdict,none_in_metadata
"train_14568_document_image",host_serves_placeholder+snapshots_are_placeholders,host_serves_placeholder,snapshots_are_placeholders,none_in_metadata
"train_14573_claim_image",dns_failure+no_snapshot,dns_failure,no_snapshot,none_in_metadata
"train_14580_document_image",blocked_403+snapshot_verdict,blocked_403,snapshot_verdict,none_in_metadata
"train_14585_claim_image",blocked_403+snapshot_verdict,blocked_403,snapshot_verdict,none_in_metadata
"train_14585_document_image",blocked_403+snapshot_verdict,blocked_403,snapshot_verdict,none_in_metadata
"train_14589_claim_image",gone_404+no_snapshot,gone_404,no_snapshot,none_in_metadata
"train_14589_document_image",blocked_403+no_snapshot,blocked_403,no_snapshot,none_in_metadata
"train_14609_document_image",host_serves_placeholder+snapshots_are_placeholders,host_serves_placeholder,snapshots_are_placeholders,none_in_metadata
"train_1460_claim_image",host_serves_placeholder+snapshot_furniture,host_serves_placeholder,snapshot_furniture,none_in_metadata
"train_14610_claim_image",blocked_403+snapshot_verdict,blocked_403,snapshot_verdict,none_in_metadata
"train_14612_document_image",host_serves_placeholder+no_snapshot,host_serves_placeholder,no_snapshot,none_in_metadata
"train_14613_claim_image",blocked_403+snapshot_verdict,blocked_403,snapshot_verdict,none_in_metadata
"train_14641_claim_image",host_serves_placeholder+snapshot_furniture,host_serves_placeholder,snapshot_furniture,none_in_metadata
"train_14643_document_image",blocked_403+no_snapshot,blocked_403,no_snapshot,none_in_metadata
"train_14647_document_image",host_serves_placeholder+snapshots_are_placeholders,host_serves_placeholder,snapshots_are_placeholders,none_in_metadata
"train_14655_document_image",host_serves_placeholder+no_snapshot,host_serves_placeholder,no_snapshot,none_in_metadata
"train_14657_document_image",blocked_403+no_snapshot,blocked_403,no_snapshot,none_in_metadata
"train_1465_claim_image",host_serves_placeholder+no_snapshot,host_serves_placeholder,no_snapshot,none_in_metadata
"train_14686_claim_image",host_serves_placeholder+no_snapshot,host_serves_placeholder,no_snapshot,none_in_metadata
"train_14700_claim_image",host_serves_placeholder+no_snapshot,host_serves_placeholder,no_snapshot,none_in_metadata
"train_14713_claim_image",blocked_403+no_snapshot,blocked_403,no_snapshot,none_in_metadata
"train_14726_claim_image",host_serves_placeholder+snapshot_furniture,host_serves_placeholder,snapshot_furniture,none_in_metadata
"train_14739_claim_image",host_serves_placeholder+no_snapshot,host_serves_placeholder,no_snapshot,none_in_metadata
"train_14751_document_image",host_serves_placeholder+no_snapshot,host_serves_placeholder,no_snapshot,none_in_metadata
"train_14764_claim_image",blocked_403+snapshot_verdict,blocked_403,snapshot_verdict,none_in_metadata
"train_14768_document_image",host_serves_placeholder+no_snapshot,host_serves_placeholder,no_snapshot,none_in_metadata
"train_14770_document_image",blocked_403+no_snapshot,blocked_403,no_snapshot,none_in_metadata
"train_14784_document_image",blocked_403+snapshot_verdict,blocked_403,snapshot_verdict,none_in_metadata
"train_14788_document_image",blocked_403+no_snapshot,blocked_403,no_snapshot,none_in_metadata
"train_1478_document_image",host_serves_placeholder+no_snapshot,host_serves_placeholder,no_snapshot,none_in_metadata
"train_14791_claim_image",host_serves_placeholder+no_snapshot,host_serves_placeholder,no_snapshot,none_in_metadata
"train_14796_document_image",blocked_403+no_snapshot,blocked_403,no_snapshot,none_in_metadata
"train_14801_claim_image",host_serves_placeholder+no_snapshot,host_serves_placeholder,no_snapshot,none_in_metadata
"train_14806_claim_image",host_serves_placeholder+snapshot_furniture,host_serves_placeholder,snapshot_furniture,none_in_metadata
"train_14816_claim_image",fetched_furniture+no_snapshot,fetched_furniture,no_snapshot,none_in_metadata
"train_14817_claim_image",host_serves_placeholder+no_snapshot,host_serves_placeholder,no_snapshot,none_in_metadata
"train_14833_claim_image",host_serves_placeholder+no_snapshot,host_serves_placeholder,no_snapshot,none_in_metadata
"train_14837_document_image",blocked_403+no_snapshot,blocked_403,no_snapshot,none_in_metadata
"train_14864_claim_image",host_serves_placeholder+snapshot_furniture,host_serves_placeholder,snapshot_furniture,none_in_metadata
"train_14889_claim_image",host_serves_placeholder+no_snapshot,host_serves_placeholder,no_snapshot,none_in_metadata
"train_14897_document_image",host_serves_placeholder+no_snapshot,host_serves_placeholder,no_snapshot,none_in_metadata
"train_14908_claim_image",host_serves_placeholder+no_snapshot,host_serves_placeholder,no_snapshot,none_in_metadata
"train_14936_claim_image",host_serves_placeholder+no_snapshot,host_serves_placeholder,no_snapshot,none_in_metadata
"train_14938_claim_image",host_serves_placeholder+snapshot_furniture,host_serves_placeholder,snapshot_furniture,none_in_metadata
"train_14950_claim_image",blocked_403+no_snapshot,blocked_403,no_snapshot,none_in_metadata
"train_14951_document_image",blocked_403+no_snapshot,blocked_403,no_snapshot,none_in_metadata
"train_14961_document_image",host_serves_placeholder+snapshots_are_placeholders,host_serves_placeholder,snapshots_are_placeholders,none_in_metadata
"train_14964_document_image",blocked_403+no_snapshot,blocked_403,no_snapshot,none_in_metadata
"train_14972_document_image",host_serves_placeholder+snapshots_are_placeholders,host_serves_placeholder,snapshots_are_placeholders,none_in_metadata
"train_14976_document_image",blocked_403+no_snapshot,blocked_403,no_snapshot,none_in_metadata
"train_14985_document_image",host_serves_placeholder+no_snapshot,host_serves_placeholder,no_snapshot,none_in_metadata
"train_14989_claim_image",host_serves_placeholder+no_snapshot,host_serves_placeholder,no_snapshot,none_in_metadata
"train_14997_document_image",host_serves_placeholder+no_snapshot,host_serves_placeholder,no_snapshot,none_in_metadata
"train_15000_document_image",host_serves_placeholder+snapshot_verdict,host_serves_placeholder,snapshot_verdict,none_in_metadata
"train_15018_claim_image",blocked_403+snapshot_verdict,blocked_403,snapshot_verdict,none_in_metadata
"train_15018_document_image",blocked_403+snapshot_verdict,blocked_403,snapshot_verdict,none_in_metadata
"train_15021_document_image",blocked_403+no_snapshot,blocked_403,no_snapshot,none_in_metadata
"train_15023_claim_image",host_serves_placeholder+snapshot_furniture,host_serves_placeholder,snapshot_furniture,none_in_metadata
"train_15043_claim_image",blocked_403+no_snapshot,blocked_403,no_snapshot,none_in_metadata
"train_15043_document_image",blocked_403+no_snapshot,blocked_403,no_snapshot,none_in_metadata
"train_15049_document_image",host_serves_placeholder+no_snapshot,host_serves_placeholder,no_snapshot,none_in_metadata
"train_1504_claim_image",host_serves_placeholder+snapshot_furniture,host_serves_placeholder,snapshot_furniture,none_in_metadata
"train_15051_document_image",host_serves_placeholder+snapshots_are_placeholders,host_serves_placeholder,snapshots_are_placeholders,none_in_metadata
"train_15066_document_image",blocked_403+snapshot_verdict,blocked_403,snapshot_verdict,none_in_metadata
"train_15075_claim_image",host_serves_placeholder+snapshot_furniture,host_serves_placeholder,snapshot_furniture,none_in_metadata
"train_15094_document_image",host_serves_placeholder+no_snapshot,host_serves_placeholder,no_snapshot,none_in_metadata
"train_1509_document_image",host_serves_placeholder+no_snapshot,host_serves_placeholder,no_snapshot,none_in_metadata
"train_15108_claim_image",fetched_furniture+no_snapshot,fetched_furniture,no_snapshot,none_in_metadata
"train_15110_claim_image",host_serves_placeholder+snapshots_are_placeholders,host_serves_placeholder,snapshots_are_placeholders,none_in_metadata
"train_15113_document_image",host_serves_placeholder+no_snapshot,host_serves_placeholder,no_snapshot,none_in_metadata
"train_1511_document_image",host_serves_placeholder+no_snapshot,host_serves_placeholder,no_snapshot,none_in_metadata
"train_15123_document_image",host_serves_placeholder+no_snapshot,host_serves_placeholder,no_snapshot,none_in_metadata
"train_15127_document_image",host_serves_placeholder+no_snapshot,host_serves_placeholder,no_snapshot,none_in_metadata
"train_15142_claim_image",host_serves_placeholder+no_snapshot,host_serves_placeholder,no_snapshot,none_in_metadata
"train_1514_claim_image",host_serves_placeholder+snapshot_furniture,host_serves_placeholder,snapshot_furniture,none_in_metadata
"train_15150_document_image",host_serves_placeholder+no_snapshot,host_serves_placeholder,no_snapshot,none_in_metadata
"train_15152_claim_image",blocked_403+snapshot_verdict,blocked_403,snapshot_verdict,none_in_metadata
"train_15152_document_image",blocked_403+no_snapshot,blocked_403,no_snapshot,none_in_metadata
"train_15159_document_image",blocked_403+no_snapshot,blocked_403,no_snapshot,none_in_metadata
"train_15182_claim_image",blocked_403+no_snapshot,blocked_403,no_snapshot,none_in_metadata
"train_15182_document_image",blocked_403+no_snapshot,blocked_403,no_snapshot,none_in_metadata
"train_15188_document_image",blocked_403+no_snapshot,blocked_403,no_snapshot,none_in_metadata
"train_15199_document_image",host_serves_placeholder+snapshots_are_placeholders,host_serves_placeholder,snapshots_are_placeholders,none_in_metadata
"train_15201_document_image",host_serves_placeholder+no_snapshot,host_serves_placeholder,no_snapshot,none_in_metadata
"train_15214_document_image",blocked_403+no_snapshot,blocked_403,no_snapshot,none_in_metadata
"train_15225_claim_image",host_serves_placeholder+snapshots_are_placeholders,host_serves_placeholder,snapshots_are_placeholders,none_in_metadata
"train_1522_claim_image",fetched_furniture+no_snapshot,fetched_furniture,no_snapshot,none_in_metadata
"train_15231_document_image",blocked_403+no_snapshot,blocked_403,no_snapshot,none_in_metadata
"train_15243_document_image",blocked_403+no_snapshot,blocked_403,no_snapshot,none_in_metadata
"train_15245_claim_image",host_serves_placeholder+no_snapshot,host_serves_placeholder,no_snapshot,none_in_metadata
"train_1524_document_image",blocked_403+snapshot_verdict,blocked_403,snapshot_verdict,none_in_metadata
"train_15253_document_image",host_serves_placeholder+no_snapshot,host_serves_placeholder,no_snapshot,none_in_metadata
"train_15259_claim_image",host_serves_placeholder+no_snapshot,host_serves_placeholder,no_snapshot,none_in_metadata
"train_15262_document_image",host_serves_placeholder+snapshot_verdict,host_serves_placeholder,snapshot_verdict,none_in_metadata
"train_15263_claim_image",host_serves_placeholder+snapshots_are_placeholders,host_serves_placeholder,snapshots_are_placeholders,none_in_metadata
"train_15274_claim_image",dns_failure+no_snapshot,dns_failure,no_snapshot,none_in_metadata
"train_15277_claim_image",host_serves_placeholder+no_snapshot,host_serves_placeholder,no_snapshot,none_in_metadata
"train_15283_document_image",host_serves_placeholder+snapshots_are_placeholders,host_serves_placeholder,snapshots_are_placeholders,none_in_metadata
"train_15289_claim_image",host_serves_placeholder+no_snapshot,host_serves_placeholder,no_snapshot,none_in_metadata
"train_15290_claim_image",blocked_403+snapshot_verdict,blocked_403,snapshot_verdict,none_in_metadata
"train_15297_claim_image",host_serves_placeholder+no_snapshot,host_serves_placeholder,no_snapshot,none_in_metadata
"train_15316_claim_image",blocked_403+no_snapshot,blocked_403,no_snapshot,none_in_metadata
"train_15316_document_image",blocked_403+no_snapshot,blocked_403,no_snapshot,none_in_metadata
"train_15337_document_image",host_serves_placeholder+snapshots_are_placeholders,host_serves_placeholder,snapshots_are_placeholders,none_in_metadata
"train_15341_claim_image",host_serves_placeholder+no_snapshot,host_serves_placeholder,no_snapshot,none_in_metadata
"train_15352_document_image",host_serves_placeholder+snapshot_furniture,host_serves_placeholder,snapshot_furniture,none_in_metadata
"train_15364_document_image",host_serves_placeholder+snapshots_are_placeholders,host_serves_placeholder,snapshots_are_placeholders,none_in_metadata
"train_15367_document_image",host_serves_placeholder+no_snapshot,host_serves_placeholder,no_snapshot,none_in_metadata
"train_15386_document_image",host_serves_placeholder+snapshots_are_placeholders,host_serves_placeholder,snapshots_are_placeholders,none_in_metadata
"train_15396_document_image",host_serves_placeholder+snapshots_are_placeholders,host_serves_placeholder,snapshots_are_placeholders,none_in_metadata
"train_15402_document_image",blocked_403+no_snapshot,blocked_403,no_snapshot,none_in_metadata
"train_15418_document_image",host_serves_placeholder+no_snapshot,host_serves_placeholder,no_snapshot,none_in_metadata
"train_1541_claim_image",host_serves_placeholder+snapshot_furniture,host_serves_placeholder,snapshot_furniture,none_in_metadata
"train_15423_document_image",blocked_403+no_snapshot,blocked_403,no_snapshot,none_in_metadata
"train_15428_claim_image",host_serves_placeholder+no_snapshot,host_serves_placeholder,no_snapshot,none_in_metadata
"train_1542_document_image",blocked_403+no_snapshot,blocked_403,no_snapshot,none_in_metadata
"train_15435_claim_image",host_serves_placeholder+snapshots_are_placeholders,host_serves_placeholder,snapshots_are_placeholders,none_in_metadata
"train_15444_claim_image",host_serves_placeholder+no_snapshot,host_serves_placeholder,no_snapshot,none_in_metadata
"train_15448_document_image",host_serves_placeholder+no_snapshot,host_serves_placeholder,no_snapshot,none_in_metadata
"train_15451_claim_image",gone_404+no_snapshot,gone_404,no_snapshot,none_in_metadata
"train_15451_document_image",blocked_403+no_snapshot,blocked_403,no_snapshot,none_in_metadata
"train_15460_document_image",blocked_403+no_snapshot,blocked_403,no_snapshot,none_in_metadata
"train_15473_document_image",host_serves_placeholder+no_snapshot,host_serves_placeholder,no_snapshot,none_in_metadata
"train_15488_claim_image",blocked_403+snapshot_verdict,blocked_403,snapshot_verdict,none_in_metadata
"train_15490_document_image",host_serves_placeholder+no_snapshot,host_serves_placeholder,no_snapshot,none_in_metadata
"train_15492_claim_image",host_serves_placeholder+no_snapshot,host_serves_placeholder,no_snapshot,none_in_metadata
"train_15493_claim_image",fetched_furniture+no_snapshot,fetched_furniture,no_snapshot,none_in_metadata
"train_154_claim_image",gone_404+no_snapshot,gone_404,no_snapshot,none_in_metadata
"train_15507_claim_image",host_serves_placeholder+no_snapshot,host_serves_placeholder,no_snapshot,none_in_metadata
"train_15519_claim_image",blocked_403+snapshot_verdict,blocked_403,snapshot_verdict,none_in_metadata
"train_15521_document_image",host_serves_placeholder+no_snapshot,host_serves_placeholder,no_snapshot,none_in_metadata
"train_15524_document_image",host_serves_placeholder+no_snapshot,host_serves_placeholder,no_snapshot,none_in_metadata
"train_15549_document_image",host_serves_placeholder+snapshots_are_placeholders,host_serves_placeholder,snapshots_are_placeholders,none_in_metadata
"train_15552_claim_image",host_serves_placeholder+no_snapshot,host_serves_placeholder,no_snapshot,none_in_metadata
"train_15559_claim_image",blocked_403+no_snapshot,blocked_403,no_snapshot,none_in_metadata
"train_15560_claim_image",host_serves_placeholder+no_snapshot,host_serves_placeholder,no_snapshot,none_in_metadata
"train_15590_document_image",host_serves_placeholder+snapshots_are_placeholders,host_serves_placeholder,snapshots_are_placeholders,none_in_metadata
"train_15593_document_image",host_serves_placeholder+snapshots_are_placeholders,host_serves_placeholder,snapshots_are_placeholders,none_in_metadata
"train_15594_document_image",host_serves_placeholder+no_snapshot,host_serves_placeholder,no_snapshot,none_in_metadata
"train_15608_document_image",blocked_403+no_snapshot,blocked_403,no_snapshot,none_in_metadata
"train_15609_document_image",host_serves_placeholder+no_snapshot,host_serves_placeholder,no_snapshot,none_in_metadata
"train_15612_document_image",blocked_403+no_snapshot,blocked_403,no_snapshot,none_in_metadata
"train_1562_document_image",host_serves_placeholder+snapshots_are_placeholders,host_serves_placeholder,snapshots_are_placeholders,none_in_metadata
"train_1563_claim_image",host_serves_placeholder+snapshots_are_placeholders,host_serves_placeholder,snapshots_are_placeholders,none_in_metadata
"train_15656_document_image",blocked_403+no_snapshot,blocked_403,no_snapshot,none_in_metadata
"train_15659_claim_image",fetched_furniture+no_snapshot,fetched_furniture,no_snapshot,none_in_metadata
"train_15668_document_image",host_serves_placeholder+snapshots_are_placeholders,host_serves_placeholder,snapshots_are_placeholders,none_in_metadata
"train_15704_document_image",host_serves_placeholder+snapshots_are_placeholders,host_serves_placeholder,snapshots_are_placeholders,none_in_metadata
"train_15710_claim_image",host_serves_placeholder+snapshot_furniture,host_serves_placeholder,snapshot_furniture,none_in_metadata
"train_15712_claim_image",host_serves_placeholder+snapshots_are_placeholders,host_serves_placeholder,snapshots_are_placeholders,none_in_metadata
"train_15712_document_image",host_serves_placeholder+snapshots_are_placeholders,host_serves_placeholder,snapshots_are_placeholders,none_in_metadata
"train_15723_document_image",host_serves_placeholder+snapshots_are_placeholders,host_serves_placeholder,snapshots_are_placeholders,none_in_metadata
"train_15724_claim_image",fetched_furniture+no_snapshot,fetched_furniture,no_snapshot,none_in_metadata
"train_15727_document_image",host_serves_placeholder+no_snapshot,host_serves_placeholder,no_snapshot,none_in_metadata
"train_15732_document_image",host_serves_placeholder+no_snapshot,host_serves_placeholder,no_snapshot,none_in_metadata
"train_15735_claim_image",blocked_403+no_snapshot,blocked_403,no_snapshot,none_in_metadata
"train_15735_document_image",blocked_403+no_snapshot,blocked_403,no_snapshot,none_in_metadata
"train_15754_document_image",host_serves_placeholder+no_snapshot,host_serves_placeholder,no_snapshot,none_in_metadata
"train_15760_document_image",blocked_403+no_snapshot,blocked_403,no_snapshot,none_in_metadata
"train_15766_document_image",host_serves_placeholder+no_snapshot,host_serves_placeholder,no_snapshot,none_in_metadata
"train_15772_document_image",blocked_403+no_snapshot,blocked_403,no_snapshot,none_in_metadata
"train_15776_document_image",blocked_403+no_snapshot,blocked_403,no_snapshot,none_in_metadata
"train_15777_document_image",host_serves_placeholder+snapshots_are_placeholders,host_serves_placeholder,snapshots_are_placeholders,none_in_metadata
"train_15790_claim_image",blocked_403+no_snapshot,blocked_403,no_snapshot,none_in_metadata
"train_15794_document_image",host_serves_placeholder+no_snapshot,host_serves_placeholder,no_snapshot,none_in_metadata
"train_15801_claim_image",host_serves_placeholder+no_snapshot,host_serves_placeholder,no_snapshot,none_in_metadata
"train_15814_claim_image",blocked_403+snapshot_verdict,blocked_403,snapshot_verdict,none_in_metadata
"train_15814_document_image",blocked_403+no_snapshot,blocked_403,no_snapshot,none_in_metadata
"train_15828_document_image",blocked_403+no_snapshot,blocked_403,no_snapshot,none_in_metadata
"train_15836_document_image",host_serves_placeholder+no_snapshot,host_serves_placeholder,no_snapshot,none_in_metadata
"train_15838_document_image",host_serves_placeholder+no_snapshot,host_serves_placeholder,no_snapshot,none_in_metadata
"train_1585_document_image",blocked_403+no_snapshot,blocked_403,no_snapshot,none_in_metadata
"train_15861_document_image",host_serves_placeholder+no_snapshot,host_serves_placeholder,no_snapshot,none_in_metadata
"train_15880_claim_image",host_serves_placeholder+no_snapshot,host_serves_placeholder,no_snapshot,none_in_metadata
"train_15886_claim_image",blocked_403+snapshot_verdict,blocked_403,snapshot_verdict,none_in_metadata
"train_15897_claim_image",host_serves_placeholder+snapshot_furniture,host_serves_placeholder,snapshot_furniture,none_in_metadata
"train_15902_claim_image",host_serves_placeholder+no_snapshot,host_serves_placeholder,no_snapshot,none_in_metadata
"train_15907_claim_image",host_serves_placeholder+snapshot_furniture,host_serves_placeholder,snapshot_furniture,none_in_metadata
"train_15916_document_image",host_serves_placeholder+snapshots_are_placeholders,host_serves_placeholder,snapshots_are_placeholders,none_in_metadata
"train_15929_document_image",blocked_403+no_snapshot,blocked_403,no_snapshot,none_in_metadata
"train_15935_claim_image",blocked_403+snapshot_verdict,blocked_403,snapshot_verdict,none_in_metadata
"train_15938_document_image",host_serves_placeholder+snapshots_are_placeholders,host_serves_placeholder,snapshots_are_placeholders,none_in_metadata
"train_1593_document_image",blocked_403+no_snapshot,blocked_403,no_snapshot,none_in_metadata
"train_1594_document_image",blocked_403+no_snapshot,blocked_403,no_snapshot,none_in_metadata
"train_1595_document_image",host_serves_placeholder+no_snapshot,host_serves_placeholder,no_snapshot,none_in_metadata
"train_15972_document_image",host_serves_placeholder+no_snapshot,host_serves_placeholder,no_snapshot,none_in_metadata
"train_15980_claim_image",host_serves_placeholder+no_snapshot,host_serves_placeholder,no_snapshot,none_in_metadata
"train_15983_claim_image",host_serves_placeholder+snapshots_are_placeholders,host_serves_placeholder,snapshots_are_placeholders,none_in_metadata
"train_15991_claim_image",host_serves_placeholder+no_snapshot,host_serves_placeholder,no_snapshot,none_in_metadata
"train_15994_claim_image",host_serves_placeholder+no_snapshot,host_serves_placeholder,no_snapshot,none_in_metadata
"train_15997_document_image",host_serves_placeholder+no_snapshot,host_serves_placeholder,no_snapshot,none_in_metadata
"train_15999_document_image",host_serves_placeholder+snapshots_are_placeholders,host_serves_placeholder,snapshots_are_placeholders,none_in_metadata
"train_159_document_image",host_serves_placeholder+no_snapshot,host_serves_placeholder,no_snapshot,none_in_metadata
"train_16035_document_image",host_serves_placeholder+snapshots_are_placeholders,host_serves_placeholder,snapshots_are_placeholders,none_in_metadata
"train_16051_document_image",host_serves_placeholder+snapshots_are_placeholders,host_serves_placeholder,snapshots_are_placeholders,none_in_metadata
"train_16057_document_image",host_serves_placeholder+snapshots_are_placeholders,host_serves_placeholder,snapshots_are_placeholders,none_in_metadata
"train_16061_document_image",host_serves_placeholder+snapshots_are_placeholders,host_serves_placeholder,snapshots_are_placeholders,none_in_metadata
"train_16063_document_image",host_serves_placeholder+no_snapshot,host_serves_placeholder,no_snapshot,none_in_metadata
"train_16068_claim_image",host_serves_placeholder+snapshots_are_placeholders,host_serves_placeholder,snapshots_are_placeholders,none_in_metadata
"train_16069_document_image",host_serves_placeholder+snapshots_are_placeholders,host_serves_placeholder,snapshots_are_placeholders,none_in_metadata
"train_16072_document_image",host_serves_placeholder+snapshots_are_placeholders,host_serves_placeholder,snapshots_are_placeholders,none_in_metadata
"train_16091_document_image",blocked_403+no_snapshot,blocked_403,no_snapshot,none_in_metadata
"train_16099_document_image",blocked_403+no_snapshot,blocked_403,no_snapshot,none_in_metadata
"train_1610_claim_image",host_serves_placeholder+snapshots_are_placeholders,host_serves_placeholder,snapshots_are_placeholders,none_in_metadata
"train_1610_document_image",host_serves_placeholder+snapshots_are_placeholders,host_serves_placeholder,snapshots_are_placeholders,none_in_metadata
"train_16132_document_image",host_serves_placeholder+no_snapshot,host_serves_placeholder,no_snapshot,none_in_metadata
"train_16144_claim_image",host_serves_placeholder+no_snapshot,host_serves_placeholder,no_snapshot,none_in_metadata
"train_16145_claim_image",fetched_furniture+no_snapshot,fetched_furniture,no_snapshot,none_in_metadata
"train_16188_claim_image",blocked_403+snapshot_verdict,blocked_403,snapshot_verdict,none_in_metadata
"train_16189_document_image",host_serves_placeholder+no_snapshot,host_serves_placeholder,no_snapshot,none_in_metadata
"train_16190_claim_image",host_serves_placeholder+no_snapshot,host_serves_placeholder,no_snapshot,none_in_metadata
"train_16198_claim_image",host_serves_placeholder+no_snapshot,host_serves_placeholder,no_snapshot,none_in_metadata
"train_16201_document_image",host_serves_placeholder+snapshot_verdict,host_serves_placeholder,snapshot_verdict,none_in_metadata
"train_16203_document_image",blocked_403+no_snapshot,blocked_403,no_snapshot,none_in_metadata
"train_16206_claim_image",fetched_furniture+no_snapshot,fetched_furniture,no_snapshot,none_in_metadata
"train_16210_document_image",host_serves_placeholder+no_snapshot,host_serves_placeholder,no_snapshot,none_in_metadata
"train_16218_document_image",host_serves_placeholder+no_snapshot,host_serves_placeholder,no_snapshot,none_in_metadata
"train_16241_claim_image",blocked_403+snapshot_verdict,blocked_403,snapshot_verdict,none_in_metadata
"train_16247_claim_image",blocked_403+snapshot_verdict,blocked_403,snapshot_verdict,none_in_metadata
"train_16247_document_image",blocked_403+snapshot_verdict,blocked_403,snapshot_verdict,none_in_metadata
"train_16253_claim_image",host_serves_placeholder+snapshots_are_placeholders,host_serves_placeholder,snapshots_are_placeholders,none_in_metadata
"train_16258_document_image",host_serves_placeholder+snapshots_are_placeholders,host_serves_placeholder,snapshots_are_placeholders,none_in_metadata
"train_16266_claim_image",blocked_403+no_snapshot,blocked_403,no_snapshot,none_in_metadata
"train_16266_document_image",blocked_403+no_snapshot,blocked_403,no_snapshot,none_in_metadata
"train_16272_claim_image",host_serves_placeholder+snapshot_furniture,host_serves_placeholder,snapshot_furniture,none_in_metadata
"train_16274_document_image",host_serves_placeholder+snapshots_are_placeholders,host_serves_placeholder,snapshots_are_placeholders,none_in_metadata
"train_16281_document_image",host_serves_placeholder+no_snapshot,host_serves_placeholder,no_snapshot,none_in_metadata
"train_16288_claim_image",host_serves_placeholder+snapshot_furniture,host_serves_placeholder,snapshot_furniture,none_in_metadata
"train_1628_document_image",blocked_403+no_snapshot,blocked_403,no_snapshot,none_in_metadata
"train_16297_document_image",blocked_403+no_snapshot,blocked_403,no_snapshot,none_in_metadata
"train_162_claim_image",fetched_furniture+no_snapshot,fetched_furniture,no_snapshot,none_in_metadata
"train_16300_document_image",host_serves_placeholder+no_snapshot,host_serves_placeholder,no_snapshot,none_in_metadata
"train_16310_document_image",host_serves_placeholder+no_snapshot,host_serves_placeholder,no_snapshot,none_in_metadata
"train_16317_document_image",blocked_403+no_snapshot,blocked_403,no_snapshot,none_in_metadata
"train_16318_document_image",blocked_403+snapshot_verdict,blocked_403,snapshot_verdict,none_in_metadata
"train_16326_claim_image",host_serves_placeholder+no_snapshot,host_serves_placeholder,no_snapshot,none_in_metadata
"train_16327_document_image",host_serves_placeholder+snapshots_are_placeholders,host_serves_placeholder,snapshots_are_placeholders,none_in_metadata
"train_16342_document_image",host_serves_placeholder+no_snapshot,host_serves_placeholder,no_snapshot,none_in_metadata
"train_16345_document_image",host_serves_placeholder+no_snapshot,host_serves_placeholder,no_snapshot,none_in_metadata
"train_16353_document_image",host_serves_placeholder+no_snapshot,host_serves_placeholder,no_snapshot,none_in_metadata
"train_16364_document_image",host_serves_placeholder+no_snapshot,host_serves_placeholder,no_snapshot,none_in_metadata
"train_16366_document_image",blocked_403+no_snapshot,blocked_403,no_snapshot,none_in_metadata
"train_16379_document_image",blocked_403+snapshot_verdict,blocked_403,snapshot_verdict,none_in_metadata
"train_16381_document_image",host_serves_placeholder+snapshots_are_placeholders,host_serves_placeholder,snapshots_are_placeholders,none_in_metadata
"train_16437_document_image",host_serves_placeholder+snapshots_are_placeholders,host_serves_placeholder,snapshots_are_placeholders,none_in_metadata
"train_16438_claim_image",host_serves_placeholder+snapshots_are_placeholders,host_serves_placeholder,snapshots_are_placeholders,none_in_metadata
"train_16439_document_image",blocked_403+no_snapshot,blocked_403,no_snapshot,none_in_metadata
"train_16442_document_image",blocked_403+no_snapshot,blocked_403,no_snapshot,none_in_metadata
"train_16446_document_image",host_serves_placeholder+snapshots_are_placeholders,host_serves_placeholder,snapshots_are_placeholders,none_in_metadata
"train_16447_claim_image",fetched_furniture+no_snapshot,fetched_furniture,no_snapshot,none_in_metadata
"train_16450_claim_image",host_serves_placeholder+snapshots_are_placeholders,host_serves_placeholder,snapshots_are_placeholders,none_in_metadata
"train_16458_claim_image",refused_http_429+snapshots_are_placeholders,refused_http_429,snapshots_are_placeholders,none_in_metadata
"train_16458_document_image",blocked_403+no_snapshot,blocked_403,no_snapshot,none_in_metadata
"train_16466_document_image",blocked_403+no_snapshot,blocked_403,no_snapshot,none_in_metadata
"train_16473_claim_image",blocked_403+snapshot_verdict,blocked_403,snapshot_verdict,none_in_metadata
"train_16480_claim_image",host_serves_placeholder+no_snapshot,host_serves_placeholder,no_snapshot,none_in_metadata
"train_16481_document_image",host_serves_placeholder+snapshot_verdict,host_serves_placeholder,snapshot_verdict,none_in_metadata
"train_16497_document_image",host_serves_placeholder+no_snapshot,host_serves_placeholder,no_snapshot,none_in_metadata
"train_16501_document_image",host_serves_placeholder+snapshots_are_placeholders,host_serves_placeholder,snapshots_are_placeholders,none_in_metadata
"train_16506_document_image",host_serves_placeholder+snapshots_are_placeholders,host_serves_placeholder,snapshots_are_placeholders,none_in_metadata
"train_16508_claim_image",blocked_403+snapshot_verdict,blocked_403,snapshot_verdict,none_in_metadata
"train_16508_document_image",blocked_403+snapshot_verdict,blocked_403,snapshot_verdict,none_in_metadata
"train_1652_document_image",blocked_403+no_snapshot,blocked_403,no_snapshot,none_in_metadata
"train_16535_claim_image",host_serves_placeholder+snapshot_furniture,host_serves_placeholder,snapshot_furniture,none_in_metadata
"train_16545_claim_image",host_serves_placeholder+snapshot_furniture,host_serves_placeholder,snapshot_furniture,none_in_metadata
"train_16548_claim_image",host_serves_placeholder+snapshot_furniture,host_serves_placeholder,snapshot_furniture,none_in_metadata
"train_16552_claim_image",blocked_403+no_snapshot,blocked_403,no_snapshot,none_in_metadata
"train_16560_document_image",host_serves_placeholder+snapshot_furniture,host_serves_placeholder,snapshot_furniture,none_in_metadata
"train_16563_claim_image",unreachable_ssl_error+no_snapshot,unreachable_ssl_error,no_snapshot,none_in_metadata
"train_16569_document_image",blocked_403+no_snapshot,blocked_403,no_snapshot,none_in_metadata
"train_16589_claim_image",blocked_403+no_snapshot,blocked_403,no_snapshot,none_in_metadata
"train_1658_claim_image",host_serves_placeholder+snapshots_are_placeholders,host_serves_placeholder,snapshots_are_placeholders,none_in_metadata
"train_16590_claim_image",blocked_403+snapshot_verdict,blocked_403,snapshot_verdict,none_in_metadata
"train_16590_document_image",blocked_403+no_snapshot,blocked_403,no_snapshot,none_in_metadata
"train_16596_document_image",host_serves_placeholder+snapshot_furniture,host_serves_placeholder,snapshot_furniture,none_in_metadata
"train_16597_document_image",host_serves_placeholder+snapshots_are_placeholders,host_serves_placeholder,snapshots_are_placeholders,none_in_metadata
"train_16605_claim_image",host_serves_placeholder+no_snapshot,host_serves_placeholder,no_snapshot,none_in_metadata
"train_16615_claim_image",blocked_403+snapshot_verdict,blocked_403,snapshot_verdict,none_in_metadata
"train_16615_document_image",blocked_403+snapshot_verdict,blocked_403,snapshot_verdict,none_in_metadata
"train_16627_claim_image",blocked_403+no_snapshot,blocked_403,no_snapshot,none_in_metadata
"train_16638_claim_image",fetched_furniture+no_snapshot,fetched_furniture,no_snapshot,none_in_metadata
"train_16651_document_image",blocked_403+no_snapshot,blocked_403,no_snapshot,none_in_metadata
"train_1665_document_image",host_serves_placeholder+no_snapshot,host_serves_placeholder,no_snapshot,none_in_metadata
"train_1667_claim_image",host_serves_placeholder+no_snapshot,host_serves_placeholder,no_snapshot,none_in_metadata
"train_16680_document_image",host_serves_placeholder+snapshots_are_placeholders,host_serves_placeholder,snapshots_are_placeholders,none_in_metadata
"train_16682_document_image",blocked_403+no_snapshot,blocked_403,no_snapshot,none_in_metadata
"train_16684_document_image",blocked_403+no_snapshot,blocked_403,no_snapshot,none_in_metadata
"train_16687_document_image",blocked_403+no_snapshot,blocked_403,no_snapshot,none_in_metadata
"train_16697_claim_image",blocked_403+snapshot_verdict,blocked_403,snapshot_verdict,none_in_metadata
"train_16712_claim_image",gone_404+no_snapshot,gone_404,no_snapshot,none_in_metadata
"train_16712_document_image",gone_404+no_snapshot,gone_404,no_snapshot,none_in_metadata
"train_16713_claim_image",fetched_furniture+no_snapshot,fetched_furniture,no_snapshot,none_in_metadata
"train_16717_document_image",blocked_403+no_snapshot,blocked_403,no_snapshot,none_in_metadata
"train_16722_claim_image",server_error_5xx+no_snapshot,server_error_5xx,no_snapshot,none_in_metadata
"train_16722_document_image",blocked_403+no_snapshot,blocked_403,no_snapshot,none_in_metadata
"train_16724_document_image",host_serves_placeholder+snapshots_are_placeholders,host_serves_placeholder,snapshots_are_placeholders,none_in_metadata
"train_16738_claim_image",host_serves_placeholder+snapshots_are_placeholders,host_serves_placeholder,snapshots_are_placeholders,none_in_metadata
"train_1673_claim_image",blocked_403+snapshot_verdict,blocked_403,snapshot_verdict,none_in_metadata
"train_16740_document_image",host_serves_placeholder+snapshots_are_placeholders,host_serves_placeholder,snapshots_are_placeholders,none_in_metadata
"train_16742_claim_image",fetched_furniture+snapshots_are_placeholders,fetched_furniture,snapshots_are_placeholders,none_in_metadata
"train_16758_document_image",host_serves_placeholder+snapshots_are_placeholders,host_serves_placeholder,snapshots_are_placeholders,none_in_metadata
"train_16780_document_image",blocked_403+snapshot_verdict,blocked_403,snapshot_verdict,none_in_metadata
"train_16790_document_image",host_serves_placeholder+no_snapshot,host_serves_placeholder,no_snapshot,none_in_metadata
"train_16797_document_image",host_serves_placeholder+no_snapshot,host_serves_placeholder,no_snapshot,none_in_metadata
"train_16805_document_image",host_serves_placeholder+no_snapshot,host_serves_placeholder,no_snapshot,none_in_metadata
"train_16846_claim_image",blocked_403+no_snapshot,blocked_403,no_snapshot,none_in_metadata
"train_16850_document_image",blocked_403+snapshot_verdict,blocked_403,snapshot_verdict,none_in_metadata
"train_16853_document_image",host_serves_placeholder+snapshots_are_placeholders,host_serves_placeholder,snapshots_are_placeholders,none_in_metadata
"train_1686_document_image",host_serves_placeholder+no_snapshot,host_serves_placeholder,no_snapshot,none_in_metadata
"train_16877_claim_image",fetched_furniture+no_snapshot,fetched_furniture,no_snapshot,none_in_metadata
"train_16879_claim_image",host_serves_placeholder+no_snapshot,host_serves_placeholder,no_snapshot,none_in_metadata
"train_16883_claim_image",blocked_403+snapshot_verdict,blocked_403,snapshot_verdict,none_in_metadata
"train_16907_claim_image",host_serves_placeholder+snapshot_furniture,host_serves_placeholder,snapshot_furniture,none_in_metadata
"train_1691_document_image",blocked_403+snapshot_verdict,blocked_403,snapshot_verdict,none_in_metadata
"train_16924_document_image",host_serves_placeholder+no_snapshot,host_serves_placeholder,no_snapshot,none_in_metadata
"train_16934_document_image",host_serves_placeholder+no_snapshot,host_serves_placeholder,no_snapshot,none_in_metadata
"train_16935_claim_image",fetched_furniture+no_snapshot,fetched_furniture,no_snapshot,none_in_metadata
"train_16939_document_image",blocked_403+no_snapshot,blocked_403,no_snapshot,none_in_metadata
"train_16948_document_image",blocked_403+no_snapshot,blocked_403,no_snapshot,none_in_metadata
"train_16968_document_image",host_serves_placeholder+snapshots_are_placeholders,host_serves_placeholder,snapshots_are_placeholders,none_in_metadata
"train_16975_claim_image",host_serves_placeholder+snapshots_are_placeholders,host_serves_placeholder,snapshots_are_placeholders,none_in_metadata
"train_1697_document_image",host_serves_placeholder+snapshot_furniture,host_serves_placeholder,snapshot_furniture,none_in_metadata
"train_16991_claim_image",fetched_furniture+no_snapshot,fetched_furniture,no_snapshot,none_in_metadata
"train_16992_document_image",host_serves_placeholder+snapshot_verdict,host_serves_placeholder,snapshot_verdict,none_in_metadata
"train_16999_document_image",blocked_403+no_snapshot,blocked_403,no_snapshot,none_in_metadata
"train_1700_document_image",blocked_403+no_snapshot,blocked_403,no_snapshot,none_in_metadata
"train_17013_document_image",blocked_403+no_snapshot,blocked_403,no_snapshot,none_in_metadata
"train_17020_document_image",blocked_403+no_snapshot,blocked_403,no_snapshot,none_in_metadata
"train_17026_document_image",host_serves_placeholder+no_snapshot,host_serves_placeholder,no_snapshot,none_in_metadata
"train_17033_document_image",host_serves_placeholder+no_snapshot,host_serves_placeholder,no_snapshot,none_in_metadata
"train_17038_document_image",host_serves_placeholder+no_snapshot,host_serves_placeholder,no_snapshot,none_in_metadata
"train_17051_claim_image",dns_failure+no_snapshot,dns_failure,no_snapshot,none_in_metadata
"train_17062_claim_image",blocked_403+snapshot_verdict,blocked_403,snapshot_verdict,none_in_metadata
"train_17062_document_image",blocked_403+snapshot_verdict,blocked_403,snapshot_verdict,none_in_metadata
"train_17095_document_image",blocked_403+no_snapshot,blocked_403,no_snapshot,none_in_metadata
"train_17103_document_image",host_serves_placeholder+snapshots_are_placeholders,host_serves_placeholder,snapshots_are_placeholders,none_in_metadata
"train_17110_document_image",host_serves_placeholder+snapshots_are_placeholders,host_serves_placeholder,snapshots_are_placeholders,none_in_metadata
"train_17112_claim_image",host_serves_placeholder+snapshots_are_placeholders,host_serves_placeholder,snapshots_are_placeholders,none_in_metadata
"train_17113_claim_image",blocked_403+no_snapshot,blocked_403,no_snapshot,none_in_metadata
"train_17124_claim_image",blocked_403+no_snapshot,blocked_403,no_snapshot,none_in_metadata
"train_17124_document_image",blocked_403+no_snapshot,blocked_403,no_snapshot,none_in_metadata
"train_17128_document_image",host_serves_placeholder+no_snapshot,host_serves_placeholder,no_snapshot,none_in_metadata
"train_17149_claim_image",host_serves_placeholder+snapshots_are_placeholders,host_serves_placeholder,snapshots_are_placeholders,none_in_metadata
"train_17155_document_image",host_serves_placeholder+snapshots_are_placeholders,host_serves_placeholder,snapshots_are_placeholders,none_in_metadata
"train_17164_claim_image",host_serves_placeholder+no_snapshot,host_serves_placeholder,no_snapshot,none_in_metadata
"train_17197_document_image",host_serves_placeholder+no_snapshot,host_serves_placeholder,no_snapshot,none_in_metadata
"train_17198_claim_image",host_serves_placeholder+snapshots_are_placeholders,host_serves_placeholder,snapshots_are_placeholders,none_in_metadata
"train_17200_claim_image",blocked_403+snapshot_verdict,blocked_403,snapshot_verdict,none_in_metadata
"train_17224_document_image",host_serves_placeholder+snapshots_are_placeholders,host_serves_placeholder,snapshots_are_placeholders,none_in_metadata
"train_17237_document_image",host_serves_placeholder+no_snapshot,host_serves_placeholder,no_snapshot,none_in_metadata
"train_17249_claim_image",host_serves_placeholder+no_snapshot,host_serves_placeholder,no_snapshot,none_in_metadata
"train_17264_claim_image",host_serves_placeholder+no_snapshot,host_serves_placeholder,no_snapshot,none_in_metadata
"train_17268_document_image",host_serves_placeholder+no_snapshot,host_serves_placeholder,no_snapshot,none_in_metadata
"train_17274_document_image",host_serves_placeholder+no_snapshot,host_serves_placeholder,no_snapshot,none_in_metadata
"train_17282_claim_image",fetched_furniture+no_snapshot,fetched_furniture,no_snapshot,none_in_metadata
"train_17309_document_image",host_serves_placeholder+no_snapshot,host_serves_placeholder,no_snapshot,none_in_metadata
"train_17310_document_image",host_serves_placeholder+snapshots_are_placeholders,host_serves_placeholder,snapshots_are_placeholders,none_in_metadata
"train_17316_document_image",host_serves_placeholder+snapshots_are_placeholders,host_serves_placeholder,snapshots_are_placeholders,none_in_metadata
"train_17329_claim_image",blocked_403+no_snapshot,blocked_403,no_snapshot,none_in_metadata
"train_17329_document_image",blocked_403+no_snapshot,blocked_403,no_snapshot,none_in_metadata
"train_17330_document_image",host_serves_placeholder+snapshots_are_placeholders,host_serves_placeholder,snapshots_are_placeholders,none_in_metadata
"train_17342_document_image",host_serves_placeholder+snapshots_are_placeholders,host_serves_placeholder,snapshots_are_placeholders,none_in_metadata
"train_1734_claim_image",host_serves_placeholder+snapshots_are_placeholders,host_serves_placeholder,snapshots_are_placeholders,none_in_metadata
"train_17355_document_image",blocked_403+no_snapshot,blocked_403,no_snapshot,none_in_metadata
"train_1736_claim_image",fetched_furniture+no_snapshot,fetched_furniture,no_snapshot,none_in_metadata
"train_17370_claim_image",host_serves_placeholder+no_snapshot,host_serves_placeholder,no_snapshot,none_in_metadata
"train_1737_claim_image",host_serves_placeholder+snapshots_are_placeholders,host_serves_placeholder,snapshots_are_placeholders,none_in_metadata
"train_1738_claim_image",host_serves_placeholder+no_snapshot,host_serves_placeholder,no_snapshot,none_in_metadata
"train_17397_document_image",host_serves_placeholder+no_snapshot,host_serves_placeholder,no_snapshot,none_in_metadata
"train_17399_claim_image",host_serves_placeholder+snapshot_furniture,host_serves_placeholder,snapshot_furniture,none_in_metadata
"train_17410_claim_image",fetched_furniture+no_snapshot,fetched_furniture,no_snapshot,none_in_metadata
"train_17421_document_image",host_serves_placeholder+no_snapshot,host_serves_placeholder,no_snapshot,none_in_metadata
"train_17424_document_image",blocked_403+no_snapshot,blocked_403,no_snapshot,none_in_metadata
"train_17430_document_image",blocked_403+no_snapshot,blocked_403,no_snapshot,none_in_metadata
"train_1744_document_image",blocked_403+no_snapshot,blocked_403,no_snapshot,none_in_metadata
"train_17451_document_image",host_serves_placeholder+no_snapshot,host_serves_placeholder,no_snapshot,none_in_metadata
"train_17476_claim_image",host_serves_placeholder+no_snapshot,host_serves_placeholder,no_snapshot,none_in_metadata
"train_17485_document_image",host_serves_placeholder+no_snapshot,host_serves_placeholder,no_snapshot,none_in_metadata
"train_17503_claim_image",host_serves_placeholder+snapshot_furniture,host_serves_placeholder,snapshot_furniture,none_in_metadata
"train_17504_document_image",blocked_403+no_snapshot,blocked_403,no_snapshot,none_in_metadata
"train_17514_document_image",host_serves_placeholder+snapshots_are_placeholders,host_serves_placeholder,snapshots_are_placeholders,none_in_metadata
"train_17533_claim_image",host_serves_placeholder+no_snapshot,host_serves_placeholder,no_snapshot,none_in_metadata
"train_17537_claim_image",blocked_403+no_snapshot,blocked_403,no_snapshot,none_in_metadata
"train_17540_document_image",host_serves_placeholder+snapshots_are_placeholders,host_serves_placeholder,snapshots_are_placeholders,none_in_metadata
"train_17543_claim_image",host_serves_placeholder+snapshots_are_placeholders,host_serves_placeholder,snapshots_are_placeholders,none_in_metadata
"train_17561_claim_image",blocked_403+no_snapshot,blocked_403,no_snapshot,none_in_metadata
"train_17561_document_image",blocked_403+no_snapshot,blocked_403,no_snapshot,none_in_metadata
"train_17571_document_image",blocked_403+no_snapshot,blocked_403,no_snapshot,none_in_metadata
"train_17572_document_image",host_serves_placeholder+snapshots_are_placeholders,host_serves_placeholder,snapshots_are_placeholders,none_in_metadata
"train_17591_document_image",host_serves_placeholder+snapshots_are_placeholders,host_serves_placeholder,snapshots_are_placeholders,none_in_metadata
"train_17597_claim_image",host_serves_placeholder+no_snapshot,host_serves_placeholder,no_snapshot,none_in_metadata
"train_17599_claim_image",host_serves_placeholder+snapshots_are_placeholders,host_serves_placeholder,snapshots_are_placeholders,none_in_metadata
"train_17601_document_image",host_serves_placeholder+no_snapshot,host_serves_placeholder,no_snapshot,none_in_metadata
"train_17602_document_image",blocked_403+snapshot_verdict,blocked_403,snapshot_verdict,none_in_metadata
"train_17611_claim_image",host_serves_placeholder+no_snapshot,host_serves_placeholder,no_snapshot,none_in_metadata
"train_17612_document_image",blocked_403+snapshot_verdict,blocked_403,snapshot_verdict,none_in_metadata
"train_17613_claim_image",host_serves_placeholder+snapshot_furniture,host_serves_placeholder,snapshot_furniture,none_in_metadata
"train_17617_document_image",host_serves_placeholder+no_snapshot,host_serves_placeholder,no_snapshot,none_in_metadata
"train_17625_claim_image",blocked_403+no_snapshot,blocked_403,no_snapshot,none_in_metadata
"train_17629_document_image",host_serves_placeholder+no_snapshot,host_serves_placeholder,no_snapshot,none_in_metadata
"train_17630_document_image",blocked_403+no_snapshot,blocked_403,no_snapshot,none_in_metadata
"train_17635_claim_image",host_serves_placeholder+snapshot_furniture,host_serves_placeholder,snapshot_furniture,none_in_metadata
"train_1763_claim_image",host_serves_placeholder+snapshots_are_placeholders,host_serves_placeholder,snapshots_are_placeholders,none_in_metadata
"train_17646_claim_image",host_serves_placeholder+snapshot_furniture,host_serves_placeholder,snapshot_furniture,none_in_metadata
"train_17654_claim_image",host_serves_placeholder+snapshots_are_placeholders,host_serves_placeholder,snapshots_are_placeholders,none_in_metadata
"train_17661_document_image",blocked_403+no_snapshot,blocked_403,no_snapshot,none_in_metadata
"train_17662_document_image",host_serves_placeholder+no_snapshot,host_serves_placeholder,no_snapshot,none_in_metadata
"train_17666_claim_image",host_serves_placeholder+snapshot_furniture,host_serves_placeholder,snapshot_furniture,none_in_metadata
"train_17676_claim_image",host_serves_placeholder+snapshots_are_placeholders,host_serves_placeholder,snapshots_are_placeholders,none_in_metadata
"train_17682_document_image",host_serves_placeholder+no_snapshot,host_serves_placeholder,no_snapshot,none_in_metadata
"train_17687_document_image",host_serves_placeholder+snapshots_are_placeholders,host_serves_placeholder,snapshots_are_placeholders,none_in_metadata
"train_17711_claim_image",host_serves_placeholder+snapshot_furniture,host_serves_placeholder,snapshot_furniture,none_in_metadata
"train_17714_claim_image",blocked_403+snapshot_verdict,blocked_403,snapshot_verdict,none_in_metadata
"train_17714_document_image",blocked_403+no_snapshot,blocked_403,no_snapshot,none_in_metadata
"train_1771_document_image",blocked_403+no_snapshot,blocked_403,no_snapshot,none_in_metadata
"train_17730_document_image",host_serves_placeholder+snapshots_are_placeholders,host_serves_placeholder,snapshots_are_placeholders,none_in_metadata
"train_17748_claim_image",host_serves_placeholder+snapshots_are_placeholders,host_serves_placeholder,snapshots_are_placeholders,none_in_metadata
"train_17763_document_image",host_serves_placeholder+no_snapshot,host_serves_placeholder,no_snapshot,none_in_metadata
"train_1776_claim_image",host_serves_placeholder+snapshots_are_placeholders,host_serves_placeholder,snapshots_are_placeholders,none_in_metadata
"train_17770_claim_image",host_serves_placeholder+no_snapshot,host_serves_placeholder,no_snapshot,none_in_metadata
"train_17781_document_image",blocked_403+no_snapshot,blocked_403,no_snapshot,none_in_metadata
"train_17785_document_image",blocked_403+no_snapshot,blocked_403,no_snapshot,none_in_metadata
"train_17805_document_image",host_serves_placeholder+no_snapshot,host_serves_placeholder,no_snapshot,none_in_metadata
"train_17823_document_image",host_serves_placeholder+snapshots_are_placeholders,host_serves_placeholder,snapshots_are_placeholders,none_in_metadata
"train_17835_document_image",host_serves_placeholder+no_snapshot,host_serves_placeholder,no_snapshot,none_in_metadata
"train_17843_document_image",host_serves_placeholder+no_snapshot,host_serves_placeholder,no_snapshot,none_in_metadata
"train_17855_document_image",host_serves_placeholder+snapshots_are_placeholders,host_serves_placeholder,snapshots_are_placeholders,none_in_metadata
"train_17860_document_image",host_serves_placeholder+no_snapshot,host_serves_placeholder,no_snapshot,none_in_metadata
"train_17879_document_image",host_serves_placeholder+snapshots_are_placeholders,host_serves_placeholder,snapshots_are_placeholders,none_in_metadata
"train_17891_claim_image",host_serves_placeholder+snapshots_are_placeholders,host_serves_placeholder,snapshots_are_placeholders,none_in_metadata
"train_17909_claim_image",fetched_furniture+snapshots_are_placeholders,fetched_furniture,snapshots_are_placeholders,none_in_metadata
"train_1790_claim_image",host_serves_placeholder+no_snapshot,host_serves_placeholder,no_snapshot,none_in_metadata
"train_17919_claim_image",fetched_furniture+no_snapshot,fetched_furniture,no_snapshot,none_in_metadata
"train_17939_document_image",host_serves_placeholder+snapshots_are_placeholders,host_serves_placeholder,snapshots_are_placeholders,none_in_metadata
"train_1793_document_image",host_serves_placeholder+no_snapshot,host_serves_placeholder,no_snapshot,none_in_metadata
"train_17943_claim_image",blocked_403+snapshot_verdict,blocked_403,snapshot_verdict,none_in_metadata
"train_17946_document_image",host_serves_placeholder+snapshots_are_placeholders,host_serves_placeholder,snapshots_are_placeholders,none_in_metadata
"train_17948_claim_image",host_serves_placeholder+snapshot_verdict,host_serves_placeholder,snapshot_verdict,none_in_metadata
"train_17960_document_image",blocked_403+no_snapshot,blocked_403,no_snapshot,none_in_metadata
"train_17971_claim_image",host_serves_placeholder+no_snapshot,host_serves_placeholder,no_snapshot,none_in_metadata
"train_17990_document_image",blocked_403+no_snapshot,blocked_403,no_snapshot,none_in_metadata
"train_17998_claim_image",host_serves_placeholder+no_snapshot,host_serves_placeholder,no_snapshot,none_in_metadata
"train_17998_document_image",host_serves_placeholder+snapshots_are_placeholders,host_serves_placeholder,snapshots_are_placeholders,none_in_metadata
"train_17999_document_image",blocked_403+no_snapshot,blocked_403,no_snapshot,none_in_metadata
"train_18008_document_image",blocked_403+no_snapshot,blocked_403,no_snapshot,none_in_metadata
"train_18022_document_image",host_serves_placeholder+snapshots_are_placeholders,host_serves_placeholder,snapshots_are_placeholders,none_in_metadata
"train_18031_claim_image",host_serves_placeholder+snapshots_are_placeholders,host_serves_placeholder,snapshots_are_placeholders,none_in_metadata
"train_18033_document_image",host_serves_placeholder+snapshots_are_placeholders,host_serves_placeholder,snapshots_are_placeholders,none_in_metadata
"train_18039_document_image",blocked_403+no_snapshot,blocked_403,no_snapshot,none_in_metadata
"train_18044_claim_image",gone_404+no_snapshot,gone_404,no_snapshot,none_in_metadata
"train_18049_claim_image",blocked_403+snapshot_verdict,blocked_403,snapshot_verdict,none_in_metadata
"train_18049_document_image",blocked_403+no_snapshot,blocked_403,no_snapshot,none_in_metadata
"train_18057_document_image",host_serves_placeholder+snapshots_are_placeholders,host_serves_placeholder,snapshots_are_placeholders,none_in_metadata
"train_18066_document_image",host_serves_placeholder+snapshots_are_placeholders,host_serves_placeholder,snapshots_are_placeholders,none_in_metadata
"train_18083_claim_image",blocked_403+no_snapshot,blocked_403,no_snapshot,none_in_metadata
"train_18090_document_image",blocked_403+no_snapshot,blocked_403,no_snapshot,none_in_metadata
"train_18091_document_image",blocked_403+no_snapshot,blocked_403,no_snapshot,none_in_metadata
"train_18100_document_image",host_serves_placeholder+no_snapshot,host_serves_placeholder,no_snapshot,none_in_metadata
"train_18110_document_image",host_serves_placeholder+no_snapshot,host_serves_placeholder,no_snapshot,none_in_metadata
"train_18111_claim_image",blocked_403+snapshot_verdict,blocked_403,snapshot_verdict,none_in_metadata
"train_18111_document_image",blocked_403+no_snapshot,blocked_403,no_snapshot,none_in_metadata
"train_18112_claim_image",host_serves_placeholder+no_snapshot,host_serves_placeholder,no_snapshot,none_in_metadata
"train_1811_document_image",host_serves_placeholder+snapshots_are_placeholders,host_serves_placeholder,snapshots_are_placeholders,none_in_metadata
"train_18132_claim_image",host_serves_placeholder+no_snapshot,host_serves_placeholder,no_snapshot,none_in_metadata
"train_18141_document_image",host_serves_placeholder+snapshot_verdict,host_serves_placeholder,snapshot_verdict,none_in_metadata
"train_18146_document_image",host_serves_placeholder+no_snapshot,host_serves_placeholder,no_snapshot,none_in_metadata
"train_18172_claim_image",host_serves_placeholder+snapshots_are_placeholders,host_serves_placeholder,snapshots_are_placeholders,none_in_metadata
"train_18174_claim_image",host_serves_placeholder+no_snapshot,host_serves_placeholder,no_snapshot,none_in_metadata
"train_18178_claim_image",blocked_403+snapshot_verdict,blocked_403,snapshot_verdict,none_in_metadata
"train_18181_document_image",blocked_403+no_snapshot,blocked_403,no_snapshot,none_in_metadata
"train_18185_document_image",host_serves_placeholder+snapshots_are_placeholders,host_serves_placeholder,snapshots_are_placeholders,none_in_metadata
"train_18191_claim_image",host_serves_placeholder+snapshot_furniture,host_serves_placeholder,snapshot_furniture,none_in_metadata
"train_18207_document_image",host_serves_placeholder+no_snapshot,host_serves_placeholder,no_snapshot,none_in_metadata
"train_18212_claim_image",blocked_403+snapshot_verdict,blocked_403,snapshot_verdict,none_in_metadata
"train_18212_document_image",blocked_403+snapshot_verdict,blocked_403,snapshot_verdict,none_in_metadata
"train_18213_document_image",blocked_403+no_snapshot,blocked_403,no_snapshot,none_in_metadata
"train_18237_document_image",host_serves_placeholder+no_snapshot,host_serves_placeholder,no_snapshot,none_in_metadata
"train_18246_claim_image",blocked_403+snapshot_verdict,blocked_403,snapshot_verdict,none_in_metadata
"train_18258_document_image",host_serves_placeholder+snapshots_are_placeholders,host_serves_placeholder,snapshots_are_placeholders,none_in_metadata
"train_18269_claim_image",host_serves_placeholder+snapshot_furniture,host_serves_placeholder,snapshot_furniture,none_in_metadata
"train_18271_document_image",host_serves_placeholder+no_snapshot,host_serves_placeholder,no_snapshot,none_in_metadata
"train_18272_claim_image",host_serves_placeholder+snapshot_furniture,host_serves_placeholder,snapshot_furniture,none_in_metadata
"train_18275_document_image",host_serves_placeholder+snapshots_are_placeholders,host_serves_placeholder,snapshots_are_placeholders,none_in_metadata
"train_18281_claim_image",host_serves_placeholder+no_snapshot,host_serves_placeholder,no_snapshot,none_in_metadata
"train_18283_document_image",host_serves_placeholder+snapshots_are_placeholders,host_serves_placeholder,snapshots_are_placeholders,none_in_metadata
"train_18285_document_image",host_serves_placeholder+no_snapshot,host_serves_placeholder,no_snapshot,none_in_metadata
"train_18289_document_image",host_serves_placeholder+no_snapshot,host_serves_placeholder,no_snapshot,none_in_metadata
"train_18301_claim_image",host_serves_placeholder+snapshots_are_placeholders,host_serves_placeholder,snapshots_are_placeholders,none_in_metadata
"train_18314_claim_image",host_serves_placeholder+snapshot_furniture,host_serves_placeholder,snapshot_furniture,none_in_metadata
"train_18318_document_image",host_serves_placeholder+snapshots_are_placeholders,host_serves_placeholder,snapshots_are_placeholders,none_in_metadata
"train_1831_document_image",host_serves_placeholder+snapshots_are_placeholders,host_serves_placeholder,snapshots_are_placeholders,none_in_metadata
"train_18350_document_image",host_serves_placeholder+snapshots_are_placeholders,host_serves_placeholder,snapshots_are_placeholders,none_in_metadata
"train_18352_document_image",blocked_403+no_snapshot,blocked_403,no_snapshot,none_in_metadata
"train_18353_document_image",blocked_403+no_snapshot,blocked_403,no_snapshot,none_in_metadata
"train_18374_document_image",host_serves_placeholder+snapshots_are_placeholders,host_serves_placeholder,snapshots_are_placeholders,none_in_metadata
"train_18380_document_image",host_serves_placeholder+snapshots_are_placeholders,host_serves_placeholder,snapshots_are_placeholders,none_in_metadata
"train_18398_claim_image",host_serves_placeholder+no_snapshot,host_serves_placeholder,no_snapshot,none_in_metadata
"train_18414_document_image",host_serves_placeholder+snapshots_are_placeholders,host_serves_placeholder,snapshots_are_placeholders,none_in_metadata
"train_18415_document_image",host_serves_placeholder+no_snapshot,host_serves_placeholder,no_snapshot,none_in_metadata
"train_18425_document_image",host_serves_placeholder+snapshots_are_placeholders,host_serves_placeholder,snapshots_are_placeholders,none_in_metadata
"train_18427_document_image",host_serves_placeholder+no_snapshot,host_serves_placeholder,no_snapshot,none_in_metadata
"train_18436_claim_image",blocked_403+snapshot_verdict,blocked_403,snapshot_verdict,none_in_metadata
"train_18440_document_image",blocked_403+no_snapshot,blocked_403,no_snapshot,none_in_metadata
"train_18453_document_image",host_serves_placeholder+snapshots_are_placeholders,host_serves_placeholder,snapshots_are_placeholders,none_in_metadata
"train_18458_document_image",host_serves_placeholder+no_snapshot,host_serves_placeholder,no_snapshot,none_in_metadata
"train_1845_document_image",blocked_403+snapshot_verdict,blocked_403,snapshot_verdict,none_in_metadata
"train_18461_claim_image",blocked_403+no_snapshot,blocked_403,no_snapshot,none_in_metadata
"train_18464_claim_image",host_serves_placeholder+snapshots_are_placeholders,host_serves_placeholder,snapshots_are_placeholders,none_in_metadata
"train_1847_document_image",host_serves_placeholder+snapshots_are_placeholders,host_serves_placeholder,snapshots_are_placeholders,none_in_metadata
"train_18486_claim_image",host_serves_placeholder+no_snapshot,host_serves_placeholder,no_snapshot,none_in_metadata
"train_18509_claim_image",host_serves_placeholder+no_snapshot,host_serves_placeholder,no_snapshot,none_in_metadata
"train_18516_claim_image",host_serves_placeholder+no_snapshot,host_serves_placeholder,no_snapshot,none_in_metadata
"train_18524_document_image",host_serves_placeholder+snapshots_are_placeholders,host_serves_placeholder,snapshots_are_placeholders,none_in_metadata
"train_18526_claim_image",host_serves_placeholder+no_snapshot,host_serves_placeholder,no_snapshot,none_in_metadata
"train_18527_claim_image",gone_404+no_snapshot,gone_404,no_snapshot,none_in_metadata
"train_18536_claim_image",host_serves_placeholder+snapshots_are_placeholders,host_serves_placeholder,snapshots_are_placeholders,none_in_metadata
"train_18541_document_image",host_serves_placeholder+snapshots_are_placeholders,host_serves_placeholder,snapshots_are_placeholders,none_in_metadata
"train_18542_claim_image",fetched_furniture+no_snapshot,fetched_furniture,no_snapshot,none_in_metadata
"train_18549_document_image",blocked_403+snapshot_verdict,blocked_403,snapshot_verdict,none_in_metadata
"train_1855_claim_image",host_serves_placeholder+no_snapshot,host_serves_placeholder,no_snapshot,none_in_metadata
"train_18563_document_image",blocked_403+no_snapshot,blocked_403,no_snapshot,none_in_metadata
"train_18569_document_image",blocked_403+no_snapshot,blocked_403,no_snapshot,none_in_metadata
"train_18571_claim_image",host_serves_placeholder+no_snapshot,host_serves_placeholder,no_snapshot,none_in_metadata
"train_18575_claim_image",host_serves_placeholder+snapshots_are_placeholders,host_serves_placeholder,snapshots_are_placeholders,none_in_metadata
"train_18605_claim_image",host_serves_placeholder+no_snapshot,host_serves_placeholder,no_snapshot,none_in_metadata
"train_1861_document_image",host_serves_placeholder+snapshot_furniture,host_serves_placeholder,snapshot_furniture,none_in_metadata
"train_18624_claim_image",fetched_furniture+no_snapshot,fetched_furniture,no_snapshot,none_in_metadata
"train_18626_document_image",host_serves_placeholder+snapshots_are_placeholders,host_serves_placeholder,snapshots_are_placeholders,none_in_metadata
"train_18638_claim_image",host_serves_placeholder+no_snapshot,host_serves_placeholder,no_snapshot,none_in_metadata
"train_18639_claim_image",host_serves_placeholder+no_snapshot,host_serves_placeholder,no_snapshot,none_in_metadata
"train_1864_document_image",host_serves_placeholder+snapshots_are_placeholders,host_serves_placeholder,snapshots_are_placeholders,none_in_metadata
"train_18666_document_image",host_serves_placeholder+snapshots_are_placeholders,host_serves_placeholder,snapshots_are_placeholders,none_in_metadata
"train_18668_document_image",blocked_403+no_snapshot,blocked_403,no_snapshot,none_in_metadata
"train_18670_document_image",blocked_403+no_snapshot,blocked_403,no_snapshot,none_in_metadata
"train_18679_document_image",host_serves_placeholder+snapshots_are_placeholders,host_serves_placeholder,snapshots_are_placeholders,none_in_metadata
"train_18685_document_image",host_serves_placeholder+no_snapshot,host_serves_placeholder,no_snapshot,none_in_metadata
"train_18705_claim_image",host_serves_placeholder+snapshots_are_placeholders,host_serves_placeholder,snapshots_are_placeholders,none_in_metadata
"train_1870_document_image",blocked_403+no_snapshot,blocked_403,no_snapshot,none_in_metadata
"train_18712_claim_image",host_serves_placeholder+snapshot_furniture,host_serves_placeholder,snapshot_furniture,none_in_metadata
"train_18738_claim_image",host_serves_placeholder+no_snapshot,host_serves_placeholder,no_snapshot,none_in_metadata
"train_18750_document_image",blocked_403+no_snapshot,blocked_403,no_snapshot,none_in_metadata
"train_18754_document_image",host_serves_placeholder+snapshots_are_placeholders,host_serves_placeholder,snapshots_are_placeholders,none_in_metadata
"train_18757_claim_image",host_serves_placeholder+no_snapshot,host_serves_placeholder,no_snapshot,none_in_metadata
"train_18758_document_image",host_serves_placeholder+snapshots_are_placeholders,host_serves_placeholder,snapshots_are_placeholders,none_in_metadata
"train_18759_document_image",host_serves_placeholder+no_snapshot,host_serves_placeholder,no_snapshot,none_in_metadata
"train_18761_document_image",blocked_403+no_snapshot,blocked_403,no_snapshot,none_in_metadata
"train_1877_claim_image",host_serves_placeholder+snapshots_are_placeholders,host_serves_placeholder,snapshots_are_placeholders,none_in_metadata
"train_18782_claim_image",host_serves_placeholder+snapshots_are_placeholders,host_serves_placeholder,snapshots_are_placeholders,none_in_metadata
"train_18783_document_image",host_serves_placeholder+no_snapshot,host_serves_placeholder,no_snapshot,none_in_metadata
"train_18791_document_image",host_serves_placeholder+snapshots_are_placeholders,host_serves_placeholder,snapshots_are_placeholders,none_in_metadata
"train_18796_claim_image",host_serves_placeholder+snapshot_furniture,host_serves_placeholder,snapshot_furniture,none_in_metadata
"train_18799_claim_image",fetched_furniture+snapshots_are_placeholders,fetched_furniture,snapshots_are_placeholders,none_in_metadata
"train_18803_claim_image",host_serves_placeholder+snapshots_are_placeholders,host_serves_placeholder,snapshots_are_placeholders,none_in_metadata
"train_18811_document_image",host_serves_placeholder+no_snapshot,host_serves_placeholder,no_snapshot,none_in_metadata
"train_18823_document_image",host_serves_placeholder+snapshots_are_placeholders,host_serves_placeholder,snapshots_are_placeholders,none_in_metadata
"train_18831_claim_image",host_serves_placeholder+no_snapshot,host_serves_placeholder,no_snapshot,none_in_metadata
"train_18843_claim_image",host_serves_placeholder+snapshots_are_placeholders,host_serves_placeholder,snapshots_are_placeholders,none_in_metadata
"train_18856_document_image",host_serves_placeholder+snapshots_are_placeholders,host_serves_placeholder,snapshots_are_placeholders,none_in_metadata
"train_18869_claim_image",host_serves_placeholder+no_snapshot,host_serves_placeholder,no_snapshot,none_in_metadata
"train_1886_document_image",blocked_403+snapshot_verdict,blocked_403,snapshot_verdict,none_in_metadata
"train_18876_claim_image",host_serves_placeholder+snapshot_furniture,host_serves_placeholder,snapshot_furniture,none_in_metadata
"train_18900_claim_image",host_serves_placeholder+snapshot_furniture,host_serves_placeholder,snapshot_furniture,none_in_metadata
"train_18907_document_image",host_serves_placeholder+snapshots_are_placeholders,host_serves_placeholder,snapshots_are_placeholders,none_in_metadata
"train_1890_claim_image",fetched_furniture+no_snapshot,fetched_furniture,no_snapshot,none_in_metadata
"train_18915_claim_image",blocked_403+snapshot_verdict,blocked_403,snapshot_verdict,none_in_metadata
"train_18924_document_image",host_serves_placeholder+snapshots_are_placeholders,host_serves_placeholder,snapshots_are_placeholders,none_in_metadata
"train_18931_document_image",blocked_403+no_snapshot,blocked_403,no_snapshot,none_in_metadata
"train_18955_document_image",blocked_403+no_snapshot,blocked_403,no_snapshot,none_in_metadata
"train_18963_document_image",host_serves_placeholder+no_snapshot,host_serves_placeholder,no_snapshot,none_in_metadata
"train_1896_claim_image",host_serves_placeholder+no_snapshot,host_serves_placeholder,no_snapshot,none_in_metadata
"train_18970_claim_image",host_serves_placeholder+snapshots_are_placeholders,host_serves_placeholder,snapshots_are_placeholders,none_in_metadata
"train_18979_document_image",blocked_403+no_snapshot,blocked_403,no_snapshot,none_in_metadata
"train_18980_document_image",host_serves_placeholder+no_snapshot,host_serves_placeholder,no_snapshot,none_in_metadata
"train_18996_claim_image",host_serves_placeholder+snapshots_are_placeholders,host_serves_placeholder,snapshots_are_placeholders,none_in_metadata
"train_18996_document_image",blocked_403+snapshot_verdict,blocked_403,snapshot_verdict,none_in_metadata
"train_1899_document_image",host_serves_placeholder+snapshots_are_placeholders,host_serves_placeholder,snapshots_are_placeholders,none_in_metadata
"train_19024_document_image",host_serves_placeholder+no_snapshot,host_serves_placeholder,no_snapshot,none_in_metadata
"train_19028_document_image",host_serves_placeholder+snapshots_are_placeholders,host_serves_placeholder,snapshots_are_placeholders,none_in_metadata
"train_19038_document_image",host_serves_placeholder+snapshots_are_placeholders,host_serves_placeholder,snapshots_are_placeholders,none_in_metadata
"train_19042_document_image",host_serves_placeholder+snapshots_are_placeholders,host_serves_placeholder,snapshots_are_placeholders,none_in_metadata
"train_19054_document_image",host_serves_placeholder+snapshots_are_placeholders,host_serves_placeholder,snapshots_are_placeholders,none_in_metadata
"train_19057_claim_image",host_serves_placeholder+no_snapshot,host_serves_placeholder,no_snapshot,none_in_metadata
"train_19058_document_image",host_serves_placeholder+no_snapshot,host_serves_placeholder,no_snapshot,none_in_metadata
"train_19065_claim_image",host_serves_placeholder+snapshot_verdict,host_serves_placeholder,snapshot_verdict,none_in_metadata
"train_19072_document_image",host_serves_placeholder+snapshots_are_placeholders,host_serves_placeholder,snapshots_are_placeholders,none_in_metadata
"train_19073_document_image",blocked_403+snapshot_verdict,blocked_403,snapshot_verdict,none_in_metadata
"train_19082_document_image",host_serves_placeholder+no_snapshot,host_serves_placeholder,no_snapshot,none_in_metadata
"train_19092_document_image",host_serves_placeholder+no_snapshot,host_serves_placeholder,no_snapshot,none_in_metadata
"train_19100_document_image",blocked_403+no_snapshot,blocked_403,no_snapshot,none_in_metadata
"train_19115_document_image",host_serves_placeholder+no_snapshot,host_serves_placeholder,no_snapshot,none_in_metadata
"train_19123_claim_image",host_serves_placeholder+snapshot_furniture,host_serves_placeholder,snapshot_furniture,none_in_metadata
"train_19135_document_image",host_serves_placeholder+no_snapshot,host_serves_placeholder,no_snapshot,none_in_metadata
"train_19149_document_image",blocked_403+no_snapshot,blocked_403,no_snapshot,none_in_metadata
"train_19153_claim_image",host_serves_placeholder+snapshots_are_placeholders,host_serves_placeholder,snapshots_are_placeholders,none_in_metadata
"train_19157_claim_image",host_serves_placeholder+snapshot_furniture,host_serves_placeholder,snapshot_furniture,none_in_metadata
"train_19167_document_image",host_serves_placeholder+snapshots_are_placeholders,host_serves_placeholder,snapshots_are_placeholders,none_in_metadata
"train_1916_document_image",host_serves_placeholder+snapshots_are_placeholders,host_serves_placeholder,snapshots_are_placeholders,none_in_metadata
"train_19172_claim_image",host_serves_placeholder+snapshot_furniture,host_serves_placeholder,snapshot_furniture,none_in_metadata
"train_19181_document_image",host_serves_placeholder+no_snapshot,host_serves_placeholder,no_snapshot,none_in_metadata
"train_19189_document_image",host_serves_placeholder+no_snapshot,host_serves_placeholder,no_snapshot,none_in_metadata
"train_19194_document_image",host_serves_placeholder+no_snapshot,host_serves_placeholder,no_snapshot,none_in_metadata
"train_19199_document_image",host_serves_placeholder+snapshots_are_placeholders,host_serves_placeholder,snapshots_are_placeholders,none_in_metadata
"train_19212_document_image",host_serves_placeholder+no_snapshot,host_serves_placeholder,no_snapshot,none_in_metadata
"train_19217_document_image",host_serves_placeholder+snapshots_are_placeholders,host_serves_placeholder,snapshots_are_placeholders,none_in_metadata
"train_19235_claim_image",host_serves_placeholder+no_snapshot,host_serves_placeholder,no_snapshot,none_in_metadata
"train_19258_claim_image",blocked_403+no_snapshot,blocked_403,no_snapshot,none_in_metadata
"train_19258_document_image",blocked_403+no_snapshot,blocked_403,no_snapshot,none_in_metadata
"train_19271_document_image",host_serves_placeholder+snapshots_are_placeholders,host_serves_placeholder,snapshots_are_placeholders,none_in_metadata
"train_19276_document_image",host_serves_placeholder+no_snapshot,host_serves_placeholder,no_snapshot,none_in_metadata
"train_19279_claim_image",host_serves_placeholder+snapshots_are_placeholders,host_serves_placeholder,snapshots_are_placeholders,none_in_metadata
"train_19287_document_image",host_serves_placeholder+snapshots_are_placeholders,host_serves_placeholder,snapshots_are_placeholders,none_in_metadata
"train_1928_claim_image",host_serves_placeholder+no_snapshot,host_serves_placeholder,no_snapshot,none_in_metadata
"train_19292_document_image",blocked_403+no_snapshot,blocked_403,no_snapshot,none_in_metadata
"train_19295_claim_image",host_serves_placeholder+no_snapshot,host_serves_placeholder,no_snapshot,none_in_metadata
"train_19296_document_image",blocked_403+snapshot_verdict,blocked_403,snapshot_verdict,none_in_metadata
"train_19315_document_image",host_serves_placeholder+no_snapshot,host_serves_placeholder,no_snapshot,none_in_metadata
"train_19319_claim_image",host_serves_placeholder+snapshots_are_placeholders,host_serves_placeholder,snapshots_are_placeholders,none_in_metadata
"train_19321_document_image",host_serves_placeholder+no_snapshot,host_serves_placeholder,no_snapshot,none_in_metadata
"train_19323_document_image",blocked_403+no_snapshot,blocked_403,no_snapshot,none_in_metadata
"train_19331_claim_image",fetched_furniture+no_snapshot,fetched_furniture,no_snapshot,none_in_metadata
"train_19332_claim_image",gone_404+no_snapshot,gone_404,no_snapshot,none_in_metadata
"train_1935_claim_image",fetched_furniture+no_snapshot,fetched_furniture,no_snapshot,none_in_metadata
"train_19365_claim_image",host_serves_placeholder+snapshots_are_placeholders,host_serves_placeholder,snapshots_are_placeholders,none_in_metadata
"train_19376_claim_image",host_serves_placeholder+snapshots_are_placeholders,host_serves_placeholder,snapshots_are_placeholders,none_in_metadata
"train_19395_claim_image",host_serves_placeholder+snapshots_are_placeholders,host_serves_placeholder,snapshots_are_placeholders,none_in_metadata
"train_19398_document_image",host_serves_placeholder+no_snapshot,host_serves_placeholder,no_snapshot,none_in_metadata
"train_19416_document_image",host_serves_placeholder+no_snapshot,host_serves_placeholder,no_snapshot,none_in_metadata
"train_19417_document_image",blocked_403+no_snapshot,blocked_403,no_snapshot,none_in_metadata
"train_19421_document_image",host_serves_placeholder+snapshots_are_placeholders,host_serves_placeholder,snapshots_are_placeholders,none_in_metadata
"train_19440_document_image",host_serves_placeholder+snapshots_are_placeholders,host_serves_placeholder,snapshots_are_placeholders,none_in_metadata
"train_19441_claim_image",host_serves_placeholder+snapshots_are_placeholders,host_serves_placeholder,snapshots_are_placeholders,none_in_metadata
"train_19443_document_image",host_serves_placeholder+no_snapshot,host_serves_placeholder,no_snapshot,none_in_metadata
"train_19455_document_image",host_serves_placeholder+no_snapshot,host_serves_placeholder,no_snapshot,none_in_metadata
"train_19464_claim_image",fetched_furniture+no_snapshot,fetched_furniture,no_snapshot,none_in_metadata
"train_19465_document_image",host_serves_placeholder+no_snapshot,host_serves_placeholder,no_snapshot,none_in_metadata
"train_19469_claim_image",blocked_403+no_snapshot,blocked_403,no_snapshot,none_in_metadata
"train_19475_document_image",host_serves_placeholder+snapshots_are_placeholders,host_serves_placeholder,snapshots_are_placeholders,none_in_metadata
"train_19479_document_image",host_serves_placeholder+snapshots_are_placeholders,host_serves_placeholder,snapshots_are_placeholders,none_in_metadata
"train_19509_document_image",host_serves_placeholder+snapshots_are_placeholders,host_serves_placeholder,snapshots_are_placeholders,none_in_metadata
"train_19517_document_image",host_serves_placeholder+no_snapshot,host_serves_placeholder,no_snapshot,none_in_metadata
"train_19519_document_image",blocked_403+no_snapshot,blocked_403,no_snapshot,none_in_metadata
"train_19522_claim_image",blocked_403+snapshot_verdict,blocked_403,snapshot_verdict,none_in_metadata
"train_19540_document_image",blocked_403+no_snapshot,blocked_403,no_snapshot,none_in_metadata
"train_19553_document_image",host_serves_placeholder+snapshots_are_placeholders,host_serves_placeholder,snapshots_are_placeholders,none_in_metadata
"train_19555_document_image",host_serves_placeholder+snapshots_are_placeholders,host_serves_placeholder,snapshots_are_placeholders,none_in_metadata
"train_19558_claim_image",blocked_403+snapshot_verdict,blocked_403,snapshot_verdict,none_in_metadata
"train_19561_claim_image",fetched_furniture+no_snapshot,fetched_furniture,no_snapshot,none_in_metadata
"train_19564_document_image",host_serves_placeholder+no_snapshot,host_serves_placeholder,no_snapshot,none_in_metadata
"train_19581_document_image",host_serves_placeholder+snapshots_are_placeholders,host_serves_placeholder,snapshots_are_placeholders,none_in_metadata
"train_19587_document_image",host_serves_placeholder+no_snapshot,host_serves_placeholder,no_snapshot,none_in_metadata
"train_19614_claim_image",host_serves_placeholder+snapshots_are_placeholders,host_serves_placeholder,snapshots_are_placeholders,none_in_metadata
"train_19620_document_image",host_serves_placeholder+snapshots_are_placeholders,host_serves_placeholder,snapshots_are_placeholders,none_in_metadata
"train_19638_claim_image",blocked_403+snapshot_verdict,blocked_403,snapshot_verdict,none_in_metadata
"train_19639_document_image",blocked_403+no_snapshot,blocked_403,no_snapshot,none_in_metadata
"train_19643_document_image",host_serves_placeholder+snapshots_are_placeholders,host_serves_placeholder,snapshots_are_placeholders,none_in_metadata
"train_19646_claim_image",host_serves_placeholder+no_snapshot,host_serves_placeholder,no_snapshot,none_in_metadata
"train_19647_claim_image",host_serves_non_image+no_snapshot,host_serves_non_image,no_snapshot,none_in_metadata
"train_19649_document_image",blocked_403+no_snapshot,blocked_403,no_snapshot,none_in_metadata
"train_19661_document_image",host_serves_placeholder+snapshot_verdict,host_serves_placeholder,snapshot_verdict,none_in_metadata
"train_19664_document_image",host_serves_placeholder+no_snapshot,host_serves_placeholder,no_snapshot,none_in_metadata
"train_19665_document_image",host_serves_placeholder+no_snapshot,host_serves_placeholder,no_snapshot,none_in_metadata
"train_19674_document_image",host_serves_placeholder+no_snapshot,host_serves_placeholder,no_snapshot,none_in_metadata
"train_19686_document_image",host_serves_placeholder+snapshots_are_placeholders,host_serves_placeholder,snapshots_are_placeholders,none_in_metadata
"train_19705_document_image",blocked_403+no_snapshot,blocked_403,no_snapshot,none_in_metadata
"train_19706_document_image",host_serves_placeholder+no_snapshot,host_serves_placeholder,no_snapshot,none_in_metadata
"train_19707_claim_image",host_serves_placeholder+snapshots_are_placeholders,host_serves_placeholder,snapshots_are_placeholders,none_in_metadata
"train_19715_document_image",host_serves_placeholder+snapshots_are_placeholders,host_serves_placeholder,snapshots_are_placeholders,none_in_metadata
"train_1971_document_image",host_serves_placeholder+snapshots_are_placeholders,host_serves_placeholder,snapshots_are_placeholders,none_in_metadata
"train_19723_claim_image",fetched_furniture+no_snapshot,fetched_furniture,no_snapshot,none_in_metadata
"train_19732_document_image",blocked_403+no_snapshot,blocked_403,no_snapshot,none_in_metadata
"train_19735_document_image",blocked_403+no_snapshot,blocked_403,no_snapshot,none_in_metadata
"train_19736_claim_image",blocked_403+snapshot_verdict,blocked_403,snapshot_verdict,none_in_metadata
"train_19738_document_image",host_serves_placeholder+no_snapshot,host_serves_placeholder,no_snapshot,none_in_metadata
"train_19745_document_image",host_serves_placeholder+snapshots_are_placeholders,host_serves_placeholder,snapshots_are_placeholders,none_in_metadata
"train_19746_claim_image",host_serves_placeholder+no_snapshot,host_serves_placeholder,no_snapshot,none_in_metadata
"train_1974_claim_image",blocked_403+snapshot_verdict,blocked_403,snapshot_verdict,none_in_metadata
"train_1974_document_image",blocked_403+no_snapshot,blocked_403,no_snapshot,none_in_metadata
"train_19753_claim_image",blocked_403+snapshot_verdict,blocked_403,snapshot_verdict,none_in_metadata
"train_19753_document_image",blocked_403+snapshot_verdict,blocked_403,snapshot_verdict,none_in_metadata
"train_19759_claim_image",refused_http_406+no_snapshot,refused_http_406,no_snapshot,none_in_metadata
"train_19782_document_image",host_serves_placeholder+snapshots_are_placeholders,host_serves_placeholder,snapshots_are_placeholders,none_in_metadata
"train_19785_document_image",host_serves_placeholder+snapshots_are_placeholders,host_serves_placeholder,snapshots_are_placeholders,none_in_metadata
"train_19806_document_image",host_serves_placeholder+snapshots_are_placeholders,host_serves_placeholder,snapshots_are_placeholders,none_in_metadata
"train_19808_claim_image",host_serves_placeholder+snapshots_are_placeholders,host_serves_placeholder,snapshots_are_placeholders,none_in_metadata
"train_19811_claim_image",host_serves_placeholder+snapshot_furniture,host_serves_placeholder,snapshot_furniture,none_in_metadata
"train_19819_claim_image",host_serves_placeholder+no_snapshot,host_serves_placeholder,no_snapshot,none_in_metadata
"train_19833_claim_image",host_serves_placeholder+snapshot_furniture,host_serves_placeholder,snapshot_furniture,none_in_metadata
"train_19834_document_image",blocked_403+no_snapshot,blocked_403,no_snapshot,none_in_metadata
"train_19836_document_image",blocked_403+no_snapshot,blocked_403,no_snapshot,none_in_metadata
"train_19848_claim_image",host_serves_placeholder+snapshot_furniture,host_serves_placeholder,snapshot_furniture,none_in_metadata
"train_19854_claim_image",blocked_403+no_snapshot,blocked_403,no_snapshot,none_in_metadata
"train_19854_document_image",blocked_403+no_snapshot,blocked_403,no_snapshot,none_in_metadata
"train_19868_document_image",host_serves_placeholder+snapshots_are_placeholders,host_serves_placeholder,snapshots_are_placeholders,none_in_metadata
"train_19871_document_image",blocked_403+no_snapshot,blocked_403,no_snapshot,none_in_metadata
"train_19883_document_image",host_serves_placeholder+snapshots_are_placeholders,host_serves_placeholder,snapshots_are_placeholders,none_in_metadata
"train_19891_document_image",blocked_403+no_snapshot,blocked_403,no_snapshot,none_in_metadata
"train_19897_document_image",host_serves_placeholder+snapshots_are_placeholders,host_serves_placeholder,snapshots_are_placeholders,none_in_metadata
"train_19905_document_image",host_serves_placeholder+snapshots_are_placeholders,host_serves_placeholder,snapshots_are_placeholders,none_in_metadata
"train_19913_claim_image",blocked_403+no_snapshot,blocked_403,no_snapshot,none_in_metadata
"train_19913_document_image",blocked_403+no_snapshot,blocked_403,no_snapshot,none_in_metadata
"train_1991_document_image",host_serves_placeholder+no_snapshot,host_serves_placeholder,no_snapshot,none_in_metadata
"train_19937_claim_image",host_serves_placeholder+no_snapshot,host_serves_placeholder,no_snapshot,none_in_metadata
"train_19944_document_image",blocked_403+snapshot_verdict,blocked_403,snapshot_verdict,none_in_metadata
"train_19959_document_image",blocked_403+no_snapshot,blocked_403,no_snapshot,none_in_metadata
"train_19971_claim_image",host_serves_placeholder+no_snapshot,host_serves_placeholder,no_snapshot,none_in_metadata
"train_19976_document_image",host_serves_placeholder+no_snapshot,host_serves_placeholder,no_snapshot,none_in_metadata
"train_19986_document_image",host_serves_placeholder+no_snapshot,host_serves_placeholder,no_snapshot,none_in_metadata
"train_19988_document_image",host_serves_placeholder+snapshots_are_placeholders,host_serves_placeholder,snapshots_are_placeholders,none_in_metadata
"train_20010_document_image",host_serves_placeholder+snapshot_furniture,host_serves_placeholder,snapshot_furniture,none_in_metadata
"train_20019_document_image",blocked_403+no_snapshot,blocked_403,no_snapshot,none_in_metadata
"train_20023_document_image",blocked_403+no_snapshot,blocked_403,no_snapshot,none_in_metadata
"train_20040_document_image",host_serves_placeholder+no_snapshot,host_serves_placeholder,no_snapshot,none_in_metadata
"train_20042_document_image",blocked_403+no_snapshot,blocked_403,no_snapshot,none_in_metadata
"train_20049_document_image",host_serves_placeholder+no_snapshot,host_serves_placeholder,no_snapshot,none_in_metadata
"train_20061_document_image",host_serves_placeholder+no_snapshot,host_serves_placeholder,no_snapshot,none_in_metadata
"train_20064_document_image",host_serves_placeholder+no_snapshot,host_serves_placeholder,no_snapshot,none_in_metadata
"train_20065_claim_image",host_serves_placeholder+no_snapshot,host_serves_placeholder,no_snapshot,none_in_metadata
"train_2006_claim_image",host_serves_placeholder+no_snapshot,host_serves_placeholder,no_snapshot,none_in_metadata
"train_20075_claim_image",refused_http_400+no_snapshot,refused_http_400,no_snapshot,none_in_metadata
"train_20075_document_image",blocked_403+no_snapshot,blocked_403,no_snapshot,none_in_metadata
"train_20081_document_image",blocked_403+no_snapshot,blocked_403,no_snapshot,none_in_metadata
"train_20092_document_image",host_serves_placeholder+no_snapshot,host_serves_placeholder,no_snapshot,none_in_metadata
"train_20096_document_image",host_serves_placeholder+snapshots_are_placeholders,host_serves_placeholder,snapshots_are_placeholders,none_in_metadata
"train_20098_claim_image",host_serves_placeholder+snapshots_are_placeholders,host_serves_placeholder,snapshots_are_placeholders,none_in_metadata
"train_20105_document_image",host_serves_placeholder+snapshot_verdict,host_serves_placeholder,snapshot_verdict,none_in_metadata
"train_20106_document_image",blocked_403+no_snapshot,blocked_403,no_snapshot,none_in_metadata
"train_20110_document_image",host_serves_placeholder+no_snapshot,host_serves_placeholder,no_snapshot,none_in_metadata
"train_20124_document_image",host_serves_placeholder+no_snapshot,host_serves_placeholder,no_snapshot,none_in_metadata
"train_20134_document_image",host_serves_placeholder+snapshots_are_placeholders,host_serves_placeholder,snapshots_are_placeholders,none_in_metadata
"train_20136_document_image",host_serves_placeholder+no_snapshot,host_serves_placeholder,no_snapshot,none_in_metadata
"train_20144_document_image",host_serves_placeholder+snapshots_are_placeholders,host_serves_placeholder,snapshots_are_placeholders,none_in_metadata
"train_20166_document_image",blocked_403+no_snapshot,blocked_403,no_snapshot,none_in_metadata
"train_20168_document_image",host_serves_placeholder+snapshots_are_placeholders,host_serves_placeholder,snapshots_are_placeholders,none_in_metadata
"train_2016_document_image",host_serves_placeholder+no_snapshot,host_serves_placeholder,no_snapshot,none_in_metadata
"train_20172_document_image",blocked_403+no_snapshot,blocked_403,no_snapshot,none_in_metadata
"train_20174_document_image",host_serves_placeholder+no_snapshot,host_serves_placeholder,no_snapshot,none_in_metadata
"train_20182_document_image",host_serves_placeholder+snapshot_furniture,host_serves_placeholder,snapshot_furniture,none_in_metadata
"train_20187_document_image",host_serves_placeholder+no_snapshot,host_serves_placeholder,no_snapshot,none_in_metadata
"train_20199_claim_image",host_serves_placeholder+snapshots_are_placeholders,host_serves_placeholder,snapshots_are_placeholders,none_in_metadata
"train_20211_document_image",host_serves_placeholder+no_snapshot,host_serves_placeholder,no_snapshot,none_in_metadata
"train_2021_claim_image",fetched_furniture+no_snapshot,fetched_furniture,no_snapshot,none_in_metadata
"train_2022_claim_image",host_serves_placeholder+snapshots_are_placeholders,host_serves_placeholder,snapshots_are_placeholders,none_in_metadata
"train_2025_document_image",host_serves_placeholder+no_snapshot,host_serves_placeholder,no_snapshot,none_in_metadata
"train_20266_document_image",host_serves_placeholder+snapshots_are_placeholders,host_serves_placeholder,snapshots_are_placeholders,none_in_metadata
"train_2026_claim_image",gone_404+no_snapshot,gone_404,no_snapshot,none_in_metadata
"train_2026_document_image",blocked_403+no_snapshot,blocked_403,no_snapshot,none_in_metadata
"train_20284_claim_image",host_serves_placeholder+snapshot_furniture,host_serves_placeholder,snapshot_furniture,none_in_metadata
"train_20288_document_image",host_serves_placeholder+snapshot_verdict,host_serves_placeholder,snapshot_verdict,none_in_metadata
"train_20306_document_image",host_serves_placeholder+no_snapshot,host_serves_placeholder,no_snapshot,none_in_metadata
"train_20309_document_image",host_serves_placeholder+snapshots_are_placeholders,host_serves_placeholder,snapshots_are_placeholders,none_in_metadata
"train_20312_document_image",host_serves_placeholder+snapshots_are_placeholders,host_serves_placeholder,snapshots_are_placeholders,none_in_metadata
"train_2031_claim_image",blocked_403+no_snapshot,blocked_403,no_snapshot,none_in_metadata
"train_20328_claim_image",gone_404+no_snapshot,gone_404,no_snapshot,none_in_metadata
"train_20344_document_image",host_serves_placeholder+snapshots_are_placeholders,host_serves_placeholder,snapshots_are_placeholders,none_in_metadata
"train_20359_document_image",host_serves_placeholder+no_snapshot,host_serves_placeholder,no_snapshot,none_in_metadata
"train_20364_document_image",host_serves_placeholder+snapshot_furniture,host_serves_placeholder,snapshot_furniture,none_in_metadata
"train_20367_claim_image",host_serves_placeholder+no_snapshot,host_serves_placeholder,no_snapshot,none_in_metadata
"train_20382_document_image",host_serves_placeholder+no_snapshot,host_serves_placeholder,no_snapshot,none_in_metadata
"train_20386_claim_image",blocked_403+no_snapshot,blocked_403,no_snapshot,none_in_metadata
"train_20397_claim_image",host_serves_placeholder+snapshots_are_placeholders,host_serves_placeholder,snapshots_are_placeholders,none_in_metadata
"train_20397_document_image",blocked_403+no_snapshot,blocked_403,no_snapshot,none_in_metadata
"train_20399_document_image",host_serves_placeholder+snapshots_are_placeholders,host_serves_placeholder,snapshots_are_placeholders,none_in_metadata
"train_20418_document_image",blocked_403+no_snapshot,blocked_403,no_snapshot,none_in_metadata
"train_20425_document_image",host_serves_placeholder+no_snapshot,host_serves_placeholder,no_snapshot,none_in_metadata
"train_20431_document_image",host_serves_placeholder+no_snapshot,host_serves_placeholder,no_snapshot,none_in_metadata
"train_2043_document_image",host_serves_placeholder+snapshots_are_placeholders,host_serves_placeholder,snapshots_are_placeholders,none_in_metadata
"train_20441_document_image",host_serves_placeholder+snapshots_are_placeholders,host_serves_placeholder,snapshots_are_placeholders,none_in_metadata
"train_20442_document_image",blocked_403+no_snapshot,blocked_403,no_snapshot,none_in_metadata
"train_2044_document_image",host_serves_placeholder+snapshots_are_placeholders,host_serves_placeholder,snapshots_are_placeholders,none_in_metadata
"train_20450_document_image",host_serves_placeholder+no_snapshot,host_serves_placeholder,no_snapshot,none_in_metadata
"train_20451_document_image",host_serves_placeholder+snapshot_verdict,host_serves_placeholder,snapshot_verdict,none_in_metadata
"train_20452_document_image",host_serves_placeholder+no_snapshot,host_serves_placeholder,no_snapshot,none_in_metadata
"train_20463_claim_image",host_serves_placeholder+snapshot_furniture,host_serves_placeholder,snapshot_furniture,none_in_metadata
"train_20466_claim_image",host_serves_placeholder+snapshot_furniture,host_serves_placeholder,snapshot_furniture,none_in_metadata
"train_20470_document_image",host_serves_placeholder+snapshot_verdict,host_serves_placeholder,snapshot_verdict,none_in_metadata
"train_20480_document_image",host_serves_placeholder+no_snapshot,host_serves_placeholder,no_snapshot,none_in_metadata
"train_20487_document_image",host_serves_placeholder+snapshots_are_placeholders,host_serves_placeholder,snapshots_are_placeholders,none_in_metadata
"train_20494_document_image",blocked_403+no_snapshot,blocked_403,no_snapshot,none_in_metadata
"train_20496_claim_image",host_serves_placeholder+snapshots_are_placeholders,host_serves_placeholder,snapshots_are_placeholders,none_in_metadata
"train_20501_document_image",host_serves_placeholder+no_snapshot,host_serves_placeholder,no_snapshot,none_in_metadata
"train_20517_document_image",host_serves_placeholder+snapshots_are_placeholders,host_serves_placeholder,snapshots_are_placeholders,none_in_metadata
"train_20545_document_image",host_serves_placeholder+snapshots_are_placeholders,host_serves_placeholder,snapshots_are_placeholders,none_in_metadata
"train_20555_document_image",host_serves_placeholder+snapshots_are_placeholders,host_serves_placeholder,snapshots_are_placeholders,none_in_metadata
"train_20556_claim_image",blocked_403+snapshot_verdict,blocked_403,snapshot_verdict,none_in_metadata
"train_20568_claim_image",blocked_403+no_snapshot,blocked_403,no_snapshot,none_in_metadata
"train_20591_document_image",blocked_403+no_snapshot,blocked_403,no_snapshot,none_in_metadata
"train_205_claim_image",blocked_403+snapshot_verdict,blocked_403,snapshot_verdict,none_in_metadata
"train_20601_document_image",host_serves_placeholder+snapshots_are_placeholders,host_serves_placeholder,snapshots_are_placeholders,none_in_metadata
"train_20606_claim_image",host_serves_placeholder+snapshot_furniture,host_serves_placeholder,snapshot_furniture,none_in_metadata
"train_20615_claim_image",host_serves_placeholder+snapshots_are_placeholders,host_serves_placeholder,snapshots_are_placeholders,none_in_metadata
"train_20647_document_image",host_serves_placeholder+no_snapshot,host_serves_placeholder,no_snapshot,none_in_metadata
"train_20666_claim_image",host_serves_placeholder+no_snapshot,host_serves_placeholder,no_snapshot,none_in_metadata
"train_2067_document_image",blocked_403+no_snapshot,blocked_403,no_snapshot,none_in_metadata
"train_20696_document_image",blocked_403+no_snapshot,blocked_403,no_snapshot,none_in_metadata
"train_20697_claim_image",fetched_furniture+no_snapshot,fetched_furniture,no_snapshot,none_in_metadata
"train_20708_claim_image",host_serves_placeholder+snapshots_are_placeholders,host_serves_placeholder,snapshots_are_placeholders,none_in_metadata
"train_20714_claim_image",host_serves_placeholder+snapshot_furniture,host_serves_placeholder,snapshot_furniture,none_in_metadata
"train_20718_document_image",blocked_403+no_snapshot,blocked_403,no_snapshot,none_in_metadata
"train_20739_document_image",blocked_403+snapshot_verdict,blocked_403,snapshot_verdict,none_in_metadata
"train_20741_claim_image",host_serves_placeholder+no_snapshot,host_serves_placeholder,no_snapshot,none_in_metadata
"train_20750_document_image",blocked_403+no_snapshot,blocked_403,no_snapshot,none_in_metadata
"train_20768_claim_image",host_serves_placeholder+snapshots_are_placeholders,host_serves_placeholder,snapshots_are_placeholders,none_in_metadata
"train_20778_document_image",host_serves_placeholder+no_snapshot,host_serves_placeholder,no_snapshot,none_in_metadata
"train_20780_document_image",host_serves_placeholder+snapshot_verdict,host_serves_placeholder,snapshot_verdict,none_in_metadata
"train_20781_claim_image",host_serves_placeholder+snapshots_are_placeholders,host_serves_placeholder,snapshots_are_placeholders,none_in_metadata
"train_20785_document_image",blocked_403+no_snapshot,blocked_403,no_snapshot,none_in_metadata
"train_20791_document_image",blocked_403+no_snapshot,blocked_403,no_snapshot,none_in_metadata
"train_2080_document_image",host_serves_placeholder+no_snapshot,host_serves_placeholder,no_snapshot,none_in_metadata
"train_20824_document_image",blocked_403+no_snapshot,blocked_403,no_snapshot,none_in_metadata
"train_20842_document_image",host_serves_placeholder+no_snapshot,host_serves_placeholder,no_snapshot,none_in_metadata
"train_20853_document_image",host_serves_placeholder+no_snapshot,host_serves_placeholder,no_snapshot,none_in_metadata
"train_20877_document_image",blocked_403+no_snapshot,blocked_403,no_snapshot,none_in_metadata
"train_20885_document_image",blocked_403+no_snapshot,blocked_403,no_snapshot,none_in_metadata
"train_20888_claim_image",host_serves_placeholder+no_snapshot,host_serves_placeholder,no_snapshot,none_in_metadata
"train_20902_claim_image",host_serves_placeholder+snapshots_are_placeholders,host_serves_placeholder,snapshots_are_placeholders,none_in_metadata
"train_20906_claim_image",host_serves_placeholder+snapshot_furniture,host_serves_placeholder,snapshot_furniture,none_in_metadata
"train_20912_claim_image",fetched_furniture+no_snapshot,fetched_furniture,no_snapshot,none_in_metadata
"train_20963_claim_image",fetched_furniture+no_snapshot,fetched_furniture,no_snapshot,none_in_metadata
"train_20971_claim_image",host_serves_placeholder+snapshot_furniture,host_serves_placeholder,snapshot_furniture,none_in_metadata
"train_20972_document_image",host_serves_placeholder+no_snapshot,host_serves_placeholder,no_snapshot,none_in_metadata
"train_20973_document_image",host_serves_placeholder+snapshots_are_placeholders,host_serves_placeholder,snapshots_are_placeholders,none_in_metadata
"train_20984_document_image",host_serves_placeholder+no_snapshot,host_serves_placeholder,no_snapshot,none_in_metadata
"train_20999_claim_image",host_serves_placeholder+no_snapshot,host_serves_placeholder,no_snapshot,none_in_metadata
"train_21001_document_image",host_serves_placeholder+no_snapshot,host_serves_placeholder,no_snapshot,none_in_metadata
"train_21011_document_image",blocked_403+no_snapshot,blocked_403,no_snapshot,none_in_metadata
"train_21019_claim_image",fetched_furniture+snapshots_are_placeholders,fetched_furniture,snapshots_are_placeholders,none_in_metadata
"train_21025_document_image",host_serves_placeholder+snapshots_are_placeholders,host_serves_placeholder,snapshots_are_placeholders,none_in_metadata
"train_21032_document_image",blocked_403+no_snapshot,blocked_403,no_snapshot,none_in_metadata
"train_21047_claim_image",fetched_furniture+no_snapshot,fetched_furniture,no_snapshot,none_in_metadata
"train_21064_claim_image",host_serves_placeholder+snapshots_are_placeholders,host_serves_placeholder,snapshots_are_placeholders,none_in_metadata
"train_21083_document_image",host_serves_placeholder+snapshots_are_placeholders,host_serves_placeholder,snapshots_are_placeholders,none_in_metadata
"train_21085_claim_image",host_serves_placeholder+snapshots_are_placeholders,host_serves_placeholder,snapshots_are_placeholders,none_in_metadata
"train_2108_claim_image",host_serves_placeholder+snapshot_furniture,host_serves_placeholder,snapshot_furniture,none_in_metadata
"train_21090_document_image",host_serves_placeholder+snapshots_are_placeholders,host_serves_placeholder,snapshots_are_placeholders,none_in_metadata
"train_21102_claim_image",refused_http_429+no_snapshot,refused_http_429,no_snapshot,none_in_metadata
"train_21110_document_image",host_serves_placeholder+no_snapshot,host_serves_placeholder,no_snapshot,none_in_metadata
"train_21125_document_image",host_serves_placeholder+snapshots_are_placeholders,host_serves_placeholder,snapshots_are_placeholders,none_in_metadata
"train_2112_document_image",host_serves_placeholder+no_snapshot,host_serves_placeholder,no_snapshot,none_in_metadata
"train_21180_document_image",host_serves_placeholder+snapshots_are_placeholders,host_serves_placeholder,snapshots_are_placeholders,none_in_metadata
"train_21187_document_image",host_serves_placeholder+no_snapshot,host_serves_placeholder,no_snapshot,none_in_metadata
"train_21192_document_image",blocked_403+no_snapshot,blocked_403,no_snapshot,none_in_metadata
"train_21195_document_image",host_serves_placeholder+snapshots_are_placeholders,host_serves_placeholder,snapshots_are_placeholders,none_in_metadata
"train_21197_document_image",host_serves_placeholder+snapshots_are_placeholders,host_serves_placeholder,snapshots_are_placeholders,none_in_metadata
"train_21221_document_image",host_serves_placeholder+no_snapshot,host_serves_placeholder,no_snapshot,none_in_metadata
"train_21229_claim_image",host_serves_placeholder+no_snapshot,host_serves_placeholder,no_snapshot,none_in_metadata
"train_2122_claim_image",blocked_403+no_snapshot,blocked_403,no_snapshot,none_in_metadata
"train_21232_claim_image",host_serves_placeholder+no_snapshot,host_serves_placeholder,no_snapshot,none_in_metadata
"train_21238_document_image",host_serves_placeholder+no_snapshot,host_serves_placeholder,no_snapshot,none_in_metadata
"train_21240_claim_image",fetched_furniture+no_snapshot,fetched_furniture,no_snapshot,none_in_metadata
"train_21246_claim_image",host_serves_placeholder+no_snapshot,host_serves_placeholder,no_snapshot,none_in_metadata
"train_21257_document_image",blocked_403+snapshot_verdict,blocked_403,snapshot_verdict,none_in_metadata
"train_21263_claim_image",host_serves_placeholder+snapshots_are_placeholders,host_serves_placeholder,snapshots_are_placeholders,none_in_metadata
"train_21264_claim_image",host_serves_placeholder+snapshot_furniture,host_serves_placeholder,snapshot_furniture,none_in_metadata
"train_21272_claim_image",host_serves_placeholder+snapshots_are_placeholders,host_serves_placeholder,snapshots_are_placeholders,none_in_metadata
"train_21276_document_image",host_serves_placeholder+snapshots_are_placeholders,host_serves_placeholder,snapshots_are_placeholders,none_in_metadata
"train_21283_claim_image",blocked_403+snapshot_verdict,blocked_403,snapshot_verdict,none_in_metadata
"train_21283_document_image",blocked_403+snapshot_verdict,blocked_403,snapshot_verdict,none_in_metadata
"train_21284_claim_image",host_serves_placeholder+snapshot_furniture,host_serves_placeholder,snapshot_furniture,none_in_metadata
"train_21293_document_image",host_serves_placeholder+no_snapshot,host_serves_placeholder,no_snapshot,none_in_metadata
"train_21296_claim_image",host_serves_placeholder+no_snapshot,host_serves_placeholder,no_snapshot,none_in_metadata
"train_21299_document_image",host_serves_placeholder+no_snapshot,host_serves_placeholder,no_snapshot,none_in_metadata
"train_21301_document_image",blocked_403+no_snapshot,blocked_403,no_snapshot,none_in_metadata
"train_21313_claim_image",host_serves_placeholder+snapshots_are_placeholders,host_serves_placeholder,snapshots_are_placeholders,none_in_metadata
"train_21331_document_image",host_serves_placeholder+snapshots_are_placeholders,host_serves_placeholder,snapshots_are_placeholders,none_in_metadata
"train_21338_document_image",blocked_403+no_snapshot,blocked_403,no_snapshot,none_in_metadata
"train_2134_claim_image",blocked_403+no_snapshot,blocked_403,no_snapshot,none_in_metadata
"train_21359_document_image",host_serves_placeholder+snapshots_are_placeholders,host_serves_placeholder,snapshots_are_placeholders,none_in_metadata
"train_21363_document_image",host_serves_placeholder+snapshots_are_placeholders,host_serves_placeholder,snapshots_are_placeholders,none_in_metadata
"train_21366_claim_image",host_serves_placeholder+snapshots_are_placeholders,host_serves_placeholder,snapshots_are_placeholders,none_in_metadata
"train_21366_document_image",host_serves_placeholder+snapshots_are_placeholders,host_serves_placeholder,snapshots_are_placeholders,none_in_metadata
"train_21378_document_image",host_serves_placeholder+snapshots_are_placeholders,host_serves_placeholder,snapshots_are_placeholders,none_in_metadata
"train_21380_document_image",blocked_403+no_snapshot,blocked_403,no_snapshot,none_in_metadata
"train_21382_claim_image",gone_404+snapshot_verdict,gone_404,snapshot_verdict,none_in_metadata
"train_21382_document_image",blocked_403+no_snapshot,blocked_403,no_snapshot,none_in_metadata
"train_21403_document_image",blocked_403+no_snapshot,blocked_403,no_snapshot,none_in_metadata
"train_21414_document_image",host_serves_placeholder+snapshots_are_placeholders,host_serves_placeholder,snapshots_are_placeholders,none_in_metadata
"train_21416_claim_image",blocked_403+snapshot_verdict,blocked_403,snapshot_verdict,none_in_metadata
"train_2141_document_image",host_serves_placeholder+no_snapshot,host_serves_placeholder,no_snapshot,none_in_metadata
"train_21423_claim_image",host_serves_placeholder+no_snapshot,host_serves_placeholder,no_snapshot,none_in_metadata
"train_21438_claim_image",blocked_403+snapshot_verdict,blocked_403,snapshot_verdict,none_in_metadata
"train_21440_claim_image",host_serves_placeholder+snapshot_furniture,host_serves_placeholder,snapshot_furniture,none_in_metadata
"train_21443_document_image",host_serves_placeholder+no_snapshot,host_serves_placeholder,no_snapshot,none_in_metadata
"train_21448_document_image",blocked_403+no_snapshot,blocked_403,no_snapshot,none_in_metadata
"train_21478_document_image",host_serves_placeholder+snapshots_are_placeholders,host_serves_placeholder,snapshots_are_placeholders,none_in_metadata
"train_21489_document_image",host_serves_placeholder+snapshots_are_placeholders,host_serves_placeholder,snapshots_are_placeholders,none_in_metadata
"train_21494_document_image",host_serves_placeholder+no_snapshot,host_serves_placeholder,no_snapshot,none_in_metadata
"train_21499_claim_image",host_serves_placeholder+snapshot_furniture,host_serves_placeholder,snapshot_furniture,none_in_metadata
"train_2149_document_image",blocked_403+no_snapshot,blocked_403,no_snapshot,none_in_metadata
"train_21500_document_image",blocked_403+snapshot_verdict,blocked_403,snapshot_verdict,none_in_metadata
"train_21505_document_image",blocked_403+snapshot_verdict,blocked_403,snapshot_verdict,none_in_metadata
"train_21531_document_image",host_serves_placeholder+no_snapshot,host_serves_placeholder,no_snapshot,none_in_metadata
"train_21540_claim_image",host_serves_placeholder+no_snapshot,host_serves_placeholder,no_snapshot,none_in_metadata
"train_21551_document_image",host_serves_placeholder+snapshots_are_placeholders,host_serves_placeholder,snapshots_are_placeholders,none_in_metadata
"train_21553_claim_image",blocked_403+snapshot_verdict,blocked_403,snapshot_verdict,none_in_metadata
"train_21553_document_image",blocked_403+no_snapshot,blocked_403,no_snapshot,none_in_metadata
"train_21555_document_image",host_serves_placeholder+snapshots_are_placeholders,host_serves_placeholder,snapshots_are_placeholders,none_in_metadata
"train_21566_claim_image",host_serves_placeholder+snapshots_are_placeholders,host_serves_placeholder,snapshots_are_placeholders,none_in_metadata
"train_21571_document_image",blocked_403+no_snapshot,blocked_403,no_snapshot,none_in_metadata
"train_2157_document_image",host_serves_placeholder+no_snapshot,host_serves_placeholder,no_snapshot,none_in_metadata
"train_21584_document_image",blocked_403+no_snapshot,blocked_403,no_snapshot,none_in_metadata
"train_21586_claim_image",host_serves_placeholder+no_snapshot,host_serves_placeholder,no_snapshot,none_in_metadata
"train_2158_document_image",host_serves_placeholder+snapshots_are_placeholders,host_serves_placeholder,snapshots_are_placeholders,none_in_metadata
"train_21624_claim_image",host_serves_placeholder+snapshot_furniture,host_serves_placeholder,snapshot_furniture,none_in_metadata
"train_21628_document_image",blocked_403+no_snapshot,blocked_403,no_snapshot,none_in_metadata
"train_21654_claim_image",dns_failure+no_snapshot,dns_failure,no_snapshot,none_in_metadata
"train_21654_document_image",blocked_403+no_snapshot,blocked_403,no_snapshot,none_in_metadata
"train_21666_claim_image",host_serves_placeholder+no_snapshot,host_serves_placeholder,no_snapshot,none_in_metadata
"train_21671_document_image",host_serves_placeholder+no_snapshot,host_serves_placeholder,no_snapshot,none_in_metadata
"train_21707_claim_image",refused_http_406+no_snapshot,refused_http_406,no_snapshot,none_in_metadata
"train_21711_document_image",host_serves_placeholder+snapshot_furniture,host_serves_placeholder,snapshot_furniture,none_in_metadata
"train_21715_document_image",host_serves_placeholder+snapshots_are_placeholders,host_serves_placeholder,snapshots_are_placeholders,none_in_metadata
"train_21717_claim_image",host_serves_placeholder+no_snapshot,host_serves_placeholder,no_snapshot,none_in_metadata
"train_21722_claim_image",host_serves_placeholder+no_snapshot,host_serves_placeholder,no_snapshot,none_in_metadata
"train_21726_claim_image",host_serves_placeholder+snapshots_are_placeholders,host_serves_placeholder,snapshots_are_placeholders,none_in_metadata
"train_21733_document_image",host_serves_placeholder+snapshots_are_placeholders,host_serves_placeholder,snapshots_are_placeholders,none_in_metadata
"train_21747_document_image",blocked_403+snapshot_verdict,blocked_403,snapshot_verdict,none_in_metadata
"train_21749_document_image",host_serves_placeholder+snapshots_are_placeholders,host_serves_placeholder,snapshots_are_placeholders,none_in_metadata
"train_2175_document_image",blocked_403+snapshot_verdict,blocked_403,snapshot_verdict,none_in_metadata
"train_21761_document_image",host_serves_placeholder+no_snapshot,host_serves_placeholder,no_snapshot,none_in_metadata
"train_21775_document_image",host_serves_placeholder+snapshots_are_placeholders,host_serves_placeholder,snapshots_are_placeholders,none_in_metadata
"train_2177_claim_image",blocked_403+no_snapshot,blocked_403,no_snapshot,none_in_metadata
"train_2177_document_image",blocked_403+no_snapshot,blocked_403,no_snapshot,none_in_metadata
"train_21781_document_image",host_serves_placeholder+snapshots_are_placeholders,host_serves_placeholder,snapshots_are_placeholders,none_in_metadata
"train_2178_claim_image",host_serves_placeholder+snapshot_furniture,host_serves_placeholder,snapshot_furniture,none_in_metadata
"train_21791_claim_image",fetched_furniture+no_snapshot,fetched_furniture,no_snapshot,none_in_metadata
"train_21797_document_image",blocked_403+no_snapshot,blocked_403,no_snapshot,none_in_metadata
"train_21801_document_image",blocked_403+no_snapshot,blocked_403,no_snapshot,none_in_metadata
"train_21821_document_image",host_serves_placeholder+no_snapshot,host_serves_placeholder,no_snapshot,none_in_metadata
"train_21835_claim_image",blocked_403+snapshot_verdict,blocked_403,snapshot_verdict,none_in_metadata
"train_21854_document_image",host_serves_placeholder+snapshots_are_placeholders,host_serves_placeholder,snapshots_are_placeholders,none_in_metadata
"train_21860_document_image",host_serves_placeholder+snapshots_are_placeholders,host_serves_placeholder,snapshots_are_placeholders,none_in_metadata
"train_21866_document_image",host_serves_placeholder+no_snapshot,host_serves_placeholder,no_snapshot,none_in_metadata
"train_21872_document_image",blocked_403+snapshot_verdict,blocked_403,snapshot_verdict,none_in_metadata
"train_21884_claim_image",blocked_403+snapshot_verdict,blocked_403,snapshot_verdict,none_in_metadata
"train_21890_claim_image",blocked_403+snapshot_verdict,blocked_403,snapshot_verdict,none_in_metadata
"train_21899_claim_image",host_serves_placeholder+no_snapshot,host_serves_placeholder,no_snapshot,none_in_metadata
"train_21924_document_image",host_serves_placeholder+snapshots_are_placeholders,host_serves_placeholder,snapshots_are_placeholders,none_in_metadata
"train_21934_claim_image",host_serves_placeholder+no_snapshot,host_serves_placeholder,no_snapshot,none_in_metadata
"train_21937_document_image",host_serves_placeholder+no_snapshot,host_serves_placeholder,no_snapshot,none_in_metadata
"train_21941_claim_image",host_serves_placeholder+no_snapshot,host_serves_placeholder,no_snapshot,none_in_metadata
"train_21985_document_image",blocked_403+no_snapshot,blocked_403,no_snapshot,none_in_metadata
"train_21986_document_image",host_serves_placeholder+no_snapshot,host_serves_placeholder,no_snapshot,none_in_metadata
"train_21996_document_image",blocked_403+no_snapshot,blocked_403,no_snapshot,none_in_metadata
"train_21_document_image",host_serves_placeholder+snapshots_are_placeholders,host_serves_placeholder,snapshots_are_placeholders,none_in_metadata
"train_22008_claim_image",host_serves_placeholder+no_snapshot,host_serves_placeholder,no_snapshot,none_in_metadata
"train_22024_document_image",blocked_403+no_snapshot,blocked_403,no_snapshot,none_in_metadata
"train_22039_document_image",host_serves_placeholder+snapshots_are_placeholders,host_serves_placeholder,snapshots_are_placeholders,none_in_metadata
"train_22042_document_image",blocked_403+no_snapshot,blocked_403,no_snapshot,none_in_metadata
"train_22047_document_image",host_serves_placeholder+snapshots_are_placeholders,host_serves_placeholder,snapshots_are_placeholders,none_in_metadata
"train_22051_document_image",blocked_403+no_snapshot,blocked_403,no_snapshot,none_in_metadata
"train_22056_document_image",host_serves_placeholder+no_snapshot,host_serves_placeholder,no_snapshot,none_in_metadata
"train_2206_claim_image",blocked_403+snapshot_verdict,blocked_403,snapshot_verdict,none_in_metadata
"train_22075_claim_image",host_serves_placeholder+snapshots_are_placeholders,host_serves_placeholder,snapshots_are_placeholders,none_in_metadata
"train_22096_document_image",host_serves_placeholder+snapshots_are_placeholders,host_serves_placeholder,snapshots_are_placeholders,none_in_metadata
"train_22105_document_image",host_serves_placeholder+snapshots_are_placeholders,host_serves_placeholder,snapshots_are_placeholders,none_in_metadata
"train_22107_claim_image",host_serves_placeholder+no_snapshot,host_serves_placeholder,no_snapshot,none_in_metadata
"train_22115_document_image",host_serves_placeholder+no_snapshot,host_serves_placeholder,no_snapshot,none_in_metadata
"train_22135_claim_image",blocked_403+no_snapshot,blocked_403,no_snapshot,none_in_metadata
"train_22136_document_image",host_serves_placeholder+no_snapshot,host_serves_placeholder,no_snapshot,none_in_metadata
"train_22142_document_image",host_serves_placeholder+snapshots_are_placeholders,host_serves_placeholder,snapshots_are_placeholders,none_in_metadata
"train_22144_claim_image",host_serves_placeholder+snapshot_furniture,host_serves_placeholder,snapshot_furniture,none_in_metadata
"train_22148_claim_image",host_serves_placeholder+no_snapshot,host_serves_placeholder,no_snapshot,none_in_metadata
"train_22149_document_image",host_serves_placeholder+snapshots_are_placeholders,host_serves_placeholder,snapshots_are_placeholders,none_in_metadata
"train_22157_claim_image",host_serves_placeholder+snapshots_are_placeholders,host_serves_placeholder,snapshots_are_placeholders,none_in_metadata
"train_2217_document_image",host_serves_placeholder+no_snapshot,host_serves_placeholder,no_snapshot,none_in_metadata
"train_22180_claim_image",blocked_403+snapshot_verdict,blocked_403,snapshot_verdict,none_in_metadata
"train_22180_document_image",blocked_403+snapshot_verdict,blocked_403,snapshot_verdict,none_in_metadata
"train_22187_claim_image",blocked_403+no_snapshot,blocked_403,no_snapshot,none_in_metadata
"train_22187_document_image",blocked_403+no_snapshot,blocked_403,no_snapshot,none_in_metadata
"train_22188_document_image",host_serves_placeholder+snapshots_are_placeholders,host_serves_placeholder,snapshots_are_placeholders,none_in_metadata
"train_22191_claim_image",host_serves_placeholder+snapshots_are_placeholders,host_serves_placeholder,snapshots_are_placeholders,none_in_metadata
"train_22199_claim_image",blocked_403+snapshot_verdict,blocked_403,snapshot_verdict,none_in_metadata
"train_22214_document_image",blocked_403+snapshot_verdict,blocked_403,snapshot_verdict,none_in_metadata
"train_22221_document_image",host_serves_placeholder+snapshots_are_placeholders,host_serves_placeholder,snapshots_are_placeholders,none_in_metadata
"train_22227_document_image",host_serves_placeholder+snapshots_are_placeholders,host_serves_placeholder,snapshots_are_placeholders,none_in_metadata
"train_22234_document_image",blocked_403+no_snapshot,blocked_403,no_snapshot,none_in_metadata
"train_22240_document_image",host_serves_placeholder+no_snapshot,host_serves_placeholder,no_snapshot,none_in_metadata
"train_22245_claim_image",host_serves_placeholder+snapshot_furniture,host_serves_placeholder,snapshot_furniture,none_in_metadata
"train_22275_claim_image",host_serves_placeholder+no_snapshot,host_serves_placeholder,no_snapshot,none_in_metadata
"train_22299_claim_image",host_serves_placeholder+snapshots_are_placeholders,host_serves_placeholder,snapshots_are_placeholders,none_in_metadata
"train_22303_document_image",host_serves_placeholder+no_snapshot,host_serves_placeholder,no_snapshot,none_in_metadata
"train_22307_claim_image",host_serves_placeholder+snapshots_are_placeholders,host_serves_placeholder,snapshots_are_placeholders,none_in_metadata
"train_22309_document_image",blocked_403+no_snapshot,blocked_403,no_snapshot,none_in_metadata
"train_22322_claim_image",fetched_furniture+no_snapshot,fetched_furniture,no_snapshot,none_in_metadata
"train_2232_document_image",host_serves_placeholder+snapshot_furniture,host_serves_placeholder,snapshot_furniture,none_in_metadata
"train_22335_claim_image",fetched_furniture+no_snapshot,fetched_furniture,no_snapshot,none_in_metadata
"train_22359_document_image",host_serves_placeholder+snapshots_are_placeholders,host_serves_placeholder,snapshots_are_placeholders,none_in_metadata
"train_22360_claim_image",host_serves_placeholder+snapshot_furniture,host_serves_placeholder,snapshot_furniture,none_in_metadata
"train_22384_claim_image",host_serves_placeholder+no_snapshot,host_serves_placeholder,no_snapshot,none_in_metadata
"train_22387_claim_image",fetched_furniture+no_snapshot,fetched_furniture,no_snapshot,none_in_metadata
"train_22388_claim_image",blocked_403+snapshot_verdict,blocked_403,snapshot_verdict,none_in_metadata
"train_22389_claim_image",host_serves_placeholder+snapshots_are_placeholders,host_serves_placeholder,snapshots_are_placeholders,none_in_metadata
"train_22392_document_image",host_serves_placeholder+no_snapshot,host_serves_placeholder,no_snapshot,none_in_metadata
"train_22403_document_image",blocked_403+no_snapshot,blocked_403,no_snapshot,none_in_metadata
"train_22405_document_image",host_serves_placeholder+snapshots_are_placeholders,host_serves_placeholder,snapshots_are_placeholders,none_in_metadata
"train_22408_claim_image",fetched_furniture+no_snapshot,fetched_furniture,no_snapshot,none_in_metadata
"train_22410_claim_image",host_serves_placeholder+snapshot_furniture,host_serves_placeholder,snapshot_furniture,none_in_metadata
"train_22414_claim_image",blocked_403+snapshot_verdict,blocked_403,snapshot_verdict,none_in_metadata
"train_22414_document_image",blocked_403+no_snapshot,blocked_403,no_snapshot,none_in_metadata
"train_22416_claim_image",host_serves_placeholder+snapshot_furniture,host_serves_placeholder,snapshot_furniture,none_in_metadata
"train_22424_document_image",host_serves_placeholder+no_snapshot,host_serves_placeholder,no_snapshot,none_in_metadata
"train_22428_claim_image",fetched_furniture+no_snapshot,fetched_furniture,no_snapshot,none_in_metadata
"train_22430_claim_image",blocked_403+snapshot_verdict,blocked_403,snapshot_verdict,none_in_metadata
"train_22430_document_image",blocked_403+no_snapshot,blocked_403,no_snapshot,none_in_metadata
"train_22434_document_image",blocked_403+no_snapshot,blocked_403,no_snapshot,none_in_metadata
"train_22435_document_image",host_serves_placeholder+snapshots_are_placeholders,host_serves_placeholder,snapshots_are_placeholders,none_in_metadata
"train_22450_document_image",host_serves_placeholder+snapshot_furniture,host_serves_placeholder,snapshot_furniture,none_in_metadata
"train_22459_document_image",host_serves_placeholder+snapshots_are_placeholders,host_serves_placeholder,snapshots_are_placeholders,none_in_metadata
"train_22463_document_image",blocked_403+no_snapshot,blocked_403,no_snapshot,none_in_metadata
"train_22465_claim_image",fetched_furniture+no_snapshot,fetched_furniture,no_snapshot,none_in_metadata
"train_22490_claim_image",host_serves_placeholder+snapshots_are_placeholders,host_serves_placeholder,snapshots_are_placeholders,none_in_metadata
"train_22491_claim_image",gone_404+no_snapshot,gone_404,no_snapshot,none_in_metadata
"train_22491_document_image",blocked_403+no_snapshot,blocked_403,no_snapshot,none_in_metadata
"train_224_document_image",blocked_403+no_snapshot,blocked_403,no_snapshot,none_in_metadata
"train_22502_document_image",host_serves_placeholder+snapshots_are_placeholders,host_serves_placeholder,snapshots_are_placeholders,none_in_metadata
"train_22515_document_image",host_serves_placeholder+snapshots_are_placeholders,host_serves_placeholder,snapshots_are_placeholders,none_in_metadata
"train_22518_document_image",host_serves_placeholder+no_snapshot,host_serves_placeholder,no_snapshot,none_in_metadata
"train_22519_claim_image",host_serves_placeholder+no_snapshot,host_serves_placeholder,no_snapshot,none_in_metadata
"train_2251_document_image",host_serves_placeholder+snapshots_are_placeholders,host_serves_placeholder,snapshots_are_placeholders,none_in_metadata
"train_22527_claim_image",host_serves_placeholder+snapshot_furniture,host_serves_placeholder,snapshot_furniture,none_in_metadata
"train_22528_claim_image",fetched_furniture+no_snapshot,fetched_furniture,no_snapshot,none_in_metadata
"train_22531_document_image",host_serves_placeholder+no_snapshot,host_serves_placeholder,no_snapshot,none_in_metadata
"train_22536_document_image",host_serves_placeholder+snapshot_furniture,host_serves_placeholder,snapshot_furniture,none_in_metadata
"train_22545_document_image",host_serves_placeholder+no_snapshot,host_serves_placeholder,no_snapshot,none_in_metadata
"train_22554_claim_image",host_serves_placeholder+snapshot_furniture,host_serves_placeholder,snapshot_furniture,none_in_metadata
"train_22557_document_image",host_serves_placeholder+snapshots_are_placeholders,host_serves_placeholder,snapshots_are_placeholders,none_in_metadata
"train_22558_claim_image",host_serves_placeholder+no_snapshot,host_serves_placeholder,no_snapshot,none_in_metadata
"train_22566_document_image",blocked_403+no_snapshot,blocked_403,no_snapshot,none_in_metadata
"train_22571_claim_image",host_serves_placeholder+no_snapshot,host_serves_placeholder,no_snapshot,none_in_metadata
"train_22574_document_image",blocked_403+snapshot_verdict,blocked_403,snapshot_verdict,none_in_metadata
"train_22578_document_image",host_serves_placeholder+snapshot_verdict,host_serves_placeholder,snapshot_verdict,none_in_metadata
"train_22582_document_image",host_serves_placeholder+no_snapshot,host_serves_placeholder,no_snapshot,none_in_metadata
"train_22587_claim_image",host_serves_placeholder+no_snapshot,host_serves_placeholder,no_snapshot,none_in_metadata
"train_22598_document_image",host_serves_placeholder+snapshots_are_placeholders,host_serves_placeholder,snapshots_are_placeholders,none_in_metadata
"train_22601_document_image",blocked_403+no_snapshot,blocked_403,no_snapshot,none_in_metadata
"train_22602_document_image",blocked_403+no_snapshot,blocked_403,no_snapshot,none_in_metadata
"train_22616_document_image",blocked_403+no_snapshot,blocked_403,no_snapshot,none_in_metadata
"train_2261_claim_image",blocked_403+snapshot_verdict,blocked_403,snapshot_verdict,none_in_metadata
"train_2261_document_image",blocked_403+snapshot_verdict,blocked_403,snapshot_verdict,none_in_metadata
"train_2262_claim_image",host_serves_placeholder+no_snapshot,host_serves_placeholder,no_snapshot,none_in_metadata
"train_22633_document_image",blocked_403+no_snapshot,blocked_403,no_snapshot,none_in_metadata
"train_22641_claim_image",host_serves_placeholder+snapshots_are_placeholders,host_serves_placeholder,snapshots_are_placeholders,none_in_metadata
"train_22651_claim_image",host_serves_placeholder+snapshot_furniture,host_serves_placeholder,snapshot_furniture,none_in_metadata
"train_2266_claim_image",host_serves_placeholder+no_snapshot,host_serves_placeholder,no_snapshot,none_in_metadata
"train_22672_document_image",blocked_403+no_snapshot,blocked_403,no_snapshot,none_in_metadata
"train_22675_claim_image",blocked_403+snapshot_verdict,blocked_403,snapshot_verdict,none_in_metadata
"train_22675_document_image",blocked_403+no_snapshot,blocked_403,no_snapshot,none_in_metadata
"train_22683_document_image",blocked_403+no_snapshot,blocked_403,no_snapshot,none_in_metadata
"train_22689_claim_image",host_serves_placeholder+no_snapshot,host_serves_placeholder,no_snapshot,none_in_metadata
"train_2268_document_image",host_serves_placeholder+snapshot_furniture,host_serves_placeholder,snapshot_furniture,none_in_metadata
"train_22694_claim_image",host_serves_placeholder+snapshot_furniture,host_serves_placeholder,snapshot_furniture,none_in_metadata
"train_22698_claim_image",host_serves_placeholder+no_snapshot,host_serves_placeholder,no_snapshot,none_in_metadata
"train_22703_claim_image",dns_failure+no_snapshot,dns_failure,no_snapshot,none_in_metadata
"train_22703_document_image",blocked_403+no_snapshot,blocked_403,no_snapshot,none_in_metadata
"train_2270_document_image",host_serves_placeholder+snapshots_are_placeholders,host_serves_placeholder,snapshots_are_placeholders,none_in_metadata
"train_22712_document_image",host_serves_placeholder+snapshots_are_placeholders,host_serves_placeholder,snapshots_are_placeholders,none_in_metadata
"train_22731_document_image",host_serves_placeholder+snapshots_are_placeholders,host_serves_placeholder,snapshots_are_placeholders,none_in_metadata
"train_22732_document_image",blocked_403+snapshot_verdict,blocked_403,snapshot_verdict,none_in_metadata
"train_22733_document_image",blocked_403+no_snapshot,blocked_403,no_snapshot,none_in_metadata
"train_22740_claim_image",blocked_403+snapshot_verdict,blocked_403,snapshot_verdict,none_in_metadata
"train_22748_document_image",blocked_403+no_snapshot,blocked_403,no_snapshot,none_in_metadata
"train_22755_claim_image",blocked_403+snapshot_verdict,blocked_403,snapshot_verdict,none_in_metadata
"train_22755_document_image",blocked_403+no_snapshot,blocked_403,no_snapshot,none_in_metadata
"train_22761_document_image",blocked_403+no_snapshot,blocked_403,no_snapshot,none_in_metadata
"train_22783_document_image",host_serves_placeholder+snapshots_are_placeholders,host_serves_placeholder,snapshots_are_placeholders,none_in_metadata
"train_22793_document_image",host_serves_placeholder+snapshots_are_placeholders,host_serves_placeholder,snapshots_are_placeholders,none_in_metadata
"train_22794_document_image",host_serves_placeholder+no_snapshot,host_serves_placeholder,no_snapshot,none_in_metadata
"train_22802_document_image",host_serves_placeholder+no_snapshot,host_serves_placeholder,no_snapshot,none_in_metadata
"train_22829_claim_image",host_serves_placeholder+snapshots_are_placeholders,host_serves_placeholder,snapshots_are_placeholders,none_in_metadata
"train_22845_claim_image",blocked_403+no_snapshot,blocked_403,no_snapshot,none_in_metadata
"train_22845_document_image",blocked_403+no_snapshot,blocked_403,no_snapshot,none_in_metadata
"train_22860_claim_image",host_serves_placeholder+snapshots_are_placeholders,host_serves_placeholder,snapshots_are_placeholders,none_in_metadata
"train_22861_claim_image",host_serves_placeholder+no_snapshot,host_serves_placeholder,no_snapshot,none_in_metadata
"train_22865_document_image",blocked_403+snapshot_verdict,blocked_403,snapshot_verdict,none_in_metadata
"train_22881_document_image",host_serves_placeholder+no_snapshot,host_serves_placeholder,no_snapshot,none_in_metadata
"train_22885_document_image",host_serves_placeholder+no_snapshot,host_serves_placeholder,no_snapshot,none_in_metadata
"train_22888_document_image",host_serves_placeholder+snapshots_are_placeholders,host_serves_placeholder,snapshots_are_placeholders,none_in_metadata
"train_22916_claim_image",host_serves_placeholder+snapshots_are_placeholders,host_serves_placeholder,snapshots_are_placeholders,none_in_metadata
"train_22930_document_image",host_serves_placeholder+no_snapshot,host_serves_placeholder,no_snapshot,none_in_metadata
"train_22946_document_image",blocked_403+no_snapshot,blocked_403,no_snapshot,none_in_metadata
"train_22967_claim_image",fetched_furniture+no_snapshot,fetched_furniture,no_snapshot,none_in_metadata
"train_22970_document_image",host_serves_placeholder+snapshot_verdict,host_serves_placeholder,snapshot_verdict,none_in_metadata
"train_22982_document_image",host_serves_placeholder+snapshots_are_placeholders,host_serves_placeholder,snapshots_are_placeholders,none_in_metadata
"train_22987_claim_image",host_serves_placeholder+no_snapshot,host_serves_placeholder,no_snapshot,none_in_metadata
"train_22990_document_image",host_serves_placeholder+snapshots_are_placeholders,host_serves_placeholder,snapshots_are_placeholders,none_in_metadata
"train_22992_document_image",host_serves_placeholder+no_snapshot,host_serves_placeholder,no_snapshot,none_in_metadata
"train_22995_document_image",host_serves_placeholder+no_snapshot,host_serves_placeholder,no_snapshot,none_in_metadata
"train_23004_claim_image",fetched_furniture+snapshots_are_placeholders,fetched_furniture,snapshots_are_placeholders,none_in_metadata
"train_23005_claim_image",fetched_furniture+no_snapshot,fetched_furniture,no_snapshot,none_in_metadata
"train_23013_claim_image",blocked_403+snapshot_verdict,blocked_403,snapshot_verdict,none_in_metadata
"train_23013_document_image",blocked_403+snapshot_verdict,blocked_403,snapshot_verdict,none_in_metadata
"train_23025_document_image",host_serves_placeholder+snapshots_are_placeholders,host_serves_placeholder,snapshots_are_placeholders,none_in_metadata
"train_23053_document_image",host_serves_placeholder+no_snapshot,host_serves_placeholder,no_snapshot,none_in_metadata
"train_23060_document_image",blocked_403+no_snapshot,blocked_403,no_snapshot,none_in_metadata
"train_23072_claim_image",host_serves_placeholder+no_snapshot,host_serves_placeholder,no_snapshot,none_in_metadata
"train_23072_document_image",host_serves_placeholder+no_snapshot,host_serves_placeholder,no_snapshot,none_in_metadata
"train_23074_document_image",host_serves_placeholder+snapshots_are_placeholders,host_serves_placeholder,snapshots_are_placeholders,none_in_metadata
"train_23083_document_image",host_serves_placeholder+snapshots_are_placeholders,host_serves_placeholder,snapshots_are_placeholders,none_in_metadata
"train_23089_document_image",host_serves_placeholder+snapshots_are_placeholders,host_serves_placeholder,snapshots_are_placeholders,none_in_metadata
"train_23093_document_image",host_serves_placeholder+no_snapshot,host_serves_placeholder,no_snapshot,none_in_metadata
"train_23095_claim_image",host_serves_placeholder+snapshot_furniture,host_serves_placeholder,snapshot_furniture,none_in_metadata
"train_2311_document_image",host_serves_placeholder+no_snapshot,host_serves_placeholder,no_snapshot,none_in_metadata
"train_23123_document_image",host_serves_placeholder+no_snapshot,host_serves_placeholder,no_snapshot,none_in_metadata
"train_23139_claim_image",host_serves_placeholder+snapshots_are_placeholders,host_serves_placeholder,snapshots_are_placeholders,none_in_metadata
"train_2313_document_image",blocked_403+no_snapshot,blocked_403,no_snapshot,none_in_metadata
"train_23140_document_image",host_serves_placeholder+no_snapshot,host_serves_placeholder,no_snapshot,none_in_metadata
"train_23143_document_image",host_serves_placeholder+snapshots_are_placeholders,host_serves_placeholder,snapshots_are_placeholders,none_in_metadata
"train_23149_document_image",host_serves_placeholder+no_snapshot,host_serves_placeholder,no_snapshot,none_in_metadata
"train_23153_document_image",host_serves_placeholder+no_snapshot,host_serves_placeholder,no_snapshot,none_in_metadata
"train_23163_claim_image",blocked_403+snapshot_verdict,blocked_403,snapshot_verdict,none_in_metadata
"train_23170_document_image",host_serves_placeholder+snapshots_are_placeholders,host_serves_placeholder,snapshots_are_placeholders,none_in_metadata
"train_23176_document_image",host_serves_placeholder+no_snapshot,host_serves_placeholder,no_snapshot,none_in_metadata
"train_23181_document_image",host_serves_placeholder+snapshots_are_placeholders,host_serves_placeholder,snapshots_are_placeholders,none_in_metadata
"train_23187_claim_image",host_serves_placeholder+snapshots_are_placeholders,host_serves_placeholder,snapshots_are_placeholders,none_in_metadata
"train_23198_claim_image",host_serves_placeholder+snapshots_are_placeholders,host_serves_placeholder,snapshots_are_placeholders,none_in_metadata
"train_231_document_image",host_serves_placeholder+no_snapshot,host_serves_placeholder,no_snapshot,none_in_metadata
"train_23201_claim_image",host_serves_placeholder+snapshots_are_placeholders,host_serves_placeholder,snapshots_are_placeholders,none_in_metadata
"train_23227_claim_image",host_serves_placeholder+no_snapshot,host_serves_placeholder,no_snapshot,none_in_metadata
"train_23237_document_image",blocked_403+no_snapshot,blocked_403,no_snapshot,none_in_metadata
"train_23263_document_image",host_serves_placeholder+no_snapshot,host_serves_placeholder,no_snapshot,none_in_metadata
"train_23270_claim_image",host_serves_placeholder+no_snapshot,host_serves_placeholder,no_snapshot,none_in_metadata
"train_23289_document_image",host_serves_placeholder+snapshots_are_placeholders,host_serves_placeholder,snapshots_are_placeholders,none_in_metadata
"train_23296_document_image",host_serves_placeholder+no_snapshot,host_serves_placeholder,no_snapshot,none_in_metadata
"train_23312_document_image",host_serves_placeholder+snapshots_are_placeholders,host_serves_placeholder,snapshots_are_placeholders,none_in_metadata
"train_23314_document_image",host_serves_placeholder+snapshots_are_placeholders,host_serves_placeholder,snapshots_are_placeholders,none_in_metadata
"train_23324_document_image",host_serves_placeholder+snapshot_furniture,host_serves_placeholder,snapshot_furniture,none_in_metadata
"train_23349_claim_image",host_serves_placeholder+snapshot_furniture,host_serves_placeholder,snapshot_furniture,none_in_metadata
"train_23350_document_image",blocked_403+no_snapshot,blocked_403,no_snapshot,none_in_metadata
"train_23381_document_image",host_serves_placeholder+snapshots_are_placeholders,host_serves_placeholder,snapshots_are_placeholders,none_in_metadata
"train_23387_document_image",blocked_403+no_snapshot,blocked_403,no_snapshot,none_in_metadata
"train_23388_claim_image",host_serves_placeholder+snapshot_furniture,host_serves_placeholder,snapshot_furniture,none_in_metadata
"train_233_document_image",blocked_403+no_snapshot,blocked_403,no_snapshot,none_in_metadata
"train_23402_claim_image",host_serves_placeholder+no_snapshot,host_serves_placeholder,no_snapshot,none_in_metadata
"train_23405_document_image",blocked_403+no_snapshot,blocked_403,no_snapshot,none_in_metadata
"train_23419_claim_image",host_serves_placeholder+snapshot_furniture,host_serves_placeholder,snapshot_furniture,none_in_metadata
"train_23444_claim_image",blocked_403+snapshot_verdict,blocked_403,snapshot_verdict,none_in_metadata
"train_23444_document_image",blocked_403+snapshot_verdict,blocked_403,snapshot_verdict,none_in_metadata
"train_23451_claim_image",host_serves_placeholder+no_snapshot,host_serves_placeholder,no_snapshot,none_in_metadata
"train_23453_document_image",host_serves_placeholder+no_snapshot,host_serves_placeholder,no_snapshot,none_in_metadata
"train_23457_document_image",host_serves_placeholder+no_snapshot,host_serves_placeholder,no_snapshot,none_in_metadata
"train_23474_document_image",host_serves_placeholder+no_snapshot,host_serves_placeholder,no_snapshot,none_in_metadata
"train_23477_claim_image",host_serves_placeholder+snapshots_are_placeholders,host_serves_placeholder,snapshots_are_placeholders,none_in_metadata
"train_23488_document_image",host_serves_placeholder+snapshots_are_placeholders,host_serves_placeholder,snapshots_are_placeholders,none_in_metadata
"train_23489_claim_image",host_serves_placeholder+snapshot_furniture,host_serves_placeholder,snapshot_furniture,none_in_metadata
"train_23500_document_image",blocked_403+no_snapshot,blocked_403,no_snapshot,none_in_metadata
"train_23501_document_image",host_serves_placeholder+no_snapshot,host_serves_placeholder,no_snapshot,none_in_metadata
"train_23545_document_image",host_serves_placeholder+snapshot_furniture,host_serves_placeholder,snapshot_furniture,none_in_metadata
"train_23548_claim_image",host_serves_placeholder+snapshots_are_placeholders,host_serves_placeholder,snapshots_are_placeholders,none_in_metadata
"train_23550_claim_image",gone_404+snapshot_verdict,gone_404,snapshot_verdict,none_in_metadata
"train_23561_claim_image",fetched_furniture+no_snapshot,fetched_furniture,no_snapshot,none_in_metadata
"train_23564_document_image",blocked_403+no_snapshot,blocked_403,no_snapshot,none_in_metadata
"train_23587_document_image",blocked_403+no_snapshot,blocked_403,no_snapshot,none_in_metadata
"train_2359_claim_image",blocked_403+no_snapshot,blocked_403,no_snapshot,none_in_metadata
"train_2359_document_image",blocked_403+no_snapshot,blocked_403,no_snapshot,none_in_metadata
"train_23601_claim_image",host_serves_placeholder+snapshots_are_placeholders,host_serves_placeholder,snapshots_are_placeholders,none_in_metadata
"train_23602_claim_image",host_serves_placeholder+no_snapshot,host_serves_placeholder,no_snapshot,none_in_metadata
"train_23608_document_image",host_serves_placeholder+snapshots_are_placeholders,host_serves_placeholder,snapshots_are_placeholders,none_in_metadata
"train_23609_claim_image",blocked_403+no_snapshot,blocked_403,no_snapshot,none_in_metadata
"train_23609_document_image",blocked_403+no_snapshot,blocked_403,no_snapshot,none_in_metadata
"train_23615_document_image",host_serves_placeholder+snapshot_furniture,host_serves_placeholder,snapshot_furniture,none_in_metadata
"train_23617_claim_image",host_serves_placeholder+snapshot_furniture,host_serves_placeholder,snapshot_furniture,none_in_metadata
"train_2363_claim_image",host_serves_placeholder+snapshot_furniture,host_serves_placeholder,snapshot_furniture,none_in_metadata
"train_23641_claim_image",host_serves_placeholder+no_snapshot,host_serves_placeholder,no_snapshot,none_in_metadata
"train_23645_document_image",blocked_403+snapshot_verdict,blocked_403,snapshot_verdict,none_in_metadata
"train_23648_claim_image",host_serves_placeholder+no_snapshot,host_serves_placeholder,no_snapshot,none_in_metadata
"train_23650_claim_image",host_serves_placeholder+snapshot_furniture,host_serves_placeholder,snapshot_furniture,none_in_metadata
"train_23650_document_image",blocked_403+no_snapshot,blocked_403,no_snapshot,none_in_metadata
"train_23660_claim_image",host_serves_placeholder+snapshots_are_placeholders,host_serves_placeholder,snapshots_are_placeholders,none_in_metadata
"train_23665_document_image",host_serves_placeholder+no_snapshot,host_serves_placeholder,no_snapshot,none_in_metadata
"train_23672_claim_image",blocked_403+snapshot_verdict,blocked_403,snapshot_verdict,none_in_metadata
"train_23672_document_image",blocked_403+snapshot_verdict,blocked_403,snapshot_verdict,none_in_metadata
"train_23678_document_image",host_serves_placeholder+no_snapshot,host_serves_placeholder,no_snapshot,none_in_metadata
"train_23692_claim_image",dns_failure+no_snapshot,dns_failure,no_snapshot,none_in_metadata
"train_23729_document_image",host_serves_placeholder+no_snapshot,host_serves_placeholder,no_snapshot,none_in_metadata
"train_2372_claim_image",gone_404+no_snapshot,gone_404,no_snapshot,none_in_metadata
"train_2372_document_image",blocked_403+no_snapshot,blocked_403,no_snapshot,none_in_metadata
"train_23750_document_image",blocked_403+no_snapshot,blocked_403,no_snapshot,none_in_metadata
"train_23766_claim_image",host_serves_placeholder+no_snapshot,host_serves_placeholder,no_snapshot,none_in_metadata
"train_23777_document_image",blocked_403+no_snapshot,blocked_403,no_snapshot,none_in_metadata
"train_23789_claim_image",host_serves_placeholder+snapshot_furniture,host_serves_placeholder,snapshot_furniture,none_in_metadata
"train_2379_claim_image",blocked_403+no_snapshot,blocked_403,no_snapshot,none_in_metadata
"train_23809_claim_image",blocked_403+no_snapshot,blocked_403,no_snapshot,none_in_metadata
"train_23810_document_image",blocked_403+no_snapshot,blocked_403,no_snapshot,none_in_metadata
"train_23813_document_image",host_serves_placeholder+snapshots_are_placeholders,host_serves_placeholder,snapshots_are_placeholders,none_in_metadata
"train_23817_claim_image",blocked_403+no_snapshot,blocked_403,no_snapshot,none_in_metadata
"train_23822_document_image",host_serves_placeholder+no_snapshot,host_serves_placeholder,no_snapshot,none_in_metadata
"train_23823_claim_image",host_serves_placeholder+no_snapshot,host_serves_placeholder,no_snapshot,none_in_metadata
"train_23825_claim_image",host_serves_placeholder+snapshots_are_placeholders,host_serves_placeholder,snapshots_are_placeholders,none_in_metadata
"train_23831_document_image",host_serves_placeholder+no_snapshot,host_serves_placeholder,no_snapshot,none_in_metadata
"train_23858_document_image",host_serves_placeholder+snapshots_are_placeholders,host_serves_placeholder,snapshots_are_placeholders,none_in_metadata
"train_23871_claim_image",blocked_403+snapshot_verdict,blocked_403,snapshot_verdict,none_in_metadata
"train_23875_claim_image",host_serves_placeholder+snapshot_furniture,host_serves_placeholder,snapshot_furniture,none_in_metadata
"train_23880_document_image",host_serves_placeholder+snapshots_are_placeholders,host_serves_placeholder,snapshots_are_placeholders,none_in_metadata
"train_23885_document_image",blocked_403+no_snapshot,blocked_403,no_snapshot,none_in_metadata
"train_23888_document_image",host_serves_placeholder+snapshots_are_placeholders,host_serves_placeholder,snapshots_are_placeholders,none_in_metadata
"train_2388_document_image",blocked_403+snapshot_verdict,blocked_403,snapshot_verdict,none_in_metadata
"train_23893_document_image",blocked_403+no_snapshot,blocked_403,no_snapshot,none_in_metadata
"train_23895_document_image",host_serves_placeholder+snapshots_are_placeholders,host_serves_placeholder,snapshots_are_placeholders,none_in_metadata
"train_23896_claim_image",host_serves_placeholder+snapshots_are_placeholders,host_serves_placeholder,snapshots_are_placeholders,none_in_metadata
"train_23896_document_image",blocked_403+snapshot_verdict,blocked_403,snapshot_verdict,none_in_metadata
"train_23897_claim_image",host_serves_placeholder+snapshot_furniture,host_serves_placeholder,snapshot_furniture,none_in_metadata
"train_23924_claim_image",host_serves_placeholder+snapshots_are_placeholders,host_serves_placeholder,snapshots_are_placeholders,none_in_metadata
"train_23926_document_image",host_serves_placeholder+snapshots_are_placeholders,host_serves_placeholder,snapshots_are_placeholders,none_in_metadata
"train_23929_document_image",blocked_403+no_snapshot,blocked_403,no_snapshot,none_in_metadata
"train_23930_document_image",host_serves_placeholder+no_snapshot,host_serves_placeholder,no_snapshot,none_in_metadata
"train_23932_document_image",blocked_403+no_snapshot,blocked_403,no_snapshot,none_in_metadata
"train_23933_claim_image",host_serves_placeholder+no_snapshot,host_serves_placeholder,no_snapshot,none_in_metadata
"train_23946_claim_image",host_serves_placeholder+no_snapshot,host_serves_placeholder,no_snapshot,none_in_metadata
"train_23956_claim_image",blocked_403+no_snapshot,blocked_403,no_snapshot,none_in_metadata
"train_23977_claim_image",host_serves_placeholder+no_snapshot,host_serves_placeholder,no_snapshot,none_in_metadata
"train_2397_document_image",host_serves_placeholder+no_snapshot,host_serves_placeholder,no_snapshot,none_in_metadata
"train_23982_claim_image",fetched_furniture+no_snapshot,fetched_furniture,no_snapshot,none_in_metadata
"train_23985_document_image",blocked_403+no_snapshot,blocked_403,no_snapshot,none_in_metadata
"train_23988_document_image",host_serves_placeholder+no_snapshot,host_serves_placeholder,no_snapshot,none_in_metadata
"train_23992_document_image",host_serves_placeholder+no_snapshot,host_serves_placeholder,no_snapshot,none_in_metadata
"train_23995_document_image",host_serves_placeholder+snapshot_verdict,host_serves_placeholder,snapshot_verdict,none_in_metadata
"train_24010_document_image",blocked_403+no_snapshot,blocked_403,no_snapshot,none_in_metadata
"train_24016_document_image",blocked_403+no_snapshot,blocked_403,no_snapshot,none_in_metadata
"train_24022_document_image",blocked_403+no_snapshot,blocked_403,no_snapshot,none_in_metadata
"train_24026_document_image",blocked_403+no_snapshot,blocked_403,no_snapshot,none_in_metadata
"train_24031_claim_image",host_serves_placeholder+no_snapshot,host_serves_placeholder,no_snapshot,none_in_metadata
"train_24035_document_image",host_serves_placeholder+snapshots_are_placeholders,host_serves_placeholder,snapshots_are_placeholders,none_in_metadata
"train_24039_document_image",blocked_403+no_snapshot,blocked_403,no_snapshot,none_in_metadata
"train_24050_claim_image",host_serves_placeholder+no_snapshot,host_serves_placeholder,no_snapshot,none_in_metadata
"train_24059_document_image",host_serves_placeholder+snapshots_are_placeholders,host_serves_placeholder,snapshots_are_placeholders,none_in_metadata
"train_24063_document_image",host_serves_placeholder+no_snapshot,host_serves_placeholder,no_snapshot,none_in_metadata
"train_24067_document_image",host_serves_placeholder+no_snapshot,host_serves_placeholder,no_snapshot,none_in_metadata
"train_24086_claim_image",fetched_furniture+no_snapshot,fetched_furniture,no_snapshot,none_in_metadata
"train_24120_claim_image",host_serves_placeholder+snapshots_are_placeholders,host_serves_placeholder,snapshots_are_placeholders,none_in_metadata
"train_24127_document_image",blocked_403+no_snapshot,blocked_403,no_snapshot,none_in_metadata
"train_2412_claim_image",blocked_403+snapshot_verdict,blocked_403,snapshot_verdict,none_in_metadata
"train_2412_document_image",blocked_403+snapshot_verdict,blocked_403,snapshot_verdict,none_in_metadata
"train_24132_document_image",host_serves_placeholder+snapshots_are_placeholders,host_serves_placeholder,snapshots_are_placeholders,none_in_metadata
"train_24162_claim_image",host_serves_placeholder+no_snapshot,host_serves_placeholder,no_snapshot,none_in_metadata
"train_24177_document_image",host_serves_placeholder+snapshots_are_placeholders,host_serves_placeholder,snapshots_are_placeholders,none_in_metadata
"train_24184_claim_image",blocked_403+no_snapshot,blocked_403,no_snapshot,none_in_metadata
"train_24185_document_image",host_serves_placeholder+snapshots_are_placeholders,host_serves_placeholder,snapshots_are_placeholders,none_in_metadata
"train_2418_claim_image",refused_http_406+no_snapshot,refused_http_406,no_snapshot,none_in_metadata
"train_2419_document_image",host_serves_placeholder+no_snapshot,host_serves_placeholder,no_snapshot,none_in_metadata
"train_24201_document_image",blocked_403+no_snapshot,blocked_403,no_snapshot,none_in_metadata
"train_24213_document_image",blocked_403+no_snapshot,blocked_403,no_snapshot,none_in_metadata
"train_24221_claim_image",host_serves_placeholder+snapshots_are_placeholders,host_serves_placeholder,snapshots_are_placeholders,none_in_metadata
"train_24226_document_image",host_serves_placeholder+no_snapshot,host_serves_placeholder,no_snapshot,none_in_metadata
"train_24249_claim_image",blocked_403+snapshot_verdict,blocked_403,snapshot_verdict,none_in_metadata
"train_24257_claim_image",blocked_403+snapshot_verdict,blocked_403,snapshot_verdict,none_in_metadata
"train_24266_claim_image",host_serves_placeholder+snapshots_are_placeholders,host_serves_placeholder,snapshots_are_placeholders,none_in_metadata
"train_24277_claim_image",host_serves_placeholder+no_snapshot,host_serves_placeholder,no_snapshot,none_in_metadata
"train_24279_claim_image",host_serves_placeholder+no_snapshot,host_serves_placeholder,no_snapshot,none_in_metadata
"train_24284_document_image",blocked_403+no_snapshot,blocked_403,no_snapshot,none_in_metadata
"train_24286_document_image",blocked_403+no_snapshot,blocked_403,no_snapshot,none_in_metadata
"train_24291_claim_image",host_serves_placeholder+snapshots_are_placeholders,host_serves_placeholder,snapshots_are_placeholders,none_in_metadata
"train_24296_document_image",blocked_403+no_snapshot,blocked_403,no_snapshot,none_in_metadata
"train_24310_document_image",host_serves_placeholder+no_snapshot,host_serves_placeholder,no_snapshot,none_in_metadata
"train_24311_document_image",host_serves_placeholder+no_snapshot,host_serves_placeholder,no_snapshot,none_in_metadata
"train_2431_document_image",blocked_403+no_snapshot,blocked_403,no_snapshot,none_in_metadata
"train_24332_claim_image",blocked_403+no_snapshot,blocked_403,no_snapshot,none_in_metadata
"train_24332_document_image",blocked_403+no_snapshot,blocked_403,no_snapshot,none_in_metadata
"train_24366_document_image",host_serves_placeholder+snapshots_are_placeholders,host_serves_placeholder,snapshots_are_placeholders,none_in_metadata
"train_2436_claim_image",host_serves_placeholder+snapshots_are_placeholders,host_serves_placeholder,snapshots_are_placeholders,none_in_metadata
"train_24370_claim_image",fetched_furniture+no_snapshot,fetched_furniture,no_snapshot,none_in_metadata
"train_24371_claim_image",blocked_403+snapshot_verdict,blocked_403,snapshot_verdict,none_in_metadata
"train_24387_document_image",host_serves_placeholder+snapshots_are_placeholders,host_serves_placeholder,snapshots_are_placeholders,none_in_metadata
"train_24390_document_image",blocked_403+no_snapshot,blocked_403,no_snapshot,none_in_metadata
"train_24399_document_image",host_serves_placeholder+no_snapshot,host_serves_placeholder,no_snapshot,none_in_metadata
"train_24430_document_image",blocked_403+snapshot_verdict,blocked_403,snapshot_verdict,none_in_metadata
"train_24447_document_image",host_serves_placeholder+no_snapshot,host_serves_placeholder,no_snapshot,none_in_metadata
"train_24451_claim_image",host_serves_placeholder+snapshots_are_placeholders,host_serves_placeholder,snapshots_are_placeholders,none_in_metadata
"train_24452_claim_image",host_serves_placeholder+no_snapshot,host_serves_placeholder,no_snapshot,none_in_metadata
"train_24465_document_image",blocked_403+no_snapshot,blocked_403,no_snapshot,none_in_metadata
"train_24471_document_image",blocked_403+no_snapshot,blocked_403,no_snapshot,none_in_metadata
"train_24472_document_image",blocked_403+no_snapshot,blocked_403,no_snapshot,none_in_metadata
"train_24477_document_image",host_serves_placeholder+no_snapshot,host_serves_placeholder,no_snapshot,none_in_metadata
"train_24478_document_image",blocked_403+no_snapshot,blocked_403,no_snapshot,none_in_metadata
"train_24494_document_image",host_serves_placeholder+snapshots_are_placeholders,host_serves_placeholder,snapshots_are_placeholders,none_in_metadata
"train_24500_claim_image",blocked_403+snapshot_verdict,blocked_403,snapshot_verdict,none_in_metadata
"train_2450_document_image",blocked_403+no_snapshot,blocked_403,no_snapshot,none_in_metadata
"train_24515_claim_image",host_serves_placeholder+snapshots_are_placeholders,host_serves_placeholder,snapshots_are_placeholders,none_in_metadata
"train_24520_claim_image",host_serves_placeholder+no_snapshot,host_serves_placeholder,no_snapshot,none_in_metadata
"train_24525_document_image",host_serves_placeholder+snapshots_are_placeholders,host_serves_placeholder,snapshots_are_placeholders,none_in_metadata
"train_24527_document_image",host_serves_placeholder+snapshots_are_placeholders,host_serves_placeholder,snapshots_are_placeholders,none_in_metadata
"train_24529_document_image",host_serves_placeholder+snapshots_are_placeholders,host_serves_placeholder,snapshots_are_placeholders,none_in_metadata
"train_24530_document_image",host_serves_placeholder+snapshots_are_placeholders,host_serves_placeholder,snapshots_are_placeholders,none_in_metadata
"train_24534_claim_image",blocked_403+snapshot_verdict,blocked_403,snapshot_verdict,none_in_metadata
"train_24536_document_image",host_serves_placeholder+snapshots_are_placeholders,host_serves_placeholder,snapshots_are_placeholders,none_in_metadata
"train_24541_document_image",host_serves_placeholder+snapshots_are_placeholders,host_serves_placeholder,snapshots_are_placeholders,none_in_metadata
"train_24543_document_image",blocked_403+no_snapshot,blocked_403,no_snapshot,none_in_metadata
"train_24556_claim_image",host_serves_placeholder+snapshot_furniture,host_serves_placeholder,snapshot_furniture,none_in_metadata
"train_24561_document_image",blocked_403+no_snapshot,blocked_403,no_snapshot,none_in_metadata
"train_24571_claim_image",host_serves_placeholder+snapshot_furniture,host_serves_placeholder,snapshot_furniture,none_in_metadata
"train_24574_document_image",host_serves_placeholder+snapshots_are_placeholders,host_serves_placeholder,snapshots_are_placeholders,none_in_metadata
"train_24589_claim_image",host_serves_placeholder+no_snapshot,host_serves_placeholder,no_snapshot,none_in_metadata
"train_24595_document_image",host_serves_placeholder+snapshots_are_placeholders,host_serves_placeholder,snapshots_are_placeholders,none_in_metadata
"train_24605_document_image",host_serves_placeholder+no_snapshot,host_serves_placeholder,no_snapshot,none_in_metadata
"train_2461_document_image",blocked_403+snapshot_verdict,blocked_403,snapshot_verdict,none_in_metadata
"train_24642_document_image",host_serves_placeholder+snapshots_are_placeholders,host_serves_placeholder,snapshots_are_placeholders,none_in_metadata
"train_24660_claim_image",host_serves_placeholder+snapshots_are_placeholders,host_serves_placeholder,snapshots_are_placeholders,none_in_metadata
"train_24663_document_image",host_serves_placeholder+no_snapshot,host_serves_placeholder,no_snapshot,none_in_metadata
"train_24667_claim_image",host_serves_placeholder+snapshots_are_placeholders,host_serves_placeholder,snapshots_are_placeholders,none_in_metadata
"train_24706_document_image",blocked_403+no_snapshot,blocked_403,no_snapshot,none_in_metadata
"train_24708_claim_image",host_serves_placeholder+no_snapshot,host_serves_placeholder,no_snapshot,none_in_metadata
"train_24716_claim_image",host_serves_placeholder+snapshots_are_placeholders,host_serves_placeholder,snapshots_are_placeholders,none_in_metadata
"train_2471_document_image",host_serves_placeholder+no_snapshot,host_serves_placeholder,no_snapshot,none_in_metadata
"train_24739_claim_image",blocked_403+snapshots_are_placeholders,blocked_403,snapshots_are_placeholders,none_in_metadata
"train_24742_claim_image",dns_failure+no_snapshot,dns_failure,no_snapshot,none_in_metadata
"train_24742_document_image",blocked_403+no_snapshot,blocked_403,no_snapshot,none_in_metadata
"train_24748_document_image",blocked_403+snapshot_verdict,blocked_403,snapshot_verdict,none_in_metadata
"train_24749_claim_image",fetched_furniture+no_snapshot,fetched_furniture,no_snapshot,none_in_metadata
"train_24755_claim_image",host_serves_placeholder+snapshot_furniture,host_serves_placeholder,snapshot_furniture,none_in_metadata
"train_24767_document_image",blocked_403+no_snapshot,blocked_403,no_snapshot,none_in_metadata
"train_24771_document_image",host_serves_placeholder+no_snapshot,host_serves_placeholder,no_snapshot,none_in_metadata
"train_24774_document_image",blocked_403+no_snapshot,blocked_403,no_snapshot,none_in_metadata
"train_2477_document_image",host_serves_placeholder+snapshots_are_placeholders,host_serves_placeholder,snapshots_are_placeholders,none_in_metadata
"train_24781_claim_image",host_serves_placeholder+snapshots_are_placeholders,host_serves_placeholder,snapshots_are_placeholders,none_in_metadata
"train_24791_document_image",blocked_403+no_snapshot,blocked_403,no_snapshot,none_in_metadata
"train_24800_document_image",host_serves_placeholder+no_snapshot,host_serves_placeholder,no_snapshot,none_in_metadata
"train_24810_claim_image",host_serves_placeholder+snapshots_are_placeholders,host_serves_placeholder,snapshots_are_placeholders,none_in_metadata
"train_24816_document_image",host_serves_placeholder+no_snapshot,host_serves_placeholder,no_snapshot,none_in_metadata
"train_24821_document_image",blocked_403+no_snapshot,blocked_403,no_snapshot,none_in_metadata
"train_24822_claim_image",host_serves_placeholder+no_snapshot,host_serves_placeholder,no_snapshot,none_in_metadata
"train_24829_claim_image",blocked_403+snapshot_verdict,blocked_403,snapshot_verdict,none_in_metadata
"train_24848_document_image",blocked_403+no_snapshot,blocked_403,no_snapshot,none_in_metadata
"train_24863_claim_image",host_serves_placeholder+snapshot_verdict,host_serves_placeholder,snapshot_verdict,none_in_metadata
"train_24866_claim_image",blocked_403+snapshot_verdict,blocked_403,snapshot_verdict,none_in_metadata
"train_24868_claim_image",blocked_403+no_snapshot,blocked_403,no_snapshot,none_in_metadata
"train_24874_claim_image",unreachable_connection_error+no_snapshot,unreachable_connection_error,no_snapshot,none_in_metadata
"train_24875_document_image",blocked_403+no_snapshot,blocked_403,no_snapshot,none_in_metadata
"train_24887_document_image",host_serves_placeholder+no_snapshot,host_serves_placeholder,no_snapshot,none_in_metadata
"train_24898_document_image",blocked_403+no_snapshot,blocked_403,no_snapshot,none_in_metadata
"train_24899_document_image",blocked_403+no_snapshot,blocked_403,no_snapshot,none_in_metadata
"train_24906_document_image",host_serves_placeholder+snapshots_are_placeholders,host_serves_placeholder,snapshots_are_placeholders,none_in_metadata
"train_2490_document_image",host_serves_placeholder+no_snapshot,host_serves_placeholder,no_snapshot,none_in_metadata
"train_24912_claim_image",host_serves_placeholder+snapshots_are_placeholders,host_serves_placeholder,snapshots_are_placeholders,none_in_metadata
"train_24922_claim_image",fetched_furniture+no_snapshot,fetched_furniture,no_snapshot,none_in_metadata
"train_24928_claim_image",host_serves_placeholder+no_snapshot,host_serves_placeholder,no_snapshot,none_in_metadata
"train_24934_claim_image",host_serves_placeholder+snapshots_are_placeholders,host_serves_placeholder,snapshots_are_placeholders,none_in_metadata
"train_24937_document_image",blocked_403+snapshot_verdict,blocked_403,snapshot_verdict,none_in_metadata
"train_24946_document_image",host_serves_placeholder+no_snapshot,host_serves_placeholder,no_snapshot,none_in_metadata
"train_24951_claim_image",host_serves_placeholder+snapshots_are_placeholders,host_serves_placeholder,snapshots_are_placeholders,none_in_metadata
"train_24953_claim_image",fetched_furniture+no_snapshot,fetched_furniture,no_snapshot,none_in_metadata
"train_24960_claim_image",host_serves_placeholder+snapshots_are_placeholders,host_serves_placeholder,snapshots_are_placeholders,none_in_metadata
"train_24964_document_image",blocked_403+no_snapshot,blocked_403,no_snapshot,none_in_metadata
"train_24978_claim_image",fetched_furniture+no_snapshot,fetched_furniture,no_snapshot,none_in_metadata
"train_24979_document_image",blocked_403+snapshot_verdict,blocked_403,snapshot_verdict,none_in_metadata
"train_24984_document_image",host_serves_placeholder+snapshots_are_placeholders,host_serves_placeholder,snapshots_are_placeholders,none_in_metadata
"train_24987_claim_image",blocked_403+snapshot_verdict,blocked_403,snapshot_verdict,none_in_metadata
"train_24990_document_image",blocked_403+no_snapshot,blocked_403,no_snapshot,none_in_metadata
"train_24993_document_image",blocked_403+snapshots_are_placeholders,blocked_403,snapshots_are_placeholders,none_in_metadata
"train_25011_document_image",blocked_403+no_snapshot,blocked_403,no_snapshot,none_in_metadata
"train_25012_claim_image",fetched_furniture+snapshots_are_placeholders,fetched_furniture,snapshots_are_placeholders,none_in_metadata
"train_25015_claim_image",host_serves_placeholder+snapshot_furniture,host_serves_placeholder,snapshot_furniture,none_in_metadata
"train_25024_claim_image",host_serves_placeholder+snapshot_furniture,host_serves_placeholder,snapshot_furniture,none_in_metadata
"train_2503_document_image",blocked_403+no_snapshot,blocked_403,no_snapshot,none_in_metadata
"train_25041_claim_image",host_serves_placeholder+snapshots_are_placeholders,host_serves_placeholder,snapshots_are_placeholders,none_in_metadata
"train_25045_claim_image",host_serves_placeholder+snapshot_furniture,host_serves_placeholder,snapshot_furniture,none_in_metadata
"train_25050_document_image",blocked_403+no_snapshot,blocked_403,no_snapshot,none_in_metadata
"train_25059_document_image",host_serves_placeholder+no_snapshot,host_serves_placeholder,no_snapshot,none_in_metadata
"train_25063_document_image",host_serves_placeholder+snapshots_are_placeholders,host_serves_placeholder,snapshots_are_placeholders,none_in_metadata
"train_25080_document_image",host_serves_placeholder+snapshots_are_placeholders,host_serves_placeholder,snapshots_are_placeholders,none_in_metadata
"train_25093_claim_image",host_serves_placeholder+no_snapshot,host_serves_placeholder,no_snapshot,none_in_metadata
"train_25106_claim_image",host_serves_placeholder+archive_refuses_host_404,host_serves_placeholder,archive_refuses_host_404,none_in_metadata
"train_25116_document_image",host_serves_placeholder+snapshots_are_placeholders,host_serves_placeholder,snapshots_are_placeholders,none_in_metadata
"train_25143_document_image",host_serves_placeholder+snapshots_are_placeholders,host_serves_placeholder,snapshots_are_placeholders,none_in_metadata
"train_25146_claim_image",fetched_furniture+no_snapshot,fetched_furniture,no_snapshot,none_in_metadata
"train_25147_claim_image",host_serves_placeholder+snapshots_are_placeholders,host_serves_placeholder,snapshots_are_placeholders,none_in_metadata
"train_25147_document_image",blocked_403+snapshot_verdict,blocked_403,snapshot_verdict,none_in_metadata
"train_25153_document_image",host_serves_placeholder+snapshots_are_placeholders,host_serves_placeholder,snapshots_are_placeholders,none_in_metadata
"train_25158_claim_image",blocked_403+snapshot_verdict,blocked_403,snapshot_verdict,none_in_metadata
"train_25181_document_image",host_serves_placeholder+snapshots_are_placeholders,host_serves_placeholder,snapshots_are_placeholders,none_in_metadata
"train_251_claim_image",blocked_403+no_snapshot,blocked_403,no_snapshot,none_in_metadata
"train_25210_claim_image",host_serves_placeholder+snapshots_are_placeholders,host_serves_placeholder,snapshots_are_placeholders,none_in_metadata
"train_25232_claim_image",host_serves_placeholder+no_snapshot,host_serves_placeholder,no_snapshot,none_in_metadata
"train_25246_document_image",host_serves_placeholder+no_snapshot,host_serves_placeholder,no_snapshot,none_in_metadata
"train_25247_document_image",host_serves_placeholder+snapshot_verdict,host_serves_placeholder,snapshot_verdict,none_in_metadata
"train_25260_document_image",host_serves_placeholder+no_snapshot,host_serves_placeholder,no_snapshot,none_in_metadata
"train_25262_document_image",host_serves_placeholder+snapshots_are_placeholders,host_serves_placeholder,snapshots_are_placeholders,none_in_metadata
"train_25273_claim_image",host_serves_placeholder+no_snapshot,host_serves_placeholder,no_snapshot,none_in_metadata
"train_25275_document_image",host_serves_placeholder+no_snapshot,host_serves_placeholder,no_snapshot,none_in_metadata
"train_2527_document_image",host_serves_placeholder+no_snapshot,host_serves_placeholder,no_snapshot,none_in_metadata
"train_25284_document_image",host_serves_placeholder+no_snapshot,host_serves_placeholder,no_snapshot,none_in_metadata
"train_25300_document_image",blocked_403+no_snapshot,blocked_403,no_snapshot,none_in_metadata
"train_25303_document_image",host_serves_placeholder+no_snapshot,host_serves_placeholder,no_snapshot,none_in_metadata
"train_25305_claim_image",blocked_403+snapshot_verdict,blocked_403,snapshot_verdict,none_in_metadata
"train_25320_claim_image",host_serves_placeholder+snapshots_are_placeholders,host_serves_placeholder,snapshots_are_placeholders,none_in_metadata
"train_25326_claim_image",gone_404+no_snapshot,gone_404,no_snapshot,none_in_metadata
"train_25337_document_image",host_serves_placeholder+snapshots_are_placeholders,host_serves_placeholder,snapshots_are_placeholders,none_in_metadata
"train_2534_document_image",host_serves_placeholder+no_snapshot,host_serves_placeholder,no_snapshot,none_in_metadata
"train_25356_claim_image",blocked_403+snapshot_verdict,blocked_403,snapshot_verdict,none_in_metadata
"train_25359_document_image",gone_404+no_snapshot,gone_404,no_snapshot,none_in_metadata
"train_25367_claim_image",host_serves_placeholder+snapshot_furniture,host_serves_placeholder,snapshot_furniture,none_in_metadata
"train_25375_claim_image",fetched_furniture+no_snapshot,fetched_furniture,no_snapshot,none_in_metadata
"train_25383_claim_image",host_serves_placeholder+no_snapshot,host_serves_placeholder,no_snapshot,none_in_metadata
"train_25398_claim_image",host_serves_placeholder+snapshot_furniture,host_serves_placeholder,snapshot_furniture,none_in_metadata
"train_25410_claim_image",gone_404+no_snapshot,gone_404,no_snapshot,none_in_metadata
"train_25410_document_image",blocked_403+no_snapshot,blocked_403,no_snapshot,none_in_metadata
"train_25417_document_image",host_serves_placeholder+no_snapshot,host_serves_placeholder,no_snapshot,none_in_metadata
"train_25423_document_image",host_serves_placeholder+no_snapshot,host_serves_placeholder,no_snapshot,none_in_metadata
"train_25427_document_image",host_serves_placeholder+snapshots_are_placeholders,host_serves_placeholder,snapshots_are_placeholders,none_in_metadata
"train_25440_document_image",host_serves_placeholder+snapshots_are_placeholders,host_serves_placeholder,snapshots_are_placeholders,none_in_metadata
"train_25446_document_image",host_serves_placeholder+no_snapshot,host_serves_placeholder,no_snapshot,none_in_metadata
"train_25455_claim_image",fetched_furniture+no_snapshot,fetched_furniture,no_snapshot,none_in_metadata
"train_25483_document_image",host_serves_placeholder+snapshots_are_placeholders,host_serves_placeholder,snapshots_are_placeholders,none_in_metadata
"train_25497_document_image",host_serves_placeholder+no_snapshot,host_serves_placeholder,no_snapshot,none_in_metadata
"train_25499_document_image",host_serves_placeholder+snapshots_are_placeholders,host_serves_placeholder,snapshots_are_placeholders,none_in_metadata
"train_25502_document_image",host_serves_placeholder+no_snapshot,host_serves_placeholder,no_snapshot,none_in_metadata
"train_25505_document_image",blocked_403+no_snapshot,blocked_403,no_snapshot,none_in_metadata
"train_25510_document_image",host_serves_placeholder+snapshots_are_placeholders,host_serves_placeholder,snapshots_are_placeholders,none_in_metadata
"train_25513_claim_image",host_serves_placeholder+snapshots_are_placeholders,host_serves_placeholder,snapshots_are_placeholders,none_in_metadata
"train_25519_document_image",blocked_403+no_snapshot,blocked_403,no_snapshot,none_in_metadata
"train_25523_document_image",host_serves_placeholder+snapshots_are_placeholders,host_serves_placeholder,snapshots_are_placeholders,none_in_metadata
"train_25537_document_image",host_serves_placeholder+snapshots_are_placeholders,host_serves_placeholder,snapshots_are_placeholders,none_in_metadata
"train_2553_document_image",host_serves_placeholder+snapshots_are_placeholders,host_serves_placeholder,snapshots_are_placeholders,none_in_metadata
"train_25543_claim_image",host_serves_placeholder+snapshots_are_placeholders,host_serves_placeholder,snapshots_are_placeholders,none_in_metadata
"train_25552_document_image",host_serves_placeholder+no_snapshot,host_serves_placeholder,no_snapshot,none_in_metadata
"train_25553_document_image",host_serves_placeholder+snapshots_are_placeholders,host_serves_placeholder,snapshots_are_placeholders,none_in_metadata
"train_25568_document_image",blocked_403+no_snapshot,blocked_403,no_snapshot,none_in_metadata
"train_25571_document_image",host_serves_placeholder+snapshot_verdict,host_serves_placeholder,snapshot_verdict,none_in_metadata
"train_25604_document_image",host_serves_placeholder+no_snapshot,host_serves_placeholder,no_snapshot,none_in_metadata
"train_25608_claim_image",host_serves_placeholder+no_snapshot,host_serves_placeholder,no_snapshot,none_in_metadata
"train_25613_document_image",host_serves_placeholder+no_snapshot,host_serves_placeholder,no_snapshot,none_in_metadata
"train_25622_document_image",host_serves_placeholder+no_snapshot,host_serves_placeholder,no_snapshot,none_in_metadata
"train_25624_document_image",blocked_403+no_snapshot,blocked_403,no_snapshot,none_in_metadata
"train_25629_document_image",host_serves_placeholder+no_snapshot,host_serves_placeholder,no_snapshot,none_in_metadata
"train_25638_document_image",blocked_403+no_snapshot,blocked_403,no_snapshot,none_in_metadata
"train_25646_claim_image",gone_404+no_snapshot,gone_404,no_snapshot,none_in_metadata
"train_25646_document_image",blocked_403+no_snapshot,blocked_403,no_snapshot,none_in_metadata
"train_25649_claim_image",host_serves_placeholder+snapshots_are_placeholders,host_serves_placeholder,snapshots_are_placeholders,none_in_metadata
"train_25660_document_image",host_serves_placeholder+snapshots_are_placeholders,host_serves_placeholder,snapshots_are_placeholders,none_in_metadata
"train_25670_document_image",blocked_403+no_snapshot,blocked_403,no_snapshot,none_in_metadata
"train_25684_document_image",blocked_403+no_snapshot,blocked_403,no_snapshot,none_in_metadata
"train_25691_claim_image",fetched_furniture+no_snapshot,fetched_furniture,no_snapshot,none_in_metadata
"train_25701_document_image",blocked_403+no_snapshot,blocked_403,no_snapshot,none_in_metadata
"train_25709_document_image",blocked_403+no_snapshot,blocked_403,no_snapshot,none_in_metadata
"train_2572_document_image",host_serves_placeholder+snapshots_are_placeholders,host_serves_placeholder,snapshots_are_placeholders,none_in_metadata
"train_25744_document_image",host_serves_placeholder+no_snapshot,host_serves_placeholder,no_snapshot,none_in_metadata
"train_25747_document_image",host_serves_placeholder+no_snapshot,host_serves_placeholder,no_snapshot,none_in_metadata
"train_25751_document_image",host_serves_placeholder+snapshots_are_placeholders,host_serves_placeholder,snapshots_are_placeholders,none_in_metadata
"train_25771_document_image",blocked_403+no_snapshot,blocked_403,no_snapshot,none_in_metadata
"train_25785_document_image",blocked_403+snapshot_verdict,blocked_403,snapshot_verdict,none_in_metadata
"train_25789_document_image",blocked_403+no_snapshot,blocked_403,no_snapshot,none_in_metadata
"train_25796_document_image",host_serves_placeholder+snapshots_are_placeholders,host_serves_placeholder,snapshots_are_placeholders,none_in_metadata
"train_25811_claim_image",blocked_403+snapshot_verdict,blocked_403,snapshot_verdict,none_in_metadata
"train_25819_document_image",blocked_403+no_snapshot,blocked_403,no_snapshot,none_in_metadata
"train_2581_claim_image",blocked_403+snapshot_verdict,blocked_403,snapshot_verdict,none_in_metadata
"train_2581_document_image",blocked_403+snapshot_verdict,blocked_403,snapshot_verdict,none_in_metadata
"train_25834_document_image",blocked_403+no_snapshot,blocked_403,no_snapshot,none_in_metadata
"train_25838_document_image",host_serves_placeholder+snapshots_are_placeholders,host_serves_placeholder,snapshots_are_placeholders,none_in_metadata
"train_25839_claim_image",blocked_403+no_snapshot,blocked_403,no_snapshot,none_in_metadata
"train_25839_document_image",blocked_403+no_snapshot,blocked_403,no_snapshot,none_in_metadata
"train_25842_claim_image",host_serves_placeholder+snapshots_are_placeholders,host_serves_placeholder,snapshots_are_placeholders,none_in_metadata
"train_25846_claim_image",host_serves_placeholder+no_snapshot,host_serves_placeholder,no_snapshot,none_in_metadata
"train_25850_document_image",host_serves_placeholder+no_snapshot,host_serves_placeholder,no_snapshot,none_in_metadata
"train_25864_document_image",blocked_403+no_snapshot,blocked_403,no_snapshot,none_in_metadata
"train_25875_document_image",host_serves_placeholder+no_snapshot,host_serves_placeholder,no_snapshot,none_in_metadata
"train_25895_claim_image",host_serves_placeholder+no_snapshot,host_serves_placeholder,no_snapshot,none_in_metadata
"train_2589_claim_image",dns_failure+no_snapshot,dns_failure,no_snapshot,none_in_metadata
"train_2589_document_image",blocked_403+no_snapshot,blocked_403,no_snapshot,none_in_metadata
"train_25907_document_image",host_serves_placeholder+snapshots_are_placeholders,host_serves_placeholder,snapshots_are_placeholders,none_in_metadata
"train_25915_document_image",host_serves_placeholder+no_snapshot,host_serves_placeholder,no_snapshot,none_in_metadata
"train_25920_claim_image",host_serves_placeholder+no_snapshot,host_serves_placeholder,no_snapshot,none_in_metadata
"train_25922_document_image",host_serves_placeholder+no_snapshot,host_serves_placeholder,no_snapshot,none_in_metadata
"train_25929_document_image",blocked_403+no_snapshot,blocked_403,no_snapshot,none_in_metadata
"train_25935_document_image",blocked_403+no_snapshot,blocked_403,no_snapshot,none_in_metadata
"train_25947_claim_image",host_serves_placeholder+snapshots_are_placeholders,host_serves_placeholder,snapshots_are_placeholders,none_in_metadata
"train_25955_document_image",host_serves_placeholder+no_snapshot,host_serves_placeholder,no_snapshot,none_in_metadata
"train_25962_claim_image",host_serves_placeholder+snapshots_are_placeholders,host_serves_placeholder,snapshots_are_placeholders,none_in_metadata
"train_25963_claim_image",blocked_403+no_snapshot,blocked_403,no_snapshot,none_in_metadata
"train_25963_document_image",blocked_403+no_snapshot,blocked_403,no_snapshot,none_in_metadata
"train_25964_document_image",host_serves_placeholder+snapshots_are_placeholders,host_serves_placeholder,snapshots_are_placeholders,none_in_metadata
"train_25976_claim_image",host_serves_placeholder+snapshot_furniture,host_serves_placeholder,snapshot_furniture,none_in_metadata
"train_2597_claim_image",blocked_403+no_snapshot,blocked_403,no_snapshot,none_in_metadata
"train_2597_document_image",blocked_403+no_snapshot,blocked_403,no_snapshot,none_in_metadata
"train_25986_claim_image",host_serves_placeholder+snapshots_are_placeholders,host_serves_placeholder,snapshots_are_placeholders,none_in_metadata
"train_2598_claim_image",host_serves_placeholder+no_snapshot,host_serves_placeholder,no_snapshot,none_in_metadata
"train_26019_claim_image",host_serves_placeholder+no_snapshot,host_serves_placeholder,no_snapshot,none_in_metadata
"train_26023_document_image",host_serves_placeholder+snapshots_are_placeholders,host_serves_placeholder,snapshots_are_placeholders,none_in_metadata
"train_26043_document_image",blocked_403+no_snapshot,blocked_403,no_snapshot,none_in_metadata
"train_26067_document_image",host_serves_placeholder+no_snapshot,host_serves_placeholder,no_snapshot,none_in_metadata
"train_26089_claim_image",fetched_furniture+no_snapshot,fetched_furniture,no_snapshot,none_in_metadata
"train_26097_document_image",host_serves_placeholder+no_snapshot,host_serves_placeholder,no_snapshot,none_in_metadata
"train_26101_document_image",host_serves_placeholder+snapshots_are_placeholders,host_serves_placeholder,snapshots_are_placeholders,none_in_metadata
"train_26127_claim_image",fetched_furniture+no_snapshot,fetched_furniture,no_snapshot,none_in_metadata
"train_26142_claim_image",fetched_furniture+no_snapshot,fetched_furniture,no_snapshot,none_in_metadata
"train_2615_document_image",host_serves_placeholder+no_snapshot,host_serves_placeholder,no_snapshot,none_in_metadata
"train_26170_claim_image",host_serves_placeholder+snapshots_are_placeholders,host_serves_placeholder,snapshots_are_placeholders,none_in_metadata
"train_26172_claim_image",host_serves_placeholder+snapshots_are_placeholders,host_serves_placeholder,snapshots_are_placeholders,none_in_metadata
"train_26195_claim_image",host_serves_placeholder+no_snapshot,host_serves_placeholder,no_snapshot,none_in_metadata
"train_26197_document_image",host_serves_placeholder+snapshots_are_placeholders,host_serves_placeholder,snapshots_are_placeholders,none_in_metadata
"train_26200_document_image",host_serves_placeholder+snapshots_are_placeholders,host_serves_placeholder,snapshots_are_placeholders,none_in_metadata
"train_26204_document_image",blocked_403+no_snapshot,blocked_403,no_snapshot,none_in_metadata
"train_26207_claim_image",unreachable_ssl_error+no_snapshot,unreachable_ssl_error,no_snapshot,none_in_metadata
"train_26210_claim_image",host_serves_placeholder+no_snapshot,host_serves_placeholder,no_snapshot,none_in_metadata
"train_26219_claim_image",host_serves_placeholder+snapshot_verdict,host_serves_placeholder,snapshot_verdict,none_in_metadata
"train_26220_claim_image",host_serves_placeholder+no_snapshot,host_serves_placeholder,no_snapshot,none_in_metadata
"train_26234_document_image",blocked_403+no_snapshot,blocked_403,no_snapshot,none_in_metadata
"train_26239_claim_image",host_serves_placeholder+snapshots_are_placeholders,host_serves_placeholder,snapshots_are_placeholders,none_in_metadata
"train_26247_claim_image",host_serves_placeholder+no_snapshot,host_serves_placeholder,no_snapshot,none_in_metadata
"train_2624_document_image",blocked_403+no_snapshot,blocked_403,no_snapshot,none_in_metadata
"train_26259_claim_image",blocked_403+snapshot_verdict,blocked_403,snapshot_verdict,none_in_metadata
"train_2625_claim_image",host_serves_placeholder+snapshot_furniture,host_serves_placeholder,snapshot_furniture,none_in_metadata
"train_26260_document_image",host_serves_placeholder+snapshots_are_placeholders,host_serves_placeholder,snapshots_are_placeholders,none_in_metadata
"train_26262_claim_image",host_serves_placeholder+snapshots_are_placeholders,host_serves_placeholder,snapshots_are_placeholders,none_in_metadata
"train_26263_document_image",blocked_403+no_snapshot,blocked_403,no_snapshot,none_in_metadata
"train_26273_document_image",host_serves_placeholder+snapshot_verdict,host_serves_placeholder,snapshot_verdict,none_in_metadata
"train_26274_claim_image",host_serves_placeholder+no_snapshot,host_serves_placeholder,no_snapshot,none_in_metadata
"train_26276_document_image",host_serves_placeholder+snapshots_are_placeholders,host_serves_placeholder,snapshots_are_placeholders,none_in_metadata
"train_2628_document_image",host_serves_placeholder+no_snapshot,host_serves_placeholder,no_snapshot,none_in_metadata
"train_26308_document_image",host_serves_placeholder+snapshots_are_placeholders,host_serves_placeholder,snapshots_are_placeholders,none_in_metadata
"train_26318_claim_image",blocked_403+snapshot_verdict,blocked_403,snapshot_verdict,none_in_metadata
"train_26318_document_image",blocked_403+snapshot_verdict,blocked_403,snapshot_verdict,none_in_metadata
"train_26321_document_image",host_serves_placeholder+no_snapshot,host_serves_placeholder,no_snapshot,none_in_metadata
"train_26325_claim_image",host_serves_placeholder+no_snapshot,host_serves_placeholder,no_snapshot,none_in_metadata
"train_2632_document_image",blocked_403+snapshot_verdict,blocked_403,snapshot_verdict,none_in_metadata
"train_26355_claim_image",blocked_403+snapshot_verdict,blocked_403,snapshot_verdict,none_in_metadata
"train_26355_document_image",blocked_403+no_snapshot,blocked_403,no_snapshot,none_in_metadata
"train_2635_claim_image",host_serves_placeholder+snapshot_furniture,host_serves_placeholder,snapshot_furniture,none_in_metadata
"train_26368_document_image",host_serves_placeholder+no_snapshot,host_serves_placeholder,no_snapshot,none_in_metadata
"train_26377_claim_image",host_serves_placeholder+snapshots_are_placeholders,host_serves_placeholder,snapshots_are_placeholders,none_in_metadata
"train_26383_document_image",host_serves_placeholder+no_snapshot,host_serves_placeholder,no_snapshot,none_in_metadata
"train_26384_document_image",blocked_403+no_snapshot,blocked_403,no_snapshot,none_in_metadata
"train_26387_document_image",host_serves_placeholder+snapshots_are_placeholders,host_serves_placeholder,snapshots_are_placeholders,none_in_metadata
"train_26390_document_image",host_serves_placeholder+snapshots_are_placeholders,host_serves_placeholder,snapshots_are_placeholders,none_in_metadata
"train_26403_document_image",host_serves_placeholder+no_snapshot,host_serves_placeholder,no_snapshot,none_in_metadata
"train_26431_claim_image",host_serves_placeholder+snapshot_furniture,host_serves_placeholder,snapshot_furniture,none_in_metadata
"train_26448_document_image",host_serves_placeholder+no_snapshot,host_serves_placeholder,no_snapshot,none_in_metadata
"train_26454_document_image",blocked_403+no_snapshot,blocked_403,no_snapshot,none_in_metadata
"train_26455_document_image",blocked_403+snapshot_verdict,blocked_403,snapshot_verdict,none_in_metadata
"train_2645_claim_image",host_serves_placeholder+snapshot_furniture,host_serves_placeholder,snapshot_furniture,none_in_metadata
"train_26468_claim_image",gone_404+no_snapshot,gone_404,no_snapshot,none_in_metadata
"train_2647_document_image",host_serves_placeholder+no_snapshot,host_serves_placeholder,no_snapshot,none_in_metadata
"train_26504_document_image",blocked_403+no_snapshot,blocked_403,no_snapshot,none_in_metadata
"train_26525_claim_image",host_serves_placeholder+snapshot_furniture,host_serves_placeholder,snapshot_furniture,none_in_metadata
"train_26526_document_image",host_serves_placeholder+snapshots_are_placeholders,host_serves_placeholder,snapshots_are_placeholders,none_in_metadata
"train_26535_claim_image",gone_404+snapshot_verdict,gone_404,snapshot_verdict,none_in_metadata
"train_26535_document_image",blocked_403+snapshot_verdict,blocked_403,snapshot_verdict,none_in_metadata
"train_26543_claim_image",host_serves_placeholder+snapshots_are_placeholders,host_serves_placeholder,snapshots_are_placeholders,none_in_metadata
"train_26544_document_image",blocked_403+snapshot_verdict,blocked_403,snapshot_verdict,none_in_metadata
"train_26550_document_image",host_serves_placeholder+no_snapshot,host_serves_placeholder,no_snapshot,none_in_metadata
"train_26560_claim_image",host_serves_placeholder+no_snapshot,host_serves_placeholder,no_snapshot,none_in_metadata
"train_26562_claim_image",blocked_403+no_snapshot,blocked_403,no_snapshot,none_in_metadata
"train_26563_document_image",host_serves_placeholder+snapshots_are_placeholders,host_serves_placeholder,snapshots_are_placeholders,none_in_metadata
"train_26574_document_image",blocked_403+no_snapshot,blocked_403,no_snapshot,none_in_metadata
"train_26584_claim_image",blocked_403+no_snapshot,blocked_403,no_snapshot,none_in_metadata
"train_26584_document_image",blocked_403+no_snapshot,blocked_403,no_snapshot,none_in_metadata
"train_26586_claim_image",host_serves_placeholder+snapshot_furniture,host_serves_placeholder,snapshot_furniture,none_in_metadata
"train_26604_document_image",blocked_403+no_snapshot,blocked_403,no_snapshot,none_in_metadata
"train_26607_document_image",host_serves_placeholder+snapshots_are_placeholders,host_serves_placeholder,snapshots_are_placeholders,none_in_metadata
"train_26620_document_image",blocked_403+no_snapshot,blocked_403,no_snapshot,none_in_metadata
"train_26622_document_image",host_serves_placeholder+snapshots_are_placeholders,host_serves_placeholder,snapshots_are_placeholders,none_in_metadata
"train_26627_document_image",host_serves_placeholder+snapshots_are_placeholders,host_serves_placeholder,snapshots_are_placeholders,none_in_metadata
"train_26632_document_image",host_serves_placeholder+no_snapshot,host_serves_placeholder,no_snapshot,none_in_metadata
"train_26643_claim_image",blocked_403+snapshot_verdict,blocked_403,snapshot_verdict,none_in_metadata
"train_26649_claim_image",host_serves_placeholder+no_snapshot,host_serves_placeholder,no_snapshot,none_in_metadata
"train_2664_document_image",host_serves_placeholder+no_snapshot,host_serves_placeholder,no_snapshot,none_in_metadata
"train_26656_document_image",host_serves_placeholder+snapshots_are_placeholders,host_serves_placeholder,snapshots_are_placeholders,none_in_metadata
"train_2665_document_image",blocked_403+snapshot_verdict,blocked_403,snapshot_verdict,none_in_metadata
"train_26664_claim_image",blocked_403+snapshot_verdict,blocked_403,snapshot_verdict,none_in_metadata
"train_26664_document_image",blocked_403+snapshot_verdict,blocked_403,snapshot_verdict,none_in_metadata
"train_26671_claim_image",host_serves_placeholder+no_snapshot,host_serves_placeholder,no_snapshot,none_in_metadata
"train_26680_claim_image",host_serves_placeholder+snapshot_furniture,host_serves_placeholder,snapshot_furniture,none_in_metadata
"train_26687_document_image",blocked_403+no_snapshot,blocked_403,no_snapshot,none_in_metadata
"train_2668_document_image",host_serves_placeholder+snapshots_are_placeholders,host_serves_placeholder,snapshots_are_placeholders,none_in_metadata
"train_26703_document_image",host_serves_placeholder+snapshots_are_placeholders,host_serves_placeholder,snapshots_are_placeholders,none_in_metadata
"train_2670_document_image",blocked_403+snapshot_verdict,blocked_403,snapshot_verdict,none_in_metadata
"train_26718_document_image",host_serves_placeholder+no_snapshot,host_serves_placeholder,no_snapshot,none_in_metadata
"train_2671_claim_image",blocked_403+snapshot_verdict,blocked_403,snapshot_verdict,none_in_metadata
"train_2671_document_image",blocked_403+snapshot_verdict,blocked_403,snapshot_verdict,none_in_metadata
"train_26725_document_image",host_serves_placeholder+no_snapshot,host_serves_placeholder,no_snapshot,none_in_metadata
"train_26727_claim_image",host_serves_placeholder+snapshot_furniture,host_serves_placeholder,snapshot_furniture,none_in_metadata
"train_26735_document_image",host_serves_placeholder+no_snapshot,host_serves_placeholder,no_snapshot,none_in_metadata
"train_26739_document_image",host_serves_placeholder+snapshots_are_placeholders,host_serves_placeholder,snapshots_are_placeholders,none_in_metadata
"train_26760_claim_image",host_serves_placeholder+snapshots_are_placeholders,host_serves_placeholder,snapshots_are_placeholders,none_in_metadata
"train_26761_document_image",blocked_403+snapshot_verdict,blocked_403,snapshot_verdict,none_in_metadata
"train_26775_claim_image",host_serves_placeholder+snapshot_furniture,host_serves_placeholder,snapshot_furniture,none_in_metadata
"train_26783_claim_image",host_serves_placeholder+snapshot_furniture,host_serves_placeholder,snapshot_furniture,none_in_metadata
"train_26792_document_image",host_serves_placeholder+no_snapshot,host_serves_placeholder,no_snapshot,none_in_metadata
"train_26799_document_image",blocked_403+no_snapshot,blocked_403,no_snapshot,none_in_metadata
"train_26803_document_image",host_serves_placeholder+snapshots_are_placeholders,host_serves_placeholder,snapshots_are_placeholders,none_in_metadata
"train_26804_document_image",host_serves_placeholder+snapshots_are_placeholders,host_serves_placeholder,snapshots_are_placeholders,none_in_metadata
"train_26808_claim_image",host_serves_placeholder+snapshots_are_placeholders,host_serves_placeholder,snapshots_are_placeholders,none_in_metadata
"train_26813_document_image",host_serves_placeholder+snapshot_furniture,host_serves_placeholder,snapshot_furniture,none_in_metadata
"train_26838_document_image",host_serves_placeholder+snapshot_furniture,host_serves_placeholder,snapshot_furniture,none_in_metadata
"train_26844_document_image",host_serves_placeholder+no_snapshot,host_serves_placeholder,no_snapshot,none_in_metadata
"train_26850_document_image",host_serves_placeholder+no_snapshot,host_serves_placeholder,no_snapshot,none_in_metadata
"train_26866_claim_image",host_serves_placeholder+snapshots_are_placeholders,host_serves_placeholder,snapshots_are_placeholders,none_in_metadata
"train_26871_claim_image",host_serves_placeholder+snapshots_are_placeholders,host_serves_placeholder,snapshots_are_placeholders,none_in_metadata
"train_2687_document_image",host_serves_placeholder+no_snapshot,host_serves_placeholder,no_snapshot,none_in_metadata
"train_26883_claim_image",gone_404+no_snapshot,gone_404,no_snapshot,none_in_metadata
"train_26883_document_image",blocked_403+no_snapshot,blocked_403,no_snapshot,none_in_metadata
"train_26885_document_image",host_serves_placeholder+no_snapshot,host_serves_placeholder,no_snapshot,none_in_metadata
"train_26891_claim_image",fetched_furniture+no_snapshot,fetched_furniture,no_snapshot,none_in_metadata
"train_26895_document_image",host_serves_placeholder+no_snapshot,host_serves_placeholder,no_snapshot,none_in_metadata
"train_26896_document_image",host_serves_placeholder+no_snapshot,host_serves_placeholder,no_snapshot,none_in_metadata
"train_26898_claim_image",host_serves_placeholder+snapshots_are_placeholders,host_serves_placeholder,snapshots_are_placeholders,none_in_metadata
"train_26904_document_image",host_serves_placeholder+snapshot_verdict,host_serves_placeholder,snapshot_verdict,none_in_metadata
"train_26926_document_image",host_serves_placeholder+snapshots_are_placeholders,host_serves_placeholder,snapshots_are_placeholders,none_in_metadata
"train_26938_document_image",host_serves_placeholder+snapshot_verdict,host_serves_placeholder,snapshot_verdict,none_in_metadata
"train_26945_document_image",host_serves_placeholder+no_snapshot,host_serves_placeholder,no_snapshot,none_in_metadata
"train_26950_document_image",host_serves_placeholder+no_snapshot,host_serves_placeholder,no_snapshot,none_in_metadata
"train_26951_claim_image",host_serves_placeholder+snapshots_are_placeholders,host_serves_placeholder,snapshots_are_placeholders,none_in_metadata
"train_26951_document_image",blocked_403+no_snapshot,blocked_403,no_snapshot,none_in_metadata
"train_2695_document_image",blocked_403+no_snapshot,blocked_403,no_snapshot,none_in_metadata
"train_26967_claim_image",host_serves_placeholder+no_snapshot,host_serves_placeholder,no_snapshot,none_in_metadata
"train_26967_document_image",fetched_verdict+no_snapshot,fetched_verdict,no_snapshot,none_in_metadata
"train_26972_claim_image",host_serves_placeholder+no_snapshot,host_serves_placeholder,no_snapshot,none_in_metadata
"train_26975_document_image",blocked_403+snapshot_verdict,blocked_403,snapshot_verdict,none_in_metadata
"train_26976_document_image",host_serves_placeholder+snapshots_are_placeholders,host_serves_placeholder,snapshots_are_placeholders,none_in_metadata
"train_26987_claim_image",host_serves_placeholder+snapshots_are_placeholders,host_serves_placeholder,snapshots_are_placeholders,none_in_metadata
"train_26999_document_image",blocked_403+snapshot_verdict,blocked_403,snapshot_verdict,none_in_metadata
"train_27003_document_image",host_serves_placeholder+no_snapshot,host_serves_placeholder,no_snapshot,none_in_metadata
"train_27034_document_image",host_serves_placeholder+no_snapshot,host_serves_placeholder,no_snapshot,none_in_metadata
"train_27039_document_image",host_serves_placeholder+snapshots_are_placeholders,host_serves_placeholder,snapshots_are_placeholders,none_in_metadata
"train_27072_claim_image",fetched_furniture+no_snapshot,fetched_furniture,no_snapshot,none_in_metadata
"train_27088_document_image",host_serves_placeholder+snapshots_are_placeholders,host_serves_placeholder,snapshots_are_placeholders,none_in_metadata
"train_27096_claim_image",host_serves_placeholder+no_snapshot,host_serves_placeholder,no_snapshot,none_in_metadata
"train_2709_document_image",host_serves_placeholder+no_snapshot,host_serves_placeholder,no_snapshot,none_in_metadata
"train_27101_claim_image",host_serves_placeholder+snapshots_are_placeholders,host_serves_placeholder,snapshots_are_placeholders,none_in_metadata
"train_27102_document_image",host_serves_placeholder+snapshots_are_placeholders,host_serves_placeholder,snapshots_are_placeholders,none_in_metadata
"train_27107_document_image",blocked_403+no_snapshot,blocked_403,no_snapshot,none_in_metadata
"train_27114_document_image",host_serves_placeholder+no_snapshot,host_serves_placeholder,no_snapshot,none_in_metadata
"train_27124_claim_image",host_serves_placeholder+snapshots_are_placeholders,host_serves_placeholder,snapshots_are_placeholders,none_in_metadata
"train_27136_document_image",refused_http_415+no_snapshot,refused_http_415,no_snapshot,none_in_metadata
"train_27143_claim_image",host_serves_placeholder+snapshots_are_placeholders,host_serves_placeholder,snapshots_are_placeholders,none_in_metadata
"train_2716_claim_image",fetched_furniture+no_snapshot,fetched_furniture,no_snapshot,none_in_metadata
"train_27176_claim_image",host_serves_placeholder+snapshots_are_placeholders,host_serves_placeholder,snapshots_are_placeholders,none_in_metadata
"train_27186_claim_image",host_serves_placeholder+no_snapshot,host_serves_placeholder,no_snapshot,none_in_metadata
"train_27192_document_image",blocked_403+no_snapshot,blocked_403,no_snapshot,none_in_metadata
"train_271_claim_image",host_serves_placeholder+no_snapshot,host_serves_placeholder,no_snapshot,none_in_metadata
"train_27202_claim_image",host_serves_placeholder+no_snapshot,host_serves_placeholder,no_snapshot,none_in_metadata
"train_27206_document_image",blocked_403+no_snapshot,blocked_403,no_snapshot,none_in_metadata
"train_27210_document_image",blocked_403+no_snapshot,blocked_403,no_snapshot,none_in_metadata
"train_27213_document_image",host_serves_placeholder+no_snapshot,host_serves_placeholder,no_snapshot,none_in_metadata
"train_27230_claim_image",host_serves_placeholder+snapshot_furniture,host_serves_placeholder,snapshot_furniture,none_in_metadata
"train_27231_document_image",host_serves_placeholder+no_snapshot,host_serves_placeholder,no_snapshot,none_in_metadata
"train_27233_claim_image",blocked_403+snapshot_verdict,blocked_403,snapshot_verdict,none_in_metadata
"train_27234_claim_image",host_serves_placeholder+snapshots_are_placeholders,host_serves_placeholder,snapshots_are_placeholders,none_in_metadata
"train_27245_claim_image",host_serves_placeholder+snapshot_furniture,host_serves_placeholder,snapshot_furniture,none_in_metadata
"train_27258_document_image",host_serves_placeholder+snapshots_are_placeholders,host_serves_placeholder,snapshots_are_placeholders,none_in_metadata
"train_27259_document_image",blocked_403+no_snapshot,blocked_403,no_snapshot,none_in_metadata
"train_27261_document_image",blocked_403+snapshot_verdict,blocked_403,snapshot_verdict,none_in_metadata
"train_27266_document_image",blocked_403+no_snapshot,blocked_403,no_snapshot,none_in_metadata
"train_27268_claim_image",host_serves_placeholder+snapshots_are_placeholders,host_serves_placeholder,snapshots_are_placeholders,none_in_metadata
"train_27301_claim_image",fetched_furniture+no_snapshot,fetched_furniture,no_snapshot,none_in_metadata
"train_27308_document_image",host_serves_placeholder+no_snapshot,host_serves_placeholder,no_snapshot,none_in_metadata
"train_2730_claim_image",blocked_403+snapshot_verdict,blocked_403,snapshot_verdict,none_in_metadata
"train_2730_document_image",blocked_403+no_snapshot,blocked_403,no_snapshot,none_in_metadata
"train_27314_document_image",blocked_403+no_snapshot,blocked_403,no_snapshot,none_in_metadata
"train_27325_document_image",host_serves_placeholder+snapshots_are_placeholders,host_serves_placeholder,snapshots_are_placeholders,none_in_metadata
"train_27328_document_image",blocked_403+no_snapshot,blocked_403,no_snapshot,none_in_metadata
"train_27329_claim_image",blocked_403+snapshot_verdict,blocked_403,snapshot_verdict,none_in_metadata
"train_27329_document_image",blocked_403+no_snapshot,blocked_403,no_snapshot,none_in_metadata
"train_27333_claim_image",host_serves_placeholder+snapshots_are_placeholders,host_serves_placeholder,snapshots_are_placeholders,none_in_metadata
"train_27342_document_image",host_serves_placeholder+no_snapshot,host_serves_placeholder,no_snapshot,none_in_metadata
"train_27343_claim_image",host_serves_placeholder+snapshots_are_placeholders,host_serves_placeholder,snapshots_are_placeholders,none_in_metadata
"train_27346_claim_image",host_serves_placeholder+snapshots_are_placeholders,host_serves_placeholder,snapshots_are_placeholders,none_in_metadata
"train_27347_claim_image",host_serves_placeholder+snapshot_furniture,host_serves_placeholder,snapshot_furniture,none_in_metadata
"train_27360_document_image",blocked_403+no_snapshot,blocked_403,no_snapshot,none_in_metadata
"train_27370_document_image",host_serves_placeholder+snapshots_are_placeholders,host_serves_placeholder,snapshots_are_placeholders,none_in_metadata
"train_27377_claim_image",host_serves_placeholder+no_snapshot,host_serves_placeholder,no_snapshot,none_in_metadata
"train_27377_document_image",fetched_verdict+no_snapshot,fetched_verdict,no_snapshot,none_in_metadata
"train_27378_document_image",host_serves_placeholder+no_snapshot,host_serves_placeholder,no_snapshot,none_in_metadata
"train_2738_claim_image",blocked_403+no_snapshot,blocked_403,no_snapshot,none_in_metadata
"train_273_claim_image",host_serves_placeholder+no_snapshot,host_serves_placeholder,no_snapshot,none_in_metadata
"train_27401_claim_image",fetched_furniture+no_snapshot,fetched_furniture,no_snapshot,none_in_metadata
"train_27405_claim_image",blocked_403+no_snapshot,blocked_403,no_snapshot,none_in_metadata
"train_27405_document_image",blocked_403+no_snapshot,blocked_403,no_snapshot,none_in_metadata
"train_27411_document_image",blocked_403+no_snapshot,blocked_403,no_snapshot,none_in_metadata
"train_27420_document_image",blocked_403+no_snapshot,blocked_403,no_snapshot,none_in_metadata
"train_27421_document_image",host_serves_placeholder+snapshots_are_placeholders,host_serves_placeholder,snapshots_are_placeholders,none_in_metadata
"train_27425_claim_image",blocked_403+no_snapshot,blocked_403,no_snapshot,none_in_metadata
"train_27425_document_image",blocked_403+no_snapshot,blocked_403,no_snapshot,none_in_metadata
"train_27426_document_image",blocked_403+no_snapshot,blocked_403,no_snapshot,none_in_metadata
"train_27432_document_image",blocked_403+no_snapshot,blocked_403,no_snapshot,none_in_metadata
"train_27437_document_image",host_serves_placeholder+no_snapshot,host_serves_placeholder,no_snapshot,none_in_metadata
"train_27444_claim_image",host_serves_placeholder+no_snapshot,host_serves_placeholder,no_snapshot,none_in_metadata
"train_27447_document_image",host_serves_placeholder+no_snapshot,host_serves_placeholder,no_snapshot,none_in_metadata
"train_27452_document_image",host_serves_placeholder+snapshots_are_placeholders,host_serves_placeholder,snapshots_are_placeholders,none_in_metadata
"train_27456_document_image",host_serves_placeholder+no_snapshot,host_serves_placeholder,no_snapshot,none_in_metadata
"train_27464_document_image",host_serves_placeholder+snapshot_verdict,host_serves_placeholder,snapshot_verdict,none_in_metadata
"train_2746_claim_image",fetched_furniture+no_snapshot,fetched_furniture,no_snapshot,none_in_metadata
"train_27487_claim_image",host_serves_non_image+no_snapshot,host_serves_non_image,no_snapshot,none_in_metadata
"train_27487_document_image",blocked_403+no_snapshot,blocked_403,no_snapshot,none_in_metadata
"train_2748_document_image",host_serves_placeholder+snapshots_are_placeholders,host_serves_placeholder,snapshots_are_placeholders,none_in_metadata
"train_27491_document_image",blocked_403+snapshot_verdict,blocked_403,snapshot_verdict,none_in_metadata
"train_27494_document_image",host_serves_placeholder+snapshots_are_placeholders,host_serves_placeholder,snapshots_are_placeholders,none_in_metadata
"train_27504_document_image",host_serves_placeholder+no_snapshot,host_serves_placeholder,no_snapshot,none_in_metadata
"train_27507_document_image",host_serves_placeholder+snapshot_verdict,host_serves_placeholder,snapshot_verdict,none_in_metadata
"train_27508_document_image",host_serves_placeholder+snapshots_are_placeholders,host_serves_placeholder,snapshots_are_placeholders,none_in_metadata
"train_27521_document_image",host_serves_placeholder+snapshots_are_placeholders,host_serves_placeholder,snapshots_are_placeholders,none_in_metadata
"train_27523_claim_image",blocked_403+snapshot_verdict,blocked_403,snapshot_verdict,none_in_metadata
"train_27523_document_image",blocked_403+no_snapshot,blocked_403,no_snapshot,none_in_metadata
"train_27526_document_image",host_serves_placeholder+no_snapshot,host_serves_placeholder,no_snapshot,none_in_metadata
"train_27527_claim_image",blocked_403+no_snapshot,blocked_403,no_snapshot,none_in_metadata
"train_27527_document_image",blocked_403+no_snapshot,blocked_403,no_snapshot,none_in_metadata
"train_27538_document_image",host_serves_placeholder+snapshots_are_placeholders,host_serves_placeholder,snapshots_are_placeholders,none_in_metadata
"train_27544_claim_image",host_serves_placeholder+snapshots_are_placeholders,host_serves_placeholder,snapshots_are_placeholders,none_in_metadata
"train_27550_document_image",host_serves_placeholder+snapshots_are_placeholders,host_serves_placeholder,snapshots_are_placeholders,none_in_metadata
"train_27567_claim_image",host_serves_non_image+no_snapshot,host_serves_non_image,no_snapshot,none_in_metadata
"train_27584_document_image",host_serves_placeholder+no_snapshot,host_serves_placeholder,no_snapshot,none_in_metadata
"train_27585_claim_image",blocked_403+no_snapshot,blocked_403,no_snapshot,none_in_metadata
"train_27585_document_image",blocked_403+no_snapshot,blocked_403,no_snapshot,none_in_metadata
"train_27595_document_image",blocked_403+no_snapshot,blocked_403,no_snapshot,none_in_metadata
"train_27617_document_image",host_serves_placeholder+snapshots_are_placeholders,host_serves_placeholder,snapshots_are_placeholders,none_in_metadata
"train_2761_claim_image",host_serves_placeholder+snapshots_are_placeholders,host_serves_placeholder,snapshots_are_placeholders,none_in_metadata
"train_27622_document_image",host_serves_placeholder+no_snapshot,host_serves_placeholder,no_snapshot,none_in_metadata
"train_27624_document_image",host_serves_placeholder+snapshots_are_placeholders,host_serves_placeholder,snapshots_are_placeholders,none_in_metadata
"train_27626_document_image",host_serves_placeholder+no_snapshot,host_serves_placeholder,no_snapshot,none_in_metadata
"train_27646_document_image",blocked_403+no_snapshot,blocked_403,no_snapshot,none_in_metadata
"train_2765_document_image",host_serves_placeholder+snapshots_are_placeholders,host_serves_placeholder,snapshots_are_placeholders,none_in_metadata
"train_27677_document_image",host_serves_placeholder+snapshots_are_placeholders,host_serves_placeholder,snapshots_are_placeholders,none_in_metadata
"train_27686_claim_image",host_serves_placeholder+snapshot_furniture,host_serves_placeholder,snapshot_furniture,none_in_metadata
"train_27691_claim_image",gone_404+no_snapshot,gone_404,no_snapshot,none_in_metadata
"train_27699_claim_image",blocked_403+snapshot_verdict,blocked_403,snapshot_verdict,none_in_metadata
"train_27700_claim_image",fetched_furniture+no_snapshot,fetched_furniture,no_snapshot,none_in_metadata
"train_27709_document_image",host_serves_placeholder+snapshots_are_placeholders,host_serves_placeholder,snapshots_are_placeholders,none_in_metadata
"train_27712_document_image",blocked_403+snapshot_verdict,blocked_403,snapshot_verdict,none_in_metadata
"train_27716_document_image",host_serves_placeholder+snapshots_are_placeholders,host_serves_placeholder,snapshots_are_placeholders,none_in_metadata
"train_2771_document_image",blocked_403+no_snapshot,blocked_403,no_snapshot,none_in_metadata
"train_27737_document_image",blocked_403+no_snapshot,blocked_403,no_snapshot,none_in_metadata
"train_27752_document_image",host_serves_placeholder+no_snapshot,host_serves_placeholder,no_snapshot,none_in_metadata
"train_27758_document_image",host_serves_placeholder+snapshot_verdict,host_serves_placeholder,snapshot_verdict,none_in_metadata
"train_2775_claim_image",blocked_403+snapshot_verdict,blocked_403,snapshot_verdict,none_in_metadata
"train_27765_document_image",blocked_403+no_snapshot,blocked_403,no_snapshot,none_in_metadata
"train_27767_document_image",host_serves_placeholder+no_snapshot,host_serves_placeholder,no_snapshot,none_in_metadata
"train_27770_claim_image",host_serves_placeholder+snapshot_furniture,host_serves_placeholder,snapshot_furniture,none_in_metadata
"train_27774_claim_image",blocked_403+snapshot_verdict,blocked_403,snapshot_verdict,none_in_metadata
"train_27774_document_image",blocked_403+snapshot_verdict,blocked_403,snapshot_verdict,none_in_metadata
"train_27778_document_image",host_serves_placeholder+no_snapshot,host_serves_placeholder,no_snapshot,none_in_metadata
"train_27782_claim_image",blocked_403+snapshot_verdict,blocked_403,snapshot_verdict,none_in_metadata
"train_27783_claim_image",fetched_furniture+no_snapshot,fetched_furniture,no_snapshot,none_in_metadata
"train_27808_claim_image",host_serves_placeholder+no_snapshot,host_serves_placeholder,no_snapshot,none_in_metadata
"train_27808_document_image",host_serves_placeholder+no_snapshot,host_serves_placeholder,no_snapshot,none_in_metadata
"train_2781_document_image",host_serves_placeholder+snapshots_are_placeholders,host_serves_placeholder,snapshots_are_placeholders,none_in_metadata
"train_27821_claim_image",fetched_furniture+no_snapshot,fetched_furniture,no_snapshot,none_in_metadata
"train_27831_document_image",blocked_403+no_snapshot,blocked_403,no_snapshot,none_in_metadata
"train_27832_document_image",host_serves_placeholder+no_snapshot,host_serves_placeholder,no_snapshot,none_in_metadata
"train_27833_document_image",host_serves_placeholder+no_snapshot,host_serves_placeholder,no_snapshot,none_in_metadata
"train_27834_claim_image",host_serves_placeholder+snapshots_are_placeholders,host_serves_placeholder,snapshots_are_placeholders,none_in_metadata
"train_27841_document_image",host_serves_placeholder+snapshots_are_placeholders,host_serves_placeholder,snapshots_are_placeholders,none_in_metadata
"train_27843_document_image",host_serves_placeholder+no_snapshot,host_serves_placeholder,no_snapshot,none_in_metadata
"train_27861_document_image",blocked_403+snapshot_verdict,blocked_403,snapshot_verdict,none_in_metadata
"train_27863_document_image",host_serves_placeholder+no_snapshot,host_serves_placeholder,no_snapshot,none_in_metadata
"train_27871_document_image",blocked_403+no_snapshot,blocked_403,no_snapshot,none_in_metadata
"train_27888_document_image",blocked_403+no_snapshot,blocked_403,no_snapshot,none_in_metadata
"train_27889_claim_image",fetched_furniture+no_snapshot,fetched_furniture,no_snapshot,none_in_metadata
"train_27895_document_image",host_serves_placeholder+no_snapshot,host_serves_placeholder,no_snapshot,none_in_metadata
"train_27899_document_image",host_serves_placeholder+snapshots_are_placeholders,host_serves_placeholder,snapshots_are_placeholders,none_in_metadata
"train_27924_claim_image",host_serves_placeholder+snapshot_furniture,host_serves_placeholder,snapshot_furniture,none_in_metadata
"train_27936_document_image",host_serves_placeholder+snapshots_are_placeholders,host_serves_placeholder,snapshots_are_placeholders,none_in_metadata
"train_27944_document_image",host_serves_placeholder+no_snapshot,host_serves_placeholder,no_snapshot,none_in_metadata
"train_27947_document_image",blocked_403+no_snapshot,blocked_403,no_snapshot,none_in_metadata
"train_27965_document_image",host_serves_placeholder+snapshots_are_placeholders,host_serves_placeholder,snapshots_are_placeholders,none_in_metadata
"train_27986_document_image",blocked_403+no_snapshot,blocked_403,no_snapshot,none_in_metadata
"train_27987_document_image",blocked_403+no_snapshot,blocked_403,no_snapshot,none_in_metadata
"train_28015_document_image",host_serves_placeholder+no_snapshot,host_serves_placeholder,no_snapshot,none_in_metadata
"train_28047_document_image",host_serves_placeholder+snapshots_are_placeholders,host_serves_placeholder,snapshots_are_placeholders,none_in_metadata
"train_28052_claim_image",blocked_403+snapshots_are_placeholders,blocked_403,snapshots_are_placeholders,none_in_metadata
"train_28062_document_image",blocked_403+no_snapshot,blocked_403,no_snapshot,none_in_metadata
"train_28064_claim_image",host_serves_placeholder+no_snapshot,host_serves_placeholder,no_snapshot,none_in_metadata
"train_28085_claim_image",fetched_furniture+no_snapshot,fetched_furniture,no_snapshot,none_in_metadata
"train_28088_claim_image",blocked_403+no_snapshot,blocked_403,no_snapshot,none_in_metadata
"train_28088_document_image",blocked_403+no_snapshot,blocked_403,no_snapshot,none_in_metadata
"train_28094_claim_image",gone_404+snapshot_verdict,gone_404,snapshot_verdict,none_in_metadata
"train_28113_document_image",host_serves_placeholder+snapshots_are_placeholders,host_serves_placeholder,snapshots_are_placeholders,none_in_metadata
"train_28129_claim_image",dns_failure+no_snapshot,dns_failure,no_snapshot,none_in_metadata
"train_28141_document_image",host_serves_placeholder+no_snapshot,host_serves_placeholder,no_snapshot,none_in_metadata
"train_28147_document_image",blocked_403+no_snapshot,blocked_403,no_snapshot,none_in_metadata
"train_2814_document_image",host_serves_placeholder+snapshots_are_placeholders,host_serves_placeholder,snapshots_are_placeholders,none_in_metadata
"train_28155_claim_image",host_serves_non_image+no_snapshot,host_serves_non_image,no_snapshot,none_in_metadata
"train_28163_document_image",host_serves_placeholder+no_snapshot,host_serves_placeholder,no_snapshot,none_in_metadata
"train_28170_document_image",host_serves_placeholder+snapshots_are_placeholders,host_serves_placeholder,snapshots_are_placeholders,none_in_metadata
"train_2817_claim_image",host_serves_placeholder+snapshots_are_placeholders,host_serves_placeholder,snapshots_are_placeholders,none_in_metadata
"train_28190_claim_image",blocked_403+no_snapshot,blocked_403,no_snapshot,none_in_metadata
"train_28197_document_image",host_serves_placeholder+no_snapshot,host_serves_placeholder,no_snapshot,none_in_metadata
"train_28198_document_image",blocked_403+no_snapshot,blocked_403,no_snapshot,none_in_metadata
"train_28201_document_image",dns_failure+no_snapshot,dns_failure,no_snapshot,none_in_metadata
"train_28205_document_image",host_serves_placeholder+snapshots_are_placeholders,host_serves_placeholder,snapshots_are_placeholders,none_in_metadata
"train_28206_claim_image",host_serves_placeholder+no_snapshot,host_serves_placeholder,no_snapshot,none_in_metadata
"train_28219_document_image",host_serves_placeholder+no_snapshot,host_serves_placeholder,no_snapshot,none_in_metadata
"train_28221_claim_image",gone_404+no_snapshot,gone_404,no_snapshot,none_in_metadata
"train_28222_document_image",blocked_403+no_snapshot,blocked_403,no_snapshot,none_in_metadata
"train_28231_claim_image",blocked_403+no_snapshot,blocked_403,no_snapshot,none_in_metadata
"train_28241_claim_image",blocked_403+snapshot_verdict,blocked_403,snapshot_verdict,none_in_metadata
"train_28242_document_image",host_serves_placeholder+no_snapshot,host_serves_placeholder,no_snapshot,none_in_metadata
"train_28255_document_image",host_serves_placeholder+no_snapshot,host_serves_placeholder,no_snapshot,none_in_metadata
"train_28271_document_image",blocked_403+snapshot_verdict,blocked_403,snapshot_verdict,none_in_metadata
"train_28276_claim_image",fetched_furniture+no_snapshot,fetched_furniture,no_snapshot,none_in_metadata
"train_2827_document_image",host_serves_placeholder+snapshot_verdict,host_serves_placeholder,snapshot_verdict,none_in_metadata
"train_28281_document_image",host_serves_placeholder+no_snapshot,host_serves_placeholder,no_snapshot,none_in_metadata
"train_28296_document_image",blocked_403+no_snapshot,blocked_403,no_snapshot,none_in_metadata
"train_28304_document_image",blocked_403+no_snapshot,blocked_403,no_snapshot,none_in_metadata
"train_28315_document_image",host_serves_placeholder+no_snapshot,host_serves_placeholder,no_snapshot,none_in_metadata
"train_28331_document_image",host_serves_placeholder+snapshots_are_placeholders,host_serves_placeholder,snapshots_are_placeholders,none_in_metadata
"train_28339_claim_image",host_serves_placeholder+snapshot_furniture,host_serves_placeholder,snapshot_furniture,none_in_metadata
"train_28342_document_image",host_serves_placeholder+snapshots_are_placeholders,host_serves_placeholder,snapshots_are_placeholders,none_in_metadata
"train_28349_document_image",host_serves_placeholder+snapshots_are_placeholders,host_serves_placeholder,snapshots_are_placeholders,none_in_metadata
"train_28381_document_image",host_serves_placeholder+snapshots_are_placeholders,host_serves_placeholder,snapshots_are_placeholders,none_in_metadata
"train_28386_document_image",host_serves_placeholder+snapshots_are_placeholders,host_serves_placeholder,snapshots_are_placeholders,none_in_metadata
"train_28388_document_image",host_serves_placeholder+snapshots_are_placeholders,host_serves_placeholder,snapshots_are_placeholders,none_in_metadata
"train_28395_claim_image",blocked_403+snapshot_verdict,blocked_403,snapshot_verdict,none_in_metadata
"train_28407_document_image",blocked_403+no_snapshot,blocked_403,no_snapshot,none_in_metadata
"train_28412_claim_image",blocked_403+no_snapshot,blocked_403,no_snapshot,none_in_metadata
"train_28432_claim_image",host_serves_placeholder+no_snapshot,host_serves_placeholder,no_snapshot,none_in_metadata
"train_2845_document_image",host_serves_placeholder+snapshots_are_placeholders,host_serves_placeholder,snapshots_are_placeholders,none_in_metadata
"train_28460_document_image",host_serves_placeholder+no_snapshot,host_serves_placeholder,no_snapshot,none_in_metadata
"train_28461_claim_image",gone_404+no_snapshot,gone_404,no_snapshot,none_in_metadata
"train_28464_claim_image",blocked_403+snapshot_verdict,blocked_403,snapshot_verdict,none_in_metadata
"train_28473_document_image",host_serves_placeholder+no_snapshot,host_serves_placeholder,no_snapshot,none_in_metadata
"train_28501_claim_image",host_serves_placeholder+no_snapshot,host_serves_placeholder,no_snapshot,none_in_metadata
"train_28502_claim_image",host_serves_placeholder+no_snapshot,host_serves_placeholder,no_snapshot,none_in_metadata
"train_28503_document_image",host_serves_placeholder+no_snapshot,host_serves_placeholder,no_snapshot,none_in_metadata
"train_28505_document_image",host_serves_placeholder+snapshots_are_placeholders,host_serves_placeholder,snapshots_are_placeholders,none_in_metadata
"train_28507_document_image",blocked_403+no_snapshot,blocked_403,no_snapshot,none_in_metadata
"train_28513_document_image",blocked_403+snapshot_verdict,blocked_403,snapshot_verdict,none_in_metadata
"train_28518_claim_image",host_serves_placeholder+snapshots_are_placeholders,host_serves_placeholder,snapshots_are_placeholders,none_in_metadata
"train_28528_document_image",blocked_403+no_snapshot,blocked_403,no_snapshot,none_in_metadata
"train_28536_claim_image",fetched_furniture+no_snapshot,fetched_furniture,no_snapshot,none_in_metadata
"train_28537_document_image",host_serves_placeholder+no_snapshot,host_serves_placeholder,no_snapshot,none_in_metadata
"train_28551_claim_image",host_serves_placeholder+no_snapshot,host_serves_placeholder,no_snapshot,none_in_metadata
"train_28555_document_image",host_serves_placeholder+snapshots_are_placeholders,host_serves_placeholder,snapshots_are_placeholders,none_in_metadata
"train_28556_document_image",host_serves_placeholder+snapshots_are_placeholders,host_serves_placeholder,snapshots_are_placeholders,none_in_metadata
"train_28572_document_image",host_serves_placeholder+snapshot_verdict,host_serves_placeholder,snapshot_verdict,none_in_metadata
"train_28576_claim_image",blocked_403+snapshot_verdict,blocked_403,snapshot_verdict,none_in_metadata
"train_28583_document_image",blocked_403+no_snapshot,blocked_403,no_snapshot,none_in_metadata
"train_28585_claim_image",host_serves_placeholder+snapshot_furniture,host_serves_placeholder,snapshot_furniture,none_in_metadata
"train_28593_claim_image",host_serves_placeholder+snapshot_furniture,host_serves_placeholder,snapshot_furniture,none_in_metadata
"train_28611_claim_image",host_serves_placeholder+snapshots_are_placeholders,host_serves_placeholder,snapshots_are_placeholders,none_in_metadata
"train_28632_document_image",host_serves_placeholder+no_snapshot,host_serves_placeholder,no_snapshot,none_in_metadata
"train_28633_claim_image",host_serves_placeholder+snapshots_are_placeholders,host_serves_placeholder,snapshots_are_placeholders,none_in_metadata
"train_28643_claim_image",host_serves_placeholder+snapshot_furniture,host_serves_placeholder,snapshot_furniture,none_in_metadata
"train_2864_claim_image",host_serves_placeholder+snapshot_furniture,host_serves_placeholder,snapshot_furniture,none_in_metadata
"train_28652_claim_image",gone_404+no_snapshot,gone_404,no_snapshot,none_in_metadata
"train_28669_document_image",host_serves_placeholder+snapshots_are_placeholders,host_serves_placeholder,snapshots_are_placeholders,none_in_metadata
"train_2866_claim_image",host_serves_placeholder+snapshot_furniture,host_serves_placeholder,snapshot_furniture,none_in_metadata
"train_28674_claim_image",host_serves_placeholder+snapshots_are_placeholders,host_serves_placeholder,snapshots_are_placeholders,none_in_metadata
"train_28675_document_image",blocked_403+no_snapshot,blocked_403,no_snapshot,none_in_metadata
"train_2867_document_image",host_serves_placeholder+snapshots_are_placeholders,host_serves_placeholder,snapshots_are_placeholders,none_in_metadata
"train_28687_claim_image",fetched_furniture+no_snapshot,fetched_furniture,no_snapshot,none_in_metadata
"train_28701_document_image",blocked_403+no_snapshot,blocked_403,no_snapshot,none_in_metadata
"train_28719_document_image",host_serves_placeholder+no_snapshot,host_serves_placeholder,no_snapshot,none_in_metadata
"train_28720_claim_image",fetched_furniture+no_snapshot,fetched_furniture,no_snapshot,none_in_metadata
"train_28736_claim_image",host_serves_placeholder+no_snapshot,host_serves_placeholder,no_snapshot,none_in_metadata
"train_28748_claim_image",fetched_furniture+no_snapshot,fetched_furniture,no_snapshot,none_in_metadata
"train_2874_claim_image",fetched_furniture+no_snapshot,fetched_furniture,no_snapshot,none_in_metadata
"train_28750_document_image",blocked_403+no_snapshot,blocked_403,no_snapshot,none_in_metadata
"train_2875_claim_image",host_serves_placeholder+snapshots_are_placeholders,host_serves_placeholder,snapshots_are_placeholders,none_in_metadata
"train_28763_document_image",host_serves_placeholder+no_snapshot,host_serves_placeholder,no_snapshot,none_in_metadata
"train_28767_document_image",blocked_403+no_snapshot,blocked_403,no_snapshot,none_in_metadata
"train_28784_document_image",blocked_403+no_snapshot,blocked_403,no_snapshot,none_in_metadata
"train_28797_claim_image",blocked_403+snapshot_verdict,blocked_403,snapshot_verdict,none_in_metadata
"train_28802_claim_image",blocked_403+no_snapshot,blocked_403,no_snapshot,none_in_metadata
"train_28814_claim_image",blocked_403+snapshot_verdict,blocked_403,snapshot_verdict,none_in_metadata
"train_28814_document_image",blocked_403+no_snapshot,blocked_403,no_snapshot,none_in_metadata
"train_28821_claim_image",host_serves_placeholder+snapshot_furniture,host_serves_placeholder,snapshot_furniture,none_in_metadata
"train_28821_document_image",host_serves_placeholder+snapshots_are_placeholders,host_serves_placeholder,snapshots_are_placeholders,none_in_metadata
"train_28822_document_image",host_serves_placeholder+snapshots_are_placeholders,host_serves_placeholder,snapshots_are_placeholders,none_in_metadata
"train_28823_document_image",host_serves_placeholder+no_snapshot,host_serves_placeholder,no_snapshot,none_in_metadata
"train_28830_document_image",host_serves_placeholder+snapshots_are_placeholders,host_serves_placeholder,snapshots_are_placeholders,none_in_metadata
"train_28833_document_image",blocked_403+no_snapshot,blocked_403,no_snapshot,none_in_metadata
"train_28838_claim_image",host_serves_placeholder+snapshot_furniture,host_serves_placeholder,snapshot_furniture,none_in_metadata
"train_2883_claim_image",host_serves_placeholder+snapshot_furniture,host_serves_placeholder,snapshot_furniture,none_in_metadata
"train_28843_document_image",host_serves_placeholder+no_snapshot,host_serves_placeholder,no_snapshot,none_in_metadata
"train_28850_document_image",host_serves_placeholder+snapshots_are_placeholders,host_serves_placeholder,snapshots_are_placeholders,none_in_metadata
"train_28858_document_image",host_serves_placeholder+no_snapshot,host_serves_placeholder,no_snapshot,none_in_metadata
"train_28868_document_image",host_serves_placeholder+snapshots_are_placeholders,host_serves_placeholder,snapshots_are_placeholders,none_in_metadata
"train_28870_document_image",host_serves_placeholder+snapshots_are_placeholders,host_serves_placeholder,snapshots_are_placeholders,none_in_metadata
"train_28872_document_image",blocked_403+no_snapshot,blocked_403,no_snapshot,none_in_metadata
"train_28886_document_image",host_serves_placeholder+snapshots_are_placeholders,host_serves_placeholder,snapshots_are_placeholders,none_in_metadata
"train_28898_claim_image",host_serves_placeholder+no_snapshot,host_serves_placeholder,no_snapshot,none_in_metadata
"train_2889_claim_image",blocked_403+no_snapshot,blocked_403,no_snapshot,none_in_metadata
"train_2889_document_image",blocked_403+no_snapshot,blocked_403,no_snapshot,none_in_metadata
"train_28900_document_image",host_serves_placeholder+snapshots_are_placeholders,host_serves_placeholder,snapshots_are_placeholders,none_in_metadata
"train_28904_document_image",blocked_403+no_snapshot,blocked_403,no_snapshot,none_in_metadata
"train_28906_document_image",blocked_403+snapshot_verdict,blocked_403,snapshot_verdict,none_in_metadata
"train_28912_document_image",blocked_403+no_snapshot,blocked_403,no_snapshot,none_in_metadata
"train_2891_document_image",host_serves_placeholder+snapshots_are_placeholders,host_serves_placeholder,snapshots_are_placeholders,none_in_metadata
"train_28923_document_image",host_serves_placeholder+snapshots_are_placeholders,host_serves_placeholder,snapshots_are_placeholders,none_in_metadata
"train_28928_document_image",host_serves_placeholder+no_snapshot,host_serves_placeholder,no_snapshot,none_in_metadata
"train_28936_claim_image",fetched_furniture+no_snapshot,fetched_furniture,no_snapshot,none_in_metadata
"train_28942_document_image",host_serves_placeholder+snapshots_are_placeholders,host_serves_placeholder,snapshots_are_placeholders,none_in_metadata
"train_28946_claim_image",blocked_403+snapshot_verdict,blocked_403,snapshot_verdict,none_in_metadata
"train_28946_document_image",blocked_403+snapshot_verdict,blocked_403,snapshot_verdict,none_in_metadata
"train_28950_claim_image",host_serves_placeholder+snapshot_verdict,host_serves_placeholder,snapshot_verdict,none_in_metadata
"train_28966_document_image",host_serves_placeholder+snapshots_are_placeholders,host_serves_placeholder,snapshots_are_placeholders,none_in_metadata
"train_28972_claim_image",blocked_403+no_snapshot,blocked_403,no_snapshot,none_in_metadata
"train_28972_document_image",blocked_403+no_snapshot,blocked_403,no_snapshot,none_in_metadata
"train_28975_document_image",host_serves_placeholder+snapshots_are_placeholders,host_serves_placeholder,snapshots_are_placeholders,none_in_metadata
"train_28985_document_image",host_serves_placeholder+snapshot_verdict,host_serves_placeholder,snapshot_verdict,none_in_metadata
"train_28987_claim_image",gone_404+no_snapshot,gone_404,no_snapshot,none_in_metadata
"train_2898_claim_image",host_serves_placeholder+snapshots_are_placeholders,host_serves_placeholder,snapshots_are_placeholders,none_in_metadata
"train_29006_claim_image",gone_404+no_snapshot,gone_404,no_snapshot,none_in_metadata
"train_29007_document_image",host_serves_placeholder+no_snapshot,host_serves_placeholder,no_snapshot,none_in_metadata
"train_29018_document_image",host_serves_placeholder+snapshots_are_placeholders,host_serves_placeholder,snapshots_are_placeholders,none_in_metadata
"train_29021_claim_image",host_serves_placeholder+snapshot_furniture,host_serves_placeholder,snapshot_furniture,none_in_metadata
"train_29025_document_image",blocked_403+no_snapshot,blocked_403,no_snapshot,none_in_metadata
"train_2902_claim_image",dns_failure+no_snapshot,dns_failure,no_snapshot,none_in_metadata
"train_2902_document_image",blocked_403+no_snapshot,blocked_403,no_snapshot,none_in_metadata
"train_29053_document_image",host_serves_placeholder+no_snapshot,host_serves_placeholder,no_snapshot,none_in_metadata
"train_29059_claim_image",host_serves_placeholder+snapshots_are_placeholders,host_serves_placeholder,snapshots_are_placeholders,none_in_metadata
"train_29064_claim_image",host_serves_placeholder+snapshot_furniture,host_serves_placeholder,snapshot_furniture,none_in_metadata
"train_29076_document_image",host_serves_placeholder+snapshots_are_placeholders,host_serves_placeholder,snapshots_are_placeholders,none_in_metadata
"train_29078_claim_image",host_serves_placeholder+snapshots_are_placeholders,host_serves_placeholder,snapshots_are_placeholders,none_in_metadata
"train_29094_claim_image",host_serves_placeholder+snapshot_furniture,host_serves_placeholder,snapshot_furniture,none_in_metadata
"train_2909_document_image",host_serves_placeholder+no_snapshot,host_serves_placeholder,no_snapshot,none_in_metadata
"train_29118_claim_image",host_serves_placeholder+no_snapshot,host_serves_placeholder,no_snapshot,none_in_metadata
"train_29120_document_image",host_serves_placeholder+no_snapshot,host_serves_placeholder,no_snapshot,none_in_metadata
"train_29124_claim_image",blocked_403+snapshot_verdict,blocked_403,snapshot_verdict,none_in_metadata
"train_29134_document_image",host_serves_placeholder+no_snapshot,host_serves_placeholder,no_snapshot,none_in_metadata
"train_29145_claim_image",fetched_furniture+no_snapshot,fetched_furniture,no_snapshot,none_in_metadata
"train_29149_claim_image",host_serves_placeholder+snapshots_are_placeholders,host_serves_placeholder,snapshots_are_placeholders,none_in_metadata
"train_29166_claim_image",host_serves_placeholder+snapshots_are_placeholders,host_serves_placeholder,snapshots_are_placeholders,none_in_metadata
"train_2916_document_image",blocked_403+no_snapshot,blocked_403,no_snapshot,none_in_metadata
"train_29175_claim_image",host_serves_placeholder+no_snapshot,host_serves_placeholder,no_snapshot,none_in_metadata
"train_29178_document_image",host_serves_placeholder+snapshot_furniture,host_serves_placeholder,snapshot_furniture,none_in_metadata
"train_29192_document_image",host_serves_placeholder+no_snapshot,host_serves_placeholder,no_snapshot,none_in_metadata
"train_29195_document_image",host_serves_placeholder+snapshots_are_placeholders,host_serves_placeholder,snapshots_are_placeholders,none_in_metadata
"train_29204_claim_image",fetched_furniture+no_snapshot,fetched_furniture,no_snapshot,none_in_metadata
"train_2920_document_image",blocked_403+snapshot_verdict,blocked_403,snapshot_verdict,none_in_metadata
"train_2921_claim_image",blocked_403+snapshot_verdict,blocked_403,snapshot_verdict,none_in_metadata
"train_29222_claim_image",host_serves_placeholder+snapshots_are_placeholders,host_serves_placeholder,snapshots_are_placeholders,none_in_metadata
"train_2922_claim_image",blocked_403+snapshot_verdict,blocked_403,snapshot_verdict,none_in_metadata
"train_29234_claim_image",host_serves_placeholder+snapshots_are_placeholders,host_serves_placeholder,snapshots_are_placeholders,none_in_metadata
"train_29238_claim_image",host_serves_placeholder+snapshot_furniture,host_serves_placeholder,snapshot_furniture,none_in_metadata
"train_29240_claim_image",blocked_403+no_snapshot,blocked_403,no_snapshot,none_in_metadata
"train_29240_document_image",blocked_403+no_snapshot,blocked_403,no_snapshot,none_in_metadata
"train_29249_document_image",blocked_403+no_snapshot,blocked_403,no_snapshot,none_in_metadata
"train_29254_document_image",host_serves_placeholder+no_snapshot,host_serves_placeholder,no_snapshot,none_in_metadata
"train_29256_claim_image",host_serves_placeholder+no_snapshot,host_serves_placeholder,no_snapshot,none_in_metadata
"train_29260_claim_image",blocked_403+no_snapshot,blocked_403,no_snapshot,none_in_metadata
"train_29260_document_image",blocked_403+no_snapshot,blocked_403,no_snapshot,none_in_metadata
"train_29262_document_image",host_serves_placeholder+snapshot_verdict,host_serves_placeholder,snapshot_verdict,none_in_metadata
"train_29265_claim_image",blocked_403+snapshot_verdict,blocked_403,snapshot_verdict,none_in_metadata
"train_29265_document_image",blocked_403+no_snapshot,blocked_403,no_snapshot,none_in_metadata
"train_29270_claim_image",blocked_403+snapshot_verdict,blocked_403,snapshot_verdict,none_in_metadata
"train_29273_document_image",blocked_403+no_snapshot,blocked_403,no_snapshot,none_in_metadata
"train_29280_document_image",host_serves_placeholder+no_snapshot,host_serves_placeholder,no_snapshot,none_in_metadata
"train_29290_claim_image",blocked_403+snapshot_verdict,blocked_403,snapshot_verdict,none_in_metadata
"train_29298_document_image",host_serves_placeholder+snapshot_furniture,host_serves_placeholder,snapshot_furniture,none_in_metadata
"train_29316_document_image",blocked_403+no_snapshot,blocked_403,no_snapshot,none_in_metadata
"train_2933_claim_image",host_serves_placeholder+snapshots_are_placeholders,host_serves_placeholder,snapshots_are_placeholders,none_in_metadata
"train_29360_document_image",host_serves_placeholder+no_snapshot,host_serves_placeholder,no_snapshot,none_in_metadata
"train_29370_document_image",blocked_403+no_snapshot,blocked_403,no_snapshot,none_in_metadata
"train_29377_claim_image",fetched_furniture+no_snapshot,fetched_furniture,no_snapshot,none_in_metadata
"train_29391_claim_image",blocked_403+no_snapshot,blocked_403,no_snapshot,none_in_metadata
"train_29395_claim_image",host_serves_placeholder+no_snapshot,host_serves_placeholder,no_snapshot,none_in_metadata
"train_29411_document_image",blocked_403+no_snapshot,blocked_403,no_snapshot,none_in_metadata
"train_2941_claim_image",blocked_403+snapshot_verdict,blocked_403,snapshot_verdict,none_in_metadata
"train_29422_claim_image",fetched_furniture+no_snapshot,fetched_furniture,no_snapshot,none_in_metadata
"train_29425_claim_image",host_serves_placeholder+snapshots_are_placeholders,host_serves_placeholder,snapshots_are_placeholders,none_in_metadata
"train_29430_document_image",host_serves_placeholder+snapshots_are_placeholders,host_serves_placeholder,snapshots_are_placeholders,none_in_metadata
"train_29449_claim_image",blocked_403+no_snapshot,blocked_403,no_snapshot,none_in_metadata
"train_29449_document_image",blocked_403+no_snapshot,blocked_403,no_snapshot,none_in_metadata
"train_2944_claim_image",host_serves_placeholder+snapshot_furniture,host_serves_placeholder,snapshot_furniture,none_in_metadata
"train_29453_document_image",host_serves_placeholder+no_snapshot,host_serves_placeholder,no_snapshot,none_in_metadata
"train_29456_document_image",host_serves_placeholder+no_snapshot,host_serves_placeholder,no_snapshot,none_in_metadata
"train_29457_document_image",blocked_403+no_snapshot,blocked_403,no_snapshot,none_in_metadata
"train_29459_claim_image",host_serves_placeholder+no_snapshot,host_serves_placeholder,no_snapshot,none_in_metadata
"train_29459_document_image",blocked_403+no_snapshot,blocked_403,no_snapshot,none_in_metadata
"train_29462_claim_image",blocked_403+no_snapshot,blocked_403,no_snapshot,none_in_metadata
"train_29470_claim_image",host_serves_placeholder+snapshot_furniture,host_serves_placeholder,snapshot_furniture,none_in_metadata
"train_29483_claim_image",fetched_furniture+no_snapshot,fetched_furniture,no_snapshot,none_in_metadata
"train_29491_claim_image",host_serves_placeholder+no_snapshot,host_serves_placeholder,no_snapshot,none_in_metadata
"train_29493_document_image",blocked_403+no_snapshot,blocked_403,no_snapshot,none_in_metadata
"train_29495_document_image",host_serves_placeholder+no_snapshot,host_serves_placeholder,no_snapshot,none_in_metadata
"train_29499_document_image",blocked_403+no_snapshot,blocked_403,no_snapshot,none_in_metadata
"train_29505_document_image",blocked_403+no_snapshot,blocked_403,no_snapshot,none_in_metadata
"train_2952_claim_image",blocked_403+snapshot_verdict,blocked_403,snapshot_verdict,none_in_metadata
"train_29545_document_image",host_serves_placeholder+snapshots_are_placeholders,host_serves_placeholder,snapshots_are_placeholders,none_in_metadata
"train_29547_document_image",host_serves_placeholder+snapshots_are_placeholders,host_serves_placeholder,snapshots_are_placeholders,none_in_metadata
"train_29552_document_image",host_serves_placeholder+no_snapshot,host_serves_placeholder,no_snapshot,none_in_metadata
"train_29571_claim_image",host_serves_placeholder+snapshot_furniture,host_serves_placeholder,snapshot_furniture,none_in_metadata
"train_29577_document_image",host_serves_placeholder+snapshots_are_placeholders,host_serves_placeholder,snapshots_are_placeholders,none_in_metadata
"train_29586_claim_image",host_serves_placeholder+snapshots_are_placeholders,host_serves_placeholder,snapshots_are_placeholders,none_in_metadata
"train_29591_document_image",blocked_403+no_snapshot,blocked_403,no_snapshot,none_in_metadata
"train_29598_document_image",host_serves_placeholder+snapshots_are_placeholders,host_serves_placeholder,snapshots_are_placeholders,none_in_metadata
"train_29615_document_image",host_serves_placeholder+snapshots_are_placeholders,host_serves_placeholder,snapshots_are_placeholders,none_in_metadata
"train_29641_document_image",host_serves_placeholder+archive_refuses_host_404,host_serves_placeholder,archive_refuses_host_404,none_in_metadata
"train_2964_claim_image",host_serves_placeholder+no_snapshot,host_serves_placeholder,no_snapshot,none_in_metadata
"train_29653_document_image",blocked_403+snapshot_verdict,blocked_403,snapshot_verdict,none_in_metadata
"train_29658_document_image",host_serves_placeholder+snapshot_verdict,host_serves_placeholder,snapshot_verdict,none_in_metadata
"train_29675_document_image",host_serves_placeholder+no_snapshot,host_serves_placeholder,no_snapshot,none_in_metadata
"train_29684_claim_image",host_serves_placeholder+no_snapshot,host_serves_placeholder,no_snapshot,none_in_metadata
"train_29703_document_image",host_serves_placeholder+no_snapshot,host_serves_placeholder,no_snapshot,none_in_metadata
"train_29705_document_image",host_serves_placeholder+no_snapshot,host_serves_placeholder,no_snapshot,none_in_metadata
"train_29718_claim_image",host_serves_placeholder+no_snapshot,host_serves_placeholder,no_snapshot,none_in_metadata
"train_29720_claim_image",host_serves_placeholder+snapshot_furniture,host_serves_placeholder,snapshot_furniture,none_in_metadata
"train_29721_document_image",host_serves_placeholder+snapshots_are_placeholders,host_serves_placeholder,snapshots_are_placeholders,none_in_metadata
"train_29723_document_image",host_serves_placeholder+snapshots_are_placeholders,host_serves_placeholder,snapshots_are_placeholders,none_in_metadata
"train_29725_claim_image",host_serves_placeholder+no_snapshot,host_serves_placeholder,no_snapshot,none_in_metadata
"train_29728_document_image",blocked_403+no_snapshot,blocked_403,no_snapshot,none_in_metadata
"train_29732_claim_image",host_serves_placeholder+snapshots_are_placeholders,host_serves_placeholder,snapshots_are_placeholders,none_in_metadata
"train_29733_claim_image",host_serves_placeholder+snapshot_verdict,host_serves_placeholder,snapshot_verdict,none_in_metadata
"train_29733_document_image",blocked_403+snapshot_verdict,blocked_403,snapshot_verdict,none_in_metadata
"train_29734_claim_image",host_serves_placeholder+no_snapshot,host_serves_placeholder,no_snapshot,none_in_metadata
"train_29736_document_image",host_serves_placeholder+snapshots_are_placeholders,host_serves_placeholder,snapshots_are_placeholders,none_in_metadata
"train_29744_claim_image",host_serves_placeholder+snapshots_are_placeholders,host_serves_placeholder,snapshots_are_placeholders,none_in_metadata
"train_29765_document_image",blocked_403+no_snapshot,blocked_403,no_snapshot,none_in_metadata
"train_29767_claim_image",blocked_403+no_snapshot,blocked_403,no_snapshot,none_in_metadata
"train_29787_document_image",blocked_403+no_snapshot,blocked_403,no_snapshot,none_in_metadata
"train_29799_document_image",host_serves_placeholder+no_snapshot,host_serves_placeholder,no_snapshot,none_in_metadata
"train_29804_document_image",host_serves_placeholder+no_snapshot,host_serves_placeholder,no_snapshot,none_in_metadata
"train_2980_claim_image",host_serves_placeholder+snapshot_furniture,host_serves_placeholder,snapshot_furniture,none_in_metadata
"train_29832_document_image",blocked_403+no_snapshot,blocked_403,no_snapshot,none_in_metadata
"train_29838_document_image",host_serves_placeholder+no_snapshot,host_serves_placeholder,no_snapshot,none_in_metadata
"train_29841_claim_image",blocked_403+snapshot_verdict,blocked_403,snapshot_verdict,none_in_metadata
"train_29841_document_image",blocked_403+no_snapshot,blocked_403,no_snapshot,none_in_metadata
"train_29872_document_image",host_serves_placeholder+snapshots_are_placeholders,host_serves_placeholder,snapshots_are_placeholders,none_in_metadata
"train_29875_document_image",host_serves_placeholder+snapshots_are_placeholders,host_serves_placeholder,snapshots_are_placeholders,none_in_metadata
"train_29876_claim_image",blocked_403+snapshot_verdict,blocked_403,snapshot_verdict,none_in_metadata
"train_29877_document_image",host_serves_placeholder+snapshots_are_placeholders,host_serves_placeholder,snapshots_are_placeholders,none_in_metadata
"train_29878_document_image",blocked_403+no_snapshot,blocked_403,no_snapshot,none_in_metadata
"train_29881_document_image",host_serves_placeholder+no_snapshot,host_serves_placeholder,no_snapshot,none_in_metadata
"train_29888_document_image",host_serves_placeholder+snapshots_are_placeholders,host_serves_placeholder,snapshots_are_placeholders,none_in_metadata
"train_29895_claim_image",dns_failure+no_snapshot,dns_failure,no_snapshot,none_in_metadata
"train_29899_document_image",host_serves_placeholder+snapshots_are_placeholders,host_serves_placeholder,snapshots_are_placeholders,none_in_metadata
"train_298_claim_image",blocked_403+snapshot_verdict,blocked_403,snapshot_verdict,none_in_metadata
"train_298_document_image",blocked_403+no_snapshot,blocked_403,no_snapshot,none_in_metadata
"train_29914_document_image",host_serves_placeholder+snapshots_are_placeholders,host_serves_placeholder,snapshots_are_placeholders,none_in_metadata
"train_29919_document_image",host_serves_placeholder+snapshot_verdict,host_serves_placeholder,snapshot_verdict,none_in_metadata
"train_29928_document_image",blocked_403+no_snapshot,blocked_403,no_snapshot,none_in_metadata
"train_2992_claim_image",fetched_furniture+no_snapshot,fetched_furniture,no_snapshot,none_in_metadata
"train_29940_document_image",host_serves_placeholder+snapshots_are_placeholders,host_serves_placeholder,snapshots_are_placeholders,none_in_metadata
"train_29941_claim_image",host_serves_placeholder+snapshots_are_placeholders,host_serves_placeholder,snapshots_are_placeholders,none_in_metadata
"train_29953_document_image",host_serves_placeholder+no_snapshot,host_serves_placeholder,no_snapshot,none_in_metadata
"train_29955_document_image",host_serves_placeholder+snapshots_are_placeholders,host_serves_placeholder,snapshots_are_placeholders,none_in_metadata
"train_29958_document_image",blocked_403+snapshot_verdict,blocked_403,snapshot_verdict,none_in_metadata
"train_29982_document_image",gone_404+no_snapshot,gone_404,no_snapshot,none_in_metadata
"train_29985_claim_image",host_serves_placeholder+no_snapshot,host_serves_placeholder,no_snapshot,none_in_metadata
"train_30010_claim_image",host_serves_placeholder+snapshots_are_placeholders,host_serves_placeholder,snapshots_are_placeholders,none_in_metadata
"train_30025_document_image",host_serves_placeholder+no_snapshot,host_serves_placeholder,no_snapshot,none_in_metadata
"train_30028_document_image",blocked_403+no_snapshot,blocked_403,no_snapshot,none_in_metadata
"train_30037_document_image",blocked_403+no_snapshot,blocked_403,no_snapshot,none_in_metadata
"train_3003_document_image",blocked_403+no_snapshot,blocked_403,no_snapshot,none_in_metadata
"train_30052_document_image",host_serves_placeholder+snapshots_are_placeholders,host_serves_placeholder,snapshots_are_placeholders,none_in_metadata
"train_30053_document_image",blocked_403+no_snapshot,blocked_403,no_snapshot,none_in_metadata
"train_30057_claim_image",refused_http_429+snapshots_are_placeholders,refused_http_429,snapshots_are_placeholders,none_in_metadata
"train_30058_document_image",host_serves_placeholder+no_snapshot,host_serves_placeholder,no_snapshot,none_in_metadata
"train_30069_claim_image",host_serves_placeholder+no_snapshot,host_serves_placeholder,no_snapshot,none_in_metadata
"train_30078_claim_image",host_serves_placeholder+no_snapshot,host_serves_placeholder,no_snapshot,none_in_metadata
"train_30088_claim_image",host_serves_placeholder+snapshots_are_placeholders,host_serves_placeholder,snapshots_are_placeholders,none_in_metadata
"train_30092_claim_image",fetched_furniture+no_snapshot,fetched_furniture,no_snapshot,none_in_metadata
"train_30097_claim_image",host_serves_placeholder+snapshots_are_placeholders,host_serves_placeholder,snapshots_are_placeholders,none_in_metadata
"train_30118_document_image",host_serves_placeholder+no_snapshot,host_serves_placeholder,no_snapshot,none_in_metadata
"train_30121_claim_image",host_serves_placeholder+snapshots_are_placeholders,host_serves_placeholder,snapshots_are_placeholders,none_in_metadata
"train_30133_document_image",blocked_403+no_snapshot,blocked_403,no_snapshot,none_in_metadata
"train_3013_claim_image",host_serves_placeholder+snapshot_furniture,host_serves_placeholder,snapshot_furniture,none_in_metadata
"train_30164_document_image",host_serves_placeholder+no_snapshot,host_serves_placeholder,no_snapshot,none_in_metadata
"train_30169_document_image",host_serves_placeholder+snapshots_are_placeholders,host_serves_placeholder,snapshots_are_placeholders,none_in_metadata
"train_30171_document_image",host_serves_placeholder+snapshots_are_placeholders,host_serves_placeholder,snapshots_are_placeholders,none_in_metadata
"train_3017_claim_image",host_serves_placeholder+snapshot_furniture,host_serves_placeholder,snapshot_furniture,none_in_metadata
"train_30180_claim_image",host_serves_placeholder+snapshots_are_placeholders,host_serves_placeholder,snapshots_are_placeholders,none_in_metadata
"train_30187_document_image",host_serves_placeholder+snapshot_verdict,host_serves_placeholder,snapshot_verdict,none_in_metadata
"train_3018_claim_image",refused_http_406+no_snapshot,refused_http_406,no_snapshot,none_in_metadata
"train_30195_document_image",host_serves_placeholder+no_snapshot,host_serves_placeholder,no_snapshot,none_in_metadata
"train_30203_claim_image",host_serves_placeholder+no_snapshot,host_serves_placeholder,no_snapshot,none_in_metadata
"train_30203_document_image",fetched_verdict+no_snapshot,fetched_verdict,no_snapshot,none_in_metadata
"train_30211_document_image",blocked_403+no_snapshot,blocked_403,no_snapshot,none_in_metadata
"train_30214_document_image",host_serves_placeholder+snapshots_are_placeholders,host_serves_placeholder,snapshots_are_placeholders,none_in_metadata
"train_30220_document_image",blocked_403+no_snapshot,blocked_403,no_snapshot,none_in_metadata
"train_30224_claim_image",host_serves_placeholder+snapshot_furniture,host_serves_placeholder,snapshot_furniture,none_in_metadata
"train_30229_document_image",host_serves_placeholder+snapshots_are_placeholders,host_serves_placeholder,snapshots_are_placeholders,none_in_metadata
"train_30234_claim_image",host_serves_placeholder+snapshot_verdict,host_serves_placeholder,snapshot_verdict,none_in_metadata
"train_30234_document_image",host_serves_placeholder+no_snapshot,host_serves_placeholder,no_snapshot,none_in_metadata
"train_3023_document_image",blocked_403+no_snapshot,blocked_403,no_snapshot,none_in_metadata
"train_30244_claim_image",host_serves_placeholder+snapshots_are_placeholders,host_serves_placeholder,snapshots_are_placeholders,none_in_metadata
"train_30265_document_image",host_serves_placeholder+snapshots_are_placeholders,host_serves_placeholder,snapshots_are_placeholders,none_in_metadata
"train_30266_claim_image",host_serves_placeholder+snapshot_furniture,host_serves_placeholder,snapshot_furniture,none_in_metadata
"train_30279_claim_image",host_serves_placeholder+snapshot_furniture,host_serves_placeholder,snapshot_furniture,none_in_metadata
"train_30287_claim_image",blocked_403+no_snapshot,blocked_403,no_snapshot,none_in_metadata
"train_30292_claim_image",fetched_furniture+no_snapshot,fetched_furniture,no_snapshot,none_in_metadata
"train_30296_document_image",host_serves_placeholder+snapshots_are_placeholders,host_serves_placeholder,snapshots_are_placeholders,none_in_metadata
"train_30303_document_image",blocked_403+no_snapshot,blocked_403,no_snapshot,none_in_metadata
"train_30309_claim_image",blocked_403+no_snapshot,blocked_403,no_snapshot,none_in_metadata
"train_30309_document_image",blocked_403+no_snapshot,blocked_403,no_snapshot,none_in_metadata
"train_30321_claim_image",blocked_403+no_snapshot,blocked_403,no_snapshot,none_in_metadata
"train_30321_document_image",blocked_403+no_snapshot,blocked_403,no_snapshot,none_in_metadata
"train_30350_claim_image",host_serves_placeholder+snapshot_furniture,host_serves_placeholder,snapshot_furniture,none_in_metadata
"train_30357_claim_image",blocked_403+no_snapshot,blocked_403,no_snapshot,none_in_metadata
"train_30360_claim_image",unreachable_ssl_error+no_snapshot,unreachable_ssl_error,no_snapshot,none_in_metadata
"train_30363_document_image",host_serves_placeholder+snapshots_are_placeholders,host_serves_placeholder,snapshots_are_placeholders,none_in_metadata
"train_30364_claim_image",gone_404+no_snapshot,gone_404,no_snapshot,none_in_metadata
"train_30364_document_image",blocked_403+no_snapshot,blocked_403,no_snapshot,none_in_metadata
"train_30369_claim_image",blocked_403+no_snapshot,blocked_403,no_snapshot,none_in_metadata
"train_30369_document_image",blocked_403+no_snapshot,blocked_403,no_snapshot,none_in_metadata
"train_30376_claim_image",host_serves_placeholder+snapshots_are_placeholders,host_serves_placeholder,snapshots_are_placeholders,none_in_metadata
"train_30384_document_image",host_serves_placeholder+snapshot_verdict,host_serves_placeholder,snapshot_verdict,none_in_metadata
"train_30400_document_image",host_serves_placeholder+snapshots_are_placeholders,host_serves_placeholder,snapshots_are_placeholders,none_in_metadata
"train_30409_document_image",host_serves_placeholder+snapshots_are_placeholders,host_serves_placeholder,snapshots_are_placeholders,none_in_metadata
"train_30430_document_image",host_serves_placeholder+snapshots_are_placeholders,host_serves_placeholder,snapshots_are_placeholders,none_in_metadata
"train_30435_document_image",blocked_403+no_snapshot,blocked_403,no_snapshot,none_in_metadata
"train_30436_document_image",blocked_403+snapshot_verdict,blocked_403,snapshot_verdict,none_in_metadata
"train_30450_document_image",host_serves_placeholder+snapshots_are_placeholders,host_serves_placeholder,snapshots_are_placeholders,none_in_metadata
"train_30451_claim_image",host_serves_placeholder+no_snapshot,host_serves_placeholder,no_snapshot,none_in_metadata
"train_30453_document_image",blocked_403+snapshot_verdict,blocked_403,snapshot_verdict,none_in_metadata
"train_30455_claim_image",host_serves_placeholder+no_snapshot,host_serves_placeholder,no_snapshot,none_in_metadata
"train_30458_document_image",host_serves_placeholder+no_snapshot,host_serves_placeholder,no_snapshot,none_in_metadata
"train_30464_document_image",host_serves_placeholder+snapshots_are_placeholders,host_serves_placeholder,snapshots_are_placeholders,none_in_metadata
"train_30470_claim_image",host_serves_placeholder+no_snapshot,host_serves_placeholder,no_snapshot,none_in_metadata
"train_30474_claim_image",host_serves_placeholder+snapshots_are_placeholders,host_serves_placeholder,snapshots_are_placeholders,none_in_metadata
"train_30479_document_image",blocked_403+no_snapshot,blocked_403,no_snapshot,none_in_metadata
"train_30488_document_image",blocked_403+no_snapshot,blocked_403,no_snapshot,none_in_metadata
"train_30516_claim_image",host_serves_placeholder+snapshots_are_placeholders,host_serves_placeholder,snapshots_are_placeholders,none_in_metadata
"train_30516_document_image",host_serves_placeholder+snapshots_are_placeholders,host_serves_placeholder,snapshots_are_placeholders,none_in_metadata
"train_30537_document_image",host_serves_placeholder+no_snapshot,host_serves_placeholder,no_snapshot,none_in_metadata
"train_30554_document_image",blocked_403+no_snapshot,blocked_403,no_snapshot,none_in_metadata
"train_30567_claim_image",blocked_403+snapshot_verdict,blocked_403,snapshot_verdict,none_in_metadata
"train_30567_document_image",blocked_403+snapshot_verdict,blocked_403,snapshot_verdict,none_in_metadata
"train_3056_claim_image",host_serves_placeholder+snapshots_are_placeholders,host_serves_placeholder,snapshots_are_placeholders,none_in_metadata
"train_30571_claim_image",gone_404+no_snapshot,gone_404,no_snapshot,none_in_metadata
"train_30596_claim_image",fetched_furniture+no_snapshot,fetched_furniture,no_snapshot,none_in_metadata
"train_30598_claim_image",fetched_furniture+no_snapshot,fetched_furniture,no_snapshot,none_in_metadata
"train_3060_claim_image",host_serves_placeholder+snapshots_are_placeholders,host_serves_placeholder,snapshots_are_placeholders,none_in_metadata
"train_30610_claim_image",blocked_403+snapshot_verdict,blocked_403,snapshot_verdict,none_in_metadata
"train_30611_claim_image",blocked_403+snapshot_verdict,blocked_403,snapshot_verdict,none_in_metadata
"train_30611_document_image",blocked_403+snapshot_verdict,blocked_403,snapshot_verdict,none_in_metadata
"train_30616_document_image",host_serves_placeholder+snapshots_are_placeholders,host_serves_placeholder,snapshots_are_placeholders,none_in_metadata
"train_30617_claim_image",host_serves_placeholder+snapshot_furniture,host_serves_placeholder,snapshot_furniture,none_in_metadata
"train_30618_document_image",host_serves_placeholder+no_snapshot,host_serves_placeholder,no_snapshot,none_in_metadata
"train_3061_document_image",unreachable_timeout+no_snapshot,unreachable_timeout,no_snapshot,none_in_metadata
"train_30623_document_image",host_serves_placeholder+snapshot_furniture,host_serves_placeholder,snapshot_furniture,none_in_metadata
"train_30637_document_image",blocked_403+no_snapshot,blocked_403,no_snapshot,none_in_metadata
"train_3064_document_image",host_serves_placeholder+snapshots_are_placeholders,host_serves_placeholder,snapshots_are_placeholders,none_in_metadata
"train_30650_document_image",blocked_403+no_snapshot,blocked_403,no_snapshot,none_in_metadata
"train_30652_document_image",host_serves_placeholder+snapshots_are_placeholders,host_serves_placeholder,snapshots_are_placeholders,none_in_metadata
"train_30654_document_image",blocked_403+no_snapshot,blocked_403,no_snapshot,none_in_metadata
"train_30659_claim_image",host_serves_placeholder+no_snapshot,host_serves_placeholder,no_snapshot,none_in_metadata
"train_30675_document_image",host_serves_placeholder+no_snapshot,host_serves_placeholder,no_snapshot,none_in_metadata
"train_30676_claim_image",blocked_403+snapshot_verdict,blocked_403,snapshot_verdict,none_in_metadata
"train_30680_document_image",blocked_403+no_snapshot,blocked_403,no_snapshot,none_in_metadata
"train_30682_document_image",host_serves_placeholder+snapshots_are_placeholders,host_serves_placeholder,snapshots_are_placeholders,none_in_metadata
"train_30686_claim_image",host_serves_placeholder+no_snapshot,host_serves_placeholder,no_snapshot,none_in_metadata
"train_30687_document_image",blocked_403+no_snapshot,blocked_403,no_snapshot,none_in_metadata
"train_3069_document_image",host_serves_placeholder+no_snapshot,host_serves_placeholder,no_snapshot,none_in_metadata
"train_30703_document_image",blocked_403+no_snapshot,blocked_403,no_snapshot,none_in_metadata
"train_30719_document_image",host_serves_placeholder+no_snapshot,host_serves_placeholder,no_snapshot,none_in_metadata
"train_30723_document_image",host_serves_placeholder+snapshots_are_placeholders,host_serves_placeholder,snapshots_are_placeholders,none_in_metadata
"train_30725_claim_image",blocked_403+snapshot_verdict,blocked_403,snapshot_verdict,none_in_metadata
"train_30731_document_image",blocked_403+no_snapshot,blocked_403,no_snapshot,none_in_metadata
"train_3073_claim_image",host_serves_placeholder+snapshot_furniture,host_serves_placeholder,snapshot_furniture,none_in_metadata
"train_30769_document_image",blocked_403+no_snapshot,blocked_403,no_snapshot,none_in_metadata
"train_30775_document_image",blocked_403+no_snapshot,blocked_403,no_snapshot,none_in_metadata
"train_30790_claim_image",blocked_403+no_snapshot,blocked_403,no_snapshot,none_in_metadata
"train_30794_document_image",host_serves_placeholder+snapshots_are_placeholders,host_serves_placeholder,snapshots_are_placeholders,none_in_metadata
"train_30814_document_image",blocked_403+no_snapshot,blocked_403,no_snapshot,none_in_metadata
"train_30815_document_image",blocked_403+no_snapshot,blocked_403,no_snapshot,none_in_metadata
"train_30822_document_image",host_serves_placeholder+no_snapshot,host_serves_placeholder,no_snapshot,none_in_metadata
"train_30827_document_image",host_serves_placeholder+snapshots_are_placeholders,host_serves_placeholder,snapshots_are_placeholders,none_in_metadata
"train_30839_document_image",blocked_403+no_snapshot,blocked_403,no_snapshot,none_in_metadata
"train_30840_claim_image",gone_404+no_snapshot,gone_404,no_snapshot,none_in_metadata
"train_30847_document_image",host_serves_placeholder+no_snapshot,host_serves_placeholder,no_snapshot,none_in_metadata
"train_30859_document_image",blocked_403+no_snapshot,blocked_403,no_snapshot,none_in_metadata
"train_30867_claim_image",dns_failure+no_snapshot,dns_failure,no_snapshot,none_in_metadata
"train_30878_document_image",blocked_403+no_snapshot,blocked_403,no_snapshot,none_in_metadata
"train_30885_document_image",blocked_403+snapshot_verdict,blocked_403,snapshot_verdict,none_in_metadata
"train_30886_claim_image",blocked_403+snapshot_verdict,blocked_403,snapshot_verdict,none_in_metadata
"train_30886_document_image",blocked_403+snapshot_verdict,blocked_403,snapshot_verdict,none_in_metadata
"train_30902_claim_image",fetched_furniture+no_snapshot,fetched_furniture,no_snapshot,none_in_metadata
"train_30909_claim_image",host_serves_placeholder+no_snapshot,host_serves_placeholder,no_snapshot,none_in_metadata
"train_30912_document_image",blocked_403+no_snapshot,blocked_403,no_snapshot,none_in_metadata
"train_30918_claim_image",blocked_403+no_snapshot,blocked_403,no_snapshot,none_in_metadata
"train_30918_document_image",blocked_403+no_snapshot,blocked_403,no_snapshot,none_in_metadata
"train_30921_document_image",blocked_403+no_snapshot,blocked_403,no_snapshot,none_in_metadata
"train_30924_document_image",host_serves_placeholder+no_snapshot,host_serves_placeholder,no_snapshot,none_in_metadata
"train_30938_claim_image",host_serves_placeholder+no_snapshot,host_serves_placeholder,no_snapshot,none_in_metadata
"train_30938_document_image",host_serves_placeholder+no_snapshot,host_serves_placeholder,no_snapshot,none_in_metadata
"train_30946_claim_image",fetched_furniture+no_snapshot,fetched_furniture,no_snapshot,none_in_metadata
"train_30947_document_image",host_serves_placeholder+snapshots_are_placeholders,host_serves_placeholder,snapshots_are_placeholders,none_in_metadata
"train_30949_claim_image",host_serves_placeholder+no_snapshot,host_serves_placeholder,no_snapshot,none_in_metadata
"train_3094_document_image",blocked_403+no_snapshot,blocked_403,no_snapshot,none_in_metadata
"train_30950_claim_image",host_serves_placeholder+snapshots_are_placeholders,host_serves_placeholder,snapshots_are_placeholders,none_in_metadata
"train_30950_document_image",blocked_403+no_snapshot,blocked_403,no_snapshot,none_in_metadata
"train_30952_claim_image",host_serves_placeholder+snapshots_are_placeholders,host_serves_placeholder,snapshots_are_placeholders,none_in_metadata
"train_30954_document_image",blocked_403+no_snapshot,blocked_403,no_snapshot,none_in_metadata
"train_30973_document_image",host_serves_placeholder+no_snapshot,host_serves_placeholder,no_snapshot,none_in_metadata
"train_30992_document_image",host_serves_placeholder+snapshots_are_placeholders,host_serves_placeholder,snapshots_are_placeholders,none_in_metadata
"train_31020_document_image",host_serves_placeholder+snapshots_are_placeholders,host_serves_placeholder,snapshots_are_placeholders,none_in_metadata
"train_31021_claim_image",blocked_403+snapshot_verdict,blocked_403,snapshot_verdict,none_in_metadata
"train_31023_claim_image",host_serves_placeholder+snapshot_furniture,host_serves_placeholder,snapshot_furniture,none_in_metadata
"train_31053_document_image",host_serves_placeholder+snapshots_are_placeholders,host_serves_placeholder,snapshots_are_placeholders,none_in_metadata
"train_31059_document_image",blocked_403+snapshot_verdict,blocked_403,snapshot_verdict,none_in_metadata
"train_31072_document_image",blocked_403+no_snapshot,blocked_403,no_snapshot,none_in_metadata
"train_31091_claim_image",host_serves_placeholder+snapshots_are_placeholders,host_serves_placeholder,snapshots_are_placeholders,none_in_metadata
"train_31143_claim_image",host_serves_placeholder+snapshot_furniture,host_serves_placeholder,snapshot_furniture,none_in_metadata
"train_3114_claim_image",blocked_403+snapshot_verdict,blocked_403,snapshot_verdict,none_in_metadata
"train_3114_document_image",blocked_403+no_snapshot,blocked_403,no_snapshot,none_in_metadata
"train_31152_claim_image",blocked_403+snapshot_verdict,blocked_403,snapshot_verdict,none_in_metadata
"train_31153_claim_image",host_serves_placeholder+no_snapshot,host_serves_placeholder,no_snapshot,none_in_metadata
"train_31164_document_image",host_serves_placeholder+snapshots_are_placeholders,host_serves_placeholder,snapshots_are_placeholders,none_in_metadata
"train_31165_document_image",blocked_403+no_snapshot,blocked_403,no_snapshot,none_in_metadata
"train_31189_document_image",blocked_403+no_snapshot,blocked_403,no_snapshot,none_in_metadata
"train_3118_claim_image",host_serves_placeholder+snapshots_are_placeholders,host_serves_placeholder,snapshots_are_placeholders,none_in_metadata
"train_31190_claim_image",host_serves_placeholder+snapshots_are_placeholders,host_serves_placeholder,snapshots_are_placeholders,none_in_metadata
"train_31217_document_image",blocked_403+no_snapshot,blocked_403,no_snapshot,none_in_metadata
"train_31222_claim_image",blocked_403+snapshot_verdict,blocked_403,snapshot_verdict,none_in_metadata
"train_31224_document_image",blocked_403+no_snapshot,blocked_403,no_snapshot,none_in_metadata
"train_31229_claim_image",blocked_403+no_snapshot,blocked_403,no_snapshot,none_in_metadata
"train_31229_document_image",blocked_403+no_snapshot,blocked_403,no_snapshot,none_in_metadata
"train_31232_document_image",host_serves_placeholder+snapshots_are_placeholders,host_serves_placeholder,snapshots_are_placeholders,none_in_metadata
"train_31254_document_image",host_serves_placeholder+no_snapshot,host_serves_placeholder,no_snapshot,none_in_metadata
"train_31256_claim_image",host_serves_placeholder+snapshots_are_placeholders,host_serves_placeholder,snapshots_are_placeholders,none_in_metadata
"train_31268_document_image",blocked_403+no_snapshot,blocked_403,no_snapshot,none_in_metadata
"train_31269_document_image",host_serves_placeholder+no_snapshot,host_serves_placeholder,no_snapshot,none_in_metadata
"train_31270_document_image",blocked_403+no_snapshot,blocked_403,no_snapshot,none_in_metadata
"train_31271_document_image",blocked_403+no_snapshot,blocked_403,no_snapshot,none_in_metadata
"train_31278_claim_image",host_serves_placeholder+snapshot_furniture,host_serves_placeholder,snapshot_furniture,none_in_metadata
"train_31281_claim_image",host_serves_placeholder+snapshots_are_placeholders,host_serves_placeholder,snapshots_are_placeholders,none_in_metadata
"train_31297_document_image",blocked_403+no_snapshot,blocked_403,no_snapshot,none_in_metadata
"train_31303_claim_image",host_serves_placeholder+no_snapshot,host_serves_placeholder,no_snapshot,none_in_metadata
"train_31311_document_image",host_serves_placeholder+no_snapshot,host_serves_placeholder,no_snapshot,none_in_metadata
"train_31317_claim_image",blocked_403+snapshot_verdict,blocked_403,snapshot_verdict,none_in_metadata
"train_31317_document_image",blocked_403+no_snapshot,blocked_403,no_snapshot,none_in_metadata
"train_31318_document_image",host_serves_placeholder+snapshots_are_placeholders,host_serves_placeholder,snapshots_are_placeholders,none_in_metadata
"train_31323_claim_image",host_serves_placeholder+no_snapshot,host_serves_placeholder,no_snapshot,none_in_metadata
"train_31344_document_image",host_serves_placeholder+no_snapshot,host_serves_placeholder,no_snapshot,none_in_metadata
"train_31346_document_image",blocked_403+no_snapshot,blocked_403,no_snapshot,none_in_metadata
"train_3135_document_image",host_serves_placeholder+no_snapshot,host_serves_placeholder,no_snapshot,none_in_metadata
"train_31362_claim_image",host_serves_placeholder+snapshots_are_placeholders,host_serves_placeholder,snapshots_are_placeholders,none_in_metadata
"train_31370_document_image",blocked_403+no_snapshot,blocked_403,no_snapshot,none_in_metadata
"train_31381_document_image",blocked_403+no_snapshot,blocked_403,no_snapshot,none_in_metadata
"train_31391_document_image",blocked_403+no_snapshot,blocked_403,no_snapshot,none_in_metadata
"train_31394_claim_image",blocked_403+snapshot_verdict,blocked_403,snapshot_verdict,none_in_metadata
"train_31394_document_image",blocked_403+no_snapshot,blocked_403,no_snapshot,none_in_metadata
"train_31398_document_image",blocked_403+no_snapshot,blocked_403,no_snapshot,none_in_metadata
"train_3139_claim_image",gone_404+snapshot_verdict,gone_404,snapshot_verdict,none_in_metadata
"train_31400_document_image",blocked_403+no_snapshot,blocked_403,no_snapshot,none_in_metadata
"train_31409_claim_image",blocked_403+no_snapshot,blocked_403,no_snapshot,none_in_metadata
"train_31409_document_image",blocked_403+no_snapshot,blocked_403,no_snapshot,none_in_metadata
"train_31426_document_image",host_serves_placeholder+snapshots_are_placeholders,host_serves_placeholder,snapshots_are_placeholders,none_in_metadata
"train_3142_claim_image",host_serves_placeholder+no_snapshot,host_serves_placeholder,no_snapshot,none_in_metadata
"train_31435_claim_image",host_serves_placeholder+snapshot_verdict,host_serves_placeholder,snapshot_verdict,none_in_metadata
"train_31435_document_image",host_serves_placeholder+snapshot_verdict,host_serves_placeholder,snapshot_verdict,none_in_metadata
"train_31437_document_image",blocked_403+no_snapshot,blocked_403,no_snapshot,none_in_metadata
"train_31440_claim_image",host_serves_placeholder+no_snapshot,host_serves_placeholder,no_snapshot,none_in_metadata
"train_31469_document_image",blocked_403+no_snapshot,blocked_403,no_snapshot,none_in_metadata
"train_31474_document_image",host_serves_placeholder+snapshots_are_placeholders,host_serves_placeholder,snapshots_are_placeholders,none_in_metadata
"train_31475_claim_image",gone_404+no_snapshot,gone_404,no_snapshot,none_in_metadata
"train_31479_document_image",blocked_403+snapshot_verdict,blocked_403,snapshot_verdict,none_in_metadata
"train_31482_document_image",blocked_403+snapshot_verdict,blocked_403,snapshot_verdict,none_in_metadata
"train_31520_document_image",host_serves_placeholder+snapshots_are_placeholders,host_serves_placeholder,snapshots_are_placeholders,none_in_metadata
"train_31544_document_image",blocked_403+no_snapshot,blocked_403,no_snapshot,none_in_metadata
"train_3154_claim_image",fetched_furniture+no_snapshot,fetched_furniture,no_snapshot,none_in_metadata
"train_31550_document_image",host_serves_placeholder+no_snapshot,host_serves_placeholder,no_snapshot,none_in_metadata
"train_31553_document_image",host_serves_placeholder+no_snapshot,host_serves_placeholder,no_snapshot,none_in_metadata
"train_31558_claim_image",host_serves_placeholder+no_snapshot,host_serves_placeholder,no_snapshot,none_in_metadata
"train_3155_document_image",host_serves_placeholder+snapshot_furniture,host_serves_placeholder,snapshot_furniture,none_in_metadata
"train_31561_document_image",host_serves_placeholder+no_snapshot,host_serves_placeholder,no_snapshot,none_in_metadata
"train_31564_claim_image",host_serves_placeholder+no_snapshot,host_serves_placeholder,no_snapshot,none_in_metadata
"train_31581_document_image",blocked_403+snapshot_verdict,blocked_403,snapshot_verdict,none_in_metadata
"train_31601_document_image",host_serves_placeholder+no_snapshot,host_serves_placeholder,no_snapshot,none_in_metadata
"train_31605_document_image",host_serves_placeholder+no_snapshot,host_serves_placeholder,no_snapshot,none_in_metadata
"train_31606_document_image",blocked_403+no_snapshot,blocked_403,no_snapshot,none_in_metadata
"train_31618_document_image",blocked_403+snapshot_verdict,blocked_403,snapshot_verdict,none_in_metadata
"train_31629_claim_image",host_serves_placeholder+snapshots_are_placeholders,host_serves_placeholder,snapshots_are_placeholders,none_in_metadata
"train_31638_document_image",host_serves_placeholder+snapshots_are_placeholders,host_serves_placeholder,snapshots_are_placeholders,none_in_metadata
"train_31644_claim_image",host_serves_placeholder+snapshots_are_placeholders,host_serves_placeholder,snapshots_are_placeholders,none_in_metadata
"train_31646_claim_image",host_serves_placeholder+snapshots_are_placeholders,host_serves_placeholder,snapshots_are_placeholders,none_in_metadata
"train_31649_document_image",blocked_403+no_snapshot,blocked_403,no_snapshot,none_in_metadata
"train_31659_document_image",host_serves_placeholder+snapshot_verdict,host_serves_placeholder,snapshot_verdict,none_in_metadata
"train_31664_claim_image",fetched_furniture+no_snapshot,fetched_furniture,no_snapshot,none_in_metadata
"train_31668_document_image",host_serves_placeholder+snapshots_are_placeholders,host_serves_placeholder,snapshots_are_placeholders,none_in_metadata
"train_31675_document_image",host_serves_placeholder+no_snapshot,host_serves_placeholder,no_snapshot,none_in_metadata
"train_31688_document_image",host_serves_placeholder+no_snapshot,host_serves_placeholder,no_snapshot,none_in_metadata
"train_31691_claim_image",blocked_403+snapshot_verdict,blocked_403,snapshot_verdict,none_in_metadata
"train_31705_claim_image",blocked_403+no_snapshot,blocked_403,no_snapshot,none_in_metadata
"train_31705_document_image",blocked_403+no_snapshot,blocked_403,no_snapshot,none_in_metadata
"train_3170_claim_image",host_serves_placeholder+snapshots_are_placeholders,host_serves_placeholder,snapshots_are_placeholders,none_in_metadata
"train_3170_document_image",blocked_403+snapshot_verdict,blocked_403,snapshot_verdict,none_in_metadata
"train_31713_document_image",host_serves_placeholder+snapshots_are_placeholders,host_serves_placeholder,snapshots_are_placeholders,none_in_metadata
"train_31721_claim_image",host_serves_placeholder+snapshots_are_placeholders,host_serves_placeholder,snapshots_are_placeholders,none_in_metadata
"train_31722_claim_image",fetched_furniture+no_snapshot,fetched_furniture,no_snapshot,none_in_metadata
"train_31723_claim_image",blocked_403+no_snapshot,blocked_403,no_snapshot,none_in_metadata
"train_31734_claim_image",refused_http_400+no_snapshot,refused_http_400,no_snapshot,none_in_metadata
"train_31748_claim_image",fetched_verdict+snapshot_verdict,fetched_verdict,snapshot_verdict,none_in_metadata
"train_31780_document_image",blocked_403+no_snapshot,blocked_403,no_snapshot,none_in_metadata
"train_31794_document_image",host_serves_placeholder+snapshots_are_placeholders,host_serves_placeholder,snapshots_are_placeholders,none_in_metadata
"train_31797_document_image",host_serves_placeholder+no_snapshot,host_serves_placeholder,no_snapshot,none_in_metadata
"train_31801_claim_image",host_serves_placeholder+no_snapshot,host_serves_placeholder,no_snapshot,none_in_metadata
"train_31803_claim_image",host_serves_placeholder+snapshots_are_placeholders,host_serves_placeholder,snapshots_are_placeholders,none_in_metadata
"train_31803_document_image",blocked_403+no_snapshot,blocked_403,no_snapshot,none_in_metadata
"train_31805_claim_image",dns_failure+no_snapshot,dns_failure,no_snapshot,none_in_metadata
"train_31807_claim_image",host_serves_placeholder+snapshot_furniture,host_serves_placeholder,snapshot_furniture,none_in_metadata
"train_31813_document_image",host_serves_placeholder+no_snapshot,host_serves_placeholder,no_snapshot,none_in_metadata
"train_31817_claim_image",host_serves_placeholder+snapshots_are_placeholders,host_serves_placeholder,snapshots_are_placeholders,none_in_metadata
"train_31819_claim_image",blocked_403+snapshot_verdict,blocked_403,snapshot_verdict,none_in_metadata
"train_31838_claim_image",host_serves_placeholder+no_snapshot,host_serves_placeholder,no_snapshot,none_in_metadata
"train_31843_document_image",host_serves_placeholder+snapshot_furniture,host_serves_placeholder,snapshot_furniture,none_in_metadata
"train_31857_document_image",host_serves_placeholder+no_snapshot,host_serves_placeholder,no_snapshot,none_in_metadata
"train_31861_document_image",host_serves_placeholder+no_snapshot,host_serves_placeholder,no_snapshot,none_in_metadata
"train_31868_document_image",host_serves_placeholder+no_snapshot,host_serves_placeholder,no_snapshot,none_in_metadata
"train_31877_claim_image",host_serves_placeholder+snapshot_furniture,host_serves_placeholder,snapshot_furniture,none_in_metadata
"train_31880_document_image",host_serves_placeholder+snapshot_furniture,host_serves_placeholder,snapshot_furniture,none_in_metadata
"train_3188_document_image",host_serves_placeholder+no_snapshot,host_serves_placeholder,no_snapshot,none_in_metadata
"train_31894_document_image",host_serves_placeholder+no_snapshot,host_serves_placeholder,no_snapshot,none_in_metadata
"train_31901_document_image",host_serves_placeholder+snapshots_are_placeholders,host_serves_placeholder,snapshots_are_placeholders,none_in_metadata
"train_31911_document_image",host_serves_placeholder+snapshots_are_placeholders,host_serves_placeholder,snapshots_are_placeholders,none_in_metadata
"train_31915_document_image",blocked_403+no_snapshot,blocked_403,no_snapshot,none_in_metadata
"train_31923_claim_image",host_serves_placeholder+snapshots_are_placeholders,host_serves_placeholder,snapshots_are_placeholders,none_in_metadata
"train_31926_document_image",host_serves_placeholder+no_snapshot,host_serves_placeholder,no_snapshot,none_in_metadata
"train_31928_document_image",host_serves_placeholder+no_snapshot,host_serves_placeholder,no_snapshot,none_in_metadata
"train_31932_document_image",host_serves_placeholder+no_snapshot,host_serves_placeholder,no_snapshot,none_in_metadata
"train_31936_claim_image",host_serves_placeholder+snapshots_are_placeholders,host_serves_placeholder,snapshots_are_placeholders,none_in_metadata
"train_31956_document_image",host_serves_placeholder+snapshots_are_placeholders,host_serves_placeholder,snapshots_are_placeholders,none_in_metadata
"train_3195_claim_image",blocked_403+no_snapshot,blocked_403,no_snapshot,none_in_metadata
"train_31971_document_image",blocked_403+no_snapshot,blocked_403,no_snapshot,none_in_metadata
"train_31977_claim_image",host_serves_placeholder+no_snapshot,host_serves_placeholder,no_snapshot,none_in_metadata
"train_3197_claim_image",blocked_403+no_snapshot,blocked_403,no_snapshot,none_in_metadata
"train_3197_document_image",blocked_403+snapshot_verdict,blocked_403,snapshot_verdict,none_in_metadata
"train_31986_claim_image",blocked_403+snapshot_verdict,blocked_403,snapshot_verdict,none_in_metadata
"train_31986_document_image",blocked_403+snapshot_verdict,blocked_403,snapshot_verdict,none_in_metadata
"train_31998_claim_image",host_serves_placeholder+no_snapshot,host_serves_placeholder,no_snapshot,none_in_metadata
"train_32014_document_image",host_serves_placeholder+no_snapshot,host_serves_placeholder,no_snapshot,none_in_metadata
"train_32046_document_image",host_serves_placeholder+snapshots_are_placeholders,host_serves_placeholder,snapshots_are_placeholders,none_in_metadata
"train_32050_claim_image",host_serves_placeholder+no_snapshot,host_serves_placeholder,no_snapshot,none_in_metadata
"train_32056_claim_image",blocked_403+snapshot_verdict,blocked_403,snapshot_verdict,none_in_metadata
"train_32058_document_image",host_serves_placeholder+no_snapshot,host_serves_placeholder,no_snapshot,none_in_metadata
"train_32060_claim_image",blocked_403+snapshot_verdict,blocked_403,snapshot_verdict,none_in_metadata
"train_32070_document_image",blocked_403+no_snapshot,blocked_403,no_snapshot,none_in_metadata
"train_32077_document_image",host_serves_placeholder+no_snapshot,host_serves_placeholder,no_snapshot,none_in_metadata
"train_32088_claim_image",host_serves_placeholder+snapshots_are_placeholders,host_serves_placeholder,snapshots_are_placeholders,none_in_metadata
"train_32100_claim_image",host_serves_placeholder+no_snapshot,host_serves_placeholder,no_snapshot,none_in_metadata
"train_32109_document_image",blocked_403+no_snapshot,blocked_403,no_snapshot,none_in_metadata
"train_32118_document_image",host_serves_placeholder+no_snapshot,host_serves_placeholder,no_snapshot,none_in_metadata
"train_32122_document_image",blocked_403+no_snapshot,blocked_403,no_snapshot,none_in_metadata
"train_32125_document_image",host_serves_placeholder+snapshots_are_placeholders,host_serves_placeholder,snapshots_are_placeholders,none_in_metadata
"train_32133_document_image",host_serves_placeholder+no_snapshot,host_serves_placeholder,no_snapshot,none_in_metadata
"train_32149_document_image",host_serves_placeholder+no_snapshot,host_serves_placeholder,no_snapshot,none_in_metadata
"train_32159_document_image",blocked_403+snapshot_verdict,blocked_403,snapshot_verdict,none_in_metadata
"train_32164_document_image",host_serves_placeholder+no_snapshot,host_serves_placeholder,no_snapshot,none_in_metadata
"train_32166_document_image",blocked_403+no_snapshot,blocked_403,no_snapshot,none_in_metadata
"train_32178_document_image",host_serves_placeholder+snapshots_are_placeholders,host_serves_placeholder,snapshots_are_placeholders,none_in_metadata
"train_32187_document_image",blocked_403+no_snapshot,blocked_403,no_snapshot,none_in_metadata
"train_32195_document_image",blocked_403+no_snapshot,blocked_403,no_snapshot,none_in_metadata
"train_32196_claim_image",host_serves_placeholder+snapshot_furniture,host_serves_placeholder,snapshot_furniture,none_in_metadata
"train_3219_document_image",blocked_403+no_snapshot,blocked_403,no_snapshot,none_in_metadata
"train_32204_document_image",host_serves_placeholder+snapshots_are_placeholders,host_serves_placeholder,snapshots_are_placeholders,none_in_metadata
"train_32208_document_image",host_serves_placeholder+snapshots_are_placeholders,host_serves_placeholder,snapshots_are_placeholders,none_in_metadata
"train_32216_document_image",host_serves_placeholder+snapshots_are_placeholders,host_serves_placeholder,snapshots_are_placeholders,none_in_metadata
"train_32220_document_image",host_serves_placeholder+snapshots_are_placeholders,host_serves_placeholder,snapshots_are_placeholders,none_in_metadata
"train_32230_claim_image",fetched_furniture+no_snapshot,fetched_furniture,no_snapshot,none_in_metadata
"train_32232_document_image",host_serves_placeholder+no_snapshot,host_serves_placeholder,no_snapshot,none_in_metadata
"train_32233_document_image",host_serves_placeholder+snapshots_are_placeholders,host_serves_placeholder,snapshots_are_placeholders,none_in_metadata
"train_32235_document_image",host_serves_placeholder+snapshot_furniture,host_serves_placeholder,snapshot_furniture,none_in_metadata
"train_32249_document_image",host_serves_placeholder+no_snapshot,host_serves_placeholder,no_snapshot,none_in_metadata
"train_32283_document_image",host_serves_placeholder+snapshots_are_placeholders,host_serves_placeholder,snapshots_are_placeholders,none_in_metadata
"train_32285_document_image",blocked_403+snapshot_verdict,blocked_403,snapshot_verdict,none_in_metadata
"train_32289_document_image",host_serves_placeholder+no_snapshot,host_serves_placeholder,no_snapshot,none_in_metadata
"train_3228_document_image",host_serves_placeholder+no_snapshot,host_serves_placeholder,no_snapshot,none_in_metadata
"train_32293_document_image",host_serves_placeholder+no_snapshot,host_serves_placeholder,no_snapshot,none_in_metadata
"train_32296_claim_image",host_serves_placeholder+snapshots_are_placeholders,host_serves_placeholder,snapshots_are_placeholders,none_in_metadata
"train_32307_document_image",host_serves_placeholder+no_snapshot,host_serves_placeholder,no_snapshot,none_in_metadata
"train_32323_document_image",host_serves_placeholder+no_snapshot,host_serves_placeholder,no_snapshot,none_in_metadata
"train_32331_claim_image",host_serves_placeholder+snapshots_are_placeholders,host_serves_placeholder,snapshots_are_placeholders,none_in_metadata
"train_32337_document_image",host_serves_placeholder+snapshots_are_placeholders,host_serves_placeholder,snapshots_are_placeholders,none_in_metadata
"train_32371_claim_image",host_serves_placeholder+no_snapshot,host_serves_placeholder,no_snapshot,none_in_metadata
"train_32378_document_image",blocked_403+no_snapshot,blocked_403,no_snapshot,none_in_metadata
"train_32381_document_image",host_serves_placeholder+snapshots_are_placeholders,host_serves_placeholder,snapshots_are_placeholders,none_in_metadata
"train_32385_document_image",host_serves_placeholder+snapshots_are_placeholders,host_serves_placeholder,snapshots_are_placeholders,none_in_metadata
"train_32387_document_image",refused_http_400+no_snapshot,refused_http_400,no_snapshot,none_in_metadata
"train_32402_document_image",blocked_403+no_snapshot,blocked_403,no_snapshot,none_in_metadata
"train_32437_document_image",host_serves_placeholder+no_snapshot,host_serves_placeholder,no_snapshot,none_in_metadata
"train_32439_document_image",host_serves_placeholder+no_snapshot,host_serves_placeholder,no_snapshot,none_in_metadata
"train_3244_document_image",host_serves_placeholder+snapshots_are_placeholders,host_serves_placeholder,snapshots_are_placeholders,none_in_metadata
"train_32460_document_image",host_serves_placeholder+snapshot_furniture,host_serves_placeholder,snapshot_furniture,none_in_metadata
"train_32468_document_image",host_serves_placeholder+no_snapshot,host_serves_placeholder,no_snapshot,none_in_metadata
"train_32477_claim_image",fetched_furniture+no_snapshot,fetched_furniture,no_snapshot,none_in_metadata
"train_32481_document_image",blocked_403+no_snapshot,blocked_403,no_snapshot,none_in_metadata
"train_32482_claim_image",host_serves_placeholder+snapshot_furniture,host_serves_placeholder,snapshot_furniture,none_in_metadata
"train_32483_document_image",blocked_403+no_snapshot,blocked_403,no_snapshot,none_in_metadata
"train_32485_document_image",host_serves_placeholder+snapshots_are_placeholders,host_serves_placeholder,snapshots_are_placeholders,none_in_metadata
"train_32503_document_image",host_serves_placeholder+no_snapshot,host_serves_placeholder,no_snapshot,none_in_metadata
"train_32505_document_image",host_serves_placeholder+snapshots_are_placeholders,host_serves_placeholder,snapshots_are_placeholders,none_in_metadata
"train_32509_document_image",host_serves_placeholder+snapshots_are_placeholders,host_serves_placeholder,snapshots_are_placeholders,none_in_metadata
"train_32511_claim_image",blocked_403+snapshot_verdict,blocked_403,snapshot_verdict,none_in_metadata
"train_32511_document_image",blocked_403+no_snapshot,blocked_403,no_snapshot,none_in_metadata
"train_32513_document_image",blocked_403+no_snapshot,blocked_403,no_snapshot,none_in_metadata
"train_32523_document_image",host_serves_placeholder+snapshots_are_placeholders,host_serves_placeholder,snapshots_are_placeholders,none_in_metadata
"train_32531_claim_image",blocked_403+snapshot_verdict,blocked_403,snapshot_verdict,none_in_metadata
"train_32538_document_image",host_serves_placeholder+snapshots_are_placeholders,host_serves_placeholder,snapshots_are_placeholders,none_in_metadata
"train_32544_claim_image",host_serves_placeholder+snapshot_furniture,host_serves_placeholder,snapshot_furniture,none_in_metadata
"train_32549_document_image",host_serves_placeholder+no_snapshot,host_serves_placeholder,no_snapshot,none_in_metadata
"train_32563_claim_image",host_serves_placeholder+no_snapshot,host_serves_placeholder,no_snapshot,none_in_metadata
"train_32566_document_image",host_serves_placeholder+snapshots_are_placeholders,host_serves_placeholder,snapshots_are_placeholders,none_in_metadata
"train_32571_document_image",host_serves_placeholder+snapshot_verdict,host_serves_placeholder,snapshot_verdict,none_in_metadata
"train_32580_document_image",blocked_403+no_snapshot,blocked_403,no_snapshot,none_in_metadata
"train_32582_document_image",host_serves_placeholder+snapshots_are_placeholders,host_serves_placeholder,snapshots_are_placeholders,none_in_metadata
"train_32583_claim_image",host_serves_placeholder+snapshot_furniture,host_serves_placeholder,snapshot_furniture,none_in_metadata
"train_32589_document_image",host_serves_placeholder+snapshots_are_placeholders,host_serves_placeholder,snapshots_are_placeholders,none_in_metadata
"train_32591_claim_image",host_serves_non_image+no_snapshot,host_serves_non_image,no_snapshot,none_in_metadata
"train_32591_document_image",blocked_403+no_snapshot,blocked_403,no_snapshot,none_in_metadata
"train_32609_document_image",host_serves_placeholder+no_snapshot,host_serves_placeholder,no_snapshot,none_in_metadata
"train_32613_document_image",blocked_403+no_snapshot,blocked_403,no_snapshot,none_in_metadata
"train_32625_document_image",blocked_403+no_snapshot,blocked_403,no_snapshot,none_in_metadata
"train_32637_document_image",host_serves_placeholder+no_snapshot,host_serves_placeholder,no_snapshot,none_in_metadata
"train_32638_document_image",host_serves_placeholder+snapshots_are_placeholders,host_serves_placeholder,snapshots_are_placeholders,none_in_metadata
"train_32639_document_image",host_serves_placeholder+no_snapshot,host_serves_placeholder,no_snapshot,none_in_metadata
"train_32643_claim_image",blocked_403+snapshot_verdict,blocked_403,snapshot_verdict,none_in_metadata
"train_32643_document_image",blocked_403+no_snapshot,blocked_403,no_snapshot,none_in_metadata
"train_3264_claim_image",blocked_403+snapshot_verdict,blocked_403,snapshot_verdict,none_in_metadata
"train_32670_document_image",host_serves_placeholder+snapshots_are_placeholders,host_serves_placeholder,snapshots_are_placeholders,none_in_metadata
"train_32680_claim_image",host_serves_placeholder+snapshot_furniture,host_serves_placeholder,snapshot_furniture,none_in_metadata
"train_32687_document_image",host_serves_placeholder+snapshots_are_placeholders,host_serves_placeholder,snapshots_are_placeholders,none_in_metadata
"train_3270_document_image",blocked_403+no_snapshot,blocked_403,no_snapshot,none_in_metadata
"train_32712_claim_image",blocked_403+snapshot_verdict,blocked_403,snapshot_verdict,none_in_metadata
"train_32717_claim_image",host_serves_placeholder+snapshot_furniture,host_serves_placeholder,snapshot_furniture,none_in_metadata
"train_32727_document_image",host_serves_placeholder+no_snapshot,host_serves_placeholder,no_snapshot,none_in_metadata
"train_32728_claim_image",fetched_furniture+no_snapshot,fetched_furniture,no_snapshot,none_in_metadata
"train_32729_document_image",blocked_403+no_snapshot,blocked_403,no_snapshot,none_in_metadata
"train_3272_document_image",host_serves_placeholder+no_snapshot,host_serves_placeholder,no_snapshot,none_in_metadata
"train_32733_document_image",host_serves_placeholder+snapshots_are_placeholders,host_serves_placeholder,snapshots_are_placeholders,none_in_metadata
"train_32760_document_image",host_serves_placeholder+no_snapshot,host_serves_placeholder,no_snapshot,none_in_metadata
"train_32799_claim_image",host_serves_placeholder+no_snapshot,host_serves_placeholder,no_snapshot,none_in_metadata
"train_327_document_image",host_serves_placeholder+snapshots_are_placeholders,host_serves_placeholder,snapshots_are_placeholders,none_in_metadata
"train_32802_document_image",blocked_403+no_snapshot,blocked_403,no_snapshot,none_in_metadata
"train_32806_document_image",host_serves_placeholder+snapshots_are_placeholders,host_serves_placeholder,snapshots_are_placeholders,none_in_metadata
"train_32809_document_image",blocked_403+no_snapshot,blocked_403,no_snapshot,none_in_metadata
"train_32822_claim_image",host_serves_placeholder+snapshot_furniture,host_serves_placeholder,snapshot_furniture,none_in_metadata
"train_32827_document_image",blocked_403+no_snapshot,blocked_403,no_snapshot,none_in_metadata
"train_32833_document_image",host_serves_placeholder+no_snapshot,host_serves_placeholder,no_snapshot,none_in_metadata
"train_32834_claim_image",host_serves_placeholder+snapshots_are_placeholders,host_serves_placeholder,snapshots_are_placeholders,none_in_metadata
"train_32841_document_image",host_serves_placeholder+snapshots_are_placeholders,host_serves_placeholder,snapshots_are_placeholders,none_in_metadata
"train_32842_document_image",host_serves_placeholder+snapshots_are_placeholders,host_serves_placeholder,snapshots_are_placeholders,none_in_metadata
"train_32873_document_image",host_serves_placeholder+snapshots_are_placeholders,host_serves_placeholder,snapshots_are_placeholders,none_in_metadata
"train_32881_document_image",blocked_403+snapshot_verdict,blocked_403,snapshot_verdict,none_in_metadata
"train_32882_claim_image",host_serves_placeholder+no_snapshot,host_serves_placeholder,no_snapshot,none_in_metadata
"train_32883_claim_image",gone_404+no_snapshot,gone_404,no_snapshot,none_in_metadata
"train_32885_document_image",host_serves_placeholder+snapshots_are_placeholders,host_serves_placeholder,snapshots_are_placeholders,none_in_metadata
"train_32888_document_image",blocked_403+no_snapshot,blocked_403,no_snapshot,none_in_metadata
"train_32897_document_image",host_serves_placeholder+no_snapshot,host_serves_placeholder,no_snapshot,none_in_metadata
"train_328_document_image",host_serves_placeholder+snapshots_are_placeholders,host_serves_placeholder,snapshots_are_placeholders,none_in_metadata
"train_32930_document_image",host_serves_placeholder+snapshots_are_placeholders,host_serves_placeholder,snapshots_are_placeholders,none_in_metadata
"train_32931_claim_image",fetched_furniture+no_snapshot,fetched_furniture,no_snapshot,none_in_metadata
"train_32943_claim_image",fetched_furniture+no_snapshot,fetched_furniture,no_snapshot,none_in_metadata
"train_32956_document_image",blocked_403+no_snapshot,blocked_403,no_snapshot,none_in_metadata
"train_32965_document_image",blocked_403+snapshot_verdict,blocked_403,snapshot_verdict,none_in_metadata
"train_3296_claim_image",host_serves_placeholder+snapshots_are_placeholders,host_serves_placeholder,snapshots_are_placeholders,none_in_metadata
"train_3296_document_image",host_serves_placeholder+snapshots_are_placeholders,host_serves_placeholder,snapshots_are_placeholders,none_in_metadata
"train_32972_document_image",host_serves_placeholder+no_snapshot,host_serves_placeholder,no_snapshot,none_in_metadata
"train_32988_document_image",host_serves_placeholder+snapshots_are_placeholders,host_serves_placeholder,snapshots_are_placeholders,none_in_metadata
"train_32999_claim_image",host_serves_placeholder+snapshots_are_placeholders,host_serves_placeholder,snapshots_are_placeholders,none_in_metadata
"train_33013_claim_image",blocked_403+snapshot_verdict,blocked_403,snapshot_verdict,none_in_metadata
"train_33015_document_image",blocked_403+no_snapshot,blocked_403,no_snapshot,none_in_metadata
"train_33017_claim_image",blocked_403+no_snapshot,blocked_403,no_snapshot,none_in_metadata
"train_33021_claim_image",blocked_403+snapshot_verdict,blocked_403,snapshot_verdict,none_in_metadata
"train_33036_claim_image",fetched_furniture+no_snapshot,fetched_furniture,no_snapshot,none_in_metadata
"train_33045_document_image",blocked_403+snapshot_verdict,blocked_403,snapshot_verdict,none_in_metadata
"train_33049_document_image",blocked_403+no_snapshot,blocked_403,no_snapshot,none_in_metadata
"train_33054_document_image",host_serves_placeholder+snapshots_are_placeholders,host_serves_placeholder,snapshots_are_placeholders,none_in_metadata
"train_3306_document_image",host_serves_placeholder+snapshots_are_placeholders,host_serves_placeholder,snapshots_are_placeholders,none_in_metadata
"train_33087_claim_image",host_serves_placeholder+no_snapshot,host_serves_placeholder,no_snapshot,none_in_metadata
"train_330_document_image",blocked_403+no_snapshot,blocked_403,no_snapshot,none_in_metadata
"train_33104_document_image",blocked_403+no_snapshot,blocked_403,no_snapshot,none_in_metadata
"train_33106_claim_image",blocked_403+snapshot_verdict,blocked_403,snapshot_verdict,none_in_metadata
"train_33112_document_image",host_serves_placeholder+snapshot_furniture,host_serves_placeholder,snapshot_furniture,none_in_metadata
"train_33115_document_image",blocked_403+no_snapshot,blocked_403,no_snapshot,none_in_metadata
"train_33117_document_image",host_serves_placeholder+no_snapshot,host_serves_placeholder,no_snapshot,none_in_metadata
"train_33123_claim_image",host_serves_placeholder+snapshot_furniture,host_serves_placeholder,snapshot_furniture,none_in_metadata
"train_33131_claim_image",host_serves_placeholder+snapshots_are_placeholders,host_serves_placeholder,snapshots_are_placeholders,none_in_metadata
"train_33144_document_image",blocked_403+snapshot_verdict,blocked_403,snapshot_verdict,none_in_metadata
"train_33147_document_image",blocked_403+no_snapshot,blocked_403,no_snapshot,none_in_metadata
"train_33155_document_image",blocked_403+no_snapshot,blocked_403,no_snapshot,none_in_metadata
"train_33158_claim_image",fetched_furniture+no_snapshot,fetched_furniture,no_snapshot,none_in_metadata
"train_33161_claim_image",blocked_403+snapshot_verdict,blocked_403,snapshot_verdict,none_in_metadata
"train_33167_document_image",host_serves_placeholder+no_snapshot,host_serves_placeholder,no_snapshot,none_in_metadata
"train_33173_claim_image",host_serves_placeholder+snapshot_furniture,host_serves_placeholder,snapshot_furniture,none_in_metadata
"train_33175_document_image",blocked_403+no_snapshot,blocked_403,no_snapshot,none_in_metadata
"train_33177_document_image",host_serves_placeholder+snapshots_are_placeholders,host_serves_placeholder,snapshots_are_placeholders,none_in_metadata
"train_33180_document_image",blocked_403+no_snapshot,blocked_403,no_snapshot,none_in_metadata
"train_33209_claim_image",host_serves_placeholder+snapshot_furniture,host_serves_placeholder,snapshot_furniture,none_in_metadata
"train_33217_claim_image",blocked_403+snapshot_verdict,blocked_403,snapshot_verdict,none_in_metadata
"train_33217_document_image",blocked_403+no_snapshot,blocked_403,no_snapshot,none_in_metadata
"train_33222_claim_image",server_error_5xx+no_snapshot,server_error_5xx,no_snapshot,none_in_metadata
"train_33222_document_image",blocked_403+no_snapshot,blocked_403,no_snapshot,none_in_metadata
"train_33223_claim_image",host_serves_placeholder+no_snapshot,host_serves_placeholder,no_snapshot,none_in_metadata
"train_33231_document_image",host_serves_placeholder+snapshots_are_placeholders,host_serves_placeholder,snapshots_are_placeholders,none_in_metadata
"train_33238_document_image",host_serves_placeholder+no_snapshot,host_serves_placeholder,no_snapshot,none_in_metadata
"train_33240_claim_image",dns_failure+no_snapshot,dns_failure,no_snapshot,none_in_metadata
"train_33258_document_image",host_serves_placeholder+snapshots_are_placeholders,host_serves_placeholder,snapshots_are_placeholders,none_in_metadata
"train_33262_document_image",host_serves_placeholder+no_snapshot,host_serves_placeholder,no_snapshot,none_in_metadata
"train_33263_claim_image",host_serves_placeholder+snapshot_furniture,host_serves_placeholder,snapshot_furniture,none_in_metadata
"train_33269_document_image",host_serves_placeholder+snapshots_are_placeholders,host_serves_placeholder,snapshots_are_placeholders,none_in_metadata
"train_33285_document_image",blocked_403+no_snapshot,blocked_403,no_snapshot,none_in_metadata
"train_33290_claim_image",dns_failure+no_snapshot,dns_failure,no_snapshot,none_in_metadata
"train_33290_document_image",blocked_403+no_snapshot,blocked_403,no_snapshot,none_in_metadata
"train_33297_claim_image",host_serves_placeholder+snapshot_furniture,host_serves_placeholder,snapshot_furniture,none_in_metadata
"train_3329_claim_image",host_serves_placeholder+no_snapshot,host_serves_placeholder,no_snapshot,none_in_metadata
"train_332_document_image",host_serves_placeholder+snapshots_are_placeholders,host_serves_placeholder,snapshots_are_placeholders,none_in_metadata
"train_33301_claim_image",host_serves_placeholder+snapshots_are_placeholders,host_serves_placeholder,snapshots_are_placeholders,none_in_metadata
"train_33310_claim_image",host_serves_placeholder+snapshot_furniture,host_serves_placeholder,snapshot_furniture,none_in_metadata
"train_33317_document_image",host_serves_placeholder+no_snapshot,host_serves_placeholder,no_snapshot,none_in_metadata
"train_33334_document_image",blocked_403+no_snapshot,blocked_403,no_snapshot,none_in_metadata
"train_33338_document_image",blocked_403+no_snapshot,blocked_403,no_snapshot,none_in_metadata
"train_33342_document_image",host_serves_placeholder+snapshots_are_placeholders,host_serves_placeholder,snapshots_are_placeholders,none_in_metadata
"train_33355_document_image",blocked_403+no_snapshot,blocked_403,no_snapshot,none_in_metadata
"train_33358_document_image",host_serves_placeholder+snapshots_are_placeholders,host_serves_placeholder,snapshots_are_placeholders,none_in_metadata
"train_3335_document_image",host_serves_placeholder+snapshots_are_placeholders,host_serves_placeholder,snapshots_are_placeholders,none_in_metadata
"train_33370_document_image",host_serves_placeholder+no_snapshot,host_serves_placeholder,no_snapshot,none_in_metadata
"train_33378_document_image",host_serves_placeholder+no_snapshot,host_serves_placeholder,no_snapshot,none_in_metadata
"train_33385_claim_image",blocked_403+snapshot_verdict,blocked_403,snapshot_verdict,none_in_metadata
"train_33387_claim_image",host_serves_placeholder+snapshots_are_placeholders,host_serves_placeholder,snapshots_are_placeholders,none_in_metadata
"train_33391_document_image",blocked_403+no_snapshot,blocked_403,no_snapshot,none_in_metadata
"train_33392_claim_image",host_serves_placeholder+no_snapshot,host_serves_placeholder,no_snapshot,none_in_metadata
"train_33406_claim_image",unreachable_ssl_error+no_snapshot,unreachable_ssl_error,no_snapshot,none_in_metadata
"train_33411_document_image",host_serves_placeholder+snapshots_are_placeholders,host_serves_placeholder,snapshots_are_placeholders,none_in_metadata
"train_33413_claim_image",host_serves_placeholder+snapshot_furniture,host_serves_placeholder,snapshot_furniture,none_in_metadata
"train_33414_document_image",host_serves_placeholder+snapshots_are_placeholders,host_serves_placeholder,snapshots_are_placeholders,none_in_metadata
"train_3341_claim_image",host_serves_placeholder+no_snapshot,host_serves_placeholder,no_snapshot,none_in_metadata
"train_33435_claim_image",host_serves_placeholder+no_snapshot,host_serves_placeholder,no_snapshot,none_in_metadata
"train_33437_document_image",blocked_403+snapshot_verdict,blocked_403,snapshot_verdict,none_in_metadata
"train_33440_claim_image",host_serves_placeholder+snapshot_furniture,host_serves_placeholder,snapshot_furniture,none_in_metadata
"train_33446_claim_image",refused_http_406+no_snapshot,refused_http_406,no_snapshot,none_in_metadata
"train_33446_document_image",blocked_403+no_snapshot,blocked_403,no_snapshot,none_in_metadata
"train_33451_document_image",blocked_403+no_snapshot,blocked_403,no_snapshot,none_in_metadata
"train_33457_document_image",blocked_403+snapshot_verdict,blocked_403,snapshot_verdict,none_in_metadata
"train_33459_document_image",host_serves_placeholder+no_snapshot,host_serves_placeholder,no_snapshot,none_in_metadata
"train_33460_document_image",host_serves_placeholder+snapshots_are_placeholders,host_serves_placeholder,snapshots_are_placeholders,none_in_metadata
"train_33461_document_image",host_serves_placeholder+no_snapshot,host_serves_placeholder,no_snapshot,none_in_metadata
"train_33470_document_image",blocked_403+no_snapshot,blocked_403,no_snapshot,none_in_metadata
"train_33483_document_image",host_serves_placeholder+snapshots_are_placeholders,host_serves_placeholder,snapshots_are_placeholders,none_in_metadata
"train_33485_document_image",host_serves_placeholder+no_snapshot,host_serves_placeholder,no_snapshot,none_in_metadata
"train_33495_document_image",host_serves_placeholder+snapshots_are_placeholders,host_serves_placeholder,snapshots_are_placeholders,none_in_metadata
"train_33522_claim_image",blocked_403+snapshot_verdict,blocked_403,snapshot_verdict,none_in_metadata
"train_33524_claim_image",host_serves_placeholder+no_snapshot,host_serves_placeholder,no_snapshot,none_in_metadata
"train_33526_claim_image",host_serves_placeholder+snapshot_furniture,host_serves_placeholder,snapshot_furniture,none_in_metadata
"train_33527_claim_image",host_serves_placeholder+snapshots_are_placeholders,host_serves_placeholder,snapshots_are_placeholders,none_in_metadata
"train_33537_claim_image",blocked_403+snapshot_verdict,blocked_403,snapshot_verdict,none_in_metadata
"train_33552_claim_image",blocked_403+snapshot_verdict,blocked_403,snapshot_verdict,none_in_metadata
"train_33552_document_image",blocked_403+snapshot_verdict,blocked_403,snapshot_verdict,none_in_metadata
"train_33577_document_image",host_serves_placeholder+no_snapshot,host_serves_placeholder,no_snapshot,none_in_metadata
"train_33579_document_image",blocked_403+no_snapshot,blocked_403,no_snapshot,none_in_metadata
"train_33585_claim_image",host_serves_placeholder+snapshot_furniture,host_serves_placeholder,snapshot_furniture,none_in_metadata
"train_33612_document_image",blocked_403+no_snapshot,blocked_403,no_snapshot,none_in_metadata
"train_33622_document_image",host_serves_placeholder+no_snapshot,host_serves_placeholder,no_snapshot,none_in_metadata
"train_33629_document_image",host_serves_placeholder+snapshots_are_placeholders,host_serves_placeholder,snapshots_are_placeholders,none_in_metadata
"train_33634_document_image",host_serves_placeholder+snapshots_are_placeholders,host_serves_placeholder,snapshots_are_placeholders,none_in_metadata
"train_33640_document_image",host_serves_placeholder+snapshots_are_placeholders,host_serves_placeholder,snapshots_are_placeholders,none_in_metadata
"train_33682_claim_image",blocked_403+no_snapshot,blocked_403,no_snapshot,none_in_metadata
"train_33709_document_image",host_serves_placeholder+no_snapshot,host_serves_placeholder,no_snapshot,none_in_metadata
"train_33717_claim_image",host_serves_placeholder+no_snapshot,host_serves_placeholder,no_snapshot,none_in_metadata
"train_33766_claim_image",blocked_403+no_snapshot,blocked_403,no_snapshot,none_in_metadata
"train_33773_document_image",host_serves_placeholder+snapshots_are_placeholders,host_serves_placeholder,snapshots_are_placeholders,none_in_metadata
"train_33788_document_image",host_serves_placeholder+no_snapshot,host_serves_placeholder,no_snapshot,none_in_metadata
"train_33800_document_image",host_serves_placeholder+no_snapshot,host_serves_placeholder,no_snapshot,none_in_metadata
"train_3380_document_image",host_serves_placeholder+snapshots_are_placeholders,host_serves_placeholder,snapshots_are_placeholders,none_in_metadata
"train_33813_document_image",host_serves_placeholder+no_snapshot,host_serves_placeholder,no_snapshot,none_in_metadata
"train_33822_document_image",host_serves_placeholder+no_snapshot,host_serves_placeholder,no_snapshot,none_in_metadata
"train_33849_document_image",host_serves_placeholder+no_snapshot,host_serves_placeholder,no_snapshot,none_in_metadata
"train_33857_claim_image",host_serves_placeholder+snapshots_are_placeholders,host_serves_placeholder,snapshots_are_placeholders,none_in_metadata
"train_3386_document_image",host_serves_placeholder+snapshots_are_placeholders,host_serves_placeholder,snapshots_are_placeholders,none_in_metadata
"train_33872_claim_image",host_serves_placeholder+snapshots_are_placeholders,host_serves_placeholder,snapshots_are_placeholders,none_in_metadata
"train_33883_document_image",blocked_403+snapshot_verdict,blocked_403,snapshot_verdict,none_in_metadata
"train_33886_claim_image",gone_404+no_snapshot,gone_404,no_snapshot,none_in_metadata
"train_33904_document_image",host_serves_placeholder+no_snapshot,host_serves_placeholder,no_snapshot,none_in_metadata
"train_33911_document_image",host_serves_placeholder+no_snapshot,host_serves_placeholder,no_snapshot,none_in_metadata
"train_33915_claim_image",host_serves_non_image+no_snapshot,host_serves_non_image,no_snapshot,none_in_metadata
"train_33915_document_image",host_serves_non_image+no_snapshot,host_serves_non_image,no_snapshot,none_in_metadata
"train_33917_document_image",host_serves_placeholder+no_snapshot,host_serves_placeholder,no_snapshot,none_in_metadata
"train_3391_document_image",host_serves_placeholder+no_snapshot,host_serves_placeholder,no_snapshot,none_in_metadata
"train_3392_claim_image",gone_404+no_snapshot,gone_404,no_snapshot,none_in_metadata
"train_3393_document_image",host_serves_placeholder+snapshots_are_placeholders,host_serves_placeholder,snapshots_are_placeholders,none_in_metadata
"train_33952_document_image",host_serves_placeholder+snapshots_are_placeholders,host_serves_placeholder,snapshots_are_placeholders,none_in_metadata
"train_33954_document_image",host_serves_placeholder+snapshots_are_placeholders,host_serves_placeholder,snapshots_are_placeholders,none_in_metadata
"train_33961_document_image",host_serves_placeholder+snapshots_are_placeholders,host_serves_placeholder,snapshots_are_placeholders,none_in_metadata
"train_33963_claim_image",blocked_403+snapshot_verdict,blocked_403,snapshot_verdict,none_in_metadata
"train_33963_document_image",blocked_403+snapshot_verdict,blocked_403,snapshot_verdict,none_in_metadata
"train_33965_claim_image",blocked_403+snapshot_verdict,blocked_403,snapshot_verdict,none_in_metadata
"train_33965_document_image",blocked_403+snapshot_verdict,blocked_403,snapshot_verdict,none_in_metadata
"train_33977_document_image",blocked_403+no_snapshot,blocked_403,no_snapshot,none_in_metadata
"train_33979_claim_image",blocked_403+no_snapshot,blocked_403,no_snapshot,none_in_metadata
"train_33979_document_image",blocked_403+no_snapshot,blocked_403,no_snapshot,none_in_metadata
"train_3399_document_image",host_serves_placeholder+snapshot_furniture,host_serves_placeholder,snapshot_furniture,none_in_metadata
"train_34011_document_image",host_serves_placeholder+snapshots_are_placeholders,host_serves_placeholder,snapshots_are_placeholders,none_in_metadata
"train_34018_document_image",host_serves_placeholder+no_snapshot,host_serves_placeholder,no_snapshot,none_in_metadata
"train_34023_document_image",blocked_403+no_snapshot,blocked_403,no_snapshot,none_in_metadata
"train_34024_document_image",blocked_403+no_snapshot,blocked_403,no_snapshot,none_in_metadata
"train_34025_document_image",host_serves_placeholder+no_snapshot,host_serves_placeholder,no_snapshot,none_in_metadata
"train_34027_claim_image",host_serves_placeholder+snapshots_are_placeholders,host_serves_placeholder,snapshots_are_placeholders,none_in_metadata
"train_34038_claim_image",server_error_5xx+no_snapshot,server_error_5xx,no_snapshot,none_in_metadata
"train_34039_document_image",blocked_403+no_snapshot,blocked_403,no_snapshot,none_in_metadata
"train_34062_document_image",blocked_403+no_snapshot,blocked_403,no_snapshot,none_in_metadata
"train_34066_document_image",blocked_403+no_snapshot,blocked_403,no_snapshot,none_in_metadata
"train_34071_claim_image",host_serves_placeholder+snapshots_are_placeholders,host_serves_placeholder,snapshots_are_placeholders,none_in_metadata
"train_34075_document_image",host_serves_placeholder+snapshots_are_placeholders,host_serves_placeholder,snapshots_are_placeholders,none_in_metadata
"train_34097_document_image",host_serves_placeholder+snapshots_are_placeholders,host_serves_placeholder,snapshots_are_placeholders,none_in_metadata
"train_34101_claim_image",blocked_403+snapshot_verdict,blocked_403,snapshot_verdict,none_in_metadata
"train_34106_document_image",host_serves_placeholder+no_snapshot,host_serves_placeholder,no_snapshot,none_in_metadata
"train_34107_claim_image",blocked_403+snapshot_verdict,blocked_403,snapshot_verdict,none_in_metadata
"train_34107_document_image",blocked_403+no_snapshot,blocked_403,no_snapshot,none_in_metadata
"train_3410_document_image",host_serves_placeholder+snapshots_are_placeholders,host_serves_placeholder,snapshots_are_placeholders,none_in_metadata
"train_34111_document_image",host_serves_placeholder+snapshots_are_placeholders,host_serves_placeholder,snapshots_are_placeholders,none_in_metadata
"train_34112_claim_image",host_serves_placeholder+no_snapshot,host_serves_placeholder,no_snapshot,none_in_metadata
"train_34113_claim_image",host_serves_placeholder+snapshots_are_placeholders,host_serves_placeholder,snapshots_are_placeholders,none_in_metadata
"train_34123_document_image",blocked_403+no_snapshot,blocked_403,no_snapshot,none_in_metadata
"train_34130_claim_image",host_serves_placeholder+no_snapshot,host_serves_placeholder,no_snapshot,none_in_metadata
"train_34146_document_image",host_serves_placeholder+snapshots_are_placeholders,host_serves_placeholder,snapshots_are_placeholders,none_in_metadata
"train_3414_document_image",host_serves_placeholder+snapshot_verdict,host_serves_placeholder,snapshot_verdict,none_in_metadata
"train_34158_document_image",host_serves_placeholder+snapshots_are_placeholders,host_serves_placeholder,snapshots_are_placeholders,none_in_metadata
"train_34161_document_image",blocked_403+no_snapshot,blocked_403,no_snapshot,none_in_metadata
"train_34168_claim_image",host_serves_placeholder+snapshots_are_placeholders,host_serves_placeholder,snapshots_are_placeholders,none_in_metadata
"train_34174_document_image",blocked_403+no_snapshot,blocked_403,no_snapshot,none_in_metadata
"train_34176_document_image",host_serves_placeholder+snapshots_are_placeholders,host_serves_placeholder,snapshots_are_placeholders,none_in_metadata
"train_34189_document_image",host_serves_placeholder+no_snapshot,host_serves_placeholder,no_snapshot,none_in_metadata
"train_3418_document_image",blocked_403+no_snapshot,blocked_403,no_snapshot,none_in_metadata
"train_34204_document_image",blocked_403+no_snapshot,blocked_403,no_snapshot,none_in_metadata
"train_34213_claim_image",host_serves_placeholder+snapshots_are_placeholders,host_serves_placeholder,snapshots_are_placeholders,none_in_metadata
"train_34215_claim_image",host_serves_placeholder+no_snapshot,host_serves_placeholder,no_snapshot,none_in_metadata
"train_34248_claim_image",host_serves_placeholder+no_snapshot,host_serves_placeholder,no_snapshot,none_in_metadata
"train_34249_document_image",blocked_403+snapshot_verdict,blocked_403,snapshot_verdict,none_in_metadata
"train_34253_document_image",host_serves_placeholder+no_snapshot,host_serves_placeholder,no_snapshot,none_in_metadata
"train_34254_claim_image",host_serves_placeholder+no_snapshot,host_serves_placeholder,no_snapshot,none_in_metadata
"train_34262_claim_image",host_serves_placeholder+no_snapshot,host_serves_placeholder,no_snapshot,none_in_metadata
"train_34265_claim_image",blocked_403+snapshot_verdict,blocked_403,snapshot_verdict,none_in_metadata
"train_34268_document_image",host_serves_placeholder+snapshots_are_placeholders,host_serves_placeholder,snapshots_are_placeholders,none_in_metadata
"train_34275_document_image",host_serves_placeholder+no_snapshot,host_serves_placeholder,no_snapshot,none_in_metadata
"train_34277_document_image",host_serves_placeholder+no_snapshot,host_serves_placeholder,no_snapshot,none_in_metadata
"train_3427_document_image",blocked_403+no_snapshot,blocked_403,no_snapshot,none_in_metadata
"train_34283_claim_image",host_serves_placeholder+no_snapshot,host_serves_placeholder,no_snapshot,none_in_metadata
"train_3428_document_image",blocked_403+no_snapshot,blocked_403,no_snapshot,none_in_metadata
"train_34298_claim_image",host_serves_placeholder+snapshots_are_placeholders,host_serves_placeholder,snapshots_are_placeholders,none_in_metadata
"train_3429_document_image",blocked_403+no_snapshot,blocked_403,no_snapshot,none_in_metadata
"train_34302_document_image",host_serves_placeholder+snapshots_are_placeholders,host_serves_placeholder,snapshots_are_placeholders,none_in_metadata
"train_34320_claim_image",host_serves_placeholder+snapshots_are_placeholders,host_serves_placeholder,snapshots_are_placeholders,none_in_metadata
"train_3432_claim_image",host_serves_placeholder+snapshot_furniture,host_serves_placeholder,snapshot_furniture,none_in_metadata
"train_34334_claim_image",blocked_403+no_snapshot,blocked_403,no_snapshot,none_in_metadata
"train_34334_document_image",blocked_403+no_snapshot,blocked_403,no_snapshot,none_in_metadata
"train_34348_document_image",blocked_403+snapshot_verdict,blocked_403,snapshot_verdict,none_in_metadata
"train_3435_claim_image",host_serves_placeholder+snapshots_are_placeholders,host_serves_placeholder,snapshots_are_placeholders,none_in_metadata
"train_34361_document_image",blocked_403+no_snapshot,blocked_403,no_snapshot,none_in_metadata
"train_34367_document_image",host_serves_placeholder+snapshots_are_placeholders,host_serves_placeholder,snapshots_are_placeholders,none_in_metadata
"train_34398_claim_image",host_serves_placeholder+no_snapshot,host_serves_placeholder,no_snapshot,none_in_metadata
"train_34413_document_image",host_serves_placeholder+snapshots_are_placeholders,host_serves_placeholder,snapshots_are_placeholders,none_in_metadata
"train_34423_claim_image",host_serves_placeholder+snapshots_are_placeholders,host_serves_placeholder,snapshots_are_placeholders,none_in_metadata
"train_34440_claim_image",gone_404+snapshot_verdict,gone_404,snapshot_verdict,none_in_metadata
"train_34445_claim_image",blocked_403+snapshot_verdict,blocked_403,snapshot_verdict,none_in_metadata
"train_34449_document_image",host_serves_placeholder+no_snapshot,host_serves_placeholder,no_snapshot,none_in_metadata
"train_34459_claim_image",host_serves_placeholder+no_snapshot,host_serves_placeholder,no_snapshot,none_in_metadata
"train_34479_document_image",gone_404+no_snapshot,gone_404,no_snapshot,none_in_metadata
"train_34488_document_image",blocked_403+no_snapshot,blocked_403,no_snapshot,none_in_metadata
"train_3448_claim_image",host_serves_placeholder+no_snapshot,host_serves_placeholder,no_snapshot,none_in_metadata
"train_34506_document_image",host_serves_placeholder+snapshots_are_placeholders,host_serves_placeholder,snapshots_are_placeholders,none_in_metadata
"train_34514_claim_image",blocked_403+snapshot_verdict,blocked_403,snapshot_verdict,none_in_metadata
"train_34517_document_image",host_serves_placeholder+snapshots_are_placeholders,host_serves_placeholder,snapshots_are_placeholders,none_in_metadata
"train_34519_document_image",host_serves_placeholder+no_snapshot,host_serves_placeholder,no_snapshot,none_in_metadata
"train_34526_claim_image",host_serves_placeholder+snapshot_furniture,host_serves_placeholder,snapshot_furniture,none_in_metadata
"train_34527_document_image",host_serves_placeholder+no_snapshot,host_serves_placeholder,no_snapshot,none_in_metadata
"train_3452_document_image",blocked_403+no_snapshot,blocked_403,no_snapshot,none_in_metadata
"train_34554_claim_image",host_serves_placeholder+snapshots_are_placeholders,host_serves_placeholder,snapshots_are_placeholders,none_in_metadata
"train_34558_document_image",blocked_403+no_snapshot,blocked_403,no_snapshot,none_in_metadata
"train_34580_document_image",blocked_403+no_snapshot,blocked_403,no_snapshot,none_in_metadata
"train_34589_document_image",host_serves_placeholder+snapshots_are_placeholders,host_serves_placeholder,snapshots_are_placeholders,none_in_metadata
"train_3459_claim_image",host_serves_placeholder+snapshot_furniture,host_serves_placeholder,snapshot_furniture,none_in_metadata
"train_34603_document_image",blocked_403+no_snapshot,blocked_403,no_snapshot,none_in_metadata
"train_34604_document_image",host_serves_placeholder+no_snapshot,host_serves_placeholder,no_snapshot,none_in_metadata
"train_34612_claim_image",host_serves_placeholder+snapshot_furniture,host_serves_placeholder,snapshot_furniture,none_in_metadata
"train_34623_claim_image",host_serves_placeholder+snapshots_are_placeholders,host_serves_placeholder,snapshots_are_placeholders,none_in_metadata
"train_34633_document_image",host_serves_placeholder+no_snapshot,host_serves_placeholder,no_snapshot,none_in_metadata
"train_34639_document_image",host_serves_placeholder+snapshots_are_placeholders,host_serves_placeholder,snapshots_are_placeholders,none_in_metadata
"train_34645_claim_image",host_serves_placeholder+no_snapshot,host_serves_placeholder,no_snapshot,none_in_metadata
"train_34647_document_image",host_serves_placeholder+snapshots_are_placeholders,host_serves_placeholder,snapshots_are_placeholders,none_in_metadata
"train_34662_document_image",host_serves_placeholder+snapshots_are_placeholders,host_serves_placeholder,snapshots_are_placeholders,none_in_metadata
"train_34673_claim_image",host_serves_placeholder+snapshots_are_placeholders,host_serves_placeholder,snapshots_are_placeholders,none_in_metadata
"train_34688_document_image",blocked_403+no_snapshot,blocked_403,no_snapshot,none_in_metadata
"train_34689_document_image",host_serves_placeholder+no_snapshot,host_serves_placeholder,no_snapshot,none_in_metadata
"train_34699_document_image",host_serves_placeholder+snapshots_are_placeholders,host_serves_placeholder,snapshots_are_placeholders,none_in_metadata
"train_34706_claim_image",blocked_403+no_snapshot,blocked_403,no_snapshot,none_in_metadata
"train_34728_document_image",host_serves_placeholder+no_snapshot,host_serves_placeholder,no_snapshot,none_in_metadata
"train_34738_document_image",blocked_403+no_snapshot,blocked_403,no_snapshot,none_in_metadata
"train_34751_claim_image",host_serves_placeholder+no_snapshot,host_serves_placeholder,no_snapshot,none_in_metadata
"train_34752_claim_image",host_serves_placeholder+snapshot_furniture,host_serves_placeholder,snapshot_furniture,none_in_metadata
"train_34756_claim_image",host_serves_placeholder+snapshot_furniture,host_serves_placeholder,snapshot_furniture,none_in_metadata
"train_34782_document_image",host_serves_placeholder+snapshots_are_placeholders,host_serves_placeholder,snapshots_are_placeholders,none_in_metadata
"train_3479_document_image",host_serves_placeholder+no_snapshot,host_serves_placeholder,no_snapshot,none_in_metadata
"train_34800_claim_image",blocked_403+snapshot_verdict,blocked_403,snapshot_verdict,none_in_metadata
"train_34800_document_image",blocked_403+no_snapshot,blocked_403,no_snapshot,none_in_metadata
"train_34806_document_image",host_serves_placeholder+no_snapshot,host_serves_placeholder,no_snapshot,none_in_metadata
"train_34809_document_image",host_serves_placeholder+snapshots_are_placeholders,host_serves_placeholder,snapshots_are_placeholders,none_in_metadata
"train_3480_claim_image",host_serves_placeholder+snapshots_are_placeholders,host_serves_placeholder,snapshots_are_placeholders,none_in_metadata
"train_34815_document_image",host_serves_placeholder+no_snapshot,host_serves_placeholder,no_snapshot,none_in_metadata
"train_34819_document_image",blocked_403+snapshot_verdict,blocked_403,snapshot_verdict,none_in_metadata
"train_34836_claim_image",host_serves_placeholder+snapshot_furniture,host_serves_placeholder,snapshot_furniture,none_in_metadata
"train_34845_document_image",host_serves_placeholder+no_snapshot,host_serves_placeholder,no_snapshot,none_in_metadata
"train_3484_document_image",blocked_403+snapshot_verdict,blocked_403,snapshot_verdict,none_in_metadata
"train_34855_document_image",blocked_403+no_snapshot,blocked_403,no_snapshot,none_in_metadata
"train_34857_document_image",host_serves_placeholder+no_snapshot,host_serves_placeholder,no_snapshot,none_in_metadata
"train_34872_claim_image",host_serves_placeholder+snapshots_are_placeholders,host_serves_placeholder,snapshots_are_placeholders,none_in_metadata
"train_34874_document_image",host_serves_placeholder+snapshots_are_placeholders,host_serves_placeholder,snapshots_are_placeholders,none_in_metadata
"train_34878_document_image",host_serves_placeholder+no_snapshot,host_serves_placeholder,no_snapshot,none_in_metadata
"train_34883_claim_image",blocked_403+no_snapshot,blocked_403,no_snapshot,none_in_metadata
"train_34884_claim_image",host_serves_placeholder+snapshot_furniture,host_serves_placeholder,snapshot_furniture,none_in_metadata
"train_34884_document_image",blocked_403+no_snapshot,blocked_403,no_snapshot,none_in_metadata
"train_34891_document_image",host_serves_placeholder+no_snapshot,host_serves_placeholder,no_snapshot,none_in_metadata
"train_34892_claim_image",host_serves_placeholder+snapshot_furniture,host_serves_placeholder,snapshot_furniture,none_in_metadata
"train_34918_claim_image",host_serves_placeholder+no_snapshot,host_serves_placeholder,no_snapshot,none_in_metadata
"train_34922_claim_image",host_serves_placeholder+snapshot_furniture,host_serves_placeholder,snapshot_furniture,none_in_metadata
"train_34924_claim_image",blocked_403+snapshot_verdict,blocked_403,snapshot_verdict,none_in_metadata
"train_34924_document_image",blocked_403+no_snapshot,blocked_403,no_snapshot,none_in_metadata
"train_3492_claim_image",gone_404+snapshot_verdict,gone_404,snapshot_verdict,none_in_metadata
"train_34943_claim_image",refused_http_400+snapshots_failed,refused_http_400,snapshots_failed,none_in_metadata
"train_34949_claim_image",blocked_403+no_snapshot,blocked_403,no_snapshot,none_in_metadata
"train_34949_document_image",blocked_403+no_snapshot,blocked_403,no_snapshot,none_in_metadata
"train_34954_claim_image",host_serves_placeholder+snapshots_are_placeholders,host_serves_placeholder,snapshots_are_placeholders,none_in_metadata
"train_34954_document_image",blocked_403+no_snapshot,blocked_403,no_snapshot,none_in_metadata
"train_34955_document_image",host_serves_placeholder+no_snapshot,host_serves_placeholder,no_snapshot,none_in_metadata
"train_34971_document_image",host_serves_placeholder+no_snapshot,host_serves_placeholder,no_snapshot,none_in_metadata
"train_34980_document_image",blocked_403+no_snapshot,blocked_403,no_snapshot,none_in_metadata
"train_3525_document_image",blocked_403+no_snapshot,blocked_403,no_snapshot,none_in_metadata
"train_3533_document_image",blocked_403+no_snapshot,blocked_403,no_snapshot,none_in_metadata
"train_3535_document_image",host_serves_placeholder+snapshots_are_placeholders,host_serves_placeholder,snapshots_are_placeholders,none_in_metadata
"train_3558_document_image",host_serves_placeholder+no_snapshot,host_serves_placeholder,no_snapshot,none_in_metadata
"train_3564_document_image",host_serves_placeholder+no_snapshot,host_serves_placeholder,no_snapshot,none_in_metadata
"train_356_document_image",host_serves_placeholder+no_snapshot,host_serves_placeholder,no_snapshot,none_in_metadata
"train_3582_claim_image",host_serves_placeholder+snapshot_furniture,host_serves_placeholder,snapshot_furniture,none_in_metadata
"train_3592_document_image",host_serves_placeholder+snapshots_are_placeholders,host_serves_placeholder,snapshots_are_placeholders,none_in_metadata
"train_3596_document_image",host_serves_placeholder+snapshots_are_placeholders,host_serves_placeholder,snapshots_are_placeholders,none_in_metadata
"train_3601_claim_image",fetched_furniture+no_snapshot,fetched_furniture,no_snapshot,none_in_metadata
"train_3614_document_image",host_serves_placeholder+no_snapshot,host_serves_placeholder,no_snapshot,none_in_metadata
"train_3620_document_image",host_serves_placeholder+no_snapshot,host_serves_placeholder,no_snapshot,none_in_metadata
"train_3626_document_image",host_serves_placeholder+no_snapshot,host_serves_placeholder,no_snapshot,none_in_metadata
"train_3628_document_image",host_serves_placeholder+no_snapshot,host_serves_placeholder,no_snapshot,none_in_metadata
"train_3629_claim_image",host_serves_placeholder+snapshot_furniture,host_serves_placeholder,snapshot_furniture,none_in_metadata
"train_3638_document_image",host_serves_placeholder+snapshots_are_placeholders,host_serves_placeholder,snapshots_are_placeholders,none_in_metadata
"train_3643_claim_image",host_serves_placeholder+snapshot_furniture,host_serves_placeholder,snapshot_furniture,none_in_metadata
"train_3648_document_image",host_serves_placeholder+snapshots_are_placeholders,host_serves_placeholder,snapshots_are_placeholders,none_in_metadata
"train_3667_document_image",host_serves_placeholder+no_snapshot,host_serves_placeholder,no_snapshot,none_in_metadata
"train_3672_claim_image",blocked_403+snapshot_verdict,blocked_403,snapshot_verdict,none_in_metadata
"train_3677_document_image",host_serves_placeholder+snapshots_are_placeholders,host_serves_placeholder,snapshots_are_placeholders,none_in_metadata
"train_3678_document_image",host_serves_placeholder+snapshots_are_placeholders,host_serves_placeholder,snapshots_are_placeholders,none_in_metadata
"train_3693_document_image",host_serves_placeholder+no_snapshot,host_serves_placeholder,no_snapshot,none_in_metadata
"train_3694_document_image",blocked_403+no_snapshot,blocked_403,no_snapshot,none_in_metadata
"train_3709_document_image",host_serves_placeholder+snapshots_are_placeholders,host_serves_placeholder,snapshots_are_placeholders,none_in_metadata
"train_3712_claim_image",host_serves_placeholder+snapshots_are_placeholders,host_serves_placeholder,snapshots_are_placeholders,none_in_metadata
"train_3721_document_image",blocked_403+no_snapshot,blocked_403,no_snapshot,none_in_metadata
"train_3753_document_image",host_serves_placeholder+no_snapshot,host_serves_placeholder,no_snapshot,none_in_metadata
"train_3765_document_image",host_serves_placeholder+snapshot_verdict,host_serves_placeholder,snapshot_verdict,none_in_metadata
"train_3786_claim_image",host_serves_placeholder+snapshot_verdict,host_serves_placeholder,snapshot_verdict,none_in_metadata
"train_3790_document_image",blocked_403+no_snapshot,blocked_403,no_snapshot,none_in_metadata
"train_3796_claim_image",host_serves_placeholder+snapshots_are_placeholders,host_serves_placeholder,snapshots_are_placeholders,none_in_metadata
"train_3800_document_image",blocked_403+no_snapshot,blocked_403,no_snapshot,none_in_metadata
"train_3804_document_image",host_serves_placeholder+no_snapshot,host_serves_placeholder,no_snapshot,none_in_metadata
"train_380_document_image",blocked_403+no_snapshot,blocked_403,no_snapshot,none_in_metadata
"train_3822_claim_image",host_serves_placeholder+snapshot_furniture,host_serves_placeholder,snapshot_furniture,none_in_metadata
"train_3824_document_image",host_serves_placeholder+no_snapshot,host_serves_placeholder,no_snapshot,none_in_metadata
"train_382_document_image",host_serves_placeholder+no_snapshot,host_serves_placeholder,no_snapshot,none_in_metadata
"train_3835_claim_image",server_error_5xx+no_snapshot,server_error_5xx,no_snapshot,none_in_metadata
"train_3841_document_image",host_serves_placeholder+no_snapshot,host_serves_placeholder,no_snapshot,none_in_metadata
"train_3848_document_image",host_serves_placeholder+no_snapshot,host_serves_placeholder,no_snapshot,none_in_metadata
"train_3853_claim_image",host_serves_placeholder+snapshots_are_placeholders,host_serves_placeholder,snapshots_are_placeholders,none_in_metadata
"train_3880_document_image",host_serves_placeholder+no_snapshot,host_serves_placeholder,no_snapshot,none_in_metadata
"train_3882_claim_image",fetched_furniture+no_snapshot,fetched_furniture,no_snapshot,none_in_metadata
"train_388_claim_image",host_serves_placeholder+snapshots_are_placeholders,host_serves_placeholder,snapshots_are_placeholders,none_in_metadata
"train_3893_claim_image",host_serves_placeholder+no_snapshot,host_serves_placeholder,no_snapshot,none_in_metadata
"train_3898_document_image",host_serves_placeholder+snapshots_are_placeholders,host_serves_placeholder,snapshots_are_placeholders,none_in_metadata
"train_389_document_image",blocked_403+no_snapshot,blocked_403,no_snapshot,none_in_metadata
"train_3931_claim_image",fetched_furniture+no_snapshot,fetched_furniture,no_snapshot,none_in_metadata
"train_3934_document_image",host_serves_placeholder+no_snapshot,host_serves_placeholder,no_snapshot,none_in_metadata
"train_3940_claim_image",blocked_403+snapshot_verdict,blocked_403,snapshot_verdict,none_in_metadata
"train_3950_claim_image",host_serves_placeholder+snapshot_furniture,host_serves_placeholder,snapshot_furniture,none_in_metadata
"train_395_claim_image",blocked_403+snapshot_verdict,blocked_403,snapshot_verdict,none_in_metadata
"train_395_document_image",blocked_403+snapshot_verdict,blocked_403,snapshot_verdict,none_in_metadata
"train_3973_document_image",blocked_403+no_snapshot,blocked_403,no_snapshot,none_in_metadata
"train_3985_document_image",host_serves_placeholder+no_snapshot,host_serves_placeholder,no_snapshot,none_in_metadata
"train_3_document_image",host_serves_placeholder+snapshots_are_placeholders,host_serves_placeholder,snapshots_are_placeholders,none_in_metadata
"train_4006_claim_image",host_serves_placeholder+snapshots_are_placeholders,host_serves_placeholder,snapshots_are_placeholders,none_in_metadata
"train_4010_document_image",blocked_403+no_snapshot,blocked_403,no_snapshot,none_in_metadata
"train_4011_document_image",host_serves_placeholder+snapshots_are_placeholders,host_serves_placeholder,snapshots_are_placeholders,none_in_metadata
"train_4029_claim_image",refused_http_400+no_snapshot,refused_http_400,no_snapshot,none_in_metadata
"train_4029_document_image",blocked_403+no_snapshot,blocked_403,no_snapshot,none_in_metadata
"train_4049_document_image",host_serves_placeholder+no_snapshot,host_serves_placeholder,no_snapshot,none_in_metadata
"train_4055_document_image",host_serves_placeholder+no_snapshot,host_serves_placeholder,no_snapshot,none_in_metadata
"train_4066_claim_image",host_serves_placeholder+snapshots_are_placeholders,host_serves_placeholder,snapshots_are_placeholders,none_in_metadata
"train_4068_claim_image",blocked_403+snapshot_verdict,blocked_403,snapshot_verdict,none_in_metadata
"train_407_document_image",host_serves_placeholder+no_snapshot,host_serves_placeholder,no_snapshot,none_in_metadata
"train_4098_document_image",host_serves_placeholder+no_snapshot,host_serves_placeholder,no_snapshot,none_in_metadata
"train_4118_document_image",blocked_403+snapshot_verdict,blocked_403,snapshot_verdict,none_in_metadata
"train_4157_claim_image",blocked_403+snapshot_verdict,blocked_403,snapshot_verdict,none_in_metadata
"train_4170_document_image",blocked_403+no_snapshot,blocked_403,no_snapshot,none_in_metadata
"train_4174_claim_image",blocked_403+snapshot_verdict,blocked_403,snapshot_verdict,none_in_metadata
"train_4174_document_image",blocked_403+snapshot_verdict,blocked_403,snapshot_verdict,none_in_metadata
"train_4184_document_image",blocked_403+no_snapshot,blocked_403,no_snapshot,none_in_metadata
"train_4187_document_image",host_serves_placeholder+no_snapshot,host_serves_placeholder,no_snapshot,none_in_metadata
"train_4196_document_image",host_serves_placeholder+snapshots_are_placeholders,host_serves_placeholder,snapshots_are_placeholders,none_in_metadata
"train_4197_claim_image",host_serves_placeholder+snapshots_are_placeholders,host_serves_placeholder,snapshots_are_placeholders,none_in_metadata
"train_4207_claim_image",host_serves_non_image+no_snapshot,host_serves_non_image,no_snapshot,none_in_metadata
"train_4207_document_image",blocked_403+no_snapshot,blocked_403,no_snapshot,none_in_metadata
"train_4212_claim_image",host_serves_placeholder+snapshots_are_placeholders,host_serves_placeholder,snapshots_are_placeholders,none_in_metadata
"train_4213_claim_image",host_serves_placeholder+snapshot_furniture,host_serves_placeholder,snapshot_furniture,none_in_metadata
"train_4240_document_image",host_serves_placeholder+no_snapshot,host_serves_placeholder,no_snapshot,none_in_metadata
"train_4263_document_image",host_serves_placeholder+snapshots_are_placeholders,host_serves_placeholder,snapshots_are_placeholders,none_in_metadata
"train_4265_claim_image",host_serves_placeholder+no_snapshot,host_serves_placeholder,no_snapshot,none_in_metadata
"train_4267_claim_image",host_serves_placeholder+snapshots_are_placeholders,host_serves_placeholder,snapshots_are_placeholders,none_in_metadata
"train_428_document_image",blocked_403+no_snapshot,blocked_403,no_snapshot,none_in_metadata
"train_4291_claim_image",fetched_furniture+no_snapshot,fetched_furniture,no_snapshot,none_in_metadata
"train_4297_document_image",host_serves_placeholder+snapshots_are_placeholders,host_serves_placeholder,snapshots_are_placeholders,none_in_metadata
"train_4299_claim_image",blocked_403+no_snapshot,blocked_403,no_snapshot,none_in_metadata
"train_4299_document_image",blocked_403+no_snapshot,blocked_403,no_snapshot,none_in_metadata
"train_4314_claim_image",blocked_403+snapshot_verdict,blocked_403,snapshot_verdict,none_in_metadata
"train_4318_document_image",host_serves_placeholder+no_snapshot,host_serves_placeholder,no_snapshot,none_in_metadata
"train_4321_document_image",host_serves_placeholder+no_snapshot,host_serves_placeholder,no_snapshot,none_in_metadata
"train_4325_document_image",host_serves_placeholder+snapshots_are_placeholders,host_serves_placeholder,snapshots_are_placeholders,none_in_metadata
"train_4346_document_image",blocked_403+snapshot_verdict,blocked_403,snapshot_verdict,none_in_metadata
"train_4349_document_image",blocked_403+snapshot_verdict,blocked_403,snapshot_verdict,none_in_metadata
"train_4355_document_image",host_serves_placeholder+snapshots_are_placeholders,host_serves_placeholder,snapshots_are_placeholders,none_in_metadata
"train_4367_document_image",host_serves_placeholder+no_snapshot,host_serves_placeholder,no_snapshot,none_in_metadata
"train_4372_document_image",blocked_403+no_snapshot,blocked_403,no_snapshot,none_in_metadata
"train_4390_document_image",host_serves_placeholder+no_snapshot,host_serves_placeholder,no_snapshot,none_in_metadata
"train_4392_document_image",host_serves_placeholder+no_snapshot,host_serves_placeholder,no_snapshot,none_in_metadata
"train_4402_claim_image",host_serves_placeholder+no_snapshot,host_serves_placeholder,no_snapshot,none_in_metadata
"train_4414_claim_image",host_serves_placeholder+snapshots_are_placeholders,host_serves_placeholder,snapshots_are_placeholders,none_in_metadata
"train_4429_claim_image",host_serves_placeholder+snapshots_are_placeholders,host_serves_placeholder,snapshots_are_placeholders,none_in_metadata
"train_4430_document_image",host_serves_placeholder+no_snapshot,host_serves_placeholder,no_snapshot,none_in_metadata
"train_4454_claim_image",host_serves_placeholder+snapshot_furniture,host_serves_placeholder,snapshot_furniture,none_in_metadata
"train_4462_claim_image",host_serves_placeholder+snapshots_are_placeholders,host_serves_placeholder,snapshots_are_placeholders,none_in_metadata
"train_4475_document_image",blocked_403+no_snapshot,blocked_403,no_snapshot,none_in_metadata
"train_449_document_image",host_serves_placeholder+no_snapshot,host_serves_placeholder,no_snapshot,none_in_metadata
"train_4506_document_image",host_serves_placeholder+no_snapshot,host_serves_placeholder,no_snapshot,none_in_metadata
"train_4523_claim_image",blocked_403+snapshot_verdict,blocked_403,snapshot_verdict,none_in_metadata
"train_4532_document_image",host_serves_placeholder+no_snapshot,host_serves_placeholder,no_snapshot,none_in_metadata
"train_4534_claim_image",host_serves_placeholder+no_snapshot,host_serves_placeholder,no_snapshot,none_in_metadata
"train_4535_document_image",blocked_403+no_snapshot,blocked_403,no_snapshot,none_in_metadata
"train_4554_document_image",host_serves_placeholder+no_snapshot,host_serves_placeholder,no_snapshot,none_in_metadata
"train_4573_document_image",host_serves_placeholder+no_snapshot,host_serves_placeholder,no_snapshot,none_in_metadata
"train_4576_claim_image",host_serves_placeholder+snapshots_are_placeholders,host_serves_placeholder,snapshots_are_placeholders,none_in_metadata
"train_459_claim_image",host_serves_placeholder+snapshots_are_placeholders,host_serves_placeholder,snapshots_are_placeholders,none_in_metadata
"train_4624_claim_image",host_serves_placeholder+snapshot_furniture,host_serves_placeholder,snapshot_furniture,none_in_metadata
"train_4627_claim_image",host_serves_placeholder+no_snapshot,host_serves_placeholder,no_snapshot,none_in_metadata
"train_4631_document_image",host_serves_placeholder+snapshots_are_placeholders,host_serves_placeholder,snapshots_are_placeholders,none_in_metadata
"train_4637_document_image",host_serves_placeholder+snapshots_are_placeholders,host_serves_placeholder,snapshots_are_placeholders,none_in_metadata
"train_4645_document_image",blocked_403+no_snapshot,blocked_403,no_snapshot,none_in_metadata
"train_4657_document_image",host_serves_placeholder+no_snapshot,host_serves_placeholder,no_snapshot,none_in_metadata
"train_4662_document_image",host_serves_placeholder+no_snapshot,host_serves_placeholder,no_snapshot,none_in_metadata
"train_4671_document_image",host_serves_placeholder+no_snapshot,host_serves_placeholder,no_snapshot,none_in_metadata
"train_468_claim_image",host_serves_placeholder+snapshots_are_placeholders,host_serves_placeholder,snapshots_are_placeholders,none_in_metadata
"train_4690_document_image",host_serves_placeholder+no_snapshot,host_serves_placeholder,no_snapshot,none_in_metadata
"train_4694_document_image",host_serves_placeholder+snapshots_are_placeholders,host_serves_placeholder,snapshots_are_placeholders,none_in_metadata
"train_4709_document_image",host_serves_placeholder+snapshots_are_placeholders,host_serves_placeholder,snapshots_are_placeholders,none_in_metadata
"train_4710_document_image",host_serves_placeholder+snapshots_are_placeholders,host_serves_placeholder,snapshots_are_placeholders,none_in_metadata
"train_4714_claim_image",host_serves_placeholder+snapshot_furniture,host_serves_placeholder,snapshot_furniture,none_in_metadata
"train_4734_document_image",host_serves_placeholder+snapshots_are_placeholders,host_serves_placeholder,snapshots_are_placeholders,none_in_metadata
"train_4747_document_image",host_serves_placeholder+no_snapshot,host_serves_placeholder,no_snapshot,none_in_metadata
"train_4757_claim_image",host_serves_placeholder+snapshot_furniture,host_serves_placeholder,snapshot_furniture,none_in_metadata
"train_4761_document_image",host_serves_placeholder+snapshots_are_placeholders,host_serves_placeholder,snapshots_are_placeholders,none_in_metadata
"train_4767_claim_image",blocked_403+snapshot_verdict,blocked_403,snapshot_verdict,none_in_metadata
"train_4767_document_image",blocked_403+snapshot_verdict,blocked_403,snapshot_verdict,none_in_metadata
"train_4768_document_image",blocked_403+no_snapshot,blocked_403,no_snapshot,none_in_metadata
"train_476_claim_image",host_serves_placeholder+no_snapshot,host_serves_placeholder,no_snapshot,none_in_metadata
"train_4784_claim_image",host_serves_placeholder+snapshot_furniture,host_serves_placeholder,snapshot_furniture,none_in_metadata
"train_4799_claim_image",host_serves_placeholder+no_snapshot,host_serves_placeholder,no_snapshot,none_in_metadata
"train_4810_document_image",blocked_403+no_snapshot,blocked_403,no_snapshot,none_in_metadata
"train_4811_document_image",blocked_403+no_snapshot,blocked_403,no_snapshot,none_in_metadata
"train_4829_claim_image",blocked_403+no_snapshot,blocked_403,no_snapshot,none_in_metadata
"train_4835_document_image",blocked_403+no_snapshot,blocked_403,no_snapshot,none_in_metadata
"train_4836_document_image",blocked_403+snapshot_verdict,blocked_403,snapshot_verdict,none_in_metadata
"train_4841_document_image",host_serves_placeholder+snapshots_are_placeholders,host_serves_placeholder,snapshots_are_placeholders,none_in_metadata
"train_4849_claim_image",host_serves_placeholder+snapshot_furniture,host_serves_placeholder,snapshot_furniture,none_in_metadata
"train_4863_claim_image",fetched_furniture+no_snapshot,fetched_furniture,no_snapshot,none_in_metadata
"train_4895_document_image",host_serves_placeholder+no_snapshot,host_serves_placeholder,no_snapshot,none_in_metadata
"train_4897_claim_image",host_serves_placeholder+snapshots_are_placeholders,host_serves_placeholder,snapshots_are_placeholders,none_in_metadata
"train_4911_claim_image",fetched_furniture+no_snapshot,fetched_furniture,no_snapshot,none_in_metadata
"train_4920_document_image",host_serves_placeholder+snapshots_are_placeholders,host_serves_placeholder,snapshots_are_placeholders,none_in_metadata
"train_4922_claim_image",fetched_furniture+no_snapshot,fetched_furniture,no_snapshot,none_in_metadata
"train_4928_document_image",blocked_403+no_snapshot,blocked_403,no_snapshot,none_in_metadata
"train_4929_document_image",host_serves_placeholder+snapshots_are_placeholders,host_serves_placeholder,snapshots_are_placeholders,none_in_metadata
"train_4933_document_image",host_serves_placeholder+snapshot_furniture,host_serves_placeholder,snapshot_furniture,none_in_metadata
"train_4937_document_image",host_serves_placeholder+snapshot_furniture,host_serves_placeholder,snapshot_furniture,none_in_metadata
"train_493_document_image",blocked_403+no_snapshot,blocked_403,no_snapshot,none_in_metadata
"train_4946_document_image",host_serves_placeholder+snapshots_are_placeholders,host_serves_placeholder,snapshots_are_placeholders,none_in_metadata
"train_495_document_image",host_serves_placeholder+no_snapshot,host_serves_placeholder,no_snapshot,none_in_metadata
"train_4963_document_image",host_serves_placeholder+no_snapshot,host_serves_placeholder,no_snapshot,none_in_metadata
"train_4979_document_image",host_serves_placeholder+snapshot_furniture,host_serves_placeholder,snapshot_furniture,none_in_metadata
"train_4996_document_image",blocked_403+snapshot_verdict,blocked_403,snapshot_verdict,none_in_metadata
"train_5001_document_image",host_serves_placeholder+snapshots_are_placeholders,host_serves_placeholder,snapshots_are_placeholders,none_in_metadata
"train_5008_document_image",host_serves_placeholder+no_snapshot,host_serves_placeholder,no_snapshot,none_in_metadata
"train_5029_document_image",host_serves_placeholder+no_snapshot,host_serves_placeholder,no_snapshot,none_in_metadata
"train_5038_document_image",host_serves_placeholder+snapshots_are_placeholders,host_serves_placeholder,snapshots_are_placeholders,none_in_metadata
"train_5048_claim_image",host_serves_placeholder+no_snapshot,host_serves_placeholder,no_snapshot,none_in_metadata
"train_5065_claim_image",blocked_403+snapshot_verdict,blocked_403,snapshot_verdict,none_in_metadata
"train_5065_document_image",blocked_403+snapshot_verdict,blocked_403,snapshot_verdict,none_in_metadata
"train_5075_claim_image",blocked_403+snapshot_verdict,blocked_403,snapshot_verdict,none_in_metadata
"train_5075_document_image",blocked_403+no_snapshot,blocked_403,no_snapshot,none_in_metadata
"train_5078_document_image",blocked_403+no_snapshot,blocked_403,no_snapshot,none_in_metadata
"train_507_claim_image",fetched_furniture+no_snapshot,fetched_furniture,no_snapshot,none_in_metadata
"train_5083_document_image",blocked_403+no_snapshot,blocked_403,no_snapshot,none_in_metadata
"train_5094_claim_image",host_serves_placeholder+snapshots_are_placeholders,host_serves_placeholder,snapshots_are_placeholders,none_in_metadata
"train_5094_document_image",blocked_403+snapshot_verdict,blocked_403,snapshot_verdict,none_in_metadata
"train_50_document_image",host_serves_placeholder+snapshots_are_placeholders,host_serves_placeholder,snapshots_are_placeholders,none_in_metadata
"train_5107_document_image",blocked_403+no_snapshot,blocked_403,no_snapshot,none_in_metadata
"train_5115_document_image",host_serves_placeholder+snapshots_are_placeholders,host_serves_placeholder,snapshots_are_placeholders,none_in_metadata
"train_5119_claim_image",host_serves_placeholder+snapshots_are_placeholders,host_serves_placeholder,snapshots_are_placeholders,none_in_metadata
"train_5121_document_image",blocked_403+no_snapshot,blocked_403,no_snapshot,none_in_metadata
"train_5128_claim_image",dns_failure+no_snapshot,dns_failure,no_snapshot,none_in_metadata
"train_5130_claim_image",blocked_403+snapshot_verdict,blocked_403,snapshot_verdict,none_in_metadata
"train_5147_claim_image",host_serves_placeholder+no_snapshot,host_serves_placeholder,no_snapshot,none_in_metadata
"train_5178_document_image",host_serves_placeholder+snapshots_are_placeholders,host_serves_placeholder,snapshots_are_placeholders,none_in_metadata
"train_5180_document_image",host_serves_placeholder+snapshots_are_placeholders,host_serves_placeholder,snapshots_are_placeholders,none_in_metadata
"train_5196_document_image",host_serves_placeholder+snapshots_are_placeholders,host_serves_placeholder,snapshots_are_placeholders,none_in_metadata
"train_5202_document_image",blocked_403+no_snapshot,blocked_403,no_snapshot,none_in_metadata
"train_5207_claim_image",blocked_403+snapshot_verdict,blocked_403,snapshot_verdict,none_in_metadata
"train_5217_document_image",host_serves_placeholder+no_snapshot,host_serves_placeholder,no_snapshot,none_in_metadata
"train_5221_document_image",blocked_403+no_snapshot,blocked_403,no_snapshot,none_in_metadata
"train_5226_document_image",host_serves_placeholder+snapshots_are_placeholders,host_serves_placeholder,snapshots_are_placeholders,none_in_metadata
"train_5229_document_image",blocked_403+no_snapshot,blocked_403,no_snapshot,none_in_metadata
"train_5244_claim_image",host_serves_placeholder+snapshot_furniture,host_serves_placeholder,snapshot_furniture,none_in_metadata
"train_524_document_image",host_serves_placeholder+no_snapshot,host_serves_placeholder,no_snapshot,none_in_metadata
"train_5254_claim_image",host_serves_placeholder+no_snapshot,host_serves_placeholder,no_snapshot,none_in_metadata
"train_5259_document_image",host_serves_placeholder+snapshots_are_placeholders,host_serves_placeholder,snapshots_are_placeholders,none_in_metadata
"train_5269_claim_image",host_serves_placeholder+snapshot_furniture,host_serves_placeholder,snapshot_furniture,none_in_metadata
"train_5270_claim_image",host_serves_placeholder+no_snapshot,host_serves_placeholder,no_snapshot,none_in_metadata
"train_5281_document_image",host_serves_placeholder+snapshot_verdict,host_serves_placeholder,snapshot_verdict,none_in_metadata
"train_5283_document_image",blocked_403+no_snapshot,blocked_403,no_snapshot,none_in_metadata
"train_5288_document_image",blocked_403+no_snapshot,blocked_403,no_snapshot,none_in_metadata
"train_5311_document_image",host_serves_placeholder+no_snapshot,host_serves_placeholder,no_snapshot,none_in_metadata
"train_5315_claim_image",host_serves_placeholder+no_snapshot,host_serves_placeholder,no_snapshot,none_in_metadata
"train_5318_document_image",host_serves_placeholder+no_snapshot,host_serves_placeholder,no_snapshot,none_in_metadata
"train_5319_document_image",blocked_403+no_snapshot,blocked_403,no_snapshot,none_in_metadata
"train_5332_document_image",blocked_403+no_snapshot,blocked_403,no_snapshot,none_in_metadata
"train_5338_document_image",host_serves_placeholder+snapshot_furniture,host_serves_placeholder,snapshot_furniture,none_in_metadata
"train_534_document_image",host_serves_placeholder+no_snapshot,host_serves_placeholder,no_snapshot,none_in_metadata
"train_5355_document_image",host_serves_placeholder+snapshots_are_placeholders,host_serves_placeholder,snapshots_are_placeholders,none_in_metadata
"train_5356_document_image",blocked_403+no_snapshot,blocked_403,no_snapshot,none_in_metadata
"train_5372_claim_image",blocked_403+snapshot_verdict,blocked_403,snapshot_verdict,none_in_metadata
"train_5372_document_image",blocked_403+snapshot_verdict,blocked_403,snapshot_verdict,none_in_metadata
"train_5389_document_image",blocked_403+no_snapshot,blocked_403,no_snapshot,none_in_metadata
"train_5393_claim_image",blocked_403+snapshot_verdict,blocked_403,snapshot_verdict,none_in_metadata
"train_5394_document_image",host_serves_placeholder+snapshots_are_placeholders,host_serves_placeholder,snapshots_are_placeholders,none_in_metadata
"train_5407_document_image",host_serves_placeholder+snapshots_are_placeholders,host_serves_placeholder,snapshots_are_placeholders,none_in_metadata
"train_5417_claim_image",host_serves_placeholder+snapshots_are_placeholders,host_serves_placeholder,snapshots_are_placeholders,none_in_metadata
"train_5433_claim_image",host_serves_placeholder+snapshots_are_placeholders,host_serves_placeholder,snapshots_are_placeholders,none_in_metadata
"train_5439_document_image",host_serves_placeholder+snapshots_are_placeholders,host_serves_placeholder,snapshots_are_placeholders,none_in_metadata
"train_5450_claim_image",fetched_furniture+no_snapshot,fetched_furniture,no_snapshot,none_in_metadata
"train_5456_document_image",host_serves_placeholder+no_snapshot,host_serves_placeholder,no_snapshot,none_in_metadata
"train_5468_document_image",blocked_403+no_snapshot,blocked_403,no_snapshot,none_in_metadata
"train_5479_document_image",host_serves_placeholder+snapshots_are_placeholders,host_serves_placeholder,snapshots_are_placeholders,none_in_metadata
"train_5486_document_image",blocked_403+snapshot_verdict,blocked_403,snapshot_verdict,none_in_metadata
"train_5491_claim_image",fetched_furniture+no_snapshot,fetched_furniture,no_snapshot,none_in_metadata
"train_5499_claim_image",host_serves_placeholder+snapshots_are_placeholders,host_serves_placeholder,snapshots_are_placeholders,none_in_metadata
"train_549_claim_image",blocked_403+snapshot_verdict,blocked_403,snapshot_verdict,none_in_metadata
"train_5501_claim_image",host_serves_placeholder+snapshots_are_placeholders,host_serves_placeholder,snapshots_are_placeholders,none_in_metadata
"train_5501_document_image",host_serves_placeholder+snapshots_are_placeholders,host_serves_placeholder,snapshots_are_placeholders,none_in_metadata
"train_5517_document_image",blocked_403+no_snapshot,blocked_403,no_snapshot,none_in_metadata
"train_5531_document_image",host_serves_placeholder+snapshots_are_placeholders,host_serves_placeholder,snapshots_are_placeholders,none_in_metadata
"train_5539_document_image",host_serves_placeholder+snapshots_are_placeholders,host_serves_placeholder,snapshots_are_placeholders,none_in_metadata
"train_5544_claim_image",gone_404+snapshot_verdict,gone_404,snapshot_verdict,none_in_metadata
"train_5544_document_image",blocked_403+snapshot_verdict,blocked_403,snapshot_verdict,none_in_metadata
"train_5558_claim_image",host_serves_placeholder+no_snapshot,host_serves_placeholder,no_snapshot,none_in_metadata
"train_5564_claim_image",blocked_403+snapshot_verdict,blocked_403,snapshot_verdict,none_in_metadata
"train_5564_document_image",blocked_403+no_snapshot,blocked_403,no_snapshot,none_in_metadata
"train_5567_claim_image",host_serves_placeholder+snapshot_furniture,host_serves_placeholder,snapshot_furniture,none_in_metadata
"train_5587_document_image",host_serves_placeholder+snapshots_are_placeholders,host_serves_placeholder,snapshots_are_placeholders,none_in_metadata
"train_5594_document_image",host_serves_placeholder+snapshots_are_placeholders,host_serves_placeholder,snapshots_are_placeholders,none_in_metadata
"train_5596_claim_image",host_serves_placeholder+snapshots_are_placeholders,host_serves_placeholder,snapshots_are_placeholders,none_in_metadata
"train_5598_claim_image",gone_404+no_snapshot,gone_404,no_snapshot,none_in_metadata
"train_5599_document_image",host_serves_placeholder+no_snapshot,host_serves_placeholder,no_snapshot,none_in_metadata
"train_5619_claim_image",dns_failure+no_snapshot,dns_failure,no_snapshot,none_in_metadata
"train_5619_document_image",blocked_403+no_snapshot,blocked_403,no_snapshot,none_in_metadata
"train_561_claim_image",fetched_furniture+no_snapshot,fetched_furniture,no_snapshot,none_in_metadata
"train_564_claim_image",host_serves_placeholder+no_snapshot,host_serves_placeholder,no_snapshot,none_in_metadata
"train_5652_claim_image",host_serves_placeholder+snapshots_are_placeholders,host_serves_placeholder,snapshots_are_placeholders,none_in_metadata
"train_5655_document_image",host_serves_placeholder+no_snapshot,host_serves_placeholder,no_snapshot,none_in_metadata
"train_5672_claim_image",host_serves_placeholder+snapshots_are_placeholders,host_serves_placeholder,snapshots_are_placeholders,none_in_metadata
"train_5674_claim_image",blocked_403+snapshot_verdict,blocked_403,snapshot_verdict,none_in_metadata
"train_5676_claim_image",host_serves_placeholder+no_snapshot,host_serves_placeholder,no_snapshot,none_in_metadata
"train_5685_document_image",host_serves_placeholder+no_snapshot,host_serves_placeholder,no_snapshot,none_in_metadata
"train_5688_claim_image",host_serves_placeholder+no_snapshot,host_serves_placeholder,no_snapshot,none_in_metadata
"train_5693_document_image",blocked_403+no_snapshot,blocked_403,no_snapshot,none_in_metadata
"train_5700_claim_image",blocked_403+no_snapshot,blocked_403,no_snapshot,none_in_metadata
"train_5729_claim_image",blocked_403+snapshot_verdict,blocked_403,snapshot_verdict,none_in_metadata
"train_5749_claim_image",fetched_furniture+no_snapshot,fetched_furniture,no_snapshot,none_in_metadata
"train_5755_document_image",host_serves_placeholder+snapshots_are_placeholders,host_serves_placeholder,snapshots_are_placeholders,none_in_metadata
"train_5767_claim_image",host_serves_placeholder+snapshots_are_placeholders,host_serves_placeholder,snapshots_are_placeholders,none_in_metadata
"train_5776_document_image",host_serves_placeholder+snapshots_are_placeholders,host_serves_placeholder,snapshots_are_placeholders,none_in_metadata
"train_5782_document_image",blocked_403+no_snapshot,blocked_403,no_snapshot,none_in_metadata
"train_5821_document_image",host_serves_placeholder+no_snapshot,host_serves_placeholder,no_snapshot,none_in_metadata
"train_5833_document_image",host_serves_placeholder+no_snapshot,host_serves_placeholder,no_snapshot,none_in_metadata
"train_5835_claim_image",blocked_403+snapshot_verdict,blocked_403,snapshot_verdict,none_in_metadata
"train_5836_document_image",host_serves_placeholder+snapshots_are_placeholders,host_serves_placeholder,snapshots_are_placeholders,none_in_metadata
"train_5838_document_image",host_serves_placeholder+snapshot_furniture,host_serves_placeholder,snapshot_furniture,none_in_metadata
"train_583_document_image",host_serves_placeholder+snapshots_are_placeholders,host_serves_placeholder,snapshots_are_placeholders,none_in_metadata
"train_5845_claim_image",blocked_403+no_snapshot,blocked_403,no_snapshot,none_in_metadata
"train_5845_document_image",blocked_403+no_snapshot,blocked_403,no_snapshot,none_in_metadata
"train_5848_document_image",blocked_403+no_snapshot,blocked_403,no_snapshot,none_in_metadata
"train_584_claim_image",blocked_403+snapshot_verdict,blocked_403,snapshot_verdict,none_in_metadata
"train_5863_claim_image",blocked_403+snapshot_verdict,blocked_403,snapshot_verdict,none_in_metadata
"train_5864_claim_image",blocked_403+no_snapshot,blocked_403,no_snapshot,none_in_metadata
"train_5881_document_image",host_serves_placeholder+snapshots_are_placeholders,host_serves_placeholder,snapshots_are_placeholders,none_in_metadata
"train_5886_document_image",host_serves_placeholder+snapshots_are_placeholders,host_serves_placeholder,snapshots_are_placeholders,none_in_metadata
"train_588_document_image",host_serves_placeholder+snapshots_are_placeholders,host_serves_placeholder,snapshots_are_placeholders,none_in_metadata
"train_5895_claim_image",host_serves_placeholder+snapshot_furniture,host_serves_placeholder,snapshot_furniture,none_in_metadata
"train_5916_claim_image",host_serves_placeholder+snapshots_are_placeholders,host_serves_placeholder,snapshots_are_placeholders,none_in_metadata
"train_5929_document_image",blocked_403+no_snapshot,blocked_403,no_snapshot,none_in_metadata
"train_5934_claim_image",fetched_furniture+no_snapshot,fetched_furniture,no_snapshot,none_in_metadata
"train_5966_claim_image",gone_404+no_snapshot,gone_404,no_snapshot,none_in_metadata
"train_597_document_image",host_serves_placeholder+no_snapshot,host_serves_placeholder,no_snapshot,none_in_metadata
"train_5985_claim_image",blocked_403+snapshot_verdict,blocked_403,snapshot_verdict,none_in_metadata
"train_5985_document_image",blocked_403+snapshot_verdict,blocked_403,snapshot_verdict,none_in_metadata
"train_5988_document_image",host_serves_placeholder+no_snapshot,host_serves_placeholder,no_snapshot,none_in_metadata
"train_6003_claim_image",host_serves_placeholder+snapshot_furniture,host_serves_placeholder,snapshot_furniture,none_in_metadata
"train_6009_claim_image",host_serves_placeholder+snapshot_furniture,host_serves_placeholder,snapshot_furniture,none_in_metadata
"train_6019_claim_image",host_serves_placeholder+snapshots_are_placeholders,host_serves_placeholder,snapshots_are_placeholders,none_in_metadata
"train_6022_document_image",host_serves_placeholder+snapshots_are_placeholders,host_serves_placeholder,snapshots_are_placeholders,none_in_metadata
"train_6035_claim_image",host_serves_placeholder+no_snapshot,host_serves_placeholder,no_snapshot,none_in_metadata
"train_6067_document_image",host_serves_placeholder+snapshots_are_placeholders,host_serves_placeholder,snapshots_are_placeholders,none_in_metadata
"train_606_document_image",host_serves_placeholder+snapshots_are_placeholders,host_serves_placeholder,snapshots_are_placeholders,none_in_metadata
"train_6089_claim_image",host_serves_placeholder+no_snapshot,host_serves_placeholder,no_snapshot,none_in_metadata
"train_6090_claim_image",blocked_403+no_snapshot,blocked_403,no_snapshot,none_in_metadata
"train_6090_document_image",blocked_403+no_snapshot,blocked_403,no_snapshot,none_in_metadata
"train_6103_document_image",blocked_403+no_snapshot,blocked_403,no_snapshot,none_in_metadata
"train_6105_document_image",host_serves_placeholder+no_snapshot,host_serves_placeholder,no_snapshot,none_in_metadata
"train_610_claim_image",host_serves_placeholder+no_snapshot,host_serves_placeholder,no_snapshot,none_in_metadata
"train_6113_document_image",host_serves_placeholder+no_snapshot,host_serves_placeholder,no_snapshot,none_in_metadata
"train_6134_document_image",host_serves_placeholder+no_snapshot,host_serves_placeholder,no_snapshot,none_in_metadata
"train_6140_document_image",host_serves_placeholder+snapshots_are_placeholders,host_serves_placeholder,snapshots_are_placeholders,none_in_metadata
"train_6142_claim_image",fetched_furniture+no_snapshot,fetched_furniture,no_snapshot,none_in_metadata
"train_6199_document_image",host_serves_placeholder+snapshots_are_placeholders,host_serves_placeholder,snapshots_are_placeholders,none_in_metadata
"train_6211_document_image",host_serves_placeholder+snapshots_are_placeholders,host_serves_placeholder,snapshots_are_placeholders,none_in_metadata
"train_6213_document_image",host_serves_placeholder+snapshots_are_placeholders,host_serves_placeholder,snapshots_are_placeholders,none_in_metadata
"train_6215_document_image",host_serves_placeholder+no_snapshot,host_serves_placeholder,no_snapshot,none_in_metadata
"train_6221_document_image",host_serves_placeholder+no_snapshot,host_serves_placeholder,no_snapshot,none_in_metadata
"train_622_claim_image",host_serves_placeholder+snapshots_are_placeholders,host_serves_placeholder,snapshots_are_placeholders,none_in_metadata
"train_622_document_image",host_serves_placeholder+snapshots_are_placeholders,host_serves_placeholder,snapshots_are_placeholders,none_in_metadata
"train_6239_document_image",blocked_403+no_snapshot,blocked_403,no_snapshot,none_in_metadata
"train_6240_document_image",host_serves_placeholder+snapshot_verdict,host_serves_placeholder,snapshot_verdict,none_in_metadata
"train_6248_document_image",blocked_403+snapshot_verdict,blocked_403,snapshot_verdict,none_in_metadata
"train_6250_document_image",host_serves_placeholder+snapshots_are_placeholders,host_serves_placeholder,snapshots_are_placeholders,none_in_metadata
"train_6271_document_image",host_serves_placeholder+no_snapshot,host_serves_placeholder,no_snapshot,none_in_metadata
"train_6301_document_image",host_serves_placeholder+no_snapshot,host_serves_placeholder,no_snapshot,none_in_metadata
"train_6305_document_image",host_serves_placeholder+snapshots_are_placeholders,host_serves_placeholder,snapshots_are_placeholders,none_in_metadata
"train_6328_claim_image",blocked_403+snapshot_verdict,blocked_403,snapshot_verdict,none_in_metadata
"train_6335_document_image",host_serves_placeholder+snapshots_are_placeholders,host_serves_placeholder,snapshots_are_placeholders,none_in_metadata
"train_633_claim_image",host_serves_placeholder+no_snapshot,host_serves_placeholder,no_snapshot,none_in_metadata
"train_6342_document_image",host_serves_placeholder+snapshots_are_placeholders,host_serves_placeholder,snapshots_are_placeholders,none_in_metadata
"train_6349_claim_image",host_serves_placeholder+snapshots_are_placeholders,host_serves_placeholder,snapshots_are_placeholders,none_in_metadata
"train_6352_document_image",blocked_403+no_snapshot,blocked_403,no_snapshot,none_in_metadata
"train_6360_document_image",host_serves_placeholder+no_snapshot,host_serves_placeholder,no_snapshot,none_in_metadata
"train_6374_claim_image",blocked_403+snapshot_verdict,blocked_403,snapshot_verdict,none_in_metadata
"train_6374_document_image",blocked_403+snapshot_verdict,blocked_403,snapshot_verdict,none_in_metadata
"train_6382_document_image",host_serves_placeholder+no_snapshot,host_serves_placeholder,no_snapshot,none_in_metadata
"train_6398_claim_image",host_serves_placeholder+snapshot_furniture,host_serves_placeholder,snapshot_furniture,none_in_metadata
"train_6405_document_image",host_serves_placeholder+no_snapshot,host_serves_placeholder,no_snapshot,none_in_metadata
"train_6410_claim_image",blocked_403+snapshot_verdict,blocked_403,snapshot_verdict,none_in_metadata
"train_641_document_image",blocked_403+no_snapshot,blocked_403,no_snapshot,none_in_metadata
"train_6434_document_image",host_serves_placeholder+snapshots_are_placeholders,host_serves_placeholder,snapshots_are_placeholders,none_in_metadata
"train_6440_document_image",blocked_403+no_snapshot,blocked_403,no_snapshot,none_in_metadata
"train_6443_document_image",host_serves_placeholder+snapshot_furniture,host_serves_placeholder,snapshot_furniture,none_in_metadata
"train_644_claim_image",host_serves_placeholder+snapshots_are_placeholders,host_serves_placeholder,snapshots_are_placeholders,none_in_metadata
"train_6454_document_image",host_serves_placeholder+snapshots_are_placeholders,host_serves_placeholder,snapshots_are_placeholders,none_in_metadata
"train_6457_document_image",blocked_403+no_snapshot,blocked_403,no_snapshot,none_in_metadata
"train_6463_claim_image",blocked_403+snapshot_verdict,blocked_403,snapshot_verdict,none_in_metadata
"train_6465_claim_image",blocked_403+snapshot_verdict,blocked_403,snapshot_verdict,none_in_metadata
"train_6468_document_image",blocked_403+no_snapshot,blocked_403,no_snapshot,none_in_metadata
"train_6495_claim_image",host_serves_placeholder+no_snapshot,host_serves_placeholder,no_snapshot,none_in_metadata
"train_64_claim_image",fetched_furniture+no_snapshot,fetched_furniture,no_snapshot,none_in_metadata
"train_6502_claim_image",host_serves_non_image+no_snapshot,host_serves_non_image,no_snapshot,none_in_metadata
"train_6502_document_image",blocked_403+no_snapshot,blocked_403,no_snapshot,none_in_metadata
"train_6511_claim_image",blocked_403+snapshot_verdict,blocked_403,snapshot_verdict,none_in_metadata
"train_6517_claim_image",gone_404+no_snapshot,gone_404,no_snapshot,none_in_metadata
"train_6524_claim_image",fetched_furniture+no_snapshot,fetched_furniture,no_snapshot,none_in_metadata
"train_6531_claim_image",blocked_403+snapshot_verdict,blocked_403,snapshot_verdict,none_in_metadata
"train_6531_document_image",blocked_403+snapshot_verdict,blocked_403,snapshot_verdict,none_in_metadata
"train_6541_document_image",blocked_403+no_snapshot,blocked_403,no_snapshot,none_in_metadata
"train_6543_document_image",host_serves_placeholder+snapshots_are_placeholders,host_serves_placeholder,snapshots_are_placeholders,none_in_metadata
"train_6553_claim_image",host_serves_placeholder+snapshots_are_placeholders,host_serves_placeholder,snapshots_are_placeholders,none_in_metadata
"train_6566_document_image",blocked_403+snapshot_verdict,blocked_403,snapshot_verdict,none_in_metadata
"train_6576_document_image",blocked_403+no_snapshot,blocked_403,no_snapshot,none_in_metadata
"train_6580_document_image",blocked_403+no_snapshot,blocked_403,no_snapshot,none_in_metadata
"train_6586_document_image",host_serves_placeholder+snapshots_are_placeholders,host_serves_placeholder,snapshots_are_placeholders,none_in_metadata
"train_6587_document_image",host_serves_placeholder+no_snapshot,host_serves_placeholder,no_snapshot,none_in_metadata
"train_6588_claim_image",host_serves_placeholder+snapshots_are_placeholders,host_serves_placeholder,snapshots_are_placeholders,none_in_metadata
"train_6596_document_image",host_serves_placeholder+no_snapshot,host_serves_placeholder,no_snapshot,none_in_metadata
"train_659_claim_image",host_serves_placeholder+no_snapshot,host_serves_placeholder,no_snapshot,none_in_metadata
"train_660_claim_image",blocked_403+snapshot_verdict,blocked_403,snapshot_verdict,none_in_metadata
"train_6625_claim_image",host_serves_placeholder+snapshots_are_placeholders,host_serves_placeholder,snapshots_are_placeholders,none_in_metadata
"train_6636_document_image",host_serves_placeholder+no_snapshot,host_serves_placeholder,no_snapshot,none_in_metadata
"train_6657_document_image",host_serves_placeholder+snapshot_furniture,host_serves_placeholder,snapshot_furniture,none_in_metadata
"train_6665_claim_image",host_serves_placeholder+snapshot_furniture,host_serves_placeholder,snapshot_furniture,none_in_metadata
"train_6671_document_image",host_serves_placeholder+snapshots_are_placeholders,host_serves_placeholder,snapshots_are_placeholders,none_in_metadata
"train_6685_claim_image",host_serves_placeholder+snapshots_are_placeholders,host_serves_placeholder,snapshots_are_placeholders,none_in_metadata
"train_6688_document_image",host_serves_placeholder+no_snapshot,host_serves_placeholder,no_snapshot,none_in_metadata
"train_6694_claim_image",host_serves_placeholder+snapshot_furniture,host_serves_placeholder,snapshot_furniture,none_in_metadata
"train_6697_document_image",host_serves_placeholder+snapshots_are_placeholders,host_serves_placeholder,snapshots_are_placeholders,none_in_metadata
"train_6708_document_image",host_serves_placeholder+snapshots_are_placeholders,host_serves_placeholder,snapshots_are_placeholders,none_in_metadata
"train_6718_claim_image",host_serves_placeholder+snapshots_are_placeholders,host_serves_placeholder,snapshots_are_placeholders,none_in_metadata
"train_6721_document_image",host_serves_placeholder+snapshots_are_placeholders,host_serves_placeholder,snapshots_are_placeholders,none_in_metadata
"train_6736_claim_image",blocked_403+snapshot_verdict,blocked_403,snapshot_verdict,none_in_metadata
"train_6736_document_image",blocked_403+snapshot_verdict,blocked_403,snapshot_verdict,none_in_metadata
"train_6744_document_image",blocked_403+no_snapshot,blocked_403,no_snapshot,none_in_metadata
"train_6749_document_image",host_serves_placeholder+no_snapshot,host_serves_placeholder,no_snapshot,none_in_metadata
"train_674_claim_image",host_serves_placeholder+no_snapshot,host_serves_placeholder,no_snapshot,none_in_metadata
"train_6760_document_image",host_serves_placeholder+snapshots_are_placeholders,host_serves_placeholder,snapshots_are_placeholders,none_in_metadata
"train_6782_document_image",host_serves_placeholder+no_snapshot,host_serves_placeholder,no_snapshot,none_in_metadata
"train_6786_claim_image",blocked_403+snapshot_verdict,blocked_403,snapshot_verdict,none_in_metadata
"train_6813_claim_image",host_serves_placeholder+snapshots_are_placeholders,host_serves_placeholder,snapshots_are_placeholders,none_in_metadata
"train_6817_claim_image",host_serves_placeholder+snapshot_furniture,host_serves_placeholder,snapshot_furniture,none_in_metadata
"train_6829_document_image",blocked_403+no_snapshot,blocked_403,no_snapshot,none_in_metadata
"train_6833_document_image",host_serves_placeholder+no_snapshot,host_serves_placeholder,no_snapshot,none_in_metadata
"train_6839_document_image",blocked_403+no_snapshot,blocked_403,no_snapshot,none_in_metadata
"train_684_claim_image",fetched_furniture+no_snapshot,fetched_furniture,no_snapshot,none_in_metadata
"train_6851_claim_image",host_serves_placeholder+no_snapshot,host_serves_placeholder,no_snapshot,none_in_metadata
"train_6854_claim_image",host_serves_placeholder+no_snapshot,host_serves_placeholder,no_snapshot,none_in_metadata
"train_6859_document_image",blocked_403+no_snapshot,blocked_403,no_snapshot,none_in_metadata
"train_6866_document_image",host_serves_placeholder+snapshots_are_placeholders,host_serves_placeholder,snapshots_are_placeholders,none_in_metadata
"train_6867_claim_image",blocked_403+no_snapshot,blocked_403,no_snapshot,none_in_metadata
"train_6886_claim_image",blocked_403+snapshot_verdict,blocked_403,snapshot_verdict,none_in_metadata
"train_6886_document_image",blocked_403+snapshot_verdict,blocked_403,snapshot_verdict,none_in_metadata
"train_6888_document_image",host_serves_placeholder+snapshots_are_placeholders,host_serves_placeholder,snapshots_are_placeholders,none_in_metadata
"train_6890_document_image",host_serves_placeholder+snapshots_are_placeholders,host_serves_placeholder,snapshots_are_placeholders,none_in_metadata
"train_689_document_image",host_serves_placeholder+snapshots_are_placeholders,host_serves_placeholder,snapshots_are_placeholders,none_in_metadata
"train_6901_claim_image",host_serves_placeholder+no_snapshot,host_serves_placeholder,no_snapshot,none_in_metadata
"train_6908_claim_image",host_serves_placeholder+no_snapshot,host_serves_placeholder,no_snapshot,none_in_metadata
"train_6913_claim_image",host_serves_placeholder+snapshot_furniture,host_serves_placeholder,snapshot_furniture,none_in_metadata
"train_6914_claim_image",host_serves_placeholder+snapshots_are_placeholders,host_serves_placeholder,snapshots_are_placeholders,none_in_metadata
"train_6936_document_image",host_serves_placeholder+snapshots_are_placeholders,host_serves_placeholder,snapshots_are_placeholders,none_in_metadata
"train_6945_claim_image",host_serves_placeholder+snapshot_furniture,host_serves_placeholder,snapshot_furniture,none_in_metadata
"train_6950_document_image",host_serves_placeholder+no_snapshot,host_serves_placeholder,no_snapshot,none_in_metadata
"train_6957_document_image",host_serves_placeholder+no_snapshot,host_serves_placeholder,no_snapshot,none_in_metadata
"train_6968_document_image",host_serves_placeholder+snapshots_are_placeholders,host_serves_placeholder,snapshots_are_placeholders,none_in_metadata
"train_6971_document_image",host_serves_placeholder+snapshots_are_placeholders,host_serves_placeholder,snapshots_are_placeholders,none_in_metadata
"train_6973_document_image",host_serves_placeholder+no_snapshot,host_serves_placeholder,no_snapshot,none_in_metadata
"train_6982_document_image",host_serves_placeholder+no_snapshot,host_serves_placeholder,no_snapshot,none_in_metadata
"train_698_claim_image",host_serves_placeholder+snapshots_are_placeholders,host_serves_placeholder,snapshots_are_placeholders,none_in_metadata
"train_7010_document_image",host_serves_placeholder+snapshot_furniture,host_serves_placeholder,snapshot_furniture,none_in_metadata
"train_7018_claim_image",host_serves_placeholder+snapshots_are_placeholders,host_serves_placeholder,snapshots_are_placeholders,none_in_metadata
"train_702_document_image",host_serves_placeholder+snapshots_are_placeholders,host_serves_placeholder,snapshots_are_placeholders,none_in_metadata
"train_7034_document_image",blocked_403+no_snapshot,blocked_403,no_snapshot,none_in_metadata
"train_7047_document_image",host_serves_placeholder+no_snapshot,host_serves_placeholder,no_snapshot,none_in_metadata
"train_7069_claim_image",host_serves_placeholder+no_snapshot,host_serves_placeholder,no_snapshot,none_in_metadata
"train_706_claim_image",host_serves_placeholder+snapshot_furniture,host_serves_placeholder,snapshot_furniture,none_in_metadata
"train_7078_document_image",host_serves_placeholder+no_snapshot,host_serves_placeholder,no_snapshot,none_in_metadata
"train_7083_document_image",host_serves_placeholder+snapshots_are_placeholders,host_serves_placeholder,snapshots_are_placeholders,none_in_metadata
"train_7086_document_image",host_serves_placeholder+snapshot_furniture,host_serves_placeholder,snapshot_furniture,none_in_metadata
"train_7088_claim_image",host_serves_placeholder+no_snapshot,host_serves_placeholder,no_snapshot,none_in_metadata
"train_708_document_image",host_serves_placeholder+no_snapshot,host_serves_placeholder,no_snapshot,none_in_metadata
"train_7090_document_image",host_serves_placeholder+snapshots_are_placeholders,host_serves_placeholder,snapshots_are_placeholders,none_in_metadata
"train_70_document_image",host_serves_placeholder+no_snapshot,host_serves_placeholder,no_snapshot,none_in_metadata
"train_7117_document_image",blocked_403+no_snapshot,blocked_403,no_snapshot,none_in_metadata
"train_7120_document_image",host_serves_placeholder+no_snapshot,host_serves_placeholder,no_snapshot,none_in_metadata
"train_7125_claim_image",host_serves_placeholder+no_snapshot,host_serves_placeholder,no_snapshot,none_in_metadata
"train_7133_document_image",blocked_403+no_snapshot,blocked_403,no_snapshot,none_in_metadata
"train_7161_claim_image",host_serves_placeholder+snapshot_furniture,host_serves_placeholder,snapshot_furniture,none_in_metadata
"train_7163_document_image",blocked_403+no_snapshot,blocked_403,no_snapshot,none_in_metadata
"train_7164_claim_image",host_serves_placeholder+no_snapshot,host_serves_placeholder,no_snapshot,none_in_metadata
"train_7166_document_image",host_serves_placeholder+snapshots_are_placeholders,host_serves_placeholder,snapshots_are_placeholders,none_in_metadata
"train_7182_document_image",blocked_403+no_snapshot,blocked_403,no_snapshot,none_in_metadata
"train_7199_document_image",host_serves_placeholder+snapshots_are_placeholders,host_serves_placeholder,snapshots_are_placeholders,none_in_metadata
"train_720_document_image",host_serves_placeholder+snapshots_are_placeholders,host_serves_placeholder,snapshots_are_placeholders,none_in_metadata
"train_7211_document_image",blocked_403+no_snapshot,blocked_403,no_snapshot,none_in_metadata
"train_7216_claim_image",host_serves_placeholder+snapshot_furniture,host_serves_placeholder,snapshot_furniture,none_in_metadata
"train_7226_claim_image",host_serves_placeholder+snapshots_are_placeholders,host_serves_placeholder,snapshots_are_placeholders,none_in_metadata
"train_7239_document_image",blocked_403+no_snapshot,blocked_403,no_snapshot,none_in_metadata
"train_7254_claim_image",host_serves_placeholder+snapshot_furniture,host_serves_placeholder,snapshot_furniture,none_in_metadata
"train_7255_claim_image",fetched_furniture+no_snapshot,fetched_furniture,no_snapshot,none_in_metadata
"train_7275_claim_image",host_serves_placeholder+no_snapshot,host_serves_placeholder,no_snapshot,none_in_metadata
"train_7278_claim_image",host_serves_placeholder+snapshot_furniture,host_serves_placeholder,snapshot_furniture,none_in_metadata
"train_7297_document_image",host_serves_placeholder+snapshots_are_placeholders,host_serves_placeholder,snapshots_are_placeholders,none_in_metadata
"train_7299_claim_image",host_serves_placeholder+no_snapshot,host_serves_placeholder,no_snapshot,none_in_metadata
"train_7314_document_image",host_serves_placeholder+snapshots_are_placeholders,host_serves_placeholder,snapshots_are_placeholders,none_in_metadata
"train_732_claim_image",fetched_furniture+no_snapshot,fetched_furniture,no_snapshot,none_in_metadata
"train_7340_document_image",host_serves_placeholder+no_snapshot,host_serves_placeholder,no_snapshot,none_in_metadata
"train_7343_claim_image",host_serves_placeholder+snapshot_furniture,host_serves_placeholder,snapshot_furniture,none_in_metadata
"train_7351_claim_image",host_serves_placeholder+snapshot_furniture,host_serves_placeholder,snapshot_furniture,none_in_metadata
"train_7354_document_image",blocked_403+no_snapshot,blocked_403,no_snapshot,none_in_metadata
"train_7356_document_image",host_serves_placeholder+no_snapshot,host_serves_placeholder,no_snapshot,none_in_metadata
"train_7365_claim_image",blocked_403+snapshot_verdict,blocked_403,snapshot_verdict,none_in_metadata
"train_7381_document_image",host_serves_placeholder+no_snapshot,host_serves_placeholder,no_snapshot,none_in_metadata
"train_7415_claim_image",host_serves_placeholder+snapshots_are_placeholders,host_serves_placeholder,snapshots_are_placeholders,none_in_metadata
"train_7429_document_image",host_serves_placeholder+no_snapshot,host_serves_placeholder,no_snapshot,none_in_metadata
"train_7438_claim_image",host_serves_placeholder+snapshot_furniture,host_serves_placeholder,snapshot_furniture,none_in_metadata
"train_7438_document_image",blocked_403+no_snapshot,blocked_403,no_snapshot,none_in_metadata
"train_7441_claim_image",host_serves_placeholder+snapshots_are_placeholders,host_serves_placeholder,snapshots_are_placeholders,none_in_metadata
"train_7454_claim_image",host_serves_placeholder+no_snapshot,host_serves_placeholder,no_snapshot,none_in_metadata
"train_7483_claim_image",host_serves_placeholder+no_snapshot,host_serves_placeholder,no_snapshot,none_in_metadata
"train_7487_document_image",blocked_403+no_snapshot,blocked_403,no_snapshot,none_in_metadata
"train_7494_document_image",host_serves_placeholder+no_snapshot,host_serves_placeholder,no_snapshot,none_in_metadata
"train_7515_claim_image",host_serves_placeholder+no_snapshot,host_serves_placeholder,no_snapshot,none_in_metadata
"train_7525_claim_image",host_serves_placeholder+snapshots_are_placeholders,host_serves_placeholder,snapshots_are_placeholders,none_in_metadata
"train_7547_document_image",host_serves_placeholder+no_snapshot,host_serves_placeholder,no_snapshot,none_in_metadata
"train_7548_claim_image",blocked_403+snapshot_verdict,blocked_403,snapshot_verdict,none_in_metadata
"train_7557_claim_image",blocked_403+snapshot_verdict,blocked_403,snapshot_verdict,none_in_metadata
"train_7558_claim_image",gone_404+no_snapshot,gone_404,no_snapshot,none_in_metadata
"train_7567_claim_image",blocked_403+no_snapshot,blocked_403,no_snapshot,none_in_metadata
"train_7579_claim_image",host_serves_placeholder+no_snapshot,host_serves_placeholder,no_snapshot,none_in_metadata
"train_7608_document_image",blocked_403+snapshot_verdict,blocked_403,snapshot_verdict,none_in_metadata
"train_7609_document_image",host_serves_placeholder+snapshots_are_placeholders,host_serves_placeholder,snapshots_are_placeholders,none_in_metadata
"train_7623_claim_image",blocked_403+snapshot_verdict,blocked_403,snapshot_verdict,none_in_metadata
"train_7652_document_image",blocked_403+no_snapshot,blocked_403,no_snapshot,none_in_metadata
"train_7681_document_image",host_serves_placeholder+snapshots_are_placeholders,host_serves_placeholder,snapshots_are_placeholders,none_in_metadata
"train_7687_claim_image",host_serves_placeholder+snapshots_are_placeholders,host_serves_placeholder,snapshots_are_placeholders,none_in_metadata
"train_7701_claim_image",host_serves_placeholder+snapshot_furniture,host_serves_placeholder,snapshot_furniture,none_in_metadata
"train_7705_document_image",host_serves_placeholder+snapshots_are_placeholders,host_serves_placeholder,snapshots_are_placeholders,none_in_metadata
"train_7711_claim_image",host_serves_placeholder+snapshot_furniture,host_serves_placeholder,snapshot_furniture,none_in_metadata
"train_7719_document_image",host_serves_placeholder+snapshot_furniture,host_serves_placeholder,snapshot_furniture,none_in_metadata
"train_7731_document_image",blocked_403+no_snapshot,blocked_403,no_snapshot,none_in_metadata
"train_774_claim_image",blocked_403+snapshot_verdict,blocked_403,snapshot_verdict,none_in_metadata
"train_7754_document_image",blocked_403+no_snapshot,blocked_403,no_snapshot,none_in_metadata
"train_7755_document_image",host_serves_placeholder+snapshots_are_placeholders,host_serves_placeholder,snapshots_are_placeholders,none_in_metadata
"train_775_document_image",host_serves_placeholder+snapshots_are_placeholders,host_serves_placeholder,snapshots_are_placeholders,none_in_metadata
"train_7763_claim_image",host_serves_placeholder+snapshots_are_placeholders,host_serves_placeholder,snapshots_are_placeholders,none_in_metadata
"train_7765_claim_image",blocked_403+snapshot_verdict,blocked_403,snapshot_verdict,none_in_metadata
"train_7769_claim_image",blocked_403+snapshot_verdict,blocked_403,snapshot_verdict,none_in_metadata
"train_7773_document_image",blocked_403+no_snapshot,blocked_403,no_snapshot,none_in_metadata
"train_7780_document_image",host_serves_placeholder+no_snapshot,host_serves_placeholder,no_snapshot,none_in_metadata
"train_7788_claim_image",host_serves_placeholder+snapshots_are_placeholders,host_serves_placeholder,snapshots_are_placeholders,none_in_metadata
"train_7803_claim_image",host_serves_placeholder+snapshots_are_placeholders,host_serves_placeholder,snapshots_are_placeholders,none_in_metadata
"train_7808_claim_image",unreachable_ssl_error+no_snapshot,unreachable_ssl_error,no_snapshot,none_in_metadata
"train_7808_document_image",blocked_403+no_snapshot,blocked_403,no_snapshot,none_in_metadata
"train_7809_document_image",host_serves_placeholder+snapshots_are_placeholders,host_serves_placeholder,snapshots_are_placeholders,none_in_metadata
"train_780_document_image",host_serves_placeholder+no_snapshot,host_serves_placeholder,no_snapshot,none_in_metadata
"train_7815_document_image",host_serves_placeholder+no_snapshot,host_serves_placeholder,no_snapshot,none_in_metadata
"train_7818_claim_image",blocked_403+snapshot_verdict,blocked_403,snapshot_verdict,none_in_metadata
"train_7825_claim_image",host_serves_placeholder+snapshots_are_placeholders,host_serves_placeholder,snapshots_are_placeholders,none_in_metadata
"train_7831_claim_image",host_serves_placeholder+snapshot_furniture,host_serves_placeholder,snapshot_furniture,none_in_metadata
"train_7834_document_image",blocked_403+snapshot_verdict,blocked_403,snapshot_verdict,none_in_metadata
"train_784_document_image",blocked_403+no_snapshot,blocked_403,no_snapshot,none_in_metadata
"train_7861_claim_image",host_serves_placeholder+snapshot_furniture,host_serves_placeholder,snapshot_furniture,none_in_metadata
"train_7862_claim_image",host_serves_placeholder+snapshots_are_placeholders,host_serves_placeholder,snapshots_are_placeholders,none_in_metadata
"train_7879_document_image",host_serves_placeholder+snapshot_furniture,host_serves_placeholder,snapshot_furniture,none_in_metadata
"train_7896_claim_image",blocked_403+snapshot_verdict,blocked_403,snapshot_verdict,none_in_metadata
"train_7896_document_image",blocked_403+snapshot_verdict,blocked_403,snapshot_verdict,none_in_metadata
"train_7898_document_image",blocked_403+no_snapshot,blocked_403,no_snapshot,none_in_metadata
"train_7913_document_image",host_serves_placeholder+snapshots_are_placeholders,host_serves_placeholder,snapshots_are_placeholders,none_in_metadata
"train_7927_document_image",host_serves_placeholder+snapshots_are_placeholders,host_serves_placeholder,snapshots_are_placeholders,none_in_metadata
"train_7934_document_image",blocked_403+no_snapshot,blocked_403,no_snapshot,none_in_metadata
"train_7935_claim_image",fetched_furniture+snapshots_are_placeholders,fetched_furniture,snapshots_are_placeholders,none_in_metadata
"train_7952_document_image",blocked_403+snapshot_verdict,blocked_403,snapshot_verdict,none_in_metadata
"train_7959_claim_image",host_serves_placeholder+snapshot_furniture,host_serves_placeholder,snapshot_furniture,none_in_metadata
"train_7962_document_image",host_serves_placeholder+no_snapshot,host_serves_placeholder,no_snapshot,none_in_metadata
"train_7964_document_image",blocked_403+snapshot_verdict,blocked_403,snapshot_verdict,none_in_metadata
"train_7967_claim_image",blocked_403+no_snapshot,blocked_403,no_snapshot,none_in_metadata
"train_7967_document_image",blocked_403+no_snapshot,blocked_403,no_snapshot,none_in_metadata
"train_7972_document_image",host_serves_placeholder+no_snapshot,host_serves_placeholder,no_snapshot,none_in_metadata
"train_7980_document_image",blocked_403+no_snapshot,blocked_403,no_snapshot,none_in_metadata
"train_7987_document_image",blocked_403+no_snapshot,blocked_403,no_snapshot,none_in_metadata
"train_7997_document_image",blocked_403+no_snapshot,blocked_403,no_snapshot,none_in_metadata
"train_79_document_image",host_serves_placeholder+snapshot_furniture,host_serves_placeholder,snapshot_furniture,none_in_metadata
"train_8006_document_image",host_serves_placeholder+no_snapshot,host_serves_placeholder,no_snapshot,none_in_metadata
"train_8013_document_image",blocked_403+no_snapshot,blocked_403,no_snapshot,none_in_metadata
"train_801_document_image",blocked_403+no_snapshot,blocked_403,no_snapshot,none_in_metadata
"train_8024_document_image",host_serves_placeholder+no_snapshot,host_serves_placeholder,no_snapshot,none_in_metadata
"train_8033_document_image",host_serves_placeholder+snapshot_furniture,host_serves_placeholder,snapshot_furniture,none_in_metadata
"train_8036_claim_image",host_serves_placeholder+no_snapshot,host_serves_placeholder,no_snapshot,none_in_metadata
"train_8036_document_image",fetched_verdict+no_snapshot,fetched_verdict,no_snapshot,none_in_metadata
"train_8037_document_image",host_serves_placeholder+snapshots_are_placeholders,host_serves_placeholder,snapshots_are_placeholders,none_in_metadata
"train_8045_claim_image",host_serves_placeholder+snapshots_are_placeholders,host_serves_placeholder,snapshots_are_placeholders,none_in_metadata
"train_8049_claim_image",host_serves_placeholder+snapshot_furniture,host_serves_placeholder,snapshot_furniture,none_in_metadata
"train_8056_document_image",host_serves_placeholder+no_snapshot,host_serves_placeholder,no_snapshot,none_in_metadata
"train_8068_claim_image",host_serves_placeholder+snapshot_furniture,host_serves_placeholder,snapshot_furniture,none_in_metadata
"train_8079_claim_image",blocked_403+snapshot_verdict,blocked_403,snapshot_verdict,none_in_metadata
"train_8101_document_image",host_serves_placeholder+snapshots_are_placeholders,host_serves_placeholder,snapshots_are_placeholders,none_in_metadata
"train_8103_document_image",host_serves_placeholder+snapshots_are_placeholders,host_serves_placeholder,snapshots_are_placeholders,none_in_metadata
"train_8113_claim_image",host_serves_placeholder+snapshots_are_placeholders,host_serves_placeholder,snapshots_are_placeholders,none_in_metadata
"train_8119_document_image",host_serves_placeholder+no_snapshot,host_serves_placeholder,no_snapshot,none_in_metadata
"train_811_claim_image",blocked_403+snapshot_verdict,blocked_403,snapshot_verdict,none_in_metadata
"train_811_document_image",blocked_403+snapshot_verdict,blocked_403,snapshot_verdict,none_in_metadata
"train_8120_document_image",host_serves_placeholder+no_snapshot,host_serves_placeholder,no_snapshot,none_in_metadata
"train_8126_document_image",host_serves_placeholder+no_snapshot,host_serves_placeholder,no_snapshot,none_in_metadata
"train_8132_document_image",blocked_403+no_snapshot,blocked_403,no_snapshot,none_in_metadata
"train_8150_document_image",blocked_403+no_snapshot,blocked_403,no_snapshot,none_in_metadata
"train_8152_document_image",host_serves_placeholder+snapshots_are_placeholders,host_serves_placeholder,snapshots_are_placeholders,none_in_metadata
"train_8160_document_image",blocked_403+no_snapshot,blocked_403,no_snapshot,none_in_metadata
"train_8163_claim_image",host_serves_placeholder+snapshot_furniture,host_serves_placeholder,snapshot_furniture,none_in_metadata
"train_8166_document_image",host_serves_placeholder+snapshot_furniture,host_serves_placeholder,snapshot_furniture,none_in_metadata
"train_8169_claim_image",blocked_403+no_snapshot,blocked_403,no_snapshot,none_in_metadata
"train_8169_document_image",blocked_403+no_snapshot,blocked_403,no_snapshot,none_in_metadata
"train_8170_document_image",host_serves_placeholder+snapshots_are_placeholders,host_serves_placeholder,snapshots_are_placeholders,none_in_metadata
"train_8173_document_image",host_serves_placeholder+no_snapshot,host_serves_placeholder,no_snapshot,none_in_metadata
"train_8183_claim_image",blocked_403+snapshot_verdict,blocked_403,snapshot_verdict,none_in_metadata
"train_8183_document_image",blocked_403+no_snapshot,blocked_403,no_snapshot,none_in_metadata
"train_8189_claim_image",blocked_403+snapshot_verdict,blocked_403,snapshot_verdict,none_in_metadata
"train_8193_document_image",blocked_403+no_snapshot,blocked_403,no_snapshot,none_in_metadata
"train_8219_document_image",host_serves_placeholder+snapshots_are_placeholders,host_serves_placeholder,snapshots_are_placeholders,none_in_metadata
"train_8221_document_image",blocked_403+no_snapshot,blocked_403,no_snapshot,none_in_metadata
"train_8235_claim_image",host_serves_placeholder+no_snapshot,host_serves_placeholder,no_snapshot,none_in_metadata
"train_8237_document_image",host_serves_placeholder+snapshots_are_placeholders,host_serves_placeholder,snapshots_are_placeholders,none_in_metadata
"train_8239_document_image",blocked_403+no_snapshot,blocked_403,no_snapshot,none_in_metadata
"train_8245_claim_image",blocked_403+snapshot_verdict,blocked_403,snapshot_verdict,none_in_metadata
"train_824_document_image",host_serves_placeholder+no_snapshot,host_serves_placeholder,no_snapshot,none_in_metadata
"train_8254_claim_image",host_serves_placeholder+snapshots_are_placeholders,host_serves_placeholder,snapshots_are_placeholders,none_in_metadata
"train_8256_document_image",host_serves_placeholder+snapshots_are_placeholders,host_serves_placeholder,snapshots_are_placeholders,none_in_metadata
"train_8278_document_image",host_serves_placeholder+no_snapshot,host_serves_placeholder,no_snapshot,none_in_metadata
"train_8288_document_image",host_serves_placeholder+no_snapshot,host_serves_placeholder,no_snapshot,none_in_metadata
"train_8289_document_image",host_serves_placeholder+snapshots_are_placeholders,host_serves_placeholder,snapshots_are_placeholders,none_in_metadata
"train_8295_claim_image",host_serves_placeholder+no_snapshot,host_serves_placeholder,no_snapshot,none_in_metadata
"train_8298_claim_image",fetched_furniture+no_snapshot,fetched_furniture,no_snapshot,none_in_metadata
"train_8299_claim_image",host_serves_placeholder+no_snapshot,host_serves_placeholder,no_snapshot,none_in_metadata
"train_8299_document_image",host_serves_placeholder+snapshots_are_placeholders,host_serves_placeholder,snapshots_are_placeholders,none_in_metadata
"train_8305_document_image",host_serves_placeholder+snapshots_are_placeholders,host_serves_placeholder,snapshots_are_placeholders,none_in_metadata
"train_8324_claim_image",host_serves_placeholder+no_snapshot,host_serves_placeholder,no_snapshot,none_in_metadata
"train_8334_document_image",host_serves_placeholder+no_snapshot,host_serves_placeholder,no_snapshot,none_in_metadata
"train_8352_claim_image",host_serves_placeholder+no_snapshot,host_serves_placeholder,no_snapshot,none_in_metadata
"train_8363_claim_image",host_serves_placeholder+snapshot_furniture,host_serves_placeholder,snapshot_furniture,none_in_metadata
"train_8377_document_image",host_serves_placeholder+snapshots_are_placeholders,host_serves_placeholder,snapshots_are_placeholders,none_in_metadata
"train_8388_claim_image",host_serves_placeholder+snapshots_are_placeholders,host_serves_placeholder,snapshots_are_placeholders,none_in_metadata
"train_8391_document_image",blocked_403+no_snapshot,blocked_403,no_snapshot,none_in_metadata
"train_8394_claim_image",fetched_furniture+no_snapshot,fetched_furniture,no_snapshot,none_in_metadata
"train_83_document_image",blocked_403+no_snapshot,blocked_403,no_snapshot,none_in_metadata
"train_8406_document_image",blocked_403+snapshot_verdict,blocked_403,snapshot_verdict,none_in_metadata
"train_8419_document_image",blocked_403+no_snapshot,blocked_403,no_snapshot,none_in_metadata
"train_8423_document_image",host_serves_placeholder+snapshots_are_placeholders,host_serves_placeholder,snapshots_are_placeholders,none_in_metadata
"train_8443_claim_image",host_serves_placeholder+no_snapshot,host_serves_placeholder,no_snapshot,none_in_metadata
"train_8444_document_image",host_serves_placeholder+snapshots_are_placeholders,host_serves_placeholder,snapshots_are_placeholders,none_in_metadata
"train_8447_document_image",host_serves_placeholder+snapshots_are_placeholders,host_serves_placeholder,snapshots_are_placeholders,none_in_metadata
"train_8449_claim_image",host_serves_placeholder+snapshot_furniture,host_serves_placeholder,snapshot_furniture,none_in_metadata
"train_8452_claim_image",unreachable_ssl_error+no_snapshot,unreachable_ssl_error,no_snapshot,none_in_metadata
"train_8452_document_image",blocked_403+snapshot_verdict,blocked_403,snapshot_verdict,none_in_metadata
"train_8459_claim_image",host_serves_placeholder+snapshot_furniture,host_serves_placeholder,snapshot_furniture,none_in_metadata
"train_8476_claim_image",gone_404+no_snapshot,gone_404,no_snapshot,none_in_metadata
"train_8489_claim_image",blocked_403+no_snapshot,blocked_403,no_snapshot,none_in_metadata
"train_8489_document_image",blocked_403+no_snapshot,blocked_403,no_snapshot,none_in_metadata
"train_8500_claim_image",blocked_403+no_snapshot,blocked_403,no_snapshot,none_in_metadata
"train_8510_claim_image",host_serves_placeholder+snapshot_furniture,host_serves_placeholder,snapshot_furniture,none_in_metadata
"train_8516_claim_image",host_serves_placeholder+snapshots_are_placeholders,host_serves_placeholder,snapshots_are_placeholders,none_in_metadata
"train_8519_document_image",blocked_403+no_snapshot,blocked_403,no_snapshot,none_in_metadata
"train_8525_claim_image",host_serves_placeholder+no_snapshot,host_serves_placeholder,no_snapshot,none_in_metadata
"train_8526_document_image",host_serves_placeholder+no_snapshot,host_serves_placeholder,no_snapshot,none_in_metadata
"train_8542_document_image",host_serves_placeholder+snapshots_are_placeholders,host_serves_placeholder,snapshots_are_placeholders,none_in_metadata
"train_8546_claim_image",host_serves_placeholder+snapshot_furniture,host_serves_placeholder,snapshot_furniture,none_in_metadata
"train_8558_claim_image",blocked_403+snapshot_verdict,blocked_403,snapshot_verdict,none_in_metadata
"train_855_document_image",blocked_403+snapshot_verdict,blocked_403,snapshot_verdict,none_in_metadata
"train_8562_claim_image",host_serves_placeholder+snapshots_are_placeholders,host_serves_placeholder,snapshots_are_placeholders,none_in_metadata
"train_8573_claim_image",host_serves_placeholder+snapshots_are_placeholders,host_serves_placeholder,snapshots_are_placeholders,none_in_metadata
"train_8574_document_image",host_serves_placeholder+snapshots_are_placeholders,host_serves_placeholder,snapshots_are_placeholders,none_in_metadata
"train_8582_document_image",blocked_403+no_snapshot,blocked_403,no_snapshot,none_in_metadata
"train_8595_claim_image",host_serves_placeholder+no_snapshot,host_serves_placeholder,no_snapshot,none_in_metadata
"train_8615_document_image",host_serves_placeholder+snapshot_verdict,host_serves_placeholder,snapshot_verdict,none_in_metadata
"train_861_document_image",host_serves_placeholder+no_snapshot,host_serves_placeholder,no_snapshot,none_in_metadata
"train_8634_document_image",host_serves_placeholder+snapshots_are_placeholders,host_serves_placeholder,snapshots_are_placeholders,none_in_metadata
"train_8638_claim_image",host_serves_placeholder+no_snapshot,host_serves_placeholder,no_snapshot,none_in_metadata
"train_8647_claim_image",host_serves_placeholder+no_snapshot,host_serves_placeholder,no_snapshot,none_in_metadata
"train_864_claim_image",blocked_403+no_snapshot,blocked_403,no_snapshot,none_in_metadata
"train_864_document_image",blocked_403+no_snapshot,blocked_403,no_snapshot,none_in_metadata
"train_8659_claim_image",blocked_403+no_snapshot,blocked_403,no_snapshot,none_in_metadata
"train_865_document_image",host_serves_placeholder+no_snapshot,host_serves_placeholder,no_snapshot,none_in_metadata
"train_8666_claim_image",host_serves_placeholder+snapshots_are_placeholders,host_serves_placeholder,snapshots_are_placeholders,none_in_metadata
"train_8670_document_image",blocked_403+no_snapshot,blocked_403,no_snapshot,none_in_metadata
"train_8681_document_image",host_serves_placeholder+snapshots_are_placeholders,host_serves_placeholder,snapshots_are_placeholders,none_in_metadata
"train_8683_claim_image",host_serves_placeholder+snapshots_are_placeholders,host_serves_placeholder,snapshots_are_placeholders,none_in_metadata
"train_8684_document_image",host_serves_placeholder+no_snapshot,host_serves_placeholder,no_snapshot,none_in_metadata
"train_8691_document_image",blocked_403+no_snapshot,blocked_403,no_snapshot,none_in_metadata
"train_8694_document_image",host_serves_placeholder+snapshots_are_placeholders,host_serves_placeholder,snapshots_are_placeholders,none_in_metadata
"train_8698_claim_image",host_serves_placeholder+no_snapshot,host_serves_placeholder,no_snapshot,none_in_metadata
"train_8714_document_image",host_serves_placeholder+snapshots_are_placeholders,host_serves_placeholder,snapshots_are_placeholders,none_in_metadata
"train_8729_claim_image",blocked_403+snapshot_verdict,blocked_403,snapshot_verdict,none_in_metadata
"train_8739_document_image",host_serves_placeholder+no_snapshot,host_serves_placeholder,no_snapshot,none_in_metadata
"train_8748_claim_image",blocked_403+snapshot_verdict,blocked_403,snapshot_verdict,none_in_metadata
"train_8748_document_image",blocked_403+snapshot_verdict,blocked_403,snapshot_verdict,none_in_metadata
"train_8752_claim_image",host_serves_placeholder+snapshot_verdict,host_serves_placeholder,snapshot_verdict,none_in_metadata
"train_8754_claim_image",blocked_403+no_snapshot,blocked_403,no_snapshot,none_in_metadata
"train_8755_document_image",host_serves_placeholder+no_snapshot,host_serves_placeholder,no_snapshot,none_in_metadata
"train_8759_claim_image",host_serves_placeholder+snapshots_are_placeholders,host_serves_placeholder,snapshots_are_placeholders,none_in_metadata
"train_8772_document_image",host_serves_placeholder+no_snapshot,host_serves_placeholder,no_snapshot,none_in_metadata
"train_8787_claim_image",host_serves_placeholder+no_snapshot,host_serves_placeholder,no_snapshot,none_in_metadata
"train_878_document_image",host_serves_placeholder+no_snapshot,host_serves_placeholder,no_snapshot,none_in_metadata
"train_8792_claim_image",host_serves_placeholder+snapshots_are_placeholders,host_serves_placeholder,snapshots_are_placeholders,none_in_metadata
"train_8807_document_image",blocked_403+no_snapshot,blocked_403,no_snapshot,none_in_metadata
"train_8845_document_image",gone_404+no_snapshot,gone_404,no_snapshot,none_in_metadata
"train_8862_claim_image",host_serves_placeholder+snapshot_furniture,host_serves_placeholder,snapshot_furniture,none_in_metadata
"train_8886_claim_image",host_serves_placeholder+snapshots_are_placeholders,host_serves_placeholder,snapshots_are_placeholders,none_in_metadata
"train_8887_document_image",host_serves_placeholder+snapshots_are_placeholders,host_serves_placeholder,snapshots_are_placeholders,none_in_metadata
"train_8889_document_image",blocked_403+no_snapshot,blocked_403,no_snapshot,none_in_metadata
"train_8897_document_image",host_serves_placeholder+snapshot_furniture,host_serves_placeholder,snapshot_furniture,none_in_metadata
"train_8898_document_image",host_serves_placeholder+no_snapshot,host_serves_placeholder,no_snapshot,none_in_metadata
"train_8935_document_image",host_serves_placeholder+snapshots_are_placeholders,host_serves_placeholder,snapshots_are_placeholders,none_in_metadata
"train_8953_document_image",blocked_403+no_snapshot,blocked_403,no_snapshot,none_in_metadata
"train_8962_claim_image",host_serves_placeholder+snapshot_furniture,host_serves_placeholder,snapshot_furniture,none_in_metadata
"train_8964_document_image",host_serves_placeholder+snapshots_are_placeholders,host_serves_placeholder,snapshots_are_placeholders,none_in_metadata
"train_8979_document_image",blocked_403+snapshot_verdict,blocked_403,snapshot_verdict,none_in_metadata
"train_8984_claim_image",blocked_403+no_snapshot,blocked_403,no_snapshot,none_in_metadata
"train_8995_document_image",blocked_403+no_snapshot,blocked_403,no_snapshot,none_in_metadata
"train_899_document_image",blocked_403+no_snapshot,blocked_403,no_snapshot,none_in_metadata
"train_9000_claim_image",fetched_verdict+no_snapshot,fetched_verdict,no_snapshot,none_in_metadata
"train_9000_document_image",blocked_403+snapshot_verdict,blocked_403,snapshot_verdict,none_in_metadata
"train_9004_claim_image",blocked_403+snapshot_verdict,blocked_403,snapshot_verdict,none_in_metadata
"train_9006_document_image",blocked_403+no_snapshot,blocked_403,no_snapshot,none_in_metadata
"train_9024_document_image",host_serves_placeholder+no_snapshot,host_serves_placeholder,no_snapshot,none_in_metadata
"train_9046_document_image",host_serves_placeholder+no_snapshot,host_serves_placeholder,no_snapshot,none_in_metadata
"train_9047_claim_image",blocked_403+no_snapshot,blocked_403,no_snapshot,none_in_metadata
"train_9047_document_image",blocked_403+no_snapshot,blocked_403,no_snapshot,none_in_metadata
"train_9057_document_image",host_serves_placeholder+no_snapshot,host_serves_placeholder,no_snapshot,none_in_metadata
"train_9064_claim_image",host_serves_placeholder+snapshots_are_placeholders,host_serves_placeholder,snapshots_are_placeholders,none_in_metadata
"train_9081_document_image",host_serves_placeholder+no_snapshot,host_serves_placeholder,no_snapshot,none_in_metadata
"train_9085_document_image",host_serves_placeholder+snapshots_are_placeholders,host_serves_placeholder,snapshots_are_placeholders,none_in_metadata
"train_9088_document_image",blocked_403+no_snapshot,blocked_403,no_snapshot,none_in_metadata
"train_9089_document_image",host_serves_placeholder+snapshots_are_placeholders,host_serves_placeholder,snapshots_are_placeholders,none_in_metadata
"train_909_document_image",blocked_403+no_snapshot,blocked_403,no_snapshot,none_in_metadata
"train_9101_claim_image",host_serves_placeholder+snapshot_furniture,host_serves_placeholder,snapshot_furniture,none_in_metadata
"train_9102_claim_image",fetched_furniture+no_snapshot,fetched_furniture,no_snapshot,none_in_metadata
"train_9141_claim_image",host_serves_placeholder+no_snapshot,host_serves_placeholder,no_snapshot,none_in_metadata
"train_9145_document_image",host_serves_placeholder+snapshots_are_placeholders,host_serves_placeholder,snapshots_are_placeholders,none_in_metadata
"train_9152_claim_image",host_serves_placeholder+snapshots_are_placeholders,host_serves_placeholder,snapshots_are_placeholders,none_in_metadata
"train_9154_document_image",host_serves_placeholder+no_snapshot,host_serves_placeholder,no_snapshot,none_in_metadata
"train_9183_claim_image",host_serves_placeholder+snapshot_furniture,host_serves_placeholder,snapshot_furniture,none_in_metadata
"train_9183_document_image",blocked_403+no_snapshot,blocked_403,no_snapshot,none_in_metadata
"train_9196_claim_image",host_serves_placeholder+snapshot_furniture,host_serves_placeholder,snapshot_furniture,none_in_metadata
"train_9207_document_image",host_serves_placeholder+snapshots_are_placeholders,host_serves_placeholder,snapshots_are_placeholders,none_in_metadata
"train_920_claim_image",blocked_403+snapshot_verdict,blocked_403,snapshot_verdict,none_in_metadata
"train_9216_claim_image",unreachable_ssl_error+no_snapshot,unreachable_ssl_error,no_snapshot,none_in_metadata
"train_9219_claim_image",host_serves_placeholder+no_snapshot,host_serves_placeholder,no_snapshot,none_in_metadata
"train_921_document_image",host_serves_placeholder+snapshots_are_placeholders,host_serves_placeholder,snapshots_are_placeholders,none_in_metadata
"train_9220_document_image",host_serves_placeholder+no_snapshot,host_serves_placeholder,no_snapshot,none_in_metadata
"train_9235_claim_image",blocked_403+snapshot_verdict,blocked_403,snapshot_verdict,none_in_metadata
"train_9236_document_image",host_serves_placeholder+no_snapshot,host_serves_placeholder,no_snapshot,none_in_metadata
"train_9240_document_image",blocked_403+snapshot_verdict,blocked_403,snapshot_verdict,none_in_metadata
"train_9252_document_image",host_serves_placeholder+snapshots_are_placeholders,host_serves_placeholder,snapshots_are_placeholders,none_in_metadata
"train_9263_document_image",host_serves_placeholder+snapshot_verdict,host_serves_placeholder,snapshot_verdict,none_in_metadata
"train_9273_document_image",host_serves_placeholder+no_snapshot,host_serves_placeholder,no_snapshot,none_in_metadata
"train_928_claim_image",host_serves_placeholder+no_snapshot,host_serves_placeholder,no_snapshot,none_in_metadata
"train_9291_claim_image",blocked_403+snapshot_verdict,blocked_403,snapshot_verdict,none_in_metadata
"train_9291_document_image",blocked_403+no_snapshot,blocked_403,no_snapshot,none_in_metadata
"train_92_document_image",host_serves_placeholder+no_snapshot,host_serves_placeholder,no_snapshot,none_in_metadata
"train_9312_document_image",host_serves_placeholder+no_snapshot,host_serves_placeholder,no_snapshot,none_in_metadata
"train_9315_document_image",host_serves_placeholder+no_snapshot,host_serves_placeholder,no_snapshot,none_in_metadata
"train_9325_claim_image",blocked_403+snapshot_verdict,blocked_403,snapshot_verdict,none_in_metadata
"train_9325_document_image",blocked_403+snapshot_verdict,blocked_403,snapshot_verdict,none_in_metadata
"train_9335_document_image",host_serves_placeholder+snapshots_are_placeholders,host_serves_placeholder,snapshots_are_placeholders,none_in_metadata
"train_9337_claim_image",gone_404+no_snapshot,gone_404,no_snapshot,none_in_metadata
"train_9337_document_image",blocked_403+no_snapshot,blocked_403,no_snapshot,none_in_metadata
"train_9349_document_image",host_serves_placeholder+snapshots_are_placeholders,host_serves_placeholder,snapshots_are_placeholders,none_in_metadata
"train_936_document_image",host_serves_placeholder+snapshots_are_placeholders,host_serves_placeholder,snapshots_are_placeholders,none_in_metadata
"train_9385_document_image",host_serves_placeholder+no_snapshot,host_serves_placeholder,no_snapshot,none_in_metadata
"train_9393_document_image",host_serves_placeholder+no_snapshot,host_serves_placeholder,no_snapshot,none_in_metadata
"train_9407_claim_image",blocked_403+snapshot_verdict,blocked_403,snapshot_verdict,none_in_metadata
"train_9407_document_image",blocked_403+snapshot_verdict,blocked_403,snapshot_verdict,none_in_metadata
"train_9413_claim_image",host_serves_placeholder+snapshots_are_placeholders,host_serves_placeholder,snapshots_are_placeholders,none_in_metadata
"train_9432_claim_image",host_serves_placeholder+no_snapshot,host_serves_placeholder,no_snapshot,none_in_metadata
"train_9459_claim_image",host_serves_placeholder+snapshots_are_placeholders,host_serves_placeholder,snapshots_are_placeholders,none_in_metadata
"train_9462_document_image",host_serves_placeholder+no_snapshot,host_serves_placeholder,no_snapshot,none_in_metadata
"train_9471_document_image",host_serves_placeholder+no_snapshot,host_serves_placeholder,no_snapshot,none_in_metadata
"train_9472_claim_image",host_serves_placeholder+snapshots_are_placeholders,host_serves_placeholder,snapshots_are_placeholders,none_in_metadata
"train_9476_document_image",host_serves_placeholder+snapshots_are_placeholders,host_serves_placeholder,snapshots_are_placeholders,none_in_metadata
"train_9481_claim_image",refused_http_406+no_snapshot,refused_http_406,no_snapshot,none_in_metadata
"train_9484_document_image",host_serves_placeholder+snapshots_are_placeholders,host_serves_placeholder,snapshots_are_placeholders,none_in_metadata
"train_9491_document_image",host_serves_placeholder+no_snapshot,host_serves_placeholder,no_snapshot,none_in_metadata
"train_9498_document_image",host_serves_placeholder+no_snapshot,host_serves_placeholder,no_snapshot,none_in_metadata
"train_9499_claim_image",host_serves_placeholder+snapshots_are_placeholders,host_serves_placeholder,snapshots_are_placeholders,none_in_metadata
"train_9516_document_image",blocked_403+no_snapshot,blocked_403,no_snapshot,none_in_metadata
"train_9519_claim_image",blocked_403+snapshot_verdict,blocked_403,snapshot_verdict,none_in_metadata
"train_9519_document_image",blocked_403+no_snapshot,blocked_403,no_snapshot,none_in_metadata
"train_9525_claim_image",host_serves_placeholder+snapshots_are_placeholders,host_serves_placeholder,snapshots_are_placeholders,none_in_metadata
"train_9533_document_image",host_serves_placeholder+no_snapshot,host_serves_placeholder,no_snapshot,none_in_metadata
"train_9534_document_image",blocked_403+snapshot_verdict,blocked_403,snapshot_verdict,none_in_metadata
"train_9540_claim_image",blocked_403+snapshot_verdict,blocked_403,snapshot_verdict,none_in_metadata
"train_9540_document_image",blocked_403+no_snapshot,blocked_403,no_snapshot,none_in_metadata
"train_9547_claim_image",host_serves_non_image+no_snapshot,host_serves_non_image,no_snapshot,none_in_metadata
"train_9547_document_image",blocked_403+no_snapshot,blocked_403,no_snapshot,none_in_metadata
"train_9550_document_image",host_serves_placeholder+snapshot_verdict,host_serves_placeholder,snapshot_verdict,none_in_metadata
"train_9554_document_image",blocked_403+snapshot_verdict,blocked_403,snapshot_verdict,none_in_metadata
"train_9557_claim_image",blocked_403+snapshot_verdict,blocked_403,snapshot_verdict,none_in_metadata
"train_9557_document_image",blocked_403+snapshot_verdict,blocked_403,snapshot_verdict,none_in_metadata
"train_9563_claim_image",host_serves_placeholder+no_snapshot,host_serves_placeholder,no_snapshot,none_in_metadata
"train_9577_document_image",blocked_403+no_snapshot,blocked_403,no_snapshot,none_in_metadata
"train_957_claim_image",fetched_furniture+snapshots_are_placeholders,fetched_furniture,snapshots_are_placeholders,none_in_metadata
"train_9590_claim_image",host_serves_placeholder+snapshots_are_placeholders,host_serves_placeholder,snapshots_are_placeholders,none_in_metadata
"train_9596_document_image",host_serves_placeholder+no_snapshot,host_serves_placeholder,no_snapshot,none_in_metadata
"train_9600_document_image",host_serves_placeholder+no_snapshot,host_serves_placeholder,no_snapshot,none_in_metadata
"train_9602_document_image",blocked_403+no_snapshot,blocked_403,no_snapshot,none_in_metadata
"train_9608_claim_image",host_serves_placeholder+snapshot_furniture,host_serves_placeholder,snapshot_furniture,none_in_metadata
"train_9608_document_image",fetched_verdict+no_snapshot,fetched_verdict,no_snapshot,none_in_metadata
"train_9609_claim_image",fetched_furniture+no_snapshot,fetched_furniture,no_snapshot,none_in_metadata
"train_9613_claim_image",gone_404+no_snapshot,gone_404,no_snapshot,none_in_metadata
"train_9613_document_image",blocked_403+no_snapshot,blocked_403,no_snapshot,none_in_metadata
"train_9617_claim_image",host_serves_placeholder+no_snapshot,host_serves_placeholder,no_snapshot,none_in_metadata
"train_961_claim_image",blocked_403+snapshot_verdict,blocked_403,snapshot_verdict,none_in_metadata
"train_961_document_image",blocked_403+snapshot_verdict,blocked_403,snapshot_verdict,none_in_metadata
"train_9631_document_image",host_serves_placeholder+no_snapshot,host_serves_placeholder,no_snapshot,none_in_metadata
"train_9647_document_image",host_serves_placeholder+no_snapshot,host_serves_placeholder,no_snapshot,none_in_metadata
"train_9652_document_image",host_serves_placeholder+snapshots_are_placeholders,host_serves_placeholder,snapshots_are_placeholders,none_in_metadata
"train_9654_claim_image",host_serves_placeholder+snapshots_are_placeholders,host_serves_placeholder,snapshots_are_placeholders,none_in_metadata
"train_9655_document_image",host_serves_placeholder+snapshots_are_placeholders,host_serves_placeholder,snapshots_are_placeholders,none_in_metadata
"train_9665_document_image",host_serves_placeholder+snapshot_furniture,host_serves_placeholder,snapshot_furniture,none_in_metadata
"train_9671_claim_image",blocked_403+snapshot_verdict,blocked_403,snapshot_verdict,none_in_metadata
"train_9685_claim_image",blocked_403+snapshot_verdict,blocked_403,snapshot_verdict,none_in_metadata
"train_9685_document_image",blocked_403+no_snapshot,blocked_403,no_snapshot,none_in_metadata
"train_968_document_image",host_serves_placeholder+snapshots_are_placeholders,host_serves_placeholder,snapshots_are_placeholders,none_in_metadata
"train_9696_document_image",blocked_403+no_snapshot,blocked_403,no_snapshot,none_in_metadata
"train_9707_document_image",host_serves_placeholder+no_snapshot,host_serves_placeholder,no_snapshot,none_in_metadata
"train_9709_document_image",host_serves_placeholder+snapshots_are_placeholders,host_serves_placeholder,snapshots_are_placeholders,none_in_metadata
"train_9717_document_image",host_serves_placeholder+no_snapshot,host_serves_placeholder,no_snapshot,none_in_metadata
"train_971_claim_image",blocked_403+snapshot_verdict,blocked_403,snapshot_verdict,none_in_metadata
"train_971_document_image",blocked_403+snapshot_verdict,blocked_403,snapshot_verdict,none_in_metadata
"train_9724_document_image",host_serves_placeholder+no_snapshot,host_serves_placeholder,no_snapshot,none_in_metadata
"train_9727_document_image",blocked_403+no_snapshot,blocked_403,no_snapshot,none_in_metadata
"train_9728_claim_image",host_serves_placeholder+snapshot_furniture,host_serves_placeholder,snapshot_furniture,none_in_metadata
"train_9730_claim_image",blocked_403+no_snapshot,blocked_403,no_snapshot,none_in_metadata
"train_9730_document_image",blocked_403+no_snapshot,blocked_403,no_snapshot,none_in_metadata
"train_973_document_image",host_serves_placeholder+no_snapshot,host_serves_placeholder,no_snapshot,none_in_metadata
"train_9744_document_image",blocked_403+no_snapshot,blocked_403,no_snapshot,none_in_metadata
"train_9747_claim_image",host_serves_placeholder+snapshot_furniture,host_serves_placeholder,snapshot_furniture,none_in_metadata
"train_9747_document_image",fetched_verdict+no_snapshot,fetched_verdict,no_snapshot,none_in_metadata
"train_974_document_image",host_serves_placeholder+snapshots_are_placeholders,host_serves_placeholder,snapshots_are_placeholders,none_in_metadata
"train_9764_document_image",host_serves_placeholder+snapshots_are_placeholders,host_serves_placeholder,snapshots_are_placeholders,none_in_metadata
"train_9767_document_image",host_serves_placeholder+snapshots_are_placeholders,host_serves_placeholder,snapshots_are_placeholders,none_in_metadata
"train_9777_document_image",host_serves_placeholder+snapshot_furniture,host_serves_placeholder,snapshot_furniture,none_in_metadata
"train_977_document_image",host_serves_placeholder+snapshots_are_placeholders,host_serves_placeholder,snapshots_are_placeholders,none_in_metadata
"train_978_document_image",host_serves_placeholder+snapshots_are_placeholders,host_serves_placeholder,snapshots_are_placeholders,none_in_metadata
"train_9790_document_image",blocked_403+no_snapshot,blocked_403,no_snapshot,none_in_metadata
"train_9792_document_image",blocked_403+no_snapshot,blocked_403,no_snapshot,none_in_metadata
"train_9797_document_image",host_serves_placeholder+no_snapshot,host_serves_placeholder,no_snapshot,none_in_metadata
"train_9802_claim_image",fetched_furniture+no_snapshot,fetched_furniture,no_snapshot,none_in_metadata
"train_9805_claim_image",host_serves_placeholder+snapshot_furniture,host_serves_placeholder,snapshot_furniture,none_in_metadata
"train_9809_claim_image",blocked_403+no_snapshot,blocked_403,no_snapshot,none_in_metadata
"train_9821_document_image",host_serves_placeholder+no_snapshot,host_serves_placeholder,no_snapshot,none_in_metadata
"train_9822_document_image",blocked_403+no_snapshot,blocked_403,no_snapshot,none_in_metadata
"train_9824_document_image",blocked_403+snapshot_verdict,blocked_403,snapshot_verdict,none_in_metadata
"train_9843_document_image",host_serves_placeholder+no_snapshot,host_serves_placeholder,no_snapshot,none_in_metadata
"train_9876_claim_image",blocked_403+no_snapshot,blocked_403,no_snapshot,none_in_metadata
"train_9887_document_image",host_serves_placeholder+no_snapshot,host_serves_placeholder,no_snapshot,none_in_metadata
"train_9898_document_image",host_serves_placeholder+no_snapshot,host_serves_placeholder,no_snapshot,none_in_metadata
"train_989_claim_image",blocked_403+snapshot_verdict,blocked_403,snapshot_verdict,none_in_metadata
"train_990_claim_image",host_serves_placeholder+no_snapshot,host_serves_placeholder,no_snapshot,none_in_metadata
"train_9916_claim_image",blocked_403+no_snapshot,blocked_403,no_snapshot,none_in_metadata
"train_991_document_image",host_serves_placeholder+snapshots_are_placeholders,host_serves_placeholder,snapshots_are_placeholders,none_in_metadata
"train_9921_document_image",host_serves_placeholder+no_snapshot,host_serves_placeholder,no_snapshot,none_in_metadata
"train_9933_claim_image",host_serves_placeholder+snapshot_furniture,host_serves_placeholder,snapshot_furniture,none_in_metadata
"train_9954_claim_image",blocked_403+snapshot_verdict,blocked_403,snapshot_verdict,none_in_metadata
"train_9968_document_image",host_serves_placeholder+no_snapshot,host_serves_placeholder,no_snapshot,none_in_metadata
"train_9970_claim_image",blocked_403+no_snapshot,blocked_403,no_snapshot,none_in_metadata
"train_9980_document_image",blocked_403+no_snapshot,blocked_403,no_snapshot,none_in_metadata
"train_9998_document_image",blocked_403+no_snapshot,blocked_403,no_snapshot,none_in_metadata
"val_1002_claim_image",blocked_403+no_snapshot,blocked_403,no_snapshot,none_in_metadata
"val_1002_document_image",blocked_403+no_snapshot,blocked_403,no_snapshot,none_in_metadata
"val_1005_claim_image",host_serves_placeholder+no_snapshot,host_serves_placeholder,no_snapshot,none_in_metadata
"val_1012_claim_image",host_serves_placeholder+snapshot_furniture,host_serves_placeholder,snapshot_furniture,none_in_metadata
"val_1017_claim_image",blocked_403+no_snapshot,blocked_403,no_snapshot,none_in_metadata
"val_1020_claim_image",host_serves_placeholder+snapshots_are_placeholders,host_serves_placeholder,snapshots_are_placeholders,none_in_metadata
"val_1027_document_image",host_serves_placeholder+no_snapshot,host_serves_placeholder,no_snapshot,none_in_metadata
"val_1032_claim_image",dns_failure+no_snapshot,dns_failure,no_snapshot,none_in_metadata
"val_1046_document_image",blocked_403+no_snapshot,blocked_403,no_snapshot,none_in_metadata
"val_1059_document_image",blocked_403+no_snapshot,blocked_403,no_snapshot,none_in_metadata
"val_1081_document_image",blocked_403+no_snapshot,blocked_403,no_snapshot,none_in_metadata
"val_1084_claim_image",host_serves_placeholder+no_snapshot,host_serves_placeholder,no_snapshot,none_in_metadata
"val_1087_document_image",blocked_403+no_snapshot,blocked_403,no_snapshot,none_in_metadata
"val_1091_document_image",blocked_403+no_snapshot,blocked_403,no_snapshot,none_in_metadata
"val_1095_document_image",blocked_403+no_snapshot,blocked_403,no_snapshot,none_in_metadata
"val_1102_claim_image",blocked_403+no_snapshot,blocked_403,no_snapshot,none_in_metadata
"val_1102_document_image",blocked_403+no_snapshot,blocked_403,no_snapshot,none_in_metadata
"val_1106_document_image",host_serves_placeholder+snapshots_are_placeholders,host_serves_placeholder,snapshots_are_placeholders,none_in_metadata
"val_1111_document_image",blocked_403+no_snapshot,blocked_403,no_snapshot,none_in_metadata
"val_1113_document_image",host_serves_placeholder+snapshots_are_placeholders,host_serves_placeholder,snapshots_are_placeholders,none_in_metadata
"val_113_claim_image",blocked_403+no_snapshot,blocked_403,no_snapshot,none_in_metadata
"val_1141_document_image",host_serves_placeholder+snapshots_are_placeholders,host_serves_placeholder,snapshots_are_placeholders,none_in_metadata
"val_1150_claim_image",gone_404+no_snapshot,gone_404,no_snapshot,none_in_metadata
"val_1184_document_image",blocked_403+no_snapshot,blocked_403,no_snapshot,none_in_metadata
"val_1185_claim_image",unreachable_connection_error+no_snapshot,unreachable_connection_error,no_snapshot,none_in_metadata
"val_1185_document_image",blocked_403+no_snapshot,blocked_403,no_snapshot,none_in_metadata
"val_1195_claim_image",fetched_verdict+no_snapshot,fetched_verdict,no_snapshot,none_in_metadata
"val_1196_document_image",blocked_403+no_snapshot,blocked_403,no_snapshot,none_in_metadata
"val_1214_claim_image",blocked_403+no_snapshot,blocked_403,no_snapshot,none_in_metadata
"val_1226_document_image",host_serves_placeholder+no_snapshot,host_serves_placeholder,no_snapshot,none_in_metadata
"val_1232_claim_image",host_serves_placeholder+no_snapshot,host_serves_placeholder,no_snapshot,none_in_metadata
"val_1233_document_image",blocked_403+no_snapshot,blocked_403,no_snapshot,none_in_metadata
"val_1237_document_image",blocked_403+no_snapshot,blocked_403,no_snapshot,none_in_metadata
"val_1250_document_image",blocked_403+no_snapshot,blocked_403,no_snapshot,none_in_metadata
"val_1253_document_image",blocked_403+no_snapshot,blocked_403,no_snapshot,none_in_metadata
"val_1256_document_image",blocked_403+no_snapshot,blocked_403,no_snapshot,none_in_metadata
"val_1259_document_image",host_serves_placeholder+no_snapshot,host_serves_placeholder,no_snapshot,none_in_metadata
"val_1269_claim_image",refused_http_406+no_snapshot,refused_http_406,no_snapshot,none_in_metadata
"val_1269_document_image",blocked_403+no_snapshot,blocked_403,no_snapshot,none_in_metadata
"val_1270_claim_image",blocked_403+no_snapshot,blocked_403,no_snapshot,none_in_metadata
"val_1279_document_image",host_serves_placeholder+snapshots_are_placeholders,host_serves_placeholder,snapshots_are_placeholders,none_in_metadata
"val_1285_document_image",blocked_403+no_snapshot,blocked_403,no_snapshot,none_in_metadata
"val_1289_document_image",host_serves_placeholder+no_snapshot,host_serves_placeholder,no_snapshot,none_in_metadata
"val_1304_claim_image",blocked_403+snapshots_are_placeholders,blocked_403,snapshots_are_placeholders,none_in_metadata
"val_1304_document_image",blocked_403+no_snapshot,blocked_403,no_snapshot,none_in_metadata
"val_1306_document_image",host_serves_placeholder+no_snapshot,host_serves_placeholder,no_snapshot,none_in_metadata
"val_1309_document_image",blocked_403+no_snapshot,blocked_403,no_snapshot,none_in_metadata
"val_1318_claim_image",blocked_403+no_snapshot,blocked_403,no_snapshot,none_in_metadata
"val_1318_document_image",blocked_403+no_snapshot,blocked_403,no_snapshot,none_in_metadata
"val_1326_document_image",blocked_403+no_snapshot,blocked_403,no_snapshot,none_in_metadata
"val_1349_claim_image",blocked_403+snapshot_verdict,blocked_403,snapshot_verdict,none_in_metadata
"val_1370_claim_image",blocked_403+no_snapshot,blocked_403,no_snapshot,none_in_metadata
"val_1372_document_image",host_serves_placeholder+no_snapshot,host_serves_placeholder,no_snapshot,none_in_metadata
"val_1379_claim_image",fetched_verdict+no_snapshot,fetched_verdict,no_snapshot,none_in_metadata
"val_1383_claim_image",blocked_403+no_snapshot,blocked_403,no_snapshot,none_in_metadata
"val_1415_claim_image",host_serves_placeholder+no_snapshot,host_serves_placeholder,no_snapshot,none_in_metadata
"val_1432_claim_image",blocked_403+no_snapshot,blocked_403,no_snapshot,none_in_metadata
"val_1432_document_image",blocked_403+no_snapshot,blocked_403,no_snapshot,none_in_metadata
"val_1447_claim_image",host_serves_placeholder+snapshots_are_placeholders,host_serves_placeholder,snapshots_are_placeholders,none_in_metadata
"val_1453_document_image",blocked_403+no_snapshot,blocked_403,no_snapshot,none_in_metadata
"val_1470_claim_image",host_serves_placeholder+snapshots_are_placeholders,host_serves_placeholder,snapshots_are_placeholders,none_in_metadata
"val_1485_document_image",blocked_403+no_snapshot,blocked_403,no_snapshot,none_in_metadata
"val_1493_claim_image",host_serves_placeholder+snapshots_are_placeholders,host_serves_placeholder,snapshots_are_placeholders,none_in_metadata
"val_1506_document_image",blocked_403+no_snapshot,blocked_403,no_snapshot,none_in_metadata
"val_1509_document_image",blocked_403+no_snapshot,blocked_403,no_snapshot,none_in_metadata
"val_1514_document_image",host_serves_placeholder+no_snapshot,host_serves_placeholder,no_snapshot,none_in_metadata
"val_1521_claim_image",host_serves_placeholder+snapshot_furniture,host_serves_placeholder,snapshot_furniture,none_in_metadata
"val_1527_document_image",blocked_403+no_snapshot,blocked_403,no_snapshot,none_in_metadata
"val_1530_claim_image",blocked_403+no_snapshot,blocked_403,no_snapshot,none_in_metadata
"val_1533_document_image",blocked_403+no_snapshot,blocked_403,no_snapshot,none_in_metadata
"val_1546_document_image",blocked_403+no_snapshot,blocked_403,no_snapshot,none_in_metadata
"val_1547_document_image",host_serves_placeholder+no_snapshot,host_serves_placeholder,no_snapshot,none_in_metadata
"val_1555_document_image",blocked_403+no_snapshot,blocked_403,no_snapshot,none_in_metadata
"val_1556_document_image",blocked_403+no_snapshot,blocked_403,no_snapshot,none_in_metadata
"val_1559_document_image",blocked_403+no_snapshot,blocked_403,no_snapshot,none_in_metadata
"val_1561_document_image",blocked_403+no_snapshot,blocked_403,no_snapshot,none_in_metadata
"val_1565_document_image",blocked_403+no_snapshot,blocked_403,no_snapshot,none_in_metadata
"val_1570_claim_image",blocked_403+no_snapshot,blocked_403,no_snapshot,none_in_metadata
"val_1580_document_image",blocked_403+no_snapshot,blocked_403,no_snapshot,none_in_metadata
"val_1584_document_image",blocked_403+no_snapshot,blocked_403,no_snapshot,none_in_metadata
"val_1587_document_image",host_serves_placeholder+snapshots_are_placeholders,host_serves_placeholder,snapshots_are_placeholders,none_in_metadata
"val_1599_document_image",host_serves_placeholder+snapshots_are_placeholders,host_serves_placeholder,snapshots_are_placeholders,none_in_metadata
"val_1625_document_image",blocked_403+no_snapshot,blocked_403,no_snapshot,none_in_metadata
"val_1626_claim_image",fetched_verdict+snapshots_are_placeholders,fetched_verdict,snapshots_are_placeholders,none_in_metadata
"val_1632_document_image",host_serves_placeholder+no_snapshot,host_serves_placeholder,no_snapshot,none_in_metadata
"val_1635_document_image",blocked_403+no_snapshot,blocked_403,no_snapshot,none_in_metadata
"val_1639_document_image",blocked_403+no_snapshot,blocked_403,no_snapshot,none_in_metadata
"val_163_document_image",blocked_403+no_snapshot,blocked_403,no_snapshot,none_in_metadata
"val_1640_document_image",host_serves_placeholder+snapshots_are_placeholders,host_serves_placeholder,snapshots_are_placeholders,none_in_metadata
"val_1649_claim_image",host_serves_placeholder+snapshots_are_placeholders,host_serves_placeholder,snapshots_are_placeholders,none_in_metadata
"val_1650_claim_image",host_serves_placeholder+snapshots_are_placeholders,host_serves_placeholder,snapshots_are_placeholders,none_in_metadata
"val_1663_document_image",blocked_403+no_snapshot,blocked_403,no_snapshot,none_in_metadata
"val_1671_claim_image",host_serves_placeholder+snapshots_are_placeholders,host_serves_placeholder,snapshots_are_placeholders,none_in_metadata
"val_1678_document_image",host_serves_placeholder+no_snapshot,host_serves_placeholder,no_snapshot,none_in_metadata
"val_1683_document_image",blocked_403+no_snapshot,blocked_403,no_snapshot,none_in_metadata
"val_1684_document_image",blocked_403+no_snapshot,blocked_403,no_snapshot,none_in_metadata
"val_1686_document_image",host_serves_placeholder+no_snapshot,host_serves_placeholder,no_snapshot,none_in_metadata
"val_1692_claim_image",gone_404+no_snapshot,gone_404,no_snapshot,none_in_metadata
"val_1692_document_image",blocked_403+no_snapshot,blocked_403,no_snapshot,none_in_metadata
"val_1701_document_image",host_serves_placeholder+snapshots_are_placeholders,host_serves_placeholder,snapshots_are_placeholders,none_in_metadata
"val_1729_document_image",blocked_403+no_snapshot,blocked_403,no_snapshot,none_in_metadata
"val_1732_document_image",blocked_403+no_snapshot,blocked_403,no_snapshot,none_in_metadata
"val_1743_claim_image",host_serves_placeholder+snapshots_are_placeholders,host_serves_placeholder,snapshots_are_placeholders,none_in_metadata
"val_1754_claim_image",host_serves_placeholder+snapshot_furniture,host_serves_placeholder,snapshot_furniture,none_in_metadata
"val_1765_document_image",blocked_403+no_snapshot,blocked_403,no_snapshot,none_in_metadata
"val_1766_document_image",host_serves_placeholder+snapshots_are_placeholders,host_serves_placeholder,snapshots_are_placeholders,none_in_metadata
"val_1771_document_image",blocked_403+no_snapshot,blocked_403,no_snapshot,none_in_metadata
"val_1772_claim_image",host_serves_placeholder+no_snapshot,host_serves_placeholder,no_snapshot,none_in_metadata
"val_1786_claim_image",blocked_403+no_snapshot,blocked_403,no_snapshot,none_in_metadata
"val_1822_claim_image",host_serves_placeholder+snapshots_are_placeholders,host_serves_placeholder,snapshots_are_placeholders,none_in_metadata
"val_1840_claim_image",host_serves_placeholder+snapshot_furniture,host_serves_placeholder,snapshot_furniture,none_in_metadata
"val_1850_document_image",blocked_403+no_snapshot,blocked_403,no_snapshot,none_in_metadata
"val_1852_document_image",blocked_403+no_snapshot,blocked_403,no_snapshot,none_in_metadata
"val_1864_document_image",host_serves_placeholder+no_snapshot,host_serves_placeholder,no_snapshot,none_in_metadata
"val_1880_claim_image",gone_404+no_snapshot,gone_404,no_snapshot,none_in_metadata
"val_1880_document_image",blocked_403+no_snapshot,blocked_403,no_snapshot,none_in_metadata
"val_1885_claim_image",host_serves_placeholder+no_snapshot,host_serves_placeholder,no_snapshot,none_in_metadata
"val_1889_claim_image",host_serves_placeholder+no_snapshot,host_serves_placeholder,no_snapshot,none_in_metadata
"val_188_document_image",blocked_403+no_snapshot,blocked_403,no_snapshot,none_in_metadata
"val_1895_document_image",blocked_403+no_snapshot,blocked_403,no_snapshot,none_in_metadata
"val_1900_claim_image",blocked_403+no_snapshot,blocked_403,no_snapshot,none_in_metadata
"val_1901_document_image",blocked_403+no_snapshot,blocked_403,no_snapshot,none_in_metadata
"val_1911_document_image",blocked_403+no_snapshot,blocked_403,no_snapshot,none_in_metadata
"val_1918_document_image",blocked_403+no_snapshot,blocked_403,no_snapshot,none_in_metadata
"val_1923_document_image",blocked_403+no_snapshot,blocked_403,no_snapshot,none_in_metadata
"val_1927_document_image",blocked_403+no_snapshot,blocked_403,no_snapshot,none_in_metadata
"val_1929_claim_image",host_serves_non_image+no_snapshot,host_serves_non_image,no_snapshot,none_in_metadata
"val_1935_document_image",host_serves_placeholder+no_snapshot,host_serves_placeholder,no_snapshot,none_in_metadata
"val_1942_document_image",blocked_403+no_snapshot,blocked_403,no_snapshot,none_in_metadata
"val_1951_claim_image",host_serves_placeholder+no_snapshot,host_serves_placeholder,no_snapshot,none_in_metadata
"val_1955_document_image",blocked_403+no_snapshot,blocked_403,no_snapshot,none_in_metadata
"val_1956_document_image",host_serves_placeholder+no_snapshot,host_serves_placeholder,no_snapshot,none_in_metadata
"val_1969_document_image",blocked_403+no_snapshot,blocked_403,no_snapshot,none_in_metadata
"val_1975_claim_image",host_serves_placeholder+no_snapshot,host_serves_placeholder,no_snapshot,none_in_metadata
"val_1989_document_image",blocked_403+no_snapshot,blocked_403,no_snapshot,none_in_metadata
"val_1994_document_image",blocked_403+no_snapshot,blocked_403,no_snapshot,none_in_metadata
"val_19_claim_image",host_serves_placeholder+no_snapshot,host_serves_placeholder,no_snapshot,none_in_metadata
"val_2002_document_image",blocked_403+no_snapshot,blocked_403,no_snapshot,none_in_metadata
"val_2010_document_image",blocked_403+no_snapshot,blocked_403,no_snapshot,none_in_metadata
"val_201_document_image",blocked_403+no_snapshot,blocked_403,no_snapshot,none_in_metadata
"val_2023_document_image",blocked_403+no_snapshot,blocked_403,no_snapshot,none_in_metadata
"val_2032_claim_image",blocked_403+no_snapshot,blocked_403,no_snapshot,none_in_metadata
"val_2042_document_image",blocked_403+no_snapshot,blocked_403,no_snapshot,none_in_metadata
"val_2043_document_image",blocked_403+no_snapshot,blocked_403,no_snapshot,none_in_metadata
"val_2051_document_image",blocked_403+no_snapshot,blocked_403,no_snapshot,none_in_metadata
"val_2056_claim_image",host_serves_placeholder+no_snapshot,host_serves_placeholder,no_snapshot,none_in_metadata
"val_2060_document_image",host_serves_placeholder+snapshots_are_placeholders,host_serves_placeholder,snapshots_are_placeholders,none_in_metadata
"val_2061_claim_image",blocked_403+no_snapshot,blocked_403,no_snapshot,none_in_metadata
"val_2068_claim_image",host_serves_placeholder+snapshots_are_placeholders,host_serves_placeholder,snapshots_are_placeholders,none_in_metadata
"val_2071_claim_image",host_serves_placeholder+no_snapshot,host_serves_placeholder,no_snapshot,none_in_metadata
"val_2096_document_image",blocked_403+no_snapshot,blocked_403,no_snapshot,none_in_metadata
"val_20_document_image",blocked_403+no_snapshot,blocked_403,no_snapshot,none_in_metadata
"val_2107_document_image",blocked_403+no_snapshot,blocked_403,no_snapshot,none_in_metadata
"val_2121_claim_image",host_serves_placeholder+snapshots_are_placeholders,host_serves_placeholder,snapshots_are_placeholders,none_in_metadata
"val_2125_document_image",blocked_403+no_snapshot,blocked_403,no_snapshot,none_in_metadata
"val_2154_claim_image",blocked_403+no_snapshot,blocked_403,no_snapshot,none_in_metadata
"val_2154_document_image",blocked_403+no_snapshot,blocked_403,no_snapshot,none_in_metadata
"val_2171_document_image",blocked_403+no_snapshot,blocked_403,no_snapshot,none_in_metadata
"val_2176_claim_image",blocked_403+no_snapshot,blocked_403,no_snapshot,none_in_metadata
"val_2187_document_image",blocked_403+no_snapshot,blocked_403,no_snapshot,none_in_metadata
"val_219_document_image",blocked_403+no_snapshot,blocked_403,no_snapshot,none_in_metadata
"val_2205_claim_image",blocked_403+no_snapshot,blocked_403,no_snapshot,none_in_metadata
"val_2206_document_image",host_serves_placeholder+no_snapshot,host_serves_placeholder,no_snapshot,none_in_metadata
"val_2225_document_image",host_serves_placeholder+no_snapshot,host_serves_placeholder,no_snapshot,none_in_metadata
"val_2237_document_image",host_serves_placeholder+snapshots_are_placeholders,host_serves_placeholder,snapshots_are_placeholders,none_in_metadata
"val_223_claim_image",host_serves_placeholder+snapshot_furniture,host_serves_placeholder,snapshot_furniture,none_in_metadata
"val_2240_document_image",blocked_403+no_snapshot,blocked_403,no_snapshot,none_in_metadata
"val_2266_claim_image",host_serves_placeholder+snapshot_furniture,host_serves_placeholder,snapshot_furniture,none_in_metadata
"val_2268_document_image",host_serves_placeholder+snapshots_are_placeholders,host_serves_placeholder,snapshots_are_placeholders,none_in_metadata
"val_2270_document_image",blocked_403+no_snapshot,blocked_403,no_snapshot,none_in_metadata
"val_227_document_image",host_serves_placeholder+no_snapshot,host_serves_placeholder,no_snapshot,none_in_metadata
"val_2294_document_image",blocked_403+no_snapshot,blocked_403,no_snapshot,none_in_metadata
"val_2295_claim_image",blocked_403+no_snapshot,blocked_403,no_snapshot,none_in_metadata
"val_2295_document_image",blocked_403+no_snapshot,blocked_403,no_snapshot,none_in_metadata
"val_2301_document_image",blocked_403+no_snapshot,blocked_403,no_snapshot,none_in_metadata
"val_2303_document_image",blocked_403+no_snapshot,blocked_403,no_snapshot,none_in_metadata
"val_2313_claim_image",host_serves_placeholder+no_snapshot,host_serves_placeholder,no_snapshot,none_in_metadata
"val_2317_document_image",host_serves_placeholder+snapshots_are_placeholders,host_serves_placeholder,snapshots_are_placeholders,none_in_metadata
"val_2346_document_image",blocked_403+no_snapshot,blocked_403,no_snapshot,none_in_metadata
"val_2348_document_image",blocked_403+no_snapshot,blocked_403,no_snapshot,none_in_metadata
"val_2353_document_image",blocked_403+no_snapshot,blocked_403,no_snapshot,none_in_metadata
"val_2356_document_image",host_serves_placeholder+snapshots_are_placeholders,host_serves_placeholder,snapshots_are_placeholders,none_in_metadata
"val_2357_document_image",blocked_403+no_snapshot,blocked_403,no_snapshot,none_in_metadata
"val_2358_claim_image",host_serves_placeholder+snapshot_furniture,host_serves_placeholder,snapshot_furniture,none_in_metadata
"val_2368_document_image",blocked_403+no_snapshot,blocked_403,no_snapshot,none_in_metadata
"val_2371_document_image",blocked_403+no_snapshot,blocked_403,no_snapshot,none_in_metadata
"val_2386_claim_image",host_serves_placeholder+no_snapshot,host_serves_placeholder,no_snapshot,none_in_metadata
"val_2390_claim_image",unreachable_ssl_error+no_snapshot,unreachable_ssl_error,no_snapshot,none_in_metadata
"val_2390_document_image",blocked_403+no_snapshot,blocked_403,no_snapshot,none_in_metadata
"val_2396_claim_image",host_serves_placeholder+snapshot_furniture,host_serves_placeholder,snapshot_furniture,none_in_metadata
"val_2422_document_image",blocked_403+no_snapshot,blocked_403,no_snapshot,none_in_metadata
"val_2426_document_image",blocked_403+no_snapshot,blocked_403,no_snapshot,none_in_metadata
"val_2427_claim_image",host_serves_placeholder+snapshot_furniture,host_serves_placeholder,snapshot_furniture,none_in_metadata
"val_2438_claim_image",host_serves_placeholder+no_snapshot,host_serves_placeholder,no_snapshot,none_in_metadata
"val_2453_claim_image",blocked_403+no_snapshot,blocked_403,no_snapshot,none_in_metadata
"val_2453_document_image",blocked_403+no_snapshot,blocked_403,no_snapshot,none_in_metadata
"val_2467_claim_image",gone_404+no_snapshot,gone_404,no_snapshot,none_in_metadata
"val_2470_document_image",blocked_403+no_snapshot,blocked_403,no_snapshot,none_in_metadata
"val_2483_document_image",blocked_403+no_snapshot,blocked_403,no_snapshot,none_in_metadata
"val_2492_claim_image",host_serves_placeholder+snapshots_are_placeholders,host_serves_placeholder,snapshots_are_placeholders,none_in_metadata
"val_2498_document_image",host_serves_placeholder+snapshots_are_placeholders,host_serves_placeholder,snapshots_are_placeholders,none_in_metadata
"val_2510_document_image",blocked_403+no_snapshot,blocked_403,no_snapshot,none_in_metadata
"val_2516_document_image",blocked_403+no_snapshot,blocked_403,no_snapshot,none_in_metadata
"val_2538_document_image",blocked_403+no_snapshot,blocked_403,no_snapshot,none_in_metadata
"val_2542_claim_image",blocked_403+no_snapshot,blocked_403,no_snapshot,none_in_metadata
"val_2544_document_image",blocked_403+no_snapshot,blocked_403,no_snapshot,none_in_metadata
"val_2553_claim_image",blocked_403+no_snapshot,blocked_403,no_snapshot,none_in_metadata
"val_2560_claim_image",host_serves_placeholder+snapshots_are_placeholders,host_serves_placeholder,snapshots_are_placeholders,none_in_metadata
"val_2565_document_image",blocked_403+no_snapshot,blocked_403,no_snapshot,none_in_metadata
"val_2566_document_image",blocked_403+no_snapshot,blocked_403,no_snapshot,none_in_metadata
"val_2585_document_image",blocked_403+no_snapshot,blocked_403,no_snapshot,none_in_metadata
"val_2633_claim_image",gone_404+no_snapshot,gone_404,no_snapshot,none_in_metadata
"val_2637_document_image",blocked_403+no_snapshot,blocked_403,no_snapshot,none_in_metadata
"val_2651_claim_image",blocked_403+no_snapshot,blocked_403,no_snapshot,none_in_metadata
"val_2651_document_image",blocked_403+no_snapshot,blocked_403,no_snapshot,none_in_metadata
"val_2654_claim_image",blocked_403+no_snapshot,blocked_403,no_snapshot,none_in_metadata
"val_266_document_image",host_serves_placeholder+no_snapshot,host_serves_placeholder,no_snapshot,none_in_metadata
"val_2685_claim_image",host_serves_placeholder+no_snapshot,host_serves_placeholder,no_snapshot,none_in_metadata
"val_268_claim_image",host_serves_placeholder+no_snapshot,host_serves_placeholder,no_snapshot,none_in_metadata
"val_2695_claim_image",blocked_403+no_snapshot,blocked_403,no_snapshot,none_in_metadata
"val_2695_document_image",blocked_403+no_snapshot,blocked_403,no_snapshot,none_in_metadata
"val_2696_document_image",blocked_403+no_snapshot,blocked_403,no_snapshot,none_in_metadata
"val_2710_document_image",blocked_403+no_snapshot,blocked_403,no_snapshot,none_in_metadata
"val_2717_document_image",blocked_403+no_snapshot,blocked_403,no_snapshot,none_in_metadata
"val_2728_claim_image",gone_404+no_snapshot,gone_404,no_snapshot,none_in_metadata
"val_2732_document_image",host_serves_placeholder+snapshots_are_placeholders,host_serves_placeholder,snapshots_are_placeholders,none_in_metadata
"val_2736_claim_image",gone_404+snapshot_verdict,gone_404,snapshot_verdict,none_in_metadata
"val_2742_document_image",blocked_403+no_snapshot,blocked_403,no_snapshot,none_in_metadata
"val_2750_document_image",host_serves_placeholder+snapshots_are_placeholders,host_serves_placeholder,snapshots_are_placeholders,none_in_metadata
"val_2771_claim_image",blocked_403+no_snapshot,blocked_403,no_snapshot,none_in_metadata
"val_2771_document_image",blocked_403+no_snapshot,blocked_403,no_snapshot,none_in_metadata
"val_2780_document_image",host_serves_placeholder+no_snapshot,host_serves_placeholder,no_snapshot,none_in_metadata
"val_2788_claim_image",host_serves_placeholder+snapshots_are_placeholders,host_serves_placeholder,snapshots_are_placeholders,none_in_metadata
"val_2794_claim_image",blocked_403+no_snapshot,blocked_403,no_snapshot,none_in_metadata
"val_279_claim_image",gone_404+no_snapshot,gone_404,no_snapshot,none_in_metadata
"val_2806_document_image",blocked_403+no_snapshot,blocked_403,no_snapshot,none_in_metadata
"val_2814_claim_image",blocked_403+no_snapshot,blocked_403,no_snapshot,none_in_metadata
"val_2833_document_image",blocked_403+no_snapshot,blocked_403,no_snapshot,none_in_metadata
"val_2838_document_image",blocked_403+no_snapshot,blocked_403,no_snapshot,none_in_metadata
"val_2845_claim_image",host_serves_placeholder+snapshots_are_placeholders,host_serves_placeholder,snapshots_are_placeholders,none_in_metadata
"val_2849_document_image",blocked_403+no_snapshot,blocked_403,no_snapshot,none_in_metadata
"val_2867_document_image",blocked_403+no_snapshot,blocked_403,no_snapshot,none_in_metadata
"val_2872_document_image",blocked_403+no_snapshot,blocked_403,no_snapshot,none_in_metadata
"val_2874_claim_image",refused_http_406+no_snapshot,refused_http_406,no_snapshot,none_in_metadata
"val_287_document_image",host_serves_placeholder+snapshots_are_placeholders,host_serves_placeholder,snapshots_are_placeholders,none_in_metadata
"val_2893_document_image",blocked_403+no_snapshot,blocked_403,no_snapshot,none_in_metadata
"val_2898_document_image",blocked_403+no_snapshot,blocked_403,no_snapshot,none_in_metadata
"val_28_claim_image",gone_404+snapshot_verdict,gone_404,snapshot_verdict,none_in_metadata
"val_28_document_image",blocked_403+no_snapshot,blocked_403,no_snapshot,none_in_metadata
"val_2917_claim_image",blocked_403+no_snapshot,blocked_403,no_snapshot,none_in_metadata
"val_2929_document_image",host_serves_placeholder+snapshots_are_placeholders,host_serves_placeholder,snapshots_are_placeholders,none_in_metadata
"val_2933_claim_image",blocked_403+no_snapshot,blocked_403,no_snapshot,none_in_metadata
"val_2933_document_image",blocked_403+no_snapshot,blocked_403,no_snapshot,none_in_metadata
"val_2939_claim_image",host_serves_placeholder+snapshots_are_placeholders,host_serves_placeholder,snapshots_are_placeholders,none_in_metadata
"val_2940_claim_image",host_serves_placeholder+no_snapshot,host_serves_placeholder,no_snapshot,none_in_metadata
"val_2951_document_image",blocked_403+no_snapshot,blocked_403,no_snapshot,none_in_metadata
"val_2957_document_image",blocked_403+no_snapshot,blocked_403,no_snapshot,none_in_metadata
"val_2960_document_image",blocked_403+no_snapshot,blocked_403,no_snapshot,none_in_metadata
"val_2961_claim_image",host_serves_placeholder+snapshots_are_placeholders,host_serves_placeholder,snapshots_are_placeholders,none_in_metadata
"val_2969_claim_image",host_serves_placeholder+no_snapshot,host_serves_placeholder,no_snapshot,none_in_metadata
"val_2975_document_image",host_serves_placeholder+no_snapshot,host_serves_placeholder,no_snapshot,none_in_metadata
"val_298_document_image",host_serves_placeholder+no_snapshot,host_serves_placeholder,no_snapshot,none_in_metadata
"val_2995_document_image",blocked_403+no_snapshot,blocked_403,no_snapshot,none_in_metadata
"val_300_document_image",blocked_403+no_snapshot,blocked_403,no_snapshot,none_in_metadata
"val_3021_document_image",host_serves_placeholder+no_snapshot,host_serves_placeholder,no_snapshot,none_in_metadata
"val_3022_document_image",blocked_403+no_snapshot,blocked_403,no_snapshot,none_in_metadata
"val_3046_claim_image",gone_404+no_snapshot,gone_404,no_snapshot,none_in_metadata
"val_3050_claim_image",host_serves_placeholder+no_snapshot,host_serves_placeholder,no_snapshot,none_in_metadata
"val_3072_document_image",blocked_403+no_snapshot,blocked_403,no_snapshot,none_in_metadata
"val_3083_claim_image",blocked_403+no_snapshot,blocked_403,no_snapshot,none_in_metadata
"val_3097_document_image",host_serves_placeholder+snapshot_furniture,host_serves_placeholder,snapshot_furniture,none_in_metadata
"val_3114_claim_image",host_serves_placeholder+snapshots_are_placeholders,host_serves_placeholder,snapshots_are_placeholders,none_in_metadata
"val_3117_claim_image",host_serves_placeholder+no_snapshot,host_serves_placeholder,no_snapshot,none_in_metadata
"val_3118_document_image",host_serves_placeholder+snapshots_are_placeholders,host_serves_placeholder,snapshots_are_placeholders,none_in_metadata
"val_3121_document_image",blocked_403+no_snapshot,blocked_403,no_snapshot,none_in_metadata
"val_3138_claim_image",host_serves_placeholder+snapshots_are_placeholders,host_serves_placeholder,snapshots_are_placeholders,none_in_metadata
"val_3141_document_image",host_serves_placeholder+snapshots_are_placeholders,host_serves_placeholder,snapshots_are_placeholders,none_in_metadata
"val_3145_document_image",blocked_403+no_snapshot,blocked_403,no_snapshot,none_in_metadata
"val_3146_claim_image",host_serves_placeholder+no_snapshot,host_serves_placeholder,no_snapshot,none_in_metadata
"val_3156_document_image",host_serves_placeholder+snapshot_furniture,host_serves_placeholder,snapshot_furniture,none_in_metadata
"val_3158_claim_image",unreachable_ssl_error+no_snapshot,unreachable_ssl_error,no_snapshot,none_in_metadata
"val_3158_document_image",blocked_403+no_snapshot,blocked_403,no_snapshot,none_in_metadata
"val_3161_claim_image",host_serves_placeholder+snapshots_are_placeholders,host_serves_placeholder,snapshots_are_placeholders,none_in_metadata
"val_3168_claim_image",host_serves_placeholder+snapshots_are_placeholders,host_serves_placeholder,snapshots_are_placeholders,none_in_metadata
"val_316_claim_image",host_serves_placeholder+no_snapshot,host_serves_placeholder,no_snapshot,none_in_metadata
"val_3170_claim_image",host_serves_placeholder+snapshots_are_placeholders,host_serves_placeholder,snapshots_are_placeholders,none_in_metadata
"val_3172_document_image",blocked_403+no_snapshot,blocked_403,no_snapshot,none_in_metadata
"val_319_claim_image",blocked_403+no_snapshot,blocked_403,no_snapshot,none_in_metadata
"val_3207_claim_image",blocked_403+no_snapshot,blocked_403,no_snapshot,none_in_metadata
"val_320_document_image",blocked_403+no_snapshot,blocked_403,no_snapshot,none_in_metadata
"val_3234_document_image",host_serves_placeholder+no_snapshot,host_serves_placeholder,no_snapshot,none_in_metadata
"val_3244_document_image",blocked_403+no_snapshot,blocked_403,no_snapshot,none_in_metadata
"val_3245_claim_image",host_serves_placeholder+snapshots_are_placeholders,host_serves_placeholder,snapshots_are_placeholders,none_in_metadata
"val_324_claim_image",blocked_403+no_snapshot,blocked_403,no_snapshot,none_in_metadata
"val_3258_document_image",blocked_403+no_snapshot,blocked_403,no_snapshot,none_in_metadata
"val_3282_claim_image",host_serves_placeholder+snapshot_furniture,host_serves_placeholder,snapshot_furniture,none_in_metadata
"val_3293_document_image",blocked_403+no_snapshot,blocked_403,no_snapshot,none_in_metadata
"val_3323_claim_image",blocked_403+no_snapshot,blocked_403,no_snapshot,none_in_metadata
"val_3333_document_image",blocked_403+no_snapshot,blocked_403,no_snapshot,none_in_metadata
"val_3335_document_image",blocked_403+no_snapshot,blocked_403,no_snapshot,none_in_metadata
"val_3340_document_image",blocked_403+no_snapshot,blocked_403,no_snapshot,none_in_metadata
"val_3347_document_image",blocked_403+no_snapshot,blocked_403,no_snapshot,none_in_metadata
"val_3349_claim_image",host_serves_placeholder+no_snapshot,host_serves_placeholder,no_snapshot,none_in_metadata
"val_3365_document_image",blocked_403+no_snapshot,blocked_403,no_snapshot,none_in_metadata
"val_3369_document_image",blocked_403+no_snapshot,blocked_403,no_snapshot,none_in_metadata
"val_3387_claim_image",blocked_403+no_snapshot,blocked_403,no_snapshot,none_in_metadata
"val_3422_claim_image",host_serves_placeholder+snapshots_are_placeholders,host_serves_placeholder,snapshots_are_placeholders,none_in_metadata
"val_3427_document_image",blocked_403+no_snapshot,blocked_403,no_snapshot,none_in_metadata
"val_3430_document_image",host_serves_placeholder+snapshots_are_placeholders,host_serves_placeholder,snapshots_are_placeholders,none_in_metadata
"val_3431_document_image",host_serves_placeholder+no_snapshot,host_serves_placeholder,no_snapshot,none_in_metadata
"val_3439_document_image",host_serves_placeholder+no_snapshot,host_serves_placeholder,no_snapshot,none_in_metadata
"val_343_claim_image",host_serves_placeholder+no_snapshot,host_serves_placeholder,no_snapshot,none_in_metadata
"val_3449_claim_image",host_serves_placeholder+snapshots_are_placeholders,host_serves_placeholder,snapshots_are_placeholders,none_in_metadata
"val_3457_claim_image",host_serves_placeholder+snapshots_are_placeholders,host_serves_placeholder,snapshots_are_placeholders,none_in_metadata
"val_346_claim_image",host_serves_placeholder+snapshots_are_placeholders,host_serves_placeholder,snapshots_are_placeholders,none_in_metadata
"val_3473_claim_image",blocked_403+no_snapshot,blocked_403,no_snapshot,none_in_metadata
"val_3475_document_image",host_serves_placeholder+snapshots_are_placeholders,host_serves_placeholder,snapshots_are_placeholders,none_in_metadata
"val_3480_document_image",blocked_403+no_snapshot,blocked_403,no_snapshot,none_in_metadata
"val_3484_document_image",blocked_403+no_snapshot,blocked_403,no_snapshot,none_in_metadata
"val_3498_claim_image",host_serves_placeholder+snapshots_are_placeholders,host_serves_placeholder,snapshots_are_placeholders,none_in_metadata
"val_3502_document_image",blocked_403+no_snapshot,blocked_403,no_snapshot,none_in_metadata
"val_3505_claim_image",host_serves_placeholder+snapshots_are_placeholders,host_serves_placeholder,snapshots_are_placeholders,none_in_metadata
"val_350_claim_image",host_serves_placeholder+no_snapshot,host_serves_placeholder,no_snapshot,none_in_metadata
"val_3513_document_image",blocked_403+no_snapshot,blocked_403,no_snapshot,none_in_metadata
"val_3518_claim_image",blocked_403+no_snapshot,blocked_403,no_snapshot,none_in_metadata
"val_3523_claim_image",host_serves_placeholder+snapshots_are_placeholders,host_serves_placeholder,snapshots_are_placeholders,none_in_metadata
"val_3527_document_image",host_serves_placeholder+no_snapshot,host_serves_placeholder,no_snapshot,none_in_metadata
"val_3529_document_image",blocked_403+no_snapshot,blocked_403,no_snapshot,none_in_metadata
"val_3563_claim_image",host_serves_placeholder+no_snapshot,host_serves_placeholder,no_snapshot,none_in_metadata
"val_3565_document_image",blocked_403+no_snapshot,blocked_403,no_snapshot,none_in_metadata
"val_3572_document_image",blocked_403+no_snapshot,blocked_403,no_snapshot,none_in_metadata
"val_3584_document_image",blocked_403+no_snapshot,blocked_403,no_snapshot,none_in_metadata
"val_3597_document_image",blocked_403+no_snapshot,blocked_403,no_snapshot,none_in_metadata
"val_362_claim_image",blocked_403+no_snapshot,blocked_403,no_snapshot,none_in_metadata
"val_363_claim_image",host_serves_placeholder+snapshots_are_placeholders,host_serves_placeholder,snapshots_are_placeholders,none_in_metadata
"val_3643_document_image",blocked_403+no_snapshot,blocked_403,no_snapshot,none_in_metadata
"val_3653_document_image",blocked_403+no_snapshot,blocked_403,no_snapshot,none_in_metadata
"val_3654_claim_image",host_serves_placeholder+snapshot_furniture,host_serves_placeholder,snapshot_furniture,none_in_metadata
"val_3681_document_image",blocked_403+no_snapshot,blocked_403,no_snapshot,none_in_metadata
"val_3700_document_image",blocked_403+no_snapshot,blocked_403,no_snapshot,none_in_metadata
"val_3704_claim_image",blocked_403+no_snapshot,blocked_403,no_snapshot,none_in_metadata
"val_3713_claim_image",host_serves_placeholder+no_snapshot,host_serves_placeholder,no_snapshot,none_in_metadata
"val_3714_claim_image",blocked_403+no_snapshot,blocked_403,no_snapshot,none_in_metadata
"val_3721_claim_image",blocked_403+no_snapshot,blocked_403,no_snapshot,none_in_metadata
"val_3722_claim_image",gone_404+no_snapshot,gone_404,no_snapshot,none_in_metadata
"val_3723_document_image",blocked_403+no_snapshot,blocked_403,no_snapshot,none_in_metadata
"val_3730_document_image",host_serves_placeholder+snapshots_are_placeholders,host_serves_placeholder,snapshots_are_placeholders,none_in_metadata
"val_3733_claim_image",blocked_403+no_snapshot,blocked_403,no_snapshot,none_in_metadata
"val_3735_document_image",blocked_403+no_snapshot,blocked_403,no_snapshot,none_in_metadata
"val_3741_document_image",host_serves_placeholder+no_snapshot,host_serves_placeholder,no_snapshot,none_in_metadata
"val_3748_claim_image",host_serves_placeholder+snapshots_are_placeholders,host_serves_placeholder,snapshots_are_placeholders,none_in_metadata
"val_3754_claim_image",gone_404+no_snapshot,gone_404,no_snapshot,none_in_metadata
"val_3755_document_image",host_serves_placeholder+snapshots_are_placeholders,host_serves_placeholder,snapshots_are_placeholders,none_in_metadata
"val_3765_claim_image",host_serves_placeholder+snapshots_are_placeholders,host_serves_placeholder,snapshots_are_placeholders,none_in_metadata
"val_3767_document_image",blocked_403+no_snapshot,blocked_403,no_snapshot,none_in_metadata
"val_3785_document_image",blocked_403+no_snapshot,blocked_403,no_snapshot,none_in_metadata
"val_3789_claim_image",host_serves_placeholder+no_snapshot,host_serves_placeholder,no_snapshot,none_in_metadata
"val_3791_document_image",blocked_403+no_snapshot,blocked_403,no_snapshot,none_in_metadata
"val_3807_document_image",blocked_403+no_snapshot,blocked_403,no_snapshot,none_in_metadata
"val_3833_claim_image",blocked_403+no_snapshot,blocked_403,no_snapshot,none_in_metadata
"val_3839_document_image",blocked_403+no_snapshot,blocked_403,no_snapshot,none_in_metadata
"val_3855_claim_image",blocked_403+snapshot_verdict,blocked_403,snapshot_verdict,none_in_metadata
"val_3855_document_image",blocked_403+no_snapshot,blocked_403,no_snapshot,none_in_metadata
"val_3859_document_image",blocked_403+no_snapshot,blocked_403,no_snapshot,none_in_metadata
"val_3881_document_image",blocked_403+no_snapshot,blocked_403,no_snapshot,none_in_metadata
"val_3887_document_image",blocked_403+no_snapshot,blocked_403,no_snapshot,none_in_metadata
"val_3901_claim_image",host_serves_placeholder+snapshots_are_placeholders,host_serves_placeholder,snapshots_are_placeholders,none_in_metadata
"val_3911_claim_image",dns_failure+no_snapshot,dns_failure,no_snapshot,none_in_metadata
"val_391_claim_image",blocked_403+no_snapshot,blocked_403,no_snapshot,none_in_metadata
"val_3922_claim_image",host_serves_placeholder+snapshots_are_placeholders,host_serves_placeholder,snapshots_are_placeholders,none_in_metadata
"val_3923_claim_image",host_serves_placeholder+snapshots_are_placeholders,host_serves_placeholder,snapshots_are_placeholders,none_in_metadata
"val_3923_document_image",blocked_403+no_snapshot,blocked_403,no_snapshot,none_in_metadata
"val_3927_claim_image",blocked_403+no_snapshot,blocked_403,no_snapshot,none_in_metadata
"val_3930_claim_image",blocked_403+no_snapshot,blocked_403,no_snapshot,none_in_metadata
"val_3936_claim_image",server_error_5xx+no_snapshot,server_error_5xx,no_snapshot,none_in_metadata
"val_3936_document_image",blocked_403+no_snapshot,blocked_403,no_snapshot,none_in_metadata
"val_3956_document_image",blocked_403+no_snapshot,blocked_403,no_snapshot,none_in_metadata
"val_3964_claim_image",host_serves_placeholder+no_snapshot,host_serves_placeholder,no_snapshot,none_in_metadata
"val_3966_claim_image",host_serves_placeholder+snapshots_are_placeholders,host_serves_placeholder,snapshots_are_placeholders,none_in_metadata
"val_3973_claim_image",blocked_403+no_snapshot,blocked_403,no_snapshot,none_in_metadata
"val_3985_claim_image",host_serves_placeholder+snapshots_are_placeholders,host_serves_placeholder,snapshots_are_placeholders,none_in_metadata
"val_3987_claim_image",blocked_403+no_snapshot,blocked_403,no_snapshot,none_in_metadata
"val_3988_claim_image",host_serves_placeholder+no_snapshot,host_serves_placeholder,no_snapshot,none_in_metadata
"val_3993_document_image",host_serves_placeholder+snapshots_are_placeholders,host_serves_placeholder,snapshots_are_placeholders,none_in_metadata
"val_3994_document_image",blocked_403+no_snapshot,blocked_403,no_snapshot,none_in_metadata
"val_4010_document_image",blocked_403+no_snapshot,blocked_403,no_snapshot,none_in_metadata
"val_4014_document_image",blocked_403+no_snapshot,blocked_403,no_snapshot,none_in_metadata
"val_4020_claim_image",blocked_403+no_snapshot,blocked_403,no_snapshot,none_in_metadata
"val_4020_document_image",blocked_403+no_snapshot,blocked_403,no_snapshot,none_in_metadata
"val_4027_document_image",host_serves_placeholder+no_snapshot,host_serves_placeholder,no_snapshot,none_in_metadata
"val_4054_claim_image",host_serves_placeholder+snapshots_are_placeholders,host_serves_placeholder,snapshots_are_placeholders,none_in_metadata
"val_4055_claim_image",blocked_403+no_snapshot,blocked_403,no_snapshot,none_in_metadata
"val_4059_claim_image",host_serves_placeholder+no_snapshot,host_serves_placeholder,no_snapshot,none_in_metadata
"val_4070_claim_image",gone_404+no_snapshot,gone_404,no_snapshot,none_in_metadata
"val_4081_document_image",blocked_403+no_snapshot,blocked_403,no_snapshot,none_in_metadata
"val_4088_document_image",host_serves_placeholder+snapshot_furniture,host_serves_placeholder,snapshot_furniture,none_in_metadata
"val_4093_claim_image",blocked_403+no_snapshot,blocked_403,no_snapshot,none_in_metadata
"val_4093_document_image",blocked_403+no_snapshot,blocked_403,no_snapshot,none_in_metadata
"val_4094_claim_image",blocked_403+no_snapshot,blocked_403,no_snapshot,none_in_metadata
"val_4103_claim_image",host_serves_placeholder+snapshots_are_placeholders,host_serves_placeholder,snapshots_are_placeholders,none_in_metadata
"val_4108_claim_image",blocked_403+snapshot_verdict,blocked_403,snapshot_verdict,none_in_metadata
"val_410_claim_image",host_serves_placeholder+snapshots_are_placeholders,host_serves_placeholder,snapshots_are_placeholders,none_in_metadata
"val_4112_claim_image",host_serves_placeholder+snapshots_are_placeholders,host_serves_placeholder,snapshots_are_placeholders,none_in_metadata
"val_4114_document_image",blocked_403+no_snapshot,blocked_403,no_snapshot,none_in_metadata
"val_4117_document_image",blocked_403+no_snapshot,blocked_403,no_snapshot,none_in_metadata
"val_4121_document_image",blocked_403+no_snapshot,blocked_403,no_snapshot,none_in_metadata
"val_4126_document_image",host_serves_placeholder+no_snapshot,host_serves_placeholder,no_snapshot,none_in_metadata
"val_4130_claim_image",blocked_403+no_snapshot,blocked_403,no_snapshot,none_in_metadata
"val_4146_claim_image",blocked_403+no_snapshot,blocked_403,no_snapshot,none_in_metadata
"val_4150_document_image",blocked_403+no_snapshot,blocked_403,no_snapshot,none_in_metadata
"val_4162_document_image",blocked_403+no_snapshot,blocked_403,no_snapshot,none_in_metadata
"val_4166_document_image",host_serves_placeholder+no_snapshot,host_serves_placeholder,no_snapshot,none_in_metadata
"val_4173_claim_image",host_serves_placeholder+no_snapshot,host_serves_placeholder,no_snapshot,none_in_metadata
"val_4191_claim_image",blocked_403+no_snapshot,blocked_403,no_snapshot,none_in_metadata
"val_4191_document_image",blocked_403+no_snapshot,blocked_403,no_snapshot,none_in_metadata
"val_4199_document_image",host_serves_placeholder+snapshots_are_placeholders,host_serves_placeholder,snapshots_are_placeholders,none_in_metadata
"val_4220_document_image",blocked_403+no_snapshot,blocked_403,no_snapshot,none_in_metadata
"val_4223_document_image",blocked_403+no_snapshot,blocked_403,no_snapshot,none_in_metadata
"val_4240_document_image",host_serves_placeholder+snapshots_are_placeholders,host_serves_placeholder,snapshots_are_placeholders,none_in_metadata
"val_4242_document_image",blocked_403+no_snapshot,blocked_403,no_snapshot,none_in_metadata
"val_4244_document_image",blocked_403+no_snapshot,blocked_403,no_snapshot,none_in_metadata
"val_4255_document_image",blocked_403+no_snapshot,blocked_403,no_snapshot,none_in_metadata
"val_4258_claim_image",refused_http_400+no_snapshot,refused_http_400,no_snapshot,none_in_metadata
"val_425_document_image",host_serves_placeholder+snapshots_are_placeholders,host_serves_placeholder,snapshots_are_placeholders,none_in_metadata
"val_4297_claim_image",host_serves_placeholder+no_snapshot,host_serves_placeholder,no_snapshot,none_in_metadata
"val_4303_claim_image",blocked_403+no_snapshot,blocked_403,no_snapshot,none_in_metadata
"val_430_claim_image",host_serves_placeholder+snapshots_are_placeholders,host_serves_placeholder,snapshots_are_placeholders,none_in_metadata
"val_4312_document_image",blocked_403+no_snapshot,blocked_403,no_snapshot,none_in_metadata
"val_4320_claim_image",blocked_403+no_snapshot,blocked_403,no_snapshot,none_in_metadata
"val_4336_document_image",blocked_403+no_snapshot,blocked_403,no_snapshot,none_in_metadata
"val_4341_document_image",blocked_403+no_snapshot,blocked_403,no_snapshot,none_in_metadata
"val_4352_claim_image",blocked_403+no_snapshot,blocked_403,no_snapshot,none_in_metadata
"val_4356_document_image",host_serves_placeholder+snapshots_are_placeholders,host_serves_placeholder,snapshots_are_placeholders,none_in_metadata
"val_4360_document_image",host_serves_placeholder+no_snapshot,host_serves_placeholder,no_snapshot,none_in_metadata
"val_4365_document_image",blocked_403+no_snapshot,blocked_403,no_snapshot,none_in_metadata
"val_4382_claim_image",host_serves_placeholder+snapshots_are_placeholders,host_serves_placeholder,snapshots_are_placeholders,none_in_metadata
"val_4383_document_image",blocked_403+no_snapshot,blocked_403,no_snapshot,none_in_metadata
"val_4386_claim_image",blocked_403+no_snapshot,blocked_403,no_snapshot,none_in_metadata
"val_4412_document_image",blocked_403+no_snapshot,blocked_403,no_snapshot,none_in_metadata
"val_4422_document_image",blocked_403+no_snapshot,blocked_403,no_snapshot,none_in_metadata
"val_442_document_image",host_serves_placeholder+snapshot_furniture,host_serves_placeholder,snapshot_furniture,none_in_metadata
"val_4431_document_image",blocked_403+no_snapshot,blocked_403,no_snapshot,none_in_metadata
"val_4440_claim_image",host_serves_placeholder+snapshots_are_placeholders,host_serves_placeholder,snapshots_are_placeholders,none_in_metadata
"val_4441_document_image",blocked_403+no_snapshot,blocked_403,no_snapshot,none_in_metadata
"val_4454_claim_image",blocked_403+no_snapshot,blocked_403,no_snapshot,none_in_metadata
"val_4454_document_image",blocked_403+no_snapshot,blocked_403,no_snapshot,none_in_metadata
"val_4458_claim_image",refused_http_406+no_snapshot,refused_http_406,no_snapshot,none_in_metadata
"val_445_claim_image",blocked_403+no_snapshot,blocked_403,no_snapshot,none_in_metadata
"val_445_document_image",blocked_403+no_snapshot,blocked_403,no_snapshot,none_in_metadata
"val_4460_document_image",blocked_403+no_snapshot,blocked_403,no_snapshot,none_in_metadata
"val_4462_document_image",blocked_403+no_snapshot,blocked_403,no_snapshot,none_in_metadata
"val_446_document_image",blocked_403+no_snapshot,blocked_403,no_snapshot,none_in_metadata
"val_4496_document_image",blocked_403+no_snapshot,blocked_403,no_snapshot,none_in_metadata
"val_4498_document_image",blocked_403+no_snapshot,blocked_403,no_snapshot,none_in_metadata
"val_4499_document_image",blocked_403+no_snapshot,blocked_403,no_snapshot,none_in_metadata
"val_449_document_image",host_serves_placeholder+snapshots_are_placeholders,host_serves_placeholder,snapshots_are_placeholders,none_in_metadata
"val_4500_document_image",host_serves_placeholder+snapshot_furniture,host_serves_placeholder,snapshot_furniture,none_in_metadata
"val_4503_claim_image",blocked_403+no_snapshot,blocked_403,no_snapshot,none_in_metadata
"val_450_claim_image",host_serves_placeholder+snapshots_are_placeholders,host_serves_placeholder,snapshots_are_placeholders,none_in_metadata
"val_4531_document_image",blocked_403+no_snapshot,blocked_403,no_snapshot,none_in_metadata
"val_4532_document_image",host_serves_placeholder+snapshots_are_placeholders,host_serves_placeholder,snapshots_are_placeholders,none_in_metadata
"val_4535_claim_image",host_serves_placeholder+snapshots_are_placeholders,host_serves_placeholder,snapshots_are_placeholders,none_in_metadata
"val_4542_document_image",blocked_403+no_snapshot,blocked_403,no_snapshot,none_in_metadata
"val_4544_document_image",blocked_403+no_snapshot,blocked_403,no_snapshot,none_in_metadata
"val_4551_document_image",blocked_403+no_snapshot,blocked_403,no_snapshot,none_in_metadata
"val_4553_document_image",blocked_403+snapshot_verdict,blocked_403,snapshot_verdict,none_in_metadata
"val_4554_document_image",host_serves_placeholder+snapshots_are_placeholders,host_serves_placeholder,snapshots_are_placeholders,none_in_metadata
"val_4567_claim_image",blocked_403+no_snapshot,blocked_403,no_snapshot,none_in_metadata
"val_4573_claim_image",blocked_403+no_snapshot,blocked_403,no_snapshot,none_in_metadata
"val_4573_document_image",blocked_403+no_snapshot,blocked_403,no_snapshot,none_in_metadata
"val_4575_claim_image",blocked_403+no_snapshot,blocked_403,no_snapshot,none_in_metadata
"val_4590_document_image",blocked_403+no_snapshot,blocked_403,no_snapshot,none_in_metadata
"val_4603_claim_image",blocked_403+no_snapshot,blocked_403,no_snapshot,none_in_metadata
"val_4609_document_image",blocked_403+no_snapshot,blocked_403,no_snapshot,none_in_metadata
"val_4624_document_image",host_serves_placeholder+no_snapshot,host_serves_placeholder,no_snapshot,none_in_metadata
"val_4635_document_image",host_serves_placeholder+snapshots_are_placeholders,host_serves_placeholder,snapshots_are_placeholders,none_in_metadata
"val_4636_claim_image",host_serves_placeholder+no_snapshot,host_serves_placeholder,no_snapshot,none_in_metadata
"val_4637_claim_image",host_serves_placeholder+no_snapshot,host_serves_placeholder,no_snapshot,none_in_metadata
"val_4662_claim_image",dns_failure+no_snapshot,dns_failure,no_snapshot,none_in_metadata
"val_4662_document_image",blocked_403+no_snapshot,blocked_403,no_snapshot,none_in_metadata
"val_4664_claim_image",host_serves_placeholder+snapshot_furniture,host_serves_placeholder,snapshot_furniture,none_in_metadata
"val_4687_document_image",blocked_403+no_snapshot,blocked_403,no_snapshot,none_in_metadata
"val_4692_claim_image",blocked_403+no_snapshot,blocked_403,no_snapshot,none_in_metadata
"val_4694_claim_image",blocked_403+no_snapshot,blocked_403,no_snapshot,none_in_metadata
"val_4698_document_image",host_serves_placeholder+no_snapshot,host_serves_placeholder,no_snapshot,none_in_metadata
"val_472_claim_image",host_serves_placeholder+no_snapshot,host_serves_placeholder,no_snapshot,none_in_metadata
"val_4731_claim_image",host_serves_placeholder+no_snapshot,host_serves_placeholder,no_snapshot,none_in_metadata
"val_4735_claim_image",blocked_403+no_snapshot,blocked_403,no_snapshot,none_in_metadata
"val_4736_document_image",blocked_403+no_snapshot,blocked_403,no_snapshot,none_in_metadata
"val_4741_document_image",host_serves_placeholder+snapshots_are_placeholders,host_serves_placeholder,snapshots_are_placeholders,none_in_metadata
"val_474_claim_image",host_serves_placeholder+no_snapshot,host_serves_placeholder,no_snapshot,none_in_metadata
"val_4758_claim_image",host_serves_placeholder+no_snapshot,host_serves_placeholder,no_snapshot,none_in_metadata
"val_4760_document_image",blocked_403+no_snapshot,blocked_403,no_snapshot,none_in_metadata
"val_4763_claim_image",blocked_403+no_snapshot,blocked_403,no_snapshot,none_in_metadata
"val_4785_document_image",host_serves_placeholder+no_snapshot,host_serves_placeholder,no_snapshot,none_in_metadata
"val_4791_claim_image",host_serves_placeholder+snapshots_are_placeholders,host_serves_placeholder,snapshots_are_placeholders,none_in_metadata
"val_479_claim_image",host_serves_placeholder+snapshots_are_placeholders,host_serves_placeholder,snapshots_are_placeholders,none_in_metadata
"val_4804_claim_image",host_serves_placeholder+snapshots_are_placeholders,host_serves_placeholder,snapshots_are_placeholders,none_in_metadata
"val_4805_claim_image",gone_404+no_snapshot,gone_404,no_snapshot,none_in_metadata
"val_4814_document_image",blocked_403+no_snapshot,blocked_403,no_snapshot,none_in_metadata
"val_4819_claim_image",unreachable_connection_error+no_snapshot,unreachable_connection_error,no_snapshot,none_in_metadata
"val_481_document_image",blocked_403+no_snapshot,blocked_403,no_snapshot,none_in_metadata
"val_4821_document_image",blocked_403+no_snapshot,blocked_403,no_snapshot,none_in_metadata
"val_4829_claim_image",server_error_5xx+no_snapshot,server_error_5xx,no_snapshot,none_in_metadata
"val_4836_claim_image",host_serves_placeholder+snapshots_are_placeholders,host_serves_placeholder,snapshots_are_placeholders,none_in_metadata
"val_4842_claim_image",blocked_403+no_snapshot,blocked_403,no_snapshot,none_in_metadata
"val_484_document_image",host_serves_placeholder+snapshots_are_placeholders,host_serves_placeholder,snapshots_are_placeholders,none_in_metadata
"val_4851_document_image",host_serves_placeholder+no_snapshot,host_serves_placeholder,no_snapshot,none_in_metadata
"val_4866_claim_image",blocked_403+no_snapshot,blocked_403,no_snapshot,none_in_metadata
"val_4867_document_image",blocked_403+no_snapshot,blocked_403,no_snapshot,none_in_metadata
"val_488_claim_image",host_serves_placeholder+no_snapshot,host_serves_placeholder,no_snapshot,none_in_metadata
"val_4913_document_image",blocked_403+no_snapshot,blocked_403,no_snapshot,none_in_metadata
"val_4914_claim_image",gone_404+no_snapshot,gone_404,no_snapshot,none_in_metadata
"val_4914_document_image",blocked_403+no_snapshot,blocked_403,no_snapshot,none_in_metadata
"val_4917_claim_image",host_serves_placeholder+snapshots_are_placeholders,host_serves_placeholder,snapshots_are_placeholders,none_in_metadata
"val_4920_claim_image",host_serves_placeholder+no_snapshot,host_serves_placeholder,no_snapshot,none_in_metadata
"val_4926_document_image",blocked_403+no_snapshot,blocked_403,no_snapshot,none_in_metadata
"val_4927_document_image",blocked_403+no_snapshot,blocked_403,no_snapshot,none_in_metadata
"val_4930_claim_image",blocked_403+no_snapshot,blocked_403,no_snapshot,none_in_metadata
"val_4931_document_image",blocked_403+no_snapshot,blocked_403,no_snapshot,none_in_metadata
"val_4940_claim_image",host_serves_placeholder+no_snapshot,host_serves_placeholder,no_snapshot,none_in_metadata
"val_4942_claim_image",refused_http_400+no_snapshot,refused_http_400,no_snapshot,none_in_metadata
"val_4944_document_image",blocked_403+no_snapshot,blocked_403,no_snapshot,none_in_metadata
"val_4952_document_image",host_serves_placeholder+no_snapshot,host_serves_placeholder,no_snapshot,none_in_metadata
"val_4955_document_image",blocked_403+no_snapshot,blocked_403,no_snapshot,none_in_metadata
"val_4973_document_image",blocked_403+no_snapshot,blocked_403,no_snapshot,none_in_metadata
"val_4980_document_image",blocked_403+no_snapshot,blocked_403,no_snapshot,none_in_metadata
"val_4985_claim_image",host_serves_placeholder+snapshots_are_placeholders,host_serves_placeholder,snapshots_are_placeholders,none_in_metadata
"val_4987_claim_image",blocked_403+no_snapshot,blocked_403,no_snapshot,none_in_metadata
"val_5003_document_image",blocked_403+no_snapshot,blocked_403,no_snapshot,none_in_metadata
"val_5005_document_image",host_serves_placeholder+snapshots_are_placeholders,host_serves_placeholder,snapshots_are_placeholders,none_in_metadata
"val_5006_document_image",host_serves_placeholder+snapshots_are_placeholders,host_serves_placeholder,snapshots_are_placeholders,none_in_metadata
"val_5012_claim_image",blocked_403+no_snapshot,blocked_403,no_snapshot,none_in_metadata
"val_5016_document_image",blocked_403+no_snapshot,blocked_403,no_snapshot,none_in_metadata
"val_5030_document_image",blocked_403+no_snapshot,blocked_403,no_snapshot,none_in_metadata
"val_5057_document_image",blocked_403+no_snapshot,blocked_403,no_snapshot,none_in_metadata
"val_5062_claim_image",blocked_403+no_snapshot,blocked_403,no_snapshot,none_in_metadata
"val_5065_document_image",blocked_403+no_snapshot,blocked_403,no_snapshot,none_in_metadata
"val_5087_claim_image",host_serves_placeholder+snapshots_are_placeholders,host_serves_placeholder,snapshots_are_placeholders,none_in_metadata
"val_5088_claim_image",blocked_403+no_snapshot,blocked_403,no_snapshot,none_in_metadata
"val_5095_document_image",blocked_403+no_snapshot,blocked_403,no_snapshot,none_in_metadata
"val_5099_document_image",host_serves_placeholder+no_snapshot,host_serves_placeholder,no_snapshot,none_in_metadata
"val_5113_document_image",blocked_403+no_snapshot,blocked_403,no_snapshot,none_in_metadata
"val_5118_document_image",blocked_403+no_snapshot,blocked_403,no_snapshot,none_in_metadata
"val_5132_claim_image",host_serves_placeholder+snapshots_are_placeholders,host_serves_placeholder,snapshots_are_placeholders,none_in_metadata
"val_5189_claim_image",host_serves_placeholder+no_snapshot,host_serves_placeholder,no_snapshot,none_in_metadata
"val_5213_claim_image",refused_http_412+no_snapshot,refused_http_412,no_snapshot,none_in_metadata
"val_5213_document_image",blocked_403+no_snapshot,blocked_403,no_snapshot,none_in_metadata
"val_5214_claim_image",blocked_403+no_snapshot,blocked_403,no_snapshot,none_in_metadata
"val_5219_document_image",blocked_403+no_snapshot,blocked_403,no_snapshot,none_in_metadata
"val_5221_claim_image",host_serves_placeholder+no_snapshot,host_serves_placeholder,no_snapshot,none_in_metadata
"val_5222_document_image",blocked_403+no_snapshot,blocked_403,no_snapshot,none_in_metadata
"val_5224_claim_image",host_serves_placeholder+snapshot_furniture,host_serves_placeholder,snapshot_furniture,none_in_metadata
"val_522_document_image",blocked_403+no_snapshot,blocked_403,no_snapshot,none_in_metadata
"val_5247_document_image",blocked_403+no_snapshot,blocked_403,no_snapshot,none_in_metadata
"val_525_claim_image",host_serves_placeholder+snapshots_are_placeholders,host_serves_placeholder,snapshots_are_placeholders,none_in_metadata
"val_5275_document_image",host_serves_placeholder+no_snapshot,host_serves_placeholder,no_snapshot,none_in_metadata
"val_5287_document_image",blocked_403+no_snapshot,blocked_403,no_snapshot,none_in_metadata
"val_5332_document_image",blocked_403+no_snapshot,blocked_403,no_snapshot,none_in_metadata
"val_5333_document_image",blocked_403+no_snapshot,blocked_403,no_snapshot,none_in_metadata
"val_5338_claim_image",blocked_403+no_snapshot,blocked_403,no_snapshot,none_in_metadata
"val_5338_document_image",blocked_403+no_snapshot,blocked_403,no_snapshot,none_in_metadata
"val_5341_document_image",blocked_403+no_snapshot,blocked_403,no_snapshot,none_in_metadata
"val_5345_document_image",blocked_403+no_snapshot,blocked_403,no_snapshot,none_in_metadata
"val_5349_document_image",host_serves_placeholder+snapshots_are_placeholders,host_serves_placeholder,snapshots_are_placeholders,none_in_metadata
"val_5368_claim_image",blocked_403+no_snapshot,blocked_403,no_snapshot,none_in_metadata
"val_5371_claim_image",host_serves_placeholder+snapshots_are_placeholders,host_serves_placeholder,snapshots_are_placeholders,none_in_metadata
"val_5372_claim_image",host_serves_placeholder+no_snapshot,host_serves_placeholder,no_snapshot,none_in_metadata
"val_5385_document_image",blocked_403+no_snapshot,blocked_403,no_snapshot,none_in_metadata
"val_5393_document_image",blocked_403+no_snapshot,blocked_403,no_snapshot,none_in_metadata
"val_5404_document_image",blocked_403+no_snapshot,blocked_403,no_snapshot,none_in_metadata
"val_5421_claim_image",blocked_403+no_snapshot,blocked_403,no_snapshot,none_in_metadata
"val_5421_document_image",blocked_403+no_snapshot,blocked_403,no_snapshot,none_in_metadata
"val_5426_document_image",host_serves_placeholder+snapshot_furniture,host_serves_placeholder,snapshot_furniture,none_in_metadata
"val_5428_document_image",blocked_403+no_snapshot,blocked_403,no_snapshot,none_in_metadata
"val_5438_claim_image",blocked_403+no_snapshot,blocked_403,no_snapshot,none_in_metadata
"val_5440_document_image",blocked_403+no_snapshot,blocked_403,no_snapshot,none_in_metadata
"val_5489_claim_image",blocked_403+no_snapshot,blocked_403,no_snapshot,none_in_metadata
"val_5503_document_image",blocked_403+no_snapshot,blocked_403,no_snapshot,none_in_metadata
"val_5505_claim_image",refused_http_400+no_snapshot,refused_http_400,no_snapshot,none_in_metadata
"val_5519_claim_image",host_serves_placeholder+snapshots_are_placeholders,host_serves_placeholder,snapshots_are_placeholders,none_in_metadata
"val_5526_claim_image",gone_404+no_snapshot,gone_404,no_snapshot,none_in_metadata
"val_5526_document_image",blocked_403+no_snapshot,blocked_403,no_snapshot,none_in_metadata
"val_5534_claim_image",gone_404+snapshot_verdict,gone_404,snapshot_verdict,none_in_metadata
"val_5553_claim_image",blocked_403+no_snapshot,blocked_403,no_snapshot,none_in_metadata
"val_555_document_image",blocked_403+no_snapshot,blocked_403,no_snapshot,none_in_metadata
"val_556_claim_image",host_serves_non_image+no_snapshot,host_serves_non_image,no_snapshot,none_in_metadata
"val_5570_claim_image",host_serves_placeholder+no_snapshot,host_serves_placeholder,no_snapshot,none_in_metadata
"val_5575_claim_image",host_serves_placeholder+no_snapshot,host_serves_placeholder,no_snapshot,none_in_metadata
"val_5581_document_image",host_serves_placeholder+no_snapshot,host_serves_placeholder,no_snapshot,none_in_metadata
"val_5582_document_image",blocked_403+no_snapshot,blocked_403,no_snapshot,none_in_metadata
"val_5593_claim_image",blocked_403+no_snapshot,blocked_403,no_snapshot,none_in_metadata
"val_55_document_image",blocked_403+no_snapshot,blocked_403,no_snapshot,none_in_metadata
"val_560_claim_image",host_serves_placeholder+snapshots_are_placeholders,host_serves_placeholder,snapshots_are_placeholders,none_in_metadata
"val_5619_document_image",blocked_403+no_snapshot,blocked_403,no_snapshot,none_in_metadata
"val_5656_document_image",blocked_403+no_snapshot,blocked_403,no_snapshot,none_in_metadata
"val_5659_claim_image",gone_404+no_snapshot,gone_404,no_snapshot,none_in_metadata
"val_5670_claim_image",blocked_403+no_snapshot,blocked_403,no_snapshot,none_in_metadata
"val_5671_document_image",blocked_403+no_snapshot,blocked_403,no_snapshot,none_in_metadata
"val_5678_document_image",blocked_403+no_snapshot,blocked_403,no_snapshot,none_in_metadata
"val_5694_document_image",host_serves_placeholder+snapshot_furniture,host_serves_placeholder,snapshot_furniture,none_in_metadata
"val_5706_document_image",blocked_403+no_snapshot,blocked_403,no_snapshot,none_in_metadata
"val_5710_claim_image",host_serves_placeholder+snapshot_furniture,host_serves_placeholder,snapshot_furniture,none_in_metadata
"val_5734_claim_image",blocked_403+no_snapshot,blocked_403,no_snapshot,none_in_metadata
"val_5747_document_image",host_serves_placeholder+no_snapshot,host_serves_placeholder,no_snapshot,none_in_metadata
"val_5750_claim_image",blocked_403+no_snapshot,blocked_403,no_snapshot,none_in_metadata
"val_5750_document_image",blocked_403+no_snapshot,blocked_403,no_snapshot,none_in_metadata
"val_5758_document_image",blocked_403+no_snapshot,blocked_403,no_snapshot,none_in_metadata
"val_5765_document_image",blocked_403+no_snapshot,blocked_403,no_snapshot,none_in_metadata
"val_576_document_image",blocked_403+no_snapshot,blocked_403,no_snapshot,none_in_metadata
"val_5785_document_image",blocked_403+no_snapshot,blocked_403,no_snapshot,none_in_metadata
"val_5789_claim_image",host_serves_placeholder+snapshots_are_placeholders,host_serves_placeholder,snapshots_are_placeholders,none_in_metadata
"val_5792_document_image",blocked_403+no_snapshot,blocked_403,no_snapshot,none_in_metadata
"val_5799_document_image",blocked_403+no_snapshot,blocked_403,no_snapshot,none_in_metadata
"val_5804_document_image",blocked_403+no_snapshot,blocked_403,no_snapshot,none_in_metadata
"val_580_claim_image",blocked_403+no_snapshot,blocked_403,no_snapshot,none_in_metadata
"val_581_claim_image",blocked_403+no_snapshot,blocked_403,no_snapshot,none_in_metadata
"val_582_document_image",blocked_403+no_snapshot,blocked_403,no_snapshot,none_in_metadata
"val_5858_document_image",host_serves_placeholder+snapshots_are_placeholders,host_serves_placeholder,snapshots_are_placeholders,none_in_metadata
"val_5863_document_image",blocked_403+no_snapshot,blocked_403,no_snapshot,none_in_metadata
"val_5873_document_image",blocked_403+no_snapshot,blocked_403,no_snapshot,none_in_metadata
"val_5874_claim_image",host_serves_placeholder+snapshots_are_placeholders,host_serves_placeholder,snapshots_are_placeholders,none_in_metadata
"val_5880_claim_image",refused_http_400+no_snapshot,refused_http_400,no_snapshot,none_in_metadata
"val_5888_document_image",blocked_403+no_snapshot,blocked_403,no_snapshot,none_in_metadata
"val_5910_claim_image",blocked_403+no_snapshot,blocked_403,no_snapshot,none_in_metadata
"val_5910_document_image",blocked_403+no_snapshot,blocked_403,no_snapshot,none_in_metadata
"val_5914_document_image",gone_404+no_snapshot,gone_404,no_snapshot,none_in_metadata
"val_5929_document_image",blocked_403+no_snapshot,blocked_403,no_snapshot,none_in_metadata
"val_5936_document_image",host_serves_placeholder+no_snapshot,host_serves_placeholder,no_snapshot,none_in_metadata
"val_5938_document_image",blocked_403+no_snapshot,blocked_403,no_snapshot,none_in_metadata
"val_5939_claim_image",blocked_403+no_snapshot,blocked_403,no_snapshot,none_in_metadata
"val_5945_document_image",blocked_403+no_snapshot,blocked_403,no_snapshot,none_in_metadata
"val_5953_document_image",blocked_403+no_snapshot,blocked_403,no_snapshot,none_in_metadata
"val_5958_claim_image",blocked_403+snapshot_verdict,blocked_403,snapshot_verdict,none_in_metadata
"val_5958_document_image",blocked_403+no_snapshot,blocked_403,no_snapshot,none_in_metadata
"val_5963_claim_image",host_serves_placeholder+snapshots_are_placeholders,host_serves_placeholder,snapshots_are_placeholders,none_in_metadata
"val_5964_document_image",blocked_403+no_snapshot,blocked_403,no_snapshot,none_in_metadata
"val_5969_document_image",blocked_403+no_snapshot,blocked_403,no_snapshot,none_in_metadata
"val_5976_claim_image",host_serves_placeholder+snapshot_furniture,host_serves_placeholder,snapshot_furniture,none_in_metadata
"val_5984_document_image",blocked_403+snapshot_verdict,blocked_403,snapshot_verdict,none_in_metadata
"val_5989_document_image",host_serves_placeholder+snapshots_are_placeholders,host_serves_placeholder,snapshots_are_placeholders,none_in_metadata
"val_6018_claim_image",host_serves_placeholder+no_snapshot,host_serves_placeholder,no_snapshot,none_in_metadata
"val_6022_document_image",blocked_403+snapshot_verdict,blocked_403,snapshot_verdict,none_in_metadata
"val_6059_claim_image",host_serves_placeholder+no_snapshot,host_serves_placeholder,no_snapshot,none_in_metadata
"val_606_claim_image",gone_404+no_snapshot,gone_404,no_snapshot,none_in_metadata
"val_6082_document_image",blocked_403+no_snapshot,blocked_403,no_snapshot,none_in_metadata
"val_6084_claim_image",host_serves_placeholder+no_snapshot,host_serves_placeholder,no_snapshot,none_in_metadata
"val_6094_document_image",blocked_403+no_snapshot,blocked_403,no_snapshot,none_in_metadata
"val_609_document_image",blocked_403+no_snapshot,blocked_403,no_snapshot,none_in_metadata
"val_6102_claim_image",host_serves_placeholder+no_snapshot,host_serves_placeholder,no_snapshot,none_in_metadata
"val_610_document_image",host_serves_placeholder+snapshots_are_placeholders,host_serves_placeholder,snapshots_are_placeholders,none_in_metadata
"val_6112_claim_image",host_serves_placeholder+no_snapshot,host_serves_placeholder,no_snapshot,none_in_metadata
"val_6117_claim_image",host_serves_placeholder+snapshots_are_placeholders,host_serves_placeholder,snapshots_are_placeholders,none_in_metadata
"val_6140_claim_image",host_serves_placeholder+snapshots_are_placeholders,host_serves_placeholder,snapshots_are_placeholders,none_in_metadata
"val_6140_document_image",blocked_403+no_snapshot,blocked_403,no_snapshot,none_in_metadata
"val_6148_claim_image",host_serves_placeholder+no_snapshot,host_serves_placeholder,no_snapshot,none_in_metadata
"val_616_document_image",host_serves_placeholder+snapshots_are_placeholders,host_serves_placeholder,snapshots_are_placeholders,none_in_metadata
"val_617_document_image",blocked_403+no_snapshot,blocked_403,no_snapshot,none_in_metadata
"val_6181_claim_image",host_serves_placeholder+snapshots_are_placeholders,host_serves_placeholder,snapshots_are_placeholders,none_in_metadata
"val_6183_claim_image",host_serves_placeholder+snapshots_are_placeholders,host_serves_placeholder,snapshots_are_placeholders,none_in_metadata
"val_6188_claim_image",blocked_403+no_snapshot,blocked_403,no_snapshot,none_in_metadata
"val_6198_document_image",blocked_403+no_snapshot,blocked_403,no_snapshot,none_in_metadata
"val_6202_claim_image",host_serves_placeholder+snapshot_furniture,host_serves_placeholder,snapshot_furniture,none_in_metadata
"val_6210_claim_image",host_serves_placeholder+snapshots_are_placeholders,host_serves_placeholder,snapshots_are_placeholders,none_in_metadata
"val_6216_claim_image",host_serves_placeholder+no_snapshot,host_serves_placeholder,no_snapshot,none_in_metadata
"val_6221_claim_image",blocked_403+no_snapshot,blocked_403,no_snapshot,none_in_metadata
"val_6221_document_image",blocked_403+no_snapshot,blocked_403,no_snapshot,none_in_metadata
"val_6222_claim_image",host_serves_placeholder+snapshots_are_placeholders,host_serves_placeholder,snapshots_are_placeholders,none_in_metadata
"val_6260_document_image",blocked_403+no_snapshot,blocked_403,no_snapshot,none_in_metadata
"val_6280_claim_image",blocked_403+snapshot_verdict,blocked_403,snapshot_verdict,none_in_metadata
"val_6284_claim_image",blocked_403+no_snapshot,blocked_403,no_snapshot,none_in_metadata
"val_6285_document_image",blocked_403+no_snapshot,blocked_403,no_snapshot,none_in_metadata
"val_6306_document_image",host_serves_placeholder+no_snapshot,host_serves_placeholder,no_snapshot,none_in_metadata
"val_6309_document_image",blocked_403+no_snapshot,blocked_403,no_snapshot,none_in_metadata
"val_630_claim_image",fetched_blank+no_snapshot,fetched_blank,no_snapshot,none_in_metadata
"val_6341_document_image",host_serves_placeholder+no_snapshot,host_serves_placeholder,no_snapshot,none_in_metadata
"val_6359_document_image",blocked_403+no_snapshot,blocked_403,no_snapshot,none_in_metadata
"val_6373_document_image",blocked_403+no_snapshot,blocked_403,no_snapshot,none_in_metadata
"val_6374_claim_image",host_serves_placeholder+snapshots_are_placeholders,host_serves_placeholder,snapshots_are_placeholders,none_in_metadata
"val_6379_document_image",host_serves_placeholder+no_snapshot,host_serves_placeholder,no_snapshot,none_in_metadata
"val_6383_document_image",blocked_403+no_snapshot,blocked_403,no_snapshot,none_in_metadata
"val_6389_document_image",blocked_403+no_snapshot,blocked_403,no_snapshot,none_in_metadata
"val_638_document_image",blocked_403+no_snapshot,blocked_403,no_snapshot,none_in_metadata
"val_6394_document_image",blocked_403+no_snapshot,blocked_403,no_snapshot,none_in_metadata
"val_6415_document_image",blocked_403+no_snapshot,blocked_403,no_snapshot,none_in_metadata
"val_6416_claim_image",host_serves_placeholder+snapshots_are_placeholders,host_serves_placeholder,snapshots_are_placeholders,none_in_metadata
"val_6426_document_image",blocked_403+no_snapshot,blocked_403,no_snapshot,none_in_metadata
"val_642_document_image",blocked_403+no_snapshot,blocked_403,no_snapshot,none_in_metadata
"val_6447_document_image",blocked_403+no_snapshot,blocked_403,no_snapshot,none_in_metadata
"val_6449_document_image",blocked_403+no_snapshot,blocked_403,no_snapshot,none_in_metadata
"val_6458_document_image",blocked_403+no_snapshot,blocked_403,no_snapshot,none_in_metadata
"val_6467_claim_image",blocked_403+no_snapshot,blocked_403,no_snapshot,none_in_metadata
"val_6470_claim_image",host_serves_placeholder+snapshots_are_placeholders,host_serves_placeholder,snapshots_are_placeholders,none_in_metadata
"val_6472_claim_image",host_serves_non_image+no_snapshot,host_serves_non_image,no_snapshot,none_in_metadata
"val_6474_document_image",blocked_403+no_snapshot,blocked_403,no_snapshot,none_in_metadata
"val_6480_claim_image",blocked_403+no_snapshot,blocked_403,no_snapshot,none_in_metadata
"val_6480_document_image",blocked_403+no_snapshot,blocked_403,no_snapshot,none_in_metadata
"val_6499_document_image",blocked_403+no_snapshot,blocked_403,no_snapshot,none_in_metadata
"val_6500_document_image",blocked_403+no_snapshot,blocked_403,no_snapshot,none_in_metadata
"val_6512_document_image",host_serves_placeholder+no_snapshot,host_serves_placeholder,no_snapshot,none_in_metadata
"val_651_claim_image",blocked_403+no_snapshot,blocked_403,no_snapshot,none_in_metadata
"val_651_document_image",blocked_403+no_snapshot,blocked_403,no_snapshot,none_in_metadata
"val_6528_claim_image",host_serves_placeholder+snapshot_furniture,host_serves_placeholder,snapshot_furniture,none_in_metadata
"val_6529_document_image",host_serves_placeholder+no_snapshot,host_serves_placeholder,no_snapshot,none_in_metadata
"val_6533_document_image",host_serves_placeholder+no_snapshot,host_serves_placeholder,no_snapshot,none_in_metadata
"val_6535_document_image",blocked_403+no_snapshot,blocked_403,no_snapshot,none_in_metadata
"val_6536_claim_image",blocked_403+no_snapshot,blocked_403,no_snapshot,none_in_metadata
"val_653_document_image",blocked_403+no_snapshot,blocked_403,no_snapshot,none_in_metadata
"val_6545_document_image",blocked_403+no_snapshot,blocked_403,no_snapshot,none_in_metadata
"val_6548_document_image",blocked_403+no_snapshot,blocked_403,no_snapshot,none_in_metadata
"val_6561_document_image",host_serves_placeholder+snapshots_are_placeholders,host_serves_placeholder,snapshots_are_placeholders,none_in_metadata
"val_6575_claim_image",blocked_403+no_snapshot,blocked_403,no_snapshot,none_in_metadata
"val_6575_document_image",blocked_403+no_snapshot,blocked_403,no_snapshot,none_in_metadata
"val_6578_document_image",blocked_403+no_snapshot,blocked_403,no_snapshot,none_in_metadata
"val_6580_document_image",blocked_403+no_snapshot,blocked_403,no_snapshot,none_in_metadata
"val_6592_document_image",blocked_403+no_snapshot,blocked_403,no_snapshot,none_in_metadata
"val_6601_document_image",blocked_403+no_snapshot,blocked_403,no_snapshot,none_in_metadata
"val_6605_document_image",blocked_403+no_snapshot,blocked_403,no_snapshot,none_in_metadata
"val_6612_document_image",blocked_403+no_snapshot,blocked_403,no_snapshot,none_in_metadata
"val_6614_claim_image",blocked_403+no_snapshot,blocked_403,no_snapshot,none_in_metadata
"val_6614_document_image",blocked_403+no_snapshot,blocked_403,no_snapshot,none_in_metadata
"val_6615_claim_image",blocked_403+no_snapshot,blocked_403,no_snapshot,none_in_metadata
"val_6618_claim_image",blocked_403+no_snapshot,blocked_403,no_snapshot,none_in_metadata
"val_6619_document_image",host_serves_placeholder+snapshots_are_placeholders,host_serves_placeholder,snapshots_are_placeholders,none_in_metadata
"val_661_document_image",blocked_403+no_snapshot,blocked_403,no_snapshot,none_in_metadata
"val_6625_document_image",host_serves_placeholder+snapshots_are_placeholders,host_serves_placeholder,snapshots_are_placeholders,none_in_metadata
"val_665_document_image",blocked_403+no_snapshot,blocked_403,no_snapshot,none_in_metadata
"val_6681_document_image",blocked_403+no_snapshot,blocked_403,no_snapshot,none_in_metadata
"val_6682_claim_image",blocked_403+no_snapshot,blocked_403,no_snapshot,none_in_metadata
"val_6683_document_image",host_serves_placeholder+snapshots_are_placeholders,host_serves_placeholder,snapshots_are_placeholders,none_in_metadata
"val_668_document_image",blocked_403+no_snapshot,blocked_403,no_snapshot,none_in_metadata
"val_6695_claim_image",gone_404+no_snapshot,gone_404,no_snapshot,none_in_metadata
"val_6698_claim_image",host_serves_placeholder+snapshots_are_placeholders,host_serves_placeholder,snapshots_are_placeholders,none_in_metadata
"val_6705_document_image",blocked_403+no_snapshot,blocked_403,no_snapshot,none_in_metadata
"val_6718_document_image",blocked_403+no_snapshot,blocked_403,no_snapshot,none_in_metadata
"val_671_document_image",host_serves_placeholder+no_snapshot,host_serves_placeholder,no_snapshot,none_in_metadata
"val_6736_claim_image",host_serves_placeholder+snapshot_furniture,host_serves_placeholder,snapshot_furniture,none_in_metadata
"val_673_document_image",blocked_403+snapshot_verdict,blocked_403,snapshot_verdict,none_in_metadata
"val_6740_document_image",host_serves_placeholder+no_snapshot,host_serves_placeholder,no_snapshot,none_in_metadata
"val_676_claim_image",host_serves_placeholder+snapshots_are_placeholders,host_serves_placeholder,snapshots_are_placeholders,none_in_metadata
"val_6776_claim_image",host_serves_placeholder+no_snapshot,host_serves_placeholder,no_snapshot,none_in_metadata
"val_6778_claim_image",blocked_403+no_snapshot,blocked_403,no_snapshot,none_in_metadata
"val_6796_document_image",host_serves_placeholder+no_snapshot,host_serves_placeholder,no_snapshot,none_in_metadata
"val_6799_claim_image",blocked_403+no_snapshot,blocked_403,no_snapshot,none_in_metadata
"val_6799_document_image",blocked_403+no_snapshot,blocked_403,no_snapshot,none_in_metadata
"val_6804_claim_image",blocked_403+no_snapshot,blocked_403,no_snapshot,none_in_metadata
"val_6808_claim_image",blocked_403+no_snapshot,blocked_403,no_snapshot,none_in_metadata
"val_680_document_image",host_serves_placeholder+no_snapshot,host_serves_placeholder,no_snapshot,none_in_metadata
"val_682_document_image",host_serves_placeholder+no_snapshot,host_serves_placeholder,no_snapshot,none_in_metadata
"val_6857_claim_image",blocked_403+no_snapshot,blocked_403,no_snapshot,none_in_metadata
"val_6857_document_image",blocked_403+no_snapshot,blocked_403,no_snapshot,none_in_metadata
"val_6861_document_image",blocked_403+no_snapshot,blocked_403,no_snapshot,none_in_metadata
"val_6883_document_image",host_serves_placeholder+no_snapshot,host_serves_placeholder,no_snapshot,none_in_metadata
"val_6903_document_image",host_serves_placeholder+no_snapshot,host_serves_placeholder,no_snapshot,none_in_metadata
"val_6907_document_image",blocked_403+no_snapshot,blocked_403,no_snapshot,none_in_metadata
"val_6914_document_image",blocked_403+no_snapshot,blocked_403,no_snapshot,none_in_metadata
"val_6930_claim_image",gone_404+no_snapshot,gone_404,no_snapshot,none_in_metadata
"val_694_claim_image",host_serves_placeholder+no_snapshot,host_serves_placeholder,no_snapshot,none_in_metadata
"val_6950_claim_image",unreachable_connection_error+no_snapshot,unreachable_connection_error,no_snapshot,none_in_metadata
"val_6955_claim_image",host_serves_placeholder+snapshots_are_placeholders,host_serves_placeholder,snapshots_are_placeholders,none_in_metadata
"val_695_claim_image",host_serves_placeholder+no_snapshot,host_serves_placeholder,no_snapshot,none_in_metadata
"val_6962_claim_image",blocked_403+no_snapshot,blocked_403,no_snapshot,none_in_metadata
"val_6973_claim_image",blocked_403+no_snapshot,blocked_403,no_snapshot,none_in_metadata
"val_6978_document_image",blocked_403+no_snapshot,blocked_403,no_snapshot,none_in_metadata
"val_6982_document_image",host_serves_placeholder+no_snapshot,host_serves_placeholder,no_snapshot,none_in_metadata
"val_6985_document_image",blocked_403+no_snapshot,blocked_403,no_snapshot,none_in_metadata
"val_6989_claim_image",blocked_403+snapshot_verdict,blocked_403,snapshot_verdict,none_in_metadata
"val_6989_document_image",blocked_403+snapshot_verdict,blocked_403,snapshot_verdict,none_in_metadata
"val_7008_document_image",blocked_403+no_snapshot,blocked_403,no_snapshot,none_in_metadata
"val_7012_claim_image",blocked_403+no_snapshot,blocked_403,no_snapshot,none_in_metadata
"val_7014_document_image",host_serves_placeholder+snapshots_are_placeholders,host_serves_placeholder,snapshots_are_placeholders,none_in_metadata
"val_7036_document_image",host_serves_placeholder+no_snapshot,host_serves_placeholder,no_snapshot,none_in_metadata
"val_7041_document_image",blocked_403+no_snapshot,blocked_403,no_snapshot,none_in_metadata
"val_7050_claim_image",host_serves_placeholder+snapshots_are_placeholders,host_serves_placeholder,snapshots_are_placeholders,none_in_metadata
"val_7055_document_image",blocked_403+no_snapshot,blocked_403,no_snapshot,none_in_metadata
"val_7056_document_image",blocked_403+no_snapshot,blocked_403,no_snapshot,none_in_metadata
"val_7076_claim_image",host_serves_placeholder+snapshots_are_placeholders,host_serves_placeholder,snapshots_are_placeholders,none_in_metadata
"val_7089_document_image",blocked_403+no_snapshot,blocked_403,no_snapshot,none_in_metadata
"val_7096_document_image",host_serves_placeholder+snapshot_furniture,host_serves_placeholder,snapshot_furniture,none_in_metadata
"val_7099_claim_image",host_serves_placeholder+snapshots_are_placeholders,host_serves_placeholder,snapshots_are_placeholders,none_in_metadata
"val_70_claim_image",host_serves_placeholder+snapshots_are_placeholders,host_serves_placeholder,snapshots_are_placeholders,none_in_metadata
"val_7109_document_image",host_serves_placeholder+snapshots_are_placeholders,host_serves_placeholder,snapshots_are_placeholders,none_in_metadata
"val_710_document_image",blocked_403+no_snapshot,blocked_403,no_snapshot,none_in_metadata
"val_7112_document_image",blocked_403+no_snapshot,blocked_403,no_snapshot,none_in_metadata
"val_7114_document_image",blocked_403+no_snapshot,blocked_403,no_snapshot,none_in_metadata
"val_7116_claim_image",blocked_403+no_snapshot,blocked_403,no_snapshot,none_in_metadata
"val_7120_document_image",host_serves_placeholder+snapshots_are_placeholders,host_serves_placeholder,snapshots_are_placeholders,none_in_metadata
"val_7128_document_image",blocked_403+no_snapshot,blocked_403,no_snapshot,none_in_metadata
"val_7130_document_image",blocked_403+no_snapshot,blocked_403,no_snapshot,none_in_metadata
"val_7138_document_image",blocked_403+no_snapshot,blocked_403,no_snapshot,none_in_metadata
"val_715_claim_image",refused_http_400+no_snapshot,refused_http_400,no_snapshot,none_in_metadata
"val_715_document_image",blocked_403+no_snapshot,blocked_403,no_snapshot,none_in_metadata
"val_7170_document_image",blocked_403+no_snapshot,blocked_403,no_snapshot,none_in_metadata
"val_7182_document_image",blocked_403+no_snapshot,blocked_403,no_snapshot,none_in_metadata
"val_7202_claim_image",blocked_403+no_snapshot,blocked_403,no_snapshot,none_in_metadata
"val_720_document_image",host_serves_placeholder+snapshot_furniture,host_serves_placeholder,snapshot_furniture,none_in_metadata
"val_721_document_image",blocked_403+no_snapshot,blocked_403,no_snapshot,none_in_metadata
"val_7221_claim_image",dns_failure+no_snapshot,dns_failure,no_snapshot,none_in_metadata
"val_7222_claim_image",blocked_403+no_snapshot,blocked_403,no_snapshot,none_in_metadata
"val_7222_document_image",blocked_403+no_snapshot,blocked_403,no_snapshot,none_in_metadata
"val_7239_claim_image",host_serves_placeholder+no_snapshot,host_serves_placeholder,no_snapshot,none_in_metadata
"val_7245_document_image",blocked_403+no_snapshot,blocked_403,no_snapshot,none_in_metadata
"val_7248_claim_image",unreachable_ssl_error+no_snapshot,unreachable_ssl_error,no_snapshot,none_in_metadata
"val_7267_claim_image",blocked_403+no_snapshot,blocked_403,no_snapshot,none_in_metadata
"val_7267_document_image",blocked_403+no_snapshot,blocked_403,no_snapshot,none_in_metadata
"val_7275_claim_image",host_serves_placeholder+no_snapshot,host_serves_placeholder,no_snapshot,none_in_metadata
"val_7287_claim_image",blocked_403+no_snapshot,blocked_403,no_snapshot,none_in_metadata
"val_7295_document_image",host_serves_placeholder+snapshot_furniture,host_serves_placeholder,snapshot_furniture,none_in_metadata
"val_7311_claim_image",blocked_403+no_snapshot,blocked_403,no_snapshot,none_in_metadata
"val_7332_document_image",host_serves_placeholder+snapshots_are_placeholders,host_serves_placeholder,snapshots_are_placeholders,none_in_metadata
"val_7334_claim_image",host_serves_placeholder+snapshot_furniture,host_serves_placeholder,snapshot_furniture,none_in_metadata
"val_7347_claim_image",blocked_403+no_snapshot,blocked_403,no_snapshot,none_in_metadata
"val_7356_document_image",host_serves_placeholder+snapshots_are_placeholders,host_serves_placeholder,snapshots_are_placeholders,none_in_metadata
"val_7359_document_image",blocked_403+no_snapshot,blocked_403,no_snapshot,none_in_metadata
"val_7364_document_image",host_serves_placeholder+snapshots_are_placeholders,host_serves_placeholder,snapshots_are_placeholders,none_in_metadata
"val_7373_claim_image",blocked_403+no_snapshot,blocked_403,no_snapshot,none_in_metadata
"val_7380_document_image",blocked_403+no_snapshot,blocked_403,no_snapshot,none_in_metadata
"val_7381_claim_image",blocked_403+no_snapshot,blocked_403,no_snapshot,none_in_metadata
"val_7403_claim_image",blocked_403+no_snapshot,blocked_403,no_snapshot,none_in_metadata
"val_7405_claim_image",gone_404+no_snapshot,gone_404,no_snapshot,none_in_metadata
"val_7410_document_image",blocked_403+no_snapshot,blocked_403,no_snapshot,none_in_metadata
"val_7419_claim_image",blocked_403+no_snapshot,blocked_403,no_snapshot,none_in_metadata
"val_7419_document_image",blocked_403+no_snapshot,blocked_403,no_snapshot,none_in_metadata
"val_7437_claim_image",host_serves_placeholder+snapshots_are_placeholders,host_serves_placeholder,snapshots_are_placeholders,none_in_metadata
"val_7440_document_image",blocked_403+no_snapshot,blocked_403,no_snapshot,none_in_metadata
"val_7451_document_image",blocked_403+no_snapshot,blocked_403,no_snapshot,none_in_metadata
"val_7457_document_image",blocked_403+snapshot_verdict,blocked_403,snapshot_verdict,none_in_metadata
"val_7464_claim_image",host_serves_placeholder+no_snapshot,host_serves_placeholder,no_snapshot,none_in_metadata
"val_7468_document_image",blocked_403+no_snapshot,blocked_403,no_snapshot,none_in_metadata
"val_7471_document_image",blocked_403+no_snapshot,blocked_403,no_snapshot,none_in_metadata
"val_747_document_image",host_serves_placeholder+snapshots_are_placeholders,host_serves_placeholder,snapshots_are_placeholders,none_in_metadata
"val_7482_claim_image",blocked_403+no_snapshot,blocked_403,no_snapshot,none_in_metadata
"val_7496_document_image",blocked_403+no_snapshot,blocked_403,no_snapshot,none_in_metadata
"val_751_document_image",blocked_403+no_snapshot,blocked_403,no_snapshot,none_in_metadata
"val_76_claim_image",host_serves_placeholder+snapshots_are_placeholders,host_serves_placeholder,snapshots_are_placeholders,none_in_metadata
"val_788_document_image",host_serves_placeholder+snapshots_are_placeholders,host_serves_placeholder,snapshots_are_placeholders,none_in_metadata
"val_795_document_image",blocked_403+no_snapshot,blocked_403,no_snapshot,none_in_metadata
"val_815_document_image",blocked_403+no_snapshot,blocked_403,no_snapshot,none_in_metadata
"val_827_document_image",blocked_403+no_snapshot,blocked_403,no_snapshot,none_in_metadata
"val_849_claim_image",blocked_403+no_snapshot,blocked_403,no_snapshot,none_in_metadata
"val_851_document_image",blocked_403+no_snapshot,blocked_403,no_snapshot,none_in_metadata
"val_852_document_image",blocked_403+no_snapshot,blocked_403,no_snapshot,none_in_metadata
"val_878_document_image",blocked_403+no_snapshot,blocked_403,no_snapshot,none_in_metadata
"val_879_document_image",blocked_403+no_snapshot,blocked_403,no_snapshot,none_in_metadata
"val_881_claim_image",blocked_403+no_snapshot,blocked_403,no_snapshot,none_in_metadata
"val_887_claim_image",host_serves_placeholder+snapshot_furniture,host_serves_placeholder,snapshot_furniture,none_in_metadata
"val_891_claim_image",blocked_403+no_snapshot,blocked_403,no_snapshot,none_in_metadata
"val_898_document_image",blocked_403+no_snapshot,blocked_403,no_snapshot,none_in_metadata
"val_89_document_image",blocked_403+no_snapshot,blocked_403,no_snapshot,none_in_metadata
"val_8_claim_image",host_serves_placeholder+snapshots_are_placeholders,host_serves_placeholder,snapshots_are_placeholders,none_in_metadata
"val_903_claim_image",refused_http_429+snapshots_are_placeholders,refused_http_429,snapshots_are_placeholders,none_in_metadata
"val_913_document_image",blocked_403+no_snapshot,blocked_403,no_snapshot,none_in_metadata
"val_922_document_image",blocked_403+no_snapshot,blocked_403,no_snapshot,none_in_metadata
"val_940_document_image",host_serves_placeholder+snapshot_furniture,host_serves_placeholder,snapshot_furniture,none_in_metadata
"val_943_claim_image",blocked_403+no_snapshot,blocked_403,no_snapshot,none_in_metadata
"val_949_claim_image",blocked_403+no_snapshot,blocked_403,no_snapshot,none_in_metadata
"val_960_document_image",blocked_403+no_snapshot,blocked_403,no_snapshot,none_in_metadata
"val_963_claim_image",unreachable_connection_error+no_snapshot,unreachable_connection_error,no_snapshot,none_in_metadata
"val_964_document_image",gone_404+no_snapshot,gone_404,no_snapshot,none_in_metadata
"val_980_claim_image",host_serves_placeholder+snapshots_are_placeholders,host_serves_placeholder,snapshots_are_placeholders,none_in_metadata
"val_983_claim_image",gone_404+no_snapshot,gone_404,no_snapshot,none_in_metadata
"val_983_document_image",blocked_403+no_snapshot,blocked_403,no_snapshot,none_in_metadata
"val_985_document_image",host_serves_placeholder+snapshots_are_placeholders,host_serves_placeholder,snapshots_are_placeholders,none_in_metadata
"val_99_document_image",host_serves_placeholder+snapshots_are_placeholders,host_serves_placeholder,snapshots_are_placeholders,none_in_metadata
