key,terminal_reason,origin,archive,alternate
"100waq",fetched_furniture+no_snapshot,fetched_furniture,no_snapshot,none_in_metadata
"101pol",gone_404+snapshot_furniture,gone_404,snapshot_furniture,none_in_metadata
"109m46",gone_404+snapshot_placeholder,gone_404,snapshot_placeholder,none_in_metadata
"10bz0v",gone_404+snapshot_blank,gone_404,snapshot_blank,none_in_metadata
"10hq7n",gone_404+snapshot_furniture,gone_404,snapshot_furniture,none_in_metadata
"10idaz",gone_404+snapshot_placeholder,gone_404,snapshot_placeholder,none_in_metadata
"10n9qc",fetched_furniture+snapshot_furniture,fetched_furniture,snapshot_furniture,none_in_metadata
"10ovav",gone_404+snapshot_furniture,gone_404,snapshot_furniture,none_in_metadata
"10pppq",fetched_furniture+snapshot_furniture,fetched_furniture,snapshot_furniture,none_in_metadata
"10sh7b",gone_404+snapshot_placeholder,gone_404,snapshot_placeholder,none_in_metadata
"113fj6",gone_404+snapshot_furniture,gone_404,snapshot_furniture,none_in_metadata
"113wwb",fetched_furniture+snapshot_furniture,fetched_furniture,snapshot_furniture,none_in_metadata
"115bjc",gone_404+snapshot_placeholder,gone_404,snapshot_placeholder,none_in_metadata
"11i1mq",fetched_placeholder+snapshot_placeholder,fetched_placeholder,snapshot_placeholder,none_in_metadata
"11o14l",gone_404+snapshot_placeholder,gone_404,snapshot_placeholder,none_in_metadata
"11xkx0",gone_404+snapshot_furniture,gone_404,snapshot_furniture,none_in_metadata
"11xtx6",gone_404+snapshot_placeholder,gone_404,snapshot_placeholder,none_in_metadata
"124wcs",gone_404+snapshot_furniture,gone_404,snapshot_furniture,none_in_metadata
"126dmb",gone_404+snapshot_placeholder,gone_404,snapshot_placeholder,none_in_metadata
"12jdf1",gone_404+snapshot_placeholder,gone_404,snapshot_placeholder,none_in_metadata
"12l5t5",gone_404+snapshot_placeholder,gone_404,snapshot_placeholder,none_in_metadata
"12uiz8",gone_404+snapshot_furniture,gone_404,snapshot_furniture,none_in_metadata
"12x7uf",gone_404+snapshot_furniture,gone_404,snapshot_furniture,none_in_metadata
"12x8cv",gone_404+snapshot_placeholder,gone_404,snapshot_placeholder,none_in_metadata
"12yfj6",fetched_furniture+snapshot_furniture,fetched_furniture,snapshot_furniture,none_in_metadata
"133orr",gone_404+snapshot_placeholder,gone_404,snapshot_placeholder,none_in_metadata
"13ehvn",gone_404+snapshot_furniture,gone_404,snapshot_furniture,none_in_metadata
"13fepi",gone_404+snapshot_placeholder,gone_404,snapshot_placeholder,none_in_metadata
"13ijva",fetched_furniture+snapshot_furniture,fetched_furniture,snapshot_furniture,none_in_metadata
"13j6rb",fetched_furniture+snapshot_furniture,fetched_furniture,snapshot_furniture,none_in_metadata
"13jjuf",gone_404+snapshot_furniture,gone_404,snapshot_furniture,none_in_metadata
"13mj1r",gone_404+snapshot_placeholder,gone_404,snapshot_placeholder,none_in_metadata
"13su76",gone_404+snapshot_placeholder,gone_404,snapshot_placeholder,none_in_metadata
"13u789",gone_404+snapshot_placeholder,gone_404,snapshot_placeholder,none_in_metadata
"13vhr9",gone_404+snapshot_placeholder,gone_404,snapshot_placeholder,none_in_metadata
"13weol",gone_404+snapshot_placeholder,gone_404,snapshot_placeholder,none_in_metadata
"140s0m",fetched_furniture+snapshot_furniture,fetched_furniture,snapshot_furniture,none_in_metadata
"14t7yn",fetched_placeholder+snapshot_placeholder,fetched_placeholder,snapshot_placeholder,none_in_metadata
"14vbn3",gone_404+snapshot_placeholder,gone_404,snapshot_placeholder,none_in_metadata
"14xanw",gone_404+snapshot_placeholder,gone_404,snapshot_placeholder,none_in_metadata
"158rxe",gone_404+snapshot_placeholder,gone_404,snapshot_placeholder,none_in_metadata
"15fllu",gone_404+snapshot_placeholder,gone_404,snapshot_placeholder,none_in_metadata
"15z1i4",gone_404+snapshot_furniture,gone_404,snapshot_furniture,none_in_metadata
"15z5jf",gone_404+snapshot_furniture,gone_404,snapshot_furniture,none_in_metadata
"16c4mi",gone_404+snapshot_placeholder,gone_404,snapshot_placeholder,none_in_metadata
"16e9xt",gone_404+snapshot_furniture,gone_404,snapshot_furniture,none_in_metadata
"16noze",gone_404+snapshot_placeholder,gone_404,snapshot_placeholder,none_in_metadata
"16phi7",gone_404+snapshot_furniture,gone_404,snapshot_furniture,none_in_metadata
"16vwh8",fetched_furniture+snapshot_furniture,fetched_furniture,snapshot_furniture,none_in_metadata
"16zkxt",gone_404+snapshot_furniture,gone_404,snapshot_furniture,none_in_metadata
"1772ph",gone_404+snapshot_furniture,gone_404,snapshot_furniture,none_in_metadata
"1797c3",fetched_blank+no_snapshot,fetched_blank,no_snapshot,none_in_metadata
"17jgx7",gone_404+snapshot_furniture,gone_404,snapshot_furniture,none_in_metadata
"17nmlh",gone_404+snapshot_furniture,gone_404,snapshot_furniture,none_in_metadata
"17o77f",gone_404+snapshot_placeholder,gone_404,snapshot_placeholder,none_in_metadata
"17th5f",gone_404+snapshot_placeholder,gone_404,snapshot_placeholder,none_in_metadata
"17tqj1",gone_404+snapshot_placeholder,gone_404,snapshot_placeholder,none_in_metadata
"17wh17",gone_404+snapshot_placeholder,gone_404,snapshot_placeholder,none_in_metadata
"185xgm",fetched_furniture+snapshot_furniture,fetched_furniture,snapshot_furniture,none_in_metadata
"188779",fetched_furniture+snapshot_furniture,fetched_furniture,snapshot_furniture,none_in_metadata
"18899y",gone_404+snapshot_placeholder,gone_404,snapshot_placeholder,none_in_metadata
"18e7ih",gone_404+snapshot_furniture,gone_404,snapshot_furniture,none_in_metadata
"18ecmw",fetched_furniture+snapshot_furniture,fetched_furniture,snapshot_furniture,none_in_metadata
"18flde",gone_404+snapshot_placeholder,gone_404,snapshot_placeholder,none_in_metadata
"18lac9",gone_404+snapshot_furniture,gone_404,snapshot_furniture,none_in_metadata
"18lqhr",gone_404+snapshot_furniture,gone_404,snapshot_furniture,none_in_metadata
"18rqgc",gone_404+snapshot_furniture,gone_404,snapshot_furniture,none_in_metadata
"18teeh",gone_404+snapshot_placeholder,gone_404,snapshot_placeholder,none_in_metadata
"18v6qe",gone_404+snapshot_furniture,gone_404,snapshot_furniture,none_in_metadata
"18w5xf",gone_404+snapshot_placeholder,gone_404,snapshot_placeholder,none_in_metadata
"193emj",gone_404+snapshot_placeholder,gone_404,snapshot_placeholder,none_in_metadata
"194yba",gone_404+snapshot_placeholder,gone_404,snapshot_placeholder,none_in_metadata
"195e3b",gone_404+snapshot_placeholder,gone_404,snapshot_placeholder,none_in_metadata
"19aach",gone_404+snapshot_furniture,gone_404,snapshot_furniture,none_in_metadata
"19igjk",gone_404+snapshot_placeholder,gone_404,snapshot_placeholder,none_in_metadata
"19x8ra",gone_404+snapshot_furniture,gone_404,snapshot_furniture,none_in_metadata
"19xgqw",fetched_furniture+snapshot_furniture,fetched_furniture,snapshot_furniture,none_in_metadata
"1a2sk4",gone_404+snapshot_placeholder,gone_404,snapshot_placeholder,none_in_metadata
"1a3vqe",gone_404+snapshot_placeholder,gone_404,snapshot_placeholder,none_in_metadata
"1a7vjx",gone_404+snapshot_placeholder,gone_404,snapshot_placeholder,none_in_metadata
"1ad309",gone_404+snapshot_furniture,gone_404,snapshot_furniture,none_in_metadata
"1agrio",gone_404+snapshot_placeholder,gone_404,snapshot_placeholder,none_in_metadata
"1aj4ag",gone_404+snapshot_placeholder,gone_404,snapshot_placeholder,none_in_metadata
"1amjf7",fetched_furniture+snapshot_furniture,fetched_furniture,snapshot_furniture,none_in_metadata
"1az2xs",gone_404+snapshot_furniture,gone_404,snapshot_furniture,none_in_metadata
"1azs0w",gone_404+snapshot_furniture,gone_404,snapshot_furniture,none_in_metadata
"1b07hl",fetched_furniture+snapshot_furniture,fetched_furniture,snapshot_furniture,none_in_metadata
"1b53ww",fetched_furniture+snapshot_furniture,fetched_furniture,snapshot_furniture,none_in_metadata
"1bcgi9",gone_404+snapshot_placeholder,gone_404,snapshot_placeholder,none_in_metadata
"1bj273",gone_404+snapshot_placeholder,gone_404,snapshot_placeholder,none_in_metadata
"1bjoj0",gone_404+snapshot_placeholder,gone_404,snapshot_placeholder,none_in_metadata
"1bltop",gone_404+snapshot_placeholder,gone_404,snapshot_placeholder,none_in_metadata
"1bqxsl",gone_404+snapshot_placeholder,gone_404,snapshot_placeholder,none_in_metadata
"1c1ibh",gone_404+snapshot_placeholder,gone_404,snapshot_placeholder,none_in_metadata
"1c5qcl",gone_404+snapshot_blank,gone_404,snapshot_blank,none_in_metadata
"1c5r5d",gone_404+snapshot_placeholder,gone_404,snapshot_placeholder,none_in_metadata
"1c85mz",gone_404+snapshot_placeholder,gone_404,snapshot_placeholder,none_in_metadata
"1cgv5b",gone_404+snapshot_furniture,gone_404,snapshot_furniture,none_in_metadata
"1cjcgf",gone_404+snapshot_furniture,gone_404,snapshot_furniture,none_in_metadata
"1cp4rm",gone_404+snapshot_placeholder,gone_404,snapshot_placeholder,none_in_metadata
"1cy3el",gone_404+snapshot_furniture,gone_404,snapshot_furniture,none_in_metadata
"1cz7q9",gone_404+snapshot_placeholder,gone_404,snapshot_placeholder,none_in_metadata
"1d2n7b",fetched_furniture+snapshot_furniture,fetched_furniture,snapshot_furniture,none_in_metadata
"1d6sng",gone_404+snapshot_placeholder,gone_404,snapshot_placeholder,none_in_metadata
"1d78h9",gone_404+snapshot_furniture,gone_404,snapshot_furniture,none_in_metadata
"1dbg2o",gone_404+snapshot_placeholder,gone_404,snapshot_placeholder,none_in_metadata
"1dekok",gone_404+snapshot_placeholder,gone_404,snapshot_placeholder,none_in_metadata
"1dlisd",gone_404+snapshot_placeholder,gone_404,snapshot_placeholder,none_in_metadata
"1dtdnz",gone_404+snapshot_furniture,gone_404,snapshot_furniture,none_in_metadata
"1dus6b",gone_404+snapshot_placeholder,gone_404,snapshot_placeholder,none_in_metadata
"1dyjkq",gone_404+snapshot_placeholder,gone_404,snapshot_placeholder,none_in_metadata
"1e2upz",gone_404+snapshot_placeholder,gone_404,snapshot_placeholder,none_in_metadata
"1e64xs",gone_404+snapshot_placeholder,gone_404,snapshot_placeholder,none_in_metadata
"1e6w8t",fetched_furniture+snapshot_furniture,fetched_furniture,snapshot_furniture,none_in_metadata
"1e85mv",gone_404+snapshot_placeholder,gone_404,snapshot_placeholder,none_in_metadata
"1ee64d",gone_404+snapshot_furniture,gone_404,snapshot_furniture,none_in_metadata
"1ei2r0",gone_404+snapshot_placeholder,gone_404,snapshot_placeholder,none_in_metadata
"1eixn1",gone_404+snapshot_placeholder,gone_404,snapshot_placeholder,none_in_metadata
"1erprd",gone_404+snapshot_placeholder,gone_404,snapshot_placeholder,none_in_metadata
"1esnbe",gone_404+snapshot_placeholder,gone_404,snapshot_placeholder,none_in_metadata
"1ev2vt",gone_404+snapshot_placeholder,gone_404,snapshot_placeholder,none_in_metadata
"1ezx7p",gone_404+snapshot_placeholder,gone_404,snapshot_placeholder,none_in_metadata
"1f0ec6",gone_404+snapshot_furniture,gone_404,snapshot_furniture,none_in_metadata
"1f3r1l",gone_404+snapshot_placeholder,gone_404,snapshot_placeholder,none_in_metadata
"1f7hja",gone_404+snapshot_placeholder,gone_404,snapshot_placeholder,none_in_metadata
"1fbgc3",gone_404+snapshot_placeholder,gone_404,snapshot_placeholder,none_in_metadata
"1fglxr",gone_404+snapshot_placeholder,gone_404,snapshot_placeholder,none_in_metadata
"1fi1cx",gone_404+snapshot_furniture,gone_404,snapshot_furniture,none_in_metadata
"1fpn2g",gone_404+snapshot_furniture,gone_404,snapshot_furniture,none_in_metadata
"1fqwfs",gone_404+snapshot_placeholder,gone_404,snapshot_placeholder,none_in_metadata
"1fw9p5",gone_404+snapshot_placeholder,gone_404,snapshot_placeholder,none_in_metadata
"1fwqot",gone_404+snapshot_furniture,gone_404,snapshot_furniture,none_in_metadata
"1fxc87",gone_404+snapshot_placeholder,gone_404,snapshot_placeholder,none_in_metadata
"1fxt20",fetched_furniture+no_snapshot,fetched_furniture,no_snapshot,none_in_metadata
"1g5g0n",gone_404+snapshot_placeholder,gone_404,snapshot_placeholder,none_in_metadata
"1g6fvw",fetched_furniture+snapshot_furniture,fetched_furniture,snapshot_furniture,none_in_metadata
"1gapb9",gone_404+snapshot_placeholder,gone_404,snapshot_placeholder,none_in_metadata
"1gdl2w",gone_404+snapshot_placeholder,gone_404,snapshot_placeholder,none_in_metadata
"1gdo6y",gone_404+snapshot_placeholder,gone_404,snapshot_placeholder,none_in_metadata
"1gf1l9",gone_404+snapshot_placeholder,gone_404,snapshot_placeholder,none_in_metadata
"1gjtwz",gone_404+snapshot_placeholder,gone_404,snapshot_placeholder,none_in_metadata
"1gpb5q",gone_404+no_snapshot,gone_404,no_snapshot,none_in_metadata
"1gszti",fetched_furniture+snapshot_furniture,fetched_furniture,snapshot_furniture,none_in_metadata
"1guq7y",gone_404+snapshot_placeholder,gone_404,snapshot_placeholder,none_in_metadata
"1gxguq",gone_404+snapshot_placeholder,gone_404,snapshot_placeholder,none_in_metadata
"1gxjgk",gone_404+snapshot_furniture,gone_404,snapshot_furniture,none_in_metadata
"1gz94l",gone_404+snapshot_placeholder,gone_404,snapshot_placeholder,none_in_metadata
"1h8qq3",gone_404+snapshot_placeholder,gone_404,snapshot_placeholder,none_in_metadata
"1h97hf",fetched_furniture+snapshot_furniture,fetched_furniture,snapshot_furniture,none_in_metadata
"1hc7ub",fetched_furniture+snapshot_furniture,fetched_furniture,snapshot_furniture,none_in_metadata
"1hmgns",gone_404+snapshot_placeholder,gone_404,snapshot_placeholder,none_in_metadata
"1hqu7d",fetched_furniture+snapshot_furniture,fetched_furniture,snapshot_furniture,none_in_metadata
"1hrbhi",gone_404+snapshot_furniture,gone_404,snapshot_furniture,none_in_metadata
"1hu9wo",gone_404+snapshot_furniture,gone_404,snapshot_furniture,none_in_metadata
"1huxsd",gone_404+snapshot_placeholder,gone_404,snapshot_placeholder,none_in_metadata
"1hy5ex",gone_404+snapshot_placeholder,gone_404,snapshot_placeholder,none_in_metadata
"1i18sv",gone_404+snapshot_placeholder,gone_404,snapshot_placeholder,none_in_metadata
"1i3tdr",gone_404+snapshot_furniture,gone_404,snapshot_furniture,none_in_metadata
"1i8wie",gone_404+snapshot_placeholder,gone_404,snapshot_placeholder,none_in_metadata
"1iiayu",fetched_furniture+snapshot_furniture,fetched_furniture,snapshot_furniture,none_in_metadata
"1iioc1",gone_404+snapshot_placeholder,gone_404,snapshot_placeholder,none_in_metadata
"1iqxgz",gone_404+snapshot_placeholder,gone_404,snapshot_placeholder,none_in_metadata
"1irm8u",gone_404+snapshot_furniture,gone_404,snapshot_furniture,none_in_metadata
"1is83q",gone_404+snapshot_placeholder,gone_404,snapshot_placeholder,none_in_metadata
"1ivzin",fetched_furniture+snapshot_furniture,fetched_furniture,snapshot_furniture,none_in_metadata
"1izqnp",gone_404+snapshot_placeholder,gone_404,snapshot_placeholder,none_in_metadata
"1j1svm",fetched_furniture+snapshot_furniture,fetched_furniture,snapshot_furniture,none_in_metadata
"1jbkqi",gone_404+snapshot_placeholder,gone_404,snapshot_placeholder,none_in_metadata
"1jp3fm",gone_404+snapshot_furniture,gone_404,snapshot_furniture,none_in_metadata
"1jut3z",gone_404+snapshot_placeholder,gone_404,snapshot_placeholder,none_in_metadata
"1k16nz",gone_404+snapshot_furniture,gone_404,snapshot_furniture,none_in_metadata
"1k5q1a",gone_404+snapshot_placeholder,gone_404,snapshot_placeholder,none_in_metadata
"1k7gzn",gone_404+snapshot_furniture,gone_404,snapshot_furniture,none_in_metadata
"1kb55j",fetched_furniture+snapshot_furniture,fetched_furniture,snapshot_furniture,none_in_metadata
"1kb7p0",gone_404+snapshot_placeholder,gone_404,snapshot_placeholder,none_in_metadata
"1key8c",gone_404+snapshot_furniture,gone_404,snapshot_furniture,none_in_metadata
"1kgboc",gone_404+snapshot_placeholder,gone_404,snapshot_placeholder,none_in_metadata
"1kht68",gone_404+snapshot_furniture,gone_404,snapshot_furniture,none_in_metadata
"1kmqxp",gone_404+snapshot_placeholder,gone_404,snapshot_placeholder,none_in_metadata
"1kn26s",gone_404+snapshot_furniture,gone_404,snapshot_furniture,none_in_metadata
"1kxnmg",gone_404+snapshot_placeholder,gone_404,snapshot_placeholder,none_in_metadata
"1l1rtg",gone_404+snapshot_placeholder,gone_404,snapshot_placeholder,none_in_metadata
"1l9ct9",gone_404+snapshot_placeholder,gone_404,snapshot_placeholder,none_in_metadata
"1l9fnq",fetched_furniture+snapshot_furniture,fetched_furniture,snapshot_furniture,none_in_metadata
"1lagpz",gone_404+snapshot_placeholder,gone_404,snapshot_placeholder,none_in_metadata
"1ldflm",fetched_furniture+snapshot_furniture,fetched_furniture,snapshot_furniture,none_in_metadata
"1llma6",gone_404+snapshot_placeholder,gone_404,snapshot_placeholder,none_in_metadata
"1lmufi",fetched_furniture+snapshot_furniture,fetched_furniture,snapshot_furniture,none_in_metadata
"1m6ldo",gone_404+snapshot_furniture,gone_404,snapshot_furniture,none_in_metadata
"1m9eer",gone_404+snapshot_furniture,gone_404,snapshot_furniture,none_in_metadata
"1me3qf",gone_404+snapshot_furniture,gone_404,snapshot_furniture,none_in_metadata
"1ml6jp",gone_404+snapshot_furniture,gone_404,snapshot_furniture,none_in_metadata
"1mtt6g",gone_404+snapshot_placeholder,gone_404,snapshot_placeholder,none_in_metadata
"1mvzmb",gone_404+snapshot_placeholder,gone_404,snapshot_placeholder,none_in_metadata
"1mzsn5",gone_404+snapshot_placeholder,gone_404,snapshot_placeholder,none_in_metadata
"1n0l5f",fetched_furniture+snapshot_furniture,fetched_furniture,snapshot_furniture,none_in_metadata
"1n0xeq",gone_404+snapshot_placeholder,gone_404,snapshot_placeholder,none_in_metadata
"1n1v72",gone_404+snapshot_furniture,gone_404,snapshot_furniture,none_in_metadata
"1n2jt1",gone_404+snapshot_placeholder,gone_404,snapshot_placeholder,none_in_metadata
"1n75vg",gone_404+snapshot_placeholder,gone_404,snapshot_placeholder,none_in_metadata
"1nhag3",gone_404+snapshot_placeholder,gone_404,snapshot_placeholder,none_in_metadata
"1njx0l",gone_404+snapshot_placeholder,gone_404,snapshot_placeholder,none_in_metadata
"1nkldw",gone_404+snapshot_furniture,gone_404,snapshot_furniture,none_in_metadata
"1nn2tu",gone_404+snapshot_placeholder,gone_404,snapshot_placeholder,none_in_metadata
"1no6rj",fetched_furniture+no_snapshot,fetched_furniture,no_snapshot,none_in_metadata
"1nu65b",gone_404+snapshot_placeholder,gone_404,snapshot_placeholder,none_in_metadata
"1o16hn",gone_404+snapshot_placeholder,gone_404,snapshot_placeholder,none_in_metadata
"1o29x4",gone_404+snapshot_placeholder,gone_404,snapshot_placeholder,none_in_metadata
"1o3g17",gone_404+snapshot_furniture,gone_404,snapshot_furniture,none_in_metadata
"1o3rr1",gone_404+snapshot_furniture,gone_404,snapshot_furniture,none_in_metadata
"1o4lxo",gone_404+snapshot_placeholder,gone_404,snapshot_placeholder,none_in_metadata
"1oa0zs",gone_404+snapshot_placeholder,gone_404,snapshot_placeholder,none_in_metadata
"1oeo0a",gone_404+snapshot_furniture,gone_404,snapshot_furniture,none_in_metadata
"1ofc4y",gone_404+snapshot_placeholder,gone_404,snapshot_placeholder,none_in_metadata
"1ogcf9",gone_404+snapshot_placeholder,gone_404,snapshot_placeholder,none_in_metadata
"1omoev",gone_404+snapshot_placeholder,gone_404,snapshot_placeholder,none_in_metadata
"1oo072",fetched_furniture+snapshot_furniture,fetched_furniture,snapshot_furniture,none_in_metadata
"1oo6hr",gone_404+snapshot_placeholder,gone_404,snapshot_placeholder,none_in_metadata
"1ouajv",gone_404+snapshot_placeholder,gone_404,snapshot_placeholder,none_in_metadata
"1owq7c",gone_404+snapshot_placeholder,gone_404,snapshot_placeholder,none_in_metadata
"1oy4e8",gone_404+snapshot_furniture,gone_404,snapshot_furniture,none_in_metadata
"1oy68n",gone_404+snapshot_furniture,gone_404,snapshot_furniture,none_in_metadata
"1oza2i",gone_404+snapshot_furniture,gone_404,snapshot_furniture,none_in_metadata
"1p1nl4",gone_404+snapshot_placeholder,gone_404,snapshot_placeholder,none_in_metadata
"1p8g0e",gone_404+snapshot_placeholder,gone_404,snapshot_placeholder,none_in_metadata
"1pj0kb",gone_404+snapshot_furniture,gone_404,snapshot_furniture,none_in_metadata
"1pp5dl",gone_404+snapshot_placeholder,gone_404,snapshot_placeholder,none_in_metadata
"1pwbzu",fetched_furniture+snapshot_furniture,fetched_furniture,snapshot_furniture,none_in_metadata
"1py1ok",gone_404+snapshot_placeholder,gone_404,snapshot_placeholder,none_in_metadata
"1q2tjn",gone_404+snapshot_placeholder,gone_404,snapshot_placeholder,none_in_metadata
"1q46bz",gone_404+snapshot_placeholder,gone_404,snapshot_placeholder,none_in_metadata
"1q79nq",gone_404+snapshot_placeholder,gone_404,snapshot_placeholder,none_in_metadata
"1q8b7x",gone_404+snapshot_furniture,gone_404,snapshot_furniture,none_in_metadata
"1q8b8f",gone_404+snapshot_placeholder,gone_404,snapshot_placeholder,none_in_metadata
"1qi7mt",gone_404+snapshot_furniture,gone_404,snapshot_furniture,none_in_metadata
"1qiftp",gone_404+snapshot_furniture,gone_404,snapshot_furniture,none_in_metadata
"1qifzy",gone_404+snapshot_furniture,gone_404,snapshot_furniture,none_in_metadata
"1qr5d0",gone_404+snapshot_placeholder,gone_404,snapshot_placeholder,none_in_metadata
"1qspuj",gone_404+snapshot_furniture,gone_404,snapshot_furniture,none_in_metadata
"1qu8a9",gone_404+snapshot_placeholder,gone_404,snapshot_placeholder,none_in_metadata
"1qunpm",gone_404+snapshot_placeholder,gone_404,snapshot_placeholder,none_in_metadata
"1qv2m9",gone_404+snapshot_placeholder,gone_404,snapshot_placeholder,none_in_metadata
"1qxvht",gone_404+snapshot_placeholder,gone_404,snapshot_placeholder,none_in_metadata
"1r36ro",gone_404+snapshot_furniture,gone_404,snapshot_furniture,none_in_metadata
"1r3zu2",fetched_furniture+snapshot_furniture,fetched_furniture,snapshot_furniture,none_in_metadata
"1rbmih",gone_404+snapshot_placeholder,gone_404,snapshot_placeholder,none_in_metadata
"1rdv2f",gone_404+snapshot_placeholder,gone_404,snapshot_placeholder,none_in_metadata
"1rh1aw",gone_404+snapshot_placeholder,gone_404,snapshot_placeholder,none_in_metadata
"1rhkjh",fetched_furniture+snapshot_furniture,fetched_furniture,snapshot_furniture,none_in_metadata
"1rpldh",fetched_furniture+snapshot_furniture,fetched_furniture,snapshot_furniture,none_in_metadata
"1rrg45",fetched_furniture+no_snapshot,fetched_furniture,no_snapshot,none_in_metadata
"1sivyp",gone_404+snapshot_placeholder,gone_404,snapshot_placeholder,none_in_metadata
"1sk9sx",gone_404+no_snapshot,gone_404,no_snapshot,none_in_metadata
"1ske0p",gone_404+snapshot_furniture,gone_404,snapshot_furniture,none_in_metadata
"1slfi8",gone_404+snapshot_placeholder,gone_404,snapshot_placeholder,none_in_metadata
"1sm1gx",gone_404+snapshot_furniture,gone_404,snapshot_furniture,none_in_metadata
"1styiz",gone_404+snapshot_furniture,gone_404,snapshot_furniture,none_in_metadata
"1su0id",gone_404+snapshot_placeholder,gone_404,snapshot_placeholder,none_in_metadata
"1t3gfj",gone_404+snapshot_furniture,gone_404,snapshot_furniture,none_in_metadata
"1t70nx",fetched_furniture+snapshot_furniture,fetched_furniture,snapshot_furniture,none_in_metadata
"1tc8v8",gone_404+snapshot_furniture,gone_404,snapshot_furniture,none_in_metadata
"1tecic",gone_404+snapshot_furniture,gone_404,snapshot_furniture,none_in_metadata
"1tgryz",fetched_furniture+snapshot_furniture,fetched_furniture,snapshot_furniture,none_in_metadata
"1tkl4m",gone_404+snapshot_furniture,gone_404,snapshot_furniture,none_in_metadata
"1tko2o",gone_404+snapshot_furniture,gone_404,snapshot_furniture,none_in_metadata
"1tncsr",fetched_furniture+snapshot_furniture,fetched_furniture,snapshot_furniture,none_in_metadata
"1tpdq8",gone_404+snapshot_placeholder,gone_404,snapshot_placeholder,none_in_metadata
"1u8mpu",gone_404+snapshot_placeholder,gone_404,snapshot_placeholder,none_in_metadata
"1ubluh",gone_404+snapshot_furniture,gone_404,snapshot_furniture,none_in_metadata
"1ul1x2",gone_404+snapshot_placeholder,gone_404,snapshot_placeholder,none_in_metadata
"1uls5u",gone_404+snapshot_placeholder,gone_404,snapshot_placeholder,none_in_metadata
"1ur9s9",fetched_placeholder+snapshot_placeholder,fetched_placeholder,snapshot_placeholder,none_in_metadata
"1uraic",fetched_furniture+snapshot_furniture,fetched_furniture,snapshot_furniture,none_in_metadata
"1uusy9",gone_404+snapshot_furniture,gone_404,snapshot_furniture,none_in_metadata
"1v04x6",gone_404+snapshot_blank,gone_404,snapshot_blank,none_in_metadata
"1v3jg5",gone_404+snapshot_placeholder,gone_404,snapshot_placeholder,none_in_metadata
"1v8cdp",gone_404+snapshot_placeholder,gone_404,snapshot_placeholder,none_in_metadata
"1vijri",fetched_furniture+snapshot_furniture,fetched_furniture,snapshot_furniture,none_in_metadata
"1voq9d",fetched_furniture+snapshot_furniture,fetched_furniture,snapshot_furniture,none_in_metadata
"1vympb",gone_404+snapshot_placeholder,gone_404,snapshot_placeholder,none_in_metadata
"1vzxj6",gone_404+snapshot_placeholder,gone_404,snapshot_placeholder,none_in_metadata
"1w0etw",gone_404+snapshot_placeholder,gone_404,snapshot_placeholder,none_in_metadata
"1w12ip",gone_404+snapshot_furniture,gone_404,snapshot_furniture,none_in_metadata
"1w46j3",fetched_furniture+snapshot_furniture,fetched_furniture,snapshot_furniture,none_in_metadata
"1w5jv6",gone_404+snapshot_placeholder,gone_404,snapshot_placeholder,none_in_metadata
"1w77ab",gone_404+snapshot_placeholder,gone_404,snapshot_placeholder,none_in_metadata
"1wbnhl",gone_404+snapshot_placeholder,gone_404,snapshot_placeholder,none_in_metadata
"1wf65z",fetched_blank+snapshot_blank,fetched_blank,snapshot_blank,none_in_metadata
"1wlmze",fetched_furniture+snapshot_furniture,fetched_furniture,snapshot_furniture,none_in_metadata
"1wmdfg",gone_404+snapshot_placeholder,gone_404,snapshot_placeholder,none_in_metadata
"1wp49n",gone_404+snapshot_furniture,gone_404,snapshot_furniture,none_in_metadata
"1wwly3",gone_404+snapshot_furniture,gone_404,snapshot_furniture,none_in_metadata
"1x1r3d",gone_404+snapshot_furniture,gone_404,snapshot_furniture,none_in_metadata
"1x57sp",gone_404+snapshot_placeholder,gone_404,snapshot_placeholder,none_in_metadata
"1xgawv",gone_404+snapshot_placeholder,gone_404,snapshot_placeholder,none_in_metadata
"1xgkdg",gone_404+snapshot_placeholder,gone_404,snapshot_placeholder,none_in_metadata
"1xiei9",gone_404+snapshot_placeholder,gone_404,snapshot_placeholder,none_in_metadata
"1xotgj",gone_404+snapshot_placeholder,gone_404,snapshot_placeholder,none_in_metadata
"1xty0b",fetched_furniture+snapshot_furniture,fetched_furniture,snapshot_furniture,none_in_metadata
"1ya0it",gone_404+snapshot_placeholder,gone_404,snapshot_placeholder,none_in_metadata
"1ygy9v",gone_404+snapshot_furniture,gone_404,snapshot_furniture,none_in_metadata
"1ynb1u",gone_404+snapshot_blank,gone_404,snapshot_blank,none_in_metadata
"1ysq4c",gone_404+snapshot_placeholder,gone_404,snapshot_placeholder,none_in_metadata
"1ywldl",fetched_furniture+snapshot_furniture,fetched_furniture,snapshot_furniture,none_in_metadata
"1yxttf",gone_404+snapshot_placeholder,gone_404,snapshot_placeholder,none_in_metadata
"1z1x7n",gone_404+snapshot_placeholder,gone_404,snapshot_placeholder,none_in_metadata
"1z3fy1",gone_404+snapshot_placeholder,gone_404,snapshot_placeholder,none_in_metadata
"1z8k3x",fetched_furniture+snapshot_furniture,fetched_furniture,snapshot_furniture,none_in_metadata
"1zekcw",fetched_furniture+snapshot_furniture,fetched_furniture,snapshot_furniture,none_in_metadata
"1zem5l",fetched_furniture+snapshot_furniture,fetched_furniture,snapshot_furniture,none_in_metadata
"1zjybb",fetched_furniture+snapshot_furniture,fetched_furniture,snapshot_furniture,none_in_metadata
"1zmonu",gone_404+snapshot_furniture,gone_404,snapshot_furniture,none_in_metadata
"1zo8o3",gone_404+snapshot_placeholder,gone_404,snapshot_placeholder,none_in_metadata
"1zoajt",gone_404+snapshot_furniture,gone_404,snapshot_furniture,none_in_metadata
"1zume9",gone_404+snapshot_furniture,gone_404,snapshot_furniture,none_in_metadata
"20g0ug",gone_404+snapshot_furniture,gone_404,snapshot_furniture,none_in_metadata
"20kvpv",gone_404+snapshot_placeholder,gone_404,snapshot_placeholder,none_in_metadata
"20nelw",gone_404+snapshot_placeholder,gone_404,snapshot_placeholder,none_in_metadata
"20od9b",gone_404+snapshot_furniture,gone_404,snapshot_furniture,none_in_metadata
"20qftp",fetched_furniture+snapshot_furniture,fetched_furniture,snapshot_furniture,none_in_metadata
"20ttkf",fetched_furniture+no_snapshot,fetched_furniture,no_snapshot,none_in_metadata
"21g5qg",gone_404+snapshot_placeholder,gone_404,snapshot_placeholder,none_in_metadata
"21i1ee",gone_404+snapshot_placeholder,gone_404,snapshot_placeholder,none_in_metadata
"21s9ds",gone_404+snapshot_placeholder,gone_404,snapshot_placeholder,none_in_metadata
"21xhyp",gone_404+snapshot_placeholder,gone_404,snapshot_placeholder,none_in_metadata
"220die",gone_404+snapshot_blank,gone_404,snapshot_blank,none_in_metadata
"223iar",gone_404+snapshot_placeholder,gone_404,snapshot_placeholder,none_in_metadata
"223zlm",gone_404+snapshot_placeholder,gone_404,snapshot_placeholder,none_in_metadata
"227thy",gone_404+snapshot_furniture,gone_404,snapshot_furniture,none_in_metadata
"2284w8",gone_404+snapshot_placeholder,gone_404,snapshot_placeholder,none_in_metadata
"22hawl",gone_404+snapshot_placeholder,gone_404,snapshot_placeholder,none_in_metadata
"22ib3o",gone_404+snapshot_placeholder,gone_404,snapshot_placeholder,none_in_metadata
"237jc7",gone_404+snapshot_furniture,gone_404,snapshot_furniture,none_in_metadata
"23bjxu",gone_404+snapshot_placeholder,gone_404,snapshot_placeholder,none_in_metadata
"23cie4",gone_404+snapshot_placeholder,gone_404,snapshot_placeholder,none_in_metadata
"23eqfi",gone_404+snapshot_furniture,gone_404,snapshot_furniture,none_in_metadata
"23ma55",gone_404+snapshot_placeholder,gone_404,snapshot_placeholder,none_in_metadata
"23nlsf",gone_404+snapshot_placeholder,gone_404,snapshot_placeholder,none_in_metadata
"23skip",gone_404+snapshot_furniture,gone_404,snapshot_furniture,none_in_metadata
"2406a6",gone_404+snapshot_furniture,gone_404,snapshot_furniture,none_in_metadata
"241cmv",gone_404+snapshot_furniture,gone_404,snapshot_furniture,none_in_metadata
"24aljt",gone_404+snapshot_furniture,gone_404,snapshot_furniture,none_in_metadata
"24c4hn",fetched_furniture+snapshot_furniture,fetched_furniture,snapshot_furniture,none_in_metadata
"24dzqr",fetched_furniture+snapshot_furniture,fetched_furniture,snapshot_furniture,none_in_metadata
"24i2e8",gone_404+snapshot_placeholder,gone_404,snapshot_placeholder,none_in_metadata
"24i74v",gone_404+snapshot_placeholder,gone_404,snapshot_placeholder,none_in_metadata
"24j3v5",gone_404+snapshot_furniture,gone_404,snapshot_furniture,none_in_metadata
"24jk7l",gone_404+snapshot_furniture,gone_404,snapshot_furniture,none_in_metadata
"24k2gm",gone_404+snapshot_placeholder,gone_404,snapshot_placeholder,none_in_metadata
"24ls8f",gone_404+snapshot_furniture,gone_404,snapshot_furniture,none_in_metadata
"24ur8l",gone_404+snapshot_placeholder,gone_404,snapshot_placeholder,none_in_metadata
"24z6pk",gone_404+snapshot_placeholder,gone_404,snapshot_placeholder,none_in_metadata
"24zcbq",fetched_furniture+snapshot_furniture,fetched_furniture,snapshot_furniture,none_in_metadata
"24zfzk",gone_404+snapshot_placeholder,gone_404,snapshot_placeholder,none_in_metadata
"251ef7",gone_404+snapshot_furniture,gone_404,snapshot_furniture,none_in_metadata
"251zj6",gone_404+snapshot_furniture,gone_404,snapshot_furniture,none_in_metadata
"25gpsj",fetched_furniture+snapshot_furniture,fetched_furniture,snapshot_furniture,none_in_metadata
"25ld4p",gone_404+snapshot_placeholder,gone_404,snapshot_placeholder,none_in_metadata
"25m4rs",gone_404+snapshot_placeholder,gone_404,snapshot_placeholder,none_in_metadata
"25w48o",fetched_furniture+snapshot_furniture,fetched_furniture,snapshot_furniture,none_in_metadata
"25y4kt",gone_404+snapshot_furniture,gone_404,snapshot_furniture,none_in_metadata
"25y56o",fetched_furniture+snapshot_furniture,fetched_furniture,snapshot_furniture,none_in_metadata
"25znly",gone_404+snapshot_placeholder,gone_404,snapshot_placeholder,none_in_metadata
"261avd",gone_404+snapshot_placeholder,gone_404,snapshot_placeholder,none_in_metadata
"261h4d",gone_404+snapshot_placeholder,gone_404,snapshot_placeholder,none_in_metadata
"261qxd",gone_404+snapshot_placeholder,gone_404,snapshot_placeholder,none_in_metadata
"266faj",gone_404+snapshot_placeholder,gone_404,snapshot_placeholder,none_in_metadata
"26al2g",fetched_furniture+snapshot_furniture,fetched_furniture,snapshot_furniture,none_in_metadata
"26c0u2",gone_404+snapshot_placeholder,gone_404,snapshot_placeholder,none_in_metadata
"26dcfy",gone_404+snapshot_furniture,gone_404,snapshot_furniture,none_in_metadata
"26h751",gone_404+snapshot_furniture,gone_404,snapshot_furniture,none_in_metadata
"26hcvv",gone_404+snapshot_placeholder,gone_404,snapshot_placeholder,none_in_metadata
"26k2u8",gone_404+snapshot_furniture,gone_404,snapshot_furniture,none_in_metadata
"26l7s1",gone_404+snapshot_placeholder,gone_404,snapshot_placeholder,none_in_metadata
"26pnvv",gone_404+snapshot_placeholder,gone_404,snapshot_placeholder,none_in_metadata
"26tcgo",gone_404+snapshot_furniture,gone_404,snapshot_furniture,none_in_metadata
"26tked",fetched_furniture+snapshot_furniture,fetched_furniture,snapshot_furniture,none_in_metadata
"26ypmv",gone_404+snapshot_furniture,gone_404,snapshot_furniture,none_in_metadata
"276rtv",fetched_furniture+snapshot_furniture,fetched_furniture,snapshot_furniture,none_in_metadata
"278suy",gone_404+snapshot_furniture,gone_404,snapshot_furniture,none_in_metadata
"27hl1m",gone_404+snapshot_placeholder,gone_404,snapshot_placeholder,none_in_metadata
"27i7jn",gone_404+snapshot_placeholder,gone_404,snapshot_placeholder,none_in_metadata
"27lcg6",gone_404+snapshot_placeholder,gone_404,snapshot_placeholder,none_in_metadata
"27u7u7",gone_404+snapshot_placeholder,gone_404,snapshot_placeholder,none_in_metadata
"27xbce",gone_404+snapshot_furniture,gone_404,snapshot_furniture,none_in_metadata
"27yed5",fetched_furniture+no_snapshot,fetched_furniture,no_snapshot,none_in_metadata
"27yrav",gone_404+snapshot_placeholder,gone_404,snapshot_placeholder,none_in_metadata
"280wov",fetched_furniture+snapshot_furniture,fetched_furniture,snapshot_furniture,none_in_metadata
"282xie",gone_404+snapshot_placeholder,gone_404,snapshot_placeholder,none_in_metadata
"28539n",gone_404+snapshot_placeholder,gone_404,snapshot_placeholder,none_in_metadata
"28gzpg",gone_404+snapshot_furniture,gone_404,snapshot_furniture,none_in_metadata
"28h61u",gone_404+snapshot_placeholder,gone_404,snapshot_placeholder,none_in_metadata
"28kcnu",gone_404+snapshot_placeholder,gone_404,snapshot_placeholder,none_in_metadata
"298q5w",gone_404+snapshot_blank,gone_404,snapshot_blank,none_in_metadata
"29c7cw",gone_404+snapshot_placeholder,gone_404,snapshot_placeholder,none_in_metadata
"29d6v3",gone_404+snapshot_placeholder,gone_404,snapshot_placeholder,none_in_metadata
"29szvl",gone_404+snapshot_blank,gone_404,snapshot_blank,none_in_metadata
"2a08kw",gone_404+snapshot_placeholder,gone_404,snapshot_placeholder,none_in_metadata
"2a0xuu",gone_404+snapshot_placeholder,gone_404,snapshot_placeholder,none_in_metadata
"2ae1xc",gone_404+snapshot_placeholder,gone_404,snapshot_placeholder,none_in_metadata
"2aijum",gone_404+snapshot_furniture,gone_404,snapshot_furniture,none_in_metadata
"2ajgs3",gone_404+snapshot_placeholder,gone_404,snapshot_placeholder,none_in_metadata
"2an308",gone_404+snapshot_placeholder,gone_404,snapshot_placeholder,none_in_metadata
"2andbj",gone_404+snapshot_placeholder,gone_404,snapshot_placeholder,none_in_metadata
"2aq4d7",gone_404+snapshot_furniture,gone_404,snapshot_furniture,none_in_metadata
"2aql80",fetched_furniture+snapshot_furniture,fetched_furniture,snapshot_furniture,none_in_metadata
"2at54l",fetched_furniture+snapshot_furniture,fetched_furniture,snapshot_furniture,none_in_metadata
"2avbgq",gone_404+snapshot_placeholder,gone_404,snapshot_placeholder,none_in_metadata
"2ayole",gone_404+snapshot_furniture,gone_404,snapshot_furniture,none_in_metadata
"2b27fa",gone_404+snapshot_placeholder,gone_404,snapshot_placeholder,none_in_metadata
"2b3myp",gone_404+snapshot_placeholder,gone_404,snapshot_placeholder,none_in_metadata
"2b3tay",gone_404+snapshot_furniture,gone_404,snapshot_furniture,none_in_metadata
"2b5147",gone_404+snapshot_furniture,gone_404,snapshot_furniture,none_in_metadata
"2b6hjy",gone_404+snapshot_placeholder,gone_404,snapshot_placeholder,none_in_metadata
"2bnn09",gone_404+snapshot_placeholder,gone_404,snapshot_placeholder,none_in_metadata
"2bqezi",gone_404+snapshot_furniture,gone_404,snapshot_furniture,none_in_metadata
"2bquq5",gone_404+snapshot_furniture,gone_404,snapshot_furniture,none_in_metadata
"2bv74g",fetched_furniture+no_snapshot,fetched_furniture,no_snapshot,none_in_metadata
"2by6mm",fetched_furniture+snapshot_furniture,fetched_furniture,snapshot_furniture,none_in_metadata
"2c4zbr",fetched_furniture+snapshot_furniture,fetched_furniture,snapshot_furniture,none_in_metadata
"2cgrlf",gone_404+snapshot_furniture,gone_404,snapshot_furniture,none_in_metadata
"2chfck",fetched_placeholder+snapshot_placeholder,fetched_placeholder,snapshot_placeholder,none_in_metadata
"2cm6yr",gone_404+snapshot_placeholder,gone_404,snapshot_placeholder,none_in_metadata
"2cpoi4",fetched_furniture+no_snapshot,fetched_furniture,no_snapshot,none_in_metadata
"2cpur4",gone_404+snapshot_placeholder,gone_404,snapshot_placeholder,none_in_metadata
"2crziy",gone_404+snapshot_placeholder,gone_404,snapshot_placeholder,none_in_metadata
"2d1bgp",gone_404+snapshot_furniture,gone_404,snapshot_furniture,none_in_metadata
"2d1ozy",gone_404+snapshot_placeholder,gone_404,snapshot_placeholder,none_in_metadata
"2d4plu",gone_404+snapshot_furniture,gone_404,snapshot_furniture,none_in_metadata
"2d92dm",gone_404+snapshot_furniture,gone_404,snapshot_furniture,none_in_metadata
"2dbfvl",fetched_furniture+no_snapshot,fetched_furniture,no_snapshot,none_in_metadata
"2dr4w4",fetched_furniture+snapshot_furniture,fetched_furniture,snapshot_furniture,none_in_metadata
"2e3oxu",gone_404+snapshot_placeholder,gone_404,snapshot_placeholder,none_in_metadata
"2e73e7",gone_404+snapshot_furniture,gone_404,snapshot_furniture,none_in_metadata
"2eajbm",gone_404+snapshot_placeholder,gone_404,snapshot_placeholder,none_in_metadata
"2edp7h",gone_404+snapshot_furniture,gone_404,snapshot_furniture,none_in_metadata
"2efssv",gone_404+snapshot_placeholder,gone_404,snapshot_placeholder,none_in_metadata
"2ekhvp",gone_404+snapshot_placeholder,gone_404,snapshot_placeholder,none_in_metadata
"2ekiw2",gone_404+snapshot_placeholder,gone_404,snapshot_placeholder,none_in_metadata
"2erd2w",fetched_furniture+snapshot_furniture,fetched_furniture,snapshot_furniture,none_in_metadata
"2es821",gone_404+snapshot_placeholder,gone_404,snapshot_placeholder,none_in_metadata
"2f1t29",gone_404+snapshot_placeholder,gone_404,snapshot_placeholder,none_in_metadata
"2f6ifo",gone_404+snapshot_placeholder,gone_404,snapshot_placeholder,none_in_metadata
"2f8eew",gone_404+snapshot_placeholder,gone_404,snapshot_placeholder,none_in_metadata
"2ff1kh",gone_404+snapshot_placeholder,gone_404,snapshot_placeholder,none_in_metadata
"2fl6v7",gone_404+snapshot_placeholder,gone_404,snapshot_placeholder,none_in_metadata
"2g6gid",fetched_furniture+snapshot_furniture,fetched_furniture,snapshot_furniture,none_in_metadata
"2gajqg",gone_404+snapshot_placeholder,gone_404,snapshot_placeholder,none_in_metadata
"2gkb5h",gone_404+snapshot_furniture,gone_404,snapshot_furniture,none_in_metadata
"2gos4y",gone_404+snapshot_furniture,gone_404,snapshot_furniture,none_in_metadata
"2h0v62",gone_404+snapshot_placeholder,gone_404,snapshot_placeholder,none_in_metadata
"2ha5g0",gone_404+snapshot_placeholder,gone_404,snapshot_placeholder,none_in_metadata
"2herct",gone_404+snapshot_furniture,gone_404,snapshot_furniture,none_in_metadata
"2hg0ln",gone_404+snapshot_placeholder,gone_404,snapshot_placeholder,none_in_metadata
"2hgoia",gone_404+snapshot_placeholder,gone_404,snapshot_placeholder,none_in_metadata
"2hr7j3",gone_404+snapshot_furniture,gone_404,snapshot_furniture,none_in_metadata
"2hvpm5",gone_404+snapshot_placeholder,gone_404,snapshot_placeholder,none_in_metadata
"2hvsnx",gone_404+snapshot_placeholder,gone_404,snapshot_placeholder,none_in_metadata
"2hxov7",gone_404+snapshot_placeholder,gone_404,snapshot_placeholder,none_in_metadata
"2hzo9h",gone_404+snapshot_placeholder,gone_404,snapshot_placeholder,none_in_metadata
"2i0cta",fetched_furniture+snapshot_furniture,fetched_furniture,snapshot_furniture,none_in_metadata
"2i1nfd",gone_404+snapshot_placeholder,gone_404,snapshot_placeholder,none_in_metadata
"2i99tb",gone_404+snapshot_placeholder,gone_404,snapshot_placeholder,none_in_metadata
"2i9peo",gone_404+snapshot_placeholder,gone_404,snapshot_placeholder,none_in_metadata
"2i9zay",gone_404+snapshot_placeholder,gone_404,snapshot_placeholder,none_in_metadata
"2ib119",fetched_furniture+snapshot_furniture,fetched_furniture,snapshot_furniture,none_in_metadata
"2iezf7",gone_404+snapshot_placeholder,gone_404,snapshot_placeholder,none_in_metadata
"2iiptc",gone_404+snapshot_placeholder,gone_404,snapshot_placeholder,none_in_metadata
"2ijwij",fetched_furniture+snapshot_furniture,fetched_furniture,snapshot_furniture,none_in_metadata
"2ikbjf",gone_404+snapshot_placeholder,gone_404,snapshot_placeholder,none_in_metadata
"2inde9",gone_404+snapshot_placeholder,gone_404,snapshot_placeholder,none_in_metadata
"2it1e9",gone_404+snapshot_placeholder,gone_404,snapshot_placeholder,none_in_metadata
"2iwa7b",gone_404+snapshot_placeholder,gone_404,snapshot_placeholder,none_in_metadata
"2j92qx",gone_404+snapshot_furniture,gone_404,snapshot_furniture,none_in_metadata
"2jf4x1",gone_404+snapshot_furniture,gone_404,snapshot_furniture,none_in_metadata
"2jfcrz",gone_404+snapshot_placeholder,gone_404,snapshot_placeholder,none_in_metadata
"2jfwyd",gone_404+snapshot_furniture,gone_404,snapshot_furniture,none_in_metadata
"2jlbka",gone_404+snapshot_placeholder,gone_404,snapshot_placeholder,none_in_metadata
"2jlpuf",fetched_furniture+snapshot_furniture,fetched_furniture,snapshot_furniture,none_in_metadata
"2jramj",gone_404+snapshot_placeholder,gone_404,snapshot_placeholder,none_in_metadata
"2jrigh",gone_404+snapshot_placeholder,gone_404,snapshot_placeholder,none_in_metadata
"2jsqsj",gone_404+snapshot_placeholder,gone_404,snapshot_placeholder,none_in_metadata
"2k008o",gone_404+snapshot_placeholder,gone_404,snapshot_placeholder,none_in_metadata
"2k1cpr",gone_404+snapshot_placeholder,gone_404,snapshot_placeholder,none_in_metadata
"2k853c",gone_404+snapshot_placeholder,gone_404,snapshot_placeholder,none_in_metadata
"2k96et",gone_404+snapshot_placeholder,gone_404,snapshot_placeholder,none_in_metadata
"2kbotg",gone_404+snapshot_placeholder,gone_404,snapshot_placeholder,none_in_metadata
"2kc490",fetched_furniture+snapshot_furniture,fetched_furniture,snapshot_furniture,none_in_metadata
"2klo0k",gone_404+snapshot_furniture,gone_404,snapshot_furniture,none_in_metadata
"2kpnry",gone_404+snapshot_placeholder,gone_404,snapshot_placeholder,none_in_metadata
"2kpsxm",fetched_furniture+snapshot_furniture,fetched_furniture,snapshot_furniture,none_in_metadata
"2kvenv",fetched_furniture+snapshot_furniture,fetched_furniture,snapshot_furniture,none_in_metadata
"2l46a4",gone_404+snapshot_placeholder,gone_404,snapshot_placeholder,none_in_metadata
"2lcsuw",fetched_furniture+snapshot_furniture,fetched_furniture,snapshot_furniture,none_in_metadata
"2lekcf",gone_404+snapshot_placeholder,gone_404,snapshot_placeholder,none_in_metadata
"2lhul0",gone_404+snapshot_placeholder,gone_404,snapshot_placeholder,none_in_metadata
"2lpj1t",gone_404+snapshot_placeholder,gone_404,snapshot_placeholder,none_in_metadata
"2lsss7",gone_404+snapshot_placeholder,gone_404,snapshot_placeholder,none_in_metadata
"2lzyqi",gone_404+snapshot_furniture,gone_404,snapshot_furniture,none_in_metadata
"2maafb",gone_404+snapshot_furniture,gone_404,snapshot_furniture,none_in_metadata
"2mdmno",gone_404+snapshot_placeholder,gone_404,snapshot_placeholder,none_in_metadata
"2me42e",fetched_furniture+no_snapshot,fetched_furniture,no_snapshot,none_in_metadata
"2ms084",gone_404+snapshot_furniture,gone_404,snapshot_furniture,none_in_metadata
"2msw15",gone_404+snapshot_furniture,gone_404,snapshot_furniture,none_in_metadata
"2n1xh2",gone_404+snapshot_placeholder,gone_404,snapshot_placeholder,none_in_metadata
"2nnqrd",gone_404+snapshot_placeholder,gone_404,snapshot_placeholder,none_in_metadata
"2noyf2",gone_404+snapshot_placeholder,gone_404,snapshot_placeholder,none_in_metadata
"2nsao4",gone_404+snapshot_placeholder,gone_404,snapshot_placeholder,none_in_metadata
"2nzz1r",gone_404+snapshot_placeholder,gone_404,snapshot_placeholder,none_in_metadata
"2o9nyx",gone_404+snapshot_furniture,gone_404,snapshot_furniture,none_in_metadata
"2o9s2a",gone_404+snapshot_furniture,gone_404,snapshot_furniture,none_in_metadata
"2ogn0m",fetched_placeholder+no_snapshot,fetched_placeholder,no_snapshot,none_in_metadata
"2ojz65",fetched_furniture+snapshot_furniture,fetched_furniture,snapshot_furniture,none_in_metadata
"2olreg",gone_404+snapshot_placeholder,gone_404,snapshot_placeholder,none_in_metadata
"2onm05",gone_404+snapshot_placeholder,gone_404,snapshot_placeholder,none_in_metadata
"2orfdz",gone_404+snapshot_placeholder,gone_404,snapshot_placeholder,none_in_metadata
"2ou4tj",gone_404+snapshot_placeholder,gone_404,snapshot_placeholder,none_in_metadata
"2oz905",gone_404+snapshot_placeholder,gone_404,snapshot_placeholder,none_in_metadata
"2panuv",gone_404+snapshot_placeholder,gone_404,snapshot_placeholder,none_in_metadata
"2peuxf",gone_404+snapshot_placeholder,gone_404,snapshot_placeholder,none_in_metadata
"2pi10l",gone_404+snapshot_placeholder,gone_404,snapshot_placeholder,none_in_metadata
"2pn2ge",gone_404+snapshot_placeholder,gone_404,snapshot_placeholder,none_in_metadata
"2prbi5",gone_404+snapshot_placeholder,gone_404,snapshot_placeholder,none_in_metadata
"2psyia",fetched_furniture+snapshot_furniture,fetched_furniture,snapshot_furniture,none_in_metadata
"2pugpm",fetched_placeholder+snapshot_placeholder,fetched_placeholder,snapshot_placeholder,none_in_metadata
"2pwqlc",gone_404+snapshot_placeholder,gone_404,snapshot_placeholder,none_in_metadata
"2px0x5",gone_404+snapshot_placeholder,gone_404,snapshot_placeholder,none_in_metadata
"2q1479",gone_404+no_snapshot,gone_404,no_snapshot,none_in_metadata
"2qdj70",gone_404+snapshot_furniture,gone_404,snapshot_furniture,none_in_metadata
"2qes19",gone_404+snapshot_placeholder,gone_404,snapshot_placeholder,none_in_metadata
"2qgdwu",gone_404+snapshot_placeholder,gone_404,snapshot_placeholder,none_in_metadata
"2qhh53",gone_404+snapshot_placeholder,gone_404,snapshot_placeholder,none_in_metadata
"2qqn4t",gone_404+snapshot_placeholder,gone_404,snapshot_placeholder,none_in_metadata
"2qy0us",gone_404+snapshot_placeholder,gone_404,snapshot_placeholder,none_in_metadata
"2r49nt",gone_404+snapshot_placeholder,gone_404,snapshot_placeholder,none_in_metadata
"2r60y6",fetched_furniture+snapshot_furniture,fetched_furniture,snapshot_furniture,none_in_metadata
"2rdigt",gone_404+snapshot_placeholder,gone_404,snapshot_placeholder,none_in_metadata
"2rg7sp",gone_404+snapshot_placeholder,gone_404,snapshot_placeholder,none_in_metadata
"2rplaq",gone_404+snapshot_furniture,gone_404,snapshot_furniture,none_in_metadata
"2s2sf7",gone_404+no_snapshot,gone_404,no_snapshot,none_in_metadata
"2sjt6n",gone_404+snapshot_placeholder,gone_404,snapshot_placeholder,none_in_metadata
"2skvyo",gone_404+snapshot_placeholder,gone_404,snapshot_placeholder,none_in_metadata
"2so4yx",gone_404+snapshot_placeholder,gone_404,snapshot_placeholder,none_in_metadata
"2sqcjb",gone_404+snapshot_placeholder,gone_404,snapshot_placeholder,none_in_metadata
"2sqy07",gone_404+snapshot_placeholder,gone_404,snapshot_placeholder,none_in_metadata
"2t3s1s",gone_404+snapshot_placeholder,gone_404,snapshot_placeholder,none_in_metadata
"2t64ga",gone_404+snapshot_placeholder,gone_404,snapshot_placeholder,none_in_metadata
"2t6yxh",gone_404+snapshot_placeholder,gone_404,snapshot_placeholder,none_in_metadata
"2thcyu",gone_404+snapshot_placeholder,gone_404,snapshot_placeholder,none_in_metadata
"2twmso",gone_404+snapshot_placeholder,gone_404,snapshot_placeholder,none_in_metadata
"2txtgm",gone_404+snapshot_placeholder,gone_404,snapshot_placeholder,none_in_metadata
"2u7jnv",fetched_furniture+snapshot_furniture,fetched_furniture,snapshot_furniture,none_in_metadata
"2ub9t0",gone_404+snapshot_placeholder,gone_404,snapshot_placeholder,none_in_metadata
"2ubsfo",gone_404+snapshot_placeholder,gone_404,snapshot_placeholder,none_in_metadata
"2ucbe5",gone_404+snapshot_placeholder,gone_404,snapshot_placeholder,none_in_metadata
"2uh4ks",gone_404+snapshot_placeholder,gone_404,snapshot_placeholder,none_in_metadata
"2vopzl",fetched_blank+snapshot_placeholder,fetched_blank,snapshot_placeholder,none_in_metadata
"2vp92s",gone_404+snapshot_furniture,gone_404,snapshot_furniture,none_in_metadata
"2vsikl",fetched_placeholder+snapshot_placeholder,fetched_placeholder,snapshot_placeholder,none_in_metadata
"2vufpg",gone_404+snapshot_placeholder,gone_404,snapshot_placeholder,none_in_metadata
"2vvtoy",gone_404+snapshot_placeholder,gone_404,snapshot_placeholder,none_in_metadata
"2wcsxr",gone_404+snapshot_placeholder,gone_404,snapshot_placeholder,none_in_metadata
"2ww9b8",gone_404+snapshot_placeholder,gone_404,snapshot_placeholder,none_in_metadata
"2x8p7k",gone_404+snapshot_placeholder,gone_404,snapshot_placeholder,none_in_metadata
"2xd8bm",gone_404+snapshot_placeholder,gone_404,snapshot_placeholder,none_in_metadata
"2xjsnv",gone_404+snapshot_placeholder,gone_404,snapshot_placeholder,none_in_metadata
"2xjw6w",gone_404+snapshot_placeholder,gone_404,snapshot_placeholder,none_in_metadata
"2xk76q",gone_404+snapshot_placeholder,gone_404,snapshot_placeholder,none_in_metadata
"2xk9jl",gone_404+snapshot_placeholder,gone_404,snapshot_placeholder,none_in_metadata
"2xt5cn",gone_404+snapshot_placeholder,gone_404,snapshot_placeholder,none_in_metadata
"2xx26a",fetched_furniture+snapshot_furniture,fetched_furniture,snapshot_furniture,none_in_metadata
"2y4rhb",gone_404+snapshot_placeholder,gone_404,snapshot_placeholder,none_in_metadata
"2y8fol",gone_404+snapshot_placeholder,gone_404,snapshot_placeholder,none_in_metadata
"2yc9ox",gone_404+snapshot_placeholder,gone_404,snapshot_placeholder,none_in_metadata
"2ycm5u",gone_404+snapshot_placeholder,gone_404,snapshot_placeholder,none_in_metadata
"2ylaj8",gone_404+snapshot_placeholder,gone_404,snapshot_placeholder,none_in_metadata
"2z1bgm",gone_404+snapshot_placeholder,gone_404,snapshot_placeholder,none_in_metadata
"2z1v6j",gone_404+snapshot_placeholder,gone_404,snapshot_placeholder,none_in_metadata
"2z5tld",gone_404+snapshot_placeholder,gone_404,snapshot_placeholder,none_in_metadata
"2z7t84",gone_404+snapshot_placeholder,gone_404,snapshot_placeholder,none_in_metadata
"2z8z88",fetched_furniture+snapshot_furniture,fetched_furniture,snapshot_furniture,none_in_metadata
"2z9i0i",gone_404+snapshot_furniture,gone_404,snapshot_furniture,none_in_metadata
"2zpocx",gone_404+snapshot_placeholder,gone_404,snapshot_placeholder,none_in_metadata
"2zz2je",gone_404+snapshot_placeholder,gone_404,snapshot_placeholder,none_in_metadata
"302oef",gone_404+snapshot_placeholder,gone_404,snapshot_placeholder,none_in_metadata
"305pmu",gone_404+snapshot_placeholder,gone_404,snapshot_placeholder,none_in_metadata
"30gq14",gone_404+snapshot_placeholder,gone_404,snapshot_placeholder,none_in_metadata
"30iaga",gone_404+snapshot_placeholder,gone_404,snapshot_placeholder,none_in_metadata
"30ilyq",gone_404+snapshot_placeholder,gone_404,snapshot_placeholder,none_in_metadata
"30ni0i",gone_404+snapshot_placeholder,gone_404,snapshot_placeholder,none_in_metadata
"30psyv",gone_404+snapshot_placeholder,gone_404,snapshot_placeholder,none_in_metadata
"30ti5r",gone_404+snapshot_placeholder,gone_404,snapshot_placeholder,none_in_metadata
"30w0n5",gone_404+snapshot_placeholder,gone_404,snapshot_placeholder,none_in_metadata
"312seb",gone_404+snapshot_placeholder,gone_404,snapshot_placeholder,none_in_metadata
"31h57s",gone_404+snapshot_placeholder,gone_404,snapshot_placeholder,none_in_metadata
"31j732",gone_404+snapshot_placeholder,gone_404,snapshot_placeholder,none_in_metadata
"31n8wh",gone_404+snapshot_placeholder,gone_404,snapshot_placeholder,none_in_metadata
"31rdai",fetched_furniture+snapshot_furniture,fetched_furniture,snapshot_furniture,none_in_metadata
"31rl5y",gone_404+snapshot_placeholder,gone_404,snapshot_placeholder,none_in_metadata
"31vcqc",gone_404+snapshot_placeholder,gone_404,snapshot_placeholder,none_in_metadata
"31xe2t",gone_404+snapshot_furniture,gone_404,snapshot_furniture,none_in_metadata
"320dwa",gone_404+snapshot_placeholder,gone_404,snapshot_placeholder,none_in_metadata
"324c4w",gone_404+snapshot_placeholder,gone_404,snapshot_placeholder,none_in_metadata
"3297gm",gone_404+snapshot_placeholder,gone_404,snapshot_placeholder,none_in_metadata
"32gw3t",gone_404+snapshot_placeholder,gone_404,snapshot_placeholder,none_in_metadata
"32iycf",gone_404+snapshot_furniture,gone_404,snapshot_furniture,none_in_metadata
"32p92z",gone_404+snapshot_placeholder,gone_404,snapshot_placeholder,none_in_metadata
"32q73n",gone_404+snapshot_placeholder,gone_404,snapshot_placeholder,none_in_metadata
"32sm8f",gone_404+snapshot_placeholder,gone_404,snapshot_placeholder,none_in_metadata
"32u7o4",gone_404+snapshot_placeholder,gone_404,snapshot_placeholder,none_in_metadata
"32zp2i",gone_404+snapshot_furniture,gone_404,snapshot_furniture,none_in_metadata
"3316cp",fetched_furniture+snapshot_furniture,fetched_furniture,snapshot_furniture,none_in_metadata
"338kk3",gone_404+snapshot_placeholder,gone_404,snapshot_placeholder,none_in_metadata
"339918",gone_404+snapshot_placeholder,gone_404,snapshot_placeholder,none_in_metadata
"33dy45",gone_404+snapshot_placeholder,gone_404,snapshot_placeholder,none_in_metadata
"33i4w8",fetched_furniture+snapshot_furniture,fetched_furniture,snapshot_furniture,none_in_metadata
"33la4s",gone_404+snapshot_placeholder,gone_404,snapshot_placeholder,none_in_metadata
"33mzr0",fetched_furniture+snapshot_furniture,fetched_furniture,snapshot_furniture,none_in_metadata
"33pri3",gone_404+snapshot_furniture,gone_404,snapshot_furniture,none_in_metadata
"33s7we",gone_404+snapshot_placeholder,gone_404,snapshot_placeholder,none_in_metadata
"346ste",gone_404+snapshot_placeholder,gone_404,snapshot_placeholder,none_in_metadata
"34b6yz",gone_404+snapshot_placeholder,gone_404,snapshot_placeholder,none_in_metadata
"34cxki",gone_404+snapshot_furniture,gone_404,snapshot_furniture,none_in_metadata
"34l30u",gone_404+snapshot_placeholder,gone_404,snapshot_placeholder,none_in_metadata
"34ngt3",gone_404+snapshot_placeholder,gone_404,snapshot_placeholder,none_in_metadata
"34tj0e",gone_404+snapshot_placeholder,gone_404,snapshot_placeholder,none_in_metadata
"34u1jt",fetched_furniture+snapshot_furniture,fetched_furniture,snapshot_furniture,none_in_metadata
"34vmjm",gone_404+snapshot_placeholder,gone_404,snapshot_placeholder,none_in_metadata
"34vsqw",gone_404+snapshot_placeholder,gone_404,snapshot_placeholder,none_in_metadata
"34yzy6",gone_404+snapshot_placeholder,gone_404,snapshot_placeholder,none_in_metadata
"352ilh",gone_404+snapshot_placeholder,gone_404,snapshot_placeholder,none_in_metadata
"355z3e",fetched_furniture+snapshot_furniture,fetched_furniture,snapshot_furniture,none_in_metadata
"359ck1",fetched_furniture+snapshot_furniture,fetched_furniture,snapshot_furniture,none_in_metadata
"35auxi",gone_404+snapshot_placeholder,gone_404,snapshot_placeholder,none_in_metadata
"35eo9y",gone_404+snapshot_placeholder,gone_404,snapshot_placeholder,none_in_metadata
"35m7ze",gone_404+snapshot_placeholder,gone_404,snapshot_placeholder,none_in_metadata
"35rb0o",fetched_furniture+snapshot_furniture,fetched_furniture,snapshot_furniture,none_in_metadata
"35w843",gone_404+snapshot_placeholder,gone_404,snapshot_placeholder,none_in_metadata
"361ygl",fetched_furniture+snapshot_furniture,fetched_furniture,snapshot_furniture,none_in_metadata
"366pif",gone_404+snapshot_placeholder,gone_404,snapshot_placeholder,none_in_metadata
"36i9oz",gone_404+snapshot_furniture,gone_404,snapshot_furniture,none_in_metadata
"36kpg5",fetched_furniture+snapshot_furniture,fetched_furniture,snapshot_furniture,none_in_metadata
"36q7wk",gone_404+snapshot_placeholder,gone_404,snapshot_placeholder,none_in_metadata
"36qtvx",gone_404+snapshot_placeholder,gone_404,snapshot_placeholder,none_in_metadata
"36rrkl",gone_404+snapshot_placeholder,gone_404,snapshot_placeholder,none_in_metadata
"36rvm8",fetched_furniture+snapshot_furniture,fetched_furniture,snapshot_furniture,none_in_metadata
"37gydc",fetched_furniture+snapshot_furniture,fetched_furniture,snapshot_furniture,none_in_metadata
"37ju38",gone_404+snapshot_furniture,gone_404,snapshot_furniture,none_in_metadata
"37mvdg",fetched_furniture+snapshot_furniture,fetched_furniture,snapshot_furniture,none_in_metadata
"37qiyz",gone_404+snapshot_placeholder,gone_404,snapshot_placeholder,none_in_metadata
"37v132",gone_404+snapshot_placeholder,gone_404,snapshot_placeholder,none_in_metadata
"37y184",gone_404+snapshot_placeholder,gone_404,snapshot_placeholder,none_in_metadata
"37z5ex",gone_404+snapshot_placeholder,gone_404,snapshot_placeholder,none_in_metadata
"37z5od",gone_404+snapshot_placeholder,gone_404,snapshot_placeholder,none_in_metadata
"380752",gone_404+snapshot_placeholder,gone_404,snapshot_placeholder,none_in_metadata
"380kae",fetched_furniture+snapshot_furniture,fetched_furniture,snapshot_furniture,none_in_metadata
"383exv",fetched_furniture+snapshot_furniture,fetched_furniture,snapshot_furniture,none_in_metadata
"385ggt",gone_404+snapshot_placeholder,gone_404,snapshot_placeholder,none_in_metadata
"388guf",gone_404+snapshot_placeholder,gone_404,snapshot_placeholder,none_in_metadata
"38doti",gone_404+snapshot_placeholder,gone_404,snapshot_placeholder,none_in_metadata
"38j1xx",fetched_furniture+snapshot_furniture,fetched_furniture,snapshot_furniture,none_in_metadata
"38j2hc",fetched_furniture+snapshot_furniture,fetched_furniture,snapshot_furniture,none_in_metadata
"38oi7b",gone_404+snapshot_placeholder,gone_404,snapshot_placeholder,none_in_metadata
"38p5r5",gone_404+snapshot_placeholder,gone_404,snapshot_placeholder,none_in_metadata
"38swsa",gone_404+snapshot_placeholder,gone_404,snapshot_placeholder,none_in_metadata
"38sx26",gone_404+snapshot_placeholder,gone_404,snapshot_placeholder,none_in_metadata
"38wzo3",fetched_furniture+snapshot_furniture,fetched_furniture,snapshot_furniture,none_in_metadata
"38ymtx",gone_404+snapshot_placeholder,gone_404,snapshot_placeholder,none_in_metadata
"394aew",fetched_furniture+snapshot_furniture,fetched_furniture,snapshot_furniture,none_in_metadata
"396z3y",gone_404+snapshot_placeholder,gone_404,snapshot_placeholder,none_in_metadata
"399qww",gone_404+snapshot_placeholder,gone_404,snapshot_placeholder,none_in_metadata
"39b8y0",gone_404+snapshot_furniture,gone_404,snapshot_furniture,none_in_metadata
"39gecd",gone_404+snapshot_placeholder,gone_404,snapshot_placeholder,none_in_metadata
"39i1zc",gone_404+snapshot_placeholder,gone_404,snapshot_placeholder,none_in_metadata
"39iidx",gone_404+snapshot_furniture,gone_404,snapshot_furniture,none_in_metadata
"39il16",gone_404+snapshot_furniture,gone_404,snapshot_furniture,none_in_metadata
"39oa94",gone_404+snapshot_placeholder,gone_404,snapshot_placeholder,none_in_metadata
"39ph47",fetched_furniture+snapshot_furniture,fetched_furniture,snapshot_furniture,none_in_metadata
"39wjtl",gone_404+snapshot_placeholder,gone_404,snapshot_placeholder,none_in_metadata
"39xw9x",gone_404+snapshot_placeholder,gone_404,snapshot_placeholder,none_in_metadata
"3a5733",gone_404+snapshot_placeholder,gone_404,snapshot_placeholder,none_in_metadata
"3aadp4",gone_404+snapshot_placeholder,gone_404,snapshot_placeholder,none_in_metadata
"3aix0f",gone_404+snapshot_placeholder,gone_404,snapshot_placeholder,none_in_metadata
"3aq0tp",gone_404+snapshot_furniture,gone_404,snapshot_furniture,none_in_metadata
"3aqibg",gone_404+snapshot_placeholder,gone_404,snapshot_placeholder,none_in_metadata
"3au85c",gone_404+snapshot_furniture,gone_404,snapshot_furniture,none_in_metadata
"3ayj1v",fetched_furniture+no_snapshot,fetched_furniture,no_snapshot,none_in_metadata
"3b8732",fetched_furniture+snapshot_furniture,fetched_furniture,snapshot_furniture,none_in_metadata
"3bbp5q",gone_404+snapshot_placeholder,gone_404,snapshot_placeholder,none_in_metadata
"3bcl1n",fetched_furniture+snapshot_furniture,fetched_furniture,snapshot_furniture,none_in_metadata
"3bfdgb",gone_404+snapshot_placeholder,gone_404,snapshot_placeholder,none_in_metadata
"3bh69n",gone_404+snapshot_placeholder,gone_404,snapshot_placeholder,none_in_metadata
"3bk2vh",gone_404+snapshot_placeholder,gone_404,snapshot_placeholder,none_in_metadata
"3bld1c",gone_404+snapshot_placeholder,gone_404,snapshot_placeholder,none_in_metadata
"3bq8qj",gone_404+snapshot_furniture,gone_404,snapshot_furniture,none_in_metadata
"3bsa6n",gone_404+snapshot_placeholder,gone_404,snapshot_placeholder,none_in_metadata
"3btigu",gone_404+snapshot_placeholder,gone_404,snapshot_placeholder,none_in_metadata
"3bveuj",gone_404+snapshot_furniture,gone_404,snapshot_furniture,none_in_metadata
"3bxud0",gone_404+snapshot_placeholder,gone_404,snapshot_placeholder,none_in_metadata
"3c4fwb",gone_404+snapshot_placeholder,gone_404,snapshot_placeholder,none_in_metadata
"3ceoj2",fetched_furniture+snapshot_furniture,fetched_furniture,snapshot_furniture,none_in_metadata
"3cg39n",gone_404+snapshot_placeholder,gone_404,snapshot_placeholder,none_in_metadata
"3cgz2b",fetched_furniture+snapshot_furniture,fetched_furniture,snapshot_furniture,none_in_metadata
"3cmnld",gone_404+snapshot_blank,gone_404,snapshot_blank,none_in_metadata
"3cno0g",fetched_furniture+snapshot_furniture,fetched_furniture,snapshot_furniture,none_in_metadata
"3coo45",gone_404+snapshot_placeholder,gone_404,snapshot_placeholder,none_in_metadata
"3cpb55",gone_404+snapshot_furniture,gone_404,snapshot_furniture,none_in_metadata
"3csqvo",gone_404+snapshot_placeholder,gone_404,snapshot_placeholder,none_in_metadata
"3d4v83",gone_404+snapshot_placeholder,gone_404,snapshot_placeholder,none_in_metadata
"3df26o",gone_404+snapshot_placeholder,gone_404,snapshot_placeholder,none_in_metadata
"3dhm70",gone_404+snapshot_furniture,gone_404,snapshot_furniture,none_in_metadata
"3dlmw5",gone_404+snapshot_placeholder,gone_404,snapshot_placeholder,none_in_metadata
"3dr097",gone_404+snapshot_placeholder,gone_404,snapshot_placeholder,none_in_metadata
"3dv66p",gone_404+snapshot_placeholder,gone_404,snapshot_placeholder,none_in_metadata
"3dyyiy",gone_404+snapshot_placeholder,gone_404,snapshot_placeholder,none_in_metadata
"3e1tpg",gone_404+snapshot_placeholder,gone_404,snapshot_placeholder,none_in_metadata
"3e3ieo",gone_404+snapshot_placeholder,gone_404,snapshot_placeholder,none_in_metadata
"3e3o3a",gone_404+snapshot_placeholder,gone_404,snapshot_placeholder,none_in_metadata
"3e582o",gone_404+snapshot_placeholder,gone_404,snapshot_placeholder,none_in_metadata
"3e9nzm",gone_404+snapshot_placeholder,gone_404,snapshot_placeholder,none_in_metadata
"3ecmqp",gone_404+snapshot_placeholder,gone_404,snapshot_placeholder,none_in_metadata
"3ehwrr",gone_404+snapshot_placeholder,gone_404,snapshot_placeholder,none_in_metadata
"3ekk6u",gone_404+snapshot_placeholder,gone_404,snapshot_placeholder,none_in_metadata
"3eklyy",gone_404+snapshot_placeholder,gone_404,snapshot_placeholder,none_in_metadata
"3exazm",fetched_placeholder+snapshot_placeholder,fetched_placeholder,snapshot_placeholder,none_in_metadata
"3f0jx2",gone_404+snapshot_placeholder,gone_404,snapshot_placeholder,none_in_metadata
"3f0okw",gone_404+snapshot_placeholder,gone_404,snapshot_placeholder,none_in_metadata
"3f48bn",fetched_furniture+snapshot_furniture,fetched_furniture,snapshot_furniture,none_in_metadata
"3f568a",gone_404+snapshot_placeholder,gone_404,snapshot_placeholder,none_in_metadata
"3fgqyp",fetched_furniture+snapshot_furniture,fetched_furniture,snapshot_furniture,none_in_metadata
"3fnyb5",gone_404+snapshot_placeholder,gone_404,snapshot_placeholder,none_in_metadata
"3fqhle",gone_404+snapshot_placeholder,gone_404,snapshot_placeholder,none_in_metadata
"3g09kh",gone_404+snapshot_placeholder,gone_404,snapshot_placeholder,none_in_metadata
"3g9s3r",gone_404+snapshot_placeholder,gone_404,snapshot_placeholder,none_in_metadata
"3ggacn",gone_404+snapshot_placeholder,gone_404,snapshot_placeholder,none_in_metadata
"3ghhbx",gone_404+snapshot_placeholder,gone_404,snapshot_placeholder,none_in_metadata
"3grmb9",gone_404+snapshot_placeholder,gone_404,snapshot_placeholder,none_in_metadata
"3guwrj",gone_404+snapshot_placeholder,gone_404,snapshot_placeholder,none_in_metadata
"3gwufn",gone_404+snapshot_furniture,gone_404,snapshot_furniture,none_in_metadata
"3gzhgy",fetched_furniture+snapshot_furniture,fetched_furniture,snapshot_furniture,none_in_metadata
"3hlrww",gone_404+snapshot_placeholder,gone_404,snapshot_placeholder,none_in_metadata
"3hn31n",gone_404+snapshot_placeholder,gone_404,snapshot_placeholder,none_in_metadata
"3hw69l",gone_404+snapshot_placeholder,gone_404,snapshot_placeholder,none_in_metadata
"3hy04x",gone_404+snapshot_placeholder,gone_404,snapshot_placeholder,none_in_metadata
"3i07ra",gone_404+snapshot_placeholder,gone_404,snapshot_placeholder,none_in_metadata
"3idogi",gone_404+snapshot_placeholder,gone_404,snapshot_placeholder,none_in_metadata
"3ifit9",gone_404+snapshot_placeholder,gone_404,snapshot_placeholder,none_in_metadata
"3ikdp1",fetched_furniture+snapshot_furniture,fetched_furniture,snapshot_furniture,none_in_metadata
"3ikpp2",gone_404+snapshot_placeholder,gone_404,snapshot_placeholder,none_in_metadata
"3ikpqt",gone_404+snapshot_placeholder,gone_404,snapshot_placeholder,none_in_metadata
"3ilnu5",gone_404+snapshot_placeholder,gone_404,snapshot_placeholder,none_in_metadata
"3imoh9",fetched_furniture+snapshot_furniture,fetched_furniture,snapshot_furniture,none_in_metadata
"3imzj2",gone_404+snapshot_placeholder,gone_404,snapshot_placeholder,none_in_metadata
"3ip0yw",gone_404+snapshot_placeholder,gone_404,snapshot_placeholder,none_in_metadata
"3j3lyc",gone_404+snapshot_placeholder,gone_404,snapshot_placeholder,none_in_metadata
"3jalk2",gone_404+snapshot_placeholder,gone_404,snapshot_placeholder,none_in_metadata
"3jcuor",gone_404+snapshot_placeholder,gone_404,snapshot_placeholder,none_in_metadata
"3jdnvo",gone_404+snapshot_placeholder,gone_404,snapshot_placeholder,none_in_metadata
"3jgx8x",gone_404+snapshot_placeholder,gone_404,snapshot_placeholder,none_in_metadata
"3ji42h",gone_404+snapshot_placeholder,gone_404,snapshot_placeholder,none_in_metadata
"3jt3hj",gone_404+snapshot_placeholder,gone_404,snapshot_placeholder,none_in_metadata
"3k3pt2",fetched_furniture+snapshot_furniture,fetched_furniture,snapshot_furniture,none_in_metadata
"3k7nj0",fetched_furniture+snapshot_furniture,fetched_furniture,snapshot_furniture,none_in_metadata
"3kkf2e",fetched_furniture+snapshot_furniture,fetched_furniture,snapshot_furniture,none_in_metadata
"3l2p2v",fetched_furniture+snapshot_furniture,fetched_furniture,snapshot_furniture,none_in_metadata
"3lgq2n",gone_404+snapshot_placeholder,gone_404,snapshot_placeholder,none_in_metadata
"3lvg4k",gone_404+snapshot_furniture,gone_404,snapshot_furniture,none_in_metadata
"3m1jiq",gone_404+snapshot_furniture,gone_404,snapshot_furniture,none_in_metadata
"3m9scf",gone_404+snapshot_placeholder,gone_404,snapshot_placeholder,none_in_metadata
"3mby4g",fetched_furniture+snapshot_furniture,fetched_furniture,snapshot_furniture,none_in_metadata
"3mh2w0",gone_404+snapshot_placeholder,gone_404,snapshot_placeholder,none_in_metadata
"3mhml1",gone_404+snapshot_furniture,gone_404,snapshot_furniture,none_in_metadata
"3ml9nv",gone_404+snapshot_placeholder,gone_404,snapshot_placeholder,none_in_metadata
"3mqire",gone_404+snapshot_placeholder,gone_404,snapshot_placeholder,none_in_metadata
"3mzmp7",gone_404+snapshot_placeholder,gone_404,snapshot_placeholder,none_in_metadata
"3n7v9o",gone_404+snapshot_placeholder,gone_404,snapshot_placeholder,none_in_metadata
"3n98gd",gone_404+snapshot_furniture,gone_404,snapshot_furniture,none_in_metadata
"3nghw5",gone_404+snapshot_placeholder,gone_404,snapshot_placeholder,none_in_metadata
"3nja8p",gone_404+snapshot_placeholder,gone_404,snapshot_placeholder,none_in_metadata
"3nkzfa",gone_404+snapshot_placeholder,gone_404,snapshot_placeholder,none_in_metadata
"3nkzgp",gone_404+snapshot_placeholder,gone_404,snapshot_placeholder,none_in_metadata
"3nwoft",gone_404+snapshot_placeholder,gone_404,snapshot_placeholder,none_in_metadata
"3o24i4",gone_404+snapshot_placeholder,gone_404,snapshot_placeholder,none_in_metadata
"3ocjf1",fetched_furniture+snapshot_furniture,fetched_furniture,snapshot_furniture,none_in_metadata
"3oi3dj",gone_404+snapshot_placeholder,gone_404,snapshot_placeholder,none_in_metadata
"3okwwi",fetched_furniture+no_snapshot,fetched_furniture,no_snapshot,none_in_metadata
"3om20j",fetched_furniture+snapshot_furniture,fetched_furniture,snapshot_furniture,none_in_metadata
"3oqcv6",fetched_furniture+no_snapshot,fetched_furniture,no_snapshot,none_in_metadata
"3p12gc",fetched_furniture+snapshot_furniture,fetched_furniture,snapshot_furniture,none_in_metadata
"3paoum",gone_404+snapshot_blank,gone_404,snapshot_blank,none_in_metadata
"3pepdm",gone_404+snapshot_placeholder,gone_404,snapshot_placeholder,none_in_metadata
"3q7jxt",fetched_furniture+snapshot_furniture,fetched_furniture,snapshot_furniture,none_in_metadata
"3qce07",gone_404+snapshot_placeholder,gone_404,snapshot_placeholder,none_in_metadata
"3qegvs",fetched_furniture+snapshot_furniture,fetched_furniture,snapshot_furniture,none_in_metadata
"3qk6s7",fetched_furniture+snapshot_furniture,fetched_furniture,snapshot_furniture,none_in_metadata
"3qlfk4",gone_404+snapshot_furniture,gone_404,snapshot_furniture,none_in_metadata
"3qrrwf",gone_404+snapshot_placeholder,gone_404,snapshot_placeholder,none_in_metadata
"3r2ppv",gone_404+snapshot_placeholder,gone_404,snapshot_placeholder,none_in_metadata
"3r2pqe",gone_404+snapshot_placeholder,gone_404,snapshot_placeholder,none_in_metadata
"3r9g3x",gone_404+snapshot_placeholder,gone_404,snapshot_placeholder,none_in_metadata
"3r9nuv",gone_404+snapshot_placeholder,gone_404,snapshot_placeholder,none_in_metadata
"3rcmqf",gone_404+snapshot_placeholder,gone_404,snapshot_placeholder,none_in_metadata
"3rcsf9",gone_404+snapshot_placeholder,gone_404,snapshot_placeholder,none_in_metadata
"3s01li",gone_404+snapshot_placeholder,gone_404,snapshot_placeholder,none_in_metadata
"3s0ruu",gone_404+snapshot_furniture,gone_404,snapshot_furniture,none_in_metadata
"3s4917",gone_404+snapshot_placeholder,gone_404,snapshot_placeholder,none_in_metadata
"3sxipi",gone_404+snapshot_placeholder,gone_404,snapshot_placeholder,none_in_metadata
"3t0jws",gone_404+snapshot_placeholder,gone_404,snapshot_placeholder,none_in_metadata
"3tcjln",gone_404+snapshot_furniture,gone_404,snapshot_furniture,none_in_metadata
"3tlnb4",fetched_furniture+no_snapshot,fetched_furniture,no_snapshot,none_in_metadata
"3tmd1l",fetched_furniture+snapshot_furniture,fetched_furniture,snapshot_furniture,none_in_metadata
"3tn010",gone_404+snapshot_placeholder,gone_404,snapshot_placeholder,none_in_metadata
"3u122n",fetched_furniture+snapshot_furniture,fetched_furniture,snapshot_furniture,none_in_metadata
"3u8zvr",gone_404+snapshot_placeholder,gone_404,snapshot_placeholder,none_in_metadata
"3u9i2s",gone_404+snapshot_placeholder,gone_404,snapshot_placeholder,none_in_metadata
"3uh5xu",fetched_furniture+snapshot_furniture,fetched_furniture,snapshot_furniture,none_in_metadata
"3uzhf4",gone_404+snapshot_placeholder,gone_404,snapshot_placeholder,none_in_metadata
"3v6oju",gone_404+snapshot_placeholder,gone_404,snapshot_placeholder,none_in_metadata
"3vqvj1",gone_404+snapshot_placeholder,gone_404,snapshot_placeholder,none_in_metadata
"3w2ysx",gone_404+snapshot_placeholder,gone_404,snapshot_placeholder,none_in_metadata
"3w3p1m",gone_404+snapshot_blank,gone_404,snapshot_blank,none_in_metadata
"3wnum0",gone_404+snapshot_placeholder,gone_404,snapshot_placeholder,none_in_metadata
"3wqo6n",gone_404+snapshot_placeholder,gone_404,snapshot_placeholder,none_in_metadata
"3xy2qi",gone_404+snapshot_placeholder,gone_404,snapshot_placeholder,none_in_metadata
"3yf1r0",gone_404+snapshot_placeholder,gone_404,snapshot_placeholder,none_in_metadata
"3yi4o3",gone_404+snapshot_placeholder,gone_404,snapshot_placeholder,none_in_metadata
"3yk89r",gone_404+snapshot_placeholder,gone_404,snapshot_placeholder,none_in_metadata
"3ymqyt",gone_404+snapshot_placeholder,gone_404,snapshot_placeholder,none_in_metadata
"3yo8yq",gone_404+snapshot_placeholder,gone_404,snapshot_placeholder,none_in_metadata
"3yuftv",gone_404+snapshot_placeholder,gone_404,snapshot_placeholder,none_in_metadata
"3yysa4",gone_404+snapshot_placeholder,gone_404,snapshot_placeholder,none_in_metadata
"3z4u7t",gone_404+snapshot_placeholder,gone_404,snapshot_placeholder,none_in_metadata
"3z5sp6",gone_404+snapshot_placeholder,gone_404,snapshot_placeholder,none_in_metadata
"3z95xq",gone_404+snapshot_placeholder,gone_404,snapshot_placeholder,none_in_metadata
"3zg2ou",gone_404+snapshot_placeholder,gone_404,snapshot_placeholder,none_in_metadata
"3zkzzi",gone_404+snapshot_placeholder,gone_404,snapshot_placeholder,none_in_metadata
"3zlq40",gone_404+snapshot_placeholder,gone_404,snapshot_placeholder,none_in_metadata
"3zlxtx",gone_404+snapshot_placeholder,gone_404,snapshot_placeholder,none_in_metadata
"3zmzcj",gone_404+snapshot_placeholder,gone_404,snapshot_placeholder,none_in_metadata
"40aaue",gone_404+snapshot_furniture,gone_404,snapshot_furniture,none_in_metadata
"41jiln",gone_404+snapshot_placeholder,gone_404,snapshot_placeholder,none_in_metadata
"41uixn",gone_404+snapshot_placeholder,gone_404,snapshot_placeholder,none_in_metadata
"41vnin",gone_404+snapshot_furniture,gone_404,snapshot_furniture,none_in_metadata
"41vpi9",gone_404+snapshot_placeholder,gone_404,snapshot_placeholder,none_in_metadata
"41weqe",fetched_furniture+snapshot_blank,fetched_furniture,snapshot_blank,none_in_metadata
"41wzlu",fetched_furniture+snapshot_furniture,fetched_furniture,snapshot_furniture,none_in_metadata
"421brl",gone_404+snapshot_placeholder,gone_404,snapshot_placeholder,none_in_metadata
"426r1n",gone_404+snapshot_placeholder,gone_404,snapshot_placeholder,none_in_metadata
"426rqv",fetched_furniture+snapshot_furniture,fetched_furniture,snapshot_furniture,none_in_metadata
"42et2i",gone_404+snapshot_placeholder,gone_404,snapshot_placeholder,none_in_metadata
"42i9nt",gone_404+snapshot_placeholder,gone_404,snapshot_placeholder,none_in_metadata
"42on4l",gone_404+snapshot_placeholder,gone_404,snapshot_placeholder,none_in_metadata
"436a75",gone_404+snapshot_placeholder,gone_404,snapshot_placeholder,none_in_metadata
"43juc6",gone_404+snapshot_placeholder,gone_404,snapshot_placeholder,none_in_metadata
"43uzjc",gone_404+snapshot_placeholder,gone_404,snapshot_placeholder,none_in_metadata
"43vfg9",gone_404+snapshot_furniture,gone_404,snapshot_furniture,none_in_metadata
"44bpqq",gone_404+snapshot_placeholder,gone_404,snapshot_placeholder,none_in_metadata
"44hrwl",gone_404+snapshot_placeholder,gone_404,snapshot_placeholder,none_in_metadata
"44hzz2",gone_404+snapshot_placeholder,gone_404,snapshot_placeholder,none_in_metadata
"453uzb",gone_404+snapshot_placeholder,gone_404,snapshot_placeholder,none_in_metadata
"45fcts",gone_404+snapshot_placeholder,gone_404,snapshot_placeholder,none_in_metadata
"45fwlg",gone_404+snapshot_placeholder,gone_404,snapshot_placeholder,none_in_metadata
"45nc08",gone_404+snapshot_furniture,gone_404,snapshot_furniture,none_in_metadata
"45r1ec",gone_404+snapshot_placeholder,gone_404,snapshot_placeholder,none_in_metadata
"467a5g",gone_404+snapshot_placeholder,gone_404,snapshot_placeholder,none_in_metadata
"46abfu",fetched_furniture+snapshot_furniture,fetched_furniture,snapshot_furniture,none_in_metadata
"46o8g0",gone_404+snapshot_placeholder,gone_404,snapshot_placeholder,none_in_metadata
"46o90e",gone_404+snapshot_placeholder,gone_404,snapshot_placeholder,none_in_metadata
"46xgcc",gone_404+snapshot_placeholder,gone_404,snapshot_placeholder,none_in_metadata
"477dt5",gone_404+snapshot_placeholder,gone_404,snapshot_placeholder,none_in_metadata
"478x03",gone_404+snapshot_placeholder,gone_404,snapshot_placeholder,none_in_metadata
"47jb12",gone_404+snapshot_placeholder,gone_404,snapshot_placeholder,none_in_metadata
"47sobj",gone_404+snapshot_placeholder,gone_404,snapshot_placeholder,none_in_metadata
"47youe",fetched_furniture+snapshot_furniture,fetched_furniture,snapshot_furniture,none_in_metadata
"48ypt9",gone_404+snapshot_placeholder,gone_404,snapshot_placeholder,none_in_metadata
"491hde",gone_404+snapshot_placeholder,gone_404,snapshot_placeholder,none_in_metadata
"493nlz",gone_404+snapshot_placeholder,gone_404,snapshot_placeholder,none_in_metadata
"49inx3",gone_404+snapshot_furniture,gone_404,snapshot_furniture,none_in_metadata
"49pb3t",gone_404+snapshot_placeholder,gone_404,snapshot_placeholder,none_in_metadata
"49pz2r",gone_404+snapshot_placeholder,gone_404,snapshot_placeholder,none_in_metadata
"49wkez",gone_404+snapshot_placeholder,gone_404,snapshot_placeholder,none_in_metadata
"4adwtx",gone_404+snapshot_placeholder,gone_404,snapshot_placeholder,none_in_metadata
"4afckz",fetched_furniture+snapshot_furniture,fetched_furniture,snapshot_furniture,none_in_metadata
"4ahzfr",fetched_furniture+snapshot_furniture,fetched_furniture,snapshot_furniture,none_in_metadata
"4ar5o8",fetched_furniture+snapshot_furniture,fetched_furniture,snapshot_furniture,none_in_metadata
"4avcvz",gone_404+snapshot_placeholder,gone_404,snapshot_placeholder,none_in_metadata
"4ayka0",gone_404+snapshot_placeholder,gone_404,snapshot_placeholder,none_in_metadata
"4az0ip",fetched_furniture+snapshot_furniture,fetched_furniture,snapshot_furniture,none_in_metadata
"4b0k2s",gone_404+snapshot_placeholder,gone_404,snapshot_placeholder,none_in_metadata
"4b16k1",gone_404+snapshot_placeholder,gone_404,snapshot_placeholder,none_in_metadata
"4b3mpu",fetched_furniture+snapshot_furniture,fetched_furniture,snapshot_furniture,none_in_metadata
"4bhwqv",gone_404+snapshot_placeholder,gone_404,snapshot_placeholder,none_in_metadata
"4bkbp8",gone_404+snapshot_placeholder,gone_404,snapshot_placeholder,none_in_metadata
"4bseuu",gone_404+snapshot_placeholder,gone_404,snapshot_placeholder,none_in_metadata
"4bx3ns",fetched_furniture+snapshot_furniture,fetched_furniture,snapshot_furniture,none_in_metadata
"4c3rjc",gone_404+snapshot_furniture,gone_404,snapshot_furniture,none_in_metadata
"4c6yic",fetched_furniture+snapshot_furniture,fetched_furniture,snapshot_furniture,none_in_metadata
"4ce5ok",gone_404+snapshot_placeholder,gone_404,snapshot_placeholder,none_in_metadata
"4ctbd8",fetched_furniture+snapshot_furniture,fetched_furniture,snapshot_furniture,none_in_metadata
"4cy22r",gone_404+snapshot_placeholder,gone_404,snapshot_placeholder,none_in_metadata
"4d6fax",gone_404+snapshot_placeholder,gone_404,snapshot_placeholder,none_in_metadata
"4degx7",gone_404+snapshot_placeholder,gone_404,snapshot_placeholder,none_in_metadata
"4dgme2",gone_404+snapshot_placeholder,gone_404,snapshot_placeholder,none_in_metadata
"4dm2eq",gone_404+snapshot_furniture,gone_404,snapshot_furniture,none_in_metadata
"4dmd8o",fetched_furniture+snapshot_furniture,fetched_furniture,snapshot_furniture,none_in_metadata
"4e7hxk",gone_404+snapshot_placeholder,gone_404,snapshot_placeholder,none_in_metadata
"4eddbe",fetched_furniture+snapshot_furniture,fetched_furniture,snapshot_furniture,none_in_metadata
"4epuff",gone_404+snapshot_placeholder,gone_404,snapshot_placeholder,none_in_metadata
"4evg06",gone_404+snapshot_placeholder,gone_404,snapshot_placeholder,none_in_metadata
"4ewuaa",gone_404+snapshot_placeholder,gone_404,snapshot_placeholder,none_in_metadata
"4f3id4",gone_404+snapshot_placeholder,gone_404,snapshot_placeholder,none_in_metadata
"4f5n12",fetched_furniture+snapshot_furniture,fetched_furniture,snapshot_furniture,none_in_metadata
"4ffoat",fetched_furniture+snapshot_furniture,fetched_furniture,snapshot_furniture,none_in_metadata
"4fx6md",gone_404+snapshot_placeholder,gone_404,snapshot_placeholder,none_in_metadata
"4fxwpt",gone_404+snapshot_placeholder,gone_404,snapshot_placeholder,none_in_metadata
"4g9py2",gone_404+snapshot_placeholder,gone_404,snapshot_placeholder,none_in_metadata
"4gzgbi",gone_404+snapshot_placeholder,gone_404,snapshot_placeholder,none_in_metadata
"4h9g98",gone_404+snapshot_placeholder,gone_404,snapshot_placeholder,none_in_metadata
"4i66vb",gone_404+snapshot_placeholder,gone_404,snapshot_placeholder,none_in_metadata
"4ji25o",gone_404+snapshot_placeholder,gone_404,snapshot_placeholder,none_in_metadata
"4jrao2",gone_404+snapshot_placeholder,gone_404,snapshot_placeholder,none_in_metadata
"4jsjvs",gone_404+snapshot_furniture,gone_404,snapshot_furniture,none_in_metadata
"4k3iup",gone_404+snapshot_placeholder,gone_404,snapshot_placeholder,none_in_metadata
"4kgmh5",gone_404+snapshot_placeholder,gone_404,snapshot_placeholder,none_in_metadata
"4kivfo",gone_404+snapshot_placeholder,gone_404,snapshot_placeholder,none_in_metadata
"4l69y2",gone_404+snapshot_furniture,gone_404,snapshot_furniture,none_in_metadata
"4lciyn",gone_404+snapshot_placeholder,gone_404,snapshot_placeholder,none_in_metadata
"4ljnis",gone_404+snapshot_placeholder,gone_404,snapshot_placeholder,none_in_metadata
"4loacc",gone_404+snapshot_placeholder,gone_404,snapshot_placeholder,none_in_metadata
"4lrfzu",gone_404+no_snapshot,gone_404,no_snapshot,none_in_metadata
"4m9uuv",fetched_furniture+snapshot_furniture,fetched_furniture,snapshot_furniture,none_in_metadata
"4mek95",gone_404+snapshot_placeholder,gone_404,snapshot_placeholder,none_in_metadata
"4mtfa2",gone_404+snapshot_placeholder,gone_404,snapshot_placeholder,none_in_metadata
"4n37dc",gone_404+snapshot_placeholder,gone_404,snapshot_placeholder,none_in_metadata
"4nb1ky",gone_404+snapshot_placeholder,gone_404,snapshot_placeholder,none_in_metadata
"4ng9dx",fetched_blank+snapshot_blank,fetched_blank,snapshot_blank,none_in_metadata
"4nl4ed",gone_404+snapshot_placeholder,gone_404,snapshot_placeholder,none_in_metadata
"4nna7u",gone_404+snapshot_placeholder,gone_404,snapshot_placeholder,none_in_metadata
"4ntked",gone_404+snapshot_placeholder,gone_404,snapshot_placeholder,none_in_metadata
"4nxzza",gone_404+snapshot_placeholder,gone_404,snapshot_placeholder,none_in_metadata
"4nzy5t",gone_404+snapshot_placeholder,gone_404,snapshot_placeholder,none_in_metadata
"4o3phh",gone_404+snapshot_placeholder,gone_404,snapshot_placeholder,none_in_metadata
"4ob7zf",fetched_furniture+snapshot_furniture,fetched_furniture,snapshot_furniture,none_in_metadata
"4om7l6",gone_404+snapshot_furniture,gone_404,snapshot_furniture,none_in_metadata
"4opdgz",fetched_furniture+snapshot_furniture,fetched_furniture,snapshot_furniture,none_in_metadata
"4or03t",gone_404+no_snapshot,gone_404,no_snapshot,none_in_metadata
"4ou84l",gone_404+snapshot_furniture,gone_404,snapshot_furniture,none_in_metadata
"4ovlfg",gone_404+no_snapshot,gone_404,no_snapshot,none_in_metadata
"4ow4wq",gone_404+snapshot_placeholder,gone_404,snapshot_placeholder,none_in_metadata
"4oxhxk",gone_404+snapshot_placeholder,gone_404,snapshot_placeholder,none_in_metadata
"4p0ra7",gone_404+no_snapshot,gone_404,no_snapshot,none_in_metadata
"4pfrc0",gone_404+no_snapshot,gone_404,no_snapshot,none_in_metadata
"4pjzai",gone_404+no_snapshot,gone_404,no_snapshot,none_in_metadata
"4q9tg3",gone_404+snapshot_placeholder,gone_404,snapshot_placeholder,none_in_metadata
"4qhp6w",gone_404+snapshot_furniture,gone_404,snapshot_furniture,none_in_metadata
"4qi8rm",gone_404+no_snapshot,gone_404,no_snapshot,none_in_metadata
"4qirjx",gone_404+no_snapshot,gone_404,no_snapshot,none_in_metadata
"4qj7cg",gone_404+no_snapshot,gone_404,no_snapshot,none_in_metadata
"4qq8k0",gone_404+snapshot_placeholder,gone_404,snapshot_placeholder,none_in_metadata
"4qunk8",gone_404+no_snapshot,gone_404,no_snapshot,none_in_metadata
"4qxpcs",gone_404+snapshot_placeholder,gone_404,snapshot_placeholder,none_in_metadata
"4qzb6y",gone_404+snapshot_placeholder,gone_404,snapshot_placeholder,none_in_metadata
"4r5kdt",gone_404+no_snapshot,gone_404,no_snapshot,none_in_metadata
"4rgjof",gone_404+no_snapshot,gone_404,no_snapshot,none_in_metadata
"4rmlwc",gone_404+no_snapshot,gone_404,no_snapshot,none_in_metadata
"4rz0d9",gone_404+no_snapshot,gone_404,no_snapshot,none_in_metadata
"4s0qg8",gone_404+snapshot_placeholder,gone_404,snapshot_placeholder,none_in_metadata
"4s4uln",fetched_placeholder+snapshot_placeholder,fetched_placeholder,snapshot_placeholder,none_in_metadata
"4sd8rt",gone_404+snapshot_placeholder,gone_404,snapshot_placeholder,none_in_metadata
"4sgtje",fetched_furniture+snapshot_furniture,fetched_furniture,snapshot_furniture,none_in_metadata
"4tcjr9",gone_404+snapshot_placeholder,gone_404,snapshot_placeholder,none_in_metadata
"4tq9s7",fetched_furniture+snapshot_furniture,fetched_furniture,snapshot_furniture,none_in_metadata
"4ts4r6",fetched_furniture+snapshot_furniture,fetched_furniture,snapshot_furniture,none_in_metadata
"4uqtql",gone_404+snapshot_placeholder,gone_404,snapshot_placeholder,none_in_metadata
"4uuk7x",gone_404+no_snapshot,gone_404,no_snapshot,none_in_metadata
"4uuubs",gone_404+no_snapshot,gone_404,no_snapshot,none_in_metadata
"4vdlne",gone_404+no_snapshot,gone_404,no_snapshot,none_in_metadata
"4vvc5y",gone_404+no_snapshot,gone_404,no_snapshot,none_in_metadata
"4vwg93",gone_404+snapshot_placeholder,gone_404,snapshot_placeholder,none_in_metadata
"4vwxyb",fetched_furniture+snapshot_furniture,fetched_furniture,snapshot_furniture,none_in_metadata
"4w1re1",gone_404+no_snapshot,gone_404,no_snapshot,none_in_metadata
"4w2ghj",gone_404+no_snapshot,gone_404,no_snapshot,none_in_metadata
"4w6xn5",gone_404+no_snapshot,gone_404,no_snapshot,none_in_metadata
"4wdl7a",gone_404+no_snapshot,gone_404,no_snapshot,none_in_metadata
"4wfbfi",gone_404+snapshot_furniture,gone_404,snapshot_furniture,none_in_metadata
"4x0x3f",fetched_placeholder+snapshot_placeholder,fetched_placeholder,snapshot_placeholder,none_in_metadata
"4x41i5",gone_404+snapshot_placeholder,gone_404,snapshot_placeholder,none_in_metadata
"4xec9p",gone_404+snapshot_placeholder,gone_404,snapshot_placeholder,none_in_metadata
"4xguko",gone_404+snapshot_placeholder,gone_404,snapshot_placeholder,none_in_metadata
"4xib4p",gone_404+snapshot_placeholder,gone_404,snapshot_placeholder,none_in_metadata
"4xignf",gone_404+snapshot_furniture,gone_404,snapshot_furniture,none_in_metadata
"4xjz31",gone_404+snapshot_placeholder,gone_404,snapshot_placeholder,none_in_metadata
"4xka9o",gone_404+snapshot_placeholder,gone_404,snapshot_placeholder,none_in_metadata
"4xrqtt",gone_404+no_snapshot,gone_404,no_snapshot,none_in_metadata
"4xxbr7",gone_404+snapshot_placeholder,gone_404,snapshot_placeholder,none_in_metadata
"4y1tig",gone_404+snapshot_placeholder,gone_404,snapshot_placeholder,none_in_metadata
"4y9ny3",gone_404+no_snapshot,gone_404,no_snapshot,none_in_metadata
"4y9wng",gone_404+snapshot_placeholder,gone_404,snapshot_placeholder,none_in_metadata
"4ya2cv",fetched_furniture+snapshot_furniture,fetched_furniture,snapshot_furniture,none_in_metadata
"4yd0rz",gone_404+no_snapshot,gone_404,no_snapshot,none_in_metadata
"4ydfe8",gone_404+no_snapshot,gone_404,no_snapshot,none_in_metadata
"4ye7wa",gone_404+no_snapshot,gone_404,no_snapshot,none_in_metadata
"4ylouy",gone_404+no_snapshot,gone_404,no_snapshot,none_in_metadata
"4yrg47",gone_404+snapshot_placeholder,gone_404,snapshot_placeholder,none_in_metadata
"4yv4cp",gone_404+snapshot_placeholder,gone_404,snapshot_placeholder,none_in_metadata
"4yv4iw",gone_404+no_snapshot,gone_404,no_snapshot,none_in_metadata
"4yzzg6",gone_404+snapshot_placeholder,gone_404,snapshot_placeholder,none_in_metadata
"4z2f9w",gone_404+snapshot_blank,gone_404,snapshot_blank,none_in_metadata
"4z911x",fetched_furniture+snapshot_furniture,fetched_furniture,snapshot_furniture,none_in_metadata
"4zgcyr",gone_404+snapshot_placeholder,gone_404,snapshot_placeholder,none_in_metadata
"4zhwds",gone_404+snapshot_placeholder,gone_404,snapshot_placeholder,none_in_metadata
"502cfs",gone_404+no_snapshot,gone_404,no_snapshot,none_in_metadata
"502o5w",fetched_furniture+no_snapshot,fetched_furniture,no_snapshot,none_in_metadata
"50tcnd",gone_404+snapshot_placeholder,gone_404,snapshot_placeholder,none_in_metadata
"511su8",gone_404+no_snapshot,gone_404,no_snapshot,none_in_metadata
"516hcw",gone_404+snapshot_placeholder,gone_404,snapshot_placeholder,none_in_metadata
"51cwri",gone_404+snapshot_placeholder,gone_404,snapshot_placeholder,none_in_metadata
"51jpsv",gone_404+snapshot_placeholder,gone_404,snapshot_placeholder,none_in_metadata
"51tl5c",gone_404+snapshot_furniture,gone_404,snapshot_furniture,none_in_metadata
"522cui",gone_404+no_snapshot,gone_404,no_snapshot,none_in_metadata
"523zha",gone_404+snapshot_placeholder,gone_404,snapshot_placeholder,none_in_metadata
"524o7s",gone_404+no_snapshot,gone_404,no_snapshot,none_in_metadata
"529y2b",gone_404+no_snapshot,gone_404,no_snapshot,none_in_metadata
"52eluy",gone_404+snapshot_placeholder,gone_404,snapshot_placeholder,none_in_metadata
"52t2a6",gone_404+no_snapshot,gone_404,no_snapshot,none_in_metadata
"52x11l",gone_404+snapshot_placeholder,gone_404,snapshot_placeholder,none_in_metadata
"532jba",fetched_placeholder+snapshot_placeholder,fetched_placeholder,snapshot_placeholder,none_in_metadata
"532pm1",gone_404+snapshot_placeholder,gone_404,snapshot_placeholder,none_in_metadata
"5372kj",gone_404+no_snapshot,gone_404,no_snapshot,none_in_metadata
"53p7jp",gone_404+no_snapshot,gone_404,no_snapshot,none_in_metadata
"53sd1j",gone_404+snapshot_placeholder,gone_404,snapshot_placeholder,none_in_metadata
"54jg52",fetched_furniture+snapshot_furniture,fetched_furniture,snapshot_furniture,none_in_metadata
"54ltch",gone_404+no_snapshot,gone_404,no_snapshot,none_in_metadata
"54ul53",gone_404+no_snapshot,gone_404,no_snapshot,none_in_metadata
"54uq9r",gone_404+no_snapshot,gone_404,no_snapshot,none_in_metadata
"551de0",gone_404+no_snapshot,gone_404,no_snapshot,none_in_metadata
"5528v8",gone_404+no_snapshot,gone_404,no_snapshot,none_in_metadata
"553y0w",gone_404+no_snapshot,gone_404,no_snapshot,none_in_metadata
"555y4e",gone_404+no_snapshot,gone_404,no_snapshot,none_in_metadata
"556nnm",gone_404+no_snapshot,gone_404,no_snapshot,none_in_metadata
"55c1kz",gone_404+snapshot_placeholder,gone_404,snapshot_placeholder,none_in_metadata
"55gfxb",gone_404+no_snapshot,gone_404,no_snapshot,none_in_metadata
"55gh8g",gone_404+no_snapshot,gone_404,no_snapshot,none_in_metadata
"55sv8n",gone_404+no_snapshot,gone_404,no_snapshot,none_in_metadata
"55vfsx",gone_404+no_snapshot,gone_404,no_snapshot,none_in_metadata
"55wnmz",gone_404+no_snapshot,gone_404,no_snapshot,none_in_metadata
"55zgso",gone_404+snapshot_placeholder,gone_404,snapshot_placeholder,none_in_metadata
"565x0t",gone_404+no_snapshot,gone_404,no_snapshot,none_in_metadata
"566f2o",gone_404+no_snapshot,gone_404,no_snapshot,none_in_metadata
"56ccst",gone_404+no_snapshot,gone_404,no_snapshot,none_in_metadata
"56ek7k",gone_404+no_snapshot,gone_404,no_snapshot,none_in_metadata
"56n1ta",gone_404+snapshot_placeholder,gone_404,snapshot_placeholder,none_in_metadata
"56rw3q",gone_404+no_snapshot,gone_404,no_snapshot,none_in_metadata
"56sqz1",gone_404+snapshot_placeholder,gone_404,snapshot_placeholder,none_in_metadata
"56ve4c",gone_404+snapshot_placeholder,gone_404,snapshot_placeholder,none_in_metadata
"5796o0",gone_404+no_snapshot,gone_404,no_snapshot,none_in_metadata
"57na6x",gone_404+no_snapshot,gone_404,no_snapshot,none_in_metadata
"58mwy5",gone_404+no_snapshot,gone_404,no_snapshot,none_in_metadata
"593s2l",fetched_furniture+snapshot_furniture,fetched_furniture,snapshot_furniture,none_in_metadata
"59mz0n",gone_404+snapshot_placeholder,gone_404,snapshot_placeholder,none_in_metadata
"59ve6f",gone_404+no_snapshot,gone_404,no_snapshot,none_in_metadata
"59veh5",gone_404+no_snapshot,gone_404,no_snapshot,none_in_metadata
"5a4og3",gone_404+no_snapshot,gone_404,no_snapshot,none_in_metadata
"5a69e9",fetched_placeholder+no_snapshot,fetched_placeholder,no_snapshot,none_in_metadata
"5a77s4",gone_404+snapshot_placeholder,gone_404,snapshot_placeholder,none_in_metadata
"5a89aq",gone_404+no_snapshot,gone_404,no_snapshot,none_in_metadata
"5ah2we",fetched_furniture+snapshot_furniture,fetched_furniture,snapshot_furniture,none_in_metadata
"5ahrz5",gone_404+no_snapshot,gone_404,no_snapshot,none_in_metadata
"5aioob",gone_404+snapshot_furniture,gone_404,snapshot_furniture,none_in_metadata
"5ak36m",gone_404+snapshot_furniture,gone_404,snapshot_furniture,none_in_metadata
"5am4r5",gone_404+no_snapshot,gone_404,no_snapshot,none_in_metadata
"5bckiz",fetched_furniture+snapshot_furniture,fetched_furniture,snapshot_furniture,none_in_metadata
"5bh33b",gone_404+no_snapshot,gone_404,no_snapshot,none_in_metadata
"5blbig",gone_404+snapshot_placeholder,gone_404,snapshot_placeholder,none_in_metadata
"5bm8sz",gone_404+no_snapshot,gone_404,no_snapshot,none_in_metadata
"5bxl8n",gone_404+snapshot_placeholder,gone_404,snapshot_placeholder,none_in_metadata
"5c7xui",gone_404+snapshot_placeholder,gone_404,snapshot_placeholder,none_in_metadata
"5ci2e9",gone_404+no_snapshot,gone_404,no_snapshot,none_in_metadata
"5d60v3",gone_404+snapshot_placeholder,gone_404,snapshot_placeholder,none_in_metadata
"5d89k5",gone_404+no_snapshot,gone_404,no_snapshot,none_in_metadata
"5dgly6",gone_404+snapshot_placeholder,gone_404,snapshot_placeholder,none_in_metadata
"5dmyd0",fetched_furniture+snapshot_furniture,fetched_furniture,snapshot_furniture,none_in_metadata
"5dp0y2",gone_404+snapshot_placeholder,gone_404,snapshot_placeholder,none_in_metadata
"5dqmcb",gone_404+no_snapshot,gone_404,no_snapshot,none_in_metadata
"5ebq7q",gone_404+no_snapshot,gone_404,no_snapshot,none_in_metadata
"5eirqp",gone_404+no_snapshot,gone_404,no_snapshot,none_in_metadata
"5ejpbm",gone_404+no_snapshot,gone_404,no_snapshot,none_in_metadata
"5ewa8c",gone_404+snapshot_placeholder,gone_404,snapshot_placeholder,none_in_metadata
"5f2f2b",gone_404+no_snapshot,gone_404,no_snapshot,none_in_metadata
"5fk8sl",fetched_furniture+snapshot_furniture,fetched_furniture,snapshot_furniture,none_in_metadata
"5fre2z",gone_404+no_snapshot,gone_404,no_snapshot,none_in_metadata
"5ftbn0",gone_404+no_snapshot,gone_404,no_snapshot,none_in_metadata
"5fuhus",fetched_furniture+snapshot_furniture,fetched_furniture,snapshot_furniture,none_in_metadata
"5fw4cf",gone_404+snapshot_furniture,gone_404,snapshot_furniture,none_in_metadata
"5g3flv",gone_404+no_snapshot,gone_404,no_snapshot,none_in_metadata
"5gt8sf",gone_404+no_snapshot,gone_404,no_snapshot,none_in_metadata
"5gwrz3",gone_404+no_snapshot,gone_404,no_snapshot,none_in_metadata
"5h0pf9",gone_404+no_snapshot,gone_404,no_snapshot,none_in_metadata
"5h4yvz",gone_404+snapshot_furniture,gone_404,snapshot_furniture,none_in_metadata
"5hf446",gone_404+no_snapshot,gone_404,no_snapshot,none_in_metadata
"5hlesk",gone_404+snapshot_furniture,gone_404,snapshot_furniture,none_in_metadata
"5iac3j",gone_404+snapshot_placeholder,gone_404,snapshot_placeholder,none_in_metadata
"5icf5g",fetched_furniture+no_snapshot,fetched_furniture,no_snapshot,none_in_metadata
"5ihxo2",gone_404+snapshot_placeholder,gone_404,snapshot_placeholder,none_in_metadata
"5imgpv",gone_404+no_snapshot,gone_404,no_snapshot,none_in_metadata
"5j0f5c",gone_404+snapshot_placeholder,gone_404,snapshot_placeholder,none_in_metadata
"5jrgzj",gone_404+no_snapshot,gone_404,no_snapshot,none_in_metadata
"5jt0ud",gone_404+no_snapshot,gone_404,no_snapshot,none_in_metadata
"5jt932",gone_404+no_snapshot,gone_404,no_snapshot,none_in_metadata
"5jy6un",gone_404+no_snapshot,gone_404,no_snapshot,none_in_metadata
"5k9a30",gone_404+no_snapshot,gone_404,no_snapshot,none_in_metadata
"5ke9vb",gone_404+snapshot_placeholder,gone_404,snapshot_placeholder,none_in_metadata
"5khxgr",gone_404+snapshot_furniture,gone_404,snapshot_furniture,none_in_metadata
"5kkru8",gone_404+no_snapshot,gone_404,no_snapshot,none_in_metadata
"5kwwvl",gone_404+snapshot_placeholder,gone_404,snapshot_placeholder,none_in_metadata
"5kxbna",gone_404+no_snapshot,gone_404,no_snapshot,none_in_metadata
"5lga4r",gone_404+no_snapshot,gone_404,no_snapshot,none_in_metadata
"5lh4jh",gone_404+snapshot_placeholder,gone_404,snapshot_placeholder,none_in_metadata
"5ljiid",gone_404+no_snapshot,gone_404,no_snapshot,none_in_metadata
"5lmejz",gone_404+snapshot_blank,gone_404,snapshot_blank,none_in_metadata
"5lo9pv",gone_404+no_snapshot,gone_404,no_snapshot,none_in_metadata
"5lxojh",fetched_furniture+snapshot_furniture,fetched_furniture,snapshot_furniture,none_in_metadata
"5lyw9q",gone_404+no_snapshot,gone_404,no_snapshot,none_in_metadata
"5lzf3k",gone_404+no_snapshot,gone_404,no_snapshot,none_in_metadata
"5lzrju",fetched_furniture+snapshot_furniture,fetched_furniture,snapshot_furniture,none_in_metadata
"5m1oei",gone_404+no_snapshot,gone_404,no_snapshot,none_in_metadata
"5m8s9c",gone_404+snapshot_placeholder,gone_404,snapshot_placeholder,none_in_metadata
"5mv4gp",gone_404+no_snapshot,gone_404,no_snapshot,none_in_metadata
"5mvb2l",gone_404+snapshot_placeholder,gone_404,snapshot_placeholder,none_in_metadata
"5mvlmy",gone_404+no_snapshot,gone_404,no_snapshot,none_in_metadata
"5mxjkg",gone_404+snapshot_placeholder,gone_404,snapshot_placeholder,none_in_metadata
"5my07p",gone_404+snapshot_placeholder,gone_404,snapshot_placeholder,none_in_metadata
"5ncidd",gone_404+no_snapshot,gone_404,no_snapshot,none_in_metadata
"5nsvbm",gone_404+no_snapshot,gone_404,no_snapshot,none_in_metadata
"5nszkk",gone_404+no_snapshot,gone_404,no_snapshot,none_in_metadata
"5nxhfo",gone_404+no_snapshot,gone_404,no_snapshot,none_in_metadata
"5nzddn",gone_404+no_snapshot,gone_404,no_snapshot,none_in_metadata
"5p0943",gone_404+no_snapshot,gone_404,no_snapshot,none_in_metadata
"5p1qe7",gone_404+no_snapshot,gone_404,no_snapshot,none_in_metadata
"5p72qp",gone_404+no_snapshot,gone_404,no_snapshot,none_in_metadata
"5p7rmn",gone_404+no_snapshot,gone_404,no_snapshot,none_in_metadata
"5picss",fetched_furniture+snapshot_furniture,fetched_furniture,snapshot_furniture,none_in_metadata
"5prwd6",gone_404+no_snapshot,gone_404,no_snapshot,none_in_metadata
"5pu7ux",fetched_furniture+snapshot_furniture,fetched_furniture,snapshot_furniture,none_in_metadata
"5pwwhu",fetched_furniture+snapshot_furniture,fetched_furniture,snapshot_furniture,none_in_metadata
"5q1kg0",gone_404+no_snapshot,gone_404,no_snapshot,none_in_metadata
"5q5z6e",gone_404+no_snapshot,gone_404,no_snapshot,none_in_metadata
"5qgu9f",gone_404+snapshot_placeholder,gone_404,snapshot_placeholder,none_in_metadata
"5qjodk",gone_404+no_snapshot,gone_404,no_snapshot,none_in_metadata
"5qqdye",gone_404+snapshot_placeholder,gone_404,snapshot_placeholder,none_in_metadata
"5qqk3m",gone_404+no_snapshot,gone_404,no_snapshot,none_in_metadata
"5qui5r",gone_404+no_snapshot,gone_404,no_snapshot,none_in_metadata
"5r0iek",gone_404+no_snapshot,gone_404,no_snapshot,none_in_metadata
"5r1329",gone_404+no_snapshot,gone_404,no_snapshot,none_in_metadata
"5ra51z",gone_404+no_snapshot,gone_404,no_snapshot,none_in_metadata
"5rbbo4",gone_404+snapshot_placeholder,gone_404,snapshot_placeholder,none_in_metadata
"5rdte6",gone_404+snapshot_furniture,gone_404,snapshot_furniture,none_in_metadata
"5rfi7o",gone_404+no_snapshot,gone_404,no_snapshot,none_in_metadata
"5rno4k",gone_404+snapshot_placeholder,gone_404,snapshot_placeholder,none_in_metadata
"5roj55",gone_404+no_snapshot,gone_404,no_snapshot,none_in_metadata
"5rq84z",gone_404+no_snapshot,gone_404,no_snapshot,none_in_metadata
"5rzyld",gone_404+no_snapshot,gone_404,no_snapshot,none_in_metadata
"5s0fz7",gone_404+no_snapshot,gone_404,no_snapshot,none_in_metadata
"5s3ob3",gone_404+no_snapshot,gone_404,no_snapshot,none_in_metadata
"5s4w16",gone_404+no_snapshot,gone_404,no_snapshot,none_in_metadata
"5s6bkk",gone_404+no_snapshot,gone_404,no_snapshot,none_in_metadata
"5s8ww1",gone_404+no_snapshot,gone_404,no_snapshot,none_in_metadata
"5sybz5",gone_404+no_snapshot,gone_404,no_snapshot,none_in_metadata
"5t1sw3",gone_404+no_snapshot,gone_404,no_snapshot,none_in_metadata
"5tbtj5",gone_404+no_snapshot,gone_404,no_snapshot,none_in_metadata
"5td24m",gone_404+no_snapshot,gone_404,no_snapshot,none_in_metadata
"5tmaa5",gone_404+no_snapshot,gone_404,no_snapshot,none_in_metadata
"5tp62z",gone_404+no_snapshot,gone_404,no_snapshot,none_in_metadata
"5tu5bi",gone_404+snapshot_placeholder,gone_404,snapshot_placeholder,none_in_metadata
"5tyncz",gone_404+no_snapshot,gone_404,no_snapshot,none_in_metadata
"5u0esl",fetched_furniture+snapshot_furniture,fetched_furniture,snapshot_furniture,none_in_metadata
"5uae8c",gone_404+no_snapshot,gone_404,no_snapshot,none_in_metadata
"5uanfn",gone_404+no_snapshot,gone_404,no_snapshot,none_in_metadata
"5ucp2q",fetched_furniture+snapshot_furniture,fetched_furniture,snapshot_furniture,none_in_metadata
"5uhsgi",gone_404+no_snapshot,gone_404,no_snapshot,none_in_metadata
"5ukoki",gone_404+no_snapshot,gone_404,no_snapshot,none_in_metadata
"5umr20",gone_404+snapshot_placeholder,gone_404,snapshot_placeholder,none_in_metadata
"5unco8",gone_404+no_snapshot,gone_404,no_snapshot,none_in_metadata
"5us5zp",gone_404+no_snapshot,gone_404,no_snapshot,none_in_metadata
"5uvpy6",gone_404+no_snapshot,gone_404,no_snapshot,none_in_metadata
"5uzaw3",gone_404+no_snapshot,gone_404,no_snapshot,none_in_metadata
"5v7z4t",gone_404+no_snapshot,gone_404,no_snapshot,none_in_metadata
"5v999i",gone_404+no_snapshot,gone_404,no_snapshot,none_in_metadata
"5vla7m",gone_404+snapshot_placeholder,gone_404,snapshot_placeholder,none_in_metadata
"5vsqz6",fetched_furniture+snapshot_furniture,fetched_furniture,snapshot_furniture,none_in_metadata
"5vy2pl",gone_404+snapshot_placeholder,gone_404,snapshot_placeholder,none_in_metadata
"5w17fm",gone_404+snapshot_placeholder,gone_404,snapshot_placeholder,none_in_metadata
"5wbjax",gone_404+snapshot_placeholder,gone_404,snapshot_placeholder,none_in_metadata
"5wolnj",gone_404+no_snapshot,gone_404,no_snapshot,none_in_metadata
"5wulhc",gone_404+no_snapshot,gone_404,no_snapshot,none_in_metadata
"5wxfq3",gone_404+snapshot_placeholder,gone_404,snapshot_placeholder,none_in_metadata
"5wy6wc",gone_404+no_snapshot,gone_404,no_snapshot,none_in_metadata
"5x3qaa",gone_404+no_snapshot,gone_404,no_snapshot,none_in_metadata
"5x84fb",gone_404+no_snapshot,gone_404,no_snapshot,none_in_metadata
"5x8yev",gone_404+no_snapshot,gone_404,no_snapshot,none_in_metadata
"5xc5kr",fetched_furniture+snapshot_furniture,fetched_furniture,snapshot_furniture,none_in_metadata
"5xz2x0",gone_404+no_snapshot,gone_404,no_snapshot,none_in_metadata
"5ydmoz",gone_404+no_snapshot,gone_404,no_snapshot,none_in_metadata
"5yiony",gone_404+no_snapshot,gone_404,no_snapshot,none_in_metadata
"5yt9ko",gone_404+no_snapshot,gone_404,no_snapshot,none_in_metadata
"5yx6s0",gone_404+no_snapshot,gone_404,no_snapshot,none_in_metadata
"5z4xqa",gone_404+snapshot_placeholder,gone_404,snapshot_placeholder,none_in_metadata
"5zcdd3",gone_404+no_snapshot,gone_404,no_snapshot,none_in_metadata
"5zpgrj",gone_404+snapshot_furniture,gone_404,snapshot_furniture,none_in_metadata
"5zw8er",gone_404+no_snapshot,gone_404,no_snapshot,none_in_metadata
"5zwi27",gone_404+no_snapshot,gone_404,no_snapshot,none_in_metadata
"5zxxh5",fetched_furniture+snapshot_furniture,fetched_furniture,snapshot_furniture,none_in_metadata
"6014c4",gone_404+snapshot_placeholder,gone_404,snapshot_placeholder,none_in_metadata
"609q6a",gone_404+snapshot_placeholder,gone_404,snapshot_placeholder,none_in_metadata
"609x5z",gone_404+no_snapshot,gone_404,no_snapshot,none_in_metadata
"60dtc7",gone_404+no_snapshot,gone_404,no_snapshot,none_in_metadata
"60f26z",gone_404+no_snapshot,gone_404,no_snapshot,none_in_metadata
"60kxp5",gone_404+no_snapshot,gone_404,no_snapshot,none_in_metadata
"60lo6m",gone_404+no_snapshot,gone_404,no_snapshot,none_in_metadata
"60n5kc",fetched_furniture+snapshot_furniture,fetched_furniture,snapshot_furniture,none_in_metadata
"60ompz",gone_404+snapshot_placeholder,gone_404,snapshot_placeholder,none_in_metadata
"60qc4i",gone_404+no_snapshot,gone_404,no_snapshot,none_in_metadata
"60zilk",gone_404+no_snapshot,gone_404,no_snapshot,none_in_metadata
"60zzge",gone_404+no_snapshot,gone_404,no_snapshot,none_in_metadata
"610fqi",gone_404+snapshot_placeholder,gone_404,snapshot_placeholder,none_in_metadata
"615e0m",gone_404+no_snapshot,gone_404,no_snapshot,none_in_metadata
"61624e",gone_404+no_snapshot,gone_404,no_snapshot,none_in_metadata
"61hodt",gone_404+no_snapshot,gone_404,no_snapshot,none_in_metadata
"61juhl",gone_404+no_snapshot,gone_404,no_snapshot,none_in_metadata
"61m8sm",gone_404+snapshot_furniture,gone_404,snapshot_furniture,none_in_metadata
"61mhef",gone_404+no_snapshot,gone_404,no_snapshot,none_in_metadata
"61njsg",gone_404+no_snapshot,gone_404,no_snapshot,none_in_metadata
"62b7jm",gone_404+snapshot_placeholder,gone_404,snapshot_placeholder,none_in_metadata
"62k3e2",gone_404+no_snapshot,gone_404,no_snapshot,none_in_metadata
"62qo7x",gone_404+no_snapshot,gone_404,no_snapshot,none_in_metadata
"62ua9e",fetched_furniture+snapshot_placeholder,fetched_furniture,snapshot_placeholder,none_in_metadata
"62v8p9",gone_404+snapshot_placeholder,gone_404,snapshot_placeholder,none_in_metadata
"62xvue",gone_404+snapshot_placeholder,gone_404,snapshot_placeholder,none_in_metadata
"630cpo",gone_404+no_snapshot,gone_404,no_snapshot,none_in_metadata
"639ufg",gone_404+no_snapshot,gone_404,no_snapshot,none_in_metadata
"63g4h8",gone_404+no_snapshot,gone_404,no_snapshot,none_in_metadata
"6474xy",gone_404+no_snapshot,gone_404,no_snapshot,none_in_metadata
"6496hn",gone_404+no_snapshot,gone_404,no_snapshot,none_in_metadata
"64clen",gone_404+no_snapshot,gone_404,no_snapshot,none_in_metadata
"64pysv",gone_404+no_snapshot,gone_404,no_snapshot,none_in_metadata
"653cif",gone_404+snapshot_placeholder,gone_404,snapshot_placeholder,none_in_metadata
"656wnn",gone_404+no_snapshot,gone_404,no_snapshot,none_in_metadata
"65h4v1",gone_404+no_snapshot,gone_404,no_snapshot,none_in_metadata
"65kck3",gone_404+no_snapshot,gone_404,no_snapshot,none_in_metadata
"65koil",gone_404+no_snapshot,gone_404,no_snapshot,none_in_metadata
"65wroc",gone_404+no_snapshot,gone_404,no_snapshot,none_in_metadata
"6624aa",gone_404+snapshot_furniture,gone_404,snapshot_furniture,none_in_metadata
"663bc3",gone_404+snapshot_placeholder,gone_404,snapshot_placeholder,none_in_metadata
"667b6q",gone_404+no_snapshot,gone_404,no_snapshot,none_in_metadata
"66889n",gone_404+no_snapshot,gone_404,no_snapshot,none_in_metadata
"66c2f7",gone_404+no_snapshot,gone_404,no_snapshot,none_in_metadata
"66exg6",gone_404+no_snapshot,gone_404,no_snapshot,none_in_metadata
"66j7qo",gone_404+snapshot_placeholder,gone_404,snapshot_placeholder,none_in_metadata
"66t1mt",gone_404+no_snapshot,gone_404,no_snapshot,none_in_metadata
"66w6yv",gone_404+snapshot_placeholder,gone_404,snapshot_placeholder,none_in_metadata
"66zz4y",gone_404+no_snapshot,gone_404,no_snapshot,none_in_metadata
"67e0aw",gone_404+snapshot_placeholder,gone_404,snapshot_placeholder,none_in_metadata
"67forz",gone_404+snapshot_furniture,gone_404,snapshot_furniture,none_in_metadata
"67frbh",gone_404+snapshot_placeholder,gone_404,snapshot_placeholder,none_in_metadata
"67gu6a",gone_404+no_snapshot,gone_404,no_snapshot,none_in_metadata
"67h2xa",fetched_furniture+snapshot_furniture,fetched_furniture,snapshot_furniture,none_in_metadata
"67jcrh",gone_404+snapshot_placeholder,gone_404,snapshot_placeholder,none_in_metadata
"67oav5",gone_404+no_snapshot,gone_404,no_snapshot,none_in_metadata
"67utuu",gone_404+snapshot_placeholder,gone_404,snapshot_placeholder,none_in_metadata
"67vgyj",gone_404+snapshot_placeholder,gone_404,snapshot_placeholder,none_in_metadata
"67ykv8",gone_404+snapshot_placeholder,gone_404,snapshot_placeholder,none_in_metadata
"67yl9f",gone_404+snapshot_blank,gone_404,snapshot_blank,none_in_metadata
"67yxgm",gone_404+no_snapshot,gone_404,no_snapshot,none_in_metadata
"685jgt",gone_404+snapshot_placeholder,gone_404,snapshot_placeholder,none_in_metadata
"68jodf",gone_404+no_snapshot,gone_404,no_snapshot,none_in_metadata
"68lpvh",gone_404+no_snapshot,gone_404,no_snapshot,none_in_metadata
"68rikx",fetched_furniture+no_snapshot,fetched_furniture,no_snapshot,none_in_metadata
"690mxr",gone_404+no_snapshot,gone_404,no_snapshot,none_in_metadata
"69vjg5",gone_404+no_snapshot,gone_404,no_snapshot,none_in_metadata
"6a1dz5",gone_404+no_snapshot,gone_404,no_snapshot,none_in_metadata
"6a8bse",gone_404+snapshot_placeholder,gone_404,snapshot_placeholder,none_in_metadata
"6a9vkk",gone_404+no_snapshot,gone_404,no_snapshot,none_in_metadata
"6ahbwf",gone_404+no_snapshot,gone_404,no_snapshot,none_in_metadata
"6am9h8",gone_404+snapshot_placeholder,gone_404,snapshot_placeholder,none_in_metadata
"6ap0h8",gone_404+no_snapshot,gone_404,no_snapshot,none_in_metadata
"6b2s5q",gone_404+no_snapshot,gone_404,no_snapshot,none_in_metadata
"6b9q3e",gone_404+no_snapshot,gone_404,no_snapshot,none_in_metadata
"6becg3",gone_404+no_snapshot,gone_404,no_snapshot,none_in_metadata
"6bfk2x",gone_404+snapshot_placeholder,gone_404,snapshot_placeholder,none_in_metadata
"6bley8",gone_404+snapshot_placeholder,gone_404,snapshot_placeholder,none_in_metadata
"6bmbw7",gone_404+no_snapshot,gone_404,no_snapshot,none_in_metadata
"6bpk24",gone_404+no_snapshot,gone_404,no_snapshot,none_in_metadata
"6c8s7g",gone_404+no_snapshot,gone_404,no_snapshot,none_in_metadata
"6ck3t6",gone_404+no_snapshot,gone_404,no_snapshot,none_in_metadata
"6cmjvp",fetched_furniture+snapshot_furniture,fetched_furniture,snapshot_furniture,none_in_metadata
"6covzw",gone_404+snapshot_placeholder,gone_404,snapshot_placeholder,none_in_metadata
"6cq15b",gone_404+no_snapshot,gone_404,no_snapshot,none_in_metadata
"6cus4o",gone_404+no_snapshot,gone_404,no_snapshot,none_in_metadata
"6d03kw",gone_404+no_snapshot,gone_404,no_snapshot,none_in_metadata
"6d3v5i",gone_404+no_snapshot,gone_404,no_snapshot,none_in_metadata
"6d443e",gone_404+no_snapshot,gone_404,no_snapshot,none_in_metadata
"6d6y1q",gone_404+no_snapshot,gone_404,no_snapshot,none_in_metadata
"6dc3cu",gone_404+no_snapshot,gone_404,no_snapshot,none_in_metadata
"6df755",gone_404+snapshot_furniture,gone_404,snapshot_furniture,none_in_metadata
"6dgg3h",gone_404+no_snapshot,gone_404,no_snapshot,none_in_metadata
"6dhat6",gone_404+no_snapshot,gone_404,no_snapshot,none_in_metadata
"6dx1u7",gone_404+snapshot_placeholder,gone_404,snapshot_placeholder,none_in_metadata
"6dyfjz",gone_404+no_snapshot,gone_404,no_snapshot,none_in_metadata
"6dyl1c",gone_404+snapshot_placeholder,gone_404,snapshot_placeholder,none_in_metadata
"6e2gi1",gone_404+no_snapshot,gone_404,no_snapshot,none_in_metadata
"6efhgy",gone_404+no_snapshot,gone_404,no_snapshot,none_in_metadata
"6elbfp",gone_404+no_snapshot,gone_404,no_snapshot,none_in_metadata
"6eok3a",gone_404+snapshot_placeholder,gone_404,snapshot_placeholder,none_in_metadata
"6ettqj",gone_404+no_snapshot,gone_404,no_snapshot,none_in_metadata
"6evfd7",gone_404+no_snapshot,gone_404,no_snapshot,none_in_metadata
"6ewrlv",gone_404+no_snapshot,gone_404,no_snapshot,none_in_metadata
"6ey2z3",gone_404+no_snapshot,gone_404,no_snapshot,none_in_metadata
"6f0nmk",gone_404+no_snapshot,gone_404,no_snapshot,none_in_metadata
"6f5gio",gone_404+snapshot_placeholder,gone_404,snapshot_placeholder,none_in_metadata
"6f5nz9",gone_404+no_snapshot,gone_404,no_snapshot,none_in_metadata
"6ffblr",gone_404+no_snapshot,gone_404,no_snapshot,none_in_metadata
"6ffgub",gone_404+no_snapshot,gone_404,no_snapshot,none_in_metadata
"6fjrm6",gone_404+no_snapshot,gone_404,no_snapshot,none_in_metadata
"6fjwkn",gone_404+no_snapshot,gone_404,no_snapshot,none_in_metadata
"6fna0n",gone_404+snapshot_placeholder,gone_404,snapshot_placeholder,none_in_metadata
"6fta74",gone_404+snapshot_placeholder,gone_404,snapshot_placeholder,none_in_metadata
"6g0wj2",gone_404+no_snapshot,gone_404,no_snapshot,none_in_metadata
"6g2pt8",gone_404+snapshot_placeholder,gone_404,snapshot_placeholder,none_in_metadata
"6g42ls",gone_404+no_snapshot,gone_404,no_snapshot,none_in_metadata
"6g9jn6",gone_404+no_snapshot,gone_404,no_snapshot,none_in_metadata
"6ggke8",gone_404+snapshot_placeholder,gone_404,snapshot_placeholder,none_in_metadata
"6gqdm8",gone_404+no_snapshot,gone_404,no_snapshot,none_in_metadata
"6gwqje",gone_404+no_snapshot,gone_404,no_snapshot,none_in_metadata
"6gzsbk",gone_404+snapshot_blank,gone_404,snapshot_blank,none_in_metadata
"6h34az",fetched_placeholder+snapshot_placeholder,fetched_placeholder,snapshot_placeholder,none_in_metadata
"6hcy4f",gone_404+no_snapshot,gone_404,no_snapshot,none_in_metadata
"6hdc02",gone_404+no_snapshot,gone_404,no_snapshot,none_in_metadata
"6hg164",gone_404+no_snapshot,gone_404,no_snapshot,none_in_metadata
"6hncrc",gone_404+no_snapshot,gone_404,no_snapshot,none_in_metadata
"6hnmfw",gone_404+no_snapshot,gone_404,no_snapshot,none_in_metadata
"6hqlud",gone_404+no_snapshot,gone_404,no_snapshot,none_in_metadata
"6hqp7f",gone_404+no_snapshot,gone_404,no_snapshot,none_in_metadata
"6huoyw",gone_404+no_snapshot,gone_404,no_snapshot,none_in_metadata
"6ief0c",gone_404+no_snapshot,gone_404,no_snapshot,none_in_metadata
"6iqcj0",gone_404+no_snapshot,gone_404,no_snapshot,none_in_metadata
"6j34z0",gone_404+snapshot_placeholder,gone_404,snapshot_placeholder,none_in_metadata
"6j5ejw",gone_404+snapshot_placeholder,gone_404,snapshot_placeholder,none_in_metadata
"6jfh3e",gone_404+no_snapshot,gone_404,no_snapshot,none_in_metadata
"6jl6l8",gone_404+no_snapshot,gone_404,no_snapshot,none_in_metadata
"6jnmod",gone_404+no_snapshot,gone_404,no_snapshot,none_in_metadata
"6jnvd0",gone_404+no_snapshot,gone_404,no_snapshot,none_in_metadata
"6jvd0i",gone_404+no_snapshot,gone_404,no_snapshot,none_in_metadata
"6k60jg",gone_404+no_snapshot,gone_404,no_snapshot,none_in_metadata
"6k7r9r",gone_404+no_snapshot,gone_404,no_snapshot,none_in_metadata
"6ka2bi",gone_404+no_snapshot,gone_404,no_snapshot,none_in_metadata
"6kd3lc",gone_404+snapshot_placeholder,gone_404,snapshot_placeholder,none_in_metadata
"6khshn",gone_404+snapshot_placeholder,gone_404,snapshot_placeholder,none_in_metadata
"6kmu3b",gone_404+no_snapshot,gone_404,no_snapshot,none_in_metadata
"6kstuy",gone_404+no_snapshot,gone_404,no_snapshot,none_in_metadata
"6kzyn5",gone_404+no_snapshot,gone_404,no_snapshot,none_in_metadata
"6l0r3q",gone_404+no_snapshot,gone_404,no_snapshot,none_in_metadata
"6l72au",gone_404+no_snapshot,gone_404,no_snapshot,none_in_metadata
"6l8mad",gone_404+no_snapshot,gone_404,no_snapshot,none_in_metadata
"6ladv5",gone_404+no_snapshot,gone_404,no_snapshot,none_in_metadata
"6lfep3",gone_404+no_snapshot,gone_404,no_snapshot,none_in_metadata
"6lhn6s",gone_404+no_snapshot,gone_404,no_snapshot,none_in_metadata
"6lr72r",gone_404+no_snapshot,gone_404,no_snapshot,none_in_metadata
"6lw67x",gone_404+no_snapshot,gone_404,no_snapshot,none_in_metadata
"6lxb6k",fetched_placeholder+snapshot_placeholder,fetched_placeholder,snapshot_placeholder,none_in_metadata
"6m1vmi",gone_404+no_snapshot,gone_404,no_snapshot,none_in_metadata
"6m3uck",gone_404+no_snapshot,gone_404,no_snapshot,none_in_metadata
"6m9kpv",gone_404+no_snapshot,gone_404,no_snapshot,none_in_metadata
"6ma9y7",gone_404+no_snapshot,gone_404,no_snapshot,none_in_metadata
"6md7w4",gone_404+no_snapshot,gone_404,no_snapshot,none_in_metadata
"6mj7oj",gone_404+no_snapshot,gone_404,no_snapshot,none_in_metadata
"6mmox4",fetched_furniture+snapshot_furniture,fetched_furniture,snapshot_furniture,none_in_metadata
"6moghy",gone_404+no_snapshot,gone_404,no_snapshot,none_in_metadata
"6mujtc",gone_404+no_snapshot,gone_404,no_snapshot,none_in_metadata
"6nbf32",gone_404+no_snapshot,gone_404,no_snapshot,none_in_metadata
"6ndqnt",gone_404+no_snapshot,gone_404,no_snapshot,none_in_metadata
"6nf5tg",gone_404+no_snapshot,gone_404,no_snapshot,none_in_metadata
"6nt8qj",gone_404+no_snapshot,gone_404,no_snapshot,none_in_metadata
"6nve0h",gone_404+snapshot_placeholder,gone_404,snapshot_placeholder,none_in_metadata
"6nw0nk",gone_404+no_snapshot,gone_404,no_snapshot,none_in_metadata
"6nx3yt",gone_404+no_snapshot,gone_404,no_snapshot,none_in_metadata
"6nyna7",gone_404+snapshot_placeholder,gone_404,snapshot_placeholder,none_in_metadata
"6onjnm",gone_404+no_snapshot,gone_404,no_snapshot,none_in_metadata
"6onyk9",gone_404+no_snapshot,gone_404,no_snapshot,none_in_metadata
"6oqkr6",gone_404+no_snapshot,gone_404,no_snapshot,none_in_metadata
"6p0lgh",gone_404+snapshot_placeholder,gone_404,snapshot_placeholder,none_in_metadata
"6p0q2r",gone_404+no_snapshot,gone_404,no_snapshot,none_in_metadata
"6p7cy0",gone_404+no_snapshot,gone_404,no_snapshot,none_in_metadata
"6pelhg",gone_404+no_snapshot,gone_404,no_snapshot,none_in_metadata
"6q1j5i",gone_404+snapshot_placeholder,gone_404,snapshot_placeholder,none_in_metadata
"6q2z2q",gone_404+no_snapshot,gone_404,no_snapshot,none_in_metadata
"6q3x4h",gone_404+no_snapshot,gone_404,no_snapshot,none_in_metadata
"6q8v0b",gone_404+snapshot_placeholder,gone_404,snapshot_placeholder,none_in_metadata
"6qi0kd",gone_404+snapshot_placeholder,gone_404,snapshot_placeholder,none_in_metadata
"6qi6lf",gone_404+no_snapshot,gone_404,no_snapshot,none_in_metadata
"6qig3z",gone_404+no_snapshot,gone_404,no_snapshot,none_in_metadata
"6qkqj8",gone_404+no_snapshot,gone_404,no_snapshot,none_in_metadata
"6qlra5",gone_404+no_snapshot,gone_404,no_snapshot,none_in_metadata
"6qn261",gone_404+snapshot_placeholder,gone_404,snapshot_placeholder,none_in_metadata
"6qp1ae",fetched_furniture+snapshot_furniture,fetched_furniture,snapshot_furniture,none_in_metadata
"6qp4kk",gone_404+no_snapshot,gone_404,no_snapshot,none_in_metadata
"6qqw3j",gone_404+no_snapshot,gone_404,no_snapshot,none_in_metadata
"6qv5qh",gone_404+no_snapshot,gone_404,no_snapshot,none_in_metadata
"6r027n",gone_404+no_snapshot,gone_404,no_snapshot,none_in_metadata
"6r6ybb",gone_404+no_snapshot,gone_404,no_snapshot,none_in_metadata
"6r89v3",gone_404+no_snapshot,gone_404,no_snapshot,none_in_metadata
"6rj27x",gone_404+no_snapshot,gone_404,no_snapshot,none_in_metadata
"6rm0uf",gone_404+snapshot_placeholder,gone_404,snapshot_placeholder,none_in_metadata
"6s747m",gone_404+snapshot_placeholder,gone_404,snapshot_placeholder,none_in_metadata
"6se44g",gone_404+no_snapshot,gone_404,no_snapshot,none_in_metadata
"6sj35e",gone_404+no_snapshot,gone_404,no_snapshot,none_in_metadata
"6ske5t",gone_404+no_snapshot,gone_404,no_snapshot,none_in_metadata
"6sna6x",gone_404+snapshot_placeholder,gone_404,snapshot_placeholder,none_in_metadata
"6sqcyx",gone_404+no_snapshot,gone_404,no_snapshot,none_in_metadata
"6sqt2j",gone_404+no_snapshot,gone_404,no_snapshot,none_in_metadata
"6svv1u",gone_404+no_snapshot,gone_404,no_snapshot,none_in_metadata
"6tjr7l",gone_404+no_snapshot,gone_404,no_snapshot,none_in_metadata
"6tndzd",gone_404+snapshot_placeholder,gone_404,snapshot_placeholder,none_in_metadata
"6u1poe",gone_404+snapshot_placeholder,gone_404,snapshot_placeholder,none_in_metadata
"6ucjsc",gone_404+no_snapshot,gone_404,no_snapshot,none_in_metadata
"6uezz3",gone_404+no_snapshot,gone_404,no_snapshot,none_in_metadata
"6ug5y7",gone_404+no_snapshot,gone_404,no_snapshot,none_in_metadata
"6unvmx",gone_404+no_snapshot,gone_404,no_snapshot,none_in_metadata
"6urobn",gone_404+no_snapshot,gone_404,no_snapshot,none_in_metadata
"6ustba",gone_404+no_snapshot,gone_404,no_snapshot,none_in_metadata
"6uwfg9",gone_404+no_snapshot,gone_404,no_snapshot,none_in_metadata
"6uwwms",gone_404+no_snapshot,gone_404,no_snapshot,none_in_metadata
"6uxph9",gone_404+no_snapshot,gone_404,no_snapshot,none_in_metadata
"6uywco",gone_404+no_snapshot,gone_404,no_snapshot,none_in_metadata
"6v2eeq",gone_404+no_snapshot,gone_404,no_snapshot,none_in_metadata
"6v4ht5",gone_404+no_snapshot,gone_404,no_snapshot,none_in_metadata
"6v8jnm",gone_404+no_snapshot,gone_404,no_snapshot,none_in_metadata
"6vbnt1",gone_404+no_snapshot,gone_404,no_snapshot,none_in_metadata
"6vd2ok",gone_404+no_snapshot,gone_404,no_snapshot,none_in_metadata
"6vd2om",gone_404+no_snapshot,gone_404,no_snapshot,none_in_metadata
"6vh1x7",gone_404+no_snapshot,gone_404,no_snapshot,none_in_metadata
"6vsbn3",gone_404+no_snapshot,gone_404,no_snapshot,none_in_metadata
"6w0yet",gone_404+no_snapshot,gone_404,no_snapshot,none_in_metadata
"6w476m",gone_404+no_snapshot,gone_404,no_snapshot,none_in_metadata
"6wwq1s",gone_404+no_snapshot,gone_404,no_snapshot,none_in_metadata
"6wy1to",gone_404+no_snapshot,gone_404,no_snapshot,none_in_metadata
"6x9c5c",gone_404+no_snapshot,gone_404,no_snapshot,none_in_metadata
"6xewwy",gone_404+no_snapshot,gone_404,no_snapshot,none_in_metadata
"6xmw58",gone_404+snapshot_placeholder,gone_404,snapshot_placeholder,none_in_metadata
"6xxm06",gone_404+no_snapshot,gone_404,no_snapshot,none_in_metadata
"6xy8ij",gone_404+snapshot_placeholder,gone_404,snapshot_placeholder,none_in_metadata
"6y0qqv",gone_404+no_snapshot,gone_404,no_snapshot,none_in_metadata
"6y8ton",gone_404+no_snapshot,gone_404,no_snapshot,none_in_metadata
"6y9flm",gone_404+no_snapshot,gone_404,no_snapshot,none_in_metadata
"6ydglv",gone_404+no_snapshot,gone_404,no_snapshot,none_in_metadata
"6yooy4",gone_404+no_snapshot,gone_404,no_snapshot,none_in_metadata
"6yq50z",gone_404+no_snapshot,gone_404,no_snapshot,none_in_metadata
"6ysg1d",gone_404+snapshot_placeholder,gone_404,snapshot_placeholder,none_in_metadata
"6ywudl",gone_404+no_snapshot,gone_404,no_snapshot,none_in_metadata
"6yzkie",gone_404+no_snapshot,gone_404,no_snapshot,none_in_metadata
"6z066k",gone_404+no_snapshot,gone_404,no_snapshot,none_in_metadata
"6z3qt5",gone_404+no_snapshot,gone_404,no_snapshot,none_in_metadata
"6zf3cn",gone_404+no_snapshot,gone_404,no_snapshot,none_in_metadata
"6zhkia",fetched_furniture+no_snapshot,fetched_furniture,no_snapshot,none_in_metadata
"6zuz75",gone_404+snapshot_placeholder,gone_404,snapshot_placeholder,none_in_metadata
"6zx0wo",gone_404+no_snapshot,gone_404,no_snapshot,none_in_metadata
"703meb",gone_404+no_snapshot,gone_404,no_snapshot,none_in_metadata
"70df1o",gone_404+snapshot_blank,gone_404,snapshot_blank,none_in_metadata
"70euut",gone_404+no_snapshot,gone_404,no_snapshot,none_in_metadata
"70qlai",gone_404+snapshot_placeholder,gone_404,snapshot_placeholder,none_in_metadata
"70rou7",gone_404+no_snapshot,gone_404,no_snapshot,none_in_metadata
"70sgam",gone_404+no_snapshot,gone_404,no_snapshot,none_in_metadata
"70tenl",gone_404+no_snapshot,gone_404,no_snapshot,none_in_metadata
"70xh4i",gone_404+no_snapshot,gone_404,no_snapshot,none_in_metadata
"70y523",gone_404+no_snapshot,gone_404,no_snapshot,none_in_metadata
"70yx31",gone_404+no_snapshot,gone_404,no_snapshot,none_in_metadata
"710gu4",gone_404+snapshot_placeholder,gone_404,snapshot_placeholder,none_in_metadata
"712ohj",gone_404+no_snapshot,gone_404,no_snapshot,none_in_metadata
"715a26",gone_404+no_snapshot,gone_404,no_snapshot,none_in_metadata
"71cky7",fetched_furniture+snapshot_furniture,fetched_furniture,snapshot_furniture,none_in_metadata
"71h74d",gone_404+no_snapshot,gone_404,no_snapshot,none_in_metadata
"71jpnh",gone_404+no_snapshot,gone_404,no_snapshot,none_in_metadata
"71stvt",gone_404+snapshot_placeholder,gone_404,snapshot_placeholder,none_in_metadata
"71v6da",gone_404+no_snapshot,gone_404,no_snapshot,none_in_metadata
"71v7u7",fetched_furniture+snapshot_furniture,fetched_furniture,snapshot_furniture,none_in_metadata
"721sks",gone_404+no_snapshot,gone_404,no_snapshot,none_in_metadata
"726hrf",gone_404+no_snapshot,gone_404,no_snapshot,none_in_metadata
"727qxd",gone_404+snapshot_placeholder,gone_404,snapshot_placeholder,none_in_metadata
"72h9vf",gone_404+no_snapshot,gone_404,no_snapshot,none_in_metadata
"72ki7t",gone_404+snapshot_placeholder,gone_404,snapshot_placeholder,none_in_metadata
"72oug0",gone_404+no_snapshot,gone_404,no_snapshot,none_in_metadata
"72qgc2",gone_404+no_snapshot,gone_404,no_snapshot,none_in_metadata
"72rki6",gone_404+no_snapshot,gone_404,no_snapshot,none_in_metadata
"72x1am",fetched_blank+no_snapshot,fetched_blank,no_snapshot,none_in_metadata
"733sn8",gone_404+no_snapshot,gone_404,no_snapshot,none_in_metadata
"7342a1",gone_404+no_snapshot,gone_404,no_snapshot,none_in_metadata
"736olu",gone_404+no_snapshot,gone_404,no_snapshot,none_in_metadata
"736u94",gone_404+no_snapshot,gone_404,no_snapshot,none_in_metadata
"73annz",gone_404+snapshot_furniture,gone_404,snapshot_furniture,none_in_metadata
"73cdaz",gone_404+no_snapshot,gone_404,no_snapshot,none_in_metadata
"73k2t0",gone_404+no_snapshot,gone_404,no_snapshot,none_in_metadata
"73o48k",gone_404+no_snapshot,gone_404,no_snapshot,none_in_metadata
"73oprl",gone_404+no_snapshot,gone_404,no_snapshot,none_in_metadata
"73qixp",gone_404+snapshot_placeholder,gone_404,snapshot_placeholder,none_in_metadata
"73qsvt",gone_404+no_snapshot,gone_404,no_snapshot,none_in_metadata
"73sz1c",gone_404+no_snapshot,gone_404,no_snapshot,none_in_metadata
"73ulgp",gone_404+no_snapshot,gone_404,no_snapshot,none_in_metadata
"73w0yj",gone_404+no_snapshot,gone_404,no_snapshot,none_in_metadata
"7461p5",gone_404+no_snapshot,gone_404,no_snapshot,none_in_metadata
"74eryl",gone_404+no_snapshot,gone_404,no_snapshot,none_in_metadata
"74jkvj",gone_404+no_snapshot,gone_404,no_snapshot,none_in_metadata
"74oyb5",gone_404+no_snapshot,gone_404,no_snapshot,none_in_metadata
"74rki6",gone_404+no_snapshot,gone_404,no_snapshot,none_in_metadata
"74vtyr",gone_404+no_snapshot,gone_404,no_snapshot,none_in_metadata
"74wes0",gone_404+no_snapshot,gone_404,no_snapshot,none_in_metadata
"74wltw",gone_404+no_snapshot,gone_404,no_snapshot,none_in_metadata
"74y5g4",gone_404+no_snapshot,gone_404,no_snapshot,none_in_metadata
"75066k",gone_404+no_snapshot,gone_404,no_snapshot,none_in_metadata
"750k1g",gone_404+no_snapshot,gone_404,no_snapshot,none_in_metadata
"750lmk",gone_404+no_snapshot,gone_404,no_snapshot,none_in_metadata
"752i2f",gone_404+no_snapshot,gone_404,no_snapshot,none_in_metadata
"754sez",gone_404+no_snapshot,gone_404,no_snapshot,none_in_metadata
"7550ru",gone_404+no_snapshot,gone_404,no_snapshot,none_in_metadata
"756v2r",gone_404+no_snapshot,gone_404,no_snapshot,none_in_metadata
"75l5v1",gone_404+no_snapshot,gone_404,no_snapshot,none_in_metadata
"75t3rl",gone_404+no_snapshot,gone_404,no_snapshot,none_in_metadata
"75urna",gone_404+no_snapshot,gone_404,no_snapshot,none_in_metadata
"75yoz1",gone_404+no_snapshot,gone_404,no_snapshot,none_in_metadata
"766c53",gone_404+no_snapshot,gone_404,no_snapshot,none_in_metadata
"76ig69",gone_404+no_snapshot,gone_404,no_snapshot,none_in_metadata
"76x6eb",gone_404+no_snapshot,gone_404,no_snapshot,none_in_metadata
"76zy7k",gone_404+snapshot_placeholder,gone_404,snapshot_placeholder,none_in_metadata
"778y1q",gone_404+no_snapshot,gone_404,no_snapshot,none_in_metadata
"77fa3l",gone_404+no_snapshot,gone_404,no_snapshot,none_in_metadata
"77i49z",gone_404+no_snapshot,gone_404,no_snapshot,none_in_metadata
"77ir9v",gone_404+no_snapshot,gone_404,no_snapshot,none_in_metadata
"77reuu",gone_404+no_snapshot,gone_404,no_snapshot,none_in_metadata
"77udck",gone_404+no_snapshot,gone_404,no_snapshot,none_in_metadata
"77vqcq",gone_404+no_snapshot,gone_404,no_snapshot,none_in_metadata
"77y5gv",gone_404+no_snapshot,gone_404,no_snapshot,none_in_metadata
"78459r",gone_404+snapshot_placeholder,gone_404,snapshot_placeholder,none_in_metadata
"7848hz",gone_404+no_snapshot,gone_404,no_snapshot,none_in_metadata
"7893tc",gone_404+no_snapshot,gone_404,no_snapshot,none_in_metadata
"789pqr",gone_404+no_snapshot,gone_404,no_snapshot,none_in_metadata
"78b3cj",gone_404+no_snapshot,gone_404,no_snapshot,none_in_metadata
"78b83n",gone_404+no_snapshot,gone_404,no_snapshot,none_in_metadata
"78bmic",gone_404+no_snapshot,gone_404,no_snapshot,none_in_metadata
"78m9pk",gone_404+no_snapshot,gone_404,no_snapshot,none_in_metadata
"78ocjd",gone_404+no_snapshot,gone_404,no_snapshot,none_in_metadata
"78qq6d",gone_404+no_snapshot,gone_404,no_snapshot,none_in_metadata
"78szu0",gone_404+no_snapshot,gone_404,no_snapshot,none_in_metadata
"78yj70",gone_404+no_snapshot,gone_404,no_snapshot,none_in_metadata
"794zw8",gone_404+no_snapshot,gone_404,no_snapshot,none_in_metadata
"7991kc",gone_404+no_snapshot,gone_404,no_snapshot,none_in_metadata
"79935n",gone_404+no_snapshot,gone_404,no_snapshot,none_in_metadata
"79bo8g",gone_404+no_snapshot,gone_404,no_snapshot,none_in_metadata
"79deyc",gone_404+no_snapshot,gone_404,no_snapshot,none_in_metadata
"79fa4v",gone_404+no_snapshot,gone_404,no_snapshot,none_in_metadata
"79koxe",gone_404+snapshot_furniture,gone_404,snapshot_furniture,none_in_metadata
"79zjfs",gone_404+no_snapshot,gone_404,no_snapshot,none_in_metadata
"7a645h",gone_404+no_snapshot,gone_404,no_snapshot,none_in_metadata
"7agqly",gone_404+no_snapshot,gone_404,no_snapshot,none_in_metadata
"7ahu22",gone_404+no_snapshot,gone_404,no_snapshot,none_in_metadata
"7ahym4",gone_404+no_snapshot,gone_404,no_snapshot,none_in_metadata
"7akqvk",gone_404+no_snapshot,gone_404,no_snapshot,none_in_metadata
"7am9fe",gone_404+no_snapshot,gone_404,no_snapshot,none_in_metadata
"7at19u",gone_404+no_snapshot,gone_404,no_snapshot,none_in_metadata
"7avsro",gone_404+no_snapshot,gone_404,no_snapshot,none_in_metadata
"7baluw",gone_404+no_snapshot,gone_404,no_snapshot,none_in_metadata
"7bhdnr",gone_404+no_snapshot,gone_404,no_snapshot,none_in_metadata
"7blnqd",gone_404+no_snapshot,gone_404,no_snapshot,none_in_metadata
"7bst75",gone_404+no_snapshot,gone_404,no_snapshot,none_in_metadata
"7btmwq",gone_404+no_snapshot,gone_404,no_snapshot,none_in_metadata
"7bxgg8",gone_404+no_snapshot,gone_404,no_snapshot,none_in_metadata
"7c8b2q",fetched_blank+snapshot_blank,fetched_blank,snapshot_blank,none_in_metadata
"7cgdkq",gone_404+no_snapshot,gone_404,no_snapshot,none_in_metadata
"7ck3yg",gone_404+no_snapshot,gone_404,no_snapshot,none_in_metadata
"7cm0g1",gone_404+no_snapshot,gone_404,no_snapshot,none_in_metadata
"7cuxcr",gone_404+no_snapshot,gone_404,no_snapshot,none_in_metadata
"7cwk7y",fetched_furniture+no_snapshot,fetched_furniture,no_snapshot,none_in_metadata
"7d1ado",gone_404+snapshot_placeholder,gone_404,snapshot_placeholder,none_in_metadata
"7dgtvm",gone_404+no_snapshot,gone_404,no_snapshot,none_in_metadata
"7dh80z",gone_404+no_snapshot,gone_404,no_snapshot,none_in_metadata
"7dimu4",gone_404+snapshot_placeholder,gone_404,snapshot_placeholder,none_in_metadata
"7dlqi1",gone_404+no_snapshot,gone_404,no_snapshot,none_in_metadata
"7dt2ve",gone_404+no_snapshot,gone_404,no_snapshot,none_in_metadata
"7dx63u",gone_404+snapshot_placeholder,gone_404,snapshot_placeholder,none_in_metadata
"7dy5sl",gone_404+no_snapshot,gone_404,no_snapshot,none_in_metadata
"7dzoid",fetched_blank+snapshot_blank,fetched_blank,snapshot_blank,none_in_metadata
"7e5y68",fetched_furniture+snapshot_furniture,fetched_furniture,snapshot_furniture,none_in_metadata
"7ecjar",gone_404+no_snapshot,gone_404,no_snapshot,none_in_metadata
"7eco6p",gone_404+no_snapshot,gone_404,no_snapshot,none_in_metadata
"7eer12",gone_404+no_snapshot,gone_404,no_snapshot,none_in_metadata
"7etfl3",gone_404+no_snapshot,gone_404,no_snapshot,none_in_metadata
"7etyg2",gone_404+no_snapshot,gone_404,no_snapshot,none_in_metadata
"7exe9e",gone_404+no_snapshot,gone_404,no_snapshot,none_in_metadata
"7f3vfy",gone_404+no_snapshot,gone_404,no_snapshot,none_in_metadata
"7f4q9u",gone_404+no_snapshot,gone_404,no_snapshot,none_in_metadata
"7fc364",gone_404+snapshot_placeholder,gone_404,snapshot_placeholder,none_in_metadata
"7fk80m",gone_404+no_snapshot,gone_404,no_snapshot,none_in_metadata
"7fli9d",gone_404+no_snapshot,gone_404,no_snapshot,none_in_metadata
"7foxd6",gone_404+no_snapshot,gone_404,no_snapshot,none_in_metadata
"7frqhi",gone_404+no_snapshot,gone_404,no_snapshot,none_in_metadata
"7frtdm",gone_404+no_snapshot,gone_404,no_snapshot,none_in_metadata
"7fsfa0",gone_404+no_snapshot,gone_404,no_snapshot,none_in_metadata
"7fu4rf",gone_404+no_snapshot,gone_404,no_snapshot,none_in_metadata
"7fueyi",gone_404+no_snapshot,gone_404,no_snapshot,none_in_metadata
"7g6igt",gone_404+no_snapshot,gone_404,no_snapshot,none_in_metadata
"7g8d5i",gone_404+no_snapshot,gone_404,no_snapshot,none_in_metadata
"7ga2lq",gone_404+no_snapshot,gone_404,no_snapshot,none_in_metadata
"7gah3u",gone_404+no_snapshot,gone_404,no_snapshot,none_in_metadata
"7gcu4w",gone_404+snapshot_placeholder,gone_404,snapshot_placeholder,none_in_metadata
"7gf6rx",gone_404+no_snapshot,gone_404,no_snapshot,none_in_metadata
"7gg8u1",gone_404+no_snapshot,gone_404,no_snapshot,none_in_metadata
"7gife2",gone_404+no_snapshot,gone_404,no_snapshot,none_in_metadata
"7gn9n3",gone_404+snapshot_placeholder,gone_404,snapshot_placeholder,none_in_metadata
"7gragr",fetched_furniture+snapshot_furniture,fetched_furniture,snapshot_furniture,none_in_metadata
"7h0oqk",gone_404+no_snapshot,gone_404,no_snapshot,none_in_metadata
"7h4zhz",gone_404+no_snapshot,gone_404,no_snapshot,none_in_metadata
"7hfvwz",gone_404+no_snapshot,gone_404,no_snapshot,none_in_metadata
"7hmbc6",gone_404+no_snapshot,gone_404,no_snapshot,none_in_metadata
"7ial6u",gone_404+snapshot_placeholder,gone_404,snapshot_placeholder,none_in_metadata
"7irath",gone_404+no_snapshot,gone_404,no_snapshot,none_in_metadata
"7iubm3",gone_404+no_snapshot,gone_404,no_snapshot,none_in_metadata
"7iw1d3",gone_404+no_snapshot,gone_404,no_snapshot,none_in_metadata
"7ixe5i",gone_404+no_snapshot,gone_404,no_snapshot,none_in_metadata
"7k5019",gone_404+no_snapshot,gone_404,no_snapshot,none_in_metadata
"7kj54t",gone_404+no_snapshot,gone_404,no_snapshot,none_in_metadata
"7kjjs8",gone_404+no_snapshot,gone_404,no_snapshot,none_in_metadata
"7knpue",gone_404+no_snapshot,gone_404,no_snapshot,none_in_metadata
"7kr2ts",gone_404+no_snapshot,gone_404,no_snapshot,none_in_metadata
"7l441x",gone_404+no_snapshot,gone_404,no_snapshot,none_in_metadata
"7l4cq4",gone_404+snapshot_placeholder,gone_404,snapshot_placeholder,none_in_metadata
"7l5aw0",gone_404+no_snapshot,gone_404,no_snapshot,none_in_metadata
"7l9ez5",gone_404+no_snapshot,gone_404,no_snapshot,none_in_metadata
"7lclkk",gone_404+no_snapshot,gone_404,no_snapshot,none_in_metadata
"7lhfhb",gone_404+no_snapshot,gone_404,no_snapshot,none_in_metadata
"7lhu9j",gone_404+no_snapshot,gone_404,no_snapshot,none_in_metadata
"7lw9mf",gone_404+no_snapshot,gone_404,no_snapshot,none_in_metadata
"7m2ycd",gone_404+no_snapshot,gone_404,no_snapshot,none_in_metadata
"7m525u",gone_404+no_snapshot,gone_404,no_snapshot,none_in_metadata
"7m73ur",gone_404+no_snapshot,gone_404,no_snapshot,none_in_metadata
"7mid2u",gone_404+no_snapshot,gone_404,no_snapshot,none_in_metadata
"7mj99z",gone_404+no_snapshot,gone_404,no_snapshot,none_in_metadata
"7mngl2",gone_404+no_snapshot,gone_404,no_snapshot,none_in_metadata
"7mpqwc",gone_404+no_snapshot,gone_404,no_snapshot,none_in_metadata
"7mwgdb",gone_404+no_snapshot,gone_404,no_snapshot,none_in_metadata
"7n1etp",gone_404+no_snapshot,gone_404,no_snapshot,none_in_metadata
"7n3lss",gone_404+no_snapshot,gone_404,no_snapshot,none_in_metadata
"7n41o6",gone_404+no_snapshot,gone_404,no_snapshot,none_in_metadata
"7nhfou",gone_404+no_snapshot,gone_404,no_snapshot,none_in_metadata
"7nj57m",gone_404+no_snapshot,gone_404,no_snapshot,none_in_metadata
"7nlqt1",gone_404+no_snapshot,gone_404,no_snapshot,none_in_metadata
"7nr4j3",gone_404+no_snapshot,gone_404,no_snapshot,none_in_metadata
"7nrkl0",gone_404+no_snapshot,gone_404,no_snapshot,none_in_metadata
"7nt3rm",gone_404+no_snapshot,gone_404,no_snapshot,none_in_metadata
"7nx3ml",gone_404+no_snapshot,gone_404,no_snapshot,none_in_metadata
"7nxvs5",gone_404+no_snapshot,gone_404,no_snapshot,none_in_metadata
"7o9ato",gone_404+no_snapshot,gone_404,no_snapshot,none_in_metadata
"7obyt1",gone_404+no_snapshot,gone_404,no_snapshot,none_in_metadata
"7oceyj",gone_404+no_snapshot,gone_404,no_snapshot,none_in_metadata
"7ootrl",gone_404+no_snapshot,gone_404,no_snapshot,none_in_metadata
"7our6w",gone_404+no_snapshot,gone_404,no_snapshot,none_in_metadata
"7p0k9a",gone_404+no_snapshot,gone_404,no_snapshot,none_in_metadata
"7p86ws",gone_404+snapshot_placeholder,gone_404,snapshot_placeholder,none_in_metadata
"7p9b1l",gone_404+snapshot_placeholder,gone_404,snapshot_placeholder,none_in_metadata
"7pb51s",gone_404+no_snapshot,gone_404,no_snapshot,none_in_metadata
"7pbd16",gone_404+no_snapshot,gone_404,no_snapshot,none_in_metadata
"7pg7ah",gone_404+no_snapshot,gone_404,no_snapshot,none_in_metadata
"7po5p9",gone_404+no_snapshot,gone_404,no_snapshot,none_in_metadata
"7pu8z7",gone_404+no_snapshot,gone_404,no_snapshot,none_in_metadata
"7q4zva",gone_404+no_snapshot,gone_404,no_snapshot,none_in_metadata
"7q5xoh",gone_404+no_snapshot,gone_404,no_snapshot,none_in_metadata
"7q6vqs",gone_404+no_snapshot,gone_404,no_snapshot,none_in_metadata
"7q770k",gone_404+no_snapshot,gone_404,no_snapshot,none_in_metadata
"7q97xw",gone_404+no_snapshot,gone_404,no_snapshot,none_in_metadata
"7qacig",gone_404+no_snapshot,gone_404,no_snapshot,none_in_metadata
"7qg9ok",gone_404+snapshot_placeholder,gone_404,snapshot_placeholder,none_in_metadata
"7qgzzs",gone_404+no_snapshot,gone_404,no_snapshot,none_in_metadata
"7qisyv",gone_404+no_snapshot,gone_404,no_snapshot,none_in_metadata
"7qjzep",gone_404+no_snapshot,gone_404,no_snapshot,none_in_metadata
"7ql8fm",gone_404+no_snapshot,gone_404,no_snapshot,none_in_metadata
"7qlyda",gone_404+no_snapshot,gone_404,no_snapshot,none_in_metadata
"7qohme",gone_404+no_snapshot,gone_404,no_snapshot,none_in_metadata
"7r2hgg",gone_404+no_snapshot,gone_404,no_snapshot,none_in_metadata
"7r5rh2",gone_404+no_snapshot,gone_404,no_snapshot,none_in_metadata
"7r6a9b",gone_404+no_snapshot,gone_404,no_snapshot,none_in_metadata
"7r982c",gone_404+no_snapshot,gone_404,no_snapshot,none_in_metadata
"7rfqbk",gone_404+no_snapshot,gone_404,no_snapshot,none_in_metadata
"7rh4k4",gone_404+no_snapshot,gone_404,no_snapshot,none_in_metadata
"7rpzvl",gone_404+no_snapshot,gone_404,no_snapshot,none_in_metadata
"7rtlbf",gone_404+no_snapshot,gone_404,no_snapshot,none_in_metadata
"7rwxup",gone_404+no_snapshot,gone_404,no_snapshot,none_in_metadata
"7rzs4s",gone_404+no_snapshot,gone_404,no_snapshot,none_in_metadata
"7s0vvm",gone_404+no_snapshot,gone_404,no_snapshot,none_in_metadata
"7s42dd",gone_404+no_snapshot,gone_404,no_snapshot,none_in_metadata
"7s7k1a",gone_404+no_snapshot,gone_404,no_snapshot,none_in_metadata
"7s9nb3",gone_404+snapshot_placeholder,gone_404,snapshot_placeholder,none_in_metadata
"7sdgya",gone_404+no_snapshot,gone_404,no_snapshot,none_in_metadata
"7sgifb",gone_404+no_snapshot,gone_404,no_snapshot,none_in_metadata
"7shuz0",gone_404+no_snapshot,gone_404,no_snapshot,none_in_metadata
"7stnpl",gone_404+no_snapshot,gone_404,no_snapshot,none_in_metadata
"7szgt7",gone_404+no_snapshot,gone_404,no_snapshot,none_in_metadata
"7t0yg0",gone_404+no_snapshot,gone_404,no_snapshot,none_in_metadata
"7t1xx3",gone_404+no_snapshot,gone_404,no_snapshot,none_in_metadata
"7t21nx",gone_404+no_snapshot,gone_404,no_snapshot,none_in_metadata
"7t2in3",gone_404+no_snapshot,gone_404,no_snapshot,none_in_metadata
"7t51hk",gone_404+no_snapshot,gone_404,no_snapshot,none_in_metadata
"7t5ia9",gone_404+no_snapshot,gone_404,no_snapshot,none_in_metadata
"7t6am9",fetched_furniture+snapshot_furniture,fetched_furniture,snapshot_furniture,none_in_metadata
"7te62f",gone_404+no_snapshot,gone_404,no_snapshot,none_in_metadata
"7tfdyq",gone_404+no_snapshot,gone_404,no_snapshot,none_in_metadata
"7tlry7",gone_404+no_snapshot,gone_404,no_snapshot,none_in_metadata
"7tsvsq",gone_404+no_snapshot,gone_404,no_snapshot,none_in_metadata
"7tuz63",gone_404+no_snapshot,gone_404,no_snapshot,none_in_metadata
"7tzu4a",gone_404+no_snapshot,gone_404,no_snapshot,none_in_metadata
"7u28ue",gone_404+no_snapshot,gone_404,no_snapshot,none_in_metadata
"7u4pcj",gone_404+no_snapshot,gone_404,no_snapshot,none_in_metadata
"7u9tj4",gone_404+no_snapshot,gone_404,no_snapshot,none_in_metadata
"7ukjs7",gone_404+no_snapshot,gone_404,no_snapshot,none_in_metadata
"7unyuk",gone_404+no_snapshot,gone_404,no_snapshot,none_in_metadata
"7urhb4",gone_404+no_snapshot,gone_404,no_snapshot,none_in_metadata
"7v26s9",gone_404+no_snapshot,gone_404,no_snapshot,none_in_metadata
"7v8xdb",gone_404+no_snapshot,gone_404,no_snapshot,none_in_metadata
"7vasna",gone_404+no_snapshot,gone_404,no_snapshot,none_in_metadata
"7vate4",gone_404+no_snapshot,gone_404,no_snapshot,none_in_metadata
"7vnbc1",gone_404+no_snapshot,gone_404,no_snapshot,none_in_metadata
"7vrias",gone_404+no_snapshot,gone_404,no_snapshot,none_in_metadata
"7vs3ho",gone_404+no_snapshot,gone_404,no_snapshot,none_in_metadata
"7vwma5",gone_404+snapshot_placeholder,gone_404,snapshot_placeholder,none_in_metadata
"7vwr5a",gone_404+no_snapshot,gone_404,no_snapshot,none_in_metadata
"7w0n9u",gone_404+snapshot_placeholder,gone_404,snapshot_placeholder,none_in_metadata
"7w17yf",gone_404+no_snapshot,gone_404,no_snapshot,none_in_metadata
"7w5vg4",gone_404+no_snapshot,gone_404,no_snapshot,none_in_metadata
"7w7406",gone_404+no_snapshot,gone_404,no_snapshot,none_in_metadata
"7wa469",gone_404+no_snapshot,gone_404,no_snapshot,none_in_metadata
"7wavtt",gone_404+snapshot_placeholder,gone_404,snapshot_placeholder,none_in_metadata
"7wd9zj",gone_404+no_snapshot,gone_404,no_snapshot,none_in_metadata
"7wp9ce",gone_404+no_snapshot,gone_404,no_snapshot,none_in_metadata
"7wrnm4",gone_404+no_snapshot,gone_404,no_snapshot,none_in_metadata
"7wrw4p",gone_404+no_snapshot,gone_404,no_snapshot,none_in_metadata
"7x0web",gone_404+no_snapshot,gone_404,no_snapshot,none_in_metadata
"7xas7h",gone_404+no_snapshot,gone_404,no_snapshot,none_in_metadata
"7xfd9v",gone_404+no_snapshot,gone_404,no_snapshot,none_in_metadata
"7xse55",gone_404+no_snapshot,gone_404,no_snapshot,none_in_metadata
"7xuict",gone_404+no_snapshot,gone_404,no_snapshot,none_in_metadata
"7xyxg4",gone_404+no_snapshot,gone_404,no_snapshot,none_in_metadata
"7ycxf2",gone_404+no_snapshot,gone_404,no_snapshot,none_in_metadata
"7yg1k8",gone_404+no_snapshot,gone_404,no_snapshot,none_in_metadata
"7yj9j6",gone_404+no_snapshot,gone_404,no_snapshot,none_in_metadata
"7ym3vg",gone_404+no_snapshot,gone_404,no_snapshot,none_in_metadata
"7yq2l8",gone_404+no_snapshot,gone_404,no_snapshot,none_in_metadata
"7yujv2",gone_404+no_snapshot,gone_404,no_snapshot,none_in_metadata
"7yvpsw",gone_404+snapshot_placeholder,gone_404,snapshot_placeholder,none_in_metadata
"7z4a1n",gone_404+no_snapshot,gone_404,no_snapshot,none_in_metadata
"7zfjuv",fetched_furniture+snapshot_furniture,fetched_furniture,snapshot_furniture,none_in_metadata
"7zgkv9",gone_404+no_snapshot,gone_404,no_snapshot,none_in_metadata
"7zh3ll",gone_404+no_snapshot,gone_404,no_snapshot,none_in_metadata
"7znzkv",gone_404+snapshot_placeholder,gone_404,snapshot_placeholder,none_in_metadata
"7zplv0",gone_404+no_snapshot,gone_404,no_snapshot,none_in_metadata
"7zpneb",gone_404+no_snapshot,gone_404,no_snapshot,none_in_metadata
"7zqu88",gone_404+no_snapshot,gone_404,no_snapshot,none_in_metadata
"7zqx5a",gone_404+no_snapshot,gone_404,no_snapshot,none_in_metadata
"7zsqtl",gone_404+no_snapshot,gone_404,no_snapshot,none_in_metadata
"7zyvbw",gone_404+no_snapshot,gone_404,no_snapshot,none_in_metadata
"800jsb",gone_404+no_snapshot,gone_404,no_snapshot,none_in_metadata
"807pkh",gone_404+no_snapshot,gone_404,no_snapshot,none_in_metadata
"80d7k8",gone_404+no_snapshot,gone_404,no_snapshot,none_in_metadata
"80g580",gone_404+no_snapshot,gone_404,no_snapshot,none_in_metadata
"80ms9w",gone_404+no_snapshot,gone_404,no_snapshot,none_in_metadata
"80opd7",gone_404+no_snapshot,gone_404,no_snapshot,none_in_metadata
"80q990",gone_404+snapshot_placeholder,gone_404,snapshot_placeholder,none_in_metadata
"80s7po",gone_404+no_snapshot,gone_404,no_snapshot,none_in_metadata
"80zmr3",gone_404+no_snapshot,gone_404,no_snapshot,none_in_metadata
"80zr6e",gone_404+no_snapshot,gone_404,no_snapshot,none_in_metadata
"813hb5",gone_404+no_snapshot,gone_404,no_snapshot,none_in_metadata
"81rjpa",gone_404+no_snapshot,gone_404,no_snapshot,none_in_metadata
"81tjm0",gone_404+no_snapshot,gone_404,no_snapshot,none_in_metadata
"81x0ph",gone_404+no_snapshot,gone_404,no_snapshot,none_in_metadata
"81y618",gone_404+no_snapshot,gone_404,no_snapshot,none_in_metadata
"825jzp",gone_404+no_snapshot,gone_404,no_snapshot,none_in_metadata
"827hdy",gone_404+no_snapshot,gone_404,no_snapshot,none_in_metadata
"829hni",gone_404+no_snapshot,gone_404,no_snapshot,none_in_metadata
"82bot2",gone_404+snapshot_placeholder,gone_404,snapshot_placeholder,none_in_metadata
"82ojub",gone_404+no_snapshot,gone_404,no_snapshot,none_in_metadata
"82ooht",gone_404+snapshot_placeholder,gone_404,snapshot_placeholder,none_in_metadata
"82rrjp",gone_404+no_snapshot,gone_404,no_snapshot,none_in_metadata
"830o03",gone_404+no_snapshot,gone_404,no_snapshot,none_in_metadata
"832wjf",gone_404+no_snapshot,gone_404,no_snapshot,none_in_metadata
"83d3gk",gone_404+snapshot_placeholder,gone_404,snapshot_placeholder,none_in_metadata
"83fl8f",gone_404+no_snapshot,gone_404,no_snapshot,none_in_metadata
"83gtsv",gone_404+no_snapshot,gone_404,no_snapshot,none_in_metadata
"83hfyl",fetched_blank+snapshot_placeholder,fetched_blank,snapshot_placeholder,none_in_metadata
"83hme9",gone_404+no_snapshot,gone_404,no_snapshot,none_in_metadata
"83krji",gone_404+no_snapshot,gone_404,no_snapshot,none_in_metadata
"83mo79",gone_404+no_snapshot,gone_404,no_snapshot,none_in_metadata
"83rcpf",gone_404+no_snapshot,gone_404,no_snapshot,none_in_metadata
"83s5r0",fetched_furniture+snapshot_furniture,fetched_furniture,snapshot_furniture,none_in_metadata
"83sjkk",gone_404+no_snapshot,gone_404,no_snapshot,none_in_metadata
"83vbbg",gone_404+no_snapshot,gone_404,no_snapshot,none_in_metadata
"83x7eu",fetched_blank+snapshot_placeholder,fetched_blank,snapshot_placeholder,none_in_metadata
"83xank",gone_404+no_snapshot,gone_404,no_snapshot,none_in_metadata
"844o2b",gone_404+no_snapshot,gone_404,no_snapshot,none_in_metadata
"84bv35",gone_404+no_snapshot,gone_404,no_snapshot,none_in_metadata
"84i5lo",fetched_furniture+snapshot_placeholder,fetched_furniture,snapshot_placeholder,none_in_metadata
"84jogf",gone_404+no_snapshot,gone_404,no_snapshot,none_in_metadata
"84o7qe",gone_404+no_snapshot,gone_404,no_snapshot,none_in_metadata
"84qf4o",gone_404+no_snapshot,gone_404,no_snapshot,none_in_metadata
"84z4sr",fetched_furniture+snapshot_furniture,fetched_furniture,snapshot_furniture,none_in_metadata
"8557x6",gone_404+no_snapshot,gone_404,no_snapshot,none_in_metadata
"8584bl",gone_404+no_snapshot,gone_404,no_snapshot,none_in_metadata
"85877p",gone_404+no_snapshot,gone_404,no_snapshot,none_in_metadata
"85bgem",gone_404+snapshot_placeholder,gone_404,snapshot_placeholder,none_in_metadata
"85come",gone_404+no_snapshot,gone_404,no_snapshot,none_in_metadata
"85cruj",gone_404+no_snapshot,gone_404,no_snapshot,none_in_metadata
"85d4uc",gone_404+no_snapshot,gone_404,no_snapshot,none_in_metadata
"85eeep",gone_404+no_snapshot,gone_404,no_snapshot,none_in_metadata
"85gamr",gone_404+no_snapshot,gone_404,no_snapshot,none_in_metadata
"85gcz4",gone_404+no_snapshot,gone_404,no_snapshot,none_in_metadata
"85u1to",gone_404+no_snapshot,gone_404,no_snapshot,none_in_metadata
"8617tj",gone_404+no_snapshot,gone_404,no_snapshot,none_in_metadata
"866w78",gone_404+no_snapshot,gone_404,no_snapshot,none_in_metadata
"867dq6",gone_404+no_snapshot,gone_404,no_snapshot,none_in_metadata
"869xh9",gone_404+no_snapshot,gone_404,no_snapshot,none_in_metadata
"86anvw",gone_404+no_snapshot,gone_404,no_snapshot,none_in_metadata
"86c2r1",gone_404+no_snapshot,gone_404,no_snapshot,none_in_metadata
"86et28",gone_404+no_snapshot,gone_404,no_snapshot,none_in_metadata
"86mas2",fetched_placeholder+no_snapshot,fetched_placeholder,no_snapshot,none_in_metadata
"86obz9",gone_404+no_snapshot,gone_404,no_snapshot,none_in_metadata
"86pr4r",gone_404+no_snapshot,gone_404,no_snapshot,none_in_metadata
"86uadh",gone_404+no_snapshot,gone_404,no_snapshot,none_in_metadata
"8707qw",gone_404+no_snapshot,gone_404,no_snapshot,none_in_metadata
"875kxm",gone_404+no_snapshot,gone_404,no_snapshot,none_in_metadata
"87a7zt",fetched_placeholder+snapshot_placeholder,fetched_placeholder,snapshot_placeholder,none_in_metadata
"87dau0",gone_404+no_snapshot,gone_404,no_snapshot,none_in_metadata
"87dlth",gone_404+no_snapshot,gone_404,no_snapshot,none_in_metadata
"87du6k",gone_404+no_snapshot,gone_404,no_snapshot,none_in_metadata
"87e0kn",gone_404+no_snapshot,gone_404,no_snapshot,none_in_metadata
"87e4zl",gone_404+no_snapshot,gone_404,no_snapshot,none_in_metadata
"87lvyg",gone_404+no_snapshot,gone_404,no_snapshot,none_in_metadata
"87npax",gone_404+snapshot_placeholder,gone_404,snapshot_placeholder,none_in_metadata
"87rx1n",gone_404+snapshot_furniture,gone_404,snapshot_furniture,none_in_metadata
"880xz4",gone_404+no_snapshot,gone_404,no_snapshot,none_in_metadata
"882vg2",gone_404+no_snapshot,gone_404,no_snapshot,none_in_metadata
"8846jo",gone_404+snapshot_placeholder,gone_404,snapshot_placeholder,none_in_metadata
"888eyj",gone_404+no_snapshot,gone_404,no_snapshot,none_in_metadata
"88db4b",gone_404+no_snapshot,gone_404,no_snapshot,none_in_metadata
"88hh2f",gone_404+no_snapshot,gone_404,no_snapshot,none_in_metadata
"88i4vo",gone_404+no_snapshot,gone_404,no_snapshot,none_in_metadata
"88j3v0",gone_404+no_snapshot,gone_404,no_snapshot,none_in_metadata
"88lh2h",gone_404+no_snapshot,gone_404,no_snapshot,none_in_metadata
"88mcu6",gone_404+no_snapshot,gone_404,no_snapshot,none_in_metadata
"88tqlv",gone_404+no_snapshot,gone_404,no_snapshot,none_in_metadata
"88xdxf",gone_404+no_snapshot,gone_404,no_snapshot,none_in_metadata
"88zkgu",gone_404+no_snapshot,gone_404,no_snapshot,none_in_metadata
"895g9l",gone_404+snapshot_furniture,gone_404,snapshot_furniture,none_in_metadata
"89als3",gone_404+no_snapshot,gone_404,no_snapshot,none_in_metadata
"89dfvn",gone_404+no_snapshot,gone_404,no_snapshot,none_in_metadata
"89id5x",gone_404+no_snapshot,gone_404,no_snapshot,none_in_metadata
"89u6sk",gone_404+no_snapshot,gone_404,no_snapshot,none_in_metadata
"89wcyr",gone_404+no_snapshot,gone_404,no_snapshot,none_in_metadata
"8abnf3",gone_404+no_snapshot,gone_404,no_snapshot,none_in_metadata
"8ac781",gone_404+snapshot_placeholder,gone_404,snapshot_placeholder,none_in_metadata
"8act9m",gone_404+no_snapshot,gone_404,no_snapshot,none_in_metadata
"8ahan7",gone_404+snapshot_placeholder,gone_404,snapshot_placeholder,none_in_metadata
"8auaxn",gone_404+no_snapshot,gone_404,no_snapshot,none_in_metadata
"8aukv1",gone_404+no_snapshot,gone_404,no_snapshot,none_in_metadata
"8avom6",gone_404+no_snapshot,gone_404,no_snapshot,none_in_metadata
"8awfax",gone_404+no_snapshot,gone_404,no_snapshot,none_in_metadata
"8b5wyr",gone_404+no_snapshot,gone_404,no_snapshot,none_in_metadata
"8bcn29",gone_404+no_snapshot,gone_404,no_snapshot,none_in_metadata
"8bd3cg",gone_404+no_snapshot,gone_404,no_snapshot,none_in_metadata
"8be662",gone_404+no_snapshot,gone_404,no_snapshot,none_in_metadata
"8bgsin",gone_404+no_snapshot,gone_404,no_snapshot,none_in_metadata
"8bgyy2",gone_404+no_snapshot,gone_404,no_snapshot,none_in_metadata
"8bnful",gone_404+no_snapshot,gone_404,no_snapshot,none_in_metadata
"8bqcpu",gone_404+no_snapshot,gone_404,no_snapshot,none_in_metadata
"8bqlzl",gone_404+no_snapshot,gone_404,no_snapshot,none_in_metadata
"8bubce",gone_404+no_snapshot,gone_404,no_snapshot,none_in_metadata
"8bz2a3",gone_404+no_snapshot,gone_404,no_snapshot,none_in_metadata
"8bzw4b",gone_404+no_snapshot,gone_404,no_snapshot,none_in_metadata
"8c18os",gone_404+no_snapshot,gone_404,no_snapshot,none_in_metadata
"8c2i3w",gone_404+no_snapshot,gone_404,no_snapshot,none_in_metadata
"8cbab6",gone_404+no_snapshot,gone_404,no_snapshot,none_in_metadata
"8cc5vj",gone_404+no_snapshot,gone_404,no_snapshot,none_in_metadata
"8cde44",gone_404+no_snapshot,gone_404,no_snapshot,none_in_metadata
"8cfhwu",gone_404+no_snapshot,gone_404,no_snapshot,none_in_metadata
"8cgopk",gone_404+no_snapshot,gone_404,no_snapshot,none_in_metadata
"8cj1y1",gone_404+no_snapshot,gone_404,no_snapshot,none_in_metadata
"8crf5r",gone_404+no_snapshot,gone_404,no_snapshot,none_in_metadata
"8cwzvz",gone_404+no_snapshot,gone_404,no_snapshot,none_in_metadata
"8czsal",gone_404+no_snapshot,gone_404,no_snapshot,none_in_metadata
"8d1w11",gone_404+no_snapshot,gone_404,no_snapshot,none_in_metadata
"8d4oi0",gone_404+no_snapshot,gone_404,no_snapshot,none_in_metadata
"8d7iq0",gone_404+no_snapshot,gone_404,no_snapshot,none_in_metadata
"8d9nbr",gone_404+no_snapshot,gone_404,no_snapshot,none_in_metadata
"8d9obw",gone_404+no_snapshot,gone_404,no_snapshot,none_in_metadata
"8dcr59",gone_404+no_snapshot,gone_404,no_snapshot,none_in_metadata
"8dgqcw",gone_404+no_snapshot,gone_404,no_snapshot,none_in_metadata
"8dkib5",gone_404+no_snapshot,gone_404,no_snapshot,none_in_metadata
"8domc7",gone_404+no_snapshot,gone_404,no_snapshot,none_in_metadata
"8dqf5m",gone_404+no_snapshot,gone_404,no_snapshot,none_in_metadata
"8du64e",gone_404+no_snapshot,gone_404,no_snapshot,none_in_metadata
"8duuhf",gone_404+no_snapshot,gone_404,no_snapshot,none_in_metadata
"8dwz8v",gone_404+no_snapshot,gone_404,no_snapshot,none_in_metadata
"8dx5de",gone_404+no_snapshot,gone_404,no_snapshot,none_in_metadata
"8dxsw3",gone_404+no_snapshot,gone_404,no_snapshot,none_in_metadata
"8dz5sr",gone_404+no_snapshot,gone_404,no_snapshot,none_in_metadata
"8dzf0s",gone_404+no_snapshot,gone_404,no_snapshot,none_in_metadata
"8dzitk",gone_404+no_snapshot,gone_404,no_snapshot,none_in_metadata
"8e92ch",gone_404+no_snapshot,gone_404,no_snapshot,none_in_metadata
"8eeuhl",fetched_placeholder+no_snapshot,fetched_placeholder,no_snapshot,none_in_metadata
"8eldsz",gone_404+no_snapshot,gone_404,no_snapshot,none_in_metadata
"8elnjs",gone_404+no_snapshot,gone_404,no_snapshot,none_in_metadata
"8eo3y8",gone_404+no_snapshot,gone_404,no_snapshot,none_in_metadata
"8eo9fv",gone_404+no_snapshot,gone_404,no_snapshot,none_in_metadata
"8ep33y",gone_404+no_snapshot,gone_404,no_snapshot,none_in_metadata
"8esrgc",gone_404+no_snapshot,gone_404,no_snapshot,none_in_metadata
"8eu9zh",gone_404+no_snapshot,gone_404,no_snapshot,none_in_metadata
"8ew61l",gone_404+no_snapshot,gone_404,no_snapshot,none_in_metadata
"8ezt4i",gone_404+no_snapshot,gone_404,no_snapshot,none_in_metadata
"8f2s8m",gone_404+no_snapshot,gone_404,no_snapshot,none_in_metadata
"8f4k9g",gone_404+no_snapshot,gone_404,no_snapshot,none_in_metadata
"8fcg9d",gone_404+no_snapshot,gone_404,no_snapshot,none_in_metadata
"8fe41z",gone_404+no_snapshot,gone_404,no_snapshot,none_in_metadata
"8fk5l5",gone_404+no_snapshot,gone_404,no_snapshot,none_in_metadata
"8fmf8w",gone_404+no_snapshot,gone_404,no_snapshot,none_in_metadata
"8fonh7",gone_404+no_snapshot,gone_404,no_snapshot,none_in_metadata
"8fp9xe",gone_404+no_snapshot,gone_404,no_snapshot,none_in_metadata
"8fprfs",gone_404+no_snapshot,gone_404,no_snapshot,none_in_metadata
"8ftaxt",gone_404+no_snapshot,gone_404,no_snapshot,none_in_metadata
"8fxotc",gone_404+no_snapshot,gone_404,no_snapshot,none_in_metadata
"8g9if5",gone_404+no_snapshot,gone_404,no_snapshot,none_in_metadata
"8g9sms",gone_404+no_snapshot,gone_404,no_snapshot,none_in_metadata
"8gc32x",gone_404+no_snapshot,gone_404,no_snapshot,none_in_metadata
"8ge2fp",gone_404+snapshot_placeholder,gone_404,snapshot_placeholder,none_in_metadata
"8gfbu0",gone_404+snapshot_placeholder,gone_404,snapshot_placeholder,none_in_metadata
"8gkjbp",gone_404+snapshot_furniture,gone_404,snapshot_furniture,none_in_metadata
"8gmqxv",gone_404+no_snapshot,gone_404,no_snapshot,none_in_metadata
"8gmr4q",fetched_furniture+no_snapshot,fetched_furniture,no_snapshot,none_in_metadata
"8gnqpd",gone_404+no_snapshot,gone_404,no_snapshot,none_in_metadata
"8goagh",gone_404+no_snapshot,gone_404,no_snapshot,none_in_metadata
"8grm9l",gone_404+snapshot_placeholder,gone_404,snapshot_placeholder,none_in_metadata
"8gvr5n",gone_404+no_snapshot,gone_404,no_snapshot,none_in_metadata
"8gycwi",gone_404+no_snapshot,gone_404,no_snapshot,none_in_metadata
"8h1779",gone_404+no_snapshot,gone_404,no_snapshot,none_in_metadata
"8h256v",fetched_furniture+no_snapshot,fetched_furniture,no_snapshot,none_in_metadata
"8h3hja",gone_404+no_snapshot,gone_404,no_snapshot,none_in_metadata
"8haplw",gone_404+no_snapshot,gone_404,no_snapshot,none_in_metadata
"8hcmwe",gone_404+snapshot_placeholder,gone_404,snapshot_placeholder,none_in_metadata
"8hlmz7",gone_404+snapshot_placeholder,gone_404,snapshot_placeholder,none_in_metadata
"8hrls8",gone_404+no_snapshot,gone_404,no_snapshot,none_in_metadata
"8hzcae",gone_404+no_snapshot,gone_404,no_snapshot,none_in_metadata
"8i20tz",gone_404+no_snapshot,gone_404,no_snapshot,none_in_metadata
"8i26fm",gone_404+snapshot_placeholder,gone_404,snapshot_placeholder,none_in_metadata
"8i5we0",gone_404+snapshot_placeholder,gone_404,snapshot_placeholder,none_in_metadata
"8i8xg3",gone_404+no_snapshot,gone_404,no_snapshot,none_in_metadata
"8i9pv3",gone_404+no_snapshot,gone_404,no_snapshot,none_in_metadata
"8ijwhr",gone_404+no_snapshot,gone_404,no_snapshot,none_in_metadata
"8imjzn",gone_404+snapshot_furniture,gone_404,snapshot_furniture,none_in_metadata
"8inlmq",gone_404+no_snapshot,gone_404,no_snapshot,none_in_metadata
"8iq3mt",gone_404+no_snapshot,gone_404,no_snapshot,none_in_metadata
"8j34j3",gone_404+no_snapshot,gone_404,no_snapshot,none_in_metadata
"8j93z5",gone_404+no_snapshot,gone_404,no_snapshot,none_in_metadata
"8jch72",gone_404+no_snapshot,gone_404,no_snapshot,none_in_metadata
"8je215",gone_404+no_snapshot,gone_404,no_snapshot,none_in_metadata
"8jekkr",gone_404+no_snapshot,gone_404,no_snapshot,none_in_metadata
"8jhvrc",gone_404+snapshot_placeholder,gone_404,snapshot_placeholder,none_in_metadata
"8jwx3b",gone_404+no_snapshot,gone_404,no_snapshot,none_in_metadata
"8jz1us",gone_404+no_snapshot,gone_404,no_snapshot,none_in_metadata
"8k1tcg",gone_404+snapshot_placeholder,gone_404,snapshot_placeholder,none_in_metadata
"8kalyy",gone_404+no_snapshot,gone_404,no_snapshot,none_in_metadata
"8kb0fp",gone_404+no_snapshot,gone_404,no_snapshot,none_in_metadata
"8kgccj",gone_404+no_snapshot,gone_404,no_snapshot,none_in_metadata
"8kiy1k",gone_404+no_snapshot,gone_404,no_snapshot,none_in_metadata
"8kjmzg",gone_404+no_snapshot,gone_404,no_snapshot,none_in_metadata
"8kmwgj",gone_404+no_snapshot,gone_404,no_snapshot,none_in_metadata
"8knwtp",gone_404+no_snapshot,gone_404,no_snapshot,none_in_metadata
"8ko6x0",gone_404+no_snapshot,gone_404,no_snapshot,none_in_metadata
"8krulz",gone_404+no_snapshot,gone_404,no_snapshot,none_in_metadata
"8ksqpp",gone_404+no_snapshot,gone_404,no_snapshot,none_in_metadata
"8kvgdm",gone_404+no_snapshot,gone_404,no_snapshot,none_in_metadata
"8kwf6x",gone_404+no_snapshot,gone_404,no_snapshot,none_in_metadata
"8kx0bz",gone_404+no_snapshot,gone_404,no_snapshot,none_in_metadata
"8kx1xr",gone_404+no_snapshot,gone_404,no_snapshot,none_in_metadata
"8kydpi",gone_404+no_snapshot,gone_404,no_snapshot,none_in_metadata
"8kzuo5",gone_404+no_snapshot,gone_404,no_snapshot,none_in_metadata
"8la743",gone_404+no_snapshot,gone_404,no_snapshot,none_in_metadata
"8lj58e",gone_404+snapshot_placeholder,gone_404,snapshot_placeholder,none_in_metadata
"8lkljy",gone_404+snapshot_placeholder,gone_404,snapshot_placeholder,none_in_metadata
"8lnvxo",gone_404+no_snapshot,gone_404,no_snapshot,none_in_metadata
"8lw43i",gone_404+snapshot_placeholder,gone_404,snapshot_placeholder,none_in_metadata
"8m0i6h",gone_404+no_snapshot,gone_404,no_snapshot,none_in_metadata
"8m5x1s",gone_404+no_snapshot,gone_404,no_snapshot,none_in_metadata
"8m65qo",gone_404+no_snapshot,gone_404,no_snapshot,none_in_metadata
"8m9ioq",gone_404+no_snapshot,gone_404,no_snapshot,none_in_metadata
"8mcrt0",gone_404+no_snapshot,gone_404,no_snapshot,none_in_metadata
"8me69z",gone_404+no_snapshot,gone_404,no_snapshot,none_in_metadata
"8mlj10",gone_404+no_snapshot,gone_404,no_snapshot,none_in_metadata
"8mlk2l",gone_404+snapshot_placeholder,gone_404,snapshot_placeholder,none_in_metadata
"8mludv",gone_404+snapshot_placeholder,gone_404,snapshot_placeholder,none_in_metadata
"8mmvub",gone_404+no_snapshot,gone_404,no_snapshot,none_in_metadata
"8mo57d",gone_404+no_snapshot,gone_404,no_snapshot,none_in_metadata
"8mpxcm",gone_404+no_snapshot,gone_404,no_snapshot,none_in_metadata
"8mr7k8",gone_404+no_snapshot,gone_404,no_snapshot,none_in_metadata
"8msdls",gone_404+no_snapshot,gone_404,no_snapshot,none_in_metadata
"8murjd",gone_404+no_snapshot,gone_404,no_snapshot,none_in_metadata
"8mx3sv",gone_404+no_snapshot,gone_404,no_snapshot,none_in_metadata
"8myxzh",gone_404+no_snapshot,gone_404,no_snapshot,none_in_metadata
"8n4tp6",gone_404+no_snapshot,gone_404,no_snapshot,none_in_metadata
"8n79jq",fetched_placeholder+snapshot_placeholder,fetched_placeholder,snapshot_placeholder,none_in_metadata
"8n7mrx",gone_404+no_snapshot,gone_404,no_snapshot,none_in_metadata
"8neip4",gone_404+no_snapshot,gone_404,no_snapshot,none_in_metadata
"8nek5b",gone_404+no_snapshot,gone_404,no_snapshot,none_in_metadata
"8nr16k",gone_404+snapshot_placeholder,gone_404,snapshot_placeholder,none_in_metadata
"8ns4ir",gone_404+no_snapshot,gone_404,no_snapshot,none_in_metadata
"8nv3sp",gone_404+no_snapshot,gone_404,no_snapshot,none_in_metadata
"8nzg0z",gone_404+no_snapshot,gone_404,no_snapshot,none_in_metadata
"8o0lzh",gone_404+no_snapshot,gone_404,no_snapshot,none_in_metadata
"8o1v9f",gone_404+no_snapshot,gone_404,no_snapshot,none_in_metadata
"8o332i",gone_404+no_snapshot,gone_404,no_snapshot,none_in_metadata
"8o7yak",gone_404+no_snapshot,gone_404,no_snapshot,none_in_metadata
"8oac2h",gone_404+no_snapshot,gone_404,no_snapshot,none_in_metadata
"8oaroj",gone_404+no_snapshot,gone_404,no_snapshot,none_in_metadata
"8ob0am",gone_404+no_snapshot,gone_404,no_snapshot,none_in_metadata
"8ob54e",gone_404+no_snapshot,gone_404,no_snapshot,none_in_metadata
"8od1st",gone_404+no_snapshot,gone_404,no_snapshot,none_in_metadata
"8odfph",gone_404+no_snapshot,gone_404,no_snapshot,none_in_metadata
"8ohs27",gone_404+snapshot_furniture,gone_404,snapshot_furniture,none_in_metadata
"8ohwfe",gone_404+no_snapshot,gone_404,no_snapshot,none_in_metadata
"8okmch",gone_404+no_snapshot,gone_404,no_snapshot,none_in_metadata
"8om02p",gone_404+no_snapshot,gone_404,no_snapshot,none_in_metadata
"8oo559",gone_404+no_snapshot,gone_404,no_snapshot,none_in_metadata
"8oqx4q",gone_404+no_snapshot,gone_404,no_snapshot,none_in_metadata
"8os1b4",gone_404+no_snapshot,gone_404,no_snapshot,none_in_metadata
"8ox231",gone_404+no_snapshot,gone_404,no_snapshot,none_in_metadata
"8p0m1m",gone_404+no_snapshot,gone_404,no_snapshot,none_in_metadata
"8p4644",fetched_furniture+snapshot_furniture,fetched_furniture,snapshot_furniture,none_in_metadata
"8p52o3",gone_404+no_snapshot,gone_404,no_snapshot,none_in_metadata
"8p66k3",gone_404+no_snapshot,gone_404,no_snapshot,none_in_metadata
"8p7gzb",gone_404+no_snapshot,gone_404,no_snapshot,none_in_metadata
"8pb8bi",gone_404+no_snapshot,gone_404,no_snapshot,none_in_metadata
"8pbhh9",gone_404+no_snapshot,gone_404,no_snapshot,none_in_metadata
"8pes82",gone_404+no_snapshot,gone_404,no_snapshot,none_in_metadata
"8pf9vu",gone_404+no_snapshot,gone_404,no_snapshot,none_in_metadata
"8pk90q",gone_404+no_snapshot,gone_404,no_snapshot,none_in_metadata
"8pn1fg",gone_404+snapshot_placeholder,gone_404,snapshot_placeholder,none_in_metadata
"8povy5",gone_404+no_snapshot,gone_404,no_snapshot,none_in_metadata
"8psivr",gone_404+no_snapshot,gone_404,no_snapshot,none_in_metadata
"8psr2b",gone_404+no_snapshot,gone_404,no_snapshot,none_in_metadata
"8ptd39",gone_404+no_snapshot,gone_404,no_snapshot,none_in_metadata
"8pwmcw",gone_404+no_snapshot,gone_404,no_snapshot,none_in_metadata
"8pympx",gone_404+no_snapshot,gone_404,no_snapshot,none_in_metadata
"8q2ehi",gone_404+no_snapshot,gone_404,no_snapshot,none_in_metadata
"8q3i0h",gone_404+no_snapshot,gone_404,no_snapshot,none_in_metadata
"8q52qy",gone_404+no_snapshot,gone_404,no_snapshot,none_in_metadata
"8q7xj1",gone_404+no_snapshot,gone_404,no_snapshot,none_in_metadata
"8q9c3c",gone_404+no_snapshot,gone_404,no_snapshot,none_in_metadata
"8q9lxj",fetched_furniture+snapshot_furniture,fetched_furniture,snapshot_furniture,none_in_metadata
"8qe9si",gone_404+no_snapshot,gone_404,no_snapshot,none_in_metadata
"8qefsf",gone_404+no_snapshot,gone_404,no_snapshot,none_in_metadata
"8qh6l6",gone_404+no_snapshot,gone_404,no_snapshot,none_in_metadata
"8qh8x2",gone_404+no_snapshot,gone_404,no_snapshot,none_in_metadata
"8qhpjy",gone_404+no_snapshot,gone_404,no_snapshot,none_in_metadata
"8qj45b",gone_404+no_snapshot,gone_404,no_snapshot,none_in_metadata
"8qkx0c",gone_404+no_snapshot,gone_404,no_snapshot,none_in_metadata
"8qwi9h",gone_404+snapshot_furniture,gone_404,snapshot_furniture,none_in_metadata
"8r1xyp",gone_404+no_snapshot,gone_404,no_snapshot,none_in_metadata
"8r9gzk",gone_404+no_snapshot,gone_404,no_snapshot,none_in_metadata
"8rd6s0",gone_404+no_snapshot,gone_404,no_snapshot,none_in_metadata
"8rj4cy",gone_404+no_snapshot,gone_404,no_snapshot,none_in_metadata
"8rqk1w",gone_404+no_snapshot,gone_404,no_snapshot,none_in_metadata
"8rvkbg",gone_404+no_snapshot,gone_404,no_snapshot,none_in_metadata
"8rx5rc",gone_404+no_snapshot,gone_404,no_snapshot,none_in_metadata
"8s11u1",gone_404+no_snapshot,gone_404,no_snapshot,none_in_metadata
"8s33m2",gone_404+no_snapshot,gone_404,no_snapshot,none_in_metadata
"8s7yb9",gone_404+no_snapshot,gone_404,no_snapshot,none_in_metadata
"8s89p3",gone_404+no_snapshot,gone_404,no_snapshot,none_in_metadata
"8s90gh",gone_404+no_snapshot,gone_404,no_snapshot,none_in_metadata
"8s9psg",gone_404+no_snapshot,gone_404,no_snapshot,none_in_metadata
"8s9sbv",gone_404+no_snapshot,gone_404,no_snapshot,none_in_metadata
"8sbfto",gone_404+no_snapshot,gone_404,no_snapshot,none_in_metadata
"8sdsq5",gone_404+snapshots_not_images,gone_404,snapshots_not_images,none_in_metadata
"8se3kz",gone_404+no_snapshot,gone_404,no_snapshot,none_in_metadata
"8smemw",gone_404+no_snapshot,gone_404,no_snapshot,none_in_metadata
"8so4t1",gone_404+no_snapshot,gone_404,no_snapshot,none_in_metadata
"8spi5c",gone_404+no_snapshot,gone_404,no_snapshot,none_in_metadata
"8srgvh",gone_404+no_snapshot,gone_404,no_snapshot,none_in_metadata
"8sz9r4",gone_404+no_snapshot,gone_404,no_snapshot,none_in_metadata
"8szkl4",gone_404+no_snapshot,gone_404,no_snapshot,none_in_metadata
"8t031l",gone_404+no_snapshot,gone_404,no_snapshot,none_in_metadata
"8t64mx",gone_404+snapshot_furniture,gone_404,snapshot_furniture,none_in_metadata
"8tdf7p",gone_404+no_snapshot,gone_404,no_snapshot,none_in_metadata
"8tfn2a",gone_404+no_snapshot,gone_404,no_snapshot,none_in_metadata
"8thhje",gone_404+no_snapshot,gone_404,no_snapshot,none_in_metadata
"8tnubz",gone_404+no_snapshot,gone_404,no_snapshot,none_in_metadata
"8tqsu7",gone_404+no_snapshot,gone_404,no_snapshot,none_in_metadata
"8tt8ur",gone_404+no_snapshot,gone_404,no_snapshot,none_in_metadata
"8ty8s6",gone_404+no_snapshot,gone_404,no_snapshot,none_in_metadata
"8tygax",gone_404+no_snapshot,gone_404,no_snapshot,none_in_metadata
"8u0z5k",gone_404+snapshot_placeholder,gone_404,snapshot_placeholder,none_in_metadata
"8u1wo2",gone_404+no_snapshot,gone_404,no_snapshot,none_in_metadata
"8u4pbf",gone_404+no_snapshot,gone_404,no_snapshot,none_in_metadata
"8u5mxz",gone_404+no_snapshot,gone_404,no_snapshot,none_in_metadata
"8u6he1",gone_404+no_snapshot,gone_404,no_snapshot,none_in_metadata
"8uawg9",gone_404+no_snapshot,gone_404,no_snapshot,none_in_metadata
"8un76v",gone_404+no_snapshot,gone_404,no_snapshot,none_in_metadata
"8un7pj",gone_404+no_snapshot,gone_404,no_snapshot,none_in_metadata
"8up56b",gone_404+no_snapshot,gone_404,no_snapshot,none_in_metadata
"8uskcn",gone_404+no_snapshot,gone_404,no_snapshot,none_in_metadata
"8uwtd4",gone_404+no_snapshot,gone_404,no_snapshot,none_in_metadata
"8v3s9w",gone_404+no_snapshot,gone_404,no_snapshot,none_in_metadata
"8v4aok",gone_404+no_snapshot,gone_404,no_snapshot,none_in_metadata
"8v4dn9",gone_404+no_snapshot,gone_404,no_snapshot,none_in_metadata
"8v6ru4",gone_404+no_snapshot,gone_404,no_snapshot,none_in_metadata
"8v99nr",gone_404+no_snapshot,gone_404,no_snapshot,none_in_metadata
"8vb6rd",gone_404+no_snapshot,gone_404,no_snapshot,none_in_metadata
"8vba2u",gone_404+no_snapshot,gone_404,no_snapshot,none_in_metadata
"8vbath",gone_404+no_snapshot,gone_404,no_snapshot,none_in_metadata
"8vc6ml",gone_404+no_snapshot,gone_404,no_snapshot,none_in_metadata
"8vkps4",gone_404+no_snapshot,gone_404,no_snapshot,none_in_metadata
"8vo0um",gone_404+no_snapshot,gone_404,no_snapshot,none_in_metadata
"8vqqxi",gone_404+no_snapshot,gone_404,no_snapshot,none_in_metadata
"8vst3q",gone_404+no_snapshot,gone_404,no_snapshot,none_in_metadata
"8vtoj0",gone_404+no_snapshot,gone_404,no_snapshot,none_in_metadata
"8vvrvg",gone_404+no_snapshot,gone_404,no_snapshot,none_in_metadata
"8vwgzf",gone_404+no_snapshot,gone_404,no_snapshot,none_in_metadata
"8w55wn",gone_404+no_snapshot,gone_404,no_snapshot,none_in_metadata
"8w7iu0",gone_404+no_snapshot,gone_404,no_snapshot,none_in_metadata
"8w8x5f",gone_404+no_snapshot,gone_404,no_snapshot,none_in_metadata
"8wc4ru",gone_404+no_snapshot,gone_404,no_snapshot,none_in_metadata
"8wes8v",gone_404+no_snapshot,gone_404,no_snapshot,none_in_metadata
"8wg1xd",gone_404+no_snapshot,gone_404,no_snapshot,none_in_metadata
"8wlten",gone_404+no_snapshot,gone_404,no_snapshot,none_in_metadata
"8wmg02",gone_404+no_snapshot,gone_404,no_snapshot,none_in_metadata
"8wpg6r",gone_404+no_snapshot,gone_404,no_snapshot,none_in_metadata
"8wqmxm",gone_404+no_snapshot,gone_404,no_snapshot,none_in_metadata
"8wr5gl",gone_404+no_snapshot,gone_404,no_snapshot,none_in_metadata
"8x18xr",gone_404+snapshot_placeholder,gone_404,snapshot_placeholder,none_in_metadata
"8x48mu",gone_404+no_snapshot,gone_404,no_snapshot,none_in_metadata
"8x5c6j",gone_404+no_snapshot,gone_404,no_snapshot,none_in_metadata
"8x6lsf",gone_404+no_snapshot,gone_404,no_snapshot,none_in_metadata
"8xd2g8",gone_404+no_snapshot,gone_404,no_snapshot,none_in_metadata
"8xe2vt",gone_404+no_snapshot,gone_404,no_snapshot,none_in_metadata
"8xea7d",gone_404+no_snapshot,gone_404,no_snapshot,none_in_metadata
"8xfz5i",gone_404+no_snapshot,gone_404,no_snapshot,none_in_metadata
"8xl2my",gone_404+no_snapshot,gone_404,no_snapshot,none_in_metadata
"8xn4um",gone_404+no_snapshot,gone_404,no_snapshot,none_in_metadata
"8xqzaw",gone_404+no_snapshot,gone_404,no_snapshot,none_in_metadata
"8xsrl7",gone_404+no_snapshot,gone_404,no_snapshot,none_in_metadata
"8xvhqh",gone_404+snapshot_placeholder,gone_404,snapshot_placeholder,none_in_metadata
"8y58zg",gone_404+no_snapshot,gone_404,no_snapshot,none_in_metadata
"8y8px7",gone_404+no_snapshot,gone_404,no_snapshot,none_in_metadata
"8ydv1o",gone_404+no_snapshot,gone_404,no_snapshot,none_in_metadata
"8yesq1",gone_404+no_snapshot,gone_404,no_snapshot,none_in_metadata
"8yezow",gone_404+no_snapshot,gone_404,no_snapshot,none_in_metadata
"8yim0s",gone_404+no_snapshot,gone_404,no_snapshot,none_in_metadata
"8ym6j7",gone_404+no_snapshot,gone_404,no_snapshot,none_in_metadata
"8ymf61",gone_404+snapshot_placeholder,gone_404,snapshot_placeholder,none_in_metadata
"8ympi1",gone_404+no_snapshot,gone_404,no_snapshot,none_in_metadata
"8yn8c8",gone_404+no_snapshot,gone_404,no_snapshot,none_in_metadata
"8yndv6",gone_404+no_snapshot,gone_404,no_snapshot,none_in_metadata
"8yps4u",gone_404+no_snapshot,gone_404,no_snapshot,none_in_metadata
"8yy27w",gone_404+no_snapshot,gone_404,no_snapshot,none_in_metadata
"8z02cd",gone_404+no_snapshot,gone_404,no_snapshot,none_in_metadata
"8z0luf",gone_404+no_snapshot,gone_404,no_snapshot,none_in_metadata
"8z2kps",gone_404+no_snapshot,gone_404,no_snapshot,none_in_metadata
"8z4lqt",gone_404+no_snapshot,gone_404,no_snapshot,none_in_metadata
"8zi7it",gone_404+no_snapshot,gone_404,no_snapshot,none_in_metadata
"8zikns",fetched_blank+no_snapshot,fetched_blank,no_snapshot,none_in_metadata
"8zqxdd",gone_404+no_snapshot,gone_404,no_snapshot,none_in_metadata
"8zs7yj",gone_404+no_snapshot,gone_404,no_snapshot,none_in_metadata
"8zut72",gone_404+no_snapshot,gone_404,no_snapshot,none_in_metadata
"8zv6fb",gone_404+no_snapshot,gone_404,no_snapshot,none_in_metadata
"900mkk",gone_404+no_snapshot,gone_404,no_snapshot,none_in_metadata
"901ebf",gone_404+no_snapshot,gone_404,no_snapshot,none_in_metadata
"901j13",gone_404+no_snapshot,gone_404,no_snapshot,none_in_metadata
"90nxhg",gone_404+no_snapshot,gone_404,no_snapshot,none_in_metadata
"90sbhf",gone_404+no_snapshot,gone_404,no_snapshot,none_in_metadata
"90t3rg",gone_404+snapshot_placeholder,gone_404,snapshot_placeholder,none_in_metadata
"90u3p7",gone_404+no_snapshot,gone_404,no_snapshot,none_in_metadata
"90x0rb",gone_404+no_snapshot,gone_404,no_snapshot,none_in_metadata
"90yo08",gone_404+no_snapshot,gone_404,no_snapshot,none_in_metadata
"90yt1v",gone_404+no_snapshot,gone_404,no_snapshot,none_in_metadata
"90z3j2",gone_404+no_snapshot,gone_404,no_snapshot,none_in_metadata
"911dhn",gone_404+snapshot_blank,gone_404,snapshot_blank,none_in_metadata
"912dxd",gone_404+no_snapshot,gone_404,no_snapshot,none_in_metadata
"914h3e",gone_404+no_snapshot,gone_404,no_snapshot,none_in_metadata
"91a1dn",gone_404+no_snapshot,gone_404,no_snapshot,none_in_metadata
"91delx",gone_404+snapshot_placeholder,gone_404,snapshot_placeholder,none_in_metadata
"91ivim",gone_404+no_snapshot,gone_404,no_snapshot,none_in_metadata
"91lf9k",gone_404+no_snapshot,gone_404,no_snapshot,none_in_metadata
"91m9gu",gone_404+no_snapshot,gone_404,no_snapshot,none_in_metadata
"91ntqy",gone_404+no_snapshot,gone_404,no_snapshot,none_in_metadata
"91nuya",gone_404+no_snapshot,gone_404,no_snapshot,none_in_metadata
"91r483",gone_404+no_snapshot,gone_404,no_snapshot,none_in_metadata
"91st1c",gone_404+no_snapshot,gone_404,no_snapshot,none_in_metadata
"91uqw5",gone_404+no_snapshot,gone_404,no_snapshot,none_in_metadata
"91w4n4",gone_404+no_snapshot,gone_404,no_snapshot,none_in_metadata
"91y39x",gone_404+no_snapshot,gone_404,no_snapshot,none_in_metadata
"922yyw",gone_404+no_snapshot,gone_404,no_snapshot,none_in_metadata
"9253hu",gone_404+snapshot_placeholder,gone_404,snapshot_placeholder,none_in_metadata
"926sl6",gone_404+no_snapshot,gone_404,no_snapshot,none_in_metadata
"9272ka",gone_404+no_snapshot,gone_404,no_snapshot,none_in_metadata
"927ono",gone_404+no_snapshot,gone_404,no_snapshot,none_in_metadata
"92bz3h",gone_404+no_snapshot,gone_404,no_snapshot,none_in_metadata
"92cxk2",gone_404+no_snapshot,gone_404,no_snapshot,none_in_metadata
"92hdga",gone_404+no_snapshot,gone_404,no_snapshot,none_in_metadata
"92krzp",gone_404+no_snapshot,gone_404,no_snapshot,none_in_metadata
"92o9qe",gone_404+no_snapshot,gone_404,no_snapshot,none_in_metadata
"92pn7o",gone_404+snapshot_placeholder,gone_404,snapshot_placeholder,none_in_metadata
"92tjkb",gone_404+snapshots_not_images,gone_404,snapshots_not_images,none_in_metadata
"92tpvs",gone_404+no_snapshot,gone_404,no_snapshot,none_in_metadata
"92v6gx",gone_404+snapshot_placeholder,gone_404,snapshot_placeholder,none_in_metadata
"92xf38",gone_404+no_snapshot,gone_404,no_snapshot,none_in_metadata
"935ooq",fetched_furniture+no_snapshot,fetched_furniture,no_snapshot,none_in_metadata
"936yod",gone_404+no_snapshot,gone_404,no_snapshot,none_in_metadata
"938gfc",gone_404+no_snapshot,gone_404,no_snapshot,none_in_metadata
"938w7x",gone_404+no_snapshot,gone_404,no_snapshot,none_in_metadata
"939s11",gone_404+no_snapshot,gone_404,no_snapshot,none_in_metadata
"93axrg",gone_404+no_snapshot,gone_404,no_snapshot,none_in_metadata
"93bhxf",gone_404+snapshot_placeholder,gone_404,snapshot_placeholder,none_in_metadata
"93dzzb",gone_404+no_snapshot,gone_404,no_snapshot,none_in_metadata
"93fe3k",gone_404+no_snapshot,gone_404,no_snapshot,none_in_metadata
"93j1g7",gone_404+no_snapshot,gone_404,no_snapshot,none_in_metadata
"93jvrm",gone_404+no_snapshot,gone_404,no_snapshot,none_in_metadata
"93kx0n",gone_404+no_snapshot,gone_404,no_snapshot,none_in_metadata
"9407uk",gone_404+no_snapshot,gone_404,no_snapshot,none_in_metadata
"940x9p",gone_404+no_snapshot,gone_404,no_snapshot,none_in_metadata
"941z8a",gone_404+no_snapshot,gone_404,no_snapshot,none_in_metadata
"9432ix",gone_404+no_snapshot,gone_404,no_snapshot,none_in_metadata
"943gq3",gone_404+no_snapshot,gone_404,no_snapshot,none_in_metadata
"945m0t",gone_404+no_snapshot,gone_404,no_snapshot,none_in_metadata
"945mhi",gone_404+no_snapshot,gone_404,no_snapshot,none_in_metadata
"945xtg",gone_404+no_snapshot,gone_404,no_snapshot,none_in_metadata
"94a9da",gone_404+no_snapshot,gone_404,no_snapshot,none_in_metadata
"94aoi9",gone_404+no_snapshot,gone_404,no_snapshot,none_in_metadata
"94chva",gone_404+snapshot_placeholder,gone_404,snapshot_placeholder,none_in_metadata
"94eg90",gone_404+no_snapshot,gone_404,no_snapshot,none_in_metadata
"94ez88",gone_404+no_snapshot,gone_404,no_snapshot,none_in_metadata
"94ijc4",gone_404+no_snapshot,gone_404,no_snapshot,none_in_metadata
"94jd5d",gone_404+no_snapshot,gone_404,no_snapshot,none_in_metadata
"94jyuj",gone_404+no_snapshot,gone_404,no_snapshot,none_in_metadata
"94kzu9",gone_404+no_snapshot,gone_404,no_snapshot,none_in_metadata
"94nqth",gone_404+no_snapshot,gone_404,no_snapshot,none_in_metadata
"94of8b",gone_404+no_snapshot,gone_404,no_snapshot,none_in_metadata
"94owtg",gone_404+no_snapshot,gone_404,no_snapshot,none_in_metadata
"94r0cg",gone_404+no_snapshot,gone_404,no_snapshot,none_in_metadata
"94siuj",gone_404+no_snapshot,gone_404,no_snapshot,none_in_metadata
"94t22y",gone_404+no_snapshot,gone_404,no_snapshot,none_in_metadata
"94tsb2",gone_404+no_snapshot,gone_404,no_snapshot,none_in_metadata
"94unrm",gone_404+no_snapshot,gone_404,no_snapshot,none_in_metadata
"94vor0",gone_404+no_snapshot,gone_404,no_snapshot,none_in_metadata
"94w3wh",gone_404+no_snapshot,gone_404,no_snapshot,none_in_metadata
"94yc8x",gone_404+no_snapshot,gone_404,no_snapshot,none_in_metadata
"956pdh",gone_404+snapshot_placeholder,gone_404,snapshot_placeholder,none_in_metadata
"957iuz",gone_404+no_snapshot,gone_404,no_snapshot,none_in_metadata
"95916g",gone_404+no_snapshot,gone_404,no_snapshot,none_in_metadata
"95avic",gone_404+no_snapshot,gone_404,no_snapshot,none_in_metadata
"95e5dj",gone_404+snapshot_placeholder,gone_404,snapshot_placeholder,none_in_metadata
"95ffq8",fetched_furniture+snapshot_furniture,fetched_furniture,snapshot_furniture,none_in_metadata
"95im3d",gone_404+no_snapshot,gone_404,no_snapshot,none_in_metadata
"95j7x9",gone_404+no_snapshot,gone_404,no_snapshot,none_in_metadata
"95kr00",fetched_furniture+snapshot_furniture,fetched_furniture,snapshot_furniture,none_in_metadata
"95r26x",gone_404+no_snapshot,gone_404,no_snapshot,none_in_metadata
"95zy39",gone_404+no_snapshot,gone_404,no_snapshot,none_in_metadata
"9609oa",gone_404+no_snapshot,gone_404,no_snapshot,none_in_metadata
"962odu",gone_404+no_snapshot,gone_404,no_snapshot,none_in_metadata
"963tfk",gone_404+no_snapshot,gone_404,no_snapshot,none_in_metadata
"96b0vj",gone_404+no_snapshot,gone_404,no_snapshot,none_in_metadata
"96d61u",gone_404+no_snapshot,gone_404,no_snapshot,none_in_metadata
"96ft3m",gone_404+no_snapshot,gone_404,no_snapshot,none_in_metadata
"96i6hr",gone_404+no_snapshot,gone_404,no_snapshot,none_in_metadata
"96j85e",gone_404+no_snapshot,gone_404,no_snapshot,none_in_metadata
"96mgr3",gone_404+no_snapshot,gone_404,no_snapshot,none_in_metadata
"96mogo",gone_404+no_snapshot,gone_404,no_snapshot,none_in_metadata
"96q9go",gone_404+no_snapshot,gone_404,no_snapshot,none_in_metadata
"96rhfg",gone_404+no_snapshot,gone_404,no_snapshot,none_in_metadata
"96spng",gone_404+no_snapshot,gone_404,no_snapshot,none_in_metadata
"96wjqi",gone_404+no_snapshot,gone_404,no_snapshot,none_in_metadata
"96xzmp",gone_404+no_snapshot,gone_404,no_snapshot,none_in_metadata
"9718yn",gone_404+no_snapshot,gone_404,no_snapshot,none_in_metadata
"971vht",gone_404+no_snapshot,gone_404,no_snapshot,none_in_metadata
"97c9z4",gone_404+no_snapshot,gone_404,no_snapshot,none_in_metadata
"97etye",fetched_blank+snapshot_placeholder,fetched_blank,snapshot_placeholder,none_in_metadata
"97hfl3",fetched_placeholder+snapshot_placeholder,fetched_placeholder,snapshot_placeholder,none_in_metadata
"97lild",gone_404+no_snapshot,gone_404,no_snapshot,none_in_metadata
"97mg33",gone_404+no_snapshot,gone_404,no_snapshot,none_in_metadata
"97on54",gone_404+no_snapshot,gone_404,no_snapshot,none_in_metadata
"97wr00",gone_404+snapshot_placeholder,gone_404,snapshot_placeholder,none_in_metadata
"9883c8",gone_404+no_snapshot,gone_404,no_snapshot,none_in_metadata
"98b96o",gone_404+no_snapshot,gone_404,no_snapshot,none_in_metadata
"98h7x5",gone_404+no_snapshot,gone_404,no_snapshot,none_in_metadata
"98k7pi",gone_404+no_snapshot,gone_404,no_snapshot,none_in_metadata
"98ntvs",gone_404+no_snapshot,gone_404,no_snapshot,none_in_metadata
"98pbid",gone_404+no_snapshot,gone_404,no_snapshot,none_in_metadata
"98pc2h",gone_404+no_snapshot,gone_404,no_snapshot,none_in_metadata
"98po6x",gone_404+no_snapshot,gone_404,no_snapshot,none_in_metadata
"98qewh",gone_404+no_snapshot,gone_404,no_snapshot,none_in_metadata
"98ta3w",gone_404+no_snapshot,gone_404,no_snapshot,none_in_metadata
"98ujwk",gone_404+no_snapshot,gone_404,no_snapshot,none_in_metadata
"98vwfw",gone_404+no_snapshot,gone_404,no_snapshot,none_in_metadata
"9905zg",gone_404+no_snapshot,gone_404,no_snapshot,none_in_metadata
"9915ey",gone_404+no_snapshot,gone_404,no_snapshot,none_in_metadata
"999y6d",gone_404+no_snapshot,gone_404,no_snapshot,none_in_metadata
"99abzq",gone_404+no_snapshot,gone_404,no_snapshot,none_in_metadata
"99d1wj",gone_404+no_snapshot,gone_404,no_snapshot,none_in_metadata
"99jtzp",gone_404+no_snapshot,gone_404,no_snapshot,none_in_metadata
"99mm3y",gone_404+no_snapshot,gone_404,no_snapshot,none_in_metadata
"99rmn3",gone_404+no_snapshot,gone_404,no_snapshot,none_in_metadata
"99t91g",gone_404+no_snapshot,gone_404,no_snapshot,none_in_metadata
"99u1kk",gone_404+no_snapshot,gone_404,no_snapshot,none_in_metadata
"99xdnv",gone_404+no_snapshot,gone_404,no_snapshot,none_in_metadata
"99z3ex",gone_404+no_snapshot,gone_404,no_snapshot,none_in_metadata
"9a1bd5",gone_404+no_snapshot,gone_404,no_snapshot,none_in_metadata
"9a23l9",gone_404+no_snapshot,gone_404,no_snapshot,none_in_metadata
"9a71fl",gone_404+no_snapshot,gone_404,no_snapshot,none_in_metadata
"9a84u8",gone_404+no_snapshot,gone_404,no_snapshot,none_in_metadata
"9a8re7",gone_404+no_snapshot,gone_404,no_snapshot,none_in_metadata
"9a9a4i",gone_404+no_snapshot,gone_404,no_snapshot,none_in_metadata
"9aextp",gone_404+no_snapshot,gone_404,no_snapshot,none_in_metadata
"9ahg94",gone_404+no_snapshot,gone_404,no_snapshot,none_in_metadata
"9ahgku",gone_404+no_snapshot,gone_404,no_snapshot,none_in_metadata
"9ak6tg",gone_404+no_snapshot,gone_404,no_snapshot,none_in_metadata
"9alnwp",gone_404+no_snapshot,gone_404,no_snapshot,none_in_metadata
"9ap59x",gone_404+no_snapshot,gone_404,no_snapshot,none_in_metadata
"9at8jd",gone_404+no_snapshot,gone_404,no_snapshot,none_in_metadata
"9azp83",gone_404+no_snapshot,gone_404,no_snapshot,none_in_metadata
"9azstx",gone_404+no_snapshot,gone_404,no_snapshot,none_in_metadata
"9b09rp",gone_404+no_snapshot,gone_404,no_snapshot,none_in_metadata
"9b0gp9",gone_404+no_snapshot,gone_404,no_snapshot,none_in_metadata
"9b256k",gone_404+no_snapshot,gone_404,no_snapshot,none_in_metadata
"9b3com",gone_404+no_snapshot,gone_404,no_snapshot,none_in_metadata
"9b3kbx",gone_404+no_snapshot,gone_404,no_snapshot,none_in_metadata
"9b3nbk",gone_404+no_snapshot,gone_404,no_snapshot,none_in_metadata
"9b4ls5",gone_404+no_snapshot,gone_404,no_snapshot,none_in_metadata
"9b5t0h",gone_404+no_snapshot,gone_404,no_snapshot,none_in_metadata
"9b7rip",gone_404+no_snapshot,gone_404,no_snapshot,none_in_metadata
"9b7w29",gone_404+no_snapshot,gone_404,no_snapshot,none_in_metadata
"9bbpx8",gone_404+no_snapshot,gone_404,no_snapshot,none_in_metadata
"9bbuki",gone_404+no_snapshot,gone_404,no_snapshot,none_in_metadata
"9bcheq",gone_404+no_snapshot,gone_404,no_snapshot,none_in_metadata
"9bdi9i",gone_404+no_snapshot,gone_404,no_snapshot,none_in_metadata
"9bftgu",gone_404+no_snapshot,gone_404,no_snapshot,none_in_metadata
"9bj0f2",gone_404+no_snapshot,gone_404,no_snapshot,none_in_metadata
"9bkees",gone_404+no_snapshot,gone_404,no_snapshot,none_in_metadata
"9bki8i",gone_404+no_snapshot,gone_404,no_snapshot,none_in_metadata
"9blmm4",gone_404+no_snapshot,gone_404,no_snapshot,none_in_metadata
"9blqkz",gone_404+no_snapshot,gone_404,no_snapshot,none_in_metadata
"9bom1p",gone_404+no_snapshot,gone_404,no_snapshot,none_in_metadata
"9brxif",gone_404+no_snapshot,gone_404,no_snapshot,none_in_metadata
"9bscqr",gone_404+no_snapshot,gone_404,no_snapshot,none_in_metadata
"9btxnk",gone_404+snapshot_placeholder,gone_404,snapshot_placeholder,none_in_metadata
"9bunu7",gone_404+no_snapshot,gone_404,no_snapshot,none_in_metadata
"9bz40h",gone_404+no_snapshot,gone_404,no_snapshot,none_in_metadata
"9c081g",gone_404+no_snapshot,gone_404,no_snapshot,none_in_metadata
"9c1skv",gone_404+no_snapshot,gone_404,no_snapshot,none_in_metadata
"9c3afr",gone_404+snapshot_placeholder,gone_404,snapshot_placeholder,none_in_metadata
"9c40xe",gone_404+no_snapshot,gone_404,no_snapshot,none_in_metadata
"9c4fcr",gone_404+no_snapshot,gone_404,no_snapshot,none_in_metadata
"9c4h4q",gone_404+no_snapshot,gone_404,no_snapshot,none_in_metadata
"9c4svp",gone_404+no_snapshot,gone_404,no_snapshot,none_in_metadata
"9c56th",gone_404+no_snapshot,gone_404,no_snapshot,none_in_metadata
"9c6ve0",gone_404+no_snapshot,gone_404,no_snapshot,none_in_metadata
"9c72wp",gone_404+no_snapshot,gone_404,no_snapshot,none_in_metadata
"9c7hnk",gone_404+no_snapshot,gone_404,no_snapshot,none_in_metadata
"9c7kgo",gone_404+no_snapshot,gone_404,no_snapshot,none_in_metadata
"9c8xwx",gone_404+no_snapshot,gone_404,no_snapshot,none_in_metadata
"9c91pv",gone_404+snapshot_placeholder,gone_404,snapshot_placeholder,none_in_metadata
"9c9lke",gone_404+no_snapshot,gone_404,no_snapshot,none_in_metadata
"9c9oqg",gone_404+no_snapshot,gone_404,no_snapshot,none_in_metadata
"9ccpf1",gone_404+no_snapshot,gone_404,no_snapshot,none_in_metadata
"9cer4c",gone_404+no_snapshot,gone_404,no_snapshot,none_in_metadata
"9cgj2p",gone_404+no_snapshot,gone_404,no_snapshot,none_in_metadata
"9ch4gz",gone_404+no_snapshot,gone_404,no_snapshot,none_in_metadata
"9ch605",gone_404+snapshot_placeholder,gone_404,snapshot_placeholder,none_in_metadata
"9chs12",gone_404+no_snapshot,gone_404,no_snapshot,none_in_metadata
"9cizjy",gone_404+no_snapshot,gone_404,no_snapshot,none_in_metadata
"9cj7z6",gone_404+no_snapshot,gone_404,no_snapshot,none_in_metadata
"9clhnj",gone_404+no_snapshot,gone_404,no_snapshot,none_in_metadata
"9clo39",gone_404+snapshot_placeholder,gone_404,snapshot_placeholder,none_in_metadata
"9cmu1e",gone_404+no_snapshot,gone_404,no_snapshot,none_in_metadata
"9cnyco",gone_404+no_snapshot,gone_404,no_snapshot,none_in_metadata
"9cpee6",gone_404+no_snapshot,gone_404,no_snapshot,none_in_metadata
"9csmwg",gone_404+no_snapshot,gone_404,no_snapshot,none_in_metadata
"9cuksj",gone_404+no_snapshot,gone_404,no_snapshot,none_in_metadata
"9cvcl0",gone_404+no_snapshot,gone_404,no_snapshot,none_in_metadata
"9cvd0u",gone_404+snapshot_placeholder,gone_404,snapshot_placeholder,none_in_metadata
"9cwkpm",gone_404+no_snapshot,gone_404,no_snapshot,none_in_metadata
"9cxe4w",gone_404+no_snapshot,gone_404,no_snapshot,none_in_metadata
"9cxvb0",gone_404+no_snapshot,gone_404,no_snapshot,none_in_metadata
"9cy4sa",gone_404+no_snapshot,gone_404,no_snapshot,none_in_metadata
"9cz3zy",gone_404+no_snapshot,gone_404,no_snapshot,none_in_metadata
"9d2o4e",gone_404+no_snapshot,gone_404,no_snapshot,none_in_metadata
"9d62f4",gone_404+no_snapshot,gone_404,no_snapshot,none_in_metadata
"9d7qnh",gone_404+no_snapshot,gone_404,no_snapshot,none_in_metadata
"9d8g9g",gone_404+no_snapshot,gone_404,no_snapshot,none_in_metadata
"9dbr7t",gone_404+no_snapshot,gone_404,no_snapshot,none_in_metadata
"9dcacm",gone_404+no_snapshot,gone_404,no_snapshot,none_in_metadata
"9dcaia",gone_404+no_snapshot,gone_404,no_snapshot,none_in_metadata
"9dd0q3",gone_404+no_snapshot,gone_404,no_snapshot,none_in_metadata
"9defgn",gone_404+no_snapshot,gone_404,no_snapshot,none_in_metadata
"9dkhmr",gone_404+no_snapshot,gone_404,no_snapshot,none_in_metadata
"9dtve0",gone_404+no_snapshot,gone_404,no_snapshot,none_in_metadata
"9ducvy",gone_404+no_snapshot,gone_404,no_snapshot,none_in_metadata
"9dx0mv",gone_404+no_snapshot,gone_404,no_snapshot,none_in_metadata
"9dxwrc",fetched_placeholder+snapshot_placeholder,fetched_placeholder,snapshot_placeholder,none_in_metadata
"9dyim5",gone_404+no_snapshot,gone_404,no_snapshot,none_in_metadata
"9dz7a6",gone_404+no_snapshot,gone_404,no_snapshot,none_in_metadata
"9e1g8t",gone_404+no_snapshot,gone_404,no_snapshot,none_in_metadata
"9e247n",gone_404+no_snapshot,gone_404,no_snapshot,none_in_metadata
"9e7aq1",gone_404+no_snapshot,gone_404,no_snapshot,none_in_metadata
"9e9srq",gone_404+no_snapshot,gone_404,no_snapshot,none_in_metadata
"9ea2dq",gone_404+no_snapshot,gone_404,no_snapshot,none_in_metadata
"9ecycs",gone_404+no_snapshot,gone_404,no_snapshot,none_in_metadata
"9ed0vk",gone_404+no_snapshot,gone_404,no_snapshot,none_in_metadata
"9ed7k0",gone_404+no_snapshot,gone_404,no_snapshot,none_in_metadata
"9edgbq",gone_404+no_snapshot,gone_404,no_snapshot,none_in_metadata
"9een3g",gone_404+no_snapshot,gone_404,no_snapshot,none_in_metadata
"9eg8ff",gone_404+no_snapshot,gone_404,no_snapshot,none_in_metadata
"9egero",gone_404+no_snapshot,gone_404,no_snapshot,none_in_metadata
"9egrp3",gone_404+no_snapshot,gone_404,no_snapshot,none_in_metadata
"9egs90",gone_404+no_snapshot,gone_404,no_snapshot,none_in_metadata
"9egy46",gone_404+no_snapshot,gone_404,no_snapshot,none_in_metadata
"9eiern",gone_404+no_snapshot,gone_404,no_snapshot,none_in_metadata
"9eise2",gone_404+no_snapshot,gone_404,no_snapshot,none_in_metadata
"9ejd7w",gone_404+no_snapshot,gone_404,no_snapshot,none_in_metadata
"9em5kp",gone_404+no_snapshot,gone_404,no_snapshot,none_in_metadata
"9emr4g",gone_404+no_snapshot,gone_404,no_snapshot,none_in_metadata
"9eq3pr",gone_404+no_snapshot,gone_404,no_snapshot,none_in_metadata
"9eqdmo",gone_404+no_snapshot,gone_404,no_snapshot,none_in_metadata
"9equgq",gone_404+no_snapshot,gone_404,no_snapshot,none_in_metadata
"9er6zy",gone_404+no_snapshot,gone_404,no_snapshot,none_in_metadata
"9erwyv",gone_404+no_snapshot,gone_404,no_snapshot,none_in_metadata
"9eshh4",gone_404+no_snapshot,gone_404,no_snapshot,none_in_metadata
"9esykt",gone_404+no_snapshot,gone_404,no_snapshot,none_in_metadata
"9et33g",gone_404+no_snapshot,gone_404,no_snapshot,none_in_metadata
"9etcpc",gone_404+no_snapshot,gone_404,no_snapshot,none_in_metadata
"9ewnap",gone_404+no_snapshot,gone_404,no_snapshot,none_in_metadata
"9eyl8z",gone_404+no_snapshot,gone_404,no_snapshot,none_in_metadata
"9f073m",gone_404+no_snapshot,gone_404,no_snapshot,none_in_metadata
"9f0sif",gone_404+no_snapshot,gone_404,no_snapshot,none_in_metadata
"9f10az",gone_404+no_snapshot,gone_404,no_snapshot,none_in_metadata
"9f1yu5",gone_404+no_snapshot,gone_404,no_snapshot,none_in_metadata
"9f2s6k",gone_404+no_snapshot,gone_404,no_snapshot,none_in_metadata
"9f605l",gone_404+no_snapshot,gone_404,no_snapshot,none_in_metadata
"9f7au5",gone_404+snapshot_placeholder,gone_404,snapshot_placeholder,none_in_metadata
"9f8opn",gone_404+no_snapshot,gone_404,no_snapshot,none_in_metadata
"9f9x3g",gone_404+no_snapshot,gone_404,no_snapshot,none_in_metadata
"9f9y86",gone_404+no_snapshot,gone_404,no_snapshot,none_in_metadata
"9faf84",gone_404+no_snapshot,gone_404,no_snapshot,none_in_metadata
"9fcrgg",gone_404+no_snapshot,gone_404,no_snapshot,none_in_metadata
"9ff457",gone_404+no_snapshot,gone_404,no_snapshot,none_in_metadata
"9fff4k",gone_404+no_snapshot,gone_404,no_snapshot,none_in_metadata
"9fg7vt",gone_404+no_snapshot,gone_404,no_snapshot,none_in_metadata
"9fj6bx",gone_404+no_snapshot,gone_404,no_snapshot,none_in_metadata
"9fjecq",gone_404+no_snapshot,gone_404,no_snapshot,none_in_metadata
"9fkfoc",gone_404+no_snapshot,gone_404,no_snapshot,none_in_metadata
"9fmb0u",gone_404+no_snapshot,gone_404,no_snapshot,none_in_metadata
"9fmhni",gone_404+no_snapshot,gone_404,no_snapshot,none_in_metadata
"9fmy6g",gone_404+no_snapshot,gone_404,no_snapshot,none_in_metadata
"9fnvf0",gone_404+no_snapshot,gone_404,no_snapshot,none_in_metadata
"9fo06g",gone_404+no_snapshot,gone_404,no_snapshot,none_in_metadata
"9fob2k",gone_404+no_snapshot,gone_404,no_snapshot,none_in_metadata
"9foc26",gone_404+no_snapshot,gone_404,no_snapshot,none_in_metadata
"9fq61i",gone_404+no_snapshot,gone_404,no_snapshot,none_in_metadata
"9fruaj",gone_404+snapshot_placeholder,gone_404,snapshot_placeholder,none_in_metadata
"9ftlhy",gone_404+no_snapshot,gone_404,no_snapshot,none_in_metadata
"9fuhbz",gone_404+snapshot_furniture,gone_404,snapshot_furniture,none_in_metadata
"9fuok4",gone_404+no_snapshot,gone_404,no_snapshot,none_in_metadata
"9fxi61",gone_404+no_snapshot,gone_404,no_snapshot,none_in_metadata
"9g2iel",gone_404+no_snapshot,gone_404,no_snapshot,none_in_metadata
"9g2qs1",gone_404+no_snapshot,gone_404,no_snapshot,none_in_metadata
"9g4bly",gone_404+no_snapshot,gone_404,no_snapshot,none_in_metadata
"9g5dgi",gone_404+no_snapshot,gone_404,no_snapshot,none_in_metadata
"9g6xoo",gone_404+no_snapshot,gone_404,no_snapshot,none_in_metadata
"9g7agc",gone_404+snapshot_placeholder,gone_404,snapshot_placeholder,none_in_metadata
"9g7wel",fetched_furniture+snapshot_furniture,fetched_furniture,snapshot_furniture,none_in_metadata
"9g90i2",gone_404+no_snapshot,gone_404,no_snapshot,none_in_metadata
"9g9zmu",gone_404+no_snapshot,gone_404,no_snapshot,none_in_metadata
"9gapvf",gone_404+no_snapshot,gone_404,no_snapshot,none_in_metadata
"9garbz",gone_404+no_snapshot,gone_404,no_snapshot,none_in_metadata
"9gnvec",gone_404+no_snapshot,gone_404,no_snapshot,none_in_metadata
"9gnxb6",gone_404+no_snapshot,gone_404,no_snapshot,none_in_metadata
"9gpffm",gone_404+no_snapshot,gone_404,no_snapshot,none_in_metadata
"9grh8f",gone_404+no_snapshot,gone_404,no_snapshot,none_in_metadata
"9gsl3t",gone_404+no_snapshot,gone_404,no_snapshot,none_in_metadata
"9gt12x",gone_404+no_snapshot,gone_404,no_snapshot,none_in_metadata
"9gtbe1",gone_404+no_snapshot,gone_404,no_snapshot,none_in_metadata
"9gu69x",gone_404+no_snapshot,gone_404,no_snapshot,none_in_metadata
"9guu80",gone_404+no_snapshot,gone_404,no_snapshot,none_in_metadata
"9guyej",gone_404+no_snapshot,gone_404,no_snapshot,none_in_metadata
"9gw43s",gone_404+no_snapshot,gone_404,no_snapshot,none_in_metadata
"9gwjfr",gone_404+no_snapshot,gone_404,no_snapshot,none_in_metadata
"9gxhus",gone_404+no_snapshot,gone_404,no_snapshot,none_in_metadata
"9gz8ed",gone_404+no_snapshot,gone_404,no_snapshot,none_in_metadata
"9h0vos",gone_404+no_snapshot,gone_404,no_snapshot,none_in_metadata
"9h1d84",gone_404+no_snapshot,gone_404,no_snapshot,none_in_metadata
"9h28fz",gone_404+no_snapshot,gone_404,no_snapshot,none_in_metadata
"9h2f6d",gone_404+no_snapshot,gone_404,no_snapshot,none_in_metadata
"9h5akk",gone_404+snapshot_placeholder,gone_404,snapshot_placeholder,none_in_metadata
"9h5ocz",gone_404+snapshot_placeholder,gone_404,snapshot_placeholder,none_in_metadata
"9h5odg",gone_404+no_snapshot,gone_404,no_snapshot,none_in_metadata
"9h5v0q",gone_404+no_snapshot,gone_404,no_snapshot,none_in_metadata
"9h7k6f",gone_404+no_snapshot,gone_404,no_snapshot,none_in_metadata
"9h8375",gone_404+no_snapshot,gone_404,no_snapshot,none_in_metadata
"9ha008",gone_404+no_snapshot,gone_404,no_snapshot,none_in_metadata
"9havvn",gone_404+no_snapshot,gone_404,no_snapshot,none_in_metadata
"9hc3ii",gone_404+no_snapshot,gone_404,no_snapshot,none_in_metadata
"9hehr1",gone_404+no_snapshot,gone_404,no_snapshot,none_in_metadata
"9hfytu",gone_404+no_snapshot,gone_404,no_snapshot,none_in_metadata
"9hgosl",gone_404+no_snapshot,gone_404,no_snapshot,none_in_metadata
"9hhb98",gone_404+no_snapshot,gone_404,no_snapshot,none_in_metadata
"9hirf5",gone_404+no_snapshot,gone_404,no_snapshot,none_in_metadata
"9hjgq7",gone_404+no_snapshot,gone_404,no_snapshot,none_in_metadata
"9hjtzk",gone_404+no_snapshot,gone_404,no_snapshot,none_in_metadata
"9hjv29",gone_404+no_snapshot,gone_404,no_snapshot,none_in_metadata
"9hkdam",gone_404+no_snapshot,gone_404,no_snapshot,none_in_metadata
"9hlfbx",gone_404+no_snapshot,gone_404,no_snapshot,none_in_metadata
"9hlhkc",gone_404+no_snapshot,gone_404,no_snapshot,none_in_metadata
"9hmczt",gone_404+no_snapshot,gone_404,no_snapshot,none_in_metadata
"9hq2dc",gone_404+no_snapshot,gone_404,no_snapshot,none_in_metadata
"9hsj1h",gone_404+no_snapshot,gone_404,no_snapshot,none_in_metadata
"9hsx7a",gone_404+no_snapshot,gone_404,no_snapshot,none_in_metadata
"9hvcso",gone_404+no_snapshot,gone_404,no_snapshot,none_in_metadata
"9hwkdp",gone_404+snapshot_placeholder,gone_404,snapshot_placeholder,none_in_metadata
"9i0302",gone_404+no_snapshot,gone_404,no_snapshot,none_in_metadata
"9i1kt9",gone_404+no_snapshot,gone_404,no_snapshot,none_in_metadata
"9i3p1r",gone_404+no_snapshot,gone_404,no_snapshot,none_in_metadata
"9i4pci",gone_404+no_snapshot,gone_404,no_snapshot,none_in_metadata
"9i4x77",gone_404+no_snapshot,gone_404,no_snapshot,none_in_metadata
"9i83p9",gone_404+no_snapshot,gone_404,no_snapshot,none_in_metadata
"9i88fb",gone_404+no_snapshot,gone_404,no_snapshot,none_in_metadata
"9i8qlw",gone_404+no_snapshot,gone_404,no_snapshot,none_in_metadata
"9ibh91",gone_404+no_snapshot,gone_404,no_snapshot,none_in_metadata
"9ibqig",gone_404+no_snapshot,gone_404,no_snapshot,none_in_metadata
"9icpbp",gone_404+no_snapshot,gone_404,no_snapshot,none_in_metadata
"9ilr9m",gone_404+no_snapshot,gone_404,no_snapshot,none_in_metadata
"9inpun",gone_404+no_snapshot,gone_404,no_snapshot,none_in_metadata
"9inylw",gone_404+no_snapshot,gone_404,no_snapshot,none_in_metadata
"9ipg39",gone_404+no_snapshot,gone_404,no_snapshot,none_in_metadata
"9iqdne",gone_404+no_snapshot,gone_404,no_snapshot,none_in_metadata
"9iqgd4",gone_404+no_snapshot,gone_404,no_snapshot,none_in_metadata
"9irgdh",gone_404+no_snapshot,gone_404,no_snapshot,none_in_metadata
"9isq5a",gone_404+no_snapshot,gone_404,no_snapshot,none_in_metadata
"9istk8",gone_404+no_snapshot,gone_404,no_snapshot,none_in_metadata
"9isx1a",gone_404+no_snapshot,gone_404,no_snapshot,none_in_metadata
"9iti9j",gone_404+no_snapshot,gone_404,no_snapshot,none_in_metadata
"9iugqn",gone_404+no_snapshot,gone_404,no_snapshot,none_in_metadata
"9iusml",gone_404+no_snapshot,gone_404,no_snapshot,none_in_metadata
"9ivneb",gone_404+no_snapshot,gone_404,no_snapshot,none_in_metadata
"9iwjck",gone_404+no_snapshot,gone_404,no_snapshot,none_in_metadata
"9iwt30",gone_404+no_snapshot,gone_404,no_snapshot,none_in_metadata
"9ixghd",gone_404+no_snapshot,gone_404,no_snapshot,none_in_metadata
"9ixoo4",gone_404+no_snapshot,gone_404,no_snapshot,none_in_metadata
"9iz4u1",gone_404+no_snapshot,gone_404,no_snapshot,none_in_metadata
"9j01qx",gone_404+no_snapshot,gone_404,no_snapshot,none_in_metadata
"9j04nu",gone_404+no_snapshot,gone_404,no_snapshot,none_in_metadata
"9j107c",gone_404+no_snapshot,gone_404,no_snapshot,none_in_metadata
"9j1o35",gone_404+no_snapshot,gone_404,no_snapshot,none_in_metadata
"9j2yc8",gone_404+no_snapshot,gone_404,no_snapshot,none_in_metadata
"9j474b",gone_404+no_snapshot,gone_404,no_snapshot,none_in_metadata
"9j4a4z",gone_404+no_snapshot,gone_404,no_snapshot,none_in_metadata
"9j4cdp",gone_404+no_snapshot,gone_404,no_snapshot,none_in_metadata
"9j9gse",gone_404+no_snapshot,gone_404,no_snapshot,none_in_metadata
"9jah0h",gone_404+no_snapshot,gone_404,no_snapshot,none_in_metadata
"9jary1",gone_404+no_snapshot,gone_404,no_snapshot,none_in_metadata
"9jb5ny",gone_404+no_snapshot,gone_404,no_snapshot,none_in_metadata
"9jhtjz",gone_404+no_snapshot,gone_404,no_snapshot,none_in_metadata
"9ji0j9",gone_404+no_snapshot,gone_404,no_snapshot,none_in_metadata
"9jiels",gone_404+no_snapshot,gone_404,no_snapshot,none_in_metadata
"9jkdkn",gone_404+no_snapshot,gone_404,no_snapshot,none_in_metadata
"9jmazs",gone_404+no_snapshot,gone_404,no_snapshot,none_in_metadata
"9jpnjj",gone_404+no_snapshot,gone_404,no_snapshot,none_in_metadata
"9jpzkt",gone_404+no_snapshot,gone_404,no_snapshot,none_in_metadata
"9jqx1t",gone_404+no_snapshot,gone_404,no_snapshot,none_in_metadata
"9jrygh",gone_404+no_snapshot,gone_404,no_snapshot,none_in_metadata
"9js7mp",gone_404+no_snapshot,gone_404,no_snapshot,none_in_metadata
"9jvqks",gone_404+no_snapshot,gone_404,no_snapshot,none_in_metadata
"9jye56",gone_404+no_snapshot,gone_404,no_snapshot,none_in_metadata
"9jyeq1",gone_404+no_snapshot,gone_404,no_snapshot,none_in_metadata
"9k1cqy",gone_404+no_snapshot,gone_404,no_snapshot,none_in_metadata
"9k1r6p",gone_404+no_snapshot,gone_404,no_snapshot,none_in_metadata
"9k34f0",gone_404+no_snapshot,gone_404,no_snapshot,none_in_metadata
"9k3ktb",gone_404+no_snapshot,gone_404,no_snapshot,none_in_metadata
"9k406g",gone_404+no_snapshot,gone_404,no_snapshot,none_in_metadata
"9k46zi",gone_404+snapshot_placeholder,gone_404,snapshot_placeholder,none_in_metadata
"9k4c1b",gone_404+no_snapshot,gone_404,no_snapshot,none_in_metadata
"9k6aan",gone_404+no_snapshot,gone_404,no_snapshot,none_in_metadata
"9k7qgp",gone_404+no_snapshot,gone_404,no_snapshot,none_in_metadata
"9k7uxz",gone_404+no_snapshot,gone_404,no_snapshot,none_in_metadata
"9k81w3",gone_404+no_snapshot,gone_404,no_snapshot,none_in_metadata
"9kaopl",gone_404+no_snapshot,gone_404,no_snapshot,none_in_metadata
"9kay06",gone_404+no_snapshot,gone_404,no_snapshot,none_in_metadata
"9r33bu",gone_404+no_snapshot,gone_404,no_snapshot,none_in_metadata
"9tbchd",gone_404+snapshot_placeholder,gone_404,snapshot_placeholder,none_in_metadata
"9ty9ij",gone_404+no_snapshot,gone_404,no_snapshot,none_in_metadata
"9tyixy",gone_404+no_snapshot,gone_404,no_snapshot,none_in_metadata
"9w75oq",gone_404+no_snapshot,gone_404,no_snapshot,none_in_metadata
"9whnr4",gone_404+no_snapshot,gone_404,no_snapshot,none_in_metadata
"9whzi6",gone_404+no_snapshot,gone_404,no_snapshot,none_in_metadata
"9xluyr",gone_404+no_snapshot,gone_404,no_snapshot,none_in_metadata
"9xm3h7",gone_404+no_snapshot,gone_404,no_snapshot,none_in_metadata
"9ybbbo",gone_404+no_snapshot,gone_404,no_snapshot,none_in_metadata
"9ybd08",gone_404+no_snapshot,gone_404,no_snapshot,none_in_metadata
"a2fhaf",gone_404+snapshot_placeholder,gone_404,snapshot_placeholder,none_in_metadata
"a2guw6",gone_404+no_snapshot,gone_404,no_snapshot,none_in_metadata
"a2hayj",gone_404+no_snapshot,gone_404,no_snapshot,none_in_metadata
"a48l7c",gone_404+no_snapshot,gone_404,no_snapshot,none_in_metadata
"a4l7ui",gone_404+no_snapshot,gone_404,no_snapshot,none_in_metadata
"a65k9d",gone_404+no_snapshot,gone_404,no_snapshot,none_in_metadata
"a6606r",gone_404+no_snapshot,gone_404,no_snapshot,none_in_metadata
"a66z96",gone_404+no_snapshot,gone_404,no_snapshot,none_in_metadata
"admi7g",gone_404+no_snapshot,gone_404,no_snapshot,none_in_metadata
"aendo6",gone_404+no_snapshot,gone_404,no_snapshot,none_in_metadata
"aeodk2",gone_404+no_snapshot,gone_404,no_snapshot,none_in_metadata
"aeyws8",gone_404+no_snapshot,gone_404,no_snapshot,none_in_metadata
"af9pm8",gone_404+no_snapshot,gone_404,no_snapshot,none_in_metadata
"ai011u",gone_404+no_snapshot,gone_404,no_snapshot,none_in_metadata
"ai3qju",gone_404+no_snapshot,gone_404,no_snapshot,none_in_metadata
"akeuhx",gone_404+no_snapshot,gone_404,no_snapshot,none_in_metadata
"akffiw",gone_404+no_snapshot,gone_404,no_snapshot,none_in_metadata
"akffuq",gone_404+no_snapshot,gone_404,no_snapshot,none_in_metadata
"akfoxw",gone_404+no_snapshot,gone_404,no_snapshot,none_in_metadata
"al43c1",gone_404+no_snapshot,gone_404,no_snapshot,none_in_metadata
"aplkea",gone_404+no_snapshot,gone_404,no_snapshot,none_in_metadata
"ar3s2h",gone_404+no_snapshot,gone_404,no_snapshot,none_in_metadata
"ar4p6f",gone_404+no_snapshot,gone_404,no_snapshot,none_in_metadata
"ar5i7f",gone_404+no_snapshot,gone_404,no_snapshot,none_in_metadata
"ar7dpg",gone_404+no_snapshot,gone_404,no_snapshot,none_in_metadata
"ar92w6",gone_404+snapshot_placeholder,gone_404,snapshot_placeholder,none_in_metadata
"ar9up6",gone_404+no_snapshot,gone_404,no_snapshot,none_in_metadata
"araqv2",gone_404+no_snapshot,gone_404,no_snapshot,none_in_metadata
"arawt7",gone_404+no_snapshot,gone_404,no_snapshot,none_in_metadata
"arbr6d",gone_404+no_snapshot,gone_404,no_snapshot,none_in_metadata
"arbvok",gone_404+no_snapshot,gone_404,no_snapshot,none_in_metadata
"arcul6",gone_404+no_snapshot,gone_404,no_snapshot,none_in_metadata
"ard057",gone_404+no_snapshot,gone_404,no_snapshot,none_in_metadata
"ard5gc",gone_404+no_snapshot,gone_404,no_snapshot,none_in_metadata
"ardbdx",gone_404+no_snapshot,gone_404,no_snapshot,none_in_metadata
"ardfud",gone_404+no_snapshot,gone_404,no_snapshot,none_in_metadata
"ardpfy",gone_404+no_snapshot,gone_404,no_snapshot,none_in_metadata
"arg2q1",gone_404+no_snapshot,gone_404,no_snapshot,none_in_metadata
"arl1l7",gone_404+no_snapshot,gone_404,no_snapshot,none_in_metadata
"arn15w",gone_404+no_snapshot,gone_404,no_snapshot,none_in_metadata
"arn2f4",gone_404+no_snapshot,gone_404,no_snapshot,none_in_metadata
"arn5nn",gone_404+no_snapshot,gone_404,no_snapshot,none_in_metadata
"arndkk",gone_404+no_snapshot,gone_404,no_snapshot,none_in_metadata
"aroclr",gone_404+no_snapshot,gone_404,no_snapshot,none_in_metadata
"arqz79",gone_404+no_snapshot,gone_404,no_snapshot,none_in_metadata
"arrvjw",gone_404+no_snapshot,gone_404,no_snapshot,none_in_metadata
"arv0re",gone_404+no_snapshot,gone_404,no_snapshot,none_in_metadata
"arw39n",gone_404+no_snapshot,gone_404,no_snapshot,none_in_metadata
"arwabq",gone_404+no_snapshot,gone_404,no_snapshot,none_in_metadata
"arx3zd",gone_404+no_snapshot,gone_404,no_snapshot,none_in_metadata
"arya9x",gone_404+no_snapshot,gone_404,no_snapshot,none_in_metadata
"arzr9j",gone_404+no_snapshot,gone_404,no_snapshot,none_in_metadata
"as0e9n",gone_404+no_snapshot,gone_404,no_snapshot,none_in_metadata
"as0hcn",gone_404+no_snapshot,gone_404,no_snapshot,none_in_metadata
"as13p7",gone_404+no_snapshot,gone_404,no_snapshot,none_in_metadata
"as1u8l",gone_404+no_snapshot,gone_404,no_snapshot,none_in_metadata
"as1ziu",gone_404+no_snapshot,gone_404,no_snapshot,none_in_metadata
"as3rru",gone_404+no_snapshot,gone_404,no_snapshot,none_in_metadata
"as46im",gone_404+no_snapshot,gone_404,no_snapshot,none_in_metadata
"as4e40",gone_404+no_snapshot,gone_404,no_snapshot,none_in_metadata
"as4isu",gone_404+no_snapshot,gone_404,no_snapshot,none_in_metadata
"as5xmh",gone_404+no_snapshot,gone_404,no_snapshot,none_in_metadata
"as6xa7",gone_404+no_snapshot,gone_404,no_snapshot,none_in_metadata
"ascyr8",gone_404+no_snapshot,gone_404,no_snapshot,none_in_metadata
"asd59v",gone_404+no_snapshot,gone_404,no_snapshot,none_in_metadata
"asf7qv",gone_404+no_snapshot,gone_404,no_snapshot,none_in_metadata
"asfwrn",gone_404+no_snapshot,gone_404,no_snapshot,none_in_metadata
"asfxlu",gone_404+no_snapshot,gone_404,no_snapshot,none_in_metadata
"asg3r1",gone_404+no_snapshot,gone_404,no_snapshot,none_in_metadata
"ash1f9",gone_404+no_snapshot,gone_404,no_snapshot,none_in_metadata
"asjoye",gone_404+no_snapshot,gone_404,no_snapshot,none_in_metadata
"asko3p",gone_404+no_snapshot,gone_404,no_snapshot,none_in_metadata
"asn1x3",gone_404+no_snapshot,gone_404,no_snapshot,none_in_metadata
"asp9j6",gone_404+no_snapshot,gone_404,no_snapshot,none_in_metadata
"asu9ug",gone_404+no_snapshot,gone_404,no_snapshot,none_in_metadata
"asur62",gone_404+no_snapshot,gone_404,no_snapshot,none_in_metadata
"asv1fp",gone_404+no_snapshot,gone_404,no_snapshot,none_in_metadata
"asvqla",gone_404+no_snapshot,gone_404,no_snapshot,none_in_metadata
"asw6ix",gone_404+no_snapshot,gone_404,no_snapshot,none_in_metadata
"aswdqw",gone_404+no_snapshot,gone_404,no_snapshot,none_in_metadata
"asx0p7",gone_404+no_snapshot,gone_404,no_snapshot,none_in_metadata
"asx0xn",gone_404+no_snapshot,gone_404,no_snapshot,none_in_metadata
"asxce4",gone_404+no_snapshot,gone_404,no_snapshot,none_in_metadata
"asy0kn",gone_404+no_snapshot,gone_404,no_snapshot,none_in_metadata
"at0tw4",gone_404+no_snapshot,gone_404,no_snapshot,none_in_metadata
"at3jny",gone_404+no_snapshot,gone_404,no_snapshot,none_in_metadata
"at44al",gone_404+no_snapshot,gone_404,no_snapshot,none_in_metadata
"at44s3",gone_404+no_snapshot,gone_404,no_snapshot,none_in_metadata
"at5lfu",gone_404+no_snapshot,gone_404,no_snapshot,none_in_metadata
"at5oqa",gone_404+no_snapshot,gone_404,no_snapshot,none_in_metadata
"at8mm6",gone_404+no_snapshot,gone_404,no_snapshot,none_in_metadata
"at9gxf",gone_404+no_snapshot,gone_404,no_snapshot,none_in_metadata
"at9yk1",gone_404+no_snapshot,gone_404,no_snapshot,none_in_metadata
"atavvl",gone_404+no_snapshot,gone_404,no_snapshot,none_in_metadata
"atcldd",gone_404+no_snapshot,gone_404,no_snapshot,none_in_metadata
"atct7v",gone_404+no_snapshot,gone_404,no_snapshot,none_in_metadata
"atd3ad",gone_404+no_snapshot,gone_404,no_snapshot,none_in_metadata
"atdhgl",gone_404+no_snapshot,gone_404,no_snapshot,none_in_metadata
"atfggp",gone_404+no_snapshot,gone_404,no_snapshot,none_in_metadata
"atgnjm",gone_404+no_snapshot,gone_404,no_snapshot,none_in_metadata
"atijvf",gone_404+no_snapshot,gone_404,no_snapshot,none_in_metadata
"atjxm6",gone_404+no_snapshot,gone_404,no_snapshot,none_in_metadata
"atk8cd",gone_404+no_snapshot,gone_404,no_snapshot,none_in_metadata
"atkieb",gone_404+snapshot_furniture,gone_404,snapshot_furniture,none_in_metadata
"atm2k0",gone_404+no_snapshot,gone_404,no_snapshot,none_in_metadata
"atmb3b",gone_404+no_snapshot,gone_404,no_snapshot,none_in_metadata
"atn6mz",gone_404+no_snapshot,gone_404,no_snapshot,none_in_metadata
"atn7gm",gone_404+no_snapshot,gone_404,no_snapshot,none_in_metadata
"atq481",gone_404+no_snapshot,gone_404,no_snapshot,none_in_metadata
"atrioz",gone_404+no_snapshot,gone_404,no_snapshot,none_in_metadata
"atrudt",gone_404+no_snapshot,gone_404,no_snapshot,none_in_metadata
"atu25s",gone_404+no_snapshot,gone_404,no_snapshot,none_in_metadata
"atuby3",gone_404+no_snapshot,gone_404,no_snapshot,none_in_metadata
"atvvsf",gone_404+no_snapshot,gone_404,no_snapshot,none_in_metadata
"atw4eb",gone_404+no_snapshot,gone_404,no_snapshot,none_in_metadata
"atx3v4",gone_404+no_snapshot,gone_404,no_snapshot,none_in_metadata
"atxh58",gone_404+no_snapshot,gone_404,no_snapshot,none_in_metadata
"atxx5g",gone_404+no_snapshot,gone_404,no_snapshot,none_in_metadata
"aty5uj",gone_404+no_snapshot,gone_404,no_snapshot,none_in_metadata
"aty91u",gone_404+no_snapshot,gone_404,no_snapshot,none_in_metadata
"au0a4h",gone_404+no_snapshot,gone_404,no_snapshot,none_in_metadata
"au1j5e",gone_404+no_snapshot,gone_404,no_snapshot,none_in_metadata
"au3pcs",gone_404+no_snapshot,gone_404,no_snapshot,none_in_metadata
"au5cpe",gone_404+no_snapshot,gone_404,no_snapshot,none_in_metadata
"au5gez",gone_404+no_snapshot,gone_404,no_snapshot,none_in_metadata
"au5sl5",gone_404+no_snapshot,gone_404,no_snapshot,none_in_metadata
"au6lh4",gone_404+no_snapshot,gone_404,no_snapshot,none_in_metadata
"au7l9n",gone_404+no_snapshot,gone_404,no_snapshot,none_in_metadata
"au7mpi",gone_404+no_snapshot,gone_404,no_snapshot,none_in_metadata
"au8q0y",gone_404+no_snapshot,gone_404,no_snapshot,none_in_metadata
"au93gq",gone_404+no_snapshot,gone_404,no_snapshot,none_in_metadata
"auaiqh",gone_404+no_snapshot,gone_404,no_snapshot,none_in_metadata
"auc45h",gone_404+no_snapshot,gone_404,no_snapshot,none_in_metadata
"aucbdo",gone_404+no_snapshot,gone_404,no_snapshot,none_in_metadata
"audnb6",gone_404+no_snapshot,gone_404,no_snapshot,none_in_metadata
"audxjn",gone_404+no_snapshot,gone_404,no_snapshot,none_in_metadata
"audynd",gone_404+no_snapshot,gone_404,no_snapshot,none_in_metadata
"auejnw",gone_404+no_snapshot,gone_404,no_snapshot,none_in_metadata
"aufl6e",gone_404+no_snapshot,gone_404,no_snapshot,none_in_metadata
"aug8y0",gone_404+no_snapshot,gone_404,no_snapshot,none_in_metadata
"auhscr",gone_404+no_snapshot,gone_404,no_snapshot,none_in_metadata
"auilzk",gone_404+no_snapshot,gone_404,no_snapshot,none_in_metadata
"auk2rv",gone_404+no_snapshot,gone_404,no_snapshot,none_in_metadata
"aukw45",gone_404+no_snapshot,gone_404,no_snapshot,none_in_metadata
"aulc4c",gone_404+no_snapshot,gone_404,no_snapshot,none_in_metadata
"auo2lu",gone_404+no_snapshot,gone_404,no_snapshot,none_in_metadata
"aupehn",gone_404+no_snapshot,gone_404,no_snapshot,none_in_metadata
"ausybu",gone_404+no_snapshot,gone_404,no_snapshot,none_in_metadata
"aut17o",gone_404+no_snapshot,gone_404,no_snapshot,none_in_metadata
"auuen2",gone_404+no_snapshot,gone_404,no_snapshot,none_in_metadata
"auugmg",gone_404+no_snapshot,gone_404,no_snapshot,none_in_metadata
"auve29",gone_404+no_snapshot,gone_404,no_snapshot,none_in_metadata
"auxz3q",gone_404+no_snapshot,gone_404,no_snapshot,none_in_metadata
"auzvjm",gone_404+no_snapshot,gone_404,no_snapshot,none_in_metadata
"av2x02",gone_404+snapshot_placeholder,gone_404,snapshot_placeholder,none_in_metadata
"av3ett",gone_404+no_snapshot,gone_404,no_snapshot,none_in_metadata
"av3o6r",gone_404+no_snapshot,gone_404,no_snapshot,none_in_metadata
"av5xkr",gone_404+no_snapshot,gone_404,no_snapshot,none_in_metadata
"av79ko",gone_404+no_snapshot,gone_404,no_snapshot,none_in_metadata
"av860a",gone_404+no_snapshot,gone_404,no_snapshot,none_in_metadata
"av9fgn",gone_404+no_snapshot,gone_404,no_snapshot,none_in_metadata
"av9w62",gone_404+no_snapshot,gone_404,no_snapshot,none_in_metadata
"ava7im",gone_404+no_snapshot,gone_404,no_snapshot,none_in_metadata
"avakp1",gone_404+no_snapshot,gone_404,no_snapshot,none_in_metadata
"avbxti",gone_404+no_snapshot,gone_404,no_snapshot,none_in_metadata
"avg7wa",gone_404+no_snapshot,gone_404,no_snapshot,none_in_metadata
"avhxp1",gone_404+no_snapshot,gone_404,no_snapshot,none_in_metadata
"avithg",gone_404+no_snapshot,gone_404,no_snapshot,none_in_metadata
"avkts4",gone_404+no_snapshot,gone_404,no_snapshot,none_in_metadata
"avktxw",gone_404+no_snapshot,gone_404,no_snapshot,none_in_metadata
"avlo4u",gone_404+no_snapshot,gone_404,no_snapshot,none_in_metadata
"avmwts",gone_404+no_snapshot,gone_404,no_snapshot,none_in_metadata
"avnl0u",gone_404+no_snapshot,gone_404,no_snapshot,none_in_metadata
"avpape",gone_404+no_snapshot,gone_404,no_snapshot,none_in_metadata
"avqavg",gone_404+no_snapshot,gone_404,no_snapshot,none_in_metadata
"avrtvz",gone_404+no_snapshot,gone_404,no_snapshot,none_in_metadata
"avshlr",gone_404+no_snapshot,gone_404,no_snapshot,none_in_metadata
"avums8",gone_404+snapshot_placeholder,gone_404,snapshot_placeholder,none_in_metadata
"avwujv",gone_404+no_snapshot,gone_404,no_snapshot,none_in_metadata
"avx4u3",gone_404+no_snapshot,gone_404,no_snapshot,none_in_metadata
"avylkm",gone_404+no_snapshot,gone_404,no_snapshot,none_in_metadata
"aw0igk",gone_404+no_snapshot,gone_404,no_snapshot,none_in_metadata
"aw254s",gone_404+no_snapshot,gone_404,no_snapshot,none_in_metadata
"aw4s5x",gone_404+no_snapshot,gone_404,no_snapshot,none_in_metadata
"aw5tod",gone_404+no_snapshot,gone_404,no_snapshot,none_in_metadata
"aw5wkw",gone_404+no_snapshot,gone_404,no_snapshot,none_in_metadata
"aw98tw",gone_404+no_snapshot,gone_404,no_snapshot,none_in_metadata
"aw9qbs",gone_404+no_snapshot,gone_404,no_snapshot,none_in_metadata
"awac75",gone_404+no_snapshot,gone_404,no_snapshot,none_in_metadata
"awamva",gone_404+no_snapshot,gone_404,no_snapshot,none_in_metadata
"awaw7i",gone_404+no_snapshot,gone_404,no_snapshot,none_in_metadata
"awbsg1",gone_404+no_snapshot,gone_404,no_snapshot,none_in_metadata
"awc46d",gone_404+no_snapshot,gone_404,no_snapshot,none_in_metadata
"awch8e",gone_404+no_snapshot,gone_404,no_snapshot,none_in_metadata
"awcibi",gone_404+no_snapshot,gone_404,no_snapshot,none_in_metadata
"awcoxf",gone_404+no_snapshot,gone_404,no_snapshot,none_in_metadata
"awcvvl",gone_404+no_snapshot,gone_404,no_snapshot,none_in_metadata
"awdlfe",gone_404+no_snapshot,gone_404,no_snapshot,none_in_metadata
"awdtcf",gone_404+no_snapshot,gone_404,no_snapshot,none_in_metadata
"awe7hb",gone_404+no_snapshot,gone_404,no_snapshot,none_in_metadata
"awfzyw",gone_404+no_snapshot,gone_404,no_snapshot,none_in_metadata
"awgaf0",gone_404+no_snapshot,gone_404,no_snapshot,none_in_metadata
"awjvaa",gone_404+no_snapshot,gone_404,no_snapshot,none_in_metadata
"awldq9",gone_404+no_snapshot,gone_404,no_snapshot,none_in_metadata
"awlg3l",gone_404+no_snapshot,gone_404,no_snapshot,none_in_metadata
"awlpy3",gone_404+no_snapshot,gone_404,no_snapshot,none_in_metadata
"awm9yy",gone_404+no_snapshot,gone_404,no_snapshot,none_in_metadata
"awn741",gone_404+no_snapshot,gone_404,no_snapshot,none_in_metadata
"awnisd",gone_404+no_snapshot,gone_404,no_snapshot,none_in_metadata
"awo8zu",gone_404+no_snapshot,gone_404,no_snapshot,none_in_metadata
"awonh1",gone_404+no_snapshot,gone_404,no_snapshot,none_in_metadata
"awpqy3",gone_404+no_snapshot,gone_404,no_snapshot,none_in_metadata
"awq96w",gone_404+no_snapshot,gone_404,no_snapshot,none_in_metadata
"awr5m9",gone_404+no_snapshot,gone_404,no_snapshot,none_in_metadata
"awstcd",gone_404+no_snapshot,gone_404,no_snapshot,none_in_metadata
"awugqa",fetched_furniture+snapshot_furniture,fetched_furniture,snapshot_furniture,none_in_metadata
"awxipc",gone_404+no_snapshot,gone_404,no_snapshot,none_in_metadata
"awxobn",gone_404+no_snapshot,gone_404,no_snapshot,none_in_metadata
"awy660",gone_404+no_snapshot,gone_404,no_snapshot,none_in_metadata
"awysq6",gone_404+no_snapshot,gone_404,no_snapshot,none_in_metadata
"ax0bzk",gone_404+no_snapshot,gone_404,no_snapshot,none_in_metadata
"ax0iiz",gone_404+no_snapshot,gone_404,no_snapshot,none_in_metadata
"ax1d7k",gone_404+no_snapshot,gone_404,no_snapshot,none_in_metadata
"ax25no",gone_404+no_snapshot,gone_404,no_snapshot,none_in_metadata
"ax28l7",gone_404+no_snapshot,gone_404,no_snapshot,none_in_metadata
"ax36sq",gone_404+no_snapshot,gone_404,no_snapshot,none_in_metadata
"ax7xbe",gone_404+no_snapshot,gone_404,no_snapshot,none_in_metadata
"ax86gv",gone_404+no_snapshot,gone_404,no_snapshot,none_in_metadata
"ax92c7",gone_404+no_snapshot,gone_404,no_snapshot,none_in_metadata
"ax92ol",gone_404+no_snapshot,gone_404,no_snapshot,none_in_metadata
"ax9dse",gone_404+no_snapshot,gone_404,no_snapshot,none_in_metadata
"axb71i",gone_404+no_snapshot,gone_404,no_snapshot,none_in_metadata
"axerxx",gone_404+no_snapshot,gone_404,no_snapshot,none_in_metadata
"axfshk",gone_404+no_snapshot,gone_404,no_snapshot,none_in_metadata
"axgj7t",gone_404+no_snapshot,gone_404,no_snapshot,none_in_metadata
"axj268",gone_404+no_snapshot,gone_404,no_snapshot,none_in_metadata
"axnte2",gone_404+no_snapshot,gone_404,no_snapshot,none_in_metadata
"axnxuc",gone_404+snapshot_placeholder,gone_404,snapshot_placeholder,none_in_metadata
"axpzj7",gone_404+no_snapshot,gone_404,no_snapshot,none_in_metadata
"axqscy",gone_404+no_snapshot,gone_404,no_snapshot,none_in_metadata
"axripc",gone_404+no_snapshot,gone_404,no_snapshot,none_in_metadata
"axrr8h",gone_404+no_snapshot,gone_404,no_snapshot,none_in_metadata
"axsdmh",gone_404+no_snapshot,gone_404,no_snapshot,none_in_metadata
"axtced",gone_404+no_snapshot,gone_404,no_snapshot,none_in_metadata
"axukg5",gone_404+no_snapshot,gone_404,no_snapshot,none_in_metadata
"axvjks",gone_404+no_snapshot,gone_404,no_snapshot,none_in_metadata
"axx65b",gone_404+no_snapshot,gone_404,no_snapshot,none_in_metadata
"axxn7a",gone_404+no_snapshot,gone_404,no_snapshot,none_in_metadata
"axy1jz",gone_404+no_snapshot,gone_404,no_snapshot,none_in_metadata
"ay0xwd",gone_404+no_snapshot,gone_404,no_snapshot,none_in_metadata
"ay2yt9",gone_404+no_snapshot,gone_404,no_snapshot,none_in_metadata
"ay51cz",gone_404+no_snapshot,gone_404,no_snapshot,none_in_metadata
"ay6a1i",gone_404+no_snapshot,gone_404,no_snapshot,none_in_metadata
"ay6mtg",gone_404+no_snapshot,gone_404,no_snapshot,none_in_metadata
"ay70la",gone_404+no_snapshot,gone_404,no_snapshot,none_in_metadata
"ay7iak",gone_404+no_snapshot,gone_404,no_snapshot,none_in_metadata
"ay7wm0",gone_404+no_snapshot,gone_404,no_snapshot,none_in_metadata
"ay8av8",gone_404+no_snapshot,gone_404,no_snapshot,none_in_metadata
"ay8nio",gone_404+no_snapshot,gone_404,no_snapshot,none_in_metadata
"ay8shy",gone_404+no_snapshot,gone_404,no_snapshot,none_in_metadata
"aygsfn",gone_404+no_snapshot,gone_404,no_snapshot,none_in_metadata
"aygurc",gone_404+no_snapshot,gone_404,no_snapshot,none_in_metadata
"ayieni",gone_404+no_snapshot,gone_404,no_snapshot,none_in_metadata
"ayivhw",gone_404+no_snapshot,gone_404,no_snapshot,none_in_metadata
"ayj7cy",fetched_blank+snapshot_blank,fetched_blank,snapshot_blank,none_in_metadata
"ayjkql",gone_404+no_snapshot,gone_404,no_snapshot,none_in_metadata
"ayjl1k",gone_404+no_snapshot,gone_404,no_snapshot,none_in_metadata
"ayjxzw",gone_404+no_snapshot,gone_404,no_snapshot,none_in_metadata
"ayk557",gone_404+no_snapshot,gone_404,no_snapshot,none_in_metadata
"ayl9vw",gone_404+no_snapshot,gone_404,no_snapshot,none_in_metadata
"aylfxu",gone_404+no_snapshot,gone_404,no_snapshot,none_in_metadata
"ayp974",gone_404+no_snapshot,gone_404,no_snapshot,none_in_metadata
"ayrk8s",gone_404+no_snapshot,gone_404,no_snapshot,none_in_metadata
"ayt28h",gone_404+no_snapshot,gone_404,no_snapshot,none_in_metadata
"ayuogn",gone_404+no_snapshot,gone_404,no_snapshot,none_in_metadata
"aywz6f",gone_404+no_snapshot,gone_404,no_snapshot,none_in_metadata
"ayxkns",gone_404+no_snapshot,gone_404,no_snapshot,none_in_metadata
"ayxq10",gone_404+no_snapshot,gone_404,no_snapshot,none_in_metadata
"ayy2jo",gone_404+no_snapshot,gone_404,no_snapshot,none_in_metadata
"ayyxkv",gone_404+no_snapshot,gone_404,no_snapshot,none_in_metadata
"ayzktj",gone_404+no_snapshot,gone_404,no_snapshot,none_in_metadata
"ayztkl",gone_404+no_snapshot,gone_404,no_snapshot,none_in_metadata
"az080o",gone_404+no_snapshot,gone_404,no_snapshot,none_in_metadata
"az1u01",gone_404+no_snapshot,gone_404,no_snapshot,none_in_metadata
"az3yjy",gone_404+no_snapshot,gone_404,no_snapshot,none_in_metadata
"az5ec6",gone_404+no_snapshot,gone_404,no_snapshot,none_in_metadata
"az71p5",gone_404+no_snapshot,gone_404,no_snapshot,none_in_metadata
"az7xlm",gone_404+no_snapshot,gone_404,no_snapshot,none_in_metadata
"az8h24",gone_404+no_snapshot,gone_404,no_snapshot,none_in_metadata
"az8jfc",gone_404+no_snapshot,gone_404,no_snapshot,none_in_metadata
"az8qj6",gone_404+no_snapshot,gone_404,no_snapshot,none_in_metadata
"az97bp",gone_404+no_snapshot,gone_404,no_snapshot,none_in_metadata
"azafhq",gone_404+no_snapshot,gone_404,no_snapshot,none_in_metadata
"azan2a",gone_404+no_snapshot,gone_404,no_snapshot,none_in_metadata
"azb1j9",gone_404+no_snapshot,gone_404,no_snapshot,none_in_metadata
"azeu74",gone_404+no_snapshot,gone_404,no_snapshot,none_in_metadata
"azfgc5",gone_404+no_snapshot,gone_404,no_snapshot,none_in_metadata
"azgexh",gone_404+no_snapshot,gone_404,no_snapshot,none_in_metadata
"azgxjo",gone_404+snapshot_placeholder,gone_404,snapshot_placeholder,none_in_metadata
"azk0w2",gone_404+no_snapshot,gone_404,no_snapshot,none_in_metadata
"azke06",gone_404+no_snapshot,gone_404,no_snapshot,none_in_metadata
"azkm2e",gone_404+no_snapshot,gone_404,no_snapshot,none_in_metadata
"azlic8",gone_404+no_snapshot,gone_404,no_snapshot,none_in_metadata
"azltfg",gone_404+no_snapshot,gone_404,no_snapshot,none_in_metadata
"aznqif",gone_404+no_snapshot,gone_404,no_snapshot,none_in_metadata
"azrewu",gone_404+no_snapshot,gone_404,no_snapshot,none_in_metadata
"azu0yf",gone_404+no_snapshot,gone_404,no_snapshot,none_in_metadata
"azucbl",gone_404+no_snapshot,gone_404,no_snapshot,none_in_metadata
"azvta0",gone_404+no_snapshot,gone_404,no_snapshot,none_in_metadata
"azx8lb",gone_404+no_snapshot,gone_404,no_snapshot,none_in_metadata
"azzci8",gone_404+no_snapshot,gone_404,no_snapshot,none_in_metadata
"azzz9k",gone_404+no_snapshot,gone_404,no_snapshot,none_in_metadata
"b0000b",gone_404+no_snapshot,gone_404,no_snapshot,none_in_metadata
"b009wl",gone_404+no_snapshot,gone_404,no_snapshot,none_in_metadata
"b00fum",gone_404+no_snapshot,gone_404,no_snapshot,none_in_metadata
"b00qtg",gone_404+no_snapshot,gone_404,no_snapshot,none_in_metadata
"b08v72",gone_404+no_snapshot,gone_404,no_snapshot,none_in_metadata
"b09hcg",gone_404+no_snapshot,gone_404,no_snapshot,none_in_metadata
"b09ox2",gone_404+no_snapshot,gone_404,no_snapshot,none_in_metadata
"b09u8l",gone_404+no_snapshot,gone_404,no_snapshot,none_in_metadata
"b0c1kl",gone_404+no_snapshot,gone_404,no_snapshot,none_in_metadata
"b0d3e6",gone_404+no_snapshot,gone_404,no_snapshot,none_in_metadata
"b0ef15",gone_404+no_snapshot,gone_404,no_snapshot,none_in_metadata
"b0h2io",gone_404+no_snapshot,gone_404,no_snapshot,none_in_metadata
"b0kogv",gone_404+no_snapshot,gone_404,no_snapshot,none_in_metadata
"b0lqoi",gone_404+no_snapshot,gone_404,no_snapshot,none_in_metadata
"b0m603",gone_404+no_snapshot,gone_404,no_snapshot,none_in_metadata
"b0na70",gone_404+no_snapshot,gone_404,no_snapshot,none_in_metadata
"b0o3ep",gone_404+snapshot_furniture,gone_404,snapshot_furniture,none_in_metadata
"b0onje",gone_404+no_snapshot,gone_404,no_snapshot,none_in_metadata
"b0pns8",gone_404+no_snapshot,gone_404,no_snapshot,none_in_metadata
"b0rrlq",gone_404+no_snapshot,gone_404,no_snapshot,none_in_metadata
"b0tf5h",gone_404+no_snapshot,gone_404,no_snapshot,none_in_metadata
"b0tlmo",gone_404+no_snapshot,gone_404,no_snapshot,none_in_metadata
"b0v35z",gone_404+no_snapshot,gone_404,no_snapshot,none_in_metadata
"b118oa",gone_404+no_snapshot,gone_404,no_snapshot,none_in_metadata
"b137vt",gone_404+no_snapshot,gone_404,no_snapshot,none_in_metadata
"b1439l",gone_404+no_snapshot,gone_404,no_snapshot,none_in_metadata
"b14y85",gone_404+no_snapshot,gone_404,no_snapshot,none_in_metadata
"b154ep",gone_404+no_snapshot,gone_404,no_snapshot,none_in_metadata
"b15kif",gone_404+no_snapshot,gone_404,no_snapshot,none_in_metadata
"b15oak",gone_404+no_snapshot,gone_404,no_snapshot,none_in_metadata
"b15why",gone_404+no_snapshot,gone_404,no_snapshot,none_in_metadata
"b179md",gone_404+no_snapshot,gone_404,no_snapshot,none_in_metadata
"b1d1k5",gone_404+no_snapshot,gone_404,no_snapshot,none_in_metadata
"b1d6ie",gone_404+no_snapshot,gone_404,no_snapshot,none_in_metadata
"b1jzgh",gone_404+no_snapshot,gone_404,no_snapshot,none_in_metadata
"b1kga6",gone_404+no_snapshot,gone_404,no_snapshot,none_in_metadata
"b1m2hv",gone_404+no_snapshot,gone_404,no_snapshot,none_in_metadata
"b1rnb6",gone_404+no_snapshot,gone_404,no_snapshot,none_in_metadata
"b1tr1o",gone_404+no_snapshot,gone_404,no_snapshot,none_in_metadata
"b1virb",gone_404+no_snapshot,gone_404,no_snapshot,none_in_metadata
"b1vs4c",gone_404+no_snapshot,gone_404,no_snapshot,none_in_metadata
"b1x2x2",gone_404+snapshot_placeholder,gone_404,snapshot_placeholder,none_in_metadata
"b1y5gr",gone_404+no_snapshot,gone_404,no_snapshot,none_in_metadata
"b24hro",gone_404+no_snapshot,gone_404,no_snapshot,none_in_metadata
"b24iji",gone_404+no_snapshot,gone_404,no_snapshot,none_in_metadata
"b275p9",gone_404+no_snapshot,gone_404,no_snapshot,none_in_metadata
"b27gli",gone_404+no_snapshot,gone_404,no_snapshot,none_in_metadata
"b27nfz",gone_404+no_snapshot,gone_404,no_snapshot,none_in_metadata
"b290cv",gone_404+no_snapshot,gone_404,no_snapshot,none_in_metadata
"b2b0l5",gone_404+no_snapshot,gone_404,no_snapshot,none_in_metadata
"b2bv7i",gone_404+no_snapshot,gone_404,no_snapshot,none_in_metadata
"b2bv9n",gone_404+no_snapshot,gone_404,no_snapshot,none_in_metadata
"b2c9i0",gone_404+no_snapshot,gone_404,no_snapshot,none_in_metadata
"b2d29o",gone_404+no_snapshot,gone_404,no_snapshot,none_in_metadata
"b2j7ms",gone_404+no_snapshot,gone_404,no_snapshot,none_in_metadata
"b2kpq3",gone_404+no_snapshot,gone_404,no_snapshot,none_in_metadata
"b2njen",gone_404+no_snapshot,gone_404,no_snapshot,none_in_metadata
"b2o89w",gone_404+no_snapshot,gone_404,no_snapshot,none_in_metadata
"b2ow8r",gone_404+no_snapshot,gone_404,no_snapshot,none_in_metadata
"b2p0va",gone_404+no_snapshot,gone_404,no_snapshot,none_in_metadata
"b2wqrx",gone_404+no_snapshot,gone_404,no_snapshot,none_in_metadata
"b2wstk",gone_404+no_snapshot,gone_404,no_snapshot,none_in_metadata
"b2x5lz",gone_404+no_snapshot,gone_404,no_snapshot,none_in_metadata
"b2y2fk",gone_404+no_snapshot,gone_404,no_snapshot,none_in_metadata
"b2y91c",gone_404+no_snapshot,gone_404,no_snapshot,none_in_metadata
"b2y9u3",gone_404+no_snapshot,gone_404,no_snapshot,none_in_metadata
"b2yg4p",gone_404+no_snapshot,gone_404,no_snapshot,none_in_metadata
"b32jzf",gone_404+no_snapshot,gone_404,no_snapshot,none_in_metadata
"b32ttx",gone_404+no_snapshot,gone_404,no_snapshot,none_in_metadata
"b32xa5",gone_404+no_snapshot,gone_404,no_snapshot,none_in_metadata
"b35d0w",gone_404+no_snapshot,gone_404,no_snapshot,none_in_metadata
"b35u2o",gone_404+no_snapshot,gone_404,no_snapshot,none_in_metadata
"b363xa",gone_404+no_snapshot,gone_404,no_snapshot,none_in_metadata
"b36u69",gone_404+no_snapshot,gone_404,no_snapshot,none_in_metadata
"b3byiy",gone_404+no_snapshot,gone_404,no_snapshot,none_in_metadata
"b3dkt5",gone_404+snapshot_placeholder,gone_404,snapshot_placeholder,none_in_metadata
"b3ewct",gone_404+no_snapshot,gone_404,no_snapshot,none_in_metadata
"b3hwcv",gone_404+no_snapshot,gone_404,no_snapshot,none_in_metadata
"b3i1cq",gone_404+no_snapshot,gone_404,no_snapshot,none_in_metadata
"b3mhkh",gone_404+no_snapshot,gone_404,no_snapshot,none_in_metadata
"b3q2mf",gone_404+no_snapshot,gone_404,no_snapshot,none_in_metadata
"b3qel2",gone_404+no_snapshot,gone_404,no_snapshot,none_in_metadata
"b3u3kf",gone_404+no_snapshot,gone_404,no_snapshot,none_in_metadata
"b3vgzu",gone_404+no_snapshot,gone_404,no_snapshot,none_in_metadata
"b46784",gone_404+no_snapshot,gone_404,no_snapshot,none_in_metadata
"b4b9dv",gone_404+no_snapshot,gone_404,no_snapshot,none_in_metadata
"b4bcd4",gone_404+no_snapshot,gone_404,no_snapshot,none_in_metadata
"b4bx3u",gone_404+no_snapshot,gone_404,no_snapshot,none_in_metadata
"b4czf3",gone_404+no_snapshot,gone_404,no_snapshot,none_in_metadata
"b4hyi2",gone_404+no_snapshot,gone_404,no_snapshot,none_in_metadata
"b4it4e",gone_404+no_snapshot,gone_404,no_snapshot,none_in_metadata
"b4jyn5",gone_404+no_snapshot,gone_404,no_snapshot,none_in_metadata
"b4k25g",gone_404+no_snapshot,gone_404,no_snapshot,none_in_metadata
"b4kxhc",gone_404+no_snapshot,gone_404,no_snapshot,none_in_metadata
"b4m8c3",gone_404+no_snapshot,gone_404,no_snapshot,none_in_metadata
"b4m8i5",gone_404+no_snapshot,gone_404,no_snapshot,none_in_metadata
"b4mq44",gone_404+no_snapshot,gone_404,no_snapshot,none_in_metadata
"b4n8vl",gone_404+no_snapshot,gone_404,no_snapshot,none_in_metadata
"b4oevj",gone_404+no_snapshot,gone_404,no_snapshot,none_in_metadata
"b4p2pi",gone_404+no_snapshot,gone_404,no_snapshot,none_in_metadata
"b4q4y0",gone_404+no_snapshot,gone_404,no_snapshot,none_in_metadata
"b4r349",gone_404+no_snapshot,gone_404,no_snapshot,none_in_metadata
"b4rhq1",gone_404+no_snapshot,gone_404,no_snapshot,none_in_metadata
"b4rts3",gone_404+no_snapshot,gone_404,no_snapshot,none_in_metadata
"b4u7sq",gone_404+no_snapshot,gone_404,no_snapshot,none_in_metadata
"b4ueg1",gone_404+no_snapshot,gone_404,no_snapshot,none_in_metadata
"b4weyh",gone_404+no_snapshot,gone_404,no_snapshot,none_in_metadata
"b4xcae",gone_404+no_snapshot,gone_404,no_snapshot,none_in_metadata
"b4xqh9",gone_404+no_snapshot,gone_404,no_snapshot,none_in_metadata
"b4ztk7",gone_404+no_snapshot,gone_404,no_snapshot,none_in_metadata
"b50mp0",gone_404+no_snapshot,gone_404,no_snapshot,none_in_metadata
"b519s0",gone_404+no_snapshot,gone_404,no_snapshot,none_in_metadata
"b51pxw",gone_404+no_snapshot,gone_404,no_snapshot,none_in_metadata
"b52ipi",gone_404+no_snapshot,gone_404,no_snapshot,none_in_metadata
"b551vi",gone_404+no_snapshot,gone_404,no_snapshot,none_in_metadata
"b55br9",gone_404+no_snapshot,gone_404,no_snapshot,none_in_metadata
"b55h8h",gone_404+no_snapshot,gone_404,no_snapshot,none_in_metadata
"b5623w",gone_404+no_snapshot,gone_404,no_snapshot,none_in_metadata
"b56m53",gone_404+no_snapshot,gone_404,no_snapshot,none_in_metadata
"b59vjt",gone_404+no_snapshot,gone_404,no_snapshot,none_in_metadata
"b5aav9",gone_404+no_snapshot,gone_404,no_snapshot,none_in_metadata
"b5bekb",gone_404+no_snapshot,gone_404,no_snapshot,none_in_metadata
"b5cyx3",gone_404+no_snapshot,gone_404,no_snapshot,none_in_metadata
"b5dzdh",gone_404+no_snapshot,gone_404,no_snapshot,none_in_metadata
"b5egrf",gone_404+no_snapshot,gone_404,no_snapshot,none_in_metadata
"b5fore",gone_404+no_snapshot,gone_404,no_snapshot,none_in_metadata
"b5gbpw",gone_404+no_snapshot,gone_404,no_snapshot,none_in_metadata
"b5glpm",gone_404+no_snapshot,gone_404,no_snapshot,none_in_metadata
"b5gmw3",gone_404+no_snapshot,gone_404,no_snapshot,none_in_metadata
"b5gz6m",gone_404+no_snapshot,gone_404,no_snapshot,none_in_metadata
"b5lznn",gone_404+no_snapshot,gone_404,no_snapshot,none_in_metadata
"b5pkbu",gone_404+no_snapshot,gone_404,no_snapshot,none_in_metadata
"b5qskp",gone_404+no_snapshot,gone_404,no_snapshot,none_in_metadata
"b5u7n2",gone_404+no_snapshot,gone_404,no_snapshot,none_in_metadata
"b5wn44",gone_404+no_snapshot,gone_404,no_snapshot,none_in_metadata
"b5y12h",gone_404+no_snapshot,gone_404,no_snapshot,none_in_metadata
"b5ycq1",gone_404+no_snapshot,gone_404,no_snapshot,none_in_metadata
"b5z5pr",gone_404+no_snapshot,gone_404,no_snapshot,none_in_metadata
"b5zcoq",gone_404+no_snapshot,gone_404,no_snapshot,none_in_metadata
"b5zgma",fetched_blank+snapshot_blank,fetched_blank,snapshot_blank,none_in_metadata
"b63zhk",gone_404+no_snapshot,gone_404,no_snapshot,none_in_metadata
"b656pm",gone_404+no_snapshot,gone_404,no_snapshot,none_in_metadata
"b66wy3",gone_404+no_snapshot,gone_404,no_snapshot,none_in_metadata
"b689m0",gone_404+no_snapshot,gone_404,no_snapshot,none_in_metadata
"b68aox",gone_404+no_snapshot,gone_404,no_snapshot,none_in_metadata
"b68y1o",gone_404+no_snapshot,gone_404,no_snapshot,none_in_metadata
"b69lo3",gone_404+no_snapshot,gone_404,no_snapshot,none_in_metadata
"b69s7d",gone_404+no_snapshot,gone_404,no_snapshot,none_in_metadata
"b6amil",gone_404+no_snapshot,gone_404,no_snapshot,none_in_metadata
"b6ej4s",gone_404+no_snapshot,gone_404,no_snapshot,none_in_metadata
"b6eojw",gone_404+no_snapshot,gone_404,no_snapshot,none_in_metadata
"b6fokx",gone_404+no_snapshot,gone_404,no_snapshot,none_in_metadata
"b6k20n",gone_404+no_snapshot,gone_404,no_snapshot,none_in_metadata
"b6l9yl",gone_404+no_snapshot,gone_404,no_snapshot,none_in_metadata
"b6lybp",gone_404+no_snapshot,gone_404,no_snapshot,none_in_metadata
"b6mrs4",gone_404+no_snapshot,gone_404,no_snapshot,none_in_metadata
"b6nmf0",gone_404+no_snapshot,gone_404,no_snapshot,none_in_metadata
"b6pf63",gone_404+no_snapshot,gone_404,no_snapshot,none_in_metadata
"b6qk4b",gone_404+no_snapshot,gone_404,no_snapshot,none_in_metadata
"b6qw6r",gone_404+snapshot_placeholder,gone_404,snapshot_placeholder,none_in_metadata
"b6rsyl",gone_404+no_snapshot,gone_404,no_snapshot,none_in_metadata
"b6se4t",gone_404+no_snapshot,gone_404,no_snapshot,none_in_metadata
"b6vusl",gone_404+no_snapshot,gone_404,no_snapshot,none_in_metadata
"b6yxei",gone_404+no_snapshot,gone_404,no_snapshot,none_in_metadata
"b6zhun",gone_404+no_snapshot,gone_404,no_snapshot,none_in_metadata
"b73lbd",gone_404+no_snapshot,gone_404,no_snapshot,none_in_metadata
"b74p7h",gone_404+no_snapshot,gone_404,no_snapshot,none_in_metadata
"b75s9r",gone_404+no_snapshot,gone_404,no_snapshot,none_in_metadata
"b76uzx",gone_404+no_snapshot,gone_404,no_snapshot,none_in_metadata
"b77295",gone_404+no_snapshot,gone_404,no_snapshot,none_in_metadata
"b772iv",gone_404+no_snapshot,gone_404,no_snapshot,none_in_metadata
"b78nes",gone_404+no_snapshot,gone_404,no_snapshot,none_in_metadata
"b7ag5v",gone_404+no_snapshot,gone_404,no_snapshot,none_in_metadata
"b7bllp",gone_404+no_snapshot,gone_404,no_snapshot,none_in_metadata
"b7cr79",gone_404+no_snapshot,gone_404,no_snapshot,none_in_metadata
"b7dy3t",gone_404+no_snapshot,gone_404,no_snapshot,none_in_metadata
"b7fump",fetched_furniture+snapshot_furniture,fetched_furniture,snapshot_furniture,none_in_metadata
"b7g25w",gone_404+no_snapshot,gone_404,no_snapshot,none_in_metadata
"b7g9jh",gone_404+no_snapshot,gone_404,no_snapshot,none_in_metadata
"b7garj",gone_404+no_snapshot,gone_404,no_snapshot,none_in_metadata
"b7gi99",gone_404+no_snapshot,gone_404,no_snapshot,none_in_metadata
"b7gopl",gone_404+no_snapshot,gone_404,no_snapshot,none_in_metadata
"b7h66l",gone_404+no_snapshot,gone_404,no_snapshot,none_in_metadata
"b7itqa",gone_404+no_snapshot,gone_404,no_snapshot,none_in_metadata
"b7j32m",gone_404+no_snapshot,gone_404,no_snapshot,none_in_metadata
"b7l7ej",gone_404+no_snapshot,gone_404,no_snapshot,none_in_metadata
"b7myj7",gone_404+no_snapshot,gone_404,no_snapshot,none_in_metadata
"b7oame",gone_404+no_snapshot,gone_404,no_snapshot,none_in_metadata
"b7ogux",gone_404+no_snapshot,gone_404,no_snapshot,none_in_metadata
"b7ova9",gone_404+no_snapshot,gone_404,no_snapshot,none_in_metadata
"b7pqn4",gone_404+no_snapshot,gone_404,no_snapshot,none_in_metadata
"b7rso8",gone_404+no_snapshot,gone_404,no_snapshot,none_in_metadata
"b7s1l0",gone_404+no_snapshot,gone_404,no_snapshot,none_in_metadata
"b7sb5y",gone_404+no_snapshot,gone_404,no_snapshot,none_in_metadata
"b7vfm7",gone_404+no_snapshot,gone_404,no_snapshot,none_in_metadata
"b7vwdm",gone_404+no_snapshot,gone_404,no_snapshot,none_in_metadata
"b7w0nm",gone_404+no_snapshot,gone_404,no_snapshot,none_in_metadata
"b7xggy",gone_404+no_snapshot,gone_404,no_snapshot,none_in_metadata
"b831q8",gone_404+no_snapshot,gone_404,no_snapshot,none_in_metadata
"b834hg",gone_404+no_snapshot,gone_404,no_snapshot,none_in_metadata
"b86mrl",gone_404+no_snapshot,gone_404,no_snapshot,none_in_metadata
"b88n8x",gone_404+no_snapshot,gone_404,no_snapshot,none_in_metadata
"b8amw0",gone_404+no_snapshot,gone_404,no_snapshot,none_in_metadata
"b8auj4",gone_404+no_snapshot,gone_404,no_snapshot,none_in_metadata
"b8b2w6",gone_404+no_snapshot,gone_404,no_snapshot,none_in_metadata
"b8b7bs",gone_404+no_snapshot,gone_404,no_snapshot,none_in_metadata
"b8bd9s",gone_404+no_snapshot,gone_404,no_snapshot,none_in_metadata
"b8clh3",gone_404+no_snapshot,gone_404,no_snapshot,none_in_metadata
"b8e7pk",gone_404+no_snapshot,gone_404,no_snapshot,none_in_metadata
"b8gyou",gone_404+no_snapshot,gone_404,no_snapshot,none_in_metadata
"b8h5zw",gone_404+no_snapshot,gone_404,no_snapshot,none_in_metadata
"b8ja29",fetched_furniture+snapshot_furniture,fetched_furniture,snapshot_furniture,none_in_metadata
"b8jcsp",gone_404+no_snapshot,gone_404,no_snapshot,none_in_metadata
"b8k0uj",gone_404+no_snapshot,gone_404,no_snapshot,none_in_metadata
"b8ke9o",gone_404+no_snapshot,gone_404,no_snapshot,none_in_metadata
"b8kxm2",gone_404+no_snapshot,gone_404,no_snapshot,none_in_metadata
"b8n9de",gone_404+no_snapshot,gone_404,no_snapshot,none_in_metadata
"b8nf2k",gone_404+no_snapshot,gone_404,no_snapshot,none_in_metadata
"b8nm76",gone_404+no_snapshot,gone_404,no_snapshot,none_in_metadata
"b8o148",fetched_furniture+snapshot_furniture,fetched_furniture,snapshot_furniture,none_in_metadata
"b8og6e",gone_404+no_snapshot,gone_404,no_snapshot,none_in_metadata
"b8pfry",gone_404+no_snapshot,gone_404,no_snapshot,none_in_metadata
"b8r5su",gone_404+no_snapshot,gone_404,no_snapshot,none_in_metadata
"b8r980",gone_404+no_snapshot,gone_404,no_snapshot,none_in_metadata
"b8rrcp",gone_404+no_snapshot,gone_404,no_snapshot,none_in_metadata
"b8s8q7",gone_404+no_snapshot,gone_404,no_snapshot,none_in_metadata
"b8t37g",gone_404+no_snapshot,gone_404,no_snapshot,none_in_metadata
"b8taag",gone_404+no_snapshot,gone_404,no_snapshot,none_in_metadata
"b8twti",gone_404+no_snapshot,gone_404,no_snapshot,none_in_metadata
"b8vo9j",gone_404+no_snapshot,gone_404,no_snapshot,none_in_metadata
"b90t64",gone_404+no_snapshot,gone_404,no_snapshot,none_in_metadata
"b90xto",gone_404+no_snapshot,gone_404,no_snapshot,none_in_metadata
"b914ki",gone_404+no_snapshot,gone_404,no_snapshot,none_in_metadata
"b91srp",gone_404+no_snapshot,gone_404,no_snapshot,none_in_metadata
"b92eg0",gone_404+no_snapshot,gone_404,no_snapshot,none_in_metadata
"b9a8yk",gone_404+no_snapshot,gone_404,no_snapshot,none_in_metadata
"b9cfyy",gone_404+no_snapshot,gone_404,no_snapshot,none_in_metadata
"b9cmko",gone_404+no_snapshot,gone_404,no_snapshot,none_in_metadata
"b9dzmk",gone_404+no_snapshot,gone_404,no_snapshot,none_in_metadata
"b9evh8",gone_404+no_snapshot,gone_404,no_snapshot,none_in_metadata
"b9gy09",gone_404+no_snapshot,gone_404,no_snapshot,none_in_metadata
"b9hg85",gone_404+no_snapshot,gone_404,no_snapshot,none_in_metadata
"b9iic2",gone_404+no_snapshot,gone_404,no_snapshot,none_in_metadata
"b9iio2",gone_404+no_snapshot,gone_404,no_snapshot,none_in_metadata
"b9l0f2",gone_404+no_snapshot,gone_404,no_snapshot,none_in_metadata
"b9llk2",gone_404+no_snapshot,gone_404,no_snapshot,none_in_metadata
"b9metj",gone_404+no_snapshot,gone_404,no_snapshot,none_in_metadata
"b9mkv0",gone_404+no_snapshot,gone_404,no_snapshot,none_in_metadata
"b9nrxq",gone_404+no_snapshot,gone_404,no_snapshot,none_in_metadata
"b9pt43",gone_404+no_snapshot,gone_404,no_snapshot,none_in_metadata
"b9tjhj",gone_404+no_snapshot,gone_404,no_snapshot,none_in_metadata
"b9wl7b",gone_404+no_snapshot,gone_404,no_snapshot,none_in_metadata
"b9wpte",gone_404+no_snapshot,gone_404,no_snapshot,none_in_metadata
"b9x976",gone_404+no_snapshot,gone_404,no_snapshot,none_in_metadata
"b9y5r7",gone_404+no_snapshot,gone_404,no_snapshot,none_in_metadata
"b9zawi",gone_404+no_snapshot,gone_404,no_snapshot,none_in_metadata
"b9zh8c",gone_404+no_snapshot,gone_404,no_snapshot,none_in_metadata
"ba2clr",gone_404+no_snapshot,gone_404,no_snapshot,none_in_metadata
"ba4mzv",gone_404+no_snapshot,gone_404,no_snapshot,none_in_metadata
"ba6m2m",gone_404+no_snapshot,gone_404,no_snapshot,none_in_metadata
"ba70rn",gone_404+no_snapshot,gone_404,no_snapshot,none_in_metadata
"ba79vz",gone_404+no_snapshot,gone_404,no_snapshot,none_in_metadata
"baashm",gone_404+no_snapshot,gone_404,no_snapshot,none_in_metadata
"babrk5",gone_404+no_snapshot,gone_404,no_snapshot,none_in_metadata
"baby4h",gone_404+no_snapshot,gone_404,no_snapshot,none_in_metadata
"bactex",gone_404+no_snapshot,gone_404,no_snapshot,none_in_metadata
"bagwvv",fetched_blank+snapshot_placeholder,fetched_blank,snapshot_placeholder,none_in_metadata
"bahau5",gone_404+no_snapshot,gone_404,no_snapshot,none_in_metadata
"bajdma",fetched_blank+snapshot_placeholder,fetched_blank,snapshot_placeholder,none_in_metadata
"balhhn",gone_404+no_snapshot,gone_404,no_snapshot,none_in_metadata
"balhu3",gone_404+no_snapshot,gone_404,no_snapshot,none_in_metadata
"bamfsi",gone_404+no_snapshot,gone_404,no_snapshot,none_in_metadata
"bant0j",gone_404+no_snapshot,gone_404,no_snapshot,none_in_metadata
"baqgzc",gone_404+no_snapshot,gone_404,no_snapshot,none_in_metadata
"batppa",gone_404+no_snapshot,gone_404,no_snapshot,none_in_metadata
"bau3mc",gone_404+no_snapshot,gone_404,no_snapshot,none_in_metadata
"bauc2w",gone_404+no_snapshot,gone_404,no_snapshot,none_in_metadata
"bawicq",gone_404+no_snapshot,gone_404,no_snapshot,none_in_metadata
"baypxs",gone_404+no_snapshot,gone_404,no_snapshot,none_in_metadata
"bb04iq",gone_404+no_snapshot,gone_404,no_snapshot,none_in_metadata
"bb0efw",gone_404+no_snapshot,gone_404,no_snapshot,none_in_metadata
"bb16yr",gone_404+no_snapshot,gone_404,no_snapshot,none_in_metadata
"bb36sa",gone_404+no_snapshot,gone_404,no_snapshot,none_in_metadata
"bb5zbr",gone_404+no_snapshot,gone_404,no_snapshot,none_in_metadata
"bb66ge",gone_404+no_snapshot,gone_404,no_snapshot,none_in_metadata
"bbana5",gone_404+no_snapshot,gone_404,no_snapshot,none_in_metadata
"bbbs5p",gone_404+no_snapshot,gone_404,no_snapshot,none_in_metadata
"bbcptq",gone_404+no_snapshot,gone_404,no_snapshot,none_in_metadata
"bbhlbx",gone_404+no_snapshot,gone_404,no_snapshot,none_in_metadata
"bbj4dd",gone_404+no_snapshot,gone_404,no_snapshot,none_in_metadata
"bbmvfu",gone_404+no_snapshot,gone_404,no_snapshot,none_in_metadata
"bbnxp9",gone_404+no_snapshot,gone_404,no_snapshot,none_in_metadata
"bbsqdm",gone_404+no_snapshot,gone_404,no_snapshot,none_in_metadata
"bbt1d1",gone_404+no_snapshot,gone_404,no_snapshot,none_in_metadata
"bbt7oe",gone_404+no_snapshot,gone_404,no_snapshot,none_in_metadata
"bbvj2x",gone_404+no_snapshot,gone_404,no_snapshot,none_in_metadata
"bbyguo",gone_404+no_snapshot,gone_404,no_snapshot,none_in_metadata
"bc1hj5",gone_404+no_snapshot,gone_404,no_snapshot,none_in_metadata
"bc252w",gone_404+no_snapshot,gone_404,no_snapshot,none_in_metadata
"bc2cs0",gone_404+no_snapshot,gone_404,no_snapshot,none_in_metadata
"bc2jmk",gone_404+no_snapshot,gone_404,no_snapshot,none_in_metadata
"bc5e9m",gone_404+no_snapshot,gone_404,no_snapshot,none_in_metadata
"bc5nad",gone_404+no_snapshot,gone_404,no_snapshot,none_in_metadata
"bcagpe",gone_404+no_snapshot,gone_404,no_snapshot,none_in_metadata
"bcck25",gone_404+no_snapshot,gone_404,no_snapshot,none_in_metadata
"bccue2",gone_404+no_snapshot,gone_404,no_snapshot,none_in_metadata
"bcd139",gone_404+no_snapshot,gone_404,no_snapshot,none_in_metadata
"bcdokw",gone_404+no_snapshot,gone_404,no_snapshot,none_in_metadata
"bcefm6",gone_404+no_snapshot,gone_404,no_snapshot,none_in_metadata
"bcff5x",gone_404+no_snapshot,gone_404,no_snapshot,none_in_metadata
"bcfqu8",gone_404+no_snapshot,gone_404,no_snapshot,none_in_metadata
"bcgvf7",gone_404+no_snapshot,gone_404,no_snapshot,none_in_metadata
"bci4oo",gone_404+no_snapshot,gone_404,no_snapshot,none_in_metadata
"bcj1ii",gone_404+no_snapshot,gone_404,no_snapshot,none_in_metadata
"bcjlq0",gone_404+no_snapshot,gone_404,no_snapshot,none_in_metadata
"bckgyq",gone_404+no_snapshot,gone_404,no_snapshot,none_in_metadata
"bcolkt",gone_404+no_snapshot,gone_404,no_snapshot,none_in_metadata
"bct49c",gone_404+no_snapshot,gone_404,no_snapshot,none_in_metadata
"bct502",gone_404+no_snapshot,gone_404,no_snapshot,none_in_metadata
"bcvlix",gone_404+no_snapshot,gone_404,no_snapshot,none_in_metadata
"bcwg7f",gone_404+no_snapshot,gone_404,no_snapshot,none_in_metadata
"bcwkkr",gone_404+no_snapshot,gone_404,no_snapshot,none_in_metadata
"bczh0c",gone_404+no_snapshot,gone_404,no_snapshot,none_in_metadata
"bczw4y",gone_404+no_snapshot,gone_404,no_snapshot,none_in_metadata
"bczxs7",gone_404+no_snapshot,gone_404,no_snapshot,none_in_metadata
"bd2inv",gone_404+no_snapshot,gone_404,no_snapshot,none_in_metadata
"bd2rh6",gone_404+no_snapshot,gone_404,no_snapshot,none_in_metadata
"bd3qn3",gone_404+no_snapshot,gone_404,no_snapshot,none_in_metadata
"bd3y14",gone_404+no_snapshot,gone_404,no_snapshot,none_in_metadata
"bd5o77",gone_404+no_snapshot,gone_404,no_snapshot,none_in_metadata
"bd6m2i",gone_404+no_snapshot,gone_404,no_snapshot,none_in_metadata
"bd82ne",gone_404+no_snapshot,gone_404,no_snapshot,none_in_metadata
"bda7ys",gone_404+no_snapshot,gone_404,no_snapshot,none_in_metadata
"bdesa6",gone_404+no_snapshot,gone_404,no_snapshot,none_in_metadata
"bdgdwc",gone_404+no_snapshot,gone_404,no_snapshot,none_in_metadata
"bdh97j",gone_404+no_snapshot,gone_404,no_snapshot,none_in_metadata
"bdhn29",gone_404+no_snapshot,gone_404,no_snapshot,none_in_metadata
"bdhy67",gone_404+no_snapshot,gone_404,no_snapshot,none_in_metadata
"bdi14l",gone_404+no_snapshot,gone_404,no_snapshot,none_in_metadata
"bdisa2",gone_404+no_snapshot,gone_404,no_snapshot,none_in_metadata
"bdkxve",gone_404+no_snapshot,gone_404,no_snapshot,none_in_metadata
"bdli8v",gone_404+no_snapshot,gone_404,no_snapshot,none_in_metadata
"bdmm12",gone_404+no_snapshot,gone_404,no_snapshot,none_in_metadata
"bdnqb6",gone_404+no_snapshot,gone_404,no_snapshot,none_in_metadata
"bdo6hs",gone_404+no_snapshot,gone_404,no_snapshot,none_in_metadata
"bdptuo",gone_404+no_snapshot,gone_404,no_snapshot,none_in_metadata
"bdrpdw",gone_404+no_snapshot,gone_404,no_snapshot,none_in_metadata
"bdumi5",gone_404+no_snapshot,gone_404,no_snapshot,none_in_metadata
"bdvvhz",gone_404+no_snapshot,gone_404,no_snapshot,none_in_metadata
"bdw8my",gone_404+no_snapshot,gone_404,no_snapshot,none_in_metadata
"bdzotr",gone_404+no_snapshot,gone_404,no_snapshot,none_in_metadata
"be0d6h",gone_404+no_snapshot,gone_404,no_snapshot,none_in_metadata
"be0lu7",gone_404+no_snapshot,gone_404,no_snapshot,none_in_metadata
"be0p3y",gone_404+no_snapshot,gone_404,no_snapshot,none_in_metadata
"be0q9d",gone_404+no_snapshot,gone_404,no_snapshot,none_in_metadata
"be0v6n",gone_404+no_snapshot,gone_404,no_snapshot,none_in_metadata
"be0wst",gone_404+no_snapshot,gone_404,no_snapshot,none_in_metadata
"be19kr",gone_404+no_snapshot,gone_404,no_snapshot,none_in_metadata
"be1o0v",gone_404+no_snapshot,gone_404,no_snapshot,none_in_metadata
"be3k4j",gone_404+no_snapshot,gone_404,no_snapshot,none_in_metadata
"be3y93",gone_404+no_snapshot,gone_404,no_snapshot,none_in_metadata
"be70di",gone_404+no_snapshot,gone_404,no_snapshot,none_in_metadata
"be7ph1",gone_404+no_snapshot,gone_404,no_snapshot,none_in_metadata
"be7po7",gone_404+no_snapshot,gone_404,no_snapshot,none_in_metadata
"be9ij3",gone_404+no_snapshot,gone_404,no_snapshot,none_in_metadata
"bedvco",gone_404+no_snapshot,gone_404,no_snapshot,none_in_metadata
"beeijx",gone_404+no_snapshot,gone_404,no_snapshot,none_in_metadata
"beevpk",gone_404+no_snapshot,gone_404,no_snapshot,none_in_metadata
"bef0pq",gone_404+no_snapshot,gone_404,no_snapshot,none_in_metadata
"befl13",gone_404+no_snapshot,gone_404,no_snapshot,none_in_metadata
"befyzi",gone_404+no_snapshot,gone_404,no_snapshot,none_in_metadata
"beg9y5",gone_404+no_snapshot,gone_404,no_snapshot,none_in_metadata
"begf6d",gone_404+no_snapshot,gone_404,no_snapshot,none_in_metadata
"bei0nb",gone_404+no_snapshot,gone_404,no_snapshot,none_in_metadata
"beodnd",gone_404+no_snapshot,gone_404,no_snapshot,none_in_metadata
"bepbjp",gone_404+no_snapshot,gone_404,no_snapshot,none_in_metadata
"bepl1d",gone_404+no_snapshot,gone_404,no_snapshot,none_in_metadata
"bet0pn",gone_404+no_snapshot,gone_404,no_snapshot,none_in_metadata
"bet1hf",gone_404+no_snapshot,gone_404,no_snapshot,none_in_metadata
"bevsp4",gone_404+no_snapshot,gone_404,no_snapshot,none_in_metadata
"bf626l",gone_404+no_snapshot,gone_404,no_snapshot,none_in_metadata
"bf6gis",gone_404+no_snapshot,gone_404,no_snapshot,none_in_metadata
"bf7ibz",gone_404+no_snapshot,gone_404,no_snapshot,none_in_metadata
"bf7oaz",gone_404+no_snapshot,gone_404,no_snapshot,none_in_metadata
"bf8hp3",gone_404+no_snapshot,gone_404,no_snapshot,none_in_metadata
"bf8la8",gone_404+no_snapshot,gone_404,no_snapshot,none_in_metadata
"bf8t6m",gone_404+no_snapshot,gone_404,no_snapshot,none_in_metadata
"bf8u8n",gone_404+no_snapshot,gone_404,no_snapshot,none_in_metadata
"bfa981",gone_404+no_snapshot,gone_404,no_snapshot,none_in_metadata
"bfb31c",gone_404+no_snapshot,gone_404,no_snapshot,none_in_metadata
"bfdgfa",gone_404+no_snapshot,gone_404,no_snapshot,none_in_metadata
"bfhjec",gone_404+no_snapshot,gone_404,no_snapshot,none_in_metadata
"bfigm9",gone_404+no_snapshot,gone_404,no_snapshot,none_in_metadata
"bfj1lq",gone_404+no_snapshot,gone_404,no_snapshot,none_in_metadata
"bfk75u",gone_404+no_snapshot,gone_404,no_snapshot,none_in_metadata
"bfktni",gone_404+no_snapshot,gone_404,no_snapshot,none_in_metadata
"bfn59m",gone_404+no_snapshot,gone_404,no_snapshot,none_in_metadata
"bfonvw",gone_404+no_snapshot,gone_404,no_snapshot,none_in_metadata
"bfosj7",gone_404+no_snapshot,gone_404,no_snapshot,none_in_metadata
"bfpaz7",gone_404+no_snapshot,gone_404,no_snapshot,none_in_metadata
"bfqx6d",gone_404+no_snapshot,gone_404,no_snapshot,none_in_metadata
"bfr4lm",gone_404+no_snapshot,gone_404,no_snapshot,none_in_metadata
"bfroqt",gone_404+no_snapshot,gone_404,no_snapshot,none_in_metadata
"bfsb4k",gone_404+no_snapshot,gone_404,no_snapshot,none_in_metadata
"bft0e9",gone_404+no_snapshot,gone_404,no_snapshot,none_in_metadata
"bfu2wc",gone_404+no_snapshot,gone_404,no_snapshot,none_in_metadata
"bfukcm",gone_404+no_snapshot,gone_404,no_snapshot,none_in_metadata
"bfuvrt",gone_404+no_snapshot,gone_404,no_snapshot,none_in_metadata
"bfvo70",gone_404+no_snapshot,gone_404,no_snapshot,none_in_metadata
"bfw5p5",gone_404+no_snapshot,gone_404,no_snapshot,none_in_metadata
"bfx3g6",gone_404+no_snapshot,gone_404,no_snapshot,none_in_metadata
"bfz179",gone_404+no_snapshot,gone_404,no_snapshot,none_in_metadata
"bfz3na",gone_404+no_snapshot,gone_404,no_snapshot,none_in_metadata
"bg1g2m",gone_404+no_snapshot,gone_404,no_snapshot,none_in_metadata
"bg2cuj",gone_404+no_snapshot,gone_404,no_snapshot,none_in_metadata
"bg2rt1",gone_404+no_snapshot,gone_404,no_snapshot,none_in_metadata
"bg44ai",gone_404+no_snapshot,gone_404,no_snapshot,none_in_metadata
"bg4ltr",gone_404+no_snapshot,gone_404,no_snapshot,none_in_metadata
"bg4ycz",gone_404+no_snapshot,gone_404,no_snapshot,none_in_metadata
"bg5k9n",gone_404+no_snapshot,gone_404,no_snapshot,none_in_metadata
"bg5kck",gone_404+no_snapshot,gone_404,no_snapshot,none_in_metadata
"bg68kd",gone_404+no_snapshot,gone_404,no_snapshot,none_in_metadata
"bg8nsy",gone_404+no_snapshot,gone_404,no_snapshot,none_in_metadata
"bgbv1d",gone_404+no_snapshot,gone_404,no_snapshot,none_in_metadata
"bgde3x",gone_404+no_snapshot,gone_404,no_snapshot,none_in_metadata
"bgg6cv",gone_404+no_snapshot,gone_404,no_snapshot,none_in_metadata
"bggzzc",gone_404+no_snapshot,gone_404,no_snapshot,none_in_metadata
"bgh27e",gone_404+no_snapshot,gone_404,no_snapshot,none_in_metadata
"bgi8bi",gone_404+no_snapshot,gone_404,no_snapshot,none_in_metadata
"bgl3z4",gone_404+no_snapshot,gone_404,no_snapshot,none_in_metadata
"bgm3z3",gone_404+no_snapshot,gone_404,no_snapshot,none_in_metadata
"bgn7gk",gone_404+no_snapshot,gone_404,no_snapshot,none_in_metadata
"bgq35p",gone_404+no_snapshot,gone_404,no_snapshot,none_in_metadata
"bgu3t8",gone_404+no_snapshot,gone_404,no_snapshot,none_in_metadata
"bguiqy",gone_404+no_snapshot,gone_404,no_snapshot,none_in_metadata
"bgwjh8",gone_404+no_snapshot,gone_404,no_snapshot,none_in_metadata
"bgy8vg",gone_404+no_snapshot,gone_404,no_snapshot,none_in_metadata
"bgyk4y",gone_404+no_snapshot,gone_404,no_snapshot,none_in_metadata
"bgzw0y",gone_404+no_snapshot,gone_404,no_snapshot,none_in_metadata
"bh2ixl",gone_404+no_snapshot,gone_404,no_snapshot,none_in_metadata
"bh4oiu",gone_404+no_snapshot,gone_404,no_snapshot,none_in_metadata
"bh5nvg",gone_404+no_snapshot,gone_404,no_snapshot,none_in_metadata
"bh5uq0",gone_404+no_snapshot,gone_404,no_snapshot,none_in_metadata
"bh9bgo",gone_404+no_snapshot,gone_404,no_snapshot,none_in_metadata
"bhaig4",gone_404+no_snapshot,gone_404,no_snapshot,none_in_metadata
"bhd535",gone_404+no_snapshot,gone_404,no_snapshot,none_in_metadata
"bhdyqw",gone_404+no_snapshot,gone_404,no_snapshot,none_in_metadata
"bhfkiw",gone_404+no_snapshot,gone_404,no_snapshot,none_in_metadata
"bhoho6",gone_404+no_snapshot,gone_404,no_snapshot,none_in_metadata
"bhp3ai",gone_404+no_snapshot,gone_404,no_snapshot,none_in_metadata
"bhpbxy",gone_404+no_snapshot,gone_404,no_snapshot,none_in_metadata
"bhqi4v",gone_404+no_snapshot,gone_404,no_snapshot,none_in_metadata
"bhqrg3",gone_404+no_snapshot,gone_404,no_snapshot,none_in_metadata
"bhroa5",gone_404+no_snapshot,gone_404,no_snapshot,none_in_metadata
"bhseuu",gone_404+no_snapshot,gone_404,no_snapshot,none_in_metadata
"bhud54",gone_404+no_snapshot,gone_404,no_snapshot,none_in_metadata
"bi0npk",gone_404+no_snapshot,gone_404,no_snapshot,none_in_metadata
"bi1d9d",gone_404+no_snapshot,gone_404,no_snapshot,none_in_metadata
"bi34d3",gone_404+no_snapshot,gone_404,no_snapshot,none_in_metadata
"bi3a6m",gone_404+no_snapshot,gone_404,no_snapshot,none_in_metadata
"bi3wi7",gone_404+no_snapshot,gone_404,no_snapshot,none_in_metadata
"bi4lsr",gone_404+no_snapshot,gone_404,no_snapshot,none_in_metadata
"bi6x1y",gone_404+no_snapshot,gone_404,no_snapshot,none_in_metadata
"bi7b27",gone_404+no_snapshot,gone_404,no_snapshot,none_in_metadata
"bi7fkd",gone_404+no_snapshot,gone_404,no_snapshot,none_in_metadata
"bi7leg",gone_404+no_snapshot,gone_404,no_snapshot,none_in_metadata
"bid6bz",gone_404+no_snapshot,gone_404,no_snapshot,none_in_metadata
"bidba2",gone_404+no_snapshot,gone_404,no_snapshot,none_in_metadata
"bidfyt",gone_404+no_snapshot,gone_404,no_snapshot,none_in_metadata
"biek7u",gone_404+no_snapshot,gone_404,no_snapshot,none_in_metadata
"biepo6",gone_404+no_snapshot,gone_404,no_snapshot,none_in_metadata
"bifqpt",gone_404+no_snapshot,gone_404,no_snapshot,none_in_metadata
"bihhzg",gone_404+no_snapshot,gone_404,no_snapshot,none_in_metadata
"bihrvg",gone_404+no_snapshot,gone_404,no_snapshot,none_in_metadata
"bioo60",gone_404+no_snapshot,gone_404,no_snapshot,none_in_metadata
"bipnuk",gone_404+no_snapshot,gone_404,no_snapshot,none_in_metadata
"bir95g",gone_404+no_snapshot,gone_404,no_snapshot,none_in_metadata
"bisxuo",gone_404+no_snapshot,gone_404,no_snapshot,none_in_metadata
"bit6n9",gone_404+no_snapshot,gone_404,no_snapshot,none_in_metadata
"biu7q2",gone_404+no_snapshot,gone_404,no_snapshot,none_in_metadata
"biuenp",gone_404+no_snapshot,gone_404,no_snapshot,none_in_metadata
"biumsc",gone_404+no_snapshot,gone_404,no_snapshot,none_in_metadata
"biv17e",gone_404+no_snapshot,gone_404,no_snapshot,none_in_metadata
"bivstz",gone_404+no_snapshot,gone_404,no_snapshot,none_in_metadata
"biwtfw",gone_404+no_snapshot,gone_404,no_snapshot,none_in_metadata
"biy48l",gone_404+no_snapshot,gone_404,no_snapshot,none_in_metadata
"biyqje",gone_404+no_snapshot,gone_404,no_snapshot,none_in_metadata
"bizxmt",gone_404+no_snapshot,gone_404,no_snapshot,none_in_metadata
"bj1yio",gone_404+no_snapshot,gone_404,no_snapshot,none_in_metadata
"bj4cxa",gone_404+no_snapshot,gone_404,no_snapshot,none_in_metadata
"bj4qqt",gone_404+no_snapshot,gone_404,no_snapshot,none_in_metadata
"bj9p8j",gone_404+no_snapshot,gone_404,no_snapshot,none_in_metadata
"bjaum3",gone_404+no_snapshot,gone_404,no_snapshot,none_in_metadata
"bjcm3e",gone_404+no_snapshot,gone_404,no_snapshot,none_in_metadata
"bjg03i",gone_404+no_snapshot,gone_404,no_snapshot,none_in_metadata
"bjgc9p",gone_404+no_snapshot,gone_404,no_snapshot,none_in_metadata
"bjif6z",gone_404+no_snapshot,gone_404,no_snapshot,none_in_metadata
"bjjlwi",gone_404+no_snapshot,gone_404,no_snapshot,none_in_metadata
"bjnpww",gone_404+no_snapshot,gone_404,no_snapshot,none_in_metadata
"bjov1h",gone_404+no_snapshot,gone_404,no_snapshot,none_in_metadata
"bjpml2",gone_404+no_snapshot,gone_404,no_snapshot,none_in_metadata
"bjpsva",gone_404+no_snapshot,gone_404,no_snapshot,none_in_metadata
"bjr7g0",gone_404+no_snapshot,gone_404,no_snapshot,none_in_metadata
"bjthyi",gone_404+no_snapshot,gone_404,no_snapshot,none_in_metadata
"bjuhn3",gone_404+no_snapshot,gone_404,no_snapshot,none_in_metadata
"bjw6qg",gone_404+no_snapshot,gone_404,no_snapshot,none_in_metadata
"bjx5ix",gone_404+no_snapshot,gone_404,no_snapshot,none_in_metadata
"bjxpkq",gone_404+no_snapshot,gone_404,no_snapshot,none_in_metadata
"bjyscm",gone_404+no_snapshot,gone_404,no_snapshot,none_in_metadata
"bjzw9g",gone_404+no_snapshot,gone_404,no_snapshot,none_in_metadata
"bk3617",gone_404+no_snapshot,gone_404,no_snapshot,none_in_metadata
"bk4a3b",gone_404+no_snapshot,gone_404,no_snapshot,none_in_metadata
"bk6ih4",gone_404+no_snapshot,gone_404,no_snapshot,none_in_metadata
"bk73s3",gone_404+no_snapshot,gone_404,no_snapshot,none_in_metadata
"bk7fg7",gone_404+snapshot_placeholder,gone_404,snapshot_placeholder,none_in_metadata
"bk8omg",gone_404+no_snapshot,gone_404,no_snapshot,none_in_metadata
"bk9spa",gone_404+no_snapshot,gone_404,no_snapshot,none_in_metadata
"bkc0a5",gone_404+no_snapshot,gone_404,no_snapshot,none_in_metadata
"bkd303",gone_404+no_snapshot,gone_404,no_snapshot,none_in_metadata
"bkdbac",gone_404+no_snapshot,gone_404,no_snapshot,none_in_metadata
"bkdiuy",fetched_placeholder+snapshot_placeholder,fetched_placeholder,snapshot_placeholder,none_in_metadata
"bkeoda",gone_404+no_snapshot,gone_404,no_snapshot,none_in_metadata
"bkeurv",gone_404+no_snapshot,gone_404,no_snapshot,none_in_metadata
"bkffec",gone_404+no_snapshot,gone_404,no_snapshot,none_in_metadata
"bkfmhk",gone_404+no_snapshot,gone_404,no_snapshot,none_in_metadata
"bkh7hu",gone_404+no_snapshot,gone_404,no_snapshot,none_in_metadata
"bknd70",gone_404+no_snapshot,gone_404,no_snapshot,none_in_metadata
"bkouzm",gone_404+no_snapshot,gone_404,no_snapshot,none_in_metadata
"bkp8zu",gone_404+no_snapshot,gone_404,no_snapshot,none_in_metadata
"bkqgm7",gone_404+no_snapshot,gone_404,no_snapshot,none_in_metadata
"bkrf0n",gone_404+no_snapshot,gone_404,no_snapshot,none_in_metadata
"bkrzm8",gone_404+no_snapshot,gone_404,no_snapshot,none_in_metadata
"bkso0m",gone_404+no_snapshot,gone_404,no_snapshot,none_in_metadata
"bkufda",gone_404+no_snapshot,gone_404,no_snapshot,none_in_metadata
"bkv98f",gone_404+no_snapshot,gone_404,no_snapshot,none_in_metadata
"bkwz4k",gone_404+no_snapshot,gone_404,no_snapshot,none_in_metadata
"bl1ekc",gone_404+no_snapshot,gone_404,no_snapshot,none_in_metadata
"bl2has",gone_404+no_snapshot,gone_404,no_snapshot,none_in_metadata
"bl3h21",gone_404+no_snapshot,gone_404,no_snapshot,none_in_metadata
"bl63yo",gone_404+no_snapshot,gone_404,no_snapshot,none_in_metadata
"bl67z6",gone_404+no_snapshot,gone_404,no_snapshot,none_in_metadata
"bl6b4l",gone_404+no_snapshot,gone_404,no_snapshot,none_in_metadata
"bl7a48",gone_404+no_snapshot,gone_404,no_snapshot,none_in_metadata
"bl7fam",gone_404+no_snapshot,gone_404,no_snapshot,none_in_metadata
"blasyc",gone_404+no_snapshot,gone_404,no_snapshot,none_in_metadata
"blb9xi",gone_404+no_snapshot,gone_404,no_snapshot,none_in_metadata
"blbpyr",gone_404+no_snapshot,gone_404,no_snapshot,none_in_metadata
"ble2f4",gone_404+no_snapshot,gone_404,no_snapshot,none_in_metadata
"blebz7",gone_404+no_snapshot,gone_404,no_snapshot,none_in_metadata
"blga70",gone_404+no_snapshot,gone_404,no_snapshot,none_in_metadata
"bljb89",gone_404+no_snapshot,gone_404,no_snapshot,none_in_metadata
"blkak0",gone_404+no_snapshot,gone_404,no_snapshot,none_in_metadata
"bllhmn",gone_404+no_snapshot,gone_404,no_snapshot,none_in_metadata
"bllmb1",gone_404+no_snapshot,gone_404,no_snapshot,none_in_metadata
"blpwcv",gone_404+no_snapshot,gone_404,no_snapshot,none_in_metadata
"blt0dh",gone_404+no_snapshot,gone_404,no_snapshot,none_in_metadata
"blu4pi",gone_404+no_snapshot,gone_404,no_snapshot,none_in_metadata
"blxs13",gone_404+no_snapshot,gone_404,no_snapshot,none_in_metadata
"blyk22",gone_404+no_snapshot,gone_404,no_snapshot,none_in_metadata
"blyyi1",gone_404+no_snapshot,gone_404,no_snapshot,none_in_metadata
"blzcz6",gone_404+no_snapshot,gone_404,no_snapshot,none_in_metadata
"bm01ce",gone_404+no_snapshot,gone_404,no_snapshot,none_in_metadata
"bm0wq3",gone_404+no_snapshot,gone_404,no_snapshot,none_in_metadata
"bm17jx",gone_404+no_snapshot,gone_404,no_snapshot,none_in_metadata
"bm1kx0",gone_404+no_snapshot,gone_404,no_snapshot,none_in_metadata
"bm2m5z",gone_404+no_snapshot,gone_404,no_snapshot,none_in_metadata
"bm3qvl",gone_404+no_snapshot,gone_404,no_snapshot,none_in_metadata
"bm4i7o",gone_404+no_snapshot,gone_404,no_snapshot,none_in_metadata
"bm8f41",gone_404+no_snapshot,gone_404,no_snapshot,none_in_metadata
"bmct1e",gone_404+no_snapshot,gone_404,no_snapshot,none_in_metadata
"bmfe29",gone_404+no_snapshot,gone_404,no_snapshot,none_in_metadata
"bmfsvm",gone_404+no_snapshot,gone_404,no_snapshot,none_in_metadata
"bmjslq",gone_404+snapshot_furniture,gone_404,snapshot_furniture,none_in_metadata
"bn35td",gone_404+no_snapshot,gone_404,no_snapshot,none_in_metadata
"bn3zlp",gone_404+no_snapshot,gone_404,no_snapshot,none_in_metadata
"bn67rb",gone_404+no_snapshot,gone_404,no_snapshot,none_in_metadata
"bn7c2o",gone_404+no_snapshot,gone_404,no_snapshot,none_in_metadata
"bn8mjz",gone_404+no_snapshot,gone_404,no_snapshot,none_in_metadata
"bna89o",gone_404+no_snapshot,gone_404,no_snapshot,none_in_metadata
"bndjz6",gone_404+no_snapshot,gone_404,no_snapshot,none_in_metadata
"bnhihe",gone_404+no_snapshot,gone_404,no_snapshot,none_in_metadata
"bnilfr",gone_404+no_snapshot,gone_404,no_snapshot,none_in_metadata
"bniqko",gone_404+no_snapshot,gone_404,no_snapshot,none_in_metadata
"bniyb1",gone_404+no_snapshot,gone_404,no_snapshot,none_in_metadata
"bnpyr7",gone_404+no_snapshot,gone_404,no_snapshot,none_in_metadata
"bnqnlt",gone_404+no_snapshot,gone_404,no_snapshot,none_in_metadata
"bnucbs",gone_404+no_snapshot,gone_404,no_snapshot,none_in_metadata
"bnwn6i",gone_404+no_snapshot,gone_404,no_snapshot,none_in_metadata
"bnxfjm",gone_404+no_snapshot,gone_404,no_snapshot,none_in_metadata
"bnzdy1",gone_404+no_snapshot,gone_404,no_snapshot,none_in_metadata
"bo40jc",gone_404+no_snapshot,gone_404,no_snapshot,none_in_metadata
"bo4wq6",gone_404+no_snapshot,gone_404,no_snapshot,none_in_metadata
"bo8f6i",gone_404+no_snapshot,gone_404,no_snapshot,none_in_metadata
"bo8soh",gone_404+no_snapshot,gone_404,no_snapshot,none_in_metadata
"bo9kgj",gone_404+no_snapshot,gone_404,no_snapshot,none_in_metadata
"bo9kyc",gone_404+no_snapshot,gone_404,no_snapshot,none_in_metadata
"boiceu",gone_404+no_snapshot,gone_404,no_snapshot,none_in_metadata
"boptq1",gone_404+no_snapshot,gone_404,no_snapshot,none_in_metadata
"boqva8",gone_404+no_snapshot,gone_404,no_snapshot,none_in_metadata
"bos0lg",gone_404+no_snapshot,gone_404,no_snapshot,none_in_metadata
"bottvw",gone_404+no_snapshot,gone_404,no_snapshot,none_in_metadata
"bp0t4d",gone_404+no_snapshot,gone_404,no_snapshot,none_in_metadata
"bp1jhu",gone_404+no_snapshot,gone_404,no_snapshot,none_in_metadata
"bp370i",gone_404+no_snapshot,gone_404,no_snapshot,none_in_metadata
"bp57f7",gone_404+no_snapshot,gone_404,no_snapshot,none_in_metadata
"bp64va",gone_404+no_snapshot,gone_404,no_snapshot,none_in_metadata
"bp8nno",gone_404+no_snapshot,gone_404,no_snapshot,none_in_metadata
"bpcok9",gone_404+no_snapshot,gone_404,no_snapshot,none_in_metadata
"bpdxmz",gone_404+no_snapshot,gone_404,no_snapshot,none_in_metadata
"bpjnh4",gone_404+no_snapshot,gone_404,no_snapshot,none_in_metadata
"bpk3sh",gone_404+no_snapshot,gone_404,no_snapshot,none_in_metadata
"bpm51k",gone_404+no_snapshot,gone_404,no_snapshot,none_in_metadata
"bpm8z9",gone_404+no_snapshot,gone_404,no_snapshot,none_in_metadata
"bpmzzi",gone_404+snapshot_furniture,gone_404,snapshot_furniture,none_in_metadata
"bpy3cv",gone_404+no_snapshot,gone_404,no_snapshot,none_in_metadata
"bq47wy",gone_404+no_snapshot,gone_404,no_snapshot,none_in_metadata
"bq5cvf",gone_404+no_snapshot,gone_404,no_snapshot,none_in_metadata
"bq5vuw",gone_404+no_snapshot,gone_404,no_snapshot,none_in_metadata
"bq5yrw",gone_404+no_snapshot,gone_404,no_snapshot,none_in_metadata
"bq687y",gone_404+no_snapshot,gone_404,no_snapshot,none_in_metadata
"bq68iu",fetched_placeholder+snapshot_placeholder,fetched_placeholder,snapshot_placeholder,none_in_metadata
"bq6bsh",gone_404+no_snapshot,gone_404,no_snapshot,none_in_metadata
"bq8aou",gone_404+no_snapshot,gone_404,no_snapshot,none_in_metadata
"bq9geu",gone_404+no_snapshot,gone_404,no_snapshot,none_in_metadata
"bqbvqb",gone_404+no_snapshot,gone_404,no_snapshot,none_in_metadata
"bqif1r",gone_404+no_snapshot,gone_404,no_snapshot,none_in_metadata
"bqj68l",gone_404+no_snapshot,gone_404,no_snapshot,none_in_metadata
"bqmyap",gone_404+no_snapshot,gone_404,no_snapshot,none_in_metadata
"bqyssr",gone_404+no_snapshot,gone_404,no_snapshot,none_in_metadata
"br06y2",gone_404+no_snapshot,gone_404,no_snapshot,none_in_metadata
"br5eqk",gone_404+no_snapshot,gone_404,no_snapshot,none_in_metadata
"brfw28",gone_404+no_snapshot,gone_404,no_snapshot,none_in_metadata
"brgg0l",gone_404+no_snapshot,gone_404,no_snapshot,none_in_metadata
"briz1o",gone_404+no_snapshot,gone_404,no_snapshot,none_in_metadata
"brjv3v",gone_404+no_snapshot,gone_404,no_snapshot,none_in_metadata
"brlicy",gone_404+no_snapshot,gone_404,no_snapshot,none_in_metadata
"brn5tu",gone_404+no_snapshot,gone_404,no_snapshot,none_in_metadata
"brnxlz",gone_404+no_snapshot,gone_404,no_snapshot,none_in_metadata
"brplhn",gone_404+no_snapshot,gone_404,no_snapshot,none_in_metadata
"brr56z",gone_404+no_snapshot,gone_404,no_snapshot,none_in_metadata
"brsdc1",gone_404+no_snapshot,gone_404,no_snapshot,none_in_metadata
"brtj0e",gone_404+no_snapshot,gone_404,no_snapshot,none_in_metadata
"brtpyh",gone_404+no_snapshot,gone_404,no_snapshot,none_in_metadata
"brv0pt",gone_404+no_snapshot,gone_404,no_snapshot,none_in_metadata
"brwbrw",gone_404+no_snapshot,gone_404,no_snapshot,none_in_metadata
"brxt1r",gone_404+no_snapshot,gone_404,no_snapshot,none_in_metadata
"bs3otz",gone_404+snapshot_furniture,gone_404,snapshot_furniture,none_in_metadata
"bs45z5",gone_404+no_snapshot,gone_404,no_snapshot,none_in_metadata
"bs8ufi",gone_404+no_snapshot,gone_404,no_snapshot,none_in_metadata
"bsam0e",gone_404+no_snapshot,gone_404,no_snapshot,none_in_metadata
"bscp4y",gone_404+no_snapshot,gone_404,no_snapshot,none_in_metadata
"bsfkow",gone_404+no_snapshot,gone_404,no_snapshot,none_in_metadata
"bshjh4",gone_404+no_snapshot,gone_404,no_snapshot,none_in_metadata
"bsjuo4",gone_404+no_snapshot,gone_404,no_snapshot,none_in_metadata
"bsklza",gone_404+no_snapshot,gone_404,no_snapshot,none_in_metadata
"bsmhcr",gone_404+no_snapshot,gone_404,no_snapshot,none_in_metadata
"bsqu8l",gone_404+no_snapshot,gone_404,no_snapshot,none_in_metadata
"bsra1r",gone_404+no_snapshot,gone_404,no_snapshot,none_in_metadata
"bsslqd",gone_404+no_snapshot,gone_404,no_snapshot,none_in_metadata
"bsucbr",gone_404+no_snapshot,gone_404,no_snapshot,none_in_metadata
"bsw79k",gone_404+no_snapshot,gone_404,no_snapshot,none_in_metadata
"bswxyl",gone_404+no_snapshot,gone_404,no_snapshot,none_in_metadata
"bsxn38",gone_404+no_snapshot,gone_404,no_snapshot,none_in_metadata
"bt0hg3",gone_404+no_snapshot,gone_404,no_snapshot,none_in_metadata
"bt138r",gone_404+no_snapshot,gone_404,no_snapshot,none_in_metadata
"bt1ur1",gone_404+no_snapshot,gone_404,no_snapshot,none_in_metadata
"bt2suy",gone_404+no_snapshot,gone_404,no_snapshot,none_in_metadata
"bt3hdg",gone_404+no_snapshot,gone_404,no_snapshot,none_in_metadata
"bt4j0g",gone_404+no_snapshot,gone_404,no_snapshot,none_in_metadata
"bt50fn",gone_404+no_snapshot,gone_404,no_snapshot,none_in_metadata
"bt5kb0",gone_404+no_snapshot,gone_404,no_snapshot,none_in_metadata
"bt5msx",gone_404+no_snapshot,gone_404,no_snapshot,none_in_metadata
"bt8o7c",gone_404+no_snapshot,gone_404,no_snapshot,none_in_metadata
"bta7gd",gone_404+no_snapshot,gone_404,no_snapshot,none_in_metadata
"btbbwa",gone_404+no_snapshot,gone_404,no_snapshot,none_in_metadata
"btbxq6",gone_404+no_snapshot,gone_404,no_snapshot,none_in_metadata
"btc7eg",gone_404+no_snapshot,gone_404,no_snapshot,none_in_metadata
"btd7gt",gone_404+no_snapshot,gone_404,no_snapshot,none_in_metadata
"btdtxa",gone_404+no_snapshot,gone_404,no_snapshot,none_in_metadata
"btdxv4",gone_404+no_snapshot,gone_404,no_snapshot,none_in_metadata
"btfckb",gone_404+no_snapshot,gone_404,no_snapshot,none_in_metadata
"btg5t4",gone_404+no_snapshot,gone_404,no_snapshot,none_in_metadata
"btjgaw",gone_404+no_snapshot,gone_404,no_snapshot,none_in_metadata
"btnt7v",gone_404+no_snapshot,gone_404,no_snapshot,none_in_metadata
"btrv2l",gone_404+no_snapshot,gone_404,no_snapshot,none_in_metadata
"btslfs",gone_404+no_snapshot,gone_404,no_snapshot,none_in_metadata
"btstij",gone_404+no_snapshot,gone_404,no_snapshot,none_in_metadata
"btt1ft",gone_404+no_snapshot,gone_404,no_snapshot,none_in_metadata
"btt4xa",gone_404+no_snapshot,gone_404,no_snapshot,none_in_metadata
"bttwfr",gone_404+no_snapshot,gone_404,no_snapshot,none_in_metadata
"btydr5",gone_404+no_snapshot,gone_404,no_snapshot,none_in_metadata
"btykpd",gone_404+no_snapshot,gone_404,no_snapshot,none_in_metadata
"btzh7f",gone_404+no_snapshot,gone_404,no_snapshot,none_in_metadata
"bu45wy",gone_404+no_snapshot,gone_404,no_snapshot,none_in_metadata
"bu4cgc",gone_404+no_snapshot,gone_404,no_snapshot,none_in_metadata
"bu4zkp",gone_404+no_snapshot,gone_404,no_snapshot,none_in_metadata
"bu58i1",gone_404+no_snapshot,gone_404,no_snapshot,none_in_metadata
"bu6s2d",gone_404+no_snapshot,gone_404,no_snapshot,none_in_metadata
"bu7qcm",gone_404+no_snapshot,gone_404,no_snapshot,none_in_metadata
"bu8yhn",gone_404+no_snapshot,gone_404,no_snapshot,none_in_metadata
"bu97le",gone_404+no_snapshot,gone_404,no_snapshot,none_in_metadata
"bu9vnf",gone_404+no_snapshot,gone_404,no_snapshot,none_in_metadata
"bubph9",gone_404+no_snapshot,gone_404,no_snapshot,none_in_metadata
"bue45z",gone_404+no_snapshot,gone_404,no_snapshot,none_in_metadata
"bufiow",gone_404+no_snapshot,gone_404,no_snapshot,none_in_metadata
"bujq4r",gone_404+no_snapshot,gone_404,no_snapshot,none_in_metadata
"buk4vb",gone_404+no_snapshot,gone_404,no_snapshot,none_in_metadata
"bukd9g",gone_404+no_snapshot,gone_404,no_snapshot,none_in_metadata
"bul1p9",gone_404+no_snapshot,gone_404,no_snapshot,none_in_metadata
"bul79s",gone_404+no_snapshot,gone_404,no_snapshot,none_in_metadata
"bun7qb",gone_404+no_snapshot,gone_404,no_snapshot,none_in_metadata
"bupauy",gone_404+no_snapshot,gone_404,no_snapshot,none_in_metadata
"but7dj",gone_404+no_snapshot,gone_404,no_snapshot,none_in_metadata
"buu4pk",gone_404+no_snapshot,gone_404,no_snapshot,none_in_metadata
"buu6km",gone_404+no_snapshot,gone_404,no_snapshot,none_in_metadata
"buwle3",gone_404+no_snapshot,gone_404,no_snapshot,none_in_metadata
"buxlb3",gone_404+no_snapshot,gone_404,no_snapshot,none_in_metadata
"buxpjo",gone_404+no_snapshot,gone_404,no_snapshot,none_in_metadata
"buxv98",gone_404+no_snapshot,gone_404,no_snapshot,none_in_metadata
"buxws7",gone_404+no_snapshot,gone_404,no_snapshot,none_in_metadata
"buy5xa",gone_404+no_snapshot,gone_404,no_snapshot,none_in_metadata
"buy9in",gone_404+no_snapshot,gone_404,no_snapshot,none_in_metadata
"buzq9f",gone_404+no_snapshot,gone_404,no_snapshot,none_in_metadata
"bv0139",gone_404+no_snapshot,gone_404,no_snapshot,none_in_metadata
"bv02b7",gone_404+no_snapshot,gone_404,no_snapshot,none_in_metadata
"bv0f7w",gone_404+snapshot_placeholder,gone_404,snapshot_placeholder,none_in_metadata
"bv0i1a",gone_404+no_snapshot,gone_404,no_snapshot,none_in_metadata
"bv0pqt",gone_404+no_snapshot,gone_404,no_snapshot,none_in_metadata
"bv6r18",gone_404+no_snapshot,gone_404,no_snapshot,none_in_metadata
"bv6ss0",gone_404+no_snapshot,gone_404,no_snapshot,none_in_metadata
"bv81ro",gone_404+no_snapshot,gone_404,no_snapshot,none_in_metadata
"bv9i7l",gone_404+no_snapshot,gone_404,no_snapshot,none_in_metadata
"bvcqz8",gone_404+no_snapshot,gone_404,no_snapshot,none_in_metadata
"bve3eb",gone_404+no_snapshot,gone_404,no_snapshot,none_in_metadata
"bvfxsz",gone_404+no_snapshot,gone_404,no_snapshot,none_in_metadata
"bvgdvv",gone_404+no_snapshot,gone_404,no_snapshot,none_in_metadata
"bvinab",gone_404+no_snapshot,gone_404,no_snapshot,none_in_metadata
"bvjc2s",gone_404+no_snapshot,gone_404,no_snapshot,none_in_metadata
"bvjith",gone_404+no_snapshot,gone_404,no_snapshot,none_in_metadata
"bvkcoi",gone_404+no_snapshot,gone_404,no_snapshot,none_in_metadata
"bvldky",gone_404+no_snapshot,gone_404,no_snapshot,none_in_metadata
"bvm24g",gone_404+no_snapshot,gone_404,no_snapshot,none_in_metadata
"bvnnuz",gone_404+no_snapshot,gone_404,no_snapshot,none_in_metadata
"bvoii4",gone_404+no_snapshot,gone_404,no_snapshot,none_in_metadata
"bvolt9",gone_404+no_snapshot,gone_404,no_snapshot,none_in_metadata
"bvp3tl",gone_404+no_snapshot,gone_404,no_snapshot,none_in_metadata
"bvp885",gone_404+no_snapshot,gone_404,no_snapshot,none_in_metadata
"bvpoan",gone_404+no_snapshot,gone_404,no_snapshot,none_in_metadata
"bvqsjk",gone_404+no_snapshot,gone_404,no_snapshot,none_in_metadata
"bvs993",gone_404+no_snapshot,gone_404,no_snapshot,none_in_metadata
"bvsob1",gone_404+no_snapshot,gone_404,no_snapshot,none_in_metadata
"bvu3ik",gone_404+no_snapshot,gone_404,no_snapshot,none_in_metadata
"bvufe8",gone_404+no_snapshot,gone_404,no_snapshot,none_in_metadata
"bvwaj3",gone_404+no_snapshot,gone_404,no_snapshot,none_in_metadata
"bw14bz",gone_404+no_snapshot,gone_404,no_snapshot,none_in_metadata
"bw1xu0",gone_404+no_snapshot,gone_404,no_snapshot,none_in_metadata
"bw2esc",gone_404+no_snapshot,gone_404,no_snapshot,none_in_metadata
"bw2yf1",gone_404+no_snapshot,gone_404,no_snapshot,none_in_metadata
"bw3ax0",gone_404+no_snapshot,gone_404,no_snapshot,none_in_metadata
"bw3da1",gone_404+no_snapshot,gone_404,no_snapshot,none_in_metadata
"bw3m28",gone_404+no_snapshot,gone_404,no_snapshot,none_in_metadata
"bw4ahu",gone_404+no_snapshot,gone_404,no_snapshot,none_in_metadata
"bw4kfv",gone_404+no_snapshot,gone_404,no_snapshot,none_in_metadata
"bw88vq",fetched_furniture+no_snapshot,fetched_furniture,no_snapshot,none_in_metadata
"bwatir",gone_404+no_snapshot,gone_404,no_snapshot,none_in_metadata
"bwck06",gone_404+no_snapshot,gone_404,no_snapshot,none_in_metadata
"bwd1qe",gone_404+no_snapshot,gone_404,no_snapshot,none_in_metadata
"bwdo5l",gone_404+no_snapshot,gone_404,no_snapshot,none_in_metadata
"bwe7rl",gone_404+no_snapshot,gone_404,no_snapshot,none_in_metadata
"bwgph9",gone_404+no_snapshot,gone_404,no_snapshot,none_in_metadata
"bwhlk7",gone_404+no_snapshot,gone_404,no_snapshot,none_in_metadata
"bwhxex",gone_404+no_snapshot,gone_404,no_snapshot,none_in_metadata
"bwi2q7",gone_404+no_snapshot,gone_404,no_snapshot,none_in_metadata
"bwilsg",gone_404+no_snapshot,gone_404,no_snapshot,none_in_metadata
"bwn7cv",gone_404+no_snapshot,gone_404,no_snapshot,none_in_metadata
"bwp7zu",gone_404+no_snapshot,gone_404,no_snapshot,none_in_metadata
"bwp8i5",gone_404+no_snapshot,gone_404,no_snapshot,none_in_metadata
"bwpgkt",gone_404+no_snapshot,gone_404,no_snapshot,none_in_metadata
"bwptt9",gone_404+no_snapshot,gone_404,no_snapshot,none_in_metadata
"bwrvxk",gone_404+no_snapshot,gone_404,no_snapshot,none_in_metadata
"bwsh0u",gone_404+no_snapshot,gone_404,no_snapshot,none_in_metadata
"bwspjt",gone_404+no_snapshot,gone_404,no_snapshot,none_in_metadata
"bwvpfh",gone_404+no_snapshot,gone_404,no_snapshot,none_in_metadata
"bx0m8e",gone_404+no_snapshot,gone_404,no_snapshot,none_in_metadata
"bx1cqg",gone_404+no_snapshot,gone_404,no_snapshot,none_in_metadata
"bx1s6u",gone_404+no_snapshot,gone_404,no_snapshot,none_in_metadata
"bx3sou",gone_404+no_snapshot,gone_404,no_snapshot,none_in_metadata
"bx517a",gone_404+no_snapshot,gone_404,no_snapshot,none_in_metadata
"bx570y",gone_404+no_snapshot,gone_404,no_snapshot,none_in_metadata
"bx62d8",gone_404+no_snapshot,gone_404,no_snapshot,none_in_metadata
"bx699t",gone_404+no_snapshot,gone_404,no_snapshot,none_in_metadata
"bx6cs7",gone_404+no_snapshot,gone_404,no_snapshot,none_in_metadata
"bx70wc",gone_404+no_snapshot,gone_404,no_snapshot,none_in_metadata
"bx7woy",gone_404+snapshot_placeholder,gone_404,snapshot_placeholder,none_in_metadata
"bx87rz",gone_404+no_snapshot,gone_404,no_snapshot,none_in_metadata
"bx8ph1",gone_404+no_snapshot,gone_404,no_snapshot,none_in_metadata
"bxa7kw",gone_404+no_snapshot,gone_404,no_snapshot,none_in_metadata
"bxax3t",gone_404+no_snapshot,gone_404,no_snapshot,none_in_metadata
"bxbf3d",gone_404+no_snapshot,gone_404,no_snapshot,none_in_metadata
"bxbi7t",gone_404+no_snapshot,gone_404,no_snapshot,none_in_metadata
"bxbjtx",gone_404+no_snapshot,gone_404,no_snapshot,none_in_metadata
"bxhoht",gone_404+no_snapshot,gone_404,no_snapshot,none_in_metadata
"bxic8n",gone_404+no_snapshot,gone_404,no_snapshot,none_in_metadata
"bxlo8q",gone_404+no_snapshot,gone_404,no_snapshot,none_in_metadata
"bxltoh",gone_404+no_snapshot,gone_404,no_snapshot,none_in_metadata
"bxmkgk",gone_404+no_snapshot,gone_404,no_snapshot,none_in_metadata
"bxmlw9",gone_404+no_snapshot,gone_404,no_snapshot,none_in_metadata
"bxnem7",gone_404+no_snapshot,gone_404,no_snapshot,none_in_metadata
"bxnhcn",gone_404+no_snapshot,gone_404,no_snapshot,none_in_metadata
"bxnhqi",gone_404+no_snapshot,gone_404,no_snapshot,none_in_metadata
"bxpm9p",gone_404+snapshot_placeholder,gone_404,snapshot_placeholder,none_in_metadata
"bxqdhk",gone_404+no_snapshot,gone_404,no_snapshot,none_in_metadata
"bxr1to",gone_404+no_snapshot,gone_404,no_snapshot,none_in_metadata
"bxumm6",gone_404+no_snapshot,gone_404,no_snapshot,none_in_metadata
"bxv8bc",gone_404+no_snapshot,gone_404,no_snapshot,none_in_metadata
"bxw1jv",gone_404+no_snapshot,gone_404,no_snapshot,none_in_metadata
"bxx92y",gone_404+no_snapshot,gone_404,no_snapshot,none_in_metadata
"bxxmm0",gone_404+no_snapshot,gone_404,no_snapshot,none_in_metadata
"bxy2mw",gone_404+no_snapshot,gone_404,no_snapshot,none_in_metadata
"bxyh4g",gone_404+no_snapshot,gone_404,no_snapshot,none_in_metadata
"bxyqab",gone_404+no_snapshot,gone_404,no_snapshot,none_in_metadata
"bxyv0g",gone_404+no_snapshot,gone_404,no_snapshot,none_in_metadata
"bxz6s3",gone_404+no_snapshot,gone_404,no_snapshot,none_in_metadata
"by066c",gone_404+no_snapshot,gone_404,no_snapshot,none_in_metadata
"by17yi",gone_404+no_snapshot,gone_404,no_snapshot,none_in_metadata
"by28cb",gone_404+no_snapshot,gone_404,no_snapshot,none_in_metadata
"by2kxn",gone_404+no_snapshot,gone_404,no_snapshot,none_in_metadata
"by337t",gone_404+no_snapshot,gone_404,no_snapshot,none_in_metadata
"by6a69",gone_404+no_snapshot,gone_404,no_snapshot,none_in_metadata
"by7gzo",gone_404+no_snapshot,gone_404,no_snapshot,none_in_metadata
"by83rk",gone_404+no_snapshot,gone_404,no_snapshot,none_in_metadata
"byanvo",gone_404+no_snapshot,gone_404,no_snapshot,none_in_metadata
"byc2zs",gone_404+no_snapshot,gone_404,no_snapshot,none_in_metadata
"byebj9",gone_404+no_snapshot,gone_404,no_snapshot,none_in_metadata
"byfokk",gone_404+no_snapshot,gone_404,no_snapshot,none_in_metadata
"byh12e",gone_404+no_snapshot,gone_404,no_snapshot,none_in_metadata
"byh29h",gone_404+snapshot_placeholder,gone_404,snapshot_placeholder,none_in_metadata
"byhmso",gone_404+no_snapshot,gone_404,no_snapshot,none_in_metadata
"byjlso",gone_404+no_snapshot,gone_404,no_snapshot,none_in_metadata
"byktyo",gone_404+no_snapshot,gone_404,no_snapshot,none_in_metadata
"bykuv0",gone_404+no_snapshot,gone_404,no_snapshot,none_in_metadata
"byl66t",gone_404+no_snapshot,gone_404,no_snapshot,none_in_metadata
"bym5z4",gone_404+no_snapshot,gone_404,no_snapshot,none_in_metadata
"bymiwm",gone_404+no_snapshot,gone_404,no_snapshot,none_in_metadata
"byo8s5",gone_404+no_snapshot,gone_404,no_snapshot,none_in_metadata
"byp1dx",gone_404+no_snapshot,gone_404,no_snapshot,none_in_metadata
"byqbiq",gone_404+snapshot_placeholder,gone_404,snapshot_placeholder,none_in_metadata
"byqnkw",gone_404+no_snapshot,gone_404,no_snapshot,none_in_metadata
"byqssd",gone_404+no_snapshot,gone_404,no_snapshot,none_in_metadata
"bys4vf",gone_404+no_snapshot,gone_404,no_snapshot,none_in_metadata
"bysmok",gone_404+no_snapshot,gone_404,no_snapshot,none_in_metadata
"byt7ay",gone_404+no_snapshot,gone_404,no_snapshot,none_in_metadata
"bytisd",gone_404+no_snapshot,gone_404,no_snapshot,none_in_metadata
"byvdwo",gone_404+no_snapshot,gone_404,no_snapshot,none_in_metadata
"byww4d",gone_404+no_snapshot,gone_404,no_snapshot,none_in_metadata
"bz2dgm",gone_404+no_snapshot,gone_404,no_snapshot,none_in_metadata
"bz3sy2",gone_404+no_snapshot,gone_404,no_snapshot,none_in_metadata
"bz4ac3",gone_404+no_snapshot,gone_404,no_snapshot,none_in_metadata
"bz4kiz",gone_404+no_snapshot,gone_404,no_snapshot,none_in_metadata
"bz4maq",gone_404+no_snapshot,gone_404,no_snapshot,none_in_metadata
"bz57g2",gone_404+no_snapshot,gone_404,no_snapshot,none_in_metadata
"bz5txy",gone_404+no_snapshot,gone_404,no_snapshot,none_in_metadata
"bz5zxw",gone_404+no_snapshot,gone_404,no_snapshot,none_in_metadata
"bz6zle",gone_404+no_snapshot,gone_404,no_snapshot,none_in_metadata
"bz8i9r",gone_404+no_snapshot,gone_404,no_snapshot,none_in_metadata
"bz9fef",gone_404+no_snapshot,gone_404,no_snapshot,none_in_metadata
"bzauqt",gone_404+no_snapshot,gone_404,no_snapshot,none_in_metadata
"bzcefv",gone_404+no_snapshot,gone_404,no_snapshot,none_in_metadata
"bzcmlp",gone_404+no_snapshot,gone_404,no_snapshot,none_in_metadata
"bzduo6",gone_404+no_snapshot,gone_404,no_snapshot,none_in_metadata
"bzfs8d",gone_404+no_snapshot,gone_404,no_snapshot,none_in_metadata
"bzgop0",gone_404+no_snapshot,gone_404,no_snapshot,none_in_metadata
"bziom9",gone_404+no_snapshot,gone_404,no_snapshot,none_in_metadata
"bzk2qd",gone_404+no_snapshot,gone_404,no_snapshot,none_in_metadata
"bzlzyv",gone_404+no_snapshot,gone_404,no_snapshot,none_in_metadata
"bzmza7",gone_404+no_snapshot,gone_404,no_snapshot,none_in_metadata
"bzoplx",gone_404+no_snapshot,gone_404,no_snapshot,none_in_metadata
"bzpot3",gone_404+no_snapshot,gone_404,no_snapshot,none_in_metadata
"bzpp3k",gone_404+no_snapshot,gone_404,no_snapshot,none_in_metadata
"bzr40y",gone_404+no_snapshot,gone_404,no_snapshot,none_in_metadata
"bzr6qt",gone_404+no_snapshot,gone_404,no_snapshot,none_in_metadata
"bztzq3",gone_404+no_snapshot,gone_404,no_snapshot,none_in_metadata
"bzu2jo",gone_404+no_snapshot,gone_404,no_snapshot,none_in_metadata
"bzu6o4",gone_404+no_snapshot,gone_404,no_snapshot,none_in_metadata
"bzunbf",gone_404+no_snapshot,gone_404,no_snapshot,none_in_metadata
"bzykty",gone_404+no_snapshot,gone_404,no_snapshot,none_in_metadata
"bzz7s1",gone_404+no_snapshot,gone_404,no_snapshot,none_in_metadata
"c02c7b",gone_404+no_snapshot,gone_404,no_snapshot,none_in_metadata
"c0873m",gone_404+no_snapshot,gone_404,no_snapshot,none_in_metadata
"c0891v",gone_404+no_snapshot,gone_404,no_snapshot,none_in_metadata
"c0axi8",gone_404+no_snapshot,gone_404,no_snapshot,none_in_metadata
"c0ayxz",gone_404+no_snapshot,gone_404,no_snapshot,none_in_metadata
"c0bkbq",gone_404+no_snapshot,gone_404,no_snapshot,none_in_metadata
"c0c0rr",gone_404+no_snapshot,gone_404,no_snapshot,none_in_metadata
"c0c2j7",gone_404+no_snapshot,gone_404,no_snapshot,none_in_metadata
"c0cbr4",gone_404+no_snapshot,gone_404,no_snapshot,none_in_metadata
"c0dbrg",gone_404+snapshot_placeholder,gone_404,snapshot_placeholder,none_in_metadata
"c0dxyr",gone_404+no_snapshot,gone_404,no_snapshot,none_in_metadata
"c0fbsu",gone_404+no_snapshot,gone_404,no_snapshot,none_in_metadata
"c0mvxs",gone_404+no_snapshot,gone_404,no_snapshot,none_in_metadata
"c0pvfx",gone_404+no_snapshot,gone_404,no_snapshot,none_in_metadata
"c0q3ny",gone_404+no_snapshot,gone_404,no_snapshot,none_in_metadata
"c0q6e0",gone_404+no_snapshot,gone_404,no_snapshot,none_in_metadata
"c0qjdv",gone_404+no_snapshot,gone_404,no_snapshot,none_in_metadata
"c0qvyw",gone_404+no_snapshot,gone_404,no_snapshot,none_in_metadata
"c0rxwg",gone_404+no_snapshot,gone_404,no_snapshot,none_in_metadata
"c0viyx",gone_404+no_snapshot,gone_404,no_snapshot,none_in_metadata
"c0w799",gone_404+no_snapshot,gone_404,no_snapshot,none_in_metadata
"c0w82w",gone_404+no_snapshot,gone_404,no_snapshot,none_in_metadata
"c0xp56",gone_404+no_snapshot,gone_404,no_snapshot,none_in_metadata
"c0xwji",gone_404+no_snapshot,gone_404,no_snapshot,none_in_metadata
"c0xzzt",gone_404+no_snapshot,gone_404,no_snapshot,none_in_metadata
"c0yp4p",gone_404+no_snapshot,gone_404,no_snapshot,none_in_metadata
"c0z6xw",gone_404+no_snapshot,gone_404,no_snapshot,none_in_metadata
"c109tu",gone_404+no_snapshot,gone_404,no_snapshot,none_in_metadata
"c10zko",gone_404+no_snapshot,gone_404,no_snapshot,none_in_metadata
"c1150d",gone_404+no_snapshot,gone_404,no_snapshot,none_in_metadata
"c11s7u",gone_404+no_snapshot,gone_404,no_snapshot,none_in_metadata
"c123i9",gone_404+no_snapshot,gone_404,no_snapshot,none_in_metadata
"c12r0s",gone_404+no_snapshot,gone_404,no_snapshot,none_in_metadata
"c12upo",gone_404+no_snapshot,gone_404,no_snapshot,none_in_metadata
"c130t7",gone_404+no_snapshot,gone_404,no_snapshot,none_in_metadata
"c151nn",gone_404+no_snapshot,gone_404,no_snapshot,none_in_metadata
"c16310",gone_404+no_snapshot,gone_404,no_snapshot,none_in_metadata
"c1agpu",gone_404+no_snapshot,gone_404,no_snapshot,none_in_metadata
"c1awvn",gone_404+no_snapshot,gone_404,no_snapshot,none_in_metadata
"c1awzg",gone_404+no_snapshot,gone_404,no_snapshot,none_in_metadata
"c1d9vm",gone_404+no_snapshot,gone_404,no_snapshot,none_in_metadata
"c1djo6",gone_404+no_snapshot,gone_404,no_snapshot,none_in_metadata
"c1e1be",gone_404+no_snapshot,gone_404,no_snapshot,none_in_metadata
"c1gbhj",gone_404+no_snapshot,gone_404,no_snapshot,none_in_metadata
"c1iz4j",gone_404+no_snapshot,gone_404,no_snapshot,none_in_metadata
"c1k67b",gone_404+no_snapshot,gone_404,no_snapshot,none_in_metadata
"c1mogm",gone_404+no_snapshot,gone_404,no_snapshot,none_in_metadata
"c1o3ha",gone_404+no_snapshot,gone_404,no_snapshot,none_in_metadata
"c1rqry",gone_404+no_snapshot,gone_404,no_snapshot,none_in_metadata
"c1t4ts",gone_404+no_snapshot,gone_404,no_snapshot,none_in_metadata
"c1t76o",gone_404+no_snapshot,gone_404,no_snapshot,none_in_metadata
"c1tr5y",gone_404+no_snapshot,gone_404,no_snapshot,none_in_metadata
"c1vpdx",gone_404+no_snapshot,gone_404,no_snapshot,none_in_metadata
"c1vq6t",gone_404+no_snapshot,gone_404,no_snapshot,none_in_metadata
"c1xxuc",gone_404+no_snapshot,gone_404,no_snapshot,none_in_metadata
"c1z0nu",gone_404+no_snapshot,gone_404,no_snapshot,none_in_metadata
"c21ii5",gone_404+no_snapshot,gone_404,no_snapshot,none_in_metadata
"c24ay6",gone_404+no_snapshot,gone_404,no_snapshot,none_in_metadata
"c24fw5",gone_404+no_snapshot,gone_404,no_snapshot,none_in_metadata
"c265al",gone_404+no_snapshot,gone_404,no_snapshot,none_in_metadata
"c26hh9",gone_404+no_snapshot,gone_404,no_snapshot,none_in_metadata
"c26tlb",gone_404+no_snapshot,gone_404,no_snapshot,none_in_metadata
"c283l2",gone_404+no_snapshot,gone_404,no_snapshot,none_in_metadata
"c29oo6",gone_404+no_snapshot,gone_404,no_snapshot,none_in_metadata
"c2g04u",gone_404+snapshot_placeholder,gone_404,snapshot_placeholder,none_in_metadata
"c2gsas",gone_404+no_snapshot,gone_404,no_snapshot,none_in_metadata
"c2gxw9",gone_404+no_snapshot,gone_404,no_snapshot,none_in_metadata
"c2hik2",gone_404+no_snapshot,gone_404,no_snapshot,none_in_metadata
"c2hwt6",gone_404+no_snapshot,gone_404,no_snapshot,none_in_metadata
"c2io0y",gone_404+no_snapshot,gone_404,no_snapshot,none_in_metadata
"c2n6gf",gone_404+no_snapshot,gone_404,no_snapshot,none_in_metadata
"c2nf7b",gone_404+no_snapshot,gone_404,no_snapshot,none_in_metadata
"c2o9i4",gone_404+no_snapshot,gone_404,no_snapshot,none_in_metadata
"c2od5q",gone_404+no_snapshot,gone_404,no_snapshot,none_in_metadata
"c2pnmj",gone_404+no_snapshot,gone_404,no_snapshot,none_in_metadata
"c2q5y3",gone_404+no_snapshot,gone_404,no_snapshot,none_in_metadata
"c2reyj",gone_404+no_snapshot,gone_404,no_snapshot,none_in_metadata
"c2uf4e",gone_404+no_snapshot,gone_404,no_snapshot,none_in_metadata
"c2w1yl",gone_404+no_snapshot,gone_404,no_snapshot,none_in_metadata
"c2wtui",gone_404+no_snapshot,gone_404,no_snapshot,none_in_metadata
"c2wzbg",gone_404+no_snapshot,gone_404,no_snapshot,none_in_metadata
"c2xh0x",gone_404+no_snapshot,gone_404,no_snapshot,none_in_metadata
"c2xrvb",gone_404+no_snapshot,gone_404,no_snapshot,none_in_metadata
"c2zu31",gone_404+no_snapshot,gone_404,no_snapshot,none_in_metadata
"c308vl",gone_404+no_snapshot,gone_404,no_snapshot,none_in_metadata
"c31tk3",gone_404+no_snapshot,gone_404,no_snapshot,none_in_metadata
"c353q6",gone_404+no_snapshot,gone_404,no_snapshot,none_in_metadata
"c354em",gone_404+no_snapshot,gone_404,no_snapshot,none_in_metadata
"c35oj7",gone_404+no_snapshot,gone_404,no_snapshot,none_in_metadata
"c35zqz",gone_404+no_snapshot,gone_404,no_snapshot,none_in_metadata
"c36gve",gone_404+no_snapshot,gone_404,no_snapshot,none_in_metadata
"c39z50",gone_404+no_snapshot,gone_404,no_snapshot,none_in_metadata
"c3cduz",gone_404+no_snapshot,gone_404,no_snapshot,none_in_metadata
"c3ed8q",gone_404+no_snapshot,gone_404,no_snapshot,none_in_metadata
"c3enzw",gone_404+no_snapshot,gone_404,no_snapshot,none_in_metadata
"c3f113",gone_404+no_snapshot,gone_404,no_snapshot,none_in_metadata
"c3f82s",gone_404+no_snapshot,gone_404,no_snapshot,none_in_metadata
"c3gw1s",gone_404+snapshot_placeholder,gone_404,snapshot_placeholder,none_in_metadata
"c3lcsq",gone_404+snapshot_furniture,gone_404,snapshot_furniture,none_in_metadata
"c3sxlh",gone_404+no_snapshot,gone_404,no_snapshot,none_in_metadata
"c3trl2",gone_404+no_snapshot,gone_404,no_snapshot,none_in_metadata
"c3u90v",gone_404+no_snapshot,gone_404,no_snapshot,none_in_metadata
"c3y1rh",gone_404+no_snapshot,gone_404,no_snapshot,none_in_metadata
"c40djx",gone_404+no_snapshot,gone_404,no_snapshot,none_in_metadata
"c41x6q",gone_404+no_snapshot,gone_404,no_snapshot,none_in_metadata
"c425fes",removed_by_host+no_snapshot,removed_by_host,no_snapshot,none_in_metadata
"c42g9tf",removed_by_host+no_snapshot,removed_by_host,no_snapshot,none_in_metadata
"c42trxx",removed_by_host+no_snapshot,removed_by_host,no_snapshot,none_in_metadata
"c43z2yu",removed_by_host+no_snapshot,removed_by_host,no_snapshot,none_in_metadata
"c441tj",gone_404+no_snapshot,gone_404,no_snapshot,none_in_metadata
"c463eoy",removed_by_host+no_snapshot,removed_by_host,no_snapshot,none_in_metadata
"c46uvc",gone_404+no_snapshot,gone_404,no_snapshot,none_in_metadata
"c47n3uz",dns_failure+no_snapshot,dns_failure,no_snapshot,none_in_metadata
"c492vtf",removed_by_host+no_snapshot,removed_by_host,no_snapshot,none_in_metadata
"c4ckti9",removed_by_host+no_snapshot,removed_by_host,no_snapshot,none_in_metadata
"c4d83f",gone_404+snapshot_placeholder,gone_404,snapshot_placeholder,none_in_metadata
"c4dd4g",gone_404+no_snapshot,gone_404,no_snapshot,none_in_metadata
"c4ekhx",gone_404+no_snapshot,gone_404,no_snapshot,none_in_metadata
"c4f2ve1",removed_by_host+no_snapshot,removed_by_host,no_snapshot,none_in_metadata
"c4fvmzk",removed_by_host+no_snapshot,removed_by_host,no_snapshot,none_in_metadata
"c4hw6k",gone_404+no_snapshot,gone_404,no_snapshot,none_in_metadata
"c4ir2i",gone_404+no_snapshot,gone_404,no_snapshot,none_in_metadata
"c4iw37",gone_404+no_snapshot,gone_404,no_snapshot,none_in_metadata
"c4j0atg",removed_by_host+no_snapshot,removed_by_host,no_snapshot,none_in_metadata
"c4kvkyt",removed_by_host+no_snapshot,removed_by_host,no_snapshot,none_in_metadata
"c4l00bp",removed_by_host+no_snapshot,removed_by_host,no_snapshot,none_in_metadata
"c4li377",removed_by_host+no_snapshot,removed_by_host,no_snapshot,none_in_metadata
"c4p29q",gone_404+no_snapshot,gone_404,no_snapshot,none_in_metadata
"c4pcqe",gone_404+no_snapshot,gone_404,no_snapshot,none_in_metadata
"c4pfgp",gone_404+no_snapshot,gone_404,no_snapshot,none_in_metadata
"c4sm25b",dns_failure+no_snapshot,dns_failure,no_snapshot,none_in_metadata
"c4srom3",removed_by_host+no_snapshot,removed_by_host,no_snapshot,none_in_metadata
"c4sv4l0",host_serves_non_image+no_snapshot,host_serves_non_image,no_snapshot,none_in_metadata
"c4td9q6",removed_by_host+no_snapshot,removed_by_host,no_snapshot,none_in_metadata
"c4u8471",removed_by_host+no_snapshot,removed_by_host,no_snapshot,none_in_metadata
"c4v4xix",removed_by_host+no_snapshot,removed_by_host,no_snapshot,none_in_metadata
"c4vnat",gone_404+snapshot_placeholder,gone_404,snapshot_placeholder,none_in_metadata
"c4z5u4",gone_404+no_snapshot,gone_404,no_snapshot,none_in_metadata
"c4z63i",gone_404+no_snapshot,gone_404,no_snapshot,none_in_metadata
"c51qey5",dns_failure+no_snapshot,dns_failure,no_snapshot,none_in_metadata
"c520bx",gone_404+no_snapshot,gone_404,no_snapshot,none_in_metadata
"c52sbv",gone_404+no_snapshot,gone_404,no_snapshot,none_in_metadata
"c53vt89",removed_by_host+no_snapshot,removed_by_host,no_snapshot,none_in_metadata
"c54dzy",gone_404+no_snapshot,gone_404,no_snapshot,none_in_metadata
"c54gij",gone_404+no_snapshot,gone_404,no_snapshot,none_in_metadata
"c54zbgf",removed_by_host+no_snapshot,removed_by_host,no_snapshot,none_in_metadata
"c554s1",gone_404+no_snapshot,gone_404,no_snapshot,none_in_metadata
"c56acv",gone_404+no_snapshot,gone_404,no_snapshot,none_in_metadata
"c56n0qi",removed_by_host+no_snapshot,removed_by_host,no_snapshot,none_in_metadata
"c59i49w",removed_by_host+no_snapshot,removed_by_host,no_snapshot,none_in_metadata
"c59nch",gone_404+no_snapshot,gone_404,no_snapshot,none_in_metadata
"c59u0v",fetched_furniture+snapshot_furniture,fetched_furniture,snapshot_furniture,none_in_metadata
"c5b49nu",removed_by_host+no_snapshot,removed_by_host,no_snapshot,none_in_metadata
"c5bqhi",gone_404+no_snapshot,gone_404,no_snapshot,none_in_metadata
"c5br6id",removed_by_host+no_snapshot,removed_by_host,no_snapshot,none_in_metadata
"c5de1ue",removed_by_host+no_snapshot,removed_by_host,no_snapshot,none_in_metadata
"c5dgow",gone_404+no_snapshot,gone_404,no_snapshot,none_in_metadata
"c5dudz",gone_404+no_snapshot,gone_404,no_snapshot,none_in_metadata
"c5enu68",dns_failure+no_snapshot,dns_failure,no_snapshot,none_in_metadata
"c5esy8",gone_404+no_snapshot,gone_404,no_snapshot,none_in_metadata
"c5fjqzz",removed_by_host+no_snapshot,removed_by_host,no_snapshot,none_in_metadata
"c5h7wni",removed_by_host+no_snapshot,removed_by_host,no_snapshot,none_in_metadata
"c5hds7x",removed_by_host+no_snapshot,removed_by_host,no_snapshot,none_in_metadata
"c5kquuc",removed_by_host+no_snapshot,removed_by_host,no_snapshot,none_in_metadata
"c5kz7ga",removed_by_host+no_snapshot,removed_by_host,no_snapshot,none_in_metadata
"c5l1ab",gone_404+no_snapshot,gone_404,no_snapshot,none_in_metadata
"c5l6gd",gone_404+no_snapshot,gone_404,no_snapshot,none_in_metadata
"c5m9x6g",removed_by_host+no_snapshot,removed_by_host,no_snapshot,none_in_metadata
"c5mp9v3",removed_by_host+no_snapshot,removed_by_host,no_snapshot,none_in_metadata
"c5obyi4",removed_by_host+no_snapshot,removed_by_host,no_snapshot,none_in_metadata
"c5p9vau",removed_by_host+no_snapshot,removed_by_host,no_snapshot,none_in_metadata
"c5q1iv5",dns_failure+no_snapshot,dns_failure,no_snapshot,none_in_metadata
"c5q5pn",gone_404+no_snapshot,gone_404,no_snapshot,none_in_metadata
"c5qqer",gone_404+no_snapshot,gone_404,no_snapshot,none_in_metadata
"c5rf44",gone_404+no_snapshot,gone_404,no_snapshot,none_in_metadata
"c5rk66",gone_404+no_snapshot,gone_404,no_snapshot,none_in_metadata
"c5rmu5",gone_404+no_snapshot,gone_404,no_snapshot,none_in_metadata
"c5rzvj",gone_404+no_snapshot,gone_404,no_snapshot,none_in_metadata
"c5ui2sp",removed_by_host+no_snapshot,removed_by_host,no_snapshot,none_in_metadata
"c5vdrxy",host_serves_non_image+no_snapshot,host_serves_non_image,no_snapshot,none_in_metadata
"c5vpto",gone_404+no_snapshot,gone_404,no_snapshot,none_in_metadata
"c5vr0e",gone_404+no_snapshot,gone_404,no_snapshot,none_in_metadata
"c5x383",gone_404+no_snapshot,gone_404,no_snapshot,none_in_metadata
"c5x5qek",removed_by_host+no_snapshot,removed_by_host,no_snapshot,none_in_metadata
"c5xw94",gone_404+no_snapshot,gone_404,no_snapshot,none_in_metadata
"c5xyan",gone_404+no_snapshot,gone_404,no_snapshot,none_in_metadata
"c5ymfma",removed_by_host+no_snapshot,removed_by_host,no_snapshot,none_in_metadata
"c5ypc1",gone_404+no_snapshot,gone_404,no_snapshot,none_in_metadata
"c5yug36",removed_by_host+no_snapshot,removed_by_host,no_snapshot,none_in_metadata
"c5yyhx",gone_404+no_snapshot,gone_404,no_snapshot,none_in_metadata
"c5z3f0m",removed_by_host+no_snapshot,removed_by_host,no_snapshot,none_in_metadata
"c5z4rw9",removed_by_host+no_snapshot,removed_by_host,no_snapshot,none_in_metadata
"c5zblm2",removed_by_host+no_snapshot,removed_by_host,no_snapshot,none_in_metadata
"c5zgxu",gone_404+no_snapshot,gone_404,no_snapshot,none_in_metadata
"c61p9q",gone_404+no_snapshot,gone_404,no_snapshot,none_in_metadata
"c63cg3",gone_404+no_snapshot,gone_404,no_snapshot,none_in_metadata
"c654uwh",removed_by_host+no_snapshot,removed_by_host,no_snapshot,none_in_metadata
"c65h8jq",removed_by_host+no_snapshot,removed_by_host,no_snapshot,none_in_metadata
"c65urss",removed_by_host+no_snapshot,removed_by_host,no_snapshot,none_in_metadata
"c65wq04",removed_by_host+no_snapshot,removed_by_host,no_snapshot,none_in_metadata
"c66r9ku",removed_by_host+no_snapshot,removed_by_host,no_snapshot,none_in_metadata
"c66rogd",removed_by_host+no_snapshot,removed_by_host,no_snapshot,none_in_metadata
"c66upsl",removed_by_host+no_snapshot,removed_by_host,no_snapshot,none_in_metadata
"c670td",gone_404+no_snapshot,gone_404,no_snapshot,none_in_metadata
"c6741g",gone_404+no_snapshot,gone_404,no_snapshot,none_in_metadata
"c676poa",removed_by_host+no_snapshot,removed_by_host,no_snapshot,none_in_metadata
"c677mq",gone_404+no_snapshot,gone_404,no_snapshot,none_in_metadata
"c67mw24",removed_by_host+no_snapshot,removed_by_host,no_snapshot,none_in_metadata
"c68ayru",removed_by_host+no_snapshot,removed_by_host,no_snapshot,none_in_metadata
"c68giz",gone_404+no_snapshot,gone_404,no_snapshot,none_in_metadata
"c68m9tw",removed_by_host+no_snapshot,removed_by_host,no_snapshot,none_in_metadata
"c68wjt",gone_404+no_snapshot,gone_404,no_snapshot,none_in_metadata
"c696fn",gone_404+no_snapshot,gone_404,no_snapshot,none_in_metadata
"c698dt",gone_404+no_snapshot,gone_404,no_snapshot,none_in_metadata
"c699xs3",removed_by_host+no_snapshot,removed_by_host,no_snapshot,none_in_metadata
"c69nlh6",removed_by_host+no_snapshot,removed_by_host,no_snapshot,none_in_metadata
"c6a744t",removed_by_host+no_snapshot,removed_by_host,no_snapshot,none_in_metadata
"c6b2j2",gone_404+no_snapshot,gone_404,no_snapshot,none_in_metadata
"c6b63ev",removed_by_host+no_snapshot,removed_by_host,no_snapshot,none_in_metadata
"c6biggi",removed_by_host+no_snapshot,removed_by_host,no_snapshot,none_in_metadata
"c6biw06",removed_by_host+no_snapshot,removed_by_host,no_snapshot,none_in_metadata
"c6bpxqv",removed_by_host+no_snapshot,removed_by_host,no_snapshot,none_in_metadata
"c6c4kyy",removed_by_host+no_snapshot,removed_by_host,no_snapshot,none_in_metadata
"c6c5mpw",removed_by_host+no_snapshot,removed_by_host,no_snapshot,none_in_metadata
"c6ce043",removed_by_host+no_snapshot,removed_by_host,no_snapshot,none_in_metadata
"c6chzhm",removed_by_host+no_snapshot,removed_by_host,no_snapshot,none_in_metadata
"c6e3gp",gone_404+no_snapshot,gone_404,no_snapshot,none_in_metadata
"c6enr01",dns_failure+no_snapshot,dns_failure,no_snapshot,none_in_metadata
"c6f3ma",gone_404+no_snapshot,gone_404,no_snapshot,none_in_metadata
"c6f4lac",removed_by_host+no_snapshot,removed_by_host,no_snapshot,none_in_metadata
"c6f7dzn",removed_by_host+no_snapshot,removed_by_host,no_snapshot,none_in_metadata
"c6g4a5",gone_404+no_snapshot,gone_404,no_snapshot,none_in_metadata
"c6gtvez",removed_by_host+no_snapshot,removed_by_host,no_snapshot,none_in_metadata
"c6hf8xh",removed_by_host+no_snapshot,removed_by_host,no_snapshot,none_in_metadata
"c6itety",removed_by_host+no_snapshot,removed_by_host,no_snapshot,none_in_metadata
"c6jz57",gone_404+no_snapshot,gone_404,no_snapshot,none_in_metadata
"c6k219q",host_serves_non_image+no_snapshot,host_serves_non_image,no_snapshot,none_in_metadata
"c6kpp4",gone_404+no_snapshot,gone_404,no_snapshot,none_in_metadata
"c6limbt",removed_by_host+no_snapshot,removed_by_host,no_snapshot,none_in_metadata
"c6m671",gone_404+no_snapshot,gone_404,no_snapshot,none_in_metadata
"c6mckdv",removed_by_host+no_snapshot,removed_by_host,no_snapshot,none_in_metadata
"c6n4ikp",removed_by_host+no_snapshot,removed_by_host,no_snapshot,none_in_metadata
"c6niirx",removed_by_host+no_snapshot,removed_by_host,no_snapshot,none_in_metadata
"c6ns94",gone_404+no_snapshot,gone_404,no_snapshot,none_in_metadata
"c6nyum",gone_404+no_snapshot,gone_404,no_snapshot,none_in_metadata
"c6nzgkz",server_error_5xx+no_snapshot,server_error_5xx,no_snapshot,none_in_metadata
"c6o78g2",removed_by_host+no_snapshot,removed_by_host,no_snapshot,none_in_metadata
"c6olej6",removed_by_host+no_snapshot,removed_by_host,no_snapshot,none_in_metadata
"c6osje5",removed_by_host+no_snapshot,removed_by_host,no_snapshot,none_in_metadata
"c6ot1s3",removed_by_host+no_snapshot,removed_by_host,no_snapshot,none_in_metadata
"c6oxif2",removed_by_host+no_snapshot,removed_by_host,no_snapshot,none_in_metadata
"c6oy797",removed_by_host+no_snapshot,removed_by_host,no_snapshot,none_in_metadata
"c6ozz7t",removed_by_host+no_snapshot,removed_by_host,no_snapshot,none_in_metadata
"c6pj31r",removed_by_host+no_snapshot,removed_by_host,no_snapshot,none_in_metadata
"c6pqpk",gone_404+no_snapshot,gone_404,no_snapshot,none_in_metadata
"c6q3ljx",removed_by_host+no_snapshot,removed_by_host,no_snapshot,none_in_metadata
"c6qf9ab",removed_by_host+no_snapshot,removed_by_host,no_snapshot,none_in_metadata
"c6qfzp",gone_404+no_snapshot,gone_404,no_snapshot,none_in_metadata
"c6qmme",gone_404+no_snapshot,gone_404,no_snapshot,none_in_metadata
"c6qxi1y",removed_by_host+no_snapshot,removed_by_host,no_snapshot,none_in_metadata
"c6r4r9t",removed_by_host+no_snapshot,removed_by_host,no_snapshot,none_in_metadata
"c6r9pxo",removed_by_host+no_snapshot,removed_by_host,no_snapshot,none_in_metadata
"c6s62t",gone_404+no_snapshot,gone_404,no_snapshot,none_in_metadata
"c6s8a3a",removed_by_host+no_snapshot,removed_by_host,no_snapshot,none_in_metadata
"c6s8px",gone_404+no_snapshot,gone_404,no_snapshot,none_in_metadata
"c6sl5g",gone_404+no_snapshot,gone_404,no_snapshot,none_in_metadata
"c6sqfx6",removed_by_host+no_snapshot,removed_by_host,no_snapshot,none_in_metadata
"c6ssnw4",removed_by_host+no_snapshot,removed_by_host,no_snapshot,none_in_metadata
"c6uoae0",removed_by_host+no_snapshot,removed_by_host,no_snapshot,none_in_metadata
"c6vc7yo",removed_by_host+no_snapshot,removed_by_host,no_snapshot,none_in_metadata
"c6vcgbw",removed_by_host+no_snapshot,removed_by_host,no_snapshot,none_in_metadata
"c6vjzl",gone_404+no_snapshot,gone_404,no_snapshot,none_in_metadata
"c6vy2s1",removed_by_host+no_snapshot,removed_by_host,no_snapshot,none_in_metadata
"c6w4im",gone_404+no_snapshot,gone_404,no_snapshot,none_in_metadata
"c6wa7op",removed_by_host+no_snapshot,removed_by_host,no_snapshot,none_in_metadata
"c6wg1q",gone_404+no_snapshot,gone_404,no_snapshot,none_in_metadata
"c6wj4is",removed_by_host+no_snapshot,removed_by_host,no_snapshot,none_in_metadata
"c6x2yp2",removed_by_host+no_snapshot,removed_by_host,no_snapshot,none_in_metadata
"c6xbep",gone_404+no_snapshot,gone_404,no_snapshot,none_in_metadata
"c6y5ujh",removed_by_host+no_snapshot,removed_by_host,no_snapshot,none_in_metadata
"c6yzso4",removed_by_host+no_snapshot,removed_by_host,no_snapshot,none_in_metadata
"c6z9co1",removed_by_host+no_snapshot,removed_by_host,no_snapshot,none_in_metadata
"c6zrlo",gone_404+no_snapshot,gone_404,no_snapshot,none_in_metadata
"c7056i",gone_404+no_snapshot,gone_404,no_snapshot,none_in_metadata
"c70ga4",gone_404+no_snapshot,gone_404,no_snapshot,none_in_metadata
"c70lbkh",removed_by_host+no_snapshot,removed_by_host,no_snapshot,none_in_metadata
"c71x3g",gone_404+no_snapshot,gone_404,no_snapshot,none_in_metadata
"c71zc3",gone_404+no_snapshot,gone_404,no_snapshot,none_in_metadata
"c7217z6",server_error_5xx+no_snapshot,server_error_5xx,no_snapshot,none_in_metadata
"c729gsd",removed_by_host+no_snapshot,removed_by_host,no_snapshot,none_in_metadata
"c72k6ig",removed_by_host+no_snapshot,removed_by_host,no_snapshot,none_in_metadata
"c72qjx7",removed_by_host+no_snapshot,removed_by_host,no_snapshot,none_in_metadata
"c73pg7",gone_404+no_snapshot,gone_404,no_snapshot,none_in_metadata
"c73rua",gone_404+no_snapshot,gone_404,no_snapshot,none_in_metadata
"c742qo",gone_404+no_snapshot,gone_404,no_snapshot,none_in_metadata
"c7468e",gone_404+no_snapshot,gone_404,no_snapshot,none_in_metadata
"c74bbz4",dns_failure+no_snapshot,dns_failure,no_snapshot,none_in_metadata
"c75thl",gone_404+no_snapshot,gone_404,no_snapshot,none_in_metadata
"c769hxn",removed_by_host+no_snapshot,removed_by_host,no_snapshot,none_in_metadata
"c76iecx",removed_by_host+no_snapshot,removed_by_host,no_snapshot,none_in_metadata
"c76o894",host_serves_non_image+no_snapshot,host_serves_non_image,no_snapshot,none_in_metadata
"c76p37u",removed_by_host+no_snapshot,removed_by_host,no_snapshot,none_in_metadata
"c7728x7",removed_by_host+no_snapshot,removed_by_host,no_snapshot,none_in_metadata
"c789sdd",removed_by_host+no_snapshot,removed_by_host,no_snapshot,none_in_metadata
"c790k8",gone_404+no_snapshot,gone_404,no_snapshot,none_in_metadata
"c791bnj",host_serves_non_image+no_snapshot,host_serves_non_image,no_snapshot,none_in_metadata
"c794ede",dns_failure+no_snapshot,dns_failure,no_snapshot,none_in_metadata
"c794zp1",removed_by_host+no_snapshot,removed_by_host,no_snapshot,none_in_metadata
"c79ef35",removed_by_host+no_snapshot,removed_by_host,no_snapshot,none_in_metadata
"c7babwr",removed_by_host+no_snapshot,removed_by_host,no_snapshot,none_in_metadata
"c7bgsp0",removed_by_host+no_snapshot,removed_by_host,no_snapshot,none_in_metadata
"c7bqnv",gone_404+no_snapshot,gone_404,no_snapshot,none_in_metadata
"c7cix2",gone_404+no_snapshot,gone_404,no_snapshot,none_in_metadata
"c7cmo1",gone_404+no_snapshot,gone_404,no_snapshot,none_in_metadata
"c7cqqt2",dns_failure+no_snapshot,dns_failure,no_snapshot,none_in_metadata
"c7cxfg5",removed_by_host+no_snapshot,removed_by_host,no_snapshot,none_in_metadata
"c7cyznn",removed_by_host+no_snapshot,removed_by_host,no_snapshot,none_in_metadata
"c7dgic",gone_404+no_snapshot,gone_404,no_snapshot,none_in_metadata
"c7do71k",removed_by_host+no_snapshot,removed_by_host,no_snapshot,none_in_metadata
"c7dtzdn",dns_failure+no_snapshot,dns_failure,no_snapshot,none_in_metadata
"c7duu65",removed_by_host+no_snapshot,removed_by_host,no_snapshot,none_in_metadata
"c7eoxgz",removed_by_host+no_snapshot,removed_by_host,no_snapshot,none_in_metadata
"c7fgkj",gone_404+no_snapshot,gone_404,no_snapshot,none_in_metadata
"c7g6rs1",removed_by_host+no_snapshot,removed_by_host,no_snapshot,none_in_metadata
"c7gfurm",dns_failure+no_snapshot,dns_failure,no_snapshot,none_in_metadata
"c7gg41v",dns_failure+no_snapshot,dns_failure,no_snapshot,none_in_metadata
"c7gg5d8",dns_failure+no_snapshot,dns_failure,no_snapshot,none_in_metadata
"c7ggz5",gone_404+no_snapshot,gone_404,no_snapshot,none_in_metadata
"c7gxd1",gone_404+no_snapshot,gone_404,no_snapshot,none_in_metadata
"c7h2nfj",removed_by_host+no_snapshot,removed_by_host,no_snapshot,none_in_metadata
"c7i3rf0",removed_by_host+no_snapshot,removed_by_host,no_snapshot,none_in_metadata
"c7i5zwn",removed_by_host+no_snapshot,removed_by_host,no_snapshot,none_in_metadata
"c7j3awn",dns_failure+no_snapshot,dns_failure,no_snapshot,none_in_metadata
"c7j4631",removed_by_host+no_snapshot,removed_by_host,no_snapshot,none_in_metadata
"c7knd3",gone_404+no_snapshot,gone_404,no_snapshot,none_in_metadata
"c7krez",gone_404+no_snapshot,gone_404,no_snapshot,none_in_metadata
"c7kye5",gone_404+no_snapshot,gone_404,no_snapshot,none_in_metadata
"c7m0qg5",removed_by_host+no_snapshot,removed_by_host,no_snapshot,none_in_metadata
"c7m1gh",gone_404+no_snapshot,gone_404,no_snapshot,none_in_metadata
"c7mojk",gone_404+no_snapshot,gone_404,no_snapshot,none_in_metadata
"c7mu6f",gone_404+no_snapshot,gone_404,no_snapshot,none_in_metadata
"c7ndz8",gone_404+no_snapshot,gone_404,no_snapshot,none_in_metadata
"c7ne5i",gone_404+no_snapshot,gone_404,no_snapshot,none_in_metadata
"c7nh0f",gone_404+no_snapshot,gone_404,no_snapshot,none_in_metadata
"c7njd5l",dns_failure+no_snapshot,dns_failure,no_snapshot,none_in_metadata
"c7nlfhx",removed_by_host+no_snapshot,removed_by_host,no_snapshot,none_in_metadata
"c7nzeeb",removed_by_host+no_snapshot,removed_by_host,no_snapshot,none_in_metadata
"c7o2he",gone_404+no_snapshot,gone_404,no_snapshot,none_in_metadata
"c7oezl",gone_404+no_snapshot,gone_404,no_snapshot,none_in_metadata
"c7pd7rn",host_serves_placeholder+no_snapshot,host_serves_placeholder,no_snapshot,none_in_metadata
"c7qc2s9",removed_by_host+no_snapshot,removed_by_host,no_snapshot,none_in_metadata
"c7qjov",gone_404+no_snapshot,gone_404,no_snapshot,none_in_metadata
"c7qwkn",gone_404+no_snapshot,gone_404,no_snapshot,none_in_metadata
"c7qziyk",removed_by_host+no_snapshot,removed_by_host,no_snapshot,none_in_metadata
"c7rhv6d",removed_by_host+no_snapshot,removed_by_host,no_snapshot,none_in_metadata
"c7s8vba",removed_by_host+no_snapshot,removed_by_host,no_snapshot,none_in_metadata
"c7s9qi8",removed_by_host+no_snapshot,removed_by_host,no_snapshot,none_in_metadata
"c7sall6",removed_by_host+no_snapshot,removed_by_host,no_snapshot,none_in_metadata
"c7shh1",gone_404+no_snapshot,gone_404,no_snapshot,none_in_metadata
"c7smdrv",removed_by_host+no_snapshot,removed_by_host,no_snapshot,none_in_metadata
"c7t1bh3",removed_by_host+no_snapshot,removed_by_host,no_snapshot,none_in_metadata
"c7u7dp9",removed_by_host+no_snapshot,removed_by_host,no_snapshot,none_in_metadata
"c7udwo1",removed_by_host+no_snapshot,removed_by_host,no_snapshot,none_in_metadata
"c7uyw3",gone_404+no_snapshot,gone_404,no_snapshot,none_in_metadata
"c7v4esy",removed_by_host+no_snapshot,removed_by_host,no_snapshot,none_in_metadata
"c7v5sv4",gone_404+no_snapshot,gone_404,no_snapshot,none_in_metadata
"c7vbgn",gone_404+no_snapshot,gone_404,no_snapshot,none_in_metadata
"c7w9yt",gone_404+no_snapshot,gone_404,no_snapshot,none_in_metadata
"c7xnxb",gone_404+no_snapshot,gone_404,no_snapshot,none_in_metadata
"c7xzbj9",removed_by_host+no_snapshot,removed_by_host,no_snapshot,none_in_metadata
"c7y0uo9",removed_by_host+no_snapshot,removed_by_host,no_snapshot,none_in_metadata
"c7y57nh",removed_by_host+no_snapshot,removed_by_host,no_snapshot,none_in_metadata
"c7y70v",gone_404+no_snapshot,gone_404,no_snapshot,none_in_metadata
"c7yo7k4",removed_by_host+no_snapshot,removed_by_host,no_snapshot,none_in_metadata
"c7z8yi0",removed_by_host+no_snapshot,removed_by_host,no_snapshot,none_in_metadata
"c803m8p",removed_by_host+no_snapshot,removed_by_host,no_snapshot,none_in_metadata
"c803tay",removed_by_host+no_snapshot,removed_by_host,no_snapshot,none_in_metadata
"c80dwj",gone_404+no_snapshot,gone_404,no_snapshot,none_in_metadata
"c80n51",gone_404+no_snapshot,gone_404,no_snapshot,none_in_metadata
"c810t52",removed_by_host+no_snapshot,removed_by_host,no_snapshot,none_in_metadata
"c815y1k",removed_by_host+no_snapshot,removed_by_host,no_snapshot,none_in_metadata
"c81aq0",gone_404+no_snapshot,gone_404,no_snapshot,none_in_metadata
"c81uu4j",removed_by_host+no_snapshot,removed_by_host,no_snapshot,none_in_metadata
"c81zjt",gone_404+no_snapshot,gone_404,no_snapshot,none_in_metadata
"c82s1pm",server_error_5xx+no_snapshot,server_error_5xx,no_snapshot,none_in_metadata
"c83156w",removed_by_host+no_snapshot,removed_by_host,no_snapshot,none_in_metadata
"c8348in",removed_by_host+no_snapshot,removed_by_host,no_snapshot,none_in_metadata
"c83cdk",gone_404+no_snapshot,gone_404,no_snapshot,none_in_metadata
"c83n2o",gone_404+no_snapshot,gone_404,no_snapshot,none_in_metadata
"c846p5y",removed_by_host+no_snapshot,removed_by_host,no_snapshot,none_in_metadata
"c84dqog",removed_by_host+no_snapshot,removed_by_host,no_snapshot,none_in_metadata
"c84fe6h",removed_by_host+no_snapshot,removed_by_host,no_snapshot,none_in_metadata
"c84t37x",removed_by_host+no_snapshot,removed_by_host,no_snapshot,none_in_metadata
"c85av38",removed_by_host+no_snapshot,removed_by_host,no_snapshot,none_in_metadata
"c85u458",removed_by_host+no_snapshot,removed_by_host,no_snapshot,none_in_metadata
"c86zrb",gone_404+no_snapshot,gone_404,no_snapshot,none_in_metadata
"c87n4gu",server_error_5xx+no_snapshot,server_error_5xx,no_snapshot,none_in_metadata
"c894loy",removed_by_host+no_snapshot,removed_by_host,no_snapshot,none_in_metadata
"c89m77i",server_error_5xx+no_snapshot,server_error_5xx,no_snapshot,none_in_metadata
"c89q61u",removed_by_host+no_snapshot,removed_by_host,no_snapshot,none_in_metadata
"c89ro9",gone_404+no_snapshot,gone_404,no_snapshot,none_in_metadata
"c8aejng",removed_by_host+no_snapshot,removed_by_host,no_snapshot,none_in_metadata
"c8afybs",removed_by_host+no_snapshot,removed_by_host,no_snapshot,none_in_metadata
"c8ahbs",gone_404+no_snapshot,gone_404,no_snapshot,none_in_metadata
"c8bnfjg",removed_by_host+no_snapshot,removed_by_host,no_snapshot,none_in_metadata
"c8cpzya",removed_by_host+no_snapshot,removed_by_host,no_snapshot,none_in_metadata
"c8d1ay",gone_404+no_snapshot,gone_404,no_snapshot,none_in_metadata
"c8dzp0",gone_404+no_snapshot,gone_404,no_snapshot,none_in_metadata
"c8e0us",gone_404+no_snapshot,gone_404,no_snapshot,none_in_metadata
"c8e3wxx",removed_by_host+no_snapshot,removed_by_host,no_snapshot,none_in_metadata
"c8egfj2",removed_by_host+no_snapshot,removed_by_host,no_snapshot,none_in_metadata
"c8ejk5",gone_404+no_snapshot,gone_404,no_snapshot,none_in_metadata
"c8exy56",removed_by_host+no_snapshot,removed_by_host,no_snapshot,none_in_metadata
"c8fg4sh",removed_by_host+no_snapshot,removed_by_host,no_snapshot,none_in_metadata
"c8frys7",host_serves_non_image+no_snapshot,host_serves_non_image,no_snapshot,none_in_metadata
"c8ftyju",gone_404+no_snapshot,gone_404,no_snapshot,none_in_metadata
"c8g1g3w",server_error_5xx+no_snapshot,server_error_5xx,no_snapshot,none_in_metadata
"c8geqo",gone_404+no_snapshot,gone_404,no_snapshot,none_in_metadata
"c8gwiz",gone_404+no_snapshot,gone_404,no_snapshot,none_in_metadata
"c8gy8wz",removed_by_host+no_snapshot,removed_by_host,no_snapshot,none_in_metadata
"c8hf4s",gone_404+no_snapshot,gone_404,no_snapshot,none_in_metadata
"c8hidzx",removed_by_host+no_snapshot,removed_by_host,no_snapshot,none_in_metadata
"c8io9ic",removed_by_host+no_snapshot,removed_by_host,no_snapshot,none_in_metadata
"c8ionr9",removed_by_host+no_snapshot,removed_by_host,no_snapshot,none_in_metadata
"c8iutq",gone_404+no_snapshot,gone_404,no_snapshot,none_in_metadata
"c8ivakx",server_error_5xx+no_snapshot,server_error_5xx,no_snapshot,none_in_metadata
"c8j3uys",removed_by_host+no_snapshot,removed_by_host,no_snapshot,none_in_metadata
"c8lyil",gone_404+no_snapshot,gone_404,no_snapshot,none_in_metadata
"c8mwb7a",removed_by_host+no_snapshot,removed_by_host,no_snapshot,none_in_metadata
"c8n34dq",removed_by_host+no_snapshot,removed_by_host,no_snapshot,none_in_metadata
"c8nmxz",gone_404+no_snapshot,gone_404,no_snapshot,none_in_metadata
"c8ntcgp",removed_by_host+no_snapshot,removed_by_host,no_snapshot,none_in_metadata
"c8o8to",gone_404+no_snapshot,gone_404,no_snapshot,none_in_metadata
"c8oiuem",removed_by_host+no_snapshot,removed_by_host,no_snapshot,none_in_metadata
"c8oiut5",removed_by_host+no_snapshot,removed_by_host,no_snapshot,none_in_metadata
"c8rbobl",removed_by_host+no_snapshot,removed_by_host,no_snapshot,none_in_metadata
"c8s2tio",removed_by_host+no_snapshot,removed_by_host,no_snapshot,none_in_metadata
"c8sxe2",gone_404+no_snapshot,gone_404,no_snapshot,none_in_metadata
"c8tdm5",gone_404+no_snapshot,gone_404,no_snapshot,none_in_metadata
"c8ts31t",removed_by_host+no_snapshot,removed_by_host,no_snapshot,none_in_metadata
"c8ubkqm",removed_by_host+no_snapshot,removed_by_host,no_snapshot,none_in_metadata
"c8udhcg",removed_by_host+no_snapshot,removed_by_host,no_snapshot,none_in_metadata
"c8ueh5f",gone_404+snapshots_failed,gone_404,snapshots_failed,none_in_metadata
"c8uuauw",removed_by_host+no_snapshot,removed_by_host,no_snapshot,none_in_metadata
"c8v409",gone_404+no_snapshot,gone_404,no_snapshot,none_in_metadata
"c8v52qb",removed_by_host+no_snapshot,removed_by_host,no_snapshot,none_in_metadata
"c8va2wi",removed_by_host+no_snapshot,removed_by_host,no_snapshot,none_in_metadata
"c8vm3v0",removed_by_host+no_snapshot,removed_by_host,no_snapshot,none_in_metadata
"c8x5j0",gone_404+no_snapshot,gone_404,no_snapshot,none_in_metadata
"c8xf4s9",removed_by_host+no_snapshot,removed_by_host,no_snapshot,none_in_metadata
"c8zmyaa",removed_by_host+no_snapshot,removed_by_host,no_snapshot,none_in_metadata
"c8zxwd",gone_404+no_snapshot,gone_404,no_snapshot,none_in_metadata
"c91416c",removed_by_host+no_snapshot,removed_by_host,no_snapshot,none_in_metadata
"c91e2qa",removed_by_host+no_snapshot,removed_by_host,no_snapshot,none_in_metadata
"c921fd",gone_404+no_snapshot,gone_404,no_snapshot,none_in_metadata
"c9379ns",removed_by_host+no_snapshot,removed_by_host,no_snapshot,none_in_metadata
"c93ildx",removed_by_host+no_snapshot,removed_by_host,no_snapshot,none_in_metadata
"c94nxv",gone_404+no_snapshot,gone_404,no_snapshot,none_in_metadata
"c97hv6",gone_404+no_snapshot,gone_404,no_snapshot,none_in_metadata
"c97rjxg",removed_by_host+no_snapshot,removed_by_host,no_snapshot,none_in_metadata
"c97rnui",removed_by_host+no_snapshot,removed_by_host,no_snapshot,none_in_metadata
"c986nb6",server_error_5xx+no_snapshot,server_error_5xx,no_snapshot,none_in_metadata
"c98dfzv",removed_by_host+no_snapshot,removed_by_host,no_snapshot,none_in_metadata
"c98iewy",removed_by_host+no_snapshot,removed_by_host,no_snapshot,none_in_metadata
"c98wse",gone_404+no_snapshot,gone_404,no_snapshot,none_in_metadata
"c992wkl",removed_by_host+no_snapshot,removed_by_host,no_snapshot,none_in_metadata
"c994bk7",removed_by_host+no_snapshot,removed_by_host,no_snapshot,none_in_metadata
"c9978l7",removed_by_host+no_snapshot,removed_by_host,no_snapshot,none_in_metadata
"c9aqd0b",removed_by_host+no_snapshot,removed_by_host,no_snapshot,none_in_metadata
"c9b0two",removed_by_host+no_snapshot,removed_by_host,no_snapshot,none_in_metadata
"c9bdh5f",server_error_5xx+no_snapshot,server_error_5xx,no_snapshot,none_in_metadata
"c9c1fsu",removed_by_host+no_snapshot,removed_by_host,no_snapshot,none_in_metadata
"c9d66pi",removed_by_host+no_snapshot,removed_by_host,no_snapshot,none_in_metadata
"c9ecbe",gone_404+no_snapshot,gone_404,no_snapshot,none_in_metadata
"c9g99wu",host_serves_non_image+no_snapshot,host_serves_non_image,no_snapshot,none_in_metadata
"c9gevcq",removed_by_host+no_snapshot,removed_by_host,no_snapshot,none_in_metadata
"c9gt8wc",removed_by_host+no_snapshot,removed_by_host,no_snapshot,none_in_metadata
"c9gtp3h",removed_by_host+no_snapshot,removed_by_host,no_snapshot,none_in_metadata
"c9ip6h7",gone_410+no_snapshot,gone_410,no_snapshot,none_in_metadata
"c9ir5o3",removed_by_host+no_snapshot,removed_by_host,no_snapshot,none_in_metadata
"c9kienk",removed_by_host+no_snapshot,removed_by_host,no_snapshot,none_in_metadata
"c9kpo8",gone_404+no_snapshot,gone_404,no_snapshot,none_in_metadata
"c9l5401",removed_by_host+no_snapshot,removed_by_host,no_snapshot,none_in_metadata
"c9l6pxc",removed_by_host+no_snapshot,removed_by_host,no_snapshot,none_in_metadata
"c9l74b",gone_404+no_snapshot,gone_404,no_snapshot,none_in_metadata
"c9l80y",gone_404+no_snapshot,gone_404,no_snapshot,none_in_metadata
"c9ldzgy",removed_by_host+no_snapshot,removed_by_host,no_snapshot,none_in_metadata
"c9m5zj",gone_404+no_snapshot,gone_404,no_snapshot,none_in_metadata
"c9n2ur",gone_404+no_snapshot,gone_404,no_snapshot,none_in_metadata
"c9naxpc",removed_by_host+no_snapshot,removed_by_host,no_snapshot,none_in_metadata
"c9ncbg",gone_404+no_snapshot,gone_404,no_snapshot,none_in_metadata
"c9o9jti",removed_by_host+no_snapshot,removed_by_host,no_snapshot,none_in_metadata
"c9pfdwz",server_error_5xx+no_snapshot,server_error_5xx,no_snapshot,none_in_metadata
"c9pkbs",gone_404+no_snapshot,gone_404,no_snapshot,none_in_metadata
"c9pw92",gone_404+no_snapshot,gone_404,no_snapshot,none_in_metadata
"c9qi08",gone_404+no_snapshot,gone_404,no_snapshot,none_in_metadata
"c9qtg0",gone_404+no_snapshot,gone_404,no_snapshot,none_in_metadata
"c9s0jw6",removed_by_host+no_snapshot,removed_by_host,no_snapshot,none_in_metadata
"c9sf7zn",removed_by_host+no_snapshot,removed_by_host,no_snapshot,none_in_metadata
"c9sg4py",removed_by_host+no_snapshot,removed_by_host,no_snapshot,none_in_metadata
"c9snjo",gone_404+no_snapshot,gone_404,no_snapshot,none_in_metadata
"c9subg",gone_404+no_snapshot,gone_404,no_snapshot,none_in_metadata
"c9tf79t",removed_by_host+no_snapshot,removed_by_host,no_snapshot,none_in_metadata
"c9uirhm",removed_by_host+no_snapshot,removed_by_host,no_snapshot,none_in_metadata
"c9vmoez",removed_by_host+no_snapshot,removed_by_host,no_snapshot,none_in_metadata
"c9vs5t",gone_404+no_snapshot,gone_404,no_snapshot,none_in_metadata
"c9vv1r",gone_404+no_snapshot,gone_404,no_snapshot,none_in_metadata
"c9w10p",gone_404+no_snapshot,gone_404,no_snapshot,none_in_metadata
"c9w9ake",removed_by_host+no_snapshot,removed_by_host,no_snapshot,none_in_metadata
"c9wrmtg",dns_failure+no_snapshot,dns_failure,no_snapshot,none_in_metadata
"c9xt8lv",removed_by_host+no_snapshot,removed_by_host,no_snapshot,none_in_metadata
"c9yctr0",removed_by_host+no_snapshot,removed_by_host,no_snapshot,none_in_metadata
"c9yi11d",removed_by_host+no_snapshot,removed_by_host,no_snapshot,none_in_metadata
"c9yj9v",gone_404+no_snapshot,gone_404,no_snapshot,none_in_metadata
"c9yp0b0",removed_by_host+no_snapshot,removed_by_host,no_snapshot,none_in_metadata
"c9zml8c",host_serves_non_image+no_snapshot,host_serves_non_image,no_snapshot,none_in_metadata
"c9zwk0",gone_404+no_snapshot,gone_404,no_snapshot,none_in_metadata
"ca09uks",removed_by_host+no_snapshot,removed_by_host,no_snapshot,none_in_metadata
"ca0skl",gone_404+no_snapshot,gone_404,no_snapshot,none_in_metadata
"ca1hq1k",removed_by_host+no_snapshot,removed_by_host,no_snapshot,none_in_metadata
"ca2mkxy",removed_by_host+no_snapshot,removed_by_host,no_snapshot,none_in_metadata
"ca2mwkl",removed_by_host+no_snapshot,removed_by_host,no_snapshot,none_in_metadata
"ca30xc",gone_404+no_snapshot,gone_404,no_snapshot,none_in_metadata
"ca370u",gone_404+no_snapshot,gone_404,no_snapshot,none_in_metadata
"ca38dw",gone_404+no_snapshot,gone_404,no_snapshot,none_in_metadata
"ca55nrd",removed_by_host+no_snapshot,removed_by_host,no_snapshot,none_in_metadata
"ca55us",gone_404+no_snapshot,gone_404,no_snapshot,none_in_metadata
"ca58kd2",removed_by_host+no_snapshot,removed_by_host,no_snapshot,none_in_metadata
"ca5e2jg",removed_by_host+no_snapshot,removed_by_host,no_snapshot,none_in_metadata
"ca6p0eh",removed_by_host+no_snapshot,removed_by_host,no_snapshot,none_in_metadata
"ca6xgc",gone_404+no_snapshot,gone_404,no_snapshot,none_in_metadata
"ca7akbl",removed_by_host+no_snapshot,removed_by_host,no_snapshot,none_in_metadata
"ca7lg1k",removed_by_host+no_snapshot,removed_by_host,no_snapshot,none_in_metadata
"ca7s0z",gone_404+no_snapshot,gone_404,no_snapshot,none_in_metadata
"ca7scs",gone_404+no_snapshot,gone_404,no_snapshot,none_in_metadata
"ca7wpa",gone_404+no_snapshot,gone_404,no_snapshot,none_in_metadata
"ca8ee52",removed_by_host+no_snapshot,removed_by_host,no_snapshot,none_in_metadata
"ca9ko4d",server_error_5xx+no_snapshot,server_error_5xx,no_snapshot,none_in_metadata
"caahmb9",removed_by_host+no_snapshot,removed_by_host,no_snapshot,none_in_metadata
"caahzb",gone_404+no_snapshot,gone_404,no_snapshot,none_in_metadata
"caaiz2",gone_404+no_snapshot,gone_404,no_snapshot,none_in_metadata
"cacnso1",dns_failure+no_snapshot,dns_failure,no_snapshot,none_in_metadata
"cacpwx",gone_404+no_snapshot,gone_404,no_snapshot,none_in_metadata
"cacy3pb",removed_by_host+no_snapshot,removed_by_host,no_snapshot,none_in_metadata
"cad5z7e",removed_by_host+no_snapshot,removed_by_host,no_snapshot,none_in_metadata
"cadt3j",gone_404+no_snapshot,gone_404,no_snapshot,none_in_metadata
"caejaz",gone_404+no_snapshot,gone_404,no_snapshot,none_in_metadata
"caf4tq",gone_404+no_snapshot,gone_404,no_snapshot,none_in_metadata
"cafh51",gone_404+no_snapshot,gone_404,no_snapshot,none_in_metadata
"cah0c1",gone_404+no_snapshot,gone_404,no_snapshot,none_in_metadata
"cai9odu",removed_by_host+no_snapshot,removed_by_host,no_snapshot,none_in_metadata
"caienlr",removed_by_host+no_snapshot,removed_by_host,no_snapshot,none_in_metadata
"caiw1mf",removed_by_host+no_snapshot,removed_by_host,no_snapshot,none_in_metadata
"caiy9u6",host_serves_non_image+no_snapshot,host_serves_non_image,no_snapshot,none_in_metadata
"cajdhp1",removed_by_host+no_snapshot,removed_by_host,no_snapshot,none_in_metadata
"cajyaxy",removed_by_host+no_snapshot,removed_by_host,no_snapshot,none_in_metadata
"caksah1",removed_by_host+no_snapshot,removed_by_host,no_snapshot,none_in_metadata
"cam5rpk",removed_by_host+no_snapshot,removed_by_host,no_snapshot,none_in_metadata
"camgxxu",removed_by_host+no_snapshot,removed_by_host,no_snapshot,none_in_metadata
"cami5g",gone_404+no_snapshot,gone_404,no_snapshot,none_in_metadata
"canwswg",removed_by_host+no_snapshot,removed_by_host,no_snapshot,none_in_metadata
"capt75",gone_404+no_snapshot,gone_404,no_snapshot,none_in_metadata
"caqmopt",removed_by_host+no_snapshot,removed_by_host,no_snapshot,none_in_metadata
"caqs40",gone_404+no_snapshot,gone_404,no_snapshot,none_in_metadata
"caqzen",gone_404+no_snapshot,gone_404,no_snapshot,none_in_metadata
"carg8d",gone_404+no_snapshot,gone_404,no_snapshot,none_in_metadata
"cargk3",gone_404+no_snapshot,gone_404,no_snapshot,none_in_metadata
"cas7nhq",removed_by_host+no_snapshot,removed_by_host,no_snapshot,none_in_metadata
"cashge",gone_404+no_snapshot,gone_404,no_snapshot,none_in_metadata
"catxydr",removed_by_host+no_snapshot,removed_by_host,no_snapshot,none_in_metadata
"cau0c9w",removed_by_host+no_snapshot,removed_by_host,no_snapshot,none_in_metadata
"cauenw",gone_404+no_snapshot,gone_404,no_snapshot,none_in_metadata
"cavcpsj",removed_by_host+no_snapshot,removed_by_host,no_snapshot,none_in_metadata
"cavkuqo",removed_by_host+no_snapshot,removed_by_host,no_snapshot,none_in_metadata
"cavqrc8",removed_by_host+no_snapshot,removed_by_host,no_snapshot,none_in_metadata
"cavuwuz",removed_by_host+no_snapshot,removed_by_host,no_snapshot,none_in_metadata
"cavvmam",removed_by_host+no_snapshot,removed_by_host,no_snapshot,none_in_metadata
"caw05wt",removed_by_host+no_snapshot,removed_by_host,no_snapshot,none_in_metadata
"caw2rbz",removed_by_host+no_snapshot,removed_by_host,no_snapshot,none_in_metadata
"cawinsu",removed_by_host+no_snapshot,removed_by_host,no_snapshot,none_in_metadata
"cawvdh",gone_404+no_snapshot,gone_404,no_snapshot,none_in_metadata
"cax023v",removed_by_host+no_snapshot,removed_by_host,no_snapshot,none_in_metadata
"cax1typ",removed_by_host+no_snapshot,removed_by_host,no_snapshot,none_in_metadata
"caxlth",gone_404+no_snapshot,gone_404,no_snapshot,none_in_metadata
"cazcy1",gone_404+no_snapshot,gone_404,no_snapshot,none_in_metadata
"cazz27z",removed_by_host+no_snapshot,removed_by_host,no_snapshot,none_in_metadata
"cb00f8g",removed_by_host+no_snapshot,removed_by_host,no_snapshot,none_in_metadata
"cb0mg01",removed_by_host+no_snapshot,removed_by_host,no_snapshot,none_in_metadata
"cb0rnrk",removed_by_host+no_snapshot,removed_by_host,no_snapshot,none_in_metadata
"cb13aq",gone_404+no_snapshot,gone_404,no_snapshot,none_in_metadata
"cb1a26k",removed_by_host+no_snapshot,removed_by_host,no_snapshot,none_in_metadata
"cb1bjv4",removed_by_host+no_snapshot,removed_by_host,no_snapshot,none_in_metadata
"cb1h0u1",removed_by_host+no_snapshot,removed_by_host,no_snapshot,none_in_metadata
"cb1ipux",removed_by_host+no_snapshot,removed_by_host,no_snapshot,none_in_metadata
"cb1jwwh",removed_by_host+no_snapshot,removed_by_host,no_snapshot,none_in_metadata
"cb2cjj",gone_404+no_snapshot,gone_404,no_snapshot,none_in_metadata
"cb2d8yf",removed_by_host+no_snapshot,removed_by_host,no_snapshot,none_in_metadata
"cb2fi1s",host_serves_non_image+no_snapshot,host_serves_non_image,no_snapshot,none_in_metadata
"cb2h1jh",removed_by_host+no_snapshot,removed_by_host,no_snapshot,none_in_metadata
"cb2rxtj",removed_by_host+no_snapshot,removed_by_host,no_snapshot,none_in_metadata
"cb328r8",removed_by_host+no_snapshot,removed_by_host,no_snapshot,none_in_metadata
"cb3e6pj",removed_by_host+no_snapshot,removed_by_host,no_snapshot,none_in_metadata
"cb3pgo",gone_404+no_snapshot,gone_404,no_snapshot,none_in_metadata
"cb4rgr",gone_404+no_snapshot,gone_404,no_snapshot,none_in_metadata
"cb4zo0g",removed_by_host+no_snapshot,removed_by_host,no_snapshot,none_in_metadata
"cb5d03e",removed_by_host+no_snapshot,removed_by_host,no_snapshot,none_in_metadata
"cb5mwct",removed_by_host+no_snapshot,removed_by_host,no_snapshot,none_in_metadata
"cb5p18",gone_404+no_snapshot,gone_404,no_snapshot,none_in_metadata
"cb5r2nr",removed_by_host+no_snapshot,removed_by_host,no_snapshot,none_in_metadata
"cb5r549",removed_by_host+no_snapshot,removed_by_host,no_snapshot,none_in_metadata
"cb67vzg",removed_by_host+no_snapshot,removed_by_host,no_snapshot,none_in_metadata
"cb6j8h9",removed_by_host+no_snapshot,removed_by_host,no_snapshot,none_in_metadata
"cb6m0u3",removed_by_host+no_snapshot,removed_by_host,no_snapshot,none_in_metadata
"cb6p40m",removed_by_host+no_snapshot,removed_by_host,no_snapshot,none_in_metadata
"cb75p1v",removed_by_host+no_snapshot,removed_by_host,no_snapshot,none_in_metadata
"cb75zqq",removed_by_host+no_snapshot,removed_by_host,no_snapshot,none_in_metadata
"cb7s1xu",removed_by_host+no_snapshot,removed_by_host,no_snapshot,none_in_metadata
"cb7s4co",removed_by_host+no_snapshot,removed_by_host,no_snapshot,none_in_metadata
"cb7vbcv",removed_by_host+no_snapshot,removed_by_host,no_snapshot,none_in_metadata
"cb7vpez",removed_by_host+no_snapshot,removed_by_host,no_snapshot,none_in_metadata
"cb83aaq",removed_by_host+no_snapshot,removed_by_host,no_snapshot,none_in_metadata
"cb88a5b",removed_by_host+no_snapshot,removed_by_host,no_snapshot,none_in_metadata
"cb8e1i",gone_404+no_snapshot,gone_404,no_snapshot,none_in_metadata
"cb8s5mp",removed_by_host+no_snapshot,removed_by_host,no_snapshot,none_in_metadata
"cb8vis3",removed_by_host+no_snapshot,removed_by_host,no_snapshot,none_in_metadata
"cb9icav",removed_by_host+no_snapshot,removed_by_host,no_snapshot,none_in_metadata
"cb9iyfj",removed_by_host+no_snapshot,removed_by_host,no_snapshot,none_in_metadata
"cb9jl9q",removed_by_host+no_snapshot,removed_by_host,no_snapshot,none_in_metadata
"cb9k3kj",removed_by_host+no_snapshot,removed_by_host,no_snapshot,none_in_metadata
"cb9rrcs",removed_by_host+no_snapshot,removed_by_host,no_snapshot,none_in_metadata
"cb9ub26",removed_by_host+no_snapshot,removed_by_host,no_snapshot,none_in_metadata
"cba3vpt",gone_404+no_snapshot,gone_404,no_snapshot,none_in_metadata
"cbas9jt",removed_by_host+no_snapshot,removed_by_host,no_snapshot,none_in_metadata
"cbbmzqx",dns_failure+no_snapshot,dns_failure,no_snapshot,none_in_metadata
"cbbq9m2",server_error_5xx+no_snapshot,server_error_5xx,no_snapshot,none_in_metadata
"cbc36dh",removed_by_host+no_snapshot,removed_by_host,no_snapshot,none_in_metadata
"cbd6hsa",removed_by_host+no_snapshot,removed_by_host,no_snapshot,none_in_metadata
"cbd9o1g",removed_by_host+no_snapshot,removed_by_host,no_snapshot,none_in_metadata
"cbdwa8",gone_404+no_snapshot,gone_404,no_snapshot,none_in_metadata
"cbe30le",removed_by_host+no_snapshot,removed_by_host,no_snapshot,none_in_metadata
"cbe8j6u",removed_by_host+no_snapshot,removed_by_host,no_snapshot,none_in_metadata
"cbeyoi",gone_404+no_snapshot,gone_404,no_snapshot,none_in_metadata
"cbfr3un",removed_by_host+no_snapshot,removed_by_host,no_snapshot,none_in_metadata
"cbh2tkk",removed_by_host+no_snapshot,removed_by_host,no_snapshot,none_in_metadata
"cbh55z",gone_404+no_snapshot,gone_404,no_snapshot,none_in_metadata
"cbi30bq",removed_by_host+no_snapshot,removed_by_host,no_snapshot,none_in_metadata
"cbi4u5a",removed_by_host+no_snapshot,removed_by_host,no_snapshot,none_in_metadata
"cbichht",removed_by_host+no_snapshot,removed_by_host,no_snapshot,none_in_metadata
"cbir61t",removed_by_host+no_snapshot,removed_by_host,no_snapshot,none_in_metadata
"cbiycaq",removed_by_host+no_snapshot,removed_by_host,no_snapshot,none_in_metadata
"cbj1gy1",removed_by_host+no_snapshot,removed_by_host,no_snapshot,none_in_metadata
"cbj7ib",gone_404+no_snapshot,gone_404,no_snapshot,none_in_metadata
"cbjm9m5",removed_by_host+no_snapshot,removed_by_host,no_snapshot,none_in_metadata
"cbk3610",removed_by_host+no_snapshot,removed_by_host,no_snapshot,none_in_metadata
"cbkeali",removed_by_host+no_snapshot,removed_by_host,no_snapshot,none_in_metadata
"cbltrgz",removed_by_host+no_snapshot,removed_by_host,no_snapshot,none_in_metadata
"cbm0x5i",removed_by_host+no_snapshot,removed_by_host,no_snapshot,none_in_metadata
"cbmcoa",gone_404+no_snapshot,gone_404,no_snapshot,none_in_metadata
"cbmntpf",removed_by_host+no_snapshot,removed_by_host,no_snapshot,none_in_metadata
"cbmofi9",removed_by_host+no_snapshot,removed_by_host,no_snapshot,none_in_metadata
"cbmvu9f",dns_failure+no_snapshot,dns_failure,no_snapshot,none_in_metadata
"cbn0zt",gone_404+no_snapshot,gone_404,no_snapshot,none_in_metadata
"cbnol7",gone_404+no_snapshot,gone_404,no_snapshot,none_in_metadata
"cbnsqo",gone_404+no_snapshot,gone_404,no_snapshot,none_in_metadata
"cbojsk",gone_404+no_snapshot,gone_404,no_snapshot,none_in_metadata
"cbp7suv",removed_by_host+no_snapshot,removed_by_host,no_snapshot,none_in_metadata
"cbpmovt",gone_404+no_snapshot,gone_404,no_snapshot,none_in_metadata
"cbq3r8r",removed_by_host+no_snapshot,removed_by_host,no_snapshot,none_in_metadata
"cbq5177",removed_by_host+no_snapshot,removed_by_host,no_snapshot,none_in_metadata
"cbq55xk",removed_by_host+no_snapshot,removed_by_host,no_snapshot,none_in_metadata
"cbqey2o",removed_by_host+no_snapshot,removed_by_host,no_snapshot,none_in_metadata
"cbqtmj",gone_404+no_snapshot,gone_404,no_snapshot,none_in_metadata
"cbr1uew",removed_by_host+no_snapshot,removed_by_host,no_snapshot,none_in_metadata
"cbs0eu0",removed_by_host+no_snapshot,removed_by_host,no_snapshot,none_in_metadata
"cbs70d7",removed_by_host+no_snapshot,removed_by_host,no_snapshot,none_in_metadata
"cbsc5sq",removed_by_host+no_snapshot,removed_by_host,no_snapshot,none_in_metadata
"cbsr5an",removed_by_host+no_snapshot,removed_by_host,no_snapshot,none_in_metadata
"cbtgnh",gone_404+no_snapshot,gone_404,no_snapshot,none_in_metadata
"cbtv5i",gone_404+no_snapshot,gone_404,no_snapshot,none_in_metadata
"cbvr8wx",removed_by_host+no_snapshot,removed_by_host,no_snapshot,none_in_metadata
"cbwadk0",removed_by_host+no_snapshot,removed_by_host,no_snapshot,none_in_metadata
"cbwhhu",gone_404+no_snapshot,gone_404,no_snapshot,none_in_metadata
"cbxli4q",removed_by_host+no_snapshot,removed_by_host,no_snapshot,none_in_metadata
"cbygrer",removed_by_host+no_snapshot,removed_by_host,no_snapshot,none_in_metadata
"cbyr0zz",dns_failure+no_snapshot,dns_failure,no_snapshot,none_in_metadata
"cbz848r",removed_by_host+no_snapshot,removed_by_host,no_snapshot,none_in_metadata
"cbzuwpb",removed_by_host+no_snapshot,removed_by_host,no_snapshot,none_in_metadata
"cc02e2v",removed_by_host+no_snapshot,removed_by_host,no_snapshot,none_in_metadata
"cc05jur",removed_by_host+no_snapshot,removed_by_host,no_snapshot,none_in_metadata
"cc12swl",removed_by_host+no_snapshot,removed_by_host,no_snapshot,none_in_metadata
"cc16dr7",removed_by_host+no_snapshot,removed_by_host,no_snapshot,none_in_metadata
"cc1b2ff",removed_by_host+no_snapshot,removed_by_host,no_snapshot,none_in_metadata
"cc1lvz",gone_404+no_snapshot,gone_404,no_snapshot,none_in_metadata
"cc28p1",gone_404+no_snapshot,gone_404,no_snapshot,none_in_metadata
"cc2t6wm",removed_by_host+no_snapshot,removed_by_host,no_snapshot,none_in_metadata
"cc3h62m",removed_by_host+no_snapshot,removed_by_host,no_snapshot,none_in_metadata
"cc476d6",removed_by_host+no_snapshot,removed_by_host,no_snapshot,none_in_metadata
"cc5rpq",gone_404+no_snapshot,gone_404,no_snapshot,none_in_metadata
"cc6ne1u",removed_by_host+no_snapshot,removed_by_host,no_snapshot,none_in_metadata
"cc6nj1j",removed_by_host+no_snapshot,removed_by_host,no_snapshot,none_in_metadata
"cc6zo05",removed_by_host+no_snapshot,removed_by_host,no_snapshot,none_in_metadata
"cc7tr82",removed_by_host+no_snapshot,removed_by_host,no_snapshot,none_in_metadata
"cc7vg1x",removed_by_host+no_snapshot,removed_by_host,no_snapshot,none_in_metadata
"cc7zvgd",removed_by_host+no_snapshot,removed_by_host,no_snapshot,none_in_metadata
"cc8l78b",removed_by_host+no_snapshot,removed_by_host,no_snapshot,none_in_metadata
"cc9ru7x",removed_by_host+no_snapshot,removed_by_host,no_snapshot,none_in_metadata
"cca5dw0",removed_by_host+no_snapshot,removed_by_host,no_snapshot,none_in_metadata
"ccan9i",gone_404+no_snapshot,gone_404,no_snapshot,none_in_metadata
"ccb74u9",removed_by_host+no_snapshot,removed_by_host,no_snapshot,none_in_metadata
"ccbsyhy",removed_by_host+no_snapshot,removed_by_host,no_snapshot,none_in_metadata
"cccjorn",removed_by_host+no_snapshot,removed_by_host,no_snapshot,none_in_metadata
"ccd96u6",removed_by_host+no_snapshot,removed_by_host,no_snapshot,none_in_metadata
"ccdajkw",removed_by_host+no_snapshot,removed_by_host,no_snapshot,none_in_metadata
"ccdi9nb",removed_by_host+no_snapshot,removed_by_host,no_snapshot,none_in_metadata
"ccdwgq5",removed_by_host+no_snapshot,removed_by_host,no_snapshot,none_in_metadata
"cceb519",removed_by_host+no_snapshot,removed_by_host,no_snapshot,none_in_metadata
"ccetjz9",removed_by_host+no_snapshot,removed_by_host,no_snapshot,none_in_metadata
"ccgf307",removed_by_host+no_snapshot,removed_by_host,no_snapshot,none_in_metadata
"cch8vxv",removed_by_host+no_snapshot,removed_by_host,no_snapshot,none_in_metadata
"cchdrww",removed_by_host+no_snapshot,removed_by_host,no_snapshot,none_in_metadata
"cchfnz4",removed_by_host+no_snapshot,removed_by_host,no_snapshot,none_in_metadata
"cci37s",gone_404+no_snapshot,gone_404,no_snapshot,none_in_metadata
"ccjbnf",gone_404+no_snapshot,gone_404,no_snapshot,none_in_metadata
"ccjxev",gone_404+no_snapshot,gone_404,no_snapshot,none_in_metadata
"cck9nji",removed_by_host+no_snapshot,removed_by_host,no_snapshot,none_in_metadata
"cckwkdn",refused_http_429+snapshot_blank,refused_http_429,snapshot_blank,none_in_metadata
"ccl3vm",gone_404+no_snapshot,gone_404,no_snapshot,none_in_metadata
"ccls5p2",removed_by_host+no_snapshot,removed_by_host,no_snapshot,none_in_metadata
"ccm1y6i",removed_by_host+no_snapshot,removed_by_host,no_snapshot,none_in_metadata
"ccmbuj8",removed_by_host+no_snapshot,removed_by_host,no_snapshot,none_in_metadata
"ccmd6kq",removed_by_host+no_snapshot,removed_by_host,no_snapshot,none_in_metadata
"cco2okl",removed_by_host+no_snapshot,removed_by_host,no_snapshot,none_in_metadata
"cco2zvp",removed_by_host+no_snapshot,removed_by_host,no_snapshot,none_in_metadata
"cco4to2",removed_by_host+no_snapshot,removed_by_host,no_snapshot,none_in_metadata
"ccour5",gone_404+no_snapshot,gone_404,no_snapshot,none_in_metadata
"ccp9l6q",removed_by_host+no_snapshot,removed_by_host,no_snapshot,none_in_metadata
"ccpecz6",removed_by_host+no_snapshot,removed_by_host,no_snapshot,none_in_metadata
"ccpn99y",removed_by_host+no_snapshot,removed_by_host,no_snapshot,none_in_metadata
"ccpqws",gone_404+no_snapshot,gone_404,no_snapshot,none_in_metadata
"ccqvk9p",removed_by_host+no_snapshot,removed_by_host,no_snapshot,none_in_metadata
"ccqwbmr",removed_by_host+no_snapshot,removed_by_host,no_snapshot,none_in_metadata
"ccqxzza",removed_by_host+no_snapshot,removed_by_host,no_snapshot,none_in_metadata
"ccrha43",removed_by_host+no_snapshot,removed_by_host,no_snapshot,none_in_metadata
"ccs0y6",gone_404+no_snapshot,gone_404,no_snapshot,none_in_metadata
"ccs1bih",dns_failure+no_snapshot,dns_failure,no_snapshot,none_in_metadata
"ccs6kk",gone_404+no_snapshot,gone_404,no_snapshot,none_in_metadata
"ccsvtu",gone_404+no_snapshot,gone_404,no_snapshot,none_in_metadata
"cct9yi",gone_404+no_snapshot,gone_404,no_snapshot,none_in_metadata
"cctpa9",gone_404+no_snapshot,gone_404,no_snapshot,none_in_metadata
"ccu4osa",removed_by_host+no_snapshot,removed_by_host,no_snapshot,none_in_metadata
"ccufu6",gone_404+no_snapshot,gone_404,no_snapshot,none_in_metadata
"ccul4oh",removed_by_host+no_snapshot,removed_by_host,no_snapshot,none_in_metadata
"ccv8243",removed_by_host+no_snapshot,removed_by_host,no_snapshot,none_in_metadata
"ccvwh5r",removed_by_host+no_snapshot,removed_by_host,no_snapshot,none_in_metadata
"ccwefz",gone_404+no_snapshot,gone_404,no_snapshot,none_in_metadata
"ccx29ht",removed_by_host+no_snapshot,removed_by_host,no_snapshot,none_in_metadata
"ccxc87k",removed_by_host+no_snapshot,removed_by_host,no_snapshot,none_in_metadata
"ccxk4tc",removed_by_host+no_snapshot,removed_by_host,no_snapshot,none_in_metadata
"ccxng80",removed_by_host+no_snapshot,removed_by_host,no_snapshot,none_in_metadata
"ccxqo7m",removed_by_host+no_snapshot,removed_by_host,no_snapshot,none_in_metadata
"ccy4g8",gone_404+no_snapshot,gone_404,no_snapshot,none_in_metadata
"ccydmi",gone_404+no_snapshot,gone_404,no_snapshot,none_in_metadata
"ccyn3up",removed_by_host+no_snapshot,removed_by_host,no_snapshot,none_in_metadata
"ccyq8m5",removed_by_host+no_snapshot,removed_by_host,no_snapshot,none_in_metadata
"ccz3jjl",removed_by_host+no_snapshot,removed_by_host,no_snapshot,none_in_metadata
"cczdffi",removed_by_host+no_snapshot,removed_by_host,no_snapshot,none_in_metadata
"cczskqa",removed_by_host+no_snapshot,removed_by_host,no_snapshot,none_in_metadata
"cd0987c",removed_by_host+no_snapshot,removed_by_host,no_snapshot,none_in_metadata
"cd0hoxw",removed_by_host+no_snapshot,removed_by_host,no_snapshot,none_in_metadata
"cd18b3v",removed_by_host+no_snapshot,removed_by_host,no_snapshot,none_in_metadata
"cd18k5n",removed_by_host+no_snapshot,removed_by_host,no_snapshot,none_in_metadata
"cd1jpzi",removed_by_host+no_snapshot,removed_by_host,no_snapshot,none_in_metadata
"cd1y3ta",removed_by_host+no_snapshot,removed_by_host,no_snapshot,none_in_metadata
"cd2m4ej",removed_by_host+no_snapshot,removed_by_host,no_snapshot,none_in_metadata
"cd2o79",gone_404+no_snapshot,gone_404,no_snapshot,none_in_metadata
"cd2svwj",removed_by_host+no_snapshot,removed_by_host,no_snapshot,none_in_metadata
"cd3739u",removed_by_host+no_snapshot,removed_by_host,no_snapshot,none_in_metadata
"cd38ag",gone_404+no_snapshot,gone_404,no_snapshot,none_in_metadata
"cd3oge",gone_404+no_snapshot,gone_404,no_snapshot,none_in_metadata
"cd3r14y",removed_by_host+no_snapshot,removed_by_host,no_snapshot,none_in_metadata
"cd43icn",removed_by_host+no_snapshot,removed_by_host,no_snapshot,none_in_metadata
"cd45g9",gone_404+no_snapshot,gone_404,no_snapshot,none_in_metadata
"cd4ahmy",removed_by_host+no_snapshot,removed_by_host,no_snapshot,none_in_metadata
"cd4anx",gone_404+no_snapshot,gone_404,no_snapshot,none_in_metadata
"cd4sw63",removed_by_host+no_snapshot,removed_by_host,no_snapshot,none_in_metadata
"cd4zx1t",removed_by_host+no_snapshot,removed_by_host,no_snapshot,none_in_metadata
"cd5bsh6",removed_by_host+no_snapshot,removed_by_host,no_snapshot,none_in_metadata
"cd5zed",gone_404+no_snapshot,gone_404,no_snapshot,none_in_metadata
"cd60bma",removed_by_host+no_snapshot,removed_by_host,no_snapshot,none_in_metadata
"cd6abx9",removed_by_host+no_snapshot,removed_by_host,no_snapshot,none_in_metadata
"cd6b1mm",removed_by_host+no_snapshot,removed_by_host,no_snapshot,none_in_metadata
"cd6cqf7",removed_by_host+no_snapshot,removed_by_host,no_snapshot,none_in_metadata
"cd6cqx5",removed_by_host+no_snapshot,removed_by_host,no_snapshot,none_in_metadata
"cd6g0hx",removed_by_host+no_snapshot,removed_by_host,no_snapshot,none_in_metadata
"cd71uq",gone_404+no_snapshot,gone_404,no_snapshot,none_in_metadata
"cd79lum",removed_by_host+no_snapshot,removed_by_host,no_snapshot,none_in_metadata
"cd7d3k",gone_404+no_snapshot,gone_404,no_snapshot,none_in_metadata
"cd7nq61",removed_by_host+no_snapshot,removed_by_host,no_snapshot,none_in_metadata
"cd7s125",removed_by_host+no_snapshot,removed_by_host,no_snapshot,none_in_metadata
"cd7yf7x",removed_by_host+no_snapshot,removed_by_host,no_snapshot,none_in_metadata
"cd821oo",removed_by_host+no_snapshot,removed_by_host,no_snapshot,none_in_metadata
"cd8j31x",removed_by_host+no_snapshot,removed_by_host,no_snapshot,none_in_metadata
"cd966vo",removed_by_host+no_snapshot,removed_by_host,no_snapshot,none_in_metadata
"cda3d49",removed_by_host+no_snapshot,removed_by_host,no_snapshot,none_in_metadata
"cdbgyuw",removed_by_host+no_snapshot,removed_by_host,no_snapshot,none_in_metadata
"cdbzz9",gone_404+no_snapshot,gone_404,no_snapshot,none_in_metadata
"cdccr1t",removed_by_host+no_snapshot,removed_by_host,no_snapshot,none_in_metadata
"cdccxn",gone_404+no_snapshot,gone_404,no_snapshot,none_in_metadata
"cdcl5i",gone_404+no_snapshot,gone_404,no_snapshot,none_in_metadata
"cdcwie0",removed_by_host+no_snapshot,removed_by_host,no_snapshot,none_in_metadata
"cddt3dr",removed_by_host+no_snapshot,removed_by_host,no_snapshot,none_in_metadata
"cde153h",removed_by_host+no_snapshot,removed_by_host,no_snapshot,none_in_metadata
"cdehrrx",removed_by_host+no_snapshot,removed_by_host,no_snapshot,none_in_metadata
"cdessoj",removed_by_host+no_snapshot,removed_by_host,no_snapshot,none_in_metadata
"cdfdfoi",removed_by_host+no_snapshot,removed_by_host,no_snapshot,none_in_metadata
"cdfnfor",removed_by_host+no_snapshot,removed_by_host,no_snapshot,none_in_metadata
"cdgd1sx",removed_by_host+no_snapshot,removed_by_host,no_snapshot,none_in_metadata
"cdgo2or",removed_by_host+no_snapshot,removed_by_host,no_snapshot,none_in_metadata
"cdh5zut",removed_by_host+no_snapshot,removed_by_host,no_snapshot,none_in_metadata
"cdh8w9",gone_404+no_snapshot,gone_404,no_snapshot,none_in_metadata
"cdi926",gone_404+no_snapshot,gone_404,no_snapshot,none_in_metadata
"cdibe2s",host_serves_non_image+no_snapshot,host_serves_non_image,no_snapshot,none_in_metadata
"cdiez3",gone_404+no_snapshot,gone_404,no_snapshot,none_in_metadata
"cdiievf",removed_by_host+no_snapshot,removed_by_host,no_snapshot,none_in_metadata
"cdio8m",gone_404+no_snapshot,gone_404,no_snapshot,none_in_metadata
"cdiplq",gone_404+no_snapshot,gone_404,no_snapshot,none_in_metadata
"cdir6j",gone_404+no_snapshot,gone_404,no_snapshot,none_in_metadata
"cdiulf",gone_404+no_snapshot,gone_404,no_snapshot,none_in_metadata
"cdjckry",removed_by_host+no_snapshot,removed_by_host,no_snapshot,none_in_metadata
"cdkl268",removed_by_host+no_snapshot,removed_by_host,no_snapshot,none_in_metadata
"cdks5h9",removed_by_host+no_snapshot,removed_by_host,no_snapshot,none_in_metadata
"cdkt7g",gone_404+no_snapshot,gone_404,no_snapshot,none_in_metadata
"cdlo1fa",removed_by_host+no_snapshot,removed_by_host,no_snapshot,none_in_metadata
"cdltcof",removed_by_host+no_snapshot,removed_by_host,no_snapshot,none_in_metadata
"cdm731",gone_404+no_snapshot,gone_404,no_snapshot,none_in_metadata
"cdmxxmp",removed_by_host+no_snapshot,removed_by_host,no_snapshot,none_in_metadata
"cdnrugw",removed_by_host+no_snapshot,removed_by_host,no_snapshot,none_in_metadata
"cdojc1r",removed_by_host+no_snapshot,removed_by_host,no_snapshot,none_in_metadata
"cdp7x1b",removed_by_host+no_snapshot,removed_by_host,no_snapshot,none_in_metadata
"cdpsvir",removed_by_host+no_snapshot,removed_by_host,no_snapshot,none_in_metadata
"cdqe3m",gone_404+no_snapshot,gone_404,no_snapshot,none_in_metadata
"cdqi7g",gone_404+no_snapshot,gone_404,no_snapshot,none_in_metadata
"cdqxwi",gone_404+no_snapshot,gone_404,no_snapshot,none_in_metadata
"cdr2o8p",removed_by_host+no_snapshot,removed_by_host,no_snapshot,none_in_metadata
"cdruxn",gone_404+no_snapshot,gone_404,no_snapshot,none_in_metadata
"cdrydcd",removed_by_host+no_snapshot,removed_by_host,no_snapshot,none_in_metadata
"cdsfurg",removed_by_host+no_snapshot,removed_by_host,no_snapshot,none_in_metadata
"cdumi3",gone_404+no_snapshot,gone_404,no_snapshot,none_in_metadata
"cdvueb",gone_404+no_snapshot,gone_404,no_snapshot,none_in_metadata
"cdvvlku",removed_by_host+no_snapshot,removed_by_host,no_snapshot,none_in_metadata
"cdw4jde",removed_by_host+no_snapshot,removed_by_host,no_snapshot,none_in_metadata
"cdwb6n",gone_404+no_snapshot,gone_404,no_snapshot,none_in_metadata
"cdwd9g",gone_404+no_snapshot,gone_404,no_snapshot,none_in_metadata
"cdwdvk",gone_404+no_snapshot,gone_404,no_snapshot,none_in_metadata
"cdwz2r",gone_404+no_snapshot,gone_404,no_snapshot,none_in_metadata
"cdx237e",removed_by_host+no_snapshot,removed_by_host,no_snapshot,none_in_metadata
"cdy4jwr",removed_by_host+no_snapshot,removed_by_host,no_snapshot,none_in_metadata
"cdykowa",removed_by_host+no_snapshot,removed_by_host,no_snapshot,none_in_metadata
"cdyq88y",removed_by_host+no_snapshot,removed_by_host,no_snapshot,none_in_metadata
"cdytlt",gone_404+no_snapshot,gone_404,no_snapshot,none_in_metadata
"cdz9y2o",removed_by_host+no_snapshot,removed_by_host,no_snapshot,none_in_metadata
"cdzhzi4",removed_by_host+no_snapshot,removed_by_host,no_snapshot,none_in_metadata
"ce0kxft",removed_by_host+no_snapshot,removed_by_host,no_snapshot,none_in_metadata
"ce0pikc",removed_by_host+no_snapshot,removed_by_host,no_snapshot,none_in_metadata
"ce0zcp2",removed_by_host+no_snapshot,removed_by_host,no_snapshot,none_in_metadata
"ce11ujp",removed_by_host+no_snapshot,removed_by_host,no_snapshot,none_in_metadata
"ce1gxrn",removed_by_host+no_snapshot,removed_by_host,no_snapshot,none_in_metadata
"ce1iapr",removed_by_host+no_snapshot,removed_by_host,no_snapshot,none_in_metadata
"ce25xa3",removed_by_host+no_snapshot,removed_by_host,no_snapshot,none_in_metadata
"ce2zhpc",removed_by_host+no_snapshot,removed_by_host,no_snapshot,none_in_metadata
"ce2zp9",gone_404+no_snapshot,gone_404,no_snapshot,none_in_metadata
"ce3eu3i",removed_by_host+no_snapshot,removed_by_host,no_snapshot,none_in_metadata
"ce43ff2",removed_by_host+no_snapshot,removed_by_host,no_snapshot,none_in_metadata
"ce46yq",gone_404+no_snapshot,gone_404,no_snapshot,none_in_metadata
"ce4p45u",removed_by_host+no_snapshot,removed_by_host,no_snapshot,none_in_metadata
"ce50086",blocked_403+no_snapshot,blocked_403,no_snapshot,none_in_metadata
"ce6ezai",removed_by_host+no_snapshot,removed_by_host,no_snapshot,none_in_metadata
"ce7siv",gone_404+no_snapshot,gone_404,no_snapshot,none_in_metadata
"ce849i",gone_404+no_snapshot,gone_404,no_snapshot,none_in_metadata
"ce8cl3",gone_404+no_snapshot,gone_404,no_snapshot,none_in_metadata
"ce8nks",gone_404+no_snapshot,gone_404,no_snapshot,none_in_metadata
"ce8nv4",gone_404+no_snapshot,gone_404,no_snapshot,none_in_metadata
"ce9p19",gone_404+no_snapshot,gone_404,no_snapshot,none_in_metadata
"ce9v60",gone_404+no_snapshot,gone_404,no_snapshot,none_in_metadata
"ceam9c4",removed_by_host+no_snapshot,removed_by_host,no_snapshot,none_in_metadata
"ceaubz8",removed_by_host+no_snapshot,removed_by_host,no_snapshot,none_in_metadata
"ceaz4v",gone_404+no_snapshot,gone_404,no_snapshot,none_in_metadata
"ceb5qt6",removed_by_host+no_snapshot,removed_by_host,no_snapshot,none_in_metadata
"cebns03",removed_by_host+no_snapshot,removed_by_host,no_snapshot,none_in_metadata
"cec8ucm",removed_by_host+no_snapshot,removed_by_host,no_snapshot,none_in_metadata
"ceca7w6",removed_by_host+no_snapshot,removed_by_host,no_snapshot,none_in_metadata
"cecabt",gone_404+no_snapshot,gone_404,no_snapshot,none_in_metadata
"ceckgrl",removed_by_host+no_snapshot,removed_by_host,no_snapshot,none_in_metadata
"cecpmu6",removed_by_host+no_snapshot,removed_by_host,no_snapshot,none_in_metadata
"cecrd9r",removed_by_host+no_snapshot,removed_by_host,no_snapshot,none_in_metadata
"cecta2q",removed_by_host+no_snapshot,removed_by_host,no_snapshot,none_in_metadata
"cecyko9",removed_by_host+no_snapshot,removed_by_host,no_snapshot,none_in_metadata
"cedf66",gone_404+no_snapshot,gone_404,no_snapshot,none_in_metadata
"cedr4i6",removed_by_host+no_snapshot,removed_by_host,no_snapshot,none_in_metadata
"cedwf38",removed_by_host+no_snapshot,removed_by_host,no_snapshot,none_in_metadata
"cedymnr",removed_by_host+no_snapshot,removed_by_host,no_snapshot,none_in_metadata
"cee3nbp",server_error_5xx+no_snapshot,server_error_5xx,no_snapshot,none_in_metadata
"cee4qqo",removed_by_host+no_snapshot,removed_by_host,no_snapshot,none_in_metadata
"cefdgv6",removed_by_host+no_snapshot,removed_by_host,no_snapshot,none_in_metadata
"ceffli2",removed_by_host+no_snapshot,removed_by_host,no_snapshot,none_in_metadata
"ceg5vx",gone_404+no_snapshot,gone_404,no_snapshot,none_in_metadata
"cegcf4",gone_404+no_snapshot,gone_404,no_snapshot,none_in_metadata
"cegllo9",removed_by_host+no_snapshot,removed_by_host,no_snapshot,none_in_metadata
"cegmk05",removed_by_host+no_snapshot,removed_by_host,no_snapshot,none_in_metadata
"cegmkw9",removed_by_host+no_snapshot,removed_by_host,no_snapshot,none_in_metadata
"ceguvm",gone_404+no_snapshot,gone_404,no_snapshot,none_in_metadata
"cegyibc",gone_404+no_snapshot,gone_404,no_snapshot,none_in_metadata
"ceh4gua",removed_by_host+no_snapshot,removed_by_host,no_snapshot,none_in_metadata
"cei372",gone_404+no_snapshot,gone_404,no_snapshot,none_in_metadata
"cei50k",gone_404+no_snapshot,gone_404,no_snapshot,none_in_metadata
"ceic8tr",removed_by_host+no_snapshot,removed_by_host,no_snapshot,none_in_metadata
"ceiqtf",gone_404+no_snapshot,gone_404,no_snapshot,none_in_metadata
"cejauj",gone_404+no_snapshot,gone_404,no_snapshot,none_in_metadata
"ceki8h3",removed_by_host+no_snapshot,removed_by_host,no_snapshot,none_in_metadata
"cekzxj7",removed_by_host+no_snapshot,removed_by_host,no_snapshot,none_in_metadata
"celbfr5",removed_by_host+no_snapshot,removed_by_host,no_snapshot,none_in_metadata
"celo0i4",removed_by_host+no_snapshot,removed_by_host,no_snapshot,none_in_metadata
"cembawa",removed_by_host+no_snapshot,removed_by_host,no_snapshot,none_in_metadata
"cemqu8t",removed_by_host+no_snapshot,removed_by_host,no_snapshot,none_in_metadata
"cen3zlh",removed_by_host+no_snapshot,removed_by_host,no_snapshot,none_in_metadata
"ceo630",gone_404+no_snapshot,gone_404,no_snapshot,none_in_metadata
"ceo915",gone_404+no_snapshot,gone_404,no_snapshot,none_in_metadata
"ceoet0k",removed_by_host+no_snapshot,removed_by_host,no_snapshot,none_in_metadata
"ceonv1d",removed_by_host+no_snapshot,removed_by_host,no_snapshot,none_in_metadata
"cep58zn",removed_by_host+no_snapshot,removed_by_host,no_snapshot,none_in_metadata
"cep8xeu",removed_by_host+no_snapshot,removed_by_host,no_snapshot,none_in_metadata
"ceq6cc",gone_404+no_snapshot,gone_404,no_snapshot,none_in_metadata
"cerdds9",removed_by_host+no_snapshot,removed_by_host,no_snapshot,none_in_metadata
"ces8d4t",removed_by_host+no_snapshot,removed_by_host,no_snapshot,none_in_metadata
"cesgbgk",removed_by_host+no_snapshot,removed_by_host,no_snapshot,none_in_metadata
"cesyhnk",removed_by_host+no_snapshot,removed_by_host,no_snapshot,none_in_metadata
"cesylge",removed_by_host+no_snapshot,removed_by_host,no_snapshot,none_in_metadata
"cetb6ee",removed_by_host+no_snapshot,removed_by_host,no_snapshot,none_in_metadata
"cetoml9",removed_by_host+no_snapshot,removed_by_host,no_snapshot,none_in_metadata
"ceufil",gone_404+no_snapshot,gone_404,no_snapshot,none_in_metadata
"cev53h",gone_404+no_snapshot,gone_404,no_snapshot,none_in_metadata
"cevgzr",gone_404+no_snapshot,gone_404,no_snapshot,none_in_metadata
"cew4wpt",removed_by_host+no_snapshot,removed_by_host,no_snapshot,none_in_metadata
"cew57x",gone_404+no_snapshot,gone_404,no_snapshot,none_in_metadata
"cex5mdq",gone_404+snapshots_failed,gone_404,snapshots_failed,none_in_metadata
"cexbk32",removed_by_host+no_snapshot,removed_by_host,no_snapshot,none_in_metadata
"cey22v",gone_404+no_snapshot,gone_404,no_snapshot,none_in_metadata
"ceyk2t",gone_404+no_snapshot,gone_404,no_snapshot,none_in_metadata
"cezgu3p",removed_by_host+no_snapshot,removed_by_host,no_snapshot,none_in_metadata
"cezv9xk",removed_by_host+no_snapshot,removed_by_host,no_snapshot,none_in_metadata
"cf0d7q6",removed_by_host+no_snapshot,removed_by_host,no_snapshot,none_in_metadata
"cf0tnh6",removed_by_host+no_snapshot,removed_by_host,no_snapshot,none_in_metadata
"cf2zou4",removed_by_host+no_snapshot,removed_by_host,no_snapshot,none_in_metadata
"cf36fq",gone_404+no_snapshot,gone_404,no_snapshot,none_in_metadata
"cf3a7h2",removed_by_host+no_snapshot,removed_by_host,no_snapshot,none_in_metadata
"cf3i4vl",removed_by_host+no_snapshot,removed_by_host,no_snapshot,none_in_metadata
"cf3pjc",gone_404+no_snapshot,gone_404,no_snapshot,none_in_metadata
"cf42td",gone_404+no_snapshot,gone_404,no_snapshot,none_in_metadata
"cf47lr4",removed_by_host+no_snapshot,removed_by_host,no_snapshot,none_in_metadata
"cf4k6l",gone_404+no_snapshot,gone_404,no_snapshot,none_in_metadata
"cf4r3z",gone_404+no_snapshot,gone_404,no_snapshot,none_in_metadata
"cf4trba",removed_by_host+no_snapshot,removed_by_host,no_snapshot,none_in_metadata
"cf4udfd",removed_by_host+no_snapshot,removed_by_host,no_snapshot,none_in_metadata
"cf542y",gone_404+no_snapshot,gone_404,no_snapshot,none_in_metadata
"cf5c7r5",removed_by_host+no_snapshot,removed_by_host,no_snapshot,none_in_metadata
"cf5sil4",removed_by_host+no_snapshot,removed_by_host,no_snapshot,none_in_metadata
"cf65o94",removed_by_host+no_snapshot,removed_by_host,no_snapshot,none_in_metadata
"cf67rq",gone_404+no_snapshot,gone_404,no_snapshot,none_in_metadata
"cf6ck1v",removed_by_host+no_snapshot,removed_by_host,no_snapshot,none_in_metadata
"cf6x71s",removed_by_host+no_snapshot,removed_by_host,no_snapshot,none_in_metadata
"cf7jcet",removed_by_host+no_snapshot,removed_by_host,no_snapshot,none_in_metadata
"cf8idzf",removed_by_host+no_snapshot,removed_by_host,no_snapshot,none_in_metadata
"cf8u25",gone_404+no_snapshot,gone_404,no_snapshot,none_in_metadata
"cf9183",gone_404+no_snapshot,gone_404,no_snapshot,none_in_metadata
"cf9plt1",removed_by_host+no_snapshot,removed_by_host,no_snapshot,none_in_metadata
"cf9qrr",gone_404+no_snapshot,gone_404,no_snapshot,none_in_metadata
"cf9s4rn",removed_by_host+no_snapshot,removed_by_host,no_snapshot,none_in_metadata
"cf9vif9",removed_by_host+no_snapshot,removed_by_host,no_snapshot,none_in_metadata
"cfa4ttd",removed_by_host+no_snapshot,removed_by_host,no_snapshot,none_in_metadata
"cfao3w0",removed_by_host+no_snapshot,removed_by_host,no_snapshot,none_in_metadata
"cfaqc4v",removed_by_host+no_snapshot,removed_by_host,no_snapshot,none_in_metadata
"cfaqjqh",removed_by_host+no_snapshot,removed_by_host,no_snapshot,none_in_metadata
"cfax0n8",removed_by_host+no_snapshot,removed_by_host,no_snapshot,none_in_metadata
"cfb0kub",removed_by_host+no_snapshot,removed_by_host,no_snapshot,none_in_metadata
"cfc8nzc",dns_failure+no_snapshot,dns_failure,no_snapshot,none_in_metadata
"cfc937",gone_404+no_snapshot,gone_404,no_snapshot,none_in_metadata
"cfchkil",removed_by_host+no_snapshot,removed_by_host,no_snapshot,none_in_metadata
"cfcrzpn",removed_by_host+no_snapshot,removed_by_host,no_snapshot,none_in_metadata
"cfd6s25",removed_by_host+no_snapshot,removed_by_host,no_snapshot,none_in_metadata
"cfd8xld",removed_by_host+no_snapshot,removed_by_host,no_snapshot,none_in_metadata
"cfdd6fz",removed_by_host+no_snapshot,removed_by_host,no_snapshot,none_in_metadata
"cfe5dt",gone_404+no_snapshot,gone_404,no_snapshot,none_in_metadata
"cfe73l0",removed_by_host+no_snapshot,removed_by_host,no_snapshot,none_in_metadata
"cfe8z8",gone_404+no_snapshot,gone_404,no_snapshot,none_in_metadata
"cfe9mc",gone_404+no_snapshot,gone_404,no_snapshot,none_in_metadata
"cffced",gone_404+no_snapshot,gone_404,no_snapshot,none_in_metadata
"cffdda",gone_404+no_snapshot,gone_404,no_snapshot,none_in_metadata
"cfg3xfy",removed_by_host+no_snapshot,removed_by_host,no_snapshot,none_in_metadata
"cfg7pc",gone_404+no_snapshot,gone_404,no_snapshot,none_in_metadata
"cfi1tv",gone_404+no_snapshot,gone_404,no_snapshot,none_in_metadata
"cfibgdr",removed_by_host+no_snapshot,removed_by_host,no_snapshot,none_in_metadata
"cfjkqe",gone_404+no_snapshot,gone_404,no_snapshot,none_in_metadata
"cfk1fqw",removed_by_host+no_snapshot,removed_by_host,no_snapshot,none_in_metadata
"cfkbb6",gone_404+no_snapshot,gone_404,no_snapshot,none_in_metadata
"cfkdxw",gone_404+no_snapshot,gone_404,no_snapshot,none_in_metadata
"cfky4sl",removed_by_host+no_snapshot,removed_by_host,no_snapshot,none_in_metadata
"cflddeg",removed_by_host+no_snapshot,removed_by_host,no_snapshot,none_in_metadata
"cfldxl",gone_404+no_snapshot,gone_404,no_snapshot,none_in_metadata
"cfmaon",gone_404+no_snapshot,gone_404,no_snapshot,none_in_metadata
"cfmqp7j",removed_by_host+no_snapshot,removed_by_host,no_snapshot,none_in_metadata
"cfnae2",gone_404+no_snapshot,gone_404,no_snapshot,none_in_metadata
"cfo8mgh",removed_by_host+no_snapshot,removed_by_host,no_snapshot,none_in_metadata
"cfo92j",gone_404+no_snapshot,gone_404,no_snapshot,none_in_metadata
"cfph4n",gone_404+no_snapshot,gone_404,no_snapshot,none_in_metadata
"cfpl39e",removed_by_host+no_snapshot,removed_by_host,no_snapshot,none_in_metadata
"cfqa23",gone_404+no_snapshot,gone_404,no_snapshot,none_in_metadata
"cfqgz3",gone_404+no_snapshot,gone_404,no_snapshot,none_in_metadata
"cfqkfb3",removed_by_host+no_snapshot,removed_by_host,no_snapshot,none_in_metadata
"cfqxt0l",removed_by_host+no_snapshot,removed_by_host,no_snapshot,none_in_metadata
"cfri23",gone_404+no_snapshot,gone_404,no_snapshot,none_in_metadata
"cfscv5l",removed_by_host+no_snapshot,removed_by_host,no_snapshot,none_in_metadata
"cft3th",gone_404+no_snapshot,gone_404,no_snapshot,none_in_metadata
"cft93nq",removed_by_host+no_snapshot,removed_by_host,no_snapshot,none_in_metadata
"cfu75qx",removed_by_host+no_snapshot,removed_by_host,no_snapshot,none_in_metadata
"cfui4vg",removed_by_host+no_snapshot,removed_by_host,no_snapshot,none_in_metadata
"cfuot3",gone_404+no_snapshot,gone_404,no_snapshot,none_in_metadata
"cfx045a",removed_by_host+no_snapshot,removed_by_host,no_snapshot,none_in_metadata
"cfxetj",gone_404+no_snapshot,gone_404,no_snapshot,none_in_metadata
"cfy7so",gone_404+no_snapshot,gone_404,no_snapshot,none_in_metadata
"cfzmis",gone_404+no_snapshot,gone_404,no_snapshot,none_in_metadata
"cfztph",gone_404+no_snapshot,gone_404,no_snapshot,none_in_metadata
"cg0edh",gone_404+no_snapshot,gone_404,no_snapshot,none_in_metadata
"cg0uii2",removed_by_host+no_snapshot,removed_by_host,no_snapshot,none_in_metadata
"cg1py0",gone_404+no_snapshot,gone_404,no_snapshot,none_in_metadata
"cg1zoa",gone_404+no_snapshot,gone_404,no_snapshot,none_in_metadata
"cg3dmt",gone_404+no_snapshot,gone_404,no_snapshot,none_in_metadata
"cg4avv",gone_404+no_snapshot,gone_404,no_snapshot,none_in_metadata
"cg5leia",removed_by_host+no_snapshot,removed_by_host,no_snapshot,none_in_metadata
"cg5oqk",gone_404+no_snapshot,gone_404,no_snapshot,none_in_metadata
"cg6jenb",removed_by_host+no_snapshot,removed_by_host,no_snapshot,none_in_metadata
"cg6ylp6",removed_by_host+no_snapshot,removed_by_host,no_snapshot,none_in_metadata
"cg7ale",gone_404+no_snapshot,gone_404,no_snapshot,none_in_metadata
"cg7joy",gone_404+no_snapshot,gone_404,no_snapshot,none_in_metadata
"cg7ksd",gone_404+no_snapshot,gone_404,no_snapshot,none_in_metadata
"cg7um16",removed_by_host+no_snapshot,removed_by_host,no_snapshot,none_in_metadata
"cg7x1u",gone_404+no_snapshot,gone_404,no_snapshot,none_in_metadata
"cg82x6f",removed_by_host+no_snapshot,removed_by_host,no_snapshot,none_in_metadata
"cg892h",gone_404+no_snapshot,gone_404,no_snapshot,none_in_metadata
"cg8j84",gone_404+no_snapshot,gone_404,no_snapshot,none_in_metadata
"cg9ntnq",removed_by_host+no_snapshot,removed_by_host,no_snapshot,none_in_metadata
"cgaw4y3",removed_by_host+no_snapshot,removed_by_host,no_snapshot,none_in_metadata
"cgb5iif",removed_by_host+no_snapshot,removed_by_host,no_snapshot,none_in_metadata
"cgb6u2q",removed_by_host+no_snapshot,removed_by_host,no_snapshot,none_in_metadata
"cgbl4ow",removed_by_host+no_snapshot,removed_by_host,no_snapshot,none_in_metadata
"cgbmze",gone_404+no_snapshot,gone_404,no_snapshot,none_in_metadata
"cgcp1nc",removed_by_host+no_snapshot,removed_by_host,no_snapshot,none_in_metadata
"cgda9m",gone_404+no_snapshot,gone_404,no_snapshot,none_in_metadata
"cgdnlm",gone_404+no_snapshot,gone_404,no_snapshot,none_in_metadata
"cge60yd",removed_by_host+no_snapshot,removed_by_host,no_snapshot,none_in_metadata
"cgeaow",gone_404+no_snapshot,gone_404,no_snapshot,none_in_metadata
"cgewas8",removed_by_host+no_snapshot,removed_by_host,no_snapshot,none_in_metadata
"cgf4k3",gone_404+no_snapshot,gone_404,no_snapshot,none_in_metadata
"cgfs929",removed_by_host+no_snapshot,removed_by_host,no_snapshot,none_in_metadata
"cggm9hj",removed_by_host+no_snapshot,removed_by_host,no_snapshot,none_in_metadata
"cggppg",gone_404+no_snapshot,gone_404,no_snapshot,none_in_metadata
"cggy5i",gone_404+no_snapshot,gone_404,no_snapshot,none_in_metadata
"cghbb7b",removed_by_host+no_snapshot,removed_by_host,no_snapshot,none_in_metadata
"cghbi7h",removed_by_host+no_snapshot,removed_by_host,no_snapshot,none_in_metadata
"cgi1s27",removed_by_host+no_snapshot,removed_by_host,no_snapshot,none_in_metadata
"cgiah6v",removed_by_host+no_snapshot,removed_by_host,no_snapshot,none_in_metadata
"cgiido",gone_404+no_snapshot,gone_404,no_snapshot,none_in_metadata
"cgix3yt",removed_by_host+no_snapshot,removed_by_host,no_snapshot,none_in_metadata
"cgj14iw",removed_by_host+no_snapshot,removed_by_host,no_snapshot,none_in_metadata
"cgjbv8u",removed_by_host+no_snapshot,removed_by_host,no_snapshot,none_in_metadata
"cgjo18o",removed_by_host+no_snapshot,removed_by_host,no_snapshot,none_in_metadata
"cgjt2uz",removed_by_host+no_snapshot,removed_by_host,no_snapshot,none_in_metadata
"cgkh3cg",removed_by_host+no_snapshot,removed_by_host,no_snapshot,none_in_metadata
"cgl4fof",removed_by_host+no_snapshot,removed_by_host,no_snapshot,none_in_metadata
"cglv04",gone_404+no_snapshot,gone_404,no_snapshot,none_in_metadata
"cgmm4o0",removed_by_host+no_snapshot,removed_by_host,no_snapshot,none_in_metadata
"cgpnra1",removed_by_host+no_snapshot,removed_by_host,no_snapshot,none_in_metadata
"cgq2dad",removed_by_host+no_snapshot,removed_by_host,no_snapshot,none_in_metadata
"cgqqhi",gone_404+no_snapshot,gone_404,no_snapshot,none_in_metadata
"cgqtqdi",removed_by_host+no_snapshot,removed_by_host,no_snapshot,none_in_metadata
"cgqx5q",gone_404+no_snapshot,gone_404,no_snapshot,none_in_metadata
"cgrpkpm",removed_by_host+no_snapshot,removed_by_host,no_snapshot,none_in_metadata
"cgrrhk",gone_404+no_snapshot,gone_404,no_snapshot,none_in_metadata
"cgs25x8",removed_by_host+no_snapshot,removed_by_host,no_snapshot,none_in_metadata
"cgsgwo",gone_404+no_snapshot,gone_404,no_snapshot,none_in_metadata
"cgsl8o",gone_404+no_snapshot,gone_404,no_snapshot,none_in_metadata
"cgstqz3",removed_by_host+no_snapshot,removed_by_host,no_snapshot,none_in_metadata
"cgsz4eg",removed_by_host+no_snapshot,removed_by_host,no_snapshot,none_in_metadata
"cgtcyeo",removed_by_host+no_snapshot,removed_by_host,no_snapshot,none_in_metadata
"cgtemu1",removed_by_host+no_snapshot,removed_by_host,no_snapshot,none_in_metadata
"cgtlo4",gone_404+no_snapshot,gone_404,no_snapshot,none_in_metadata
"cgtsnnd",removed_by_host+no_snapshot,removed_by_host,no_snapshot,none_in_metadata
"cgtt33p",removed_by_host+no_snapshot,removed_by_host,no_snapshot,none_in_metadata
"cgucq6v",removed_by_host+no_snapshot,removed_by_host,no_snapshot,none_in_metadata
"cgudhv",gone_404+no_snapshot,gone_404,no_snapshot,none_in_metadata
"cgulph",gone_404+no_snapshot,gone_404,no_snapshot,none_in_metadata
"cguoy6",gone_404+no_snapshot,gone_404,no_snapshot,none_in_metadata
"cgva8y",gone_404+no_snapshot,gone_404,no_snapshot,none_in_metadata
"cgvag2e",removed_by_host+no_snapshot,removed_by_host,no_snapshot,none_in_metadata
"cgvmwmo",removed_by_host+no_snapshot,removed_by_host,no_snapshot,none_in_metadata
"cgwe43",gone_404+no_snapshot,gone_404,no_snapshot,none_in_metadata
"cgwfep",gone_404+no_snapshot,gone_404,no_snapshot,none_in_metadata
"cgx2f6",gone_404+no_snapshot,gone_404,no_snapshot,none_in_metadata
"cgy00y",gone_404+no_snapshot,gone_404,no_snapshot,none_in_metadata
"cgydf3t",removed_by_host+no_snapshot,removed_by_host,no_snapshot,none_in_metadata
"cgyo329",removed_by_host+no_snapshot,removed_by_host,no_snapshot,none_in_metadata
"cgyytd",gone_404+no_snapshot,gone_404,no_snapshot,none_in_metadata
"ch02hv",gone_404+no_snapshot,gone_404,no_snapshot,none_in_metadata
"ch0zil",gone_404+no_snapshot,gone_404,no_snapshot,none_in_metadata
"ch1pcor",refused_http_409+no_snapshot,refused_http_409,no_snapshot,none_in_metadata
"ch1s1i",gone_404+no_snapshot,gone_404,no_snapshot,none_in_metadata
"ch29m5",gone_404+no_snapshot,gone_404,no_snapshot,none_in_metadata
"ch2nu8",gone_404+no_snapshot,gone_404,no_snapshot,none_in_metadata
"ch34ke",gone_404+no_snapshot,gone_404,no_snapshot,none_in_metadata
"ch3q1e",gone_404+no_snapshot,gone_404,no_snapshot,none_in_metadata
"ch3u916",removed_by_host+no_snapshot,removed_by_host,no_snapshot,none_in_metadata
"ch3urbd",removed_by_host+no_snapshot,removed_by_host,no_snapshot,none_in_metadata
"ch44qm5",removed_by_host+no_snapshot,removed_by_host,no_snapshot,none_in_metadata
"ch45bqc",removed_by_host+no_snapshot,removed_by_host,no_snapshot,none_in_metadata
"ch4zm1",gone_404+no_snapshot,gone_404,no_snapshot,none_in_metadata
"ch5jwz9",removed_by_host+no_snapshot,removed_by_host,no_snapshot,none_in_metadata
"ch6c4ma",removed_by_host+no_snapshot,removed_by_host,no_snapshot,none_in_metadata
"ch6cpd",gone_404+no_snapshot,gone_404,no_snapshot,none_in_metadata
"ch6ku2z",host_serves_non_image+no_snapshot,host_serves_non_image,no_snapshot,none_in_metadata
"ch6oxu1",removed_by_host+no_snapshot,removed_by_host,no_snapshot,none_in_metadata
"ch769a5",removed_by_host+no_snapshot,removed_by_host,no_snapshot,none_in_metadata
"ch7ermw",removed_by_host+no_snapshot,removed_by_host,no_snapshot,none_in_metadata
"ch7nsli",removed_by_host+no_snapshot,removed_by_host,no_snapshot,none_in_metadata
"ch80wa",fetched_furniture+snapshot_furniture,fetched_furniture,snapshot_furniture,none_in_metadata
"ch8v4q6",removed_by_host+no_snapshot,removed_by_host,no_snapshot,none_in_metadata
"ch96o0g",removed_by_host+no_snapshot,removed_by_host,no_snapshot,none_in_metadata
"ch9bua",gone_404+no_snapshot,gone_404,no_snapshot,none_in_metadata
"cha4rl",gone_404+no_snapshot,gone_404,no_snapshot,none_in_metadata
"cha7dp",gone_404+no_snapshot,gone_404,no_snapshot,none_in_metadata
"chamwpi",removed_by_host+no_snapshot,removed_by_host,no_snapshot,none_in_metadata
"chb42f",gone_404+no_snapshot,gone_404,no_snapshot,none_in_metadata
"chccdg2",removed_by_host+no_snapshot,removed_by_host,no_snapshot,none_in_metadata
"chci2m4",removed_by_host+no_snapshot,removed_by_host,no_snapshot,none_in_metadata
"chd4cru",removed_by_host+no_snapshot,removed_by_host,no_snapshot,none_in_metadata
"chddifz",removed_by_host+no_snapshot,removed_by_host,no_snapshot,none_in_metadata
"chdpz4",gone_404+no_snapshot,gone_404,no_snapshot,none_in_metadata
"chefj7k",removed_by_host+no_snapshot,removed_by_host,no_snapshot,none_in_metadata
"cheivc",gone_404+no_snapshot,gone_404,no_snapshot,none_in_metadata
"chek4v",gone_404+no_snapshot,gone_404,no_snapshot,none_in_metadata
"cheki20",removed_by_host+no_snapshot,removed_by_host,no_snapshot,none_in_metadata
"chesgxe",removed_by_host+no_snapshot,removed_by_host,no_snapshot,none_in_metadata
"chgar7f",removed_by_host+no_snapshot,removed_by_host,no_snapshot,none_in_metadata
"chgf0u",gone_404+no_snapshot,gone_404,no_snapshot,none_in_metadata
"chgggtn",removed_by_host+no_snapshot,removed_by_host,no_snapshot,none_in_metadata
"chh6p8r",removed_by_host+no_snapshot,removed_by_host,no_snapshot,none_in_metadata
"chhd5z",gone_404+no_snapshot,gone_404,no_snapshot,none_in_metadata
"chil9a3",removed_by_host+no_snapshot,removed_by_host,no_snapshot,none_in_metadata
"chiy7al",removed_by_host+no_snapshot,removed_by_host,no_snapshot,none_in_metadata
"chjlxjk",removed_by_host+no_snapshot,removed_by_host,no_snapshot,none_in_metadata
"chjs6h",gone_404+no_snapshot,gone_404,no_snapshot,none_in_metadata
"chkk23a",removed_by_host+no_snapshot,removed_by_host,no_snapshot,none_in_metadata
"chl4clj",removed_by_host+no_snapshot,removed_by_host,no_snapshot,none_in_metadata
"chluxpk",removed_by_host+no_snapshot,removed_by_host,no_snapshot,none_in_metadata
"chlwha2",removed_by_host+no_snapshot,removed_by_host,no_snapshot,none_in_metadata
"chm4h8",gone_404+no_snapshot,gone_404,no_snapshot,none_in_metadata
"chmecap",removed_by_host+no_snapshot,removed_by_host,no_snapshot,none_in_metadata
"chmog5y",removed_by_host+no_snapshot,removed_by_host,no_snapshot,none_in_metadata
"chn9gic",removed_by_host+no_snapshot,removed_by_host,no_snapshot,none_in_metadata
"chnehoz",removed_by_host+no_snapshot,removed_by_host,no_snapshot,none_in_metadata
"chnfwjw",removed_by_host+no_snapshot,removed_by_host,no_snapshot,none_in_metadata
"chngnk2",removed_by_host+no_snapshot,removed_by_host,no_snapshot,none_in_metadata
"cho3b3u",removed_by_host+no_snapshot,removed_by_host,no_snapshot,none_in_metadata
"chp6sj5",removed_by_host+no_snapshot,removed_by_host,no_snapshot,none_in_metadata
"chplsp",gone_404+no_snapshot,gone_404,no_snapshot,none_in_metadata
"chpm5k3",dns_failure+no_snapshot,dns_failure,no_snapshot,none_in_metadata
"chpme8k",dns_failure+no_snapshot,dns_failure,no_snapshot,none_in_metadata
"chqdj66",removed_by_host+no_snapshot,removed_by_host,no_snapshot,none_in_metadata
"chqdn1",gone_404+no_snapshot,gone_404,no_snapshot,none_in_metadata
"chqgye8",removed_by_host+no_snapshot,removed_by_host,no_snapshot,none_in_metadata
"chqxoms",dns_failure+no_snapshot,dns_failure,no_snapshot,none_in_metadata
"chr2bd2",removed_by_host+no_snapshot,removed_by_host,no_snapshot,none_in_metadata
"chrdgfb",removed_by_host+no_snapshot,removed_by_host,no_snapshot,none_in_metadata
"chredx",gone_404+no_snapshot,gone_404,no_snapshot,none_in_metadata
"chs3k2c",removed_by_host+no_snapshot,removed_by_host,no_snapshot,none_in_metadata
"chsfwmi",removed_by_host+no_snapshot,removed_by_host,no_snapshot,none_in_metadata
"chsnkwt",removed_by_host+no_snapshot,removed_by_host,no_snapshot,none_in_metadata
"chsrat",gone_404+no_snapshot,gone_404,no_snapshot,none_in_metadata
"chu2hy",gone_404+no_snapshot,gone_404,no_snapshot,none_in_metadata
"chv2n1l",host_serves_non_image+no_snapshot,host_serves_non_image,no_snapshot,none_in_metadata
"chvup2",gone_404+no_snapshot,gone_404,no_snapshot,none_in_metadata
"chvw7pk",removed_by_host+no_snapshot,removed_by_host,no_snapshot,none_in_metadata
"chxssx7",removed_by_host+no_snapshot,removed_by_host,no_snapshot,none_in_metadata
"chy4rdv",removed_by_host+no_snapshot,removed_by_host,no_snapshot,none_in_metadata
"chy6fs1",removed_by_host+no_snapshot,removed_by_host,no_snapshot,none_in_metadata
"chy6vk",gone_404+no_snapshot,gone_404,no_snapshot,none_in_metadata
"chym7qc",removed_by_host+no_snapshot,removed_by_host,no_snapshot,none_in_metadata
"chzhf9z",removed_by_host+no_snapshot,removed_by_host,no_snapshot,none_in_metadata
"chzo5dt",removed_by_host+no_snapshot,removed_by_host,no_snapshot,none_in_metadata
"ci027mj",removed_by_host+no_snapshot,removed_by_host,no_snapshot,none_in_metadata
"ci02ct",gone_404+no_snapshot,gone_404,no_snapshot,none_in_metadata
"ci14q8",gone_404+no_snapshot,gone_404,no_snapshot,none_in_metadata
"ci1rvl",gone_404+no_snapshot,gone_404,no_snapshot,none_in_metadata
"ci46yf",gone_404+snapshot_placeholder,gone_404,snapshot_placeholder,none_in_metadata
"ci4j9m",gone_404+no_snapshot,gone_404,no_snapshot,none_in_metadata
"ci4ynxb",removed_by_host+no_snapshot,removed_by_host,no_snapshot,none_in_metadata
"ci55le",gone_404+no_snapshot,gone_404,no_snapshot,none_in_metadata
"ci55uz",gone_404+no_snapshot,gone_404,no_snapshot,none_in_metadata
"ci64da",gone_404+no_snapshot,gone_404,no_snapshot,none_in_metadata
"ci6rar",gone_404+no_snapshot,gone_404,no_snapshot,none_in_metadata
"ci6sirz",removed_by_host+no_snapshot,removed_by_host,no_snapshot,none_in_metadata
"ci6zdk",gone_404+no_snapshot,gone_404,no_snapshot,none_in_metadata
"ci7069r",removed_by_host+no_snapshot,removed_by_host,no_snapshot,none_in_metadata
"ci7eofw",removed_by_host+no_snapshot,removed_by_host,no_snapshot,none_in_metadata
"ci7lho",gone_404+no_snapshot,gone_404,no_snapshot,none_in_metadata
"ci8g36",gone_404+no_snapshot,gone_404,no_snapshot,none_in_metadata
"ci8wlp9",removed_by_host+no_snapshot,removed_by_host,no_snapshot,none_in_metadata
"ci9p5u",gone_404+no_snapshot,gone_404,no_snapshot,none_in_metadata
"ci9rbr",gone_404+no_snapshot,gone_404,no_snapshot,none_in_metadata
"cia4ufm",removed_by_host+no_snapshot,removed_by_host,no_snapshot,none_in_metadata
"ciagkb9",removed_by_host+no_snapshot,removed_by_host,no_snapshot,none_in_metadata
"cib88uu",removed_by_host+no_snapshot,removed_by_host,no_snapshot,none_in_metadata
"cib95a",gone_404+no_snapshot,gone_404,no_snapshot,none_in_metadata
"cibffi",gone_404+no_snapshot,gone_404,no_snapshot,none_in_metadata
"cibk5st",removed_by_host+no_snapshot,removed_by_host,no_snapshot,none_in_metadata
"cibv8m",gone_404+no_snapshot,gone_404,no_snapshot,none_in_metadata
"cicdpq",gone_404+no_snapshot,gone_404,no_snapshot,none_in_metadata
"cicpi9y",removed_by_host+no_snapshot,removed_by_host,no_snapshot,none_in_metadata
"cid1g7",gone_404+no_snapshot,gone_404,no_snapshot,none_in_metadata
"cid7s91",host_serves_non_image+no_snapshot,host_serves_non_image,no_snapshot,none_in_metadata
"cie5ung",removed_by_host+no_snapshot,removed_by_host,no_snapshot,none_in_metadata
"ciek16",gone_404+no_snapshot,gone_404,no_snapshot,none_in_metadata
"cifbbe",gone_404+snapshot_placeholder,gone_404,snapshot_placeholder,none_in_metadata
"cihxwei",removed_by_host+no_snapshot,removed_by_host,no_snapshot,none_in_metadata
"ciiehw",gone_404+snapshot_placeholder,gone_404,snapshot_placeholder,none_in_metadata
"cik4zp",gone_404+no_snapshot,gone_404,no_snapshot,none_in_metadata
"cik7brd",removed_by_host+no_snapshot,removed_by_host,no_snapshot,none_in_metadata
"cik9l0q",removed_by_host+no_snapshot,removed_by_host,no_snapshot,none_in_metadata
"cikl68k",removed_by_host+no_snapshot,removed_by_host,no_snapshot,none_in_metadata
"cin2qt",gone_404+no_snapshot,gone_404,no_snapshot,none_in_metadata
"cin8j6h",removed_by_host+no_snapshot,removed_by_host,no_snapshot,none_in_metadata
"cinirkm",removed_by_host+no_snapshot,removed_by_host,no_snapshot,none_in_metadata
"cio6h6",gone_404+no_snapshot,gone_404,no_snapshot,none_in_metadata
"cioibl",gone_404+no_snapshot,gone_404,no_snapshot,none_in_metadata
"cioj9s",gone_404+no_snapshot,gone_404,no_snapshot,none_in_metadata
"ciompp",gone_404+no_snapshot,gone_404,no_snapshot,none_in_metadata
"ciot15",gone_404+no_snapshot,gone_404,no_snapshot,none_in_metadata
"cipaj2",gone_404+no_snapshot,gone_404,no_snapshot,none_in_metadata
"cipcz4e",removed_by_host+no_snapshot,removed_by_host,no_snapshot,none_in_metadata
"cipitq",gone_404+no_snapshot,gone_404,no_snapshot,none_in_metadata
"cipysdi",removed_by_host+no_snapshot,removed_by_host,no_snapshot,none_in_metadata
"ciq5lyp",removed_by_host+no_snapshot,removed_by_host,no_snapshot,none_in_metadata
"ciqmu0",gone_404+no_snapshot,gone_404,no_snapshot,none_in_metadata
"ciqnks4",removed_by_host+no_snapshot,removed_by_host,no_snapshot,none_in_metadata
"ciqtm8x",removed_by_host+no_snapshot,removed_by_host,no_snapshot,none_in_metadata
"cir1yw",gone_404+no_snapshot,gone_404,no_snapshot,none_in_metadata
"cirf4j7",removed_by_host+no_snapshot,removed_by_host,no_snapshot,none_in_metadata
"cirkyj",gone_404+no_snapshot,gone_404,no_snapshot,none_in_metadata
"cirwh9n",removed_by_host+no_snapshot,removed_by_host,no_snapshot,none_in_metadata
"cis2pe8",removed_by_host+no_snapshot,removed_by_host,no_snapshot,none_in_metadata
"cis68f",gone_404+no_snapshot,gone_404,no_snapshot,none_in_metadata
"ciscd8k",removed_by_host+no_snapshot,removed_by_host,no_snapshot,none_in_metadata
"cit7em",gone_404+no_snapshot,gone_404,no_snapshot,none_in_metadata
"citbqhw",removed_by_host+no_snapshot,removed_by_host,no_snapshot,none_in_metadata
"citpnqj",removed_by_host+no_snapshot,removed_by_host,no_snapshot,none_in_metadata
"citwnmc",removed_by_host+no_snapshot,removed_by_host,no_snapshot,none_in_metadata
"ciw6w3",gone_404+no_snapshot,gone_404,no_snapshot,none_in_metadata
"ciwfssi",removed_by_host+no_snapshot,removed_by_host,no_snapshot,none_in_metadata
"ciwj8f",gone_404+no_snapshot,gone_404,no_snapshot,none_in_metadata
"cixajw",gone_404+no_snapshot,gone_404,no_snapshot,none_in_metadata
"cixdgk",gone_404+no_snapshot,gone_404,no_snapshot,none_in_metadata
"cixjdz",gone_404+no_snapshot,gone_404,no_snapshot,none_in_metadata
"cixjw23",removed_by_host+no_snapshot,removed_by_host,no_snapshot,none_in_metadata
"cixv99",gone_404+no_snapshot,gone_404,no_snapshot,none_in_metadata
"cixx4k",gone_404+no_snapshot,gone_404,no_snapshot,none_in_metadata
"ciy0ns",gone_404+no_snapshot,gone_404,no_snapshot,none_in_metadata
"ciy5ps",gone_404+no_snapshot,gone_404,no_snapshot,none_in_metadata
"ciyal8",gone_404+no_snapshot,gone_404,no_snapshot,none_in_metadata
"ciye0n",gone_404+no_snapshot,gone_404,no_snapshot,none_in_metadata
"cizmjw1",removed_by_host+no_snapshot,removed_by_host,no_snapshot,none_in_metadata
"cizwu61",removed_by_host+no_snapshot,removed_by_host,no_snapshot,none_in_metadata
"cj07qb3",removed_by_host+no_snapshot,removed_by_host,no_snapshot,none_in_metadata
"cj0tlp",gone_404+no_snapshot,gone_404,no_snapshot,none_in_metadata
"cj1b5t4",removed_by_host+no_snapshot,removed_by_host,no_snapshot,none_in_metadata
"cj1q1y",gone_404+no_snapshot,gone_404,no_snapshot,none_in_metadata
"cj1wk2e",removed_by_host+no_snapshot,removed_by_host,no_snapshot,none_in_metadata
"cj2dmbo",removed_by_host+no_snapshot,removed_by_host,no_snapshot,none_in_metadata
"cj2kqo",gone_404+no_snapshot,gone_404,no_snapshot,none_in_metadata
"cj3ela",gone_404+no_snapshot,gone_404,no_snapshot,none_in_metadata
"cj3qe8v",removed_by_host+no_snapshot,removed_by_host,no_snapshot,none_in_metadata
"cj3yjb",gone_404+no_snapshot,gone_404,no_snapshot,none_in_metadata
"cj4cu9",gone_404+no_snapshot,gone_404,no_snapshot,none_in_metadata
"cj4git",gone_404+no_snapshot,gone_404,no_snapshot,none_in_metadata
"cj4jhk",gone_404+no_snapshot,gone_404,no_snapshot,none_in_metadata
"cj4za91",removed_by_host+no_snapshot,removed_by_host,no_snapshot,none_in_metadata
"cj53bql",removed_by_host+no_snapshot,removed_by_host,no_snapshot,none_in_metadata
"cj5f2u2",removed_by_host+no_snapshot,removed_by_host,no_snapshot,none_in_metadata
"cj5k365",removed_by_host+no_snapshot,removed_by_host,no_snapshot,none_in_metadata
"cj6pkcv",removed_by_host+no_snapshot,removed_by_host,no_snapshot,none_in_metadata
"cj6rul",gone_404+no_snapshot,gone_404,no_snapshot,none_in_metadata
"cj8bm7",gone_404+no_snapshot,gone_404,no_snapshot,none_in_metadata
"cj935r9",removed_by_host+no_snapshot,removed_by_host,no_snapshot,none_in_metadata
"cj9yom",gone_404+no_snapshot,gone_404,no_snapshot,none_in_metadata
"cja1goa",removed_by_host+no_snapshot,removed_by_host,no_snapshot,none_in_metadata
"cja2lpg",removed_by_host+no_snapshot,removed_by_host,no_snapshot,none_in_metadata
"cja6kw0",removed_by_host+no_snapshot,removed_by_host,no_snapshot,none_in_metadata
"cja6zqx",removed_by_host+no_snapshot,removed_by_host,no_snapshot,none_in_metadata
"cja8o9o",removed_by_host+no_snapshot,removed_by_host,no_snapshot,none_in_metadata
"cjaheru",removed_by_host+no_snapshot,removed_by_host,no_snapshot,none_in_metadata
"cjb5qu",gone_404+no_snapshot,gone_404,no_snapshot,none_in_metadata
"cjbu31a",removed_by_host+no_snapshot,removed_by_host,no_snapshot,none_in_metadata
"cjcq9bg",removed_by_host+no_snapshot,removed_by_host,no_snapshot,none_in_metadata
"cjcsm9",gone_404+no_snapshot,gone_404,no_snapshot,none_in_metadata
"cjd0g3t",removed_by_host+no_snapshot,removed_by_host,no_snapshot,none_in_metadata
"cje5s8k",removed_by_host+no_snapshot,removed_by_host,no_snapshot,none_in_metadata
"cjefpic",removed_by_host+no_snapshot,removed_by_host,no_snapshot,none_in_metadata
"cjev5a",gone_404+no_snapshot,gone_404,no_snapshot,none_in_metadata
"cjg4kti",removed_by_host+no_snapshot,removed_by_host,no_snapshot,none_in_metadata
"cjg4umb",host_serves_non_image+no_snapshot,host_serves_non_image,no_snapshot,none_in_metadata
"cjgyrj",gone_404+no_snapshot,gone_404,no_snapshot,none_in_metadata
"cjh5bm",gone_404+no_snapshot,gone_404,no_snapshot,none_in_metadata
"cjh71ha",removed_by_host+no_snapshot,removed_by_host,no_snapshot,none_in_metadata
"cjhdmz",gone_404+no_snapshot,gone_404,no_snapshot,none_in_metadata
"cjhmx3",gone_404+no_snapshot,gone_404,no_snapshot,none_in_metadata
"cjhs0d",gone_404+no_snapshot,gone_404,no_snapshot,none_in_metadata
"cjhslm",gone_404+no_snapshot,gone_404,no_snapshot,none_in_metadata
"cji1nc",gone_404+no_snapshot,gone_404,no_snapshot,none_in_metadata
"cji2id4",removed_by_host+no_snapshot,removed_by_host,no_snapshot,none_in_metadata
"cji5h5k",removed_by_host+no_snapshot,removed_by_host,no_snapshot,none_in_metadata
"cjig3i",gone_404+no_snapshot,gone_404,no_snapshot,none_in_metadata
"cjj15ev",removed_by_host+no_snapshot,removed_by_host,no_snapshot,none_in_metadata
"cjl7sp7",removed_by_host+no_snapshot,removed_by_host,no_snapshot,none_in_metadata
"cjl9k1",gone_404+no_snapshot,gone_404,no_snapshot,none_in_metadata
"cjlu8q",gone_404+no_snapshot,gone_404,no_snapshot,none_in_metadata
"cjn2xih",dns_failure+no_snapshot,dns_failure,no_snapshot,none_in_metadata
"cjoica",gone_404+no_snapshot,gone_404,no_snapshot,none_in_metadata
"cjoka9x",removed_by_host+no_snapshot,removed_by_host,no_snapshot,none_in_metadata
"cjon0c",gone_404+no_snapshot,gone_404,no_snapshot,none_in_metadata
"cjp3rr",gone_404+no_snapshot,gone_404,no_snapshot,none_in_metadata
"cjps5",gone_404+snapshot_placeholder,gone_404,snapshot_placeholder,none_in_metadata
"cjqfzof",removed_by_host+no_snapshot,removed_by_host,no_snapshot,none_in_metadata
"cjrdgs",gone_404+no_snapshot,gone_404,no_snapshot,none_in_metadata
"cjsgcu",gone_404+no_snapshot,gone_404,no_snapshot,none_in_metadata
"cjsyly",gone_404+no_snapshot,gone_404,no_snapshot,none_in_metadata
"cjtpgdt",removed_by_host+no_snapshot,removed_by_host,no_snapshot,none_in_metadata
"cjtwx20",dns_failure+no_snapshot,dns_failure,no_snapshot,none_in_metadata
"cju8mo",gone_404+no_snapshot,gone_404,no_snapshot,none_in_metadata
"cjucn1",gone_404+no_snapshot,gone_404,no_snapshot,none_in_metadata
"cjum3x",gone_404+no_snapshot,gone_404,no_snapshot,none_in_metadata
"cjuw114",removed_by_host+no_snapshot,removed_by_host,no_snapshot,none_in_metadata
"cjv68e0",removed_by_host+no_snapshot,removed_by_host,no_snapshot,none_in_metadata
"cjvf7f9",server_error_5xx+no_snapshot,server_error_5xx,no_snapshot,none_in_metadata
"cjvnw2m",removed_by_host+no_snapshot,removed_by_host,no_snapshot,none_in_metadata
"cjvvdi",gone_404+no_snapshot,gone_404,no_snapshot,none_in_metadata
"cjvzwx",gone_404+no_snapshot,gone_404,no_snapshot,none_in_metadata
"cjwvw5",gone_404+no_snapshot,gone_404,no_snapshot,none_in_metadata
"cjwxph",gone_404+no_snapshot,gone_404,no_snapshot,none_in_metadata
"cjwzi3f",removed_by_host+no_snapshot,removed_by_host,no_snapshot,none_in_metadata
"cjx4gpu",removed_by_host+no_snapshot,removed_by_host,no_snapshot,none_in_metadata
"cjxlp0",gone_404+no_snapshot,gone_404,no_snapshot,none_in_metadata
"cjxnhze",removed_by_host+no_snapshot,removed_by_host,no_snapshot,none_in_metadata
"cjxvx3p",removed_by_host+no_snapshot,removed_by_host,no_snapshot,none_in_metadata
"cjy3kl",gone_404+no_snapshot,gone_404,no_snapshot,none_in_metadata
"ck0b10",gone_404+no_snapshot,gone_404,no_snapshot,none_in_metadata
"ck0eeq",gone_404+no_snapshot,gone_404,no_snapshot,none_in_metadata
"ck19esb",removed_by_host+no_snapshot,removed_by_host,no_snapshot,none_in_metadata
"ck1ax6",gone_404+no_snapshot,gone_404,no_snapshot,none_in_metadata
"ck1kz2",gone_404+no_snapshot,gone_404,no_snapshot,none_in_metadata
"ck1lnvm",removed_by_host+no_snapshot,removed_by_host,no_snapshot,none_in_metadata
"ck1s8tj",removed_by_host+no_snapshot,removed_by_host,no_snapshot,none_in_metadata
"ck1u17",gone_404+no_snapshot,gone_404,no_snapshot,none_in_metadata
"ck36v4",gone_404+no_snapshot,gone_404,no_snapshot,none_in_metadata
"ck3j9ch",removed_by_host+no_snapshot,removed_by_host,no_snapshot,none_in_metadata
"ck3tmv1",removed_by_host+no_snapshot,removed_by_host,no_snapshot,none_in_metadata
"ck4ejc",gone_404+no_snapshot,gone_404,no_snapshot,none_in_metadata
"ck55f2",gone_404+no_snapshot,gone_404,no_snapshot,none_in_metadata
"ck5acj4",host_serves_non_image+no_snapshot,host_serves_non_image,no_snapshot,none_in_metadata
"ck5m16s",removed_by_host+no_snapshot,removed_by_host,no_snapshot,none_in_metadata
"ck5paj",gone_404+no_snapshot,gone_404,no_snapshot,none_in_metadata
"ck67p24",removed_by_host+no_snapshot,removed_by_host,no_snapshot,none_in_metadata
"ck6b3q2",removed_by_host+no_snapshot,removed_by_host,no_snapshot,none_in_metadata
"ck6n6m",gone_404+no_snapshot,gone_404,no_snapshot,none_in_metadata
"ck7ee0o",removed_by_host+no_snapshot,removed_by_host,no_snapshot,none_in_metadata
"ck7nc2",gone_404+no_snapshot,gone_404,no_snapshot,none_in_metadata
"ck877h",gone_404+no_snapshot,gone_404,no_snapshot,none_in_metadata
"ck8f2z",gone_404+no_snapshot,gone_404,no_snapshot,none_in_metadata
"ck8s4p",gone_404+no_snapshot,gone_404,no_snapshot,none_in_metadata
"ck8wca",gone_404+no_snapshot,gone_404,no_snapshot,none_in_metadata
"ck9hnob",removed_by_host+no_snapshot,removed_by_host,no_snapshot,none_in_metadata
"ck9snwl",removed_by_host+no_snapshot,removed_by_host,no_snapshot,none_in_metadata
"ckabw4",gone_404+no_snapshot,gone_404,no_snapshot,none_in_metadata
"ckayhj",gone_404+no_snapshot,gone_404,no_snapshot,none_in_metadata
"ckbqo7",gone_404+no_snapshot,gone_404,no_snapshot,none_in_metadata
"ckc6wc",gone_404+no_snapshot,gone_404,no_snapshot,none_in_metadata
"ckcw7bw",removed_by_host+no_snapshot,removed_by_host,no_snapshot,none_in_metadata
"ckcx9o",gone_404+no_snapshot,gone_404,no_snapshot,none_in_metadata
"ckcxac0",removed_by_host+no_snapshot,removed_by_host,no_snapshot,none_in_metadata
"ckd8w8",gone_404+no_snapshot,gone_404,no_snapshot,none_in_metadata
"ckdhof8",removed_by_host+no_snapshot,removed_by_host,no_snapshot,none_in_metadata
"ckeku4",gone_404+no_snapshot,gone_404,no_snapshot,none_in_metadata
"ckfdtk",gone_404+no_snapshot,gone_404,no_snapshot,none_in_metadata
"ckfpzh",gone_404+no_snapshot,gone_404,no_snapshot,none_in_metadata
"ckftrmh",removed_by_host+no_snapshot,removed_by_host,no_snapshot,none_in_metadata
"ckghf7",gone_404+no_snapshot,gone_404,no_snapshot,none_in_metadata
"ckgkxj0",blocked_403+no_snapshot,blocked_403,no_snapshot,none_in_metadata
"ckh1008",removed_by_host+no_snapshot,removed_by_host,no_snapshot,none_in_metadata
"ckj5h17",removed_by_host+no_snapshot,removed_by_host,no_snapshot,none_in_metadata
"ckk11xp",host_serves_non_image+no_snapshot,host_serves_non_image,no_snapshot,none_in_metadata
"ckk18va",blocked_403+no_snapshot,blocked_403,no_snapshot,none_in_metadata
"ckk6cum",removed_by_host+no_snapshot,removed_by_host,no_snapshot,none_in_metadata
"ckkkfj",gone_404+no_snapshot,gone_404,no_snapshot,none_in_metadata
"cklojmy",removed_by_host+no_snapshot,removed_by_host,no_snapshot,none_in_metadata
"ckn5nm1",removed_by_host+no_snapshot,removed_by_host,no_snapshot,none_in_metadata
"ckn7kb",gone_404+no_snapshot,gone_404,no_snapshot,none_in_metadata
"cknlxe",gone_404+no_snapshot,gone_404,no_snapshot,none_in_metadata
"ckns2p",gone_404+no_snapshot,gone_404,no_snapshot,none_in_metadata
"cknuwg",gone_404+no_snapshot,gone_404,no_snapshot,none_in_metadata
"cknwtr",gone_404+no_snapshot,gone_404,no_snapshot,none_in_metadata
"ckol3v",gone_404+no_snapshot,gone_404,no_snapshot,none_in_metadata
"ckpkgqz",removed_by_host+no_snapshot,removed_by_host,no_snapshot,none_in_metadata
"ckpyjc",gone_404+no_snapshot,gone_404,no_snapshot,none_in_metadata
"ckqd7yh",removed_by_host+no_snapshot,removed_by_host,no_snapshot,none_in_metadata
"ckqojh",gone_404+no_snapshot,gone_404,no_snapshot,none_in_metadata
"ckrdy7k",removed_by_host+no_snapshot,removed_by_host,no_snapshot,none_in_metadata
"ckrtn2",gone_404+no_snapshot,gone_404,no_snapshot,none_in_metadata
"cks872",gone_404+no_snapshot,gone_404,no_snapshot,none_in_metadata
"ckshe13",removed_by_host+no_snapshot,removed_by_host,no_snapshot,none_in_metadata
"ckshpd",gone_404+no_snapshot,gone_404,no_snapshot,none_in_metadata
"cksm3yd",removed_by_host+no_snapshot,removed_by_host,no_snapshot,none_in_metadata
"cksmeyo",removed_by_host+no_snapshot,removed_by_host,no_snapshot,none_in_metadata
"ckszwu",gone_404+no_snapshot,gone_404,no_snapshot,none_in_metadata
"ckt1ua",gone_404+no_snapshot,gone_404,no_snapshot,none_in_metadata
"cktel5n",removed_by_host+no_snapshot,removed_by_host,no_snapshot,none_in_metadata
"ckuyuk",gone_404+no_snapshot,gone_404,no_snapshot,none_in_metadata
"ckv137v",removed_by_host+no_snapshot,removed_by_host,no_snapshot,none_in_metadata
"ckvdwer",removed_by_host+no_snapshot,removed_by_host,no_snapshot,none_in_metadata
"ckx5ism",removed_by_host+no_snapshot,removed_by_host,no_snapshot,none_in_metadata
"ckxiplp",removed_by_host+no_snapshot,removed_by_host,no_snapshot,none_in_metadata
"ckxlewk",removed_by_host+no_snapshot,removed_by_host,no_snapshot,none_in_metadata
"cky6dzs",removed_by_host+no_snapshot,removed_by_host,no_snapshot,none_in_metadata
"ckyjvt4",removed_by_host+no_snapshot,removed_by_host,no_snapshot,none_in_metadata
"ckynfgb",removed_by_host+no_snapshot,removed_by_host,no_snapshot,none_in_metadata
"ckyyk1",gone_404+no_snapshot,gone_404,no_snapshot,none_in_metadata
"ckz6m1",gone_404+no_snapshot,gone_404,no_snapshot,none_in_metadata
"ckzmttc",removed_by_host+no_snapshot,removed_by_host,no_snapshot,none_in_metadata
"ckzrdnd",host_serves_non_image+no_snapshot,host_serves_non_image,no_snapshot,none_in_metadata
"ckzyoft",removed_by_host+no_snapshot,removed_by_host,no_snapshot,none_in_metadata
"cl0jpys",removed_by_host+no_snapshot,removed_by_host,no_snapshot,none_in_metadata
"cl14lpn",dns_failure+no_snapshot,dns_failure,no_snapshot,none_in_metadata
"cl20he",gone_404+no_snapshot,gone_404,no_snapshot,none_in_metadata
"cl20zpc",removed_by_host+no_snapshot,removed_by_host,no_snapshot,none_in_metadata
"cl21zrg",dns_failure+no_snapshot,dns_failure,no_snapshot,none_in_metadata
"cl22jih",removed_by_host+no_snapshot,removed_by_host,no_snapshot,none_in_metadata
"cl26j5c",removed_by_host+no_snapshot,removed_by_host,no_snapshot,none_in_metadata
"cl2ku3t",removed_by_host+no_snapshot,removed_by_host,no_snapshot,none_in_metadata
"cl2ugkv",removed_by_host+no_snapshot,removed_by_host,no_snapshot,none_in_metadata
"cl2z1zo",removed_by_host+no_snapshot,removed_by_host,no_snapshot,none_in_metadata
"cl37g1",gone_404+no_snapshot,gone_404,no_snapshot,none_in_metadata
"cl481bw",removed_by_host+no_snapshot,removed_by_host,no_snapshot,none_in_metadata
"cl4bjna",removed_by_host+no_snapshot,removed_by_host,no_snapshot,none_in_metadata
"cl4dky",gone_404+no_snapshot,gone_404,no_snapshot,none_in_metadata
"cl4dqod",dns_failure+no_snapshot,dns_failure,no_snapshot,none_in_metadata
"cl5lcqk",removed_by_host+no_snapshot,removed_by_host,no_snapshot,none_in_metadata
"cl5mbl",gone_404+no_snapshot,gone_404,no_snapshot,none_in_metadata
"cl5wv8",gone_404+no_snapshot,gone_404,no_snapshot,none_in_metadata
"cl6973",gone_404+no_snapshot,gone_404,no_snapshot,none_in_metadata
"cl776y",gone_404+no_snapshot,gone_404,no_snapshot,none_in_metadata
"cl7l7y",gone_404+no_snapshot,gone_404,no_snapshot,none_in_metadata
"cl7lgv5",dns_failure+no_snapshot,dns_failure,no_snapshot,none_in_metadata
"cl7mbt",gone_404+no_snapshot,gone_404,no_snapshot,none_in_metadata
"cl7mpc",gone_404+no_snapshot,gone_404,no_snapshot,none_in_metadata
"cl7oyul",dns_failure+no_snapshot,dns_failure,no_snapshot,none_in_metadata
"cl7zy3n",removed_by_host+no_snapshot,removed_by_host,no_snapshot,none_in_metadata
"cl8fe3",gone_404+no_snapshot,gone_404,no_snapshot,none_in_metadata
"cl8gdjx",removed_by_host+no_snapshot,removed_by_host,no_snapshot,none_in_metadata
"cl8jngx",removed_by_host+no_snapshot,removed_by_host,no_snapshot,none_in_metadata
"cl8k1ee",dns_failure+no_snapshot,dns_failure,no_snapshot,none_in_metadata
"cl8s4q",gone_404+no_snapshot,gone_404,no_snapshot,none_in_metadata
"cl967wl",removed_by_host+no_snapshot,removed_by_host,no_snapshot,none_in_metadata
"cl96lel",removed_by_host+no_snapshot,removed_by_host,no_snapshot,none_in_metadata
"cl98ik8",removed_by_host+no_snapshot,removed_by_host,no_snapshot,none_in_metadata
"cl9i3w",gone_404+no_snapshot,gone_404,no_snapshot,none_in_metadata
"cl9td75",removed_by_host+no_snapshot,removed_by_host,no_snapshot,none_in_metadata
"cla4rk",gone_404+no_snapshot,gone_404,no_snapshot,none_in_metadata
"cla4wri",removed_by_host+no_snapshot,removed_by_host,no_snapshot,none_in_metadata
"clacj4g",removed_by_host+no_snapshot,removed_by_host,no_snapshot,none_in_metadata
"clagpv",gone_404+no_snapshot,gone_404,no_snapshot,none_in_metadata
"clbb7d",gone_404+no_snapshot,gone_404,no_snapshot,none_in_metadata
"clbosjj",removed_by_host+no_snapshot,removed_by_host,no_snapshot,none_in_metadata
"clbvniq",removed_by_host+no_snapshot,removed_by_host,no_snapshot,none_in_metadata
"clds3u",gone_404+no_snapshot,gone_404,no_snapshot,none_in_metadata
"cldsqw",gone_404+snapshot_placeholder,gone_404,snapshot_placeholder,none_in_metadata
"cle28bv",removed_by_host+no_snapshot,removed_by_host,no_snapshot,none_in_metadata
"cle4c4z",removed_by_host+no_snapshot,removed_by_host,no_snapshot,none_in_metadata
"cle804p",removed_by_host+no_snapshot,removed_by_host,no_snapshot,none_in_metadata
"cleb6wg",removed_by_host+no_snapshot,removed_by_host,no_snapshot,none_in_metadata
"cles7b9",host_serves_non_image+no_snapshot,host_serves_non_image,no_snapshot,none_in_metadata
"clf5ubm",removed_by_host+no_snapshot,removed_by_host,no_snapshot,none_in_metadata
"clf9uy1",removed_by_host+no_snapshot,removed_by_host,no_snapshot,none_in_metadata
"clfiv9v",removed_by_host+no_snapshot,removed_by_host,no_snapshot,none_in_metadata
"clflaa",gone_404+no_snapshot,gone_404,no_snapshot,none_in_metadata
"clg0bsa",removed_by_host+no_snapshot,removed_by_host,no_snapshot,none_in_metadata
"clgvohz",dns_failure+no_snapshot,dns_failure,no_snapshot,none_in_metadata
"clhv339",removed_by_host+no_snapshot,removed_by_host,no_snapshot,none_in_metadata
"clhxs4",gone_404+no_snapshot,gone_404,no_snapshot,none_in_metadata
"clid44",gone_404+no_snapshot,gone_404,no_snapshot,none_in_metadata
"climtn2",removed_by_host+no_snapshot,removed_by_host,no_snapshot,none_in_metadata
"cljz1k0",removed_by_host+no_snapshot,removed_by_host,no_snapshot,none_in_metadata
"cljzul0",removed_by_host+no_snapshot,removed_by_host,no_snapshot,none_in_metadata
"clk0ymr",removed_by_host+no_snapshot,removed_by_host,no_snapshot,none_in_metadata
"clkfy7",gone_404+no_snapshot,gone_404,no_snapshot,none_in_metadata
"clkm79a",removed_by_host+no_snapshot,removed_by_host,no_snapshot,none_in_metadata
"clkq0i",gone_404+no_snapshot,gone_404,no_snapshot,none_in_metadata
"clksn2o",removed_by_host+no_snapshot,removed_by_host,no_snapshot,none_in_metadata
"clku3p",gone_404+no_snapshot,gone_404,no_snapshot,none_in_metadata
"cllhtzq",removed_by_host+no_snapshot,removed_by_host,no_snapshot,none_in_metadata
"cllpeya",removed_by_host+no_snapshot,removed_by_host,no_snapshot,none_in_metadata
"clm1j1",gone_404+no_snapshot,gone_404,no_snapshot,none_in_metadata
"clmazp",gone_404+no_snapshot,gone_404,no_snapshot,none_in_metadata
"clmei5",gone_404+no_snapshot,gone_404,no_snapshot,none_in_metadata
"clmz7gx",removed_by_host+no_snapshot,removed_by_host,no_snapshot,none_in_metadata
"cln5r7j",removed_by_host+no_snapshot,removed_by_host,no_snapshot,none_in_metadata
"clny43",gone_404+no_snapshot,gone_404,no_snapshot,none_in_metadata
"clqd59",gone_404+no_snapshot,gone_404,no_snapshot,none_in_metadata
"clqfd4",gone_404+no_snapshot,gone_404,no_snapshot,none_in_metadata
"clqizo",gone_404+no_snapshot,gone_404,no_snapshot,none_in_metadata
"clrzbz",gone_404+no_snapshot,gone_404,no_snapshot,none_in_metadata
"cls6964",removed_by_host+no_snapshot,removed_by_host,no_snapshot,none_in_metadata
"clu8dih",removed_by_host+no_snapshot,removed_by_host,no_snapshot,none_in_metadata
"clvex8",gone_404+no_snapshot,gone_404,no_snapshot,none_in_metadata
"clvut6l",removed_by_host+no_snapshot,removed_by_host,no_snapshot,none_in_metadata
"clvwj4s",removed_by_host+no_snapshot,removed_by_host,no_snapshot,none_in_metadata
"clvxx7g",removed_by_host+no_snapshot,removed_by_host,no_snapshot,none_in_metadata
"clvyvsd",removed_by_host+no_snapshot,removed_by_host,no_snapshot,none_in_metadata
"clwlu7c",removed_by_host+no_snapshot,removed_by_host,no_snapshot,none_in_metadata
"clxsh1d",removed_by_host+no_snapshot,removed_by_host,no_snapshot,none_in_metadata
"clyaho2",removed_by_host+no_snapshot,removed_by_host,no_snapshot,none_in_metadata
"clydadu",dns_failure+no_snapshot,dns_failure,no_snapshot,none_in_metadata
"clyojrv",removed_by_host+no_snapshot,removed_by_host,no_snapshot,none_in_metadata
"clza8i",gone_404+no_snapshot,gone_404,no_snapshot,none_in_metadata
"clzld9",gone_404+no_snapshot,gone_404,no_snapshot,none_in_metadata
"clzsvo",gone_404+no_snapshot,gone_404,no_snapshot,none_in_metadata
"cm01af",gone_404+no_snapshot,gone_404,no_snapshot,none_in_metadata
"cm137yu",removed_by_host+no_snapshot,removed_by_host,no_snapshot,none_in_metadata
"cm14s7",gone_404+no_snapshot,gone_404,no_snapshot,none_in_metadata
"cm19i13",removed_by_host+no_snapshot,removed_by_host,no_snapshot,none_in_metadata
"cm1f83",gone_404+no_snapshot,gone_404,no_snapshot,none_in_metadata
"cm1idtc",removed_by_host+no_snapshot,removed_by_host,no_snapshot,none_in_metadata
"cm1nws",gone_404+no_snapshot,gone_404,no_snapshot,none_in_metadata
"cm1v4d",gone_404+no_snapshot,gone_404,no_snapshot,none_in_metadata
"cm24awo",removed_by_host+no_snapshot,removed_by_host,no_snapshot,none_in_metadata
"cm2agnm",removed_by_host+no_snapshot,removed_by_host,no_snapshot,none_in_metadata
"cm2petz",host_serves_non_image+no_snapshot,host_serves_non_image,no_snapshot,none_in_metadata
"cm2uhch",removed_by_host+no_snapshot,removed_by_host,no_snapshot,none_in_metadata
"cm3bg53",removed_by_host+no_snapshot,removed_by_host,no_snapshot,none_in_metadata
"cm4eov",gone_404+no_snapshot,gone_404,no_snapshot,none_in_metadata
"cm4xt0j",removed_by_host+no_snapshot,removed_by_host,no_snapshot,none_in_metadata
"cm59a03",removed_by_host+no_snapshot,removed_by_host,no_snapshot,none_in_metadata
"cm5bs1",gone_404+no_snapshot,gone_404,no_snapshot,none_in_metadata
"cm5lqf",gone_404+no_snapshot,gone_404,no_snapshot,none_in_metadata
"cm663k3",removed_by_host+no_snapshot,removed_by_host,no_snapshot,none_in_metadata
"cm66x1y",removed_by_host+no_snapshot,removed_by_host,no_snapshot,none_in_metadata
"cm6slq",gone_404+no_snapshot,gone_404,no_snapshot,none_in_metadata
"cm7pje4",removed_by_host+no_snapshot,removed_by_host,no_snapshot,none_in_metadata
"cm85y7",gone_404+no_snapshot,gone_404,no_snapshot,none_in_metadata
"cm9dg6a",removed_by_host+no_snapshot,removed_by_host,no_snapshot,none_in_metadata
"cm9sq7o",removed_by_host+no_snapshot,removed_by_host,no_snapshot,none_in_metadata
"cmaopf",fetched_furniture+snapshot_furniture,fetched_furniture,snapshot_furniture,none_in_metadata
"cmazlcx",removed_by_host+no_snapshot,removed_by_host,no_snapshot,none_in_metadata
"cmb0o6m",removed_by_host+no_snapshot,removed_by_host,no_snapshot,none_in_metadata
"cmb3ka3",removed_by_host+no_snapshot,removed_by_host,no_snapshot,none_in_metadata
"cmbsy4",gone_404+no_snapshot,gone_404,no_snapshot,none_in_metadata
"cmc50w4",dns_failure+no_snapshot,dns_failure,no_snapshot,none_in_metadata
"cmd4nc0",removed_by_host+no_snapshot,removed_by_host,no_snapshot,none_in_metadata
"cmdxi6",gone_404+no_snapshot,gone_404,no_snapshot,none_in_metadata
"cme7jk",gone_404+no_snapshot,gone_404,no_snapshot,none_in_metadata
"cmed5z9",removed_by_host+no_snapshot,removed_by_host,no_snapshot,none_in_metadata
"cmesbgk",removed_by_host+no_snapshot,removed_by_host,no_snapshot,none_in_metadata
"cmfj9ea",removed_by_host+no_snapshot,removed_by_host,no_snapshot,none_in_metadata
"cmfk31q",removed_by_host+no_snapshot,removed_by_host,no_snapshot,none_in_metadata
"cmgh9y",gone_404+no_snapshot,gone_404,no_snapshot,none_in_metadata
"cmgsy4",gone_404+no_snapshot,gone_404,no_snapshot,none_in_metadata
"cmgtwbt",removed_by_host+no_snapshot,removed_by_host,no_snapshot,none_in_metadata
"cmh0ul",gone_404+no_snapshot,gone_404,no_snapshot,none_in_metadata
"cmh36x5",removed_by_host+no_snapshot,removed_by_host,no_snapshot,none_in_metadata
"cmhfnwr",removed_by_host+no_snapshot,removed_by_host,no_snapshot,none_in_metadata
"cmj6wwo",removed_by_host+no_snapshot,removed_by_host,no_snapshot,none_in_metadata
"cmjcnnw",dns_failure+no_snapshot,dns_failure,no_snapshot,none_in_metadata
"cmjmlj",gone_404+no_snapshot,gone_404,no_snapshot,none_in_metadata
"cmk3pb",gone_404+no_snapshot,gone_404,no_snapshot,none_in_metadata
"cmk8466",removed_by_host+no_snapshot,removed_by_host,no_snapshot,none_in_metadata
"cmkmbw",gone_404+no_snapshot,gone_404,no_snapshot,none_in_metadata
"cmkmxka",removed_by_host+no_snapshot,removed_by_host,no_snapshot,none_in_metadata
"cmkno4a",gone_404+no_snapshot,gone_404,no_snapshot,none_in_metadata
"cmkpoiq",removed_by_host+no_snapshot,removed_by_host,no_snapshot,none_in_metadata
"cmle6z",gone_404+no_snapshot,gone_404,no_snapshot,none_in_metadata
"cmmlc5a",removed_by_host+no_snapshot,removed_by_host,no_snapshot,none_in_metadata
"cmnwt21",removed_by_host+no_snapshot,removed_by_host,no_snapshot,none_in_metadata
"cmp1b1",gone_404+no_snapshot,gone_404,no_snapshot,none_in_metadata
"cmp26x4",removed_by_host+no_snapshot,removed_by_host,no_snapshot,none_in_metadata
"cmp9peq",gone_404+no_snapshot,gone_404,no_snapshot,none_in_metadata
"cmpdgiu",removed_by_host+no_snapshot,removed_by_host,no_snapshot,none_in_metadata
"cmrbctp",removed_by_host+no_snapshot,removed_by_host,no_snapshot,none_in_metadata
"cms5ytd",removed_by_host+no_snapshot,removed_by_host,no_snapshot,none_in_metadata
"cmsinn",gone_404+no_snapshot,gone_404,no_snapshot,none_in_metadata
"cmsyxva",removed_by_host+no_snapshot,removed_by_host,no_snapshot,none_in_metadata
"cmt092o",removed_by_host+no_snapshot,removed_by_host,no_snapshot,none_in_metadata
"cmt7g84",removed_by_host+no_snapshot,removed_by_host,no_snapshot,none_in_metadata
"cmtcvz",gone_404+no_snapshot,gone_404,no_snapshot,none_in_metadata
"cmte73",gone_404+no_snapshot,gone_404,no_snapshot,none_in_metadata
"cmtftjb",removed_by_host+no_snapshot,removed_by_host,no_snapshot,none_in_metadata
"cmtiqp9",removed_by_host+no_snapshot,removed_by_host,no_snapshot,none_in_metadata
"cmtn74",fetched_furniture+snapshot_furniture,fetched_furniture,snapshot_furniture,none_in_metadata
"cmtoaa",gone_404+no_snapshot,gone_404,no_snapshot,none_in_metadata
"cmu9us",gone_404+no_snapshot,gone_404,no_snapshot,none_in_metadata
"cmulu8",gone_404+no_snapshot,gone_404,no_snapshot,none_in_metadata
"cmvast",gone_404+no_snapshot,gone_404,no_snapshot,none_in_metadata
"cmvwhw",gone_404+no_snapshot,gone_404,no_snapshot,none_in_metadata
"cmvzbi",gone_404+no_snapshot,gone_404,no_snapshot,none_in_metadata
"cmwq4t",gone_404+no_snapshot,gone_404,no_snapshot,none_in_metadata
"cmxswp",gone_404+no_snapshot,gone_404,no_snapshot,none_in_metadata
"cmxtb1s",removed_by_host+no_snapshot,removed_by_host,no_snapshot,none_in_metadata
"cmyid4h",removed_by_host+no_snapshot,removed_by_host,no_snapshot,none_in_metadata
"cmyikf",gone_404+no_snapshot,gone_404,no_snapshot,none_in_metadata
"cmyjzo5",removed_by_host+no_snapshot,removed_by_host,no_snapshot,none_in_metadata
"cmynyex",removed_by_host+no_snapshot,removed_by_host,no_snapshot,none_in_metadata
"cmyqm4b",removed_by_host+no_snapshot,removed_by_host,no_snapshot,none_in_metadata
"cmyxz0p",removed_by_host+no_snapshot,removed_by_host,no_snapshot,none_in_metadata
"cmziny",gone_404+no_snapshot,gone_404,no_snapshot,none_in_metadata
"cn0zcm",gone_404+no_snapshot,gone_404,no_snapshot,none_in_metadata
"cn12me",gone_404+no_snapshot,gone_404,no_snapshot,none_in_metadata
"cn3ebo",gone_404+no_snapshot,gone_404,no_snapshot,none_in_metadata
"cn3fj8",gone_404+no_snapshot,gone_404,no_snapshot,none_in_metadata
"cn4icu",gone_404+snapshot_placeholder,gone_404,snapshot_placeholder,none_in_metadata
"cn51s6i",removed_by_host+no_snapshot,removed_by_host,no_snapshot,none_in_metadata
"cn5ocx",gone_404+no_snapshot,gone_404,no_snapshot,none_in_metadata
"cn62dvr",removed_by_host+no_snapshot,removed_by_host,no_snapshot,none_in_metadata
"cn6ufo7",removed_by_host+no_snapshot,removed_by_host,no_snapshot,none_in_metadata
"cn6ufxs",removed_by_host+no_snapshot,removed_by_host,no_snapshot,none_in_metadata
"cn76na9",removed_by_host+no_snapshot,removed_by_host,no_snapshot,none_in_metadata
"cn78bk7",removed_by_host+no_snapshot,removed_by_host,no_snapshot,none_in_metadata
"cn7qt3f",removed_by_host+no_snapshot,removed_by_host,no_snapshot,none_in_metadata
"cn7yjua",removed_by_host+no_snapshot,removed_by_host,no_snapshot,none_in_metadata
"cn7zig",gone_404+no_snapshot,gone_404,no_snapshot,none_in_metadata
"cn82iq",gone_404+no_snapshot,gone_404,no_snapshot,none_in_metadata
"cn90up3",removed_by_host+no_snapshot,removed_by_host,no_snapshot,none_in_metadata
"cn93cd",gone_404+no_snapshot,gone_404,no_snapshot,none_in_metadata
"cn945nh",removed_by_host+no_snapshot,removed_by_host,no_snapshot,none_in_metadata
"cn9eh6s",removed_by_host+no_snapshot,removed_by_host,no_snapshot,none_in_metadata
"cn9t42r",removed_by_host+no_snapshot,removed_by_host,no_snapshot,none_in_metadata
"cn9umvz",removed_by_host+no_snapshot,removed_by_host,no_snapshot,none_in_metadata
"cn9wv1b",removed_by_host+no_snapshot,removed_by_host,no_snapshot,none_in_metadata
"cn9xvo",gone_404+no_snapshot,gone_404,no_snapshot,none_in_metadata
"cn9y05u",removed_by_host+no_snapshot,removed_by_host,no_snapshot,none_in_metadata
"cnb1lg",gone_404+no_snapshot,gone_404,no_snapshot,none_in_metadata
"cnb3nig",removed_by_host+no_snapshot,removed_by_host,no_snapshot,none_in_metadata
"cnba65h",removed_by_host+no_snapshot,removed_by_host,no_snapshot,none_in_metadata
"cnbg91",gone_404+no_snapshot,gone_404,no_snapshot,none_in_metadata
"cnbjo9",gone_404+no_snapshot,gone_404,no_snapshot,none_in_metadata
"cnco58z",removed_by_host+no_snapshot,removed_by_host,no_snapshot,none_in_metadata
"cne4prx",removed_by_host+no_snapshot,removed_by_host,no_snapshot,none_in_metadata
"cnf606",gone_404+no_snapshot,gone_404,no_snapshot,none_in_metadata
"cnfryqz",removed_by_host+no_snapshot,removed_by_host,no_snapshot,none_in_metadata
"cnglhk",gone_404+no_snapshot,gone_404,no_snapshot,none_in_metadata
"cnhyww",gone_404+no_snapshot,gone_404,no_snapshot,none_in_metadata
"cni4vbp",removed_by_host+no_snapshot,removed_by_host,no_snapshot,none_in_metadata
"cnjk17",gone_404+no_snapshot,gone_404,no_snapshot,none_in_metadata
"cnjotjf",removed_by_host+no_snapshot,removed_by_host,no_snapshot,none_in_metadata
"cnjza10",removed_by_host+no_snapshot,removed_by_host,no_snapshot,none_in_metadata
"cnk3xp",gone_404+no_snapshot,gone_404,no_snapshot,none_in_metadata
"cnlhgox",removed_by_host+no_snapshot,removed_by_host,no_snapshot,none_in_metadata
"cnlmpwn",removed_by_host+no_snapshot,removed_by_host,no_snapshot,none_in_metadata
"cnmwxiq",removed_by_host+no_snapshot,removed_by_host,no_snapshot,none_in_metadata
"cnnazh",gone_404+no_snapshot,gone_404,no_snapshot,none_in_metadata
"cnnifzu",removed_by_host+no_snapshot,removed_by_host,no_snapshot,none_in_metadata
"cnnym8o",removed_by_host+no_snapshot,removed_by_host,no_snapshot,none_in_metadata
"cno57q",gone_404+no_snapshot,gone_404,no_snapshot,none_in_metadata
"cnor3v3",removed_by_host+no_snapshot,removed_by_host,no_snapshot,none_in_metadata
"cnp9y1",gone_404+no_snapshot,gone_404,no_snapshot,none_in_metadata
"cnpbqj",gone_404+no_snapshot,gone_404,no_snapshot,none_in_metadata
"cnpo7h",gone_404+no_snapshot,gone_404,no_snapshot,none_in_metadata
"cnpxly",gone_404+no_snapshot,gone_404,no_snapshot,none_in_metadata
"cnq3yj",gone_404+no_snapshot,gone_404,no_snapshot,none_in_metadata
"cnqcgz",gone_404+no_snapshot,gone_404,no_snapshot,none_in_metadata
"cnqeev",gone_404+no_snapshot,gone_404,no_snapshot,none_in_metadata
"cnqmg0u",removed_by_host+no_snapshot,removed_by_host,no_snapshot,none_in_metadata
"cnqq1q",gone_404+no_snapshot,gone_404,no_snapshot,none_in_metadata
"cnroyg",gone_404+no_snapshot,gone_404,no_snapshot,none_in_metadata
"cnrxnn",gone_404+no_snapshot,gone_404,no_snapshot,none_in_metadata
"cnuyjt",gone_404+no_snapshot,gone_404,no_snapshot,none_in_metadata
"cnvk5u",gone_404+no_snapshot,gone_404,no_snapshot,none_in_metadata
"cnvv0j",gone_404+no_snapshot,gone_404,no_snapshot,none_in_metadata
"cnx8k3",gone_404+no_snapshot,gone_404,no_snapshot,none_in_metadata
"cnxk1oh",removed_by_host+no_snapshot,removed_by_host,no_snapshot,none_in_metadata
"cnys2c3",removed_by_host+no_snapshot,removed_by_host,no_snapshot,none_in_metadata
"cnzai9",gone_404+no_snapshot,gone_404,no_snapshot,none_in_metadata
"co05pag",removed_by_host+no_snapshot,removed_by_host,no_snapshot,none_in_metadata
"co068ys",removed_by_host+no_snapshot,removed_by_host,no_snapshot,none_in_metadata
"co18ua",gone_404+no_snapshot,gone_404,no_snapshot,none_in_metadata
"co1xru",gone_404+no_snapshot,gone_404,no_snapshot,none_in_metadata
"co3bi3",gone_404+no_snapshot,gone_404,no_snapshot,none_in_metadata
"co4rz2x",removed_by_host+no_snapshot,removed_by_host,no_snapshot,none_in_metadata
"co51pp8",removed_by_host+no_snapshot,removed_by_host,no_snapshot,none_in_metadata
"co64th",gone_404+no_snapshot,gone_404,no_snapshot,none_in_metadata
"co7my3a",removed_by_host+no_snapshot,removed_by_host,no_snapshot,none_in_metadata
"co7s3g",gone_404+no_snapshot,gone_404,no_snapshot,none_in_metadata
"co7sfav",removed_by_host+no_snapshot,removed_by_host,no_snapshot,none_in_metadata
"co8asop",removed_by_host+no_snapshot,removed_by_host,no_snapshot,none_in_metadata
"co9pfu",gone_404+no_snapshot,gone_404,no_snapshot,none_in_metadata
"coa010o",removed_by_host+no_snapshot,removed_by_host,no_snapshot,none_in_metadata
"coa4av",gone_404+no_snapshot,gone_404,no_snapshot,none_in_metadata
"coakujr",removed_by_host+no_snapshot,removed_by_host,no_snapshot,none_in_metadata
"cob9x7h",removed_by_host+no_snapshot,removed_by_host,no_snapshot,none_in_metadata
"cobah7",gone_404+no_snapshot,gone_404,no_snapshot,none_in_metadata
"cobfvz",gone_404+no_snapshot,gone_404,no_snapshot,none_in_metadata
"cobj72g",removed_by_host+no_snapshot,removed_by_host,no_snapshot,none_in_metadata
"coc0bv",gone_404+no_snapshot,gone_404,no_snapshot,none_in_metadata
"coc2t4d",removed_by_host+no_snapshot,removed_by_host,no_snapshot,none_in_metadata
"coc8lla",removed_by_host+no_snapshot,removed_by_host,no_snapshot,none_in_metadata
"cocamq",gone_404+no_snapshot,gone_404,no_snapshot,none_in_metadata
"cocqlq",gone_404+no_snapshot,gone_404,no_snapshot,none_in_metadata
"codza8g",removed_by_host+no_snapshot,removed_by_host,no_snapshot,none_in_metadata
"coe5k9",gone_404+no_snapshot,gone_404,no_snapshot,none_in_metadata
"coeuii8",removed_by_host+no_snapshot,removed_by_host,no_snapshot,none_in_metadata
"coex8rh",dns_failure+no_snapshot,dns_failure,no_snapshot,none_in_metadata
"cofof6j",removed_by_host+no_snapshot,removed_by_host,no_snapshot,none_in_metadata
"cogpzr",gone_404+no_snapshot,gone_404,no_snapshot,none_in_metadata
"coh12o5",removed_by_host+no_snapshot,removed_by_host,no_snapshot,none_in_metadata
"coh2c0",gone_404+no_snapshot,gone_404,no_snapshot,none_in_metadata
"cohx4x",gone_404+no_snapshot,gone_404,no_snapshot,none_in_metadata
"coiwvo5",removed_by_host+no_snapshot,removed_by_host,no_snapshot,none_in_metadata
"cojhqrk",removed_by_host+no_snapshot,removed_by_host,no_snapshot,none_in_metadata
"cojmkl",gone_404+no_snapshot,gone_404,no_snapshot,none_in_metadata
"cok9gon",removed_by_host+no_snapshot,removed_by_host,no_snapshot,none_in_metadata
"col4m8h",removed_by_host+no_snapshot,removed_by_host,no_snapshot,none_in_metadata
"colp52",gone_404+no_snapshot,gone_404,no_snapshot,none_in_metadata
"con0xx",gone_404+no_snapshot,gone_404,no_snapshot,none_in_metadata
"con7cd8",removed_by_host+no_snapshot,removed_by_host,no_snapshot,none_in_metadata
"cop1z2m",removed_by_host+no_snapshot,removed_by_host,no_snapshot,none_in_metadata
"copl4by",removed_by_host+no_snapshot,removed_by_host,no_snapshot,none_in_metadata
"coqyvrg",removed_by_host+no_snapshot,removed_by_host,no_snapshot,none_in_metadata
"core97l",removed_by_host+no_snapshot,removed_by_host,no_snapshot,none_in_metadata
"corxr7",gone_404+no_snapshot,gone_404,no_snapshot,none_in_metadata
"cos1j8p",unreachable_ssl_error+no_snapshot,unreachable_ssl_error,no_snapshot,none_in_metadata
"cot33em",removed_by_host+no_snapshot,removed_by_host,no_snapshot,none_in_metadata
"cot6og1",removed_by_host+no_snapshot,removed_by_host,no_snapshot,none_in_metadata
"cot7i21",removed_by_host+no_snapshot,removed_by_host,no_snapshot,none_in_metadata
"cota8hk",removed_by_host+no_snapshot,removed_by_host,no_snapshot,none_in_metadata
"cotaap",gone_404+no_snapshot,gone_404,no_snapshot,none_in_metadata
"cotljq4",host_serves_non_image+no_snapshot,host_serves_non_image,no_snapshot,none_in_metadata
"cotwg5a",removed_by_host+no_snapshot,removed_by_host,no_snapshot,none_in_metadata
"covfpe",gone_404+no_snapshot,gone_404,no_snapshot,none_in_metadata
"cowb0n",gone_404+no_snapshot,gone_404,no_snapshot,none_in_metadata
"cox22p",gone_404+no_snapshot,gone_404,no_snapshot,none_in_metadata
"coxdfw",gone_404+no_snapshot,gone_404,no_snapshot,none_in_metadata
"coxtppd",removed_by_host+no_snapshot,removed_by_host,no_snapshot,none_in_metadata
"coyumzs",gone_410+no_snapshot,gone_410,no_snapshot,none_in_metadata
"coz4ka",gone_404+no_snapshot,gone_404,no_snapshot,none_in_metadata
"coz8j7",gone_404+no_snapshot,gone_404,no_snapshot,none_in_metadata
"coz93n0",removed_by_host+no_snapshot,removed_by_host,no_snapshot,none_in_metadata
"cozp3go",removed_by_host+no_snapshot,removed_by_host,no_snapshot,none_in_metadata
"cozpy5f",removed_by_host+no_snapshot,removed_by_host,no_snapshot,none_in_metadata
"cozqiuq",removed_by_host+no_snapshot,removed_by_host,no_snapshot,none_in_metadata
"cp0tri",gone_404+no_snapshot,gone_404,no_snapshot,none_in_metadata
"cp1lxa",gone_404+no_snapshot,gone_404,no_snapshot,none_in_metadata
"cp2clx",gone_404+no_snapshot,gone_404,no_snapshot,none_in_metadata
"cp2nee",gone_404+no_snapshot,gone_404,no_snapshot,none_in_metadata
"cp2obk",gone_404+no_snapshot,gone_404,no_snapshot,none_in_metadata
"cp2pf4",gone_404+no_snapshot,gone_404,no_snapshot,none_in_metadata
"cp30v51",removed_by_host+no_snapshot,removed_by_host,no_snapshot,none_in_metadata
"cp36mh",gone_404+no_snapshot,gone_404,no_snapshot,none_in_metadata
"cp38of4",removed_by_host+no_snapshot,removed_by_host,no_snapshot,none_in_metadata
"cp4oos0",host_serves_non_image+no_snapshot,host_serves_non_image,no_snapshot,none_in_metadata
"cp4qpg",gone_404+no_snapshot,gone_404,no_snapshot,none_in_metadata
"cp68y65",removed_by_host+no_snapshot,removed_by_host,no_snapshot,none_in_metadata
"cp6d6j",gone_404+no_snapshot,gone_404,no_snapshot,none_in_metadata
"cp6jzg",gone_404+no_snapshot,gone_404,no_snapshot,none_in_metadata
"cp707l",gone_404+no_snapshot,gone_404,no_snapshot,none_in_metadata
"cp757cz",removed_by_host+no_snapshot,removed_by_host,no_snapshot,none_in_metadata
"cp83wts",removed_by_host+no_snapshot,removed_by_host,no_snapshot,none_in_metadata
"cp8aqbw",removed_by_host+no_snapshot,removed_by_host,no_snapshot,none_in_metadata
"cp8b7g",gone_404+no_snapshot,gone_404,no_snapshot,none_in_metadata
"cp9w9u",gone_404+no_snapshot,gone_404,no_snapshot,none_in_metadata
"cpcbm4d",removed_by_host+no_snapshot,removed_by_host,no_snapshot,none_in_metadata
"cpe9in",gone_404+no_snapshot,gone_404,no_snapshot,none_in_metadata
"cpf3sff",removed_by_host+no_snapshot,removed_by_host,no_snapshot,none_in_metadata
"cpf94s",gone_404+no_snapshot,gone_404,no_snapshot,none_in_metadata
"cpflep",gone_404+no_snapshot,gone_404,no_snapshot,none_in_metadata
"cpfmkp",gone_404+no_snapshot,gone_404,no_snapshot,none_in_metadata
"cpg91wr",removed_by_host+no_snapshot,removed_by_host,no_snapshot,none_in_metadata
"cpgwvs",gone_404+no_snapshot,gone_404,no_snapshot,none_in_metadata
"cpgxbx8",removed_by_host+no_snapshot,removed_by_host,no_snapshot,none_in_metadata
"cphejz",gone_404+no_snapshot,gone_404,no_snapshot,none_in_metadata
"cphezcg",removed_by_host+no_snapshot,removed_by_host,no_snapshot,none_in_metadata
"cphiew8",removed_by_host+no_snapshot,removed_by_host,no_snapshot,none_in_metadata
"cphzx7",gone_404+no_snapshot,gone_404,no_snapshot,none_in_metadata
"cpj4r4",gone_404+no_snapshot,gone_404,no_snapshot,none_in_metadata
"cpj5rc",gone_404+no_snapshot,gone_404,no_snapshot,none_in_metadata
"cpk1uz",gone_404+no_snapshot,gone_404,no_snapshot,none_in_metadata
"cpk27l",gone_404+no_snapshot,gone_404,no_snapshot,none_in_metadata
"cpl7ua",gone_404+no_snapshot,gone_404,no_snapshot,none_in_metadata
"cplc0a",gone_404+no_snapshot,gone_404,no_snapshot,none_in_metadata
"cplfik",gone_404+no_snapshot,gone_404,no_snapshot,none_in_metadata
"cploco",gone_404+no_snapshot,gone_404,no_snapshot,none_in_metadata
"cpmpxhw",removed_by_host+no_snapshot,removed_by_host,no_snapshot,none_in_metadata
"cpmqv3",gone_404+no_snapshot,gone_404,no_snapshot,none_in_metadata
"cpn6rjn",removed_by_host+no_snapshot,removed_by_host,no_snapshot,none_in_metadata
"cpnjly",gone_404+no_snapshot,gone_404,no_snapshot,none_in_metadata
"cpns78",gone_404+no_snapshot,gone_404,no_snapshot,none_in_metadata
"cppmau3",removed_by_host+no_snapshot,removed_by_host,no_snapshot,none_in_metadata
"cppsx9",gone_404+no_snapshot,gone_404,no_snapshot,none_in_metadata
"cpq06np",removed_by_host+no_snapshot,removed_by_host,no_snapshot,none_in_metadata
"cpr9qe",gone_404+no_snapshot,gone_404,no_snapshot,none_in_metadata
"cps9o4",gone_404+no_snapshot,gone_404,no_snapshot,none_in_metadata
"cpsteu",gone_404+no_snapshot,gone_404,no_snapshot,none_in_metadata
"cpu7j5",gone_404+no_snapshot,gone_404,no_snapshot,none_in_metadata
"cpuemhm",removed_by_host+no_snapshot,removed_by_host,no_snapshot,none_in_metadata
"cpugbk",gone_404+no_snapshot,gone_404,no_snapshot,none_in_metadata
"cpxe8dk",removed_by_host+no_snapshot,removed_by_host,no_snapshot,none_in_metadata
"cpxzgj",gone_404+no_snapshot,gone_404,no_snapshot,none_in_metadata
"cpy9p6",gone_404+no_snapshot,gone_404,no_snapshot,none_in_metadata
"cpyyrq",gone_404+no_snapshot,gone_404,no_snapshot,none_in_metadata
"cpz9ye",gone_404+no_snapshot,gone_404,no_snapshot,none_in_metadata
"cq0gs61",removed_by_host+no_snapshot,removed_by_host,no_snapshot,none_in_metadata
"cq1x9y",gone_404+no_snapshot,gone_404,no_snapshot,none_in_metadata
"cq2xtx6",removed_by_host+no_snapshot,removed_by_host,no_snapshot,none_in_metadata
"cq30ay",gone_404+no_snapshot,gone_404,no_snapshot,none_in_metadata
"cq3igg",gone_404+no_snapshot,gone_404,no_snapshot,none_in_metadata
"cq4endo",removed_by_host+no_snapshot,removed_by_host,no_snapshot,none_in_metadata
"cq4fk0x",removed_by_host+no_snapshot,removed_by_host,no_snapshot,none_in_metadata
"cq51f2",gone_404+no_snapshot,gone_404,no_snapshot,none_in_metadata
"cq63m6",gone_404+no_snapshot,gone_404,no_snapshot,none_in_metadata
"cq7jxf2",removed_by_host+no_snapshot,removed_by_host,no_snapshot,none_in_metadata
"cq8e0wo",removed_by_host+no_snapshot,removed_by_host,no_snapshot,none_in_metadata
"cq8id5",gone_404+no_snapshot,gone_404,no_snapshot,none_in_metadata
"cq9jud",gone_404+no_snapshot,gone_404,no_snapshot,none_in_metadata
"cq9p3q",gone_404+no_snapshot,gone_404,no_snapshot,none_in_metadata
"cq9z2d",gone_404+no_snapshot,gone_404,no_snapshot,none_in_metadata
"cqagbd",gone_404+no_snapshot,gone_404,no_snapshot,none_in_metadata
"cqatmb",gone_404+no_snapshot,gone_404,no_snapshot,none_in_metadata
"cqb62p",gone_404+no_snapshot,gone_404,no_snapshot,none_in_metadata
"cqblz2",gone_404+no_snapshot,gone_404,no_snapshot,none_in_metadata
"cqbp04",gone_404+no_snapshot,gone_404,no_snapshot,none_in_metadata
"cqbsqbq",removed_by_host+no_snapshot,removed_by_host,no_snapshot,none_in_metadata
"cqc460m",removed_by_host+no_snapshot,removed_by_host,no_snapshot,none_in_metadata
"cqc7ks",gone_404+no_snapshot,gone_404,no_snapshot,none_in_metadata
"cqcalj0",removed_by_host+no_snapshot,removed_by_host,no_snapshot,none_in_metadata
"cqcmf76",removed_by_host+no_snapshot,removed_by_host,no_snapshot,none_in_metadata
"cqcoha",gone_404+no_snapshot,gone_404,no_snapshot,none_in_metadata
"cqcx7k",gone_404+no_snapshot,gone_404,no_snapshot,none_in_metadata
"cqdxvus",removed_by_host+no_snapshot,removed_by_host,no_snapshot,none_in_metadata
"cqeaau5",removed_by_host+no_snapshot,removed_by_host,no_snapshot,none_in_metadata
"cqeyrq",gone_404+no_snapshot,gone_404,no_snapshot,none_in_metadata
"cqg3m2a",removed_by_host+no_snapshot,removed_by_host,no_snapshot,none_in_metadata
"cqg61f1",removed_by_host+no_snapshot,removed_by_host,no_snapshot,none_in_metadata
"cqgr2e6",removed_by_host+no_snapshot,removed_by_host,no_snapshot,none_in_metadata
"cqhew3",gone_404+no_snapshot,gone_404,no_snapshot,none_in_metadata
"cqi48e",gone_404+no_snapshot,gone_404,no_snapshot,none_in_metadata
"cqkraj9",removed_by_host+no_snapshot,removed_by_host,no_snapshot,none_in_metadata
"cqlqx5e",removed_by_host+no_snapshot,removed_by_host,no_snapshot,none_in_metadata
"cqmbm8",gone_404+no_snapshot,gone_404,no_snapshot,none_in_metadata
"cqnc5w",gone_404+no_snapshot,gone_404,no_snapshot,none_in_metadata
"cqoirk",gone_404+no_snapshot,gone_404,no_snapshot,none_in_metadata
"cqp4j5",gone_404+no_snapshot,gone_404,no_snapshot,none_in_metadata
"cqqilx",gone_404+no_snapshot,gone_404,no_snapshot,none_in_metadata
"cqqvkl8",removed_by_host+no_snapshot,removed_by_host,no_snapshot,none_in_metadata
"cqrc13",gone_404+no_snapshot,gone_404,no_snapshot,none_in_metadata
"cqs7ms",gone_404+no_snapshot,gone_404,no_snapshot,none_in_metadata
"cqspjpd",removed_by_host+no_snapshot,removed_by_host,no_snapshot,none_in_metadata
"cqsxty",gone_404+no_snapshot,gone_404,no_snapshot,none_in_metadata
"cqtlsr",gone_404+no_snapshot,gone_404,no_snapshot,none_in_metadata
"cqu7uqn",removed_by_host+no_snapshot,removed_by_host,no_snapshot,none_in_metadata
"cqveua",gone_404+no_snapshot,gone_404,no_snapshot,none_in_metadata
"cqw19v",gone_404+no_snapshot,gone_404,no_snapshot,none_in_metadata
"cqw7cyd",unreachable_ssl_error+no_snapshot,unreachable_ssl_error,no_snapshot,none_in_metadata
"cqwoun",gone_404+no_snapshot,gone_404,no_snapshot,none_in_metadata
"cqxwka",gone_404+no_snapshot,gone_404,no_snapshot,none_in_metadata
"cqxznp",gone_404+no_snapshot,gone_404,no_snapshot,none_in_metadata
"cqy6to0",unreachable_ssl_error+no_snapshot,unreachable_ssl_error,no_snapshot,none_in_metadata
"cqyapfu",unreachable_ssl_error+no_snapshot,unreachable_ssl_error,no_snapshot,none_in_metadata
"cqyy2c1",removed_by_host+no_snapshot,removed_by_host,no_snapshot,none_in_metadata
"cqzgwp",gone_404+no_snapshot,gone_404,no_snapshot,none_in_metadata
"cqziy0l",removed_by_host+no_snapshot,removed_by_host,no_snapshot,none_in_metadata
"cqzw5ev",removed_by_host+no_snapshot,removed_by_host,no_snapshot,none_in_metadata
"cqzz6hf",removed_by_host+no_snapshot,removed_by_host,no_snapshot,none_in_metadata
"cr00d2q",removed_by_host+no_snapshot,removed_by_host,no_snapshot,none_in_metadata
"cr0edtl",removed_by_host+no_snapshot,removed_by_host,no_snapshot,none_in_metadata
"cr12kqd",removed_by_host+no_snapshot,removed_by_host,no_snapshot,none_in_metadata
"cr15ee4",removed_by_host+no_snapshot,removed_by_host,no_snapshot,none_in_metadata
"cr1bc9",gone_404+no_snapshot,gone_404,no_snapshot,none_in_metadata
"cr22x5",gone_404+no_snapshot,gone_404,no_snapshot,none_in_metadata
"cr3hdb",gone_404+no_snapshot,gone_404,no_snapshot,none_in_metadata
"cr3lry",gone_404+no_snapshot,gone_404,no_snapshot,none_in_metadata
"cr4q7g",gone_404+no_snapshot,gone_404,no_snapshot,none_in_metadata
"cr4v8cd",removed_by_host+no_snapshot,removed_by_host,no_snapshot,none_in_metadata
"cr4z7b",gone_404+no_snapshot,gone_404,no_snapshot,none_in_metadata
"cr5uzf",gone_404+no_snapshot,gone_404,no_snapshot,none_in_metadata
"cr837h",gone_404+no_snapshot,gone_404,no_snapshot,none_in_metadata
"cr8cfu",gone_404+no_snapshot,gone_404,no_snapshot,none_in_metadata
"cr8fwo",gone_404+no_snapshot,gone_404,no_snapshot,none_in_metadata
"cr8n9al",host_serves_non_image+no_snapshot,host_serves_non_image,no_snapshot,none_in_metadata
"cr8s0s",gone_404+no_snapshot,gone_404,no_snapshot,none_in_metadata
"cr9ggqg",removed_by_host+no_snapshot,removed_by_host,no_snapshot,none_in_metadata
"crauyi",gone_404+no_snapshot,gone_404,no_snapshot,none_in_metadata
"crby16",gone_404+no_snapshot,gone_404,no_snapshot,none_in_metadata
"crd1le",gone_404+no_snapshot,gone_404,no_snapshot,none_in_metadata
"crd27x1",removed_by_host+no_snapshot,removed_by_host,no_snapshot,none_in_metadata
"crec5p",gone_404+no_snapshot,gone_404,no_snapshot,none_in_metadata
"cregwf",gone_404+no_snapshot,gone_404,no_snapshot,none_in_metadata
"crf2qg",gone_404+no_snapshot,gone_404,no_snapshot,none_in_metadata
"crfm0t",gone_404+no_snapshot,gone_404,no_snapshot,none_in_metadata
"crg93j",gone_404+no_snapshot,gone_404,no_snapshot,none_in_metadata
"crgw65",gone_404+no_snapshot,gone_404,no_snapshot,none_in_metadata
"crgygl",gone_404+no_snapshot,gone_404,no_snapshot,none_in_metadata
"crhjsj",gone_404+no_snapshot,gone_404,no_snapshot,none_in_metadata
"cri9gl",gone_404+no_snapshot,gone_404,no_snapshot,none_in_metadata
"crj00g",gone_404+no_snapshot,gone_404,no_snapshot,none_in_metadata
"crlkde",gone_404+no_snapshot,gone_404,no_snapshot,none_in_metadata
"crlrr5",gone_404+no_snapshot,gone_404,no_snapshot,none_in_metadata
"croyihx",removed_by_host+no_snapshot,removed_by_host,no_snapshot,none_in_metadata
"crp0yy",gone_404+no_snapshot,gone_404,no_snapshot,none_in_metadata
"crpgxt2",removed_by_host+no_snapshot,removed_by_host,no_snapshot,none_in_metadata
"crpp86",gone_404+no_snapshot,gone_404,no_snapshot,none_in_metadata
"crq850",gone_404+no_snapshot,gone_404,no_snapshot,none_in_metadata
"crrioh",gone_404+no_snapshot,gone_404,no_snapshot,none_in_metadata
"crst0n",gone_404+no_snapshot,gone_404,no_snapshot,none_in_metadata
"cru6ag",gone_404+no_snapshot,gone_404,no_snapshot,none_in_metadata
"crv119e",removed_by_host+no_snapshot,removed_by_host,no_snapshot,none_in_metadata
"crvddq",gone_404+no_snapshot,gone_404,no_snapshot,none_in_metadata
"crw8ky",gone_404+no_snapshot,gone_404,no_snapshot,none_in_metadata
"crwrzel",removed_by_host+no_snapshot,removed_by_host,no_snapshot,none_in_metadata
"crx87wq",removed_by_host+no_snapshot,removed_by_host,no_snapshot,none_in_metadata
"crxavud",removed_by_host+no_snapshot,removed_by_host,no_snapshot,none_in_metadata
"crxb5lw",dns_failure+no_snapshot,dns_failure,no_snapshot,none_in_metadata
"crxbih",gone_404+no_snapshot,gone_404,no_snapshot,none_in_metadata
"crxqtwj",removed_by_host+no_snapshot,removed_by_host,no_snapshot,none_in_metadata
"crz01c",gone_404+no_snapshot,gone_404,no_snapshot,none_in_metadata
"crzpdiy",removed_by_host+no_snapshot,removed_by_host,no_snapshot,none_in_metadata
"cs0wq5m",removed_by_host+no_snapshot,removed_by_host,no_snapshot,none_in_metadata
"cs234w",gone_404+no_snapshot,gone_404,no_snapshot,none_in_metadata
"cs2ggz",gone_404+no_snapshot,gone_404,no_snapshot,none_in_metadata
"cs37cy",gone_404+no_snapshot,gone_404,no_snapshot,none_in_metadata
"cs38i1",gone_404+no_snapshot,gone_404,no_snapshot,none_in_metadata
"cs3h3vq",removed_by_host+no_snapshot,removed_by_host,no_snapshot,none_in_metadata
"cs43cy",gone_404+no_snapshot,gone_404,no_snapshot,none_in_metadata
"cs60aw",gone_404+no_snapshot,gone_404,no_snapshot,none_in_metadata
"cs72ys",gone_404+no_snapshot,gone_404,no_snapshot,none_in_metadata
"cs76xy",gone_404+no_snapshot,gone_404,no_snapshot,none_in_metadata
"cs7rjy",gone_404+no_snapshot,gone_404,no_snapshot,none_in_metadata
"cs8wmj",gone_404+no_snapshot,gone_404,no_snapshot,none_in_metadata
"csabhk",gone_404+no_snapshot,gone_404,no_snapshot,none_in_metadata
"csb46p",gone_404+no_snapshot,gone_404,no_snapshot,none_in_metadata
"csbaw5",gone_404+no_snapshot,gone_404,no_snapshot,none_in_metadata
"csd8m1",gone_404+no_snapshot,gone_404,no_snapshot,none_in_metadata
"csdbm2",gone_404+no_snapshot,gone_404,no_snapshot,none_in_metadata
"csdnnk",gone_404+no_snapshot,gone_404,no_snapshot,none_in_metadata
"cseit1",gone_404+no_snapshot,gone_404,no_snapshot,none_in_metadata
"csfrc4",gone_404+no_snapshot,gone_404,no_snapshot,none_in_metadata
"csgcwo",gone_404+no_snapshot,gone_404,no_snapshot,none_in_metadata
"csgdzm",gone_404+no_snapshot,gone_404,no_snapshot,none_in_metadata
"csi9qp",gone_404+no_snapshot,gone_404,no_snapshot,none_in_metadata
"csil0n",gone_404+no_snapshot,gone_404,no_snapshot,none_in_metadata
"cskhw3",gone_404+no_snapshot,gone_404,no_snapshot,none_in_metadata
"csl44a",gone_404+no_snapshot,gone_404,no_snapshot,none_in_metadata
"csl7t7",gone_404+no_snapshot,gone_404,no_snapshot,none_in_metadata
"csm0bz",gone_404+no_snapshot,gone_404,no_snapshot,none_in_metadata
"csmr8d",gone_404+no_snapshot,gone_404,no_snapshot,none_in_metadata
"csn1ee",gone_404+no_snapshot,gone_404,no_snapshot,none_in_metadata
"csnhdx",gone_404+no_snapshot,gone_404,no_snapshot,none_in_metadata
"csnwg1",gone_404+no_snapshot,gone_404,no_snapshot,none_in_metadata
"cso8o8",gone_404+no_snapshot,gone_404,no_snapshot,none_in_metadata
"csoaaw",gone_404+no_snapshot,gone_404,no_snapshot,none_in_metadata
"cspquw",gone_404+no_snapshot,gone_404,no_snapshot,none_in_metadata
"csprgt",gone_404+snapshot_placeholder,gone_404,snapshot_placeholder,none_in_metadata
"csqn0ax",removed_by_host+no_snapshot,removed_by_host,no_snapshot,none_in_metadata
"csslq8z",gone_404+no_snapshot,gone_404,no_snapshot,none_in_metadata
"csx7z5",gone_404+no_snapshot,gone_404,no_snapshot,none_in_metadata
"csya6h",gone_404+no_snapshot,gone_404,no_snapshot,none_in_metadata
"csybrqu",removed_by_host+no_snapshot,removed_by_host,no_snapshot,none_in_metadata
"csyjahq",removed_by_host+no_snapshot,removed_by_host,no_snapshot,none_in_metadata
"csykfbc",removed_by_host+no_snapshot,removed_by_host,no_snapshot,none_in_metadata
"csz56e",gone_404+no_snapshot,gone_404,no_snapshot,none_in_metadata
"cszdbm",gone_404+no_snapshot,gone_404,no_snapshot,none_in_metadata
"csztxeh",removed_by_host+no_snapshot,removed_by_host,no_snapshot,none_in_metadata
"cszu9l",gone_404+no_snapshot,gone_404,no_snapshot,none_in_metadata
"cszwdc3",host_serves_non_image+no_snapshot,host_serves_non_image,no_snapshot,none_in_metadata
"ct0428",gone_404+no_snapshot,gone_404,no_snapshot,none_in_metadata
"ct0ch9i",removed_by_host+no_snapshot,removed_by_host,no_snapshot,none_in_metadata
"ct0ikgm",removed_by_host+no_snapshot,removed_by_host,no_snapshot,none_in_metadata
"ct0s3ai",removed_by_host+no_snapshot,removed_by_host,no_snapshot,none_in_metadata
"ct1iry8",removed_by_host+no_snapshot,removed_by_host,no_snapshot,none_in_metadata
"ct1xrpy",removed_by_host+no_snapshot,removed_by_host,no_snapshot,none_in_metadata
"ct2crt4",removed_by_host+no_snapshot,removed_by_host,no_snapshot,none_in_metadata
"ct39rh",gone_404+no_snapshot,gone_404,no_snapshot,none_in_metadata
"ct3wsl",gone_404+no_snapshot,gone_404,no_snapshot,none_in_metadata
"ct47w2n",removed_by_host+no_snapshot,removed_by_host,no_snapshot,none_in_metadata
"ct49io9",removed_by_host+no_snapshot,removed_by_host,no_snapshot,none_in_metadata
"ct4ayf",gone_404+no_snapshot,gone_404,no_snapshot,none_in_metadata
"ct4ihaw",removed_by_host+no_snapshot,removed_by_host,no_snapshot,none_in_metadata
"ct4p46",gone_404+no_snapshot,gone_404,no_snapshot,none_in_metadata
"ct4u43g",removed_by_host+no_snapshot,removed_by_host,no_snapshot,none_in_metadata
"ct61l0",gone_404+no_snapshot,gone_404,no_snapshot,none_in_metadata
"ct69lmm",removed_by_host+no_snapshot,removed_by_host,no_snapshot,none_in_metadata
"ct6tl8l",removed_by_host+no_snapshot,removed_by_host,no_snapshot,none_in_metadata
"ct70qb",gone_404+no_snapshot,gone_404,no_snapshot,none_in_metadata
"ct71di",gone_404+no_snapshot,gone_404,no_snapshot,none_in_metadata
"ct9397",gone_404+no_snapshot,gone_404,no_snapshot,none_in_metadata
"ct9hgb",gone_404+no_snapshot,gone_404,no_snapshot,none_in_metadata
"ctabs7",gone_404+no_snapshot,gone_404,no_snapshot,none_in_metadata
"ctc0b2",gone_404+no_snapshot,gone_404,no_snapshot,none_in_metadata
"ctcenma",dns_failure+no_snapshot,dns_failure,no_snapshot,none_in_metadata
"ctckvf",gone_404+no_snapshot,gone_404,no_snapshot,none_in_metadata
"ctclmot",removed_by_host+no_snapshot,removed_by_host,no_snapshot,none_in_metadata
"ctcrml5",dns_failure+no_snapshot,dns_failure,no_snapshot,none_in_metadata
"cte8ls",gone_404+no_snapshot,gone_404,no_snapshot,none_in_metadata
"ctfhsbc",removed_by_host+no_snapshot,removed_by_host,no_snapshot,none_in_metadata
"ctfjcv",gone_404+no_snapshot,gone_404,no_snapshot,none_in_metadata
"ctflgd",gone_404+no_snapshot,gone_404,no_snapshot,none_in_metadata
"ctfmt0",gone_404+no_snapshot,gone_404,no_snapshot,none_in_metadata
"ctfvo8",gone_404+no_snapshot,gone_404,no_snapshot,none_in_metadata
"ctguwy",gone_404+no_snapshot,gone_404,no_snapshot,none_in_metadata
"cth4349",removed_by_host+no_snapshot,removed_by_host,no_snapshot,none_in_metadata
"cth904v",removed_by_host+no_snapshot,removed_by_host,no_snapshot,none_in_metadata
"ctirua",gone_404+no_snapshot,gone_404,no_snapshot,none_in_metadata
"ctjqso",host_serves_placeholder+snapshots_not_images,host_serves_placeholder,snapshots_not_images,none_in_metadata
"ctjz84w",removed_by_host+no_snapshot,removed_by_host,no_snapshot,none_in_metadata
"ctk51qc",gone_404+no_snapshot,gone_404,no_snapshot,none_in_metadata
"ctkokk",gone_404+no_snapshot,gone_404,no_snapshot,none_in_metadata
"ctkqs7m",removed_by_host+no_snapshot,removed_by_host,no_snapshot,none_in_metadata
"ctldd7",gone_404+no_snapshot,gone_404,no_snapshot,none_in_metadata
"ctlmkw4",removed_by_host+no_snapshot,removed_by_host,no_snapshot,none_in_metadata
"ctm0xh",gone_404+no_snapshot,gone_404,no_snapshot,none_in_metadata
"ctmd34t",removed_by_host+no_snapshot,removed_by_host,no_snapshot,none_in_metadata
"ctopqgy",dns_failure+no_snapshot,dns_failure,no_snapshot,none_in_metadata
"ctp8cl",gone_404+no_snapshot,gone_404,no_snapshot,none_in_metadata
"ctptu47",removed_by_host+no_snapshot,removed_by_host,no_snapshot,none_in_metadata
"ctq45ng",removed_by_host+no_snapshot,removed_by_host,no_snapshot,none_in_metadata
"ctq57th",removed_by_host+no_snapshot,removed_by_host,no_snapshot,none_in_metadata
"ctq79nq",removed_by_host+no_snapshot,removed_by_host,no_snapshot,none_in_metadata
"ctq9z7k",removed_by_host+no_snapshot,removed_by_host,no_snapshot,none_in_metadata
"ctql8tr",removed_by_host+no_snapshot,removed_by_host,no_snapshot,none_in_metadata
"ctqt32",gone_404+no_snapshot,gone_404,no_snapshot,none_in_metadata
"ctrggr3",removed_by_host+no_snapshot,removed_by_host,no_snapshot,none_in_metadata
"cts9df",gone_404+no_snapshot,gone_404,no_snapshot,none_in_metadata
"ctsdmv",gone_404+no_snapshot,gone_404,no_snapshot,none_in_metadata
"ctttzy",gone_404+no_snapshot,gone_404,no_snapshot,none_in_metadata
"ctu31a",gone_404+no_snapshot,gone_404,no_snapshot,none_in_metadata
"ctv8zj",gone_404+no_snapshot,gone_404,no_snapshot,none_in_metadata
"ctvovx3",removed_by_host+no_snapshot,removed_by_host,no_snapshot,none_in_metadata
"ctvrou8",removed_by_host+no_snapshot,removed_by_host,no_snapshot,none_in_metadata
"ctwi2l",gone_404+no_snapshot,gone_404,no_snapshot,none_in_metadata
"ctydsyf",server_error_5xx+no_snapshot,server_error_5xx,no_snapshot,none_in_metadata
"cu0nbst",removed_by_host+no_snapshot,removed_by_host,no_snapshot,none_in_metadata
"cu0xv85",removed_by_host+no_snapshot,removed_by_host,no_snapshot,none_in_metadata
"cu10p4",gone_404+no_snapshot,gone_404,no_snapshot,none_in_metadata
"cu1455x",removed_by_host+no_snapshot,removed_by_host,no_snapshot,none_in_metadata
"cu2htr",gone_404+no_snapshot,gone_404,no_snapshot,none_in_metadata
"cu41u8e",removed_by_host+no_snapshot,removed_by_host,no_snapshot,none_in_metadata
"cu4uv9z",removed_by_host+no_snapshot,removed_by_host,no_snapshot,none_in_metadata
"cu58i6",gone_404+no_snapshot,gone_404,no_snapshot,none_in_metadata
"cu5pnwx",removed_by_host+no_snapshot,removed_by_host,no_snapshot,none_in_metadata
"cu5y9o",gone_404+no_snapshot,gone_404,no_snapshot,none_in_metadata
"cu692e",gone_404+no_snapshot,gone_404,no_snapshot,none_in_metadata
"cu7zuv",gone_404+no_snapshot,gone_404,no_snapshot,none_in_metadata
"cu8mri",gone_404+no_snapshot,gone_404,no_snapshot,none_in_metadata
"cu8rnis",removed_by_host+no_snapshot,removed_by_host,no_snapshot,none_in_metadata
"cu9e1s",gone_404+no_snapshot,gone_404,no_snapshot,none_in_metadata
"cu9ewh",gone_404+no_snapshot,gone_404,no_snapshot,none_in_metadata
"cu9ier7",removed_by_host+no_snapshot,removed_by_host,no_snapshot,none_in_metadata
"cu9lbo",gone_404+no_snapshot,gone_404,no_snapshot,none_in_metadata
"cu9obk2",removed_by_host+no_snapshot,removed_by_host,no_snapshot,none_in_metadata
"cu9w7k",gone_404+no_snapshot,gone_404,no_snapshot,none_in_metadata
"cua480q",removed_by_host+no_snapshot,removed_by_host,no_snapshot,none_in_metadata
"cuardw",gone_404+no_snapshot,gone_404,no_snapshot,none_in_metadata
"cubq63",gone_404+no_snapshot,gone_404,no_snapshot,none_in_metadata
"cuc9gg",gone_404+no_snapshot,gone_404,no_snapshot,none_in_metadata
"cud7xo",gone_404+snapshot_placeholder,gone_404,snapshot_placeholder,none_in_metadata
"cudbtb",gone_404+no_snapshot,gone_404,no_snapshot,none_in_metadata
"cudia1o",removed_by_host+no_snapshot,removed_by_host,no_snapshot,none_in_metadata
"cuds16",gone_404+no_snapshot,gone_404,no_snapshot,none_in_metadata
"cufb74r",removed_by_host+no_snapshot,removed_by_host,no_snapshot,none_in_metadata
"cufs628",removed_by_host+no_snapshot,removed_by_host,no_snapshot,none_in_metadata
"cugfjg",gone_404+no_snapshot,gone_404,no_snapshot,none_in_metadata
"cugjyf",gone_404+no_snapshot,gone_404,no_snapshot,none_in_metadata
"cugsio",gone_404+no_snapshot,gone_404,no_snapshot,none_in_metadata
"cuhao9",gone_404+no_snapshot,gone_404,no_snapshot,none_in_metadata
"cuhp7n4",removed_by_host+no_snapshot,removed_by_host,no_snapshot,none_in_metadata
"cuhs8g",gone_404+no_snapshot,gone_404,no_snapshot,none_in_metadata
"cui2xin",removed_by_host+no_snapshot,removed_by_host,no_snapshot,none_in_metadata
"cui988",gone_404+no_snapshot,gone_404,no_snapshot,none_in_metadata
"cuioab",gone_404+snapshot_placeholder,gone_404,snapshot_placeholder,none_in_metadata
"cukh0n1",removed_by_host+no_snapshot,removed_by_host,no_snapshot,none_in_metadata
"cuki6i",gone_404+no_snapshot,gone_404,no_snapshot,none_in_metadata
"cuky3id",removed_by_host+no_snapshot,removed_by_host,no_snapshot,none_in_metadata
"culiti",gone_404+no_snapshot,gone_404,no_snapshot,none_in_metadata
"culpws",gone_404+no_snapshot,gone_404,no_snapshot,none_in_metadata
"cultz9",gone_404+no_snapshot,gone_404,no_snapshot,none_in_metadata
"cum66q",gone_404+no_snapshot,gone_404,no_snapshot,none_in_metadata
"cumzsr",gone_404+no_snapshot,gone_404,no_snapshot,none_in_metadata
"cunt3l",gone_404+no_snapshot,gone_404,no_snapshot,none_in_metadata
"cuo7ho5",removed_by_host+no_snapshot,removed_by_host,no_snapshot,none_in_metadata
"cuqh6c7",removed_by_host+no_snapshot,removed_by_host,no_snapshot,none_in_metadata
"cusjjqd",removed_by_host+no_snapshot,removed_by_host,no_snapshot,none_in_metadata
"cusjtk",gone_404+snapshot_placeholder,gone_404,snapshot_placeholder,none_in_metadata
"cuslmcf",removed_by_host+no_snapshot,removed_by_host,no_snapshot,none_in_metadata
"cuuab1m",removed_by_host+no_snapshot,removed_by_host,no_snapshot,none_in_metadata
"cuunn0l",removed_by_host+no_snapshot,removed_by_host,no_snapshot,none_in_metadata
"cuuqcrc",removed_by_host+no_snapshot,removed_by_host,no_snapshot,none_in_metadata
"cuwn65o",removed_by_host+no_snapshot,removed_by_host,no_snapshot,none_in_metadata
"cux6p9d",removed_by_host+no_snapshot,removed_by_host,no_snapshot,none_in_metadata
"cuy45g",gone_404+no_snapshot,gone_404,no_snapshot,none_in_metadata
"cuzj3yw",removed_by_host+no_snapshot,removed_by_host,no_snapshot,none_in_metadata
"cv032e",gone_404+no_snapshot,gone_404,no_snapshot,none_in_metadata
"cv0m3i",gone_404+no_snapshot,gone_404,no_snapshot,none_in_metadata
"cv0ogp",gone_404+no_snapshot,gone_404,no_snapshot,none_in_metadata
"cv16gjk",removed_by_host+no_snapshot,removed_by_host,no_snapshot,none_in_metadata
"cv1w4be",removed_by_host+no_snapshot,removed_by_host,no_snapshot,none_in_metadata
"cv2sqs",gone_404+no_snapshot,gone_404,no_snapshot,none_in_metadata
"cv3ooo",gone_404+no_snapshot,gone_404,no_snapshot,none_in_metadata
"cv4tqq",gone_404+no_snapshot,gone_404,no_snapshot,none_in_metadata
"cv4v8e",gone_404+no_snapshot,gone_404,no_snapshot,none_in_metadata
"cv542o3",removed_by_host+no_snapshot,removed_by_host,no_snapshot,none_in_metadata
"cv5aqi",gone_404+no_snapshot,gone_404,no_snapshot,none_in_metadata
"cv5f7dw",removed_by_host+no_snapshot,removed_by_host,no_snapshot,none_in_metadata
"cv6hlx",gone_404+no_snapshot,gone_404,no_snapshot,none_in_metadata
"cv7ocq",gone_404+no_snapshot,gone_404,no_snapshot,none_in_metadata
"cv88xzj",removed_by_host+no_snapshot,removed_by_host,no_snapshot,none_in_metadata
"cv8uw4",gone_404+snapshot_placeholder,gone_404,snapshot_placeholder,none_in_metadata
"cv8v457",removed_by_host+no_snapshot,removed_by_host,no_snapshot,none_in_metadata
"cv9ayu",gone_404+no_snapshot,gone_404,no_snapshot,none_in_metadata
"cv9gov",gone_404+no_snapshot,gone_404,no_snapshot,none_in_metadata
"cv9te8p",removed_by_host+no_snapshot,removed_by_host,no_snapshot,none_in_metadata
"cvaa2ny",removed_by_host+no_snapshot,removed_by_host,no_snapshot,none_in_metadata
"cvarlk",gone_404+no_snapshot,gone_404,no_snapshot,none_in_metadata
"cvb1ag",gone_404+no_snapshot,gone_404,no_snapshot,none_in_metadata
"cvba3br",removed_by_host+no_snapshot,removed_by_host,no_snapshot,none_in_metadata
"cvbamlc",removed_by_host+no_snapshot,removed_by_host,no_snapshot,none_in_metadata
"cvbv3n",gone_404+no_snapshot,gone_404,no_snapshot,none_in_metadata
"cvdj3sv",removed_by_host+no_snapshot,removed_by_host,no_snapshot,none_in_metadata
"cve0cs",gone_404+no_snapshot,gone_404,no_snapshot,none_in_metadata
"cvgcbhm",removed_by_host+no_snapshot,removed_by_host,no_snapshot,none_in_metadata
"cvgk7f",gone_404+no_snapshot,gone_404,no_snapshot,none_in_metadata
"cvhm8c8",removed_by_host+no_snapshot,removed_by_host,no_snapshot,none_in_metadata
"cvhsdt",gone_404+no_snapshot,gone_404,no_snapshot,none_in_metadata
"cvhuzz",gone_404+no_snapshot,gone_404,no_snapshot,none_in_metadata
"cvi79b",gone_404+no_snapshot,gone_404,no_snapshot,none_in_metadata
"cvivpz6",removed_by_host+no_snapshot,removed_by_host,no_snapshot,none_in_metadata
"cvjhwy8",removed_by_host+no_snapshot,removed_by_host,no_snapshot,none_in_metadata
"cvk63v",gone_404+no_snapshot,gone_404,no_snapshot,none_in_metadata
"cvl7lp",gone_404+no_snapshot,gone_404,no_snapshot,none_in_metadata
"cvll0g",gone_404+no_snapshot,gone_404,no_snapshot,none_in_metadata
"cvm70ts",removed_by_host+no_snapshot,removed_by_host,no_snapshot,none_in_metadata
"cvn49z",gone_404+no_snapshot,gone_404,no_snapshot,none_in_metadata
"cvogbm",gone_404+no_snapshot,gone_404,no_snapshot,none_in_metadata
"cvopyv",gone_404+no_snapshot,gone_404,no_snapshot,none_in_metadata
"cvpjjp",gone_404+no_snapshot,gone_404,no_snapshot,none_in_metadata
"cvqny4",gone_404+no_snapshot,gone_404,no_snapshot,none_in_metadata
"cvqu8d",gone_404+no_snapshot,gone_404,no_snapshot,none_in_metadata
"cvrop0",gone_404+no_snapshot,gone_404,no_snapshot,none_in_metadata
"cvrptus",removed_by_host+no_snapshot,removed_by_host,no_snapshot,none_in_metadata
"cvs2mr",gone_404+no_snapshot,gone_404,no_snapshot,none_in_metadata
"cvso7u",gone_404+no_snapshot,gone_404,no_snapshot,none_in_metadata
"cvsqy7",gone_404+no_snapshot,gone_404,no_snapshot,none_in_metadata
"cvt32m",gone_404+no_snapshot,gone_404,no_snapshot,none_in_metadata
"cvtjaip",removed_by_host+no_snapshot,removed_by_host,no_snapshot,none_in_metadata
"cvttjx",gone_404+no_snapshot,gone_404,no_snapshot,none_in_metadata
"cvwtxo",gone_404+no_snapshot,gone_404,no_snapshot,none_in_metadata
"cvwutsk",removed_by_host+no_snapshot,removed_by_host,no_snapshot,none_in_metadata
"cvx2wy7",removed_by_host+no_snapshot,removed_by_host,no_snapshot,none_in_metadata
"cvxw8x",gone_404+no_snapshot,gone_404,no_snapshot,none_in_metadata
"cvz8at0",removed_by_host+no_snapshot,removed_by_host,no_snapshot,none_in_metadata
"cw0jw20",removed_by_host+no_snapshot,removed_by_host,no_snapshot,none_in_metadata
"cw1beey",removed_by_host+no_snapshot,removed_by_host,no_snapshot,none_in_metadata
"cw1cwx6",removed_by_host+no_snapshot,removed_by_host,no_snapshot,none_in_metadata
"cw1tu8r",removed_by_host+no_snapshot,removed_by_host,no_snapshot,none_in_metadata
"cw2u0g",fetched_blank+snapshot_blank,fetched_blank,snapshot_blank,none_in_metadata
"cw3115m",removed_by_host+no_snapshot,removed_by_host,no_snapshot,none_in_metadata
"cw34do",gone_404+snapshot_placeholder,gone_404,snapshot_placeholder,none_in_metadata
"cw44ta",gone_404+no_snapshot,gone_404,no_snapshot,none_in_metadata
"cw4yqe",gone_404+no_snapshot,gone_404,no_snapshot,none_in_metadata
"cw6fca",gone_404+no_snapshot,gone_404,no_snapshot,none_in_metadata
"cw74890",host_serves_non_image+no_snapshot,host_serves_non_image,no_snapshot,none_in_metadata
"cw77o5",gone_404+no_snapshot,gone_404,no_snapshot,none_in_metadata
"cw77rt",gone_404+no_snapshot,gone_404,no_snapshot,none_in_metadata
"cw7myj",gone_404+no_snapshot,gone_404,no_snapshot,none_in_metadata
"cw7pn8",gone_404+no_snapshot,gone_404,no_snapshot,none_in_metadata
"cw7wlp0",removed_by_host+no_snapshot,removed_by_host,no_snapshot,none_in_metadata
"cw8awq8",removed_by_host+no_snapshot,removed_by_host,no_snapshot,none_in_metadata
"cw8i5r",gone_404+no_snapshot,gone_404,no_snapshot,none_in_metadata
"cw8mda",gone_404+no_snapshot,gone_404,no_snapshot,none_in_metadata
"cw92lq",gone_404+no_snapshot,gone_404,no_snapshot,none_in_metadata
"cw98gsi",removed_by_host+no_snapshot,removed_by_host,no_snapshot,none_in_metadata
"cwafvs",gone_404+no_snapshot,gone_404,no_snapshot,none_in_metadata
"cwasy0",gone_404+no_snapshot,gone_404,no_snapshot,none_in_metadata
"cwbvvt",gone_404+no_snapshot,gone_404,no_snapshot,none_in_metadata
"cwcjck",gone_404+no_snapshot,gone_404,no_snapshot,none_in_metadata
"cwerze",gone_404+no_snapshot,gone_404,no_snapshot,none_in_metadata
"cwfigcf",removed_by_host+no_snapshot,removed_by_host,no_snapshot,none_in_metadata
"cwfunj",gone_404+no_snapshot,gone_404,no_snapshot,none_in_metadata
"cwg4wq",gone_404+no_snapshot,gone_404,no_snapshot,none_in_metadata
"cwh2s39",gone_404+no_snapshot,gone_404,no_snapshot,none_in_metadata
"cwhirz",gone_404+no_snapshot,gone_404,no_snapshot,none_in_metadata
"cwi5oj",gone_404+no_snapshot,gone_404,no_snapshot,none_in_metadata
"cwigfj",gone_404+no_snapshot,gone_404,no_snapshot,none_in_metadata
"cwizj9r",removed_by_host+no_snapshot,removed_by_host,no_snapshot,none_in_metadata
"cwj7w2o",removed_by_host+no_snapshot,removed_by_host,no_snapshot,none_in_metadata
"cwjjux",gone_404+no_snapshot,gone_404,no_snapshot,none_in_metadata
"cwjkaae",removed_by_host+no_snapshot,removed_by_host,no_snapshot,none_in_metadata
"cwjklcn",removed_by_host+no_snapshot,removed_by_host,no_snapshot,none_in_metadata
"cwkks6",gone_404+no_snapshot,gone_404,no_snapshot,none_in_metadata
"cwmot04",dns_failure+no_snapshot,dns_failure,no_snapshot,none_in_metadata
"cwncnj",gone_404+no_snapshot,gone_404,no_snapshot,none_in_metadata
"cwntvq",gone_404+no_snapshot,gone_404,no_snapshot,none_in_metadata
"cwo4r0",gone_404+no_snapshot,gone_404,no_snapshot,none_in_metadata
"cwojhx",gone_404+no_snapshot,gone_404,no_snapshot,none_in_metadata
"cwpctmh",removed_by_host+no_snapshot,removed_by_host,no_snapshot,none_in_metadata
"cwpvz7",gone_404+no_snapshot,gone_404,no_snapshot,none_in_metadata
"cwr91to",removed_by_host+no_snapshot,removed_by_host,no_snapshot,none_in_metadata
"cwsgg2k",removed_by_host+no_snapshot,removed_by_host,no_snapshot,none_in_metadata
"cwsx0eq",dns_failure+no_snapshot,dns_failure,no_snapshot,none_in_metadata
"cwt0qf1",removed_by_host+no_snapshot,removed_by_host,no_snapshot,none_in_metadata
"cwtnjb",gone_404+no_snapshot,gone_404,no_snapshot,none_in_metadata
"cwv3cz",gone_404+no_snapshot,gone_404,no_snapshot,none_in_metadata
"cwvcrt2",removed_by_host+no_snapshot,removed_by_host,no_snapshot,none_in_metadata
"cwvgkny",removed_by_host+no_snapshot,removed_by_host,no_snapshot,none_in_metadata
"cwwgxr",gone_404+no_snapshot,gone_404,no_snapshot,none_in_metadata
"cwww8ea",removed_by_host+no_snapshot,removed_by_host,no_snapshot,none_in_metadata
"cwzsayj",removed_by_host+no_snapshot,removed_by_host,no_snapshot,none_in_metadata
"cx0s2l",gone_404+no_snapshot,gone_404,no_snapshot,none_in_metadata
"cx2ew3",gone_404+no_snapshot,gone_404,no_snapshot,none_in_metadata
"cx2npk",gone_404+no_snapshot,gone_404,no_snapshot,none_in_metadata
"cx2qjn0",removed_by_host+no_snapshot,removed_by_host,no_snapshot,none_in_metadata
"cx2yk45",removed_by_host+no_snapshot,removed_by_host,no_snapshot,none_in_metadata
"cx4f4t",gone_404+no_snapshot,gone_404,no_snapshot,none_in_metadata
"cx4ws9",gone_404+no_snapshot,gone_404,no_snapshot,none_in_metadata
"cx59jic",removed_by_host+no_snapshot,removed_by_host,no_snapshot,none_in_metadata
"cx5ws9",gone_404+no_snapshot,gone_404,no_snapshot,none_in_metadata
"cx75z5",gone_404+no_snapshot,gone_404,no_snapshot,none_in_metadata
"cx83ufj",removed_by_host+no_snapshot,removed_by_host,no_snapshot,none_in_metadata
"cx8ox5",gone_404+no_snapshot,gone_404,no_snapshot,none_in_metadata
"cx8xg6",gone_404+no_snapshot,gone_404,no_snapshot,none_in_metadata
"cx9dwdn",removed_by_host+no_snapshot,removed_by_host,no_snapshot,none_in_metadata
"cx9u6z",gone_404+no_snapshot,gone_404,no_snapshot,none_in_metadata
"cx9uim",gone_404+no_snapshot,gone_404,no_snapshot,none_in_metadata
"cx9vl4l",removed_by_host+no_snapshot,removed_by_host,no_snapshot,none_in_metadata
"cxa6w5",gone_404+no_snapshot,gone_404,no_snapshot,none_in_metadata
"cxa7qx",gone_404+no_snapshot,gone_404,no_snapshot,none_in_metadata
"cxam0l",gone_404+no_snapshot,gone_404,no_snapshot,none_in_metadata
"cxc3gav",removed_by_host+no_snapshot,removed_by_host,no_snapshot,none_in_metadata
"cxe1hvk",removed_by_host+no_snapshot,removed_by_host,no_snapshot,none_in_metadata
"cxfhjr",gone_404+no_snapshot,gone_404,no_snapshot,none_in_metadata
"cxggcz",gone_404+no_snapshot,gone_404,no_snapshot,none_in_metadata
"cxih4z",gone_404+no_snapshot,gone_404,no_snapshot,none_in_metadata
"cxioww",gone_404+no_snapshot,gone_404,no_snapshot,none_in_metadata
"cxiyzj",gone_404+no_snapshot,gone_404,no_snapshot,none_in_metadata
"cxj0oe",gone_404+no_snapshot,gone_404,no_snapshot,none_in_metadata
"cxj120",gone_404+no_snapshot,gone_404,no_snapshot,none_in_metadata
"cxja2u",gone_404+no_snapshot,gone_404,no_snapshot,none_in_metadata
"cxjbbrd",removed_by_host+no_snapshot,removed_by_host,no_snapshot,none_in_metadata
"cxjqml",gone_404+no_snapshot,gone_404,no_snapshot,none_in_metadata
"cxkd95p",removed_by_host+no_snapshot,removed_by_host,no_snapshot,none_in_metadata
"cxksuak",removed_by_host+no_snapshot,removed_by_host,no_snapshot,none_in_metadata
"cxlhc7",gone_404+no_snapshot,gone_404,no_snapshot,none_in_metadata
"cxmb8j",gone_404+no_snapshot,gone_404,no_snapshot,none_in_metadata
"cxn03t",gone_404+no_snapshot,gone_404,no_snapshot,none_in_metadata
"cxnoaj",gone_404+no_snapshot,gone_404,no_snapshot,none_in_metadata
"cxnpkvv",removed_by_host+no_snapshot,removed_by_host,no_snapshot,none_in_metadata
"cxnzqr",gone_404+no_snapshot,gone_404,no_snapshot,none_in_metadata
"cxotcl",gone_404+no_snapshot,gone_404,no_snapshot,none_in_metadata
"cxprrv",gone_404+no_snapshot,gone_404,no_snapshot,none_in_metadata
"cxr8ji5",removed_by_host+no_snapshot,removed_by_host,no_snapshot,none_in_metadata
"cxrqjxr",removed_by_host+no_snapshot,removed_by_host,no_snapshot,none_in_metadata
"cxsijl",gone_404+no_snapshot,gone_404,no_snapshot,none_in_metadata
"cxt5d2",gone_404+no_snapshot,gone_404,no_snapshot,none_in_metadata
"cxtkpc",gone_404+no_snapshot,gone_404,no_snapshot,none_in_metadata
"cxvl55",gone_404+no_snapshot,gone_404,no_snapshot,none_in_metadata
"cxwyq1",gone_404+no_snapshot,gone_404,no_snapshot,none_in_metadata
"cxx8ap",gone_404+no_snapshot,gone_404,no_snapshot,none_in_metadata
"cxxdbh",gone_404+no_snapshot,gone_404,no_snapshot,none_in_metadata
"cxxuxw",gone_404+no_snapshot,gone_404,no_snapshot,none_in_metadata
"cxyavmq",removed_by_host+no_snapshot,removed_by_host,no_snapshot,none_in_metadata
"cxzcpy",gone_404+no_snapshot,gone_404,no_snapshot,none_in_metadata
"cxzlmhe",removed_by_host+no_snapshot,removed_by_host,no_snapshot,none_in_metadata
"cxzpbx",gone_404+no_snapshot,gone_404,no_snapshot,none_in_metadata
"cy04rh",gone_404+no_snapshot,gone_404,no_snapshot,none_in_metadata
"cy0lqq",gone_404+no_snapshot,gone_404,no_snapshot,none_in_metadata
"cy0ql1",gone_404+no_snapshot,gone_404,no_snapshot,none_in_metadata
"cy1bq0",gone_404+no_snapshot,gone_404,no_snapshot,none_in_metadata
"cy1k7f",gone_404+no_snapshot,gone_404,no_snapshot,none_in_metadata
"cy1v7v",gone_404+no_snapshot,gone_404,no_snapshot,none_in_metadata
"cy2ggjy",removed_by_host+no_snapshot,removed_by_host,no_snapshot,none_in_metadata
"cy2z53",gone_404+no_snapshot,gone_404,no_snapshot,none_in_metadata
"cy3stj",gone_404+no_snapshot,gone_404,no_snapshot,none_in_metadata
"cy47nnl",removed_by_host+no_snapshot,removed_by_host,no_snapshot,none_in_metadata
"cy6e56",gone_404+no_snapshot,gone_404,no_snapshot,none_in_metadata
"cy6hpl",gone_404+no_snapshot,gone_404,no_snapshot,none_in_metadata
"cy7him",gone_404+no_snapshot,gone_404,no_snapshot,none_in_metadata
"cy92ab",gone_404+no_snapshot,gone_404,no_snapshot,none_in_metadata
"cy9hcco",removed_by_host+no_snapshot,removed_by_host,no_snapshot,none_in_metadata
"cy9o1e",gone_404+no_snapshot,gone_404,no_snapshot,none_in_metadata
"cy9o416",removed_by_host+no_snapshot,removed_by_host,no_snapshot,none_in_metadata
"cy9s83",gone_404+no_snapshot,gone_404,no_snapshot,none_in_metadata
"cyb0cw",gone_404+no_snapshot,gone_404,no_snapshot,none_in_metadata
"cybbh8x",removed_by_host+no_snapshot,removed_by_host,no_snapshot,none_in_metadata
"cycv1u",gone_404+no_snapshot,gone_404,no_snapshot,none_in_metadata
"cyd8iq",gone_404+no_snapshot,gone_404,no_snapshot,none_in_metadata
"cydf4qy",removed_by_host+no_snapshot,removed_by_host,no_snapshot,none_in_metadata
"cydjqq",gone_404+no_snapshot,gone_404,no_snapshot,none_in_metadata
"cydo2d",gone_404+no_snapshot,gone_404,no_snapshot,none_in_metadata
"cydsdn",gone_404+no_snapshot,gone_404,no_snapshot,none_in_metadata
"cydwl0n",dns_failure+no_snapshot,dns_failure,no_snapshot,none_in_metadata
"cydx2a",gone_404+no_snapshot,gone_404,no_snapshot,none_in_metadata
"cyesk6",gone_404+no_snapshot,gone_404,no_snapshot,none_in_metadata
"cyew2f",gone_404+no_snapshot,gone_404,no_snapshot,none_in_metadata
"cyexgo",gone_404+no_snapshot,gone_404,no_snapshot,none_in_metadata
"cyfb5e",gone_404+no_snapshot,gone_404,no_snapshot,none_in_metadata
"cyfk3b",gone_404+no_snapshot,gone_404,no_snapshot,none_in_metadata
"cygcpt",gone_404+no_snapshot,gone_404,no_snapshot,none_in_metadata
"cyhils",gone_404+no_snapshot,gone_404,no_snapshot,none_in_metadata
"cyi1xp",gone_404+no_snapshot,gone_404,no_snapshot,none_in_metadata
"cyi5x6",gone_404+no_snapshot,gone_404,no_snapshot,none_in_metadata
"cyio4k",gone_404+no_snapshot,gone_404,no_snapshot,none_in_metadata
"cyispll",removed_by_host+no_snapshot,removed_by_host,no_snapshot,none_in_metadata
"cyjgv3p",removed_by_host+no_snapshot,removed_by_host,no_snapshot,none_in_metadata
"cyjkz62",removed_by_host+no_snapshot,removed_by_host,no_snapshot,none_in_metadata
"cyjlf6d",removed_by_host+no_snapshot,removed_by_host,no_snapshot,none_in_metadata
"cyjmvw",gone_404+no_snapshot,gone_404,no_snapshot,none_in_metadata
"cyk86e1",removed_by_host+no_snapshot,removed_by_host,no_snapshot,none_in_metadata
"cylfcb",gone_404+no_snapshot,gone_404,no_snapshot,none_in_metadata
"cylz0ej",removed_by_host+no_snapshot,removed_by_host,no_snapshot,none_in_metadata
"cymcnfk",removed_by_host+no_snapshot,removed_by_host,no_snapshot,none_in_metadata
"cymzbob",removed_by_host+no_snapshot,removed_by_host,no_snapshot,none_in_metadata
"cyng3s",gone_404+no_snapshot,gone_404,no_snapshot,none_in_metadata
"cynhpd",gone_404+no_snapshot,gone_404,no_snapshot,none_in_metadata
"cyo1uz",gone_404+no_snapshot,gone_404,no_snapshot,none_in_metadata
"cyo55m",gone_404+no_snapshot,gone_404,no_snapshot,none_in_metadata
"cyo78zt",removed_by_host+no_snapshot,removed_by_host,no_snapshot,none_in_metadata
"cyo9oca",removed_by_host+no_snapshot,removed_by_host,no_snapshot,none_in_metadata
"cyod8m",gone_404+no_snapshot,gone_404,no_snapshot,none_in_metadata
"cyovro0",removed_by_host+no_snapshot,removed_by_host,no_snapshot,none_in_metadata
"cyoy8h6",removed_by_host+no_snapshot,removed_by_host,no_snapshot,none_in_metadata
"cyput9k",removed_by_host+no_snapshot,removed_by_host,no_snapshot,none_in_metadata
"cyq29oy",removed_by_host+no_snapshot,removed_by_host,no_snapshot,none_in_metadata
"cyq3i2l",removed_by_host+no_snapshot,removed_by_host,no_snapshot,none_in_metadata
"cyr2ytz",removed_by_host+no_snapshot,removed_by_host,no_snapshot,none_in_metadata
"cyranh1",removed_by_host+no_snapshot,removed_by_host,no_snapshot,none_in_metadata
"cys9oe",gone_404+no_snapshot,gone_404,no_snapshot,none_in_metadata
"cyt6nw7",removed_by_host+no_snapshot,removed_by_host,no_snapshot,none_in_metadata
"cyuczx",gone_404+no_snapshot,gone_404,no_snapshot,none_in_metadata
"cyv2pxl",removed_by_host+no_snapshot,removed_by_host,no_snapshot,none_in_metadata
"cyv5j32",removed_by_host+no_snapshot,removed_by_host,no_snapshot,none_in_metadata
"cyvlkm",gone_404+no_snapshot,gone_404,no_snapshot,none_in_metadata
"cyvmfum",removed_by_host+no_snapshot,removed_by_host,no_snapshot,none_in_metadata
"cyyh0pn",removed_by_host+no_snapshot,removed_by_host,no_snapshot,none_in_metadata
"cyymqf9",removed_by_host+no_snapshot,removed_by_host,no_snapshot,none_in_metadata
"cyz0pnw",removed_by_host+no_snapshot,removed_by_host,no_snapshot,none_in_metadata
"cyz1xyu",removed_by_host+no_snapshot,removed_by_host,no_snapshot,none_in_metadata
"cz0964b",removed_by_host+no_snapshot,removed_by_host,no_snapshot,none_in_metadata
"cz0f9r",gone_404+no_snapshot,gone_404,no_snapshot,none_in_metadata
"cz22v0",gone_404+no_snapshot,gone_404,no_snapshot,none_in_metadata
"cz2drl6",dns_failure+no_snapshot,dns_failure,no_snapshot,none_in_metadata
"cz2ze2k",removed_by_host+no_snapshot,removed_by_host,no_snapshot,none_in_metadata
"cz3stn",gone_404+no_snapshot,gone_404,no_snapshot,none_in_metadata
"cz4829",gone_404+no_snapshot,gone_404,no_snapshot,none_in_metadata
"cz4fbzz",removed_by_host+no_snapshot,removed_by_host,no_snapshot,none_in_metadata
"cz4wqo",gone_404+no_snapshot,gone_404,no_snapshot,none_in_metadata
"cz5264",gone_404+no_snapshot,gone_404,no_snapshot,none_in_metadata
"cz6idm0",removed_by_host+no_snapshot,removed_by_host,no_snapshot,none_in_metadata
"cz6ostt",removed_by_host+no_snapshot,removed_by_host,no_snapshot,none_in_metadata
"cz773u",gone_404+snapshot_placeholder,gone_404,snapshot_placeholder,none_in_metadata
"cz7adiv",removed_by_host+no_snapshot,removed_by_host,no_snapshot,none_in_metadata
"cz7hhm",gone_404+no_snapshot,gone_404,no_snapshot,none_in_metadata
"cz7tfc",gone_404+no_snapshot,gone_404,no_snapshot,none_in_metadata
"cz83y4",gone_404+no_snapshot,gone_404,no_snapshot,none_in_metadata
"cz9zk5",gone_404+no_snapshot,gone_404,no_snapshot,none_in_metadata
"czaeb2p",removed_by_host+no_snapshot,removed_by_host,no_snapshot,none_in_metadata
"czajrn",gone_404+no_snapshot,gone_404,no_snapshot,none_in_metadata
"czaxotu",removed_by_host+no_snapshot,removed_by_host,no_snapshot,none_in_metadata
"czayco2",removed_by_host+no_snapshot,removed_by_host,no_snapshot,none_in_metadata
"czbghi",gone_404+no_snapshot,gone_404,no_snapshot,none_in_metadata
"czcfid",gone_404+no_snapshot,gone_404,no_snapshot,none_in_metadata
"czcsifr",removed_by_host+no_snapshot,removed_by_host,no_snapshot,none_in_metadata
"czd5gmg",removed_by_host+no_snapshot,removed_by_host,no_snapshot,none_in_metadata
"cze18d4",removed_by_host+no_snapshot,removed_by_host,no_snapshot,none_in_metadata
"czeib2x",removed_by_host+no_snapshot,removed_by_host,no_snapshot,none_in_metadata
"czfz9t",gone_404+no_snapshot,gone_404,no_snapshot,none_in_metadata
"czg9f7c",removed_by_host+no_snapshot,removed_by_host,no_snapshot,none_in_metadata
"czgjljf",removed_by_host+no_snapshot,removed_by_host,no_snapshot,none_in_metadata
"czgl8x",gone_404+no_snapshot,gone_404,no_snapshot,none_in_metadata
"czgnlfa",removed_by_host+no_snapshot,removed_by_host,no_snapshot,none_in_metadata
"czgtagj",removed_by_host+no_snapshot,removed_by_host,no_snapshot,none_in_metadata
"czh7471",removed_by_host+no_snapshot,removed_by_host,no_snapshot,none_in_metadata
"czhinc",gone_404+no_snapshot,gone_404,no_snapshot,none_in_metadata
"czkurw",gone_404+no_snapshot,gone_404,no_snapshot,none_in_metadata
"czmaqxn",removed_by_host+no_snapshot,removed_by_host,no_snapshot,none_in_metadata
"czo0ucd",removed_by_host+no_snapshot,removed_by_host,no_snapshot,none_in_metadata
"czoo074",removed_by_host+no_snapshot,removed_by_host,no_snapshot,none_in_metadata
"czoq27j",removed_by_host+no_snapshot,removed_by_host,no_snapshot,none_in_metadata
"czqgdr",gone_404+no_snapshot,gone_404,no_snapshot,none_in_metadata
"czr7nls",removed_by_host+no_snapshot,removed_by_host,no_snapshot,none_in_metadata
"czrgic",gone_404+no_snapshot,gone_404,no_snapshot,none_in_metadata
"czs08l",gone_404+no_snapshot,gone_404,no_snapshot,none_in_metadata
"czt31sa",removed_by_host+no_snapshot,removed_by_host,no_snapshot,none_in_metadata
"cztoqs",gone_404+no_snapshot,gone_404,no_snapshot,none_in_metadata
"cztwef",gone_404+no_snapshot,gone_404,no_snapshot,none_in_metadata
"cztxok",gone_404+no_snapshot,gone_404,no_snapshot,none_in_metadata
"czuek80",removed_by_host+no_snapshot,removed_by_host,no_snapshot,none_in_metadata
"czuh0qv",removed_by_host+no_snapshot,removed_by_host,no_snapshot,none_in_metadata
"czuiocm",removed_by_host+no_snapshot,removed_by_host,no_snapshot,none_in_metadata
"czy3ugi",removed_by_host+no_snapshot,removed_by_host,no_snapshot,none_in_metadata
"czy5w08",removed_by_host+no_snapshot,removed_by_host,no_snapshot,none_in_metadata
"czzccl",gone_404+no_snapshot,gone_404,no_snapshot,none_in_metadata
"czzf3oc",removed_by_host+no_snapshot,removed_by_host,no_snapshot,none_in_metadata
"d00wbz",gone_404+no_snapshot,gone_404,no_snapshot,none_in_metadata
"d018dv",gone_404+no_snapshot,gone_404,no_snapshot,none_in_metadata
"d01dem",gone_404+no_snapshot,gone_404,no_snapshot,none_in_metadata
"d01hqj",gone_404+no_snapshot,gone_404,no_snapshot,none_in_metadata
"d02je35",removed_by_host+no_snapshot,removed_by_host,no_snapshot,none_in_metadata
"d02nao",gone_404+no_snapshot,gone_404,no_snapshot,none_in_metadata
"d02q1r",gone_404+no_snapshot,gone_404,no_snapshot,none_in_metadata
"d03w37",gone_404+no_snapshot,gone_404,no_snapshot,none_in_metadata
"d04wfa",gone_404+no_snapshot,gone_404,no_snapshot,none_in_metadata
"d05rxk",gone_404+no_snapshot,gone_404,no_snapshot,none_in_metadata
"d060x2r",removed_by_host+no_snapshot,removed_by_host,no_snapshot,none_in_metadata
"d06sify",removed_by_host+no_snapshot,removed_by_host,no_snapshot,none_in_metadata
"d06un9",gone_404+no_snapshot,gone_404,no_snapshot,none_in_metadata
"d07jyb5",removed_by_host+no_snapshot,removed_by_host,no_snapshot,none_in_metadata
"d07u5i",gone_404+no_snapshot,gone_404,no_snapshot,none_in_metadata
"d08qan",gone_404+no_snapshot,gone_404,no_snapshot,none_in_metadata
"d09w1m",gone_404+no_snapshot,gone_404,no_snapshot,none_in_metadata
"d0ak5yc",removed_by_host+no_snapshot,removed_by_host,no_snapshot,none_in_metadata
"d0ci0cv",removed_by_host+no_snapshot,removed_by_host,no_snapshot,none_in_metadata
"d0crzxg",removed_by_host+no_snapshot,removed_by_host,no_snapshot,none_in_metadata
"d0dhda",gone_404+no_snapshot,gone_404,no_snapshot,none_in_metadata
"d0e71zl",removed_by_host+no_snapshot,removed_by_host,no_snapshot,none_in_metadata
"d0ec0z",gone_404+no_snapshot,gone_404,no_snapshot,none_in_metadata
"d0ei6q",gone_404+no_snapshot,gone_404,no_snapshot,none_in_metadata
"d0fepeu",removed_by_host+no_snapshot,removed_by_host,no_snapshot,none_in_metadata
"d0fynr",gone_404+no_snapshot,gone_404,no_snapshot,none_in_metadata
"d0hhmbe",removed_by_host+no_snapshot,removed_by_host,no_snapshot,none_in_metadata
"d0hy8k",gone_404+no_snapshot,gone_404,no_snapshot,none_in_metadata
"d0i0gs",gone_404+no_snapshot,gone_404,no_snapshot,none_in_metadata
"d0k4ho",gone_404+no_snapshot,gone_404,no_snapshot,none_in_metadata
"d0lb9q",gone_404+no_snapshot,gone_404,no_snapshot,none_in_metadata
"d0ligfi",removed_by_host+no_snapshot,removed_by_host,no_snapshot,none_in_metadata
"d0mgso1",removed_by_host+no_snapshot,removed_by_host,no_snapshot,none_in_metadata
"d0moj4t",host_serves_non_image+no_snapshot,host_serves_non_image,no_snapshot,none_in_metadata
"d0mq85",gone_404+no_snapshot,gone_404,no_snapshot,none_in_metadata
"d0nczu",gone_404+no_snapshot,gone_404,no_snapshot,none_in_metadata
"d0nyyf",gone_404+no_snapshot,gone_404,no_snapshot,none_in_metadata
"d0o2hq3",removed_by_host+no_snapshot,removed_by_host,no_snapshot,none_in_metadata
"d0ofig",gone_404+no_snapshot,gone_404,no_snapshot,none_in_metadata
"d0ow8z",gone_404+no_snapshot,gone_404,no_snapshot,none_in_metadata
"d0pyw6d",removed_by_host+no_snapshot,removed_by_host,no_snapshot,none_in_metadata
"d0qkxe",gone_404+no_snapshot,gone_404,no_snapshot,none_in_metadata
"d0qlwi6",removed_by_host+no_snapshot,removed_by_host,no_snapshot,none_in_metadata
"d0r9i7b",removed_by_host+no_snapshot,removed_by_host,no_snapshot,none_in_metadata
"d0rvec7",removed_by_host+no_snapshot,removed_by_host,no_snapshot,none_in_metadata
"d0vttnm",removed_by_host+no_snapshot,removed_by_host,no_snapshot,none_in_metadata
"d0wpdy",gone_404+no_snapshot,gone_404,no_snapshot,none_in_metadata
"d0ww8zh",removed_by_host+no_snapshot,removed_by_host,no_snapshot,none_in_metadata
"d0x9hly",removed_by_host+no_snapshot,removed_by_host,no_snapshot,none_in_metadata
"d0xc2w",gone_404+no_snapshot,gone_404,no_snapshot,none_in_metadata
"d0xnee",gone_404+no_snapshot,gone_404,no_snapshot,none_in_metadata
"d0ztuo",gone_404+no_snapshot,gone_404,no_snapshot,none_in_metadata
"d10ccq",gone_404+no_snapshot,gone_404,no_snapshot,none_in_metadata
"d10jo6",gone_404+no_snapshot,gone_404,no_snapshot,none_in_metadata
"d10zwls",removed_by_host+no_snapshot,removed_by_host,no_snapshot,none_in_metadata
"d11uay6",removed_by_host+no_snapshot,removed_by_host,no_snapshot,none_in_metadata
"d12s393",removed_by_host+no_snapshot,removed_by_host,no_snapshot,none_in_metadata
"d13k5ff",removed_by_host+no_snapshot,removed_by_host,no_snapshot,none_in_metadata
"d14f8v",gone_404+no_snapshot,gone_404,no_snapshot,none_in_metadata
"d14fkak",removed_by_host+no_snapshot,removed_by_host,no_snapshot,none_in_metadata
"d14rh6",gone_404+no_snapshot,gone_404,no_snapshot,none_in_metadata
"d15oqv8",removed_by_host+no_snapshot,removed_by_host,no_snapshot,none_in_metadata
"d15tj1",gone_404+no_snapshot,gone_404,no_snapshot,none_in_metadata
"d15ynp",gone_404+no_snapshot,gone_404,no_snapshot,none_in_metadata
"d16dvh6",removed_by_host+no_snapshot,removed_by_host,no_snapshot,none_in_metadata
"d16vgg5",removed_by_host+no_snapshot,removed_by_host,no_snapshot,none_in_metadata
"d17n0w",gone_404+no_snapshot,gone_404,no_snapshot,none_in_metadata
"d18h3p",gone_404+no_snapshot,gone_404,no_snapshot,none_in_metadata
"d18ple",gone_404+no_snapshot,gone_404,no_snapshot,none_in_metadata
"d18tu51",removed_by_host+no_snapshot,removed_by_host,no_snapshot,none_in_metadata
"d19pn5",gone_404+no_snapshot,gone_404,no_snapshot,none_in_metadata
"d1a3bl",gone_404+no_snapshot,gone_404,no_snapshot,none_in_metadata
"d1a3j2q",removed_by_host+no_snapshot,removed_by_host,no_snapshot,none_in_metadata
"d1a72zo",removed_by_host+no_snapshot,removed_by_host,no_snapshot,none_in_metadata
"d1ce5v",gone_404+no_snapshot,gone_404,no_snapshot,none_in_metadata
"d1cr8d",gone_404+no_snapshot,gone_404,no_snapshot,none_in_metadata
"d1d0y6",gone_404+no_snapshot,gone_404,no_snapshot,none_in_metadata
"d1dqeod",removed_by_host+no_snapshot,removed_by_host,no_snapshot,none_in_metadata
"d1e2nm",gone_404+no_snapshot,gone_404,no_snapshot,none_in_metadata
"d1fobd",gone_404+no_snapshot,gone_404,no_snapshot,none_in_metadata
"d1gdrf",gone_404+no_snapshot,gone_404,no_snapshot,none_in_metadata
"d1gzau",gone_404+no_snapshot,gone_404,no_snapshot,none_in_metadata
"d1hdha8",removed_by_host+no_snapshot,removed_by_host,no_snapshot,none_in_metadata
"d1hfdq",gone_404+no_snapshot,gone_404,no_snapshot,none_in_metadata
"d1i7va",gone_404+no_snapshot,gone_404,no_snapshot,none_in_metadata
"d1ibht",gone_404+no_snapshot,gone_404,no_snapshot,none_in_metadata
"d1j5e8",gone_404+no_snapshot,gone_404,no_snapshot,none_in_metadata
"d1jbks8",removed_by_host+no_snapshot,removed_by_host,no_snapshot,none_in_metadata
"d1jldch",removed_by_host+no_snapshot,removed_by_host,no_snapshot,none_in_metadata
"d1kzvd",gone_404+no_snapshot,gone_404,no_snapshot,none_in_metadata
"d1lu7u",gone_404+no_snapshot,gone_404,no_snapshot,none_in_metadata
"d1myn76",removed_by_host+no_snapshot,removed_by_host,no_snapshot,none_in_metadata
"d1o87gh",removed_by_host+no_snapshot,removed_by_host,no_snapshot,none_in_metadata
"d1pbcu",gone_404+no_snapshot,gone_404,no_snapshot,none_in_metadata
"d1qzlqe",removed_by_host+no_snapshot,removed_by_host,no_snapshot,none_in_metadata
"d1rbwr8",host_serves_non_image+no_snapshot,host_serves_non_image,no_snapshot,none_in_metadata
"d1rzr8b",removed_by_host+no_snapshot,removed_by_host,no_snapshot,none_in_metadata
"d1s0766",removed_by_host+no_snapshot,removed_by_host,no_snapshot,none_in_metadata
"d1s7ni",gone_404+no_snapshot,gone_404,no_snapshot,none_in_metadata
"d1tdkr",gone_404+snapshot_placeholder,gone_404,snapshot_placeholder,none_in_metadata
"d1thydd",removed_by_host+no_snapshot,removed_by_host,no_snapshot,none_in_metadata
"d1u8gq",gone_404+no_snapshot,gone_404,no_snapshot,none_in_metadata
"d1vmaw",gone_404+no_snapshot,gone_404,no_snapshot,none_in_metadata
"d1wbnz",gone_404+no_snapshot,gone_404,no_snapshot,none_in_metadata
"d1wy721",removed_by_host+no_snapshot,removed_by_host,no_snapshot,none_in_metadata
"d1xfeb",gone_404+no_snapshot,gone_404,no_snapshot,none_in_metadata
"d1yva0k",removed_by_host+no_snapshot,removed_by_host,no_snapshot,none_in_metadata
"d1z9ti",gone_404+no_snapshot,gone_404,no_snapshot,none_in_metadata
"d206sxo",dns_failure+no_snapshot,dns_failure,no_snapshot,none_in_metadata
"d20o44b",host_serves_non_image+no_snapshot,host_serves_non_image,no_snapshot,none_in_metadata
"d217z4f",removed_by_host+no_snapshot,removed_by_host,no_snapshot,none_in_metadata
"d22p5cy",removed_by_host+no_snapshot,removed_by_host,no_snapshot,none_in_metadata
"d25goal",removed_by_host+no_snapshot,removed_by_host,no_snapshot,none_in_metadata
"d25z8ik",removed_by_host+no_snapshot,removed_by_host,no_snapshot,none_in_metadata
"d25zcr7",removed_by_host+no_snapshot,removed_by_host,no_snapshot,none_in_metadata
"d26vww",gone_404+no_snapshot,gone_404,no_snapshot,none_in_metadata
"d275nmf",removed_by_host+no_snapshot,removed_by_host,no_snapshot,none_in_metadata
"d2811f2",removed_by_host+no_snapshot,removed_by_host,no_snapshot,none_in_metadata
"d28zrf",gone_404+no_snapshot,gone_404,no_snapshot,none_in_metadata
"d29fpw",gone_404+no_snapshot,gone_404,no_snapshot,none_in_metadata
"d2a5b1",gone_404+no_snapshot,gone_404,no_snapshot,none_in_metadata
"d2b6glg",removed_by_host+no_snapshot,removed_by_host,no_snapshot,none_in_metadata
"d2bqc4c",removed_by_host+no_snapshot,removed_by_host,no_snapshot,none_in_metadata
"d2c9vzy",removed_by_host+no_snapshot,removed_by_host,no_snapshot,none_in_metadata
"d2cvn5b",removed_by_host+no_snapshot,removed_by_host,no_snapshot,none_in_metadata
"d2e9tox",removed_by_host+no_snapshot,removed_by_host,no_snapshot,none_in_metadata
"d2eu4a",gone_404+no_snapshot,gone_404,no_snapshot,none_in_metadata
"d2ext2k",removed_by_host+no_snapshot,removed_by_host,no_snapshot,none_in_metadata
"d2ezgvc",removed_by_host+no_snapshot,removed_by_host,no_snapshot,none_in_metadata
"d2fl3f",gone_404+no_snapshot,gone_404,no_snapshot,none_in_metadata
"d2fykv",gone_404+no_snapshot,gone_404,no_snapshot,none_in_metadata
"d2g0o8",gone_404+no_snapshot,gone_404,no_snapshot,none_in_metadata
"d2gbq8",gone_404+no_snapshot,gone_404,no_snapshot,none_in_metadata
"d2gg71",gone_404+no_snapshot,gone_404,no_snapshot,none_in_metadata
"d2glch",gone_404+no_snapshot,gone_404,no_snapshot,none_in_metadata
"d2hmrm",gone_404+no_snapshot,gone_404,no_snapshot,none_in_metadata
"d2i042w",removed_by_host+no_snapshot,removed_by_host,no_snapshot,none_in_metadata
"d2jp1y8",removed_by_host+no_snapshot,removed_by_host,no_snapshot,none_in_metadata
"d2ka9x",gone_404+no_snapshot,gone_404,no_snapshot,none_in_metadata
"d2kynb",gone_404+no_snapshot,gone_404,no_snapshot,none_in_metadata
"d2l4xv",gone_404+no_snapshot,gone_404,no_snapshot,none_in_metadata
"d2m9uv",gone_404+no_snapshot,gone_404,no_snapshot,none_in_metadata
"d2o5emw",removed_by_host+no_snapshot,removed_by_host,no_snapshot,none_in_metadata
"d2od92",gone_404+no_snapshot,gone_404,no_snapshot,none_in_metadata
"d2ovfd",gone_404+no_snapshot,gone_404,no_snapshot,none_in_metadata
"d2r334",gone_404+no_snapshot,gone_404,no_snapshot,none_in_metadata
"d2raw8",gone_404+no_snapshot,gone_404,no_snapshot,none_in_metadata
"d2rzm1y",removed_by_host+no_snapshot,removed_by_host,no_snapshot,none_in_metadata
"d2sm45g",removed_by_host+no_snapshot,removed_by_host,no_snapshot,none_in_metadata
"d2t2f2d",removed_by_host+no_snapshot,removed_by_host,no_snapshot,none_in_metadata
"d2tdc8n",removed_by_host+no_snapshot,removed_by_host,no_snapshot,none_in_metadata
"d2utv0",gone_404+no_snapshot,gone_404,no_snapshot,none_in_metadata
"d2vaj7",gone_404+no_snapshot,gone_404,no_snapshot,none_in_metadata
"d2vqn8",gone_404+no_snapshot,gone_404,no_snapshot,none_in_metadata
"d2wtiqc",removed_by_host+no_snapshot,removed_by_host,no_snapshot,none_in_metadata
"d2xdrp",gone_404+no_snapshot,gone_404,no_snapshot,none_in_metadata
"d2xplfb",removed_by_host+no_snapshot,removed_by_host,no_snapshot,none_in_metadata
"d2yh8w",gone_404+no_snapshot,gone_404,no_snapshot,none_in_metadata
"d2z2zvx",removed_by_host+no_snapshot,removed_by_host,no_snapshot,none_in_metadata
"d2z491",gone_404+no_snapshot,gone_404,no_snapshot,none_in_metadata
"d2za88q",removed_by_host+no_snapshot,removed_by_host,no_snapshot,none_in_metadata
"d2zkh1v",removed_by_host+no_snapshot,removed_by_host,no_snapshot,none_in_metadata
"d2zrpg",gone_404+no_snapshot,gone_404,no_snapshot,none_in_metadata
"d308cnw",removed_by_host+no_snapshot,removed_by_host,no_snapshot,none_in_metadata
"d30di21",removed_by_host+no_snapshot,removed_by_host,no_snapshot,none_in_metadata
"d316fw",gone_404+no_snapshot,gone_404,no_snapshot,none_in_metadata
"d33rek",gone_404+no_snapshot,gone_404,no_snapshot,none_in_metadata
"d340kxt",removed_by_host+no_snapshot,removed_by_host,no_snapshot,none_in_metadata
"d36tos",gone_404+no_snapshot,gone_404,no_snapshot,none_in_metadata
"d36u1e",gone_404+no_snapshot,gone_404,no_snapshot,none_in_metadata
"d39fh3",gone_404+no_snapshot,gone_404,no_snapshot,none_in_metadata
"d39h0dn",removed_by_host+no_snapshot,removed_by_host,no_snapshot,none_in_metadata
"d39jpf",gone_404+no_snapshot,gone_404,no_snapshot,none_in_metadata
"d3a9mxp",removed_by_host+no_snapshot,removed_by_host,no_snapshot,none_in_metadata
"d3a9zt6",removed_by_host+no_snapshot,removed_by_host,no_snapshot,none_in_metadata
"d3aiov3",removed_by_host+no_snapshot,removed_by_host,no_snapshot,none_in_metadata
"d3b63f",gone_404+snapshot_placeholder,gone_404,snapshot_placeholder,none_in_metadata
"d3biuvg",removed_by_host+no_snapshot,removed_by_host,no_snapshot,none_in_metadata
"d3bta7i",removed_by_host+no_snapshot,removed_by_host,no_snapshot,none_in_metadata
"d3bum20",removed_by_host+no_snapshot,removed_by_host,no_snapshot,none_in_metadata
"d3c4oeq",removed_by_host+no_snapshot,removed_by_host,no_snapshot,none_in_metadata
"d3crp8c",removed_by_host+no_snapshot,removed_by_host,no_snapshot,none_in_metadata
"d3cs4pk",gone_404+no_snapshot,gone_404,no_snapshot,none_in_metadata
"d3cusoa",removed_by_host+no_snapshot,removed_by_host,no_snapshot,none_in_metadata
"d3cvf08",removed_by_host+no_snapshot,removed_by_host,no_snapshot,none_in_metadata
"d3cyawp",removed_by_host+no_snapshot,removed_by_host,no_snapshot,none_in_metadata
"d3d2mea",removed_by_host+no_snapshot,removed_by_host,no_snapshot,none_in_metadata
"d3d336",gone_404+no_snapshot,gone_404,no_snapshot,none_in_metadata
"d3dbzai",removed_by_host+no_snapshot,removed_by_host,no_snapshot,none_in_metadata
"d3dm3vm",removed_by_host+no_snapshot,removed_by_host,no_snapshot,none_in_metadata
"d3dxxh",gone_404+no_snapshot,gone_404,no_snapshot,none_in_metadata
"d3e0vz2",removed_by_host+no_snapshot,removed_by_host,no_snapshot,none_in_metadata
"d3e2gob",removed_by_host+no_snapshot,removed_by_host,no_snapshot,none_in_metadata
"d3e2vwi",removed_by_host+no_snapshot,removed_by_host,no_snapshot,none_in_metadata
"d3eecz9",removed_by_host+no_snapshot,removed_by_host,no_snapshot,none_in_metadata
"d3epn3o",removed_by_host+no_snapshot,removed_by_host,no_snapshot,none_in_metadata
"d3esspr",removed_by_host+no_snapshot,removed_by_host,no_snapshot,none_in_metadata
"d3fs9f",gone_404+no_snapshot,gone_404,no_snapshot,none_in_metadata
"d3gc3w3",removed_by_host+no_snapshot,removed_by_host,no_snapshot,none_in_metadata
"d3h0rey",removed_by_host+no_snapshot,removed_by_host,no_snapshot,none_in_metadata
"d3ha63",gone_404+no_snapshot,gone_404,no_snapshot,none_in_metadata
"d3i08y",gone_404+no_snapshot,gone_404,no_snapshot,none_in_metadata
"d3ie3hv",removed_by_host+no_snapshot,removed_by_host,no_snapshot,none_in_metadata
"d3ifog3",removed_by_host+no_snapshot,removed_by_host,no_snapshot,none_in_metadata
"d3iv9fv",removed_by_host+no_snapshot,removed_by_host,no_snapshot,none_in_metadata
"d3jojzq",removed_by_host+no_snapshot,removed_by_host,no_snapshot,none_in_metadata
"d3l5e1e",removed_by_host+no_snapshot,removed_by_host,no_snapshot,none_in_metadata
"d3mhh6a",removed_by_host+no_snapshot,removed_by_host,no_snapshot,none_in_metadata
"d3nej2q",removed_by_host+no_snapshot,removed_by_host,no_snapshot,none_in_metadata
"d3o651",gone_404+no_snapshot,gone_404,no_snapshot,none_in_metadata
"d3od2xj",removed_by_host+no_snapshot,removed_by_host,no_snapshot,none_in_metadata
"d3ot2ob",gone_404+no_snapshot,gone_404,no_snapshot,none_in_metadata
"d3p8kdq",removed_by_host+no_snapshot,removed_by_host,no_snapshot,none_in_metadata
"d3qes8",gone_404+no_snapshot,gone_404,no_snapshot,none_in_metadata
"d3qnsx",gone_404+no_snapshot,gone_404,no_snapshot,none_in_metadata
"d3r3ev",fetched_blank+snapshot_blank,fetched_blank,snapshot_blank,none_in_metadata
"d3rv9y",gone_404+no_snapshot,gone_404,no_snapshot,none_in_metadata
"d3s40ci",removed_by_host+no_snapshot,removed_by_host,no_snapshot,none_in_metadata
"d3s8kz",gone_404+no_snapshot,gone_404,no_snapshot,none_in_metadata
"d3sk2ld",removed_by_host+no_snapshot,removed_by_host,no_snapshot,none_in_metadata
"d3sreto",removed_by_host+no_snapshot,removed_by_host,no_snapshot,none_in_metadata
"d3t9d3q",removed_by_host+no_snapshot,removed_by_host,no_snapshot,none_in_metadata
"d3ujd7s",unreachable_timeout+no_snapshot,unreachable_timeout,no_snapshot,none_in_metadata
"d3v8a7",gone_404+no_snapshot,gone_404,no_snapshot,none_in_metadata
"d3w3bi",gone_404+no_snapshot,gone_404,no_snapshot,none_in_metadata
"d3wcut",gone_404+no_snapshot,gone_404,no_snapshot,none_in_metadata
"d3whk8",gone_404+no_snapshot,gone_404,no_snapshot,none_in_metadata
"d3wik43",removed_by_host+no_snapshot,removed_by_host,no_snapshot,none_in_metadata
"d3xg3xz",removed_by_host+no_snapshot,removed_by_host,no_snapshot,none_in_metadata
"d3xmto3",removed_by_host+no_snapshot,removed_by_host,no_snapshot,none_in_metadata
"d40yqx",gone_404+no_snapshot,gone_404,no_snapshot,none_in_metadata
"d421k5i",removed_by_host+no_snapshot,removed_by_host,no_snapshot,none_in_metadata
"d423qk",gone_404+no_snapshot,gone_404,no_snapshot,none_in_metadata
"d42b9lf",removed_by_host+no_snapshot,removed_by_host,no_snapshot,none_in_metadata
"d43c3r",gone_404+no_snapshot,gone_404,no_snapshot,none_in_metadata
"d43cpy",gone_404+no_snapshot,gone_404,no_snapshot,none_in_metadata
"d44bpgr",removed_by_host+no_snapshot,removed_by_host,no_snapshot,none_in_metadata
"d44u33",gone_404+no_snapshot,gone_404,no_snapshot,none_in_metadata
"d44wjcv",removed_by_host+no_snapshot,removed_by_host,no_snapshot,none_in_metadata
"d44z03b",removed_by_host+no_snapshot,removed_by_host,no_snapshot,none_in_metadata
"d45qucr",removed_by_host+no_snapshot,removed_by_host,no_snapshot,none_in_metadata
"d46qxc",gone_404+no_snapshot,gone_404,no_snapshot,none_in_metadata
"d46v38f",removed_by_host+no_snapshot,removed_by_host,no_snapshot,none_in_metadata
"d47nz5o",removed_by_host+no_snapshot,removed_by_host,no_snapshot,none_in_metadata
"d47wdq",gone_404+no_snapshot,gone_404,no_snapshot,none_in_metadata
"d48xe8",gone_404+no_snapshot,gone_404,no_snapshot,none_in_metadata
"d4976y",gone_404+no_snapshot,gone_404,no_snapshot,none_in_metadata
"d49twr",gone_404+snapshot_placeholder,gone_404,snapshot_placeholder,none_in_metadata
"d49y83l",removed_by_host+no_snapshot,removed_by_host,no_snapshot,none_in_metadata
"d4ag6na",removed_by_host+no_snapshot,removed_by_host,no_snapshot,none_in_metadata
"d4aykjk",removed_by_host+no_snapshot,removed_by_host,no_snapshot,none_in_metadata
"d4b0e4",gone_404+no_snapshot,gone_404,no_snapshot,none_in_metadata
"d4b3r8",gone_404+no_snapshot,gone_404,no_snapshot,none_in_metadata
"d4b5i0",gone_404+no_snapshot,gone_404,no_snapshot,none_in_metadata
"d4convz",removed_by_host+no_snapshot,removed_by_host,no_snapshot,none_in_metadata
"d4ct8g",gone_404+no_snapshot,gone_404,no_snapshot,none_in_metadata
"d4ctby",gone_404+no_snapshot,gone_404,no_snapshot,none_in_metadata
"d4d325m",removed_by_host+no_snapshot,removed_by_host,no_snapshot,none_in_metadata
"d4drqn",gone_404+no_snapshot,gone_404,no_snapshot,none_in_metadata
"d4exa64",removed_by_host+no_snapshot,removed_by_host,no_snapshot,none_in_metadata
"d4fcysa",removed_by_host+no_snapshot,removed_by_host,no_snapshot,none_in_metadata
"d4gr4b",gone_404+no_snapshot,gone_404,no_snapshot,none_in_metadata
"d4hj16",gone_404+no_snapshot,gone_404,no_snapshot,none_in_metadata
"d4jjji",gone_404+snapshot_placeholder,gone_404,snapshot_placeholder,none_in_metadata
"d4k8bf",gone_404+no_snapshot,gone_404,no_snapshot,none_in_metadata
"d4kqv9m",removed_by_host+no_snapshot,removed_by_host,no_snapshot,none_in_metadata
"d4m5ow",gone_404+no_snapshot,gone_404,no_snapshot,none_in_metadata
"d4mj8x",gone_404+no_snapshot,gone_404,no_snapshot,none_in_metadata
"d4n14zx",removed_by_host+no_snapshot,removed_by_host,no_snapshot,none_in_metadata
"d4nb0u",gone_404+no_snapshot,gone_404,no_snapshot,none_in_metadata
"d4nqj6",gone_404+no_snapshot,gone_404,no_snapshot,none_in_metadata
"d4nw7xg",removed_by_host+no_snapshot,removed_by_host,no_snapshot,none_in_metadata
"d4og0w",gone_404+no_snapshot,gone_404,no_snapshot,none_in_metadata
"d4okzk",gone_404+no_snapshot,gone_404,no_snapshot,none_in_metadata
"d4pts18",removed_by_host+no_snapshot,removed_by_host,no_snapshot,none_in_metadata
"d4pusi",gone_404+no_snapshot,gone_404,no_snapshot,none_in_metadata
"d4pw423",removed_by_host+no_snapshot,removed_by_host,no_snapshot,none_in_metadata
"d4qy8um",removed_by_host+no_snapshot,removed_by_host,no_snapshot,none_in_metadata
"d4sj3o7",removed_by_host+no_snapshot,removed_by_host,no_snapshot,none_in_metadata
"d4u6uh",gone_404+no_snapshot,gone_404,no_snapshot,none_in_metadata
"d4va3n",gone_404+no_snapshot,gone_404,no_snapshot,none_in_metadata
"d4wzpwq",removed_by_host+no_snapshot,removed_by_host,no_snapshot,none_in_metadata
"d4ypaeb",removed_by_host+no_snapshot,removed_by_host,no_snapshot,none_in_metadata
"d4yw55",gone_404+no_snapshot,gone_404,no_snapshot,none_in_metadata
"d512076",removed_by_host+no_snapshot,removed_by_host,no_snapshot,none_in_metadata
"d518fn",gone_404+no_snapshot,gone_404,no_snapshot,none_in_metadata
"d51xeis",removed_by_host+no_snapshot,removed_by_host,no_snapshot,none_in_metadata
"d524bi1",removed_by_host+no_snapshot,removed_by_host,no_snapshot,none_in_metadata
"d52l24j",removed_by_host+no_snapshot,removed_by_host,no_snapshot,none_in_metadata
"d530oz",gone_404+no_snapshot,gone_404,no_snapshot,none_in_metadata
"d53ghc",gone_404+no_snapshot,gone_404,no_snapshot,none_in_metadata
"d54c7b",gone_404+no_snapshot,gone_404,no_snapshot,none_in_metadata
"d54ibu4",removed_by_host+no_snapshot,removed_by_host,no_snapshot,none_in_metadata
"d54jqv",gone_404+no_snapshot,gone_404,no_snapshot,none_in_metadata
"d55effy",removed_by_host+no_snapshot,removed_by_host,no_snapshot,none_in_metadata
"d566ve",gone_404+no_snapshot,gone_404,no_snapshot,none_in_metadata
"d567jx",gone_404+no_snapshot,gone_404,no_snapshot,none_in_metadata
"d56ht2",gone_404+no_snapshot,gone_404,no_snapshot,none_in_metadata
"d56uiam",removed_by_host+no_snapshot,removed_by_host,no_snapshot,none_in_metadata
"d56x4j",gone_404+no_snapshot,gone_404,no_snapshot,none_in_metadata
"d57af7h",removed_by_host+no_snapshot,removed_by_host,no_snapshot,none_in_metadata
"d57fsvl",removed_by_host+no_snapshot,removed_by_host,no_snapshot,none_in_metadata
"d57fwn",gone_404+no_snapshot,gone_404,no_snapshot,none_in_metadata
"d58bfnd",dns_failure+no_snapshot,dns_failure,no_snapshot,none_in_metadata
"d58bt7f",removed_by_host+no_snapshot,removed_by_host,no_snapshot,none_in_metadata
"d58puvv",removed_by_host+no_snapshot,removed_by_host,no_snapshot,none_in_metadata
"d58qbn9",removed_by_host+no_snapshot,removed_by_host,no_snapshot,none_in_metadata
"d58zwmi",removed_by_host+no_snapshot,removed_by_host,no_snapshot,none_in_metadata
"d5acnki",removed_by_host+no_snapshot,removed_by_host,no_snapshot,none_in_metadata
"d5axbh",gone_404+no_snapshot,gone_404,no_snapshot,none_in_metadata
"d5btkn",gone_404+no_snapshot,gone_404,no_snapshot,none_in_metadata
"d5cobb",gone_404+no_snapshot,gone_404,no_snapshot,none_in_metadata
"d5e5oo",gone_404+no_snapshot,gone_404,no_snapshot,none_in_metadata
"d5evm0v",host_serves_non_image+no_snapshot,host_serves_non_image,no_snapshot,none_in_metadata
"d5f8gmm",removed_by_host+no_snapshot,removed_by_host,no_snapshot,none_in_metadata
"d5f92g",gone_404+no_snapshot,gone_404,no_snapshot,none_in_metadata
"d5g8kz",gone_404+no_snapshot,gone_404,no_snapshot,none_in_metadata
"d5go507",removed_by_host+no_snapshot,removed_by_host,no_snapshot,none_in_metadata
"d5hb50",gone_404+no_snapshot,gone_404,no_snapshot,none_in_metadata
"d5im8e",gone_404+no_snapshot,gone_404,no_snapshot,none_in_metadata
"d5iweb",gone_404+no_snapshot,gone_404,no_snapshot,none_in_metadata
"d5j8te",gone_404+no_snapshot,gone_404,no_snapshot,none_in_metadata
"d5jk88",gone_404+no_snapshot,gone_404,no_snapshot,none_in_metadata
"d5kqo0",gone_404+no_snapshot,gone_404,no_snapshot,none_in_metadata
"d5m8ce",gone_404+no_snapshot,gone_404,no_snapshot,none_in_metadata
"d5nx3vg",refused_http_400+no_snapshot,refused_http_400,no_snapshot,none_in_metadata
"d5o4yc",gone_404+no_snapshot,gone_404,no_snapshot,none_in_metadata
"d5o6ef",gone_404+no_snapshot,gone_404,no_snapshot,none_in_metadata
"d5ogqb",gone_404+no_snapshot,gone_404,no_snapshot,none_in_metadata
"d5op5a7",removed_by_host+no_snapshot,removed_by_host,no_snapshot,none_in_metadata
"d5pep2",gone_404+no_snapshot,gone_404,no_snapshot,none_in_metadata
"d5qti2",gone_404+no_snapshot,gone_404,no_snapshot,none_in_metadata
"d5r1e6",gone_404+no_snapshot,gone_404,no_snapshot,none_in_metadata
"d5rcio",gone_404+no_snapshot,gone_404,no_snapshot,none_in_metadata
"d5salm",gone_404+no_snapshot,gone_404,no_snapshot,none_in_metadata
"d5szk61",removed_by_host+no_snapshot,removed_by_host,no_snapshot,none_in_metadata
"d5uen4c",removed_by_host+no_snapshot,removed_by_host,no_snapshot,none_in_metadata
"d5v08m2",removed_by_host+no_snapshot,removed_by_host,no_snapshot,none_in_metadata
"d5vha7e",removed_by_host+no_snapshot,removed_by_host,no_snapshot,none_in_metadata
"d5vhv5a",removed_by_host+no_snapshot,removed_by_host,no_snapshot,none_in_metadata
"d5vnj",gone_404+snapshot_placeholder,gone_404,snapshot_placeholder,none_in_metadata
"d5wfvru",removed_by_host+no_snapshot,removed_by_host,no_snapshot,none_in_metadata
"d5z73r",gone_404+no_snapshot,gone_404,no_snapshot,none_in_metadata
"d5z7dc",gone_404+no_snapshot,gone_404,no_snapshot,none_in_metadata
"d604sn",gone_404+no_snapshot,gone_404,no_snapshot,none_in_metadata
"d6250ps",removed_by_host+no_snapshot,removed_by_host,no_snapshot,none_in_metadata
"d6359h",gone_404+no_snapshot,gone_404,no_snapshot,none_in_metadata
"d63xyf",gone_404+no_snapshot,gone_404,no_snapshot,none_in_metadata
"d65jwi",gone_404+no_snapshot,gone_404,no_snapshot,none_in_metadata
"d669h9",gone_404+no_snapshot,gone_404,no_snapshot,none_in_metadata
"d66s4uu",removed_by_host+no_snapshot,removed_by_host,no_snapshot,none_in_metadata
"d67mzu",gone_404+no_snapshot,gone_404,no_snapshot,none_in_metadata
"d685yj",gone_404+no_snapshot,gone_404,no_snapshot,none_in_metadata
"d68fint",removed_by_host+no_snapshot,removed_by_host,no_snapshot,none_in_metadata
"d69bhfc",removed_by_host+no_snapshot,removed_by_host,no_snapshot,none_in_metadata
"d69hwrx",removed_by_host+no_snapshot,removed_by_host,no_snapshot,none_in_metadata
"d69mvb",gone_404+no_snapshot,gone_404,no_snapshot,none_in_metadata
"d69rf5k",removed_by_host+no_snapshot,removed_by_host,no_snapshot,none_in_metadata
"d6a72qv",removed_by_host+no_snapshot,removed_by_host,no_snapshot,none_in_metadata
"d6ade9r",removed_by_host+no_snapshot,removed_by_host,no_snapshot,none_in_metadata
"d6c0gg",gone_404+no_snapshot,gone_404,no_snapshot,none_in_metadata
"d6cuek",gone_404+no_snapshot,gone_404,no_snapshot,none_in_metadata
"d6dco7n",gone_404+no_snapshot,gone_404,no_snapshot,none_in_metadata
"d6dhjs",gone_404+no_snapshot,gone_404,no_snapshot,none_in_metadata
"d6dhvq",gone_404+no_snapshot,gone_404,no_snapshot,none_in_metadata
"d6ds99",gone_404+no_snapshot,gone_404,no_snapshot,none_in_metadata
"d6e5yx6",gone_404+no_snapshot,gone_404,no_snapshot,none_in_metadata
"d6eer8",gone_404+no_snapshot,gone_404,no_snapshot,none_in_metadata
"d6efki",gone_404+no_snapshot,gone_404,no_snapshot,none_in_metadata
"d6elws8",removed_by_host+no_snapshot,removed_by_host,no_snapshot,none_in_metadata
"d6en4v",gone_404+no_snapshot,gone_404,no_snapshot,none_in_metadata
"d6fs61",gone_404+no_snapshot,gone_404,no_snapshot,none_in_metadata
"d6g7k51",removed_by_host+no_snapshot,removed_by_host,no_snapshot,none_in_metadata
"d6gcg8",gone_404+no_snapshot,gone_404,no_snapshot,none_in_metadata
"d6gylt",gone_404+no_snapshot,gone_404,no_snapshot,none_in_metadata
"d6i6nap",removed_by_host+no_snapshot,removed_by_host,no_snapshot,none_in_metadata
"d6k2lp",gone_404+no_snapshot,gone_404,no_snapshot,none_in_metadata
"d6ksy7",gone_404+no_snapshot,gone_404,no_snapshot,none_in_metadata
"d6lklj",gone_404+no_snapshot,gone_404,no_snapshot,none_in_metadata
"d6mj9x",gone_404+no_snapshot,gone_404,no_snapshot,none_in_metadata
"d6oio3i",removed_by_host+no_snapshot,removed_by_host,no_snapshot,none_in_metadata
"d6ow40y",removed_by_host+no_snapshot,removed_by_host,no_snapshot,none_in_metadata
"d6p2u6",gone_404+no_snapshot,gone_404,no_snapshot,none_in_metadata
"d6vql2",gone_404+snapshot_placeholder,gone_404,snapshot_placeholder,none_in_metadata
"d6wyf2t",removed_by_host+no_snapshot,removed_by_host,no_snapshot,none_in_metadata
"d6xggc",gone_404+no_snapshot,gone_404,no_snapshot,none_in_metadata
"d6xhno",gone_404+no_snapshot,gone_404,no_snapshot,none_in_metadata
"d6ymkt",gone_404+no_snapshot,gone_404,no_snapshot,none_in_metadata
"d6yqmkb",removed_by_host+no_snapshot,removed_by_host,no_snapshot,none_in_metadata
"d6yzvqa",removed_by_host+no_snapshot,removed_by_host,no_snapshot,none_in_metadata
"d6z6vk",gone_404+no_snapshot,gone_404,no_snapshot,none_in_metadata
"d712dub",removed_by_host+no_snapshot,removed_by_host,no_snapshot,none_in_metadata
"d717100",removed_by_host+no_snapshot,removed_by_host,no_snapshot,none_in_metadata
"d71tu2",gone_404+no_snapshot,gone_404,no_snapshot,none_in_metadata
"d72qhn",gone_404+no_snapshot,gone_404,no_snapshot,none_in_metadata
"d72qy10",removed_by_host+no_snapshot,removed_by_host,no_snapshot,none_in_metadata
"d732be",gone_404+no_snapshot,gone_404,no_snapshot,none_in_metadata
"d732v9v",removed_by_host+no_snapshot,removed_by_host,no_snapshot,none_in_metadata
"d7351u",gone_404+no_snapshot,gone_404,no_snapshot,none_in_metadata
"d73h5d",gone_404+no_snapshot,gone_404,no_snapshot,none_in_metadata
"d76r6l4",removed_by_host+no_snapshot,removed_by_host,no_snapshot,none_in_metadata
"d76xmdi",removed_by_host+no_snapshot,removed_by_host,no_snapshot,none_in_metadata
"d7877j6",removed_by_host+no_snapshot,removed_by_host,no_snapshot,none_in_metadata
"d79biv",gone_404+no_snapshot,gone_404,no_snapshot,none_in_metadata
"d79uqb",gone_404+no_snapshot,gone_404,no_snapshot,none_in_metadata
"d7bi1vs",dns_failure+no_snapshot,dns_failure,no_snapshot,none_in_metadata
"d7bjq6",gone_404+no_snapshot,gone_404,no_snapshot,none_in_metadata
"d7bobz",gone_404+no_snapshot,gone_404,no_snapshot,none_in_metadata
"d7c97j",gone_404+no_snapshot,gone_404,no_snapshot,none_in_metadata
"d7cfxt",gone_404+no_snapshot,gone_404,no_snapshot,none_in_metadata
"d7cni2g",removed_by_host+no_snapshot,removed_by_host,no_snapshot,none_in_metadata
"d7drr9c",removed_by_host+no_snapshot,removed_by_host,no_snapshot,none_in_metadata
"d7e5zgz",removed_by_host+no_snapshot,removed_by_host,no_snapshot,none_in_metadata
"d7enc9",gone_404+no_snapshot,gone_404,no_snapshot,none_in_metadata
"d7epjsd",removed_by_host+no_snapshot,removed_by_host,no_snapshot,none_in_metadata
"d7epng",gone_404+no_snapshot,gone_404,no_snapshot,none_in_metadata
"d7eyph6",removed_by_host+no_snapshot,removed_by_host,no_snapshot,none_in_metadata
"d7fktbh",removed_by_host+no_snapshot,removed_by_host,no_snapshot,none_in_metadata
"d7g7kxd",removed_by_host+no_snapshot,removed_by_host,no_snapshot,none_in_metadata
"d7gase",gone_404+no_snapshot,gone_404,no_snapshot,none_in_metadata
"d7gdfy",gone_404+no_snapshot,gone_404,no_snapshot,none_in_metadata
"d7govz8",removed_by_host+no_snapshot,removed_by_host,no_snapshot,none_in_metadata
"d7kcsx3",removed_by_host+no_snapshot,removed_by_host,no_snapshot,none_in_metadata
"d7lsjy",gone_404+no_snapshot,gone_404,no_snapshot,none_in_metadata
"d7m7etw",removed_by_host+no_snapshot,removed_by_host,no_snapshot,none_in_metadata
"d7ndlq",gone_404+no_snapshot,gone_404,no_snapshot,none_in_metadata
"d7rvg4z",removed_by_host+no_snapshot,removed_by_host,no_snapshot,none_in_metadata
"d7s4qs7",removed_by_host+no_snapshot,removed_by_host,no_snapshot,none_in_metadata
"d7to8j",gone_404+no_snapshot,gone_404,no_snapshot,none_in_metadata
"d7tv2z",gone_404+no_snapshot,gone_404,no_snapshot,none_in_metadata
"d7u06y",gone_404+no_snapshot,gone_404,no_snapshot,none_in_metadata
"d7uqq2j",removed_by_host+no_snapshot,removed_by_host,no_snapshot,none_in_metadata
"d7v6tr",gone_404+no_snapshot,gone_404,no_snapshot,none_in_metadata
"d7wcln5",removed_by_host+no_snapshot,removed_by_host,no_snapshot,none_in_metadata
"d7wi08",gone_404+no_snapshot,gone_404,no_snapshot,none_in_metadata
"d7wq3w5",removed_by_host+no_snapshot,removed_by_host,no_snapshot,none_in_metadata
"d7x9vxa",removed_by_host+no_snapshot,removed_by_host,no_snapshot,none_in_metadata
"d7xgpto",removed_by_host+no_snapshot,removed_by_host,no_snapshot,none_in_metadata
"d7xspg0",gone_404+no_snapshot,gone_404,no_snapshot,none_in_metadata
"d7xxzl",gone_404+no_snapshot,gone_404,no_snapshot,none_in_metadata
"d7y5sx",gone_404+no_snapshot,gone_404,no_snapshot,none_in_metadata
"d7ya6w",gone_404+no_snapshot,gone_404,no_snapshot,none_in_metadata
"d7yvge8",removed_by_host+no_snapshot,removed_by_host,no_snapshot,none_in_metadata
"d7yz9m",gone_404+no_snapshot,gone_404,no_snapshot,none_in_metadata
"d7zvim2",removed_by_host+no_snapshot,removed_by_host,no_snapshot,none_in_metadata
"d81pe71",removed_by_host+no_snapshot,removed_by_host,no_snapshot,none_in_metadata
"d81tua",gone_404+no_snapshot,gone_404,no_snapshot,none_in_metadata
"d8263s",gone_404+no_snapshot,gone_404,no_snapshot,none_in_metadata
"d82w8vi",dns_failure+no_snapshot,dns_failure,no_snapshot,none_in_metadata
"d83p3o4",removed_by_host+no_snapshot,removed_by_host,no_snapshot,none_in_metadata
"d84kdbc",removed_by_host+no_snapshot,removed_by_host,no_snapshot,none_in_metadata
"d85tqr6",removed_by_host+no_snapshot,removed_by_host,no_snapshot,none_in_metadata
"d862uz",gone_404+no_snapshot,gone_404,no_snapshot,none_in_metadata
"d887amx",removed_by_host+no_snapshot,removed_by_host,no_snapshot,none_in_metadata
"d88zdt",gone_404+no_snapshot,gone_404,no_snapshot,none_in_metadata
"d891b89",removed_by_host+no_snapshot,removed_by_host,no_snapshot,none_in_metadata
"d89f4y",gone_404+no_snapshot,gone_404,no_snapshot,none_in_metadata
"d8a7db5",removed_by_host+no_snapshot,removed_by_host,no_snapshot,none_in_metadata
"d8atnu",gone_404+no_snapshot,gone_404,no_snapshot,none_in_metadata
"d8cfkpj",removed_by_host+no_snapshot,removed_by_host,no_snapshot,none_in_metadata
"d8eemlr",removed_by_host+no_snapshot,removed_by_host,no_snapshot,none_in_metadata
"d8ez9v",gone_404+no_snapshot,gone_404,no_snapshot,none_in_metadata
"d8f0s0",gone_404+no_snapshot,gone_404,no_snapshot,none_in_metadata
"d8fsa8",gone_404+no_snapshot,gone_404,no_snapshot,none_in_metadata
"d8fv3i",gone_404+no_snapshot,gone_404,no_snapshot,none_in_metadata
"d8h11ok",removed_by_host+no_snapshot,removed_by_host,no_snapshot,none_in_metadata
"d8hmh72",removed_by_host+no_snapshot,removed_by_host,no_snapshot,none_in_metadata
"d8jp6qu",removed_by_host+no_snapshot,removed_by_host,no_snapshot,none_in_metadata
"d8l5mvv",removed_by_host+no_snapshot,removed_by_host,no_snapshot,none_in_metadata
"d8lpb8",gone_404+no_snapshot,gone_404,no_snapshot,none_in_metadata
"d8lv6ia",removed_by_host+no_snapshot,removed_by_host,no_snapshot,none_in_metadata
"d8lx8w",gone_404+no_snapshot,gone_404,no_snapshot,none_in_metadata
"d8moet",gone_404+no_snapshot,gone_404,no_snapshot,none_in_metadata
"d8nb95",gone_404+no_snapshot,gone_404,no_snapshot,none_in_metadata
"d8nlzv",gone_404+no_snapshot,gone_404,no_snapshot,none_in_metadata
"d8o9slf",dns_failure+no_snapshot,dns_failure,no_snapshot,none_in_metadata
"d8ocyg",gone_404+no_snapshot,gone_404,no_snapshot,none_in_metadata
"d8pxr04",gone_404+no_snapshot,gone_404,no_snapshot,none_in_metadata
"d8rtdv",gone_404+no_snapshot,gone_404,no_snapshot,none_in_metadata
"d8t04f7",removed_by_host+no_snapshot,removed_by_host,no_snapshot,none_in_metadata
"d8t8jv",gone_404+no_snapshot,gone_404,no_snapshot,none_in_metadata
"d8tuljl",removed_by_host+no_snapshot,removed_by_host,no_snapshot,none_in_metadata
"d8u8fez",removed_by_host+no_snapshot,removed_by_host,no_snapshot,none_in_metadata
"d8uznv1",removed_by_host+no_snapshot,removed_by_host,no_snapshot,none_in_metadata
"d8v3c6",gone_404+no_snapshot,gone_404,no_snapshot,none_in_metadata
"d8v61fx",removed_by_host+no_snapshot,removed_by_host,no_snapshot,none_in_metadata
"d8vhrd",gone_404+no_snapshot,gone_404,no_snapshot,none_in_metadata
"d8vj5u",gone_404+no_snapshot,gone_404,no_snapshot,none_in_metadata
"d8vzx1y",removed_by_host+no_snapshot,removed_by_host,no_snapshot,none_in_metadata
"d8w592x",removed_by_host+no_snapshot,removed_by_host,no_snapshot,none_in_metadata
"d8w7bx",gone_404+no_snapshot,gone_404,no_snapshot,none_in_metadata
"d8wga3",gone_404+no_snapshot,gone_404,no_snapshot,none_in_metadata
"d8wrcm",gone_404+no_snapshot,gone_404,no_snapshot,none_in_metadata
"d8ws6mh",removed_by_host+no_snapshot,removed_by_host,no_snapshot,none_in_metadata
"d8xiu4s",removed_by_host+no_snapshot,removed_by_host,no_snapshot,none_in_metadata
"d8xz7y",gone_404+no_snapshot,gone_404,no_snapshot,none_in_metadata
"d8z7pk",gone_404+no_snapshot,gone_404,no_snapshot,none_in_metadata
"d911hp",gone_404+no_snapshot,gone_404,no_snapshot,none_in_metadata
"d933ne",gone_404+no_snapshot,gone_404,no_snapshot,none_in_metadata
"d93dwy",gone_404+no_snapshot,gone_404,no_snapshot,none_in_metadata
"d93zn6",gone_404+no_snapshot,gone_404,no_snapshot,none_in_metadata
"d9451w",gone_404+no_snapshot,gone_404,no_snapshot,none_in_metadata
"d94zer",gone_404+no_snapshot,gone_404,no_snapshot,none_in_metadata
"d95fdy",gone_404+no_snapshot,gone_404,no_snapshot,none_in_metadata
"d9632w",gone_404+no_snapshot,gone_404,no_snapshot,none_in_metadata
"d96uoy0",removed_by_host+no_snapshot,removed_by_host,no_snapshot,none_in_metadata
"d98ots",gone_404+no_snapshot,gone_404,no_snapshot,none_in_metadata
"d99kj0",gone_404+no_snapshot,gone_404,no_snapshot,none_in_metadata
"d99tdxk",dns_failure+no_snapshot,dns_failure,no_snapshot,none_in_metadata
"d99z28",gone_404+no_snapshot,gone_404,no_snapshot,none_in_metadata
"d9azrl",gone_404+no_snapshot,gone_404,no_snapshot,none_in_metadata
"d9bpxjk",removed_by_host+no_snapshot,removed_by_host,no_snapshot,none_in_metadata
"d9cf8k",gone_404+no_snapshot,gone_404,no_snapshot,none_in_metadata
"d9cyva",gone_404+no_snapshot,gone_404,no_snapshot,none_in_metadata
"d9dvfo",gone_404+no_snapshot,gone_404,no_snapshot,none_in_metadata
"d9e5i5",gone_404+no_snapshot,gone_404,no_snapshot,none_in_metadata
"d9ec92",gone_404+no_snapshot,gone_404,no_snapshot,none_in_metadata
"d9fqp7x",host_serves_non_image+no_snapshot,host_serves_non_image,no_snapshot,none_in_metadata
"d9fwo7",gone_404+no_snapshot,gone_404,no_snapshot,none_in_metadata
"d9igch",gone_404+no_snapshot,gone_404,no_snapshot,none_in_metadata
"d9jbko",gone_404+no_snapshot,gone_404,no_snapshot,none_in_metadata
"d9k4vr",gone_404+no_snapshot,gone_404,no_snapshot,none_in_metadata
"d9k9o8r",refused_http_400+no_snapshot,refused_http_400,no_snapshot,none_in_metadata
"d9keiok",removed_by_host+no_snapshot,removed_by_host,no_snapshot,none_in_metadata
"d9kjy1",gone_404+no_snapshot,gone_404,no_snapshot,none_in_metadata
"d9mjrf",gone_404+no_snapshot,gone_404,no_snapshot,none_in_metadata
"d9nxey",gone_404+no_snapshot,gone_404,no_snapshot,none_in_metadata
"d9p7rl",gone_404+no_snapshot,gone_404,no_snapshot,none_in_metadata
"d9pvhx",gone_404+no_snapshot,gone_404,no_snapshot,none_in_metadata
"d9tr7q",gone_404+no_snapshot,gone_404,no_snapshot,none_in_metadata
"d9udlk",gone_404+no_snapshot,gone_404,no_snapshot,none_in_metadata
"d9wa6v",gone_404+no_snapshot,gone_404,no_snapshot,none_in_metadata
"d9zw1r",gone_404+no_snapshot,gone_404,no_snapshot,none_in_metadata
"da0hvi",gone_404+no_snapshot,gone_404,no_snapshot,none_in_metadata
"da0q7x3",removed_by_host+no_snapshot,removed_by_host,no_snapshot,none_in_metadata
"da0qkl",gone_404+no_snapshot,gone_404,no_snapshot,none_in_metadata
"da15vy1",removed_by_host+no_snapshot,removed_by_host,no_snapshot,none_in_metadata
"da2cr9",gone_404+no_snapshot,gone_404,no_snapshot,none_in_metadata
"da490z",gone_404+no_snapshot,gone_404,no_snapshot,none_in_metadata
"da5xg7",gone_404+no_snapshot,gone_404,no_snapshot,none_in_metadata
"da7078",gone_404+no_snapshot,gone_404,no_snapshot,none_in_metadata
"da74oj",gone_404+no_snapshot,gone_404,no_snapshot,none_in_metadata
"da91co",gone_404+no_snapshot,gone_404,no_snapshot,none_in_metadata
"da91sh9",removed_by_host+no_snapshot,removed_by_host,no_snapshot,none_in_metadata
"da9q4r",gone_404+no_snapshot,gone_404,no_snapshot,none_in_metadata
"daacvl",gone_404+no_snapshot,gone_404,no_snapshot,none_in_metadata
"daamb0",gone_404+no_snapshot,gone_404,no_snapshot,none_in_metadata
"daaz50u",removed_by_host+no_snapshot,removed_by_host,no_snapshot,none_in_metadata
"dab36sm",removed_by_host+no_snapshot,removed_by_host,no_snapshot,none_in_metadata
"dab5v1",gone_404+no_snapshot,gone_404,no_snapshot,none_in_metadata
"dadfxy",gone_404+no_snapshot,gone_404,no_snapshot,none_in_metadata
"daei9o",gone_404+no_snapshot,gone_404,no_snapshot,none_in_metadata
"daf4fzv",removed_by_host+no_snapshot,removed_by_host,no_snapshot,none_in_metadata
"daf8ke",gone_404+no_snapshot,gone_404,no_snapshot,none_in_metadata
"dafkt3",gone_404+no_snapshot,gone_404,no_snapshot,none_in_metadata
"daglt4",gone_404+no_snapshot,gone_404,no_snapshot,none_in_metadata
"dahlgzp",removed_by_host+no_snapshot,removed_by_host,no_snapshot,none_in_metadata
"dahxj1",gone_404+no_snapshot,gone_404,no_snapshot,none_in_metadata
"dakwhn",gone_404+no_snapshot,gone_404,no_snapshot,none_in_metadata
"dalcgd",gone_404+no_snapshot,gone_404,no_snapshot,none_in_metadata
"dalsz1",gone_404+no_snapshot,gone_404,no_snapshot,none_in_metadata
"danc8k",gone_404+no_snapshot,gone_404,no_snapshot,none_in_metadata
"danfei",gone_404+no_snapshot,gone_404,no_snapshot,none_in_metadata
"daohe8",gone_404+no_snapshot,gone_404,no_snapshot,none_in_metadata
"dapa1u",gone_404+no_snapshot,gone_404,no_snapshot,none_in_metadata
"dapjkl",gone_404+no_snapshot,gone_404,no_snapshot,none_in_metadata
"daq37u",gone_404+no_snapshot,gone_404,no_snapshot,none_in_metadata
"daqdp6f",removed_by_host+no_snapshot,removed_by_host,no_snapshot,none_in_metadata
"daqw0l",gone_404+no_snapshot,gone_404,no_snapshot,none_in_metadata
"darl9y",gone_404+no_snapshot,gone_404,no_snapshot,none_in_metadata
"das9nz",gone_404+no_snapshot,gone_404,no_snapshot,none_in_metadata
"datkp6",gone_404+no_snapshot,gone_404,no_snapshot,none_in_metadata
"dats02",gone_404+no_snapshot,gone_404,no_snapshot,none_in_metadata
"dau189e",removed_by_host+no_snapshot,removed_by_host,no_snapshot,none_in_metadata
"dau2mw7",removed_by_host+no_snapshot,removed_by_host,no_snapshot,none_in_metadata
"dauk9o",gone_404+no_snapshot,gone_404,no_snapshot,none_in_metadata
"davxe5",gone_404+no_snapshot,gone_404,no_snapshot,none_in_metadata
"davzrm",gone_404+no_snapshot,gone_404,no_snapshot,none_in_metadata
"daxe2l",gone_404+no_snapshot,gone_404,no_snapshot,none_in_metadata
"daxprj",gone_404+no_snapshot,gone_404,no_snapshot,none_in_metadata
"dayaa5",gone_404+no_snapshot,gone_404,no_snapshot,none_in_metadata
"dayhgi",gone_404+no_snapshot,gone_404,no_snapshot,none_in_metadata
"dazk8b",gone_404+no_snapshot,gone_404,no_snapshot,none_in_metadata
"db10ht",gone_404+no_snapshot,gone_404,no_snapshot,none_in_metadata
"db2sjp",gone_404+no_snapshot,gone_404,no_snapshot,none_in_metadata
"db2w1o6",removed_by_host+no_snapshot,removed_by_host,no_snapshot,none_in_metadata
"db4kij5",removed_by_host+no_snapshot,removed_by_host,no_snapshot,none_in_metadata
"db54eoy",removed_by_host+no_snapshot,removed_by_host,no_snapshot,none_in_metadata
"db6fkt",gone_404+snapshot_placeholder,gone_404,snapshot_placeholder,none_in_metadata
"db7yix",gone_404+no_snapshot,gone_404,no_snapshot,none_in_metadata
"db9ruvp",removed_by_host+no_snapshot,removed_by_host,no_snapshot,none_in_metadata
"dbac6m",gone_404+no_snapshot,gone_404,no_snapshot,none_in_metadata
"dbbgrb8",removed_by_host+no_snapshot,removed_by_host,no_snapshot,none_in_metadata
"dbd23k",gone_404+no_snapshot,gone_404,no_snapshot,none_in_metadata
"dbdf9g",gone_404+no_snapshot,gone_404,no_snapshot,none_in_metadata
"dbee63n",gone_404+no_snapshot,gone_404,no_snapshot,none_in_metadata
"dbeqca",gone_404+no_snapshot,gone_404,no_snapshot,none_in_metadata
"dbfc2mr",host_serves_non_image+no_snapshot,host_serves_non_image,no_snapshot,none_in_metadata
"dbgc66",gone_404+no_snapshot,gone_404,no_snapshot,none_in_metadata
"dbgfsb",gone_404+no_snapshot,gone_404,no_snapshot,none_in_metadata
"dbgfvp",gone_404+no_snapshot,gone_404,no_snapshot,none_in_metadata
"dbi2xi",gone_404+no_snapshot,gone_404,no_snapshot,none_in_metadata
"dbif2d",gone_404+no_snapshot,gone_404,no_snapshot,none_in_metadata
"dbpuexf",removed_by_host+no_snapshot,removed_by_host,no_snapshot,none_in_metadata
"dbq82f",gone_404+no_snapshot,gone_404,no_snapshot,none_in_metadata
"dbss9s",gone_404+no_snapshot,gone_404,no_snapshot,none_in_metadata
"dbsynt",gone_404+no_snapshot,gone_404,no_snapshot,none_in_metadata
"dbuege",gone_404+no_snapshot,gone_404,no_snapshot,none_in_metadata
"dbufyw",gone_404+no_snapshot,gone_404,no_snapshot,none_in_metadata
"dbuwfb",gone_404+no_snapshot,gone_404,no_snapshot,none_in_metadata
"dbv2m3",gone_404+no_snapshot,gone_404,no_snapshot,none_in_metadata
"dbv9rm2",removed_by_host+no_snapshot,removed_by_host,no_snapshot,none_in_metadata
"dbxmsw",gone_404+no_snapshot,gone_404,no_snapshot,none_in_metadata
"dbxwc4",gone_404+no_snapshot,gone_404,no_snapshot,none_in_metadata
"dbyw9y",gone_404+no_snapshot,gone_404,no_snapshot,none_in_metadata
"dc021p",gone_404+no_snapshot,gone_404,no_snapshot,none_in_metadata
"dc03rs",gone_404+no_snapshot,gone_404,no_snapshot,none_in_metadata
"dc0br7k",removed_by_host+no_snapshot,removed_by_host,no_snapshot,none_in_metadata
"dc13x08",server_error_5xx+no_snapshot,server_error_5xx,no_snapshot,none_in_metadata
"dc1mce",gone_404+no_snapshot,gone_404,no_snapshot,none_in_metadata
"dc294a",gone_404+snapshot_placeholder,gone_404,snapshot_placeholder,none_in_metadata
"dc2q9gs",server_error_5xx+no_snapshot,server_error_5xx,no_snapshot,none_in_metadata
"dc2qdl",gone_404+no_snapshot,gone_404,no_snapshot,none_in_metadata
"dc3g1tk",removed_by_host+no_snapshot,removed_by_host,no_snapshot,none_in_metadata
"dc6pbx",gone_404+no_snapshot,gone_404,no_snapshot,none_in_metadata
"dc73z7l",removed_by_host+no_snapshot,removed_by_host,no_snapshot,none_in_metadata
"dc7yuqx",removed_by_host+no_snapshot,removed_by_host,no_snapshot,none_in_metadata
"dcauzq",gone_404+no_snapshot,gone_404,no_snapshot,none_in_metadata
"dcay4fo",server_error_5xx+no_snapshot,server_error_5xx,no_snapshot,none_in_metadata
"dcb9e0",gone_404+no_snapshot,gone_404,no_snapshot,none_in_metadata
"dcbkp5",gone_404+no_snapshot,gone_404,no_snapshot,none_in_metadata
"dccw1xj",removed_by_host+no_snapshot,removed_by_host,no_snapshot,none_in_metadata
"dccxa5",gone_404+no_snapshot,gone_404,no_snapshot,none_in_metadata
"dcdx4df",host_serves_placeholder+snapshots_are_placeholders,host_serves_placeholder,snapshots_are_placeholders,none_in_metadata
"dce4va",gone_404+no_snapshot,gone_404,no_snapshot,none_in_metadata
"dcf28b6",removed_by_host+no_snapshot,removed_by_host,no_snapshot,none_in_metadata
"dcfbeu",gone_404+no_snapshot,gone_404,no_snapshot,none_in_metadata
"dcftqd",gone_404+no_snapshot,gone_404,no_snapshot,none_in_metadata
"dcgpp10",removed_by_host+no_snapshot,removed_by_host,no_snapshot,none_in_metadata
"dch3zm",gone_404+no_snapshot,gone_404,no_snapshot,none_in_metadata
"dck3ih",gone_404+no_snapshot,gone_404,no_snapshot,none_in_metadata
"dclnkf",gone_404+no_snapshot,gone_404,no_snapshot,none_in_metadata
"dclu3y",gone_404+no_snapshot,gone_404,no_snapshot,none_in_metadata
"dco633w",removed_by_host+no_snapshot,removed_by_host,no_snapshot,none_in_metadata
"dco6g9",gone_404+no_snapshot,gone_404,no_snapshot,none_in_metadata
"dcocnk",gone_404+no_snapshot,gone_404,no_snapshot,none_in_metadata
"dcoymb",gone_404+no_snapshot,gone_404,no_snapshot,none_in_metadata
"dcreiin",removed_by_host+no_snapshot,removed_by_host,no_snapshot,none_in_metadata
"dcrg7v",gone_404+no_snapshot,gone_404,no_snapshot,none_in_metadata
"dcsken",gone_404+no_snapshot,gone_404,no_snapshot,none_in_metadata
"dct0yr",gone_404+no_snapshot,gone_404,no_snapshot,none_in_metadata
"dct7lt",gone_404+no_snapshot,gone_404,no_snapshot,none_in_metadata
"dctni5",gone_404+no_snapshot,gone_404,no_snapshot,none_in_metadata
"dcto2r",gone_404+no_snapshot,gone_404,no_snapshot,none_in_metadata
"dctvgn",gone_404+no_snapshot,gone_404,no_snapshot,none_in_metadata
"dcu84s",gone_404+no_snapshot,gone_404,no_snapshot,none_in_metadata
"dcv8cq",gone_404+no_snapshot,gone_404,no_snapshot,none_in_metadata
"dcvdrv",gone_404+no_snapshot,gone_404,no_snapshot,none_in_metadata
"dcw8tv2",removed_by_host+no_snapshot,removed_by_host,no_snapshot,none_in_metadata
"dcxwqy",gone_404+no_snapshot,gone_404,no_snapshot,none_in_metadata
"dcxyv8",gone_404+no_snapshot,gone_404,no_snapshot,none_in_metadata
"dcz1mz",gone_404+no_snapshot,gone_404,no_snapshot,none_in_metadata
"dcz3216",removed_by_host+no_snapshot,removed_by_host,no_snapshot,none_in_metadata
"dd058v",gone_404+no_snapshot,gone_404,no_snapshot,none_in_metadata
"dd0gpz",gone_404+no_snapshot,gone_404,no_snapshot,none_in_metadata
"dd0sll",gone_404+no_snapshot,gone_404,no_snapshot,none_in_metadata
"dd5paz",gone_404+no_snapshot,gone_404,no_snapshot,none_in_metadata
"dd68r6",gone_404+no_snapshot,gone_404,no_snapshot,none_in_metadata
"dd6qgr6",removed_by_host+no_snapshot,removed_by_host,no_snapshot,none_in_metadata
"dd7g0p",gone_404+no_snapshot,gone_404,no_snapshot,none_in_metadata
"dd8c58",gone_404+no_snapshot,gone_404,no_snapshot,none_in_metadata
"dd8kvt",gone_404+no_snapshot,gone_404,no_snapshot,none_in_metadata
"dda3ko",gone_404+no_snapshot,gone_404,no_snapshot,none_in_metadata
"ddaryo",gone_404+no_snapshot,gone_404,no_snapshot,none_in_metadata
"ddaxe7",gone_404+no_snapshot,gone_404,no_snapshot,none_in_metadata
"ddc7re",gone_404+no_snapshot,gone_404,no_snapshot,none_in_metadata
"dddyxk",gone_404+no_snapshot,gone_404,no_snapshot,none_in_metadata
"ddea1c",gone_404+no_snapshot,gone_404,no_snapshot,none_in_metadata
"ddf59x",gone_404+no_snapshot,gone_404,no_snapshot,none_in_metadata
"ddf5wo",gone_404+no_snapshot,gone_404,no_snapshot,none_in_metadata
"ddg309",gone_404+no_snapshot,gone_404,no_snapshot,none_in_metadata
"ddg6lh",gone_404+no_snapshot,gone_404,no_snapshot,none_in_metadata
"ddgc45",gone_404+no_snapshot,gone_404,no_snapshot,none_in_metadata
"ddgusf",gone_404+no_snapshot,gone_404,no_snapshot,none_in_metadata
"ddguu3",gone_404+no_snapshot,gone_404,no_snapshot,none_in_metadata
"ddkpurt",removed_by_host+no_snapshot,removed_by_host,no_snapshot,none_in_metadata
"ddm5it",gone_404+no_snapshot,gone_404,no_snapshot,none_in_metadata
"ddng82",gone_404+no_snapshot,gone_404,no_snapshot,none_in_metadata
"ddoy79",gone_404+no_snapshot,gone_404,no_snapshot,none_in_metadata
"ddp0hj",gone_404+no_snapshot,gone_404,no_snapshot,none_in_metadata
"ddp62z",gone_404+no_snapshot,gone_404,no_snapshot,none_in_metadata
"ddp9i6",gone_404+no_snapshot,gone_404,no_snapshot,none_in_metadata
"ddpt1r",gone_404+no_snapshot,gone_404,no_snapshot,none_in_metadata
"ddqmpb",gone_404+no_snapshot,gone_404,no_snapshot,none_in_metadata
"ddqtnty",server_error_5xx+no_snapshot,server_error_5xx,no_snapshot,none_in_metadata
"ddqvdz7",removed_by_host+no_snapshot,removed_by_host,no_snapshot,none_in_metadata
"ddr5fk",gone_404+no_snapshot,gone_404,no_snapshot,none_in_metadata
"ddria5",gone_404+no_snapshot,gone_404,no_snapshot,none_in_metadata
"ddrn2s",gone_404+no_snapshot,gone_404,no_snapshot,none_in_metadata
"ddrqboh",removed_by_host+no_snapshot,removed_by_host,no_snapshot,none_in_metadata
"ddsmke",gone_404+no_snapshot,gone_404,no_snapshot,none_in_metadata
"ddt3656",removed_by_host+no_snapshot,removed_by_host,no_snapshot,none_in_metadata
"ddtie3",gone_404+no_snapshot,gone_404,no_snapshot,none_in_metadata
"dduf2h",gone_404+no_snapshot,gone_404,no_snapshot,none_in_metadata
"dduyyp1",removed_by_host+no_snapshot,removed_by_host,no_snapshot,none_in_metadata
"ddvc5w",gone_404+no_snapshot,gone_404,no_snapshot,none_in_metadata
"ddwbqt",gone_404+no_snapshot,gone_404,no_snapshot,none_in_metadata
"ddxf86",gone_404+no_snapshot,gone_404,no_snapshot,none_in_metadata
"ddxn6wf",removed_by_host+no_snapshot,removed_by_host,no_snapshot,none_in_metadata
"ddyatyx",gone_404+no_snapshot,gone_404,no_snapshot,none_in_metadata
"ddydmh",gone_404+no_snapshot,gone_404,no_snapshot,none_in_metadata
"ddyyhz",gone_404+no_snapshot,gone_404,no_snapshot,none_in_metadata
"de29kj",gone_404+no_snapshot,gone_404,no_snapshot,none_in_metadata
"de2sjr",gone_404+no_snapshot,gone_404,no_snapshot,none_in_metadata
"de3lez",gone_404+no_snapshot,gone_404,no_snapshot,none_in_metadata
"de410w",gone_404+no_snapshot,gone_404,no_snapshot,none_in_metadata
"de4eva",gone_404+no_snapshot,gone_404,no_snapshot,none_in_metadata
"de4t6z",gone_404+no_snapshot,gone_404,no_snapshot,none_in_metadata
"de50yz",gone_404+no_snapshot,gone_404,no_snapshot,none_in_metadata
"de7ndv",gone_404+no_snapshot,gone_404,no_snapshot,none_in_metadata
"de7se3",gone_404+no_snapshot,gone_404,no_snapshot,none_in_metadata
"de7u4u",gone_404+no_snapshot,gone_404,no_snapshot,none_in_metadata
"de9ldew",dns_failure+no_snapshot,dns_failure,no_snapshot,none_in_metadata
"de9pdyg",removed_by_host+no_snapshot,removed_by_host,no_snapshot,none_in_metadata
"de9uao",gone_404+no_snapshot,gone_404,no_snapshot,none_in_metadata
"dea2m7",gone_404+no_snapshot,gone_404,no_snapshot,none_in_metadata
"dealrw",gone_404+no_snapshot,gone_404,no_snapshot,none_in_metadata
"deb2hb",gone_404+no_snapshot,gone_404,no_snapshot,none_in_metadata
"deb4jt",gone_404+no_snapshot,gone_404,no_snapshot,none_in_metadata
"decvepf",removed_by_host+no_snapshot,removed_by_host,no_snapshot,none_in_metadata
"decw9ab",removed_by_host+no_snapshot,removed_by_host,no_snapshot,none_in_metadata
"ded04w",gone_404+snapshot_placeholder,gone_404,snapshot_placeholder,none_in_metadata
"dednry",gone_404+no_snapshot,gone_404,no_snapshot,none_in_metadata
"dee1xhx",removed_by_host+no_snapshot,removed_by_host,no_snapshot,none_in_metadata
"deec3y",gone_404+no_snapshot,gone_404,no_snapshot,none_in_metadata
"deefv5",gone_404+no_snapshot,gone_404,no_snapshot,none_in_metadata
"deeg5s",gone_404+no_snapshot,gone_404,no_snapshot,none_in_metadata
"defr4m",gone_404+no_snapshot,gone_404,no_snapshot,none_in_metadata
"deho1th",removed_by_host+no_snapshot,removed_by_host,no_snapshot,none_in_metadata
"dei5zw",gone_404+no_snapshot,gone_404,no_snapshot,none_in_metadata
"dek7piv",removed_by_host+no_snapshot,removed_by_host,no_snapshot,none_in_metadata
"delfz0",gone_404+no_snapshot,gone_404,no_snapshot,none_in_metadata
"dell5s",gone_404+no_snapshot,gone_404,no_snapshot,none_in_metadata
"dellh6j",removed_by_host+no_snapshot,removed_by_host,no_snapshot,none_in_metadata
"deoa0ze",removed_by_host+no_snapshot,removed_by_host,no_snapshot,none_in_metadata
"deof3w",gone_404+no_snapshot,gone_404,no_snapshot,none_in_metadata
"deoihw9",removed_by_host+no_snapshot,removed_by_host,no_snapshot,none_in_metadata
"dep1hc",gone_404+no_snapshot,gone_404,no_snapshot,none_in_metadata
"depd73r",removed_by_host+no_snapshot,removed_by_host,no_snapshot,none_in_metadata
"depdol",gone_404+no_snapshot,gone_404,no_snapshot,none_in_metadata
"derk1nl",removed_by_host+no_snapshot,removed_by_host,no_snapshot,none_in_metadata
"derkn7b",removed_by_host+no_snapshot,removed_by_host,no_snapshot,none_in_metadata
"dernjgr",removed_by_host+no_snapshot,removed_by_host,no_snapshot,none_in_metadata
"deromon",removed_by_host+no_snapshot,removed_by_host,no_snapshot,none_in_metadata
"dery8na",removed_by_host+no_snapshot,removed_by_host,no_snapshot,none_in_metadata
"desfde",gone_404+no_snapshot,gone_404,no_snapshot,none_in_metadata
"deszxl8",removed_by_host+no_snapshot,removed_by_host,no_snapshot,none_in_metadata
"devsn5",gone_404+no_snapshot,gone_404,no_snapshot,none_in_metadata
"devt4b",gone_404+no_snapshot,gone_404,no_snapshot,none_in_metadata
"dewdou",gone_404+no_snapshot,gone_404,no_snapshot,none_in_metadata
"dexk9f",gone_404+no_snapshot,gone_404,no_snapshot,none_in_metadata
"dexuvly",removed_by_host+no_snapshot,removed_by_host,no_snapshot,none_in_metadata
"dey22y",gone_404+no_snapshot,gone_404,no_snapshot,none_in_metadata
"dezl583",host_serves_non_image+no_snapshot,host_serves_non_image,no_snapshot,none_in_metadata
"df0396w",gone_404+no_snapshot,gone_404,no_snapshot,none_in_metadata
"df0rro",gone_404+no_snapshot,gone_404,no_snapshot,none_in_metadata
"df15qk",gone_404+snapshot_placeholder,gone_404,snapshot_placeholder,none_in_metadata
"df38k0",gone_404+no_snapshot,gone_404,no_snapshot,none_in_metadata
"df3q29g",removed_by_host+no_snapshot,removed_by_host,no_snapshot,none_in_metadata
"df5ife",gone_404+no_snapshot,gone_404,no_snapshot,none_in_metadata
"df5q9m",gone_404+no_snapshot,gone_404,no_snapshot,none_in_metadata
"df63b1n",removed_by_host+no_snapshot,removed_by_host,no_snapshot,none_in_metadata
"df7eb3",gone_404+no_snapshot,gone_404,no_snapshot,none_in_metadata
"df7opl",gone_404+no_snapshot,gone_404,no_snapshot,none_in_metadata
"df8m43q",removed_by_host+no_snapshot,removed_by_host,no_snapshot,none_in_metadata
"df9dhk",gone_404+no_snapshot,gone_404,no_snapshot,none_in_metadata
"df9u90v",removed_by_host+no_snapshot,removed_by_host,no_snapshot,none_in_metadata
"dfa3ad",gone_404+no_snapshot,gone_404,no_snapshot,none_in_metadata
"dfbngv",gone_404+no_snapshot,gone_404,no_snapshot,none_in_metadata
"dfbpt5",gone_404+no_snapshot,gone_404,no_snapshot,none_in_metadata
"dfe71d",gone_404+no_snapshot,gone_404,no_snapshot,none_in_metadata
"dfemmi",gone_404+no_snapshot,gone_404,no_snapshot,none_in_metadata
"dfewk90",gone_404+no_snapshot,gone_404,no_snapshot,none_in_metadata
"dffzijk",removed_by_host+no_snapshot,removed_by_host,no_snapshot,none_in_metadata
"dfg8iz",gone_404+no_snapshot,gone_404,no_snapshot,none_in_metadata
"dfgqv9",gone_404+no_snapshot,gone_404,no_snapshot,none_in_metadata
"dfhusw",gone_404+no_snapshot,gone_404,no_snapshot,none_in_metadata
"dfirrn",gone_404+no_snapshot,gone_404,no_snapshot,none_in_metadata
"dfjsljv",removed_by_host+no_snapshot,removed_by_host,no_snapshot,none_in_metadata
"dfkbf5",gone_404+no_snapshot,gone_404,no_snapshot,none_in_metadata
"dfl9f94",removed_by_host+no_snapshot,removed_by_host,no_snapshot,none_in_metadata
"dflex3",gone_404+no_snapshot,gone_404,no_snapshot,none_in_metadata
"dfn37g",gone_404+no_snapshot,gone_404,no_snapshot,none_in_metadata
"dfo6tw",gone_404+no_snapshot,gone_404,no_snapshot,none_in_metadata
"dfooln",gone_404+no_snapshot,gone_404,no_snapshot,none_in_metadata
"dfoot5",gone_404+no_snapshot,gone_404,no_snapshot,none_in_metadata
"dfrsahw",removed_by_host+no_snapshot,removed_by_host,no_snapshot,none_in_metadata
"dftzlu",gone_404+no_snapshot,gone_404,no_snapshot,none_in_metadata
"dfvwkt",gone_404+no_snapshot,gone_404,no_snapshot,none_in_metadata
"dfwfcil",removed_by_host+no_snapshot,removed_by_host,no_snapshot,none_in_metadata
"dfylc8",gone_404+no_snapshot,gone_404,no_snapshot,none_in_metadata
"dfz95p",gone_404+no_snapshot,gone_404,no_snapshot,none_in_metadata
"dfzed1",gone_404+no_snapshot,gone_404,no_snapshot,none_in_metadata
"dg01ezp",removed_by_host+no_snapshot,removed_by_host,no_snapshot,none_in_metadata
"dg1ds3",gone_404+no_snapshot,gone_404,no_snapshot,none_in_metadata
"dg1ucd",gone_404+no_snapshot,gone_404,no_snapshot,none_in_metadata
"dg33h1",gone_404+no_snapshot,gone_404,no_snapshot,none_in_metadata
"dg3dp5a",removed_by_host+no_snapshot,removed_by_host,no_snapshot,none_in_metadata
"dg4bdhd",blocked_403+no_snapshot,blocked_403,no_snapshot,none_in_metadata
"dg4l94",gone_404+no_snapshot,gone_404,no_snapshot,none_in_metadata
"dg4mbg",gone_404+no_snapshot,gone_404,no_snapshot,none_in_metadata
"dg4ufq",gone_404+no_snapshot,gone_404,no_snapshot,none_in_metadata
"dg66zdw",host_serves_non_image+no_snapshot,host_serves_non_image,no_snapshot,none_in_metadata
"dg6af4t",removed_by_host+no_snapshot,removed_by_host,no_snapshot,none_in_metadata
"dg6hc9",gone_404+no_snapshot,gone_404,no_snapshot,none_in_metadata
"dg6stx",gone_404+no_snapshot,gone_404,no_snapshot,none_in_metadata
"dg7pn0",gone_404+no_snapshot,gone_404,no_snapshot,none_in_metadata
"dg7udgl",host_serves_non_image+no_snapshot,host_serves_non_image,no_snapshot,none_in_metadata
"dg8rppe",host_serves_non_image+no_snapshot,host_serves_non_image,no_snapshot,none_in_metadata
"dg9b0eg",host_serves_non_image+no_snapshot,host_serves_non_image,no_snapshot,none_in_metadata
"dg9h5y5",removed_by_host+no_snapshot,removed_by_host,no_snapshot,none_in_metadata
"dg9z9g9",removed_by_host+no_snapshot,removed_by_host,no_snapshot,none_in_metadata
"dga5ym6",removed_by_host+no_snapshot,removed_by_host,no_snapshot,none_in_metadata
"dgb56pq",removed_by_host+no_snapshot,removed_by_host,no_snapshot,none_in_metadata
"dgby5ei",host_serves_non_image+no_snapshot,host_serves_non_image,no_snapshot,none_in_metadata
"dgc08vy",removed_by_host+no_snapshot,removed_by_host,no_snapshot,none_in_metadata
"dgdnq6",gone_404+no_snapshot,gone_404,no_snapshot,none_in_metadata
"dgebct",gone_404+no_snapshot,gone_404,no_snapshot,none_in_metadata
"dgey25",gone_404+no_snapshot,gone_404,no_snapshot,none_in_metadata
"dgfngw",gone_404+no_snapshot,gone_404,no_snapshot,none_in_metadata
"dgfpzh",gone_404+no_snapshot,gone_404,no_snapshot,none_in_metadata
"dgftose",removed_by_host+no_snapshot,removed_by_host,no_snapshot,none_in_metadata
"dggle5",gone_404+no_snapshot,gone_404,no_snapshot,none_in_metadata
"dggvhyw",removed_by_host+no_snapshot,removed_by_host,no_snapshot,none_in_metadata
"dghhqn",gone_404+no_snapshot,gone_404,no_snapshot,none_in_metadata
"dghp9q",gone_404+no_snapshot,gone_404,no_snapshot,none_in_metadata
"dgi72f",gone_404+no_snapshot,gone_404,no_snapshot,none_in_metadata
"dgjm0l",gone_404+no_snapshot,gone_404,no_snapshot,none_in_metadata
"dgjmid",gone_404+snapshot_placeholder,gone_404,snapshot_placeholder,none_in_metadata
"dglsle",gone_404+no_snapshot,gone_404,no_snapshot,none_in_metadata
"dgmbma5",removed_by_host+no_snapshot,removed_by_host,no_snapshot,none_in_metadata
"dgqgrz",gone_404+no_snapshot,gone_404,no_snapshot,none_in_metadata
"dgqnot",gone_404+no_snapshot,gone_404,no_snapshot,none_in_metadata
"dgrrgu",gone_404+no_snapshot,gone_404,no_snapshot,none_in_metadata
"dgs7n79",removed_by_host+no_snapshot,removed_by_host,no_snapshot,none_in_metadata
"dgtu31",gone_404+no_snapshot,gone_404,no_snapshot,none_in_metadata
"dgu7dzw",dns_failure+no_snapshot,dns_failure,no_snapshot,none_in_metadata
"dgv6om3",removed_by_host+no_snapshot,removed_by_host,no_snapshot,none_in_metadata
"dgvbsj",gone_404+no_snapshot,gone_404,no_snapshot,none_in_metadata
"dgvbwe",gone_404+no_snapshot,gone_404,no_snapshot,none_in_metadata
"dgwe757",removed_by_host+no_snapshot,removed_by_host,no_snapshot,none_in_metadata
"dgwikr",gone_404+snapshot_placeholder,gone_404,snapshot_placeholder,none_in_metadata
"dgxawa",gone_404+no_snapshot,gone_404,no_snapshot,none_in_metadata
"dgxf18",gone_404+no_snapshot,gone_404,no_snapshot,none_in_metadata
"dgxm0l",gone_404+no_snapshot,gone_404,no_snapshot,none_in_metadata
"dgyabc",gone_404+no_snapshot,gone_404,no_snapshot,none_in_metadata
"dgzz23",gone_404+no_snapshot,gone_404,no_snapshot,none_in_metadata
"dh0g12",gone_404+no_snapshot,gone_404,no_snapshot,none_in_metadata
"dh271e",gone_404+no_snapshot,gone_404,no_snapshot,none_in_metadata
"dh2k70",gone_404+no_snapshot,gone_404,no_snapshot,none_in_metadata
"dh2nmr",gone_404+no_snapshot,gone_404,no_snapshot,none_in_metadata
"dh34id",gone_404+no_snapshot,gone_404,no_snapshot,none_in_metadata
"dh3ev9",gone_404+no_snapshot,gone_404,no_snapshot,none_in_metadata
"dh3gfv",gone_404+no_snapshot,gone_404,no_snapshot,none_in_metadata
"dh4iz4",gone_404+no_snapshot,gone_404,no_snapshot,none_in_metadata
"dh5lre0",removed_by_host+no_snapshot,removed_by_host,no_snapshot,none_in_metadata
"dh5xec",gone_404+no_snapshot,gone_404,no_snapshot,none_in_metadata
"dh6vg6",gone_404+no_snapshot,gone_404,no_snapshot,none_in_metadata
"dh7pu6",gone_404+no_snapshot,gone_404,no_snapshot,none_in_metadata
"dhc180",gone_404+no_snapshot,gone_404,no_snapshot,none_in_metadata
"dhcabl6",dns_failure+no_snapshot,dns_failure,no_snapshot,none_in_metadata
"dhd5i1",gone_404+no_snapshot,gone_404,no_snapshot,none_in_metadata
"dhdbxt",gone_404+no_snapshot,gone_404,no_snapshot,none_in_metadata
"dhdjvy",gone_404+no_snapshot,gone_404,no_snapshot,none_in_metadata
"dhe5v3",gone_404+no_snapshot,gone_404,no_snapshot,none_in_metadata
"dhezeb",gone_404+no_snapshot,gone_404,no_snapshot,none_in_metadata
"dhf09k",gone_404+no_snapshot,gone_404,no_snapshot,none_in_metadata
"dhf29z",gone_404+no_snapshot,gone_404,no_snapshot,none_in_metadata
"dhg0z5d",removed_by_host+no_snapshot,removed_by_host,no_snapshot,none_in_metadata
"dhg2e4q",removed_by_host+no_snapshot,removed_by_host,no_snapshot,none_in_metadata
"dhgic0",gone_404+no_snapshot,gone_404,no_snapshot,none_in_metadata
"dhgu9qk",host_serves_non_image+no_snapshot,host_serves_non_image,no_snapshot,none_in_metadata
"dhh27s",gone_404+no_snapshot,gone_404,no_snapshot,none_in_metadata
"dhig5l",gone_404+no_snapshot,gone_404,no_snapshot,none_in_metadata
"dhj2zm2",removed_by_host+no_snapshot,removed_by_host,no_snapshot,none_in_metadata
"dhjbrj8",removed_by_host+no_snapshot,removed_by_host,no_snapshot,none_in_metadata
"dhjkf2",gone_404+no_snapshot,gone_404,no_snapshot,none_in_metadata
"dhknkx2",host_serves_non_image+no_snapshot,host_serves_non_image,no_snapshot,none_in_metadata
"dhl4gn",gone_404+no_snapshot,gone_404,no_snapshot,none_in_metadata
"dhltjr8",removed_by_host+no_snapshot,removed_by_host,no_snapshot,none_in_metadata
"dhojb0",gone_404+no_snapshot,gone_404,no_snapshot,none_in_metadata
"dhpy54",gone_404+no_snapshot,gone_404,no_snapshot,none_in_metadata
"dhqd6eh",removed_by_host+no_snapshot,removed_by_host,no_snapshot,none_in_metadata
"dhr15g",gone_404+no_snapshot,gone_404,no_snapshot,none_in_metadata
"dhs7vx",gone_404+no_snapshot,gone_404,no_snapshot,none_in_metadata
"dhsdlhs",removed_by_host+no_snapshot,removed_by_host,no_snapshot,none_in_metadata
"dhtcno",gone_404+no_snapshot,gone_404,no_snapshot,none_in_metadata
"dhtn2e",gone_404+no_snapshot,gone_404,no_snapshot,none_in_metadata
"dhujhm",gone_404+no_snapshot,gone_404,no_snapshot,none_in_metadata
"dhvqjw",gone_404+no_snapshot,gone_404,no_snapshot,none_in_metadata
"dhxabe",gone_404+no_snapshot,gone_404,no_snapshot,none_in_metadata
"dhxrhji",removed_by_host+no_snapshot,removed_by_host,no_snapshot,none_in_metadata
"di08go",gone_404+no_snapshot,gone_404,no_snapshot,none_in_metadata
"di0tct",gone_404+no_snapshot,gone_404,no_snapshot,none_in_metadata
"di39s7",gone_404+no_snapshot,gone_404,no_snapshot,none_in_metadata
"di4jimg",removed_by_host+no_snapshot,removed_by_host,no_snapshot,none_in_metadata
"di5jr3b",removed_by_host+no_snapshot,removed_by_host,no_snapshot,none_in_metadata
"di6ifp",gone_404+no_snapshot,gone_404,no_snapshot,none_in_metadata
"di6yd7",gone_404+no_snapshot,gone_404,no_snapshot,none_in_metadata
"di7l9fl",host_serves_non_image+no_snapshot,host_serves_non_image,no_snapshot,none_in_metadata
"di7rkp",gone_404+no_snapshot,gone_404,no_snapshot,none_in_metadata
"dialhmg",removed_by_host+no_snapshot,removed_by_host,no_snapshot,none_in_metadata
"dic9k2",gone_404+no_snapshot,gone_404,no_snapshot,none_in_metadata
"dicatuo",removed_by_host+no_snapshot,removed_by_host,no_snapshot,none_in_metadata
"dice08",gone_404+snapshot_placeholder,gone_404,snapshot_placeholder,none_in_metadata
"dicf7kp",removed_by_host+no_snapshot,removed_by_host,no_snapshot,none_in_metadata
"dici8s",gone_404+snapshot_placeholder,gone_404,snapshot_placeholder,none_in_metadata
"did1qy",gone_404+no_snapshot,gone_404,no_snapshot,none_in_metadata
"dietn3",gone_404+no_snapshot,gone_404,no_snapshot,none_in_metadata
"digkmy",gone_404+no_snapshot,gone_404,no_snapshot,none_in_metadata
"dih3sgk",host_serves_non_image+no_snapshot,host_serves_non_image,no_snapshot,none_in_metadata
"dihjlh",gone_404+no_snapshot,gone_404,no_snapshot,none_in_metadata
"dijd1hi",host_serves_non_image+no_snapshot,host_serves_non_image,no_snapshot,none_in_metadata
"dijd1w",gone_404+no_snapshot,gone_404,no_snapshot,none_in_metadata
"dil0hi",gone_404+no_snapshot,gone_404,no_snapshot,none_in_metadata
"diofrd",gone_404+no_snapshot,gone_404,no_snapshot,none_in_metadata
"dioyk5",gone_404+no_snapshot,gone_404,no_snapshot,none_in_metadata
"diphkm",gone_404+no_snapshot,gone_404,no_snapshot,none_in_metadata
"diplbu",gone_404+no_snapshot,gone_404,no_snapshot,none_in_metadata
"dir0hsr",removed_by_host+no_snapshot,removed_by_host,no_snapshot,none_in_metadata
"dirxslv",removed_by_host+no_snapshot,removed_by_host,no_snapshot,none_in_metadata
"diul3eb",removed_by_host+no_snapshot,removed_by_host,no_snapshot,none_in_metadata
"dizbq8o",removed_by_host+no_snapshot,removed_by_host,no_snapshot,none_in_metadata
"dizz95",gone_404+no_snapshot,gone_404,no_snapshot,none_in_metadata
"dj1j4g",gone_404+no_snapshot,gone_404,no_snapshot,none_in_metadata
"dj5wen",gone_404+no_snapshot,gone_404,no_snapshot,none_in_metadata
"dj77e4",gone_404+no_snapshot,gone_404,no_snapshot,none_in_metadata
"dj7ro1e",removed_by_host+no_snapshot,removed_by_host,no_snapshot,none_in_metadata
"dj95hm5",removed_by_host+no_snapshot,removed_by_host,no_snapshot,none_in_metadata
"dj99q6",gone_404+no_snapshot,gone_404,no_snapshot,none_in_metadata
"djabbw",gone_404+no_snapshot,gone_404,no_snapshot,none_in_metadata
"djak6k",gone_404+no_snapshot,gone_404,no_snapshot,none_in_metadata
"djawdz",fetched_furniture+snapshot_furniture,fetched_furniture,snapshot_furniture,none_in_metadata
"djb3k1",gone_404+no_snapshot,gone_404,no_snapshot,none_in_metadata
"djb40y",gone_404+no_snapshot,gone_404,no_snapshot,none_in_metadata
"djbbld",gone_404+no_snapshot,gone_404,no_snapshot,none_in_metadata
"djdpht",gone_404+no_snapshot,gone_404,no_snapshot,none_in_metadata
"djedur",gone_404+no_snapshot,gone_404,no_snapshot,none_in_metadata
"djeo9c",gone_404+no_snapshot,gone_404,no_snapshot,none_in_metadata
"djfnqtr",removed_by_host+no_snapshot,removed_by_host,no_snapshot,none_in_metadata
"djk8co",gone_404+no_snapshot,gone_404,no_snapshot,none_in_metadata
"djpkcz",gone_404+no_snapshot,gone_404,no_snapshot,none_in_metadata
"djqjg0",gone_404+no_snapshot,gone_404,no_snapshot,none_in_metadata
"djqkmn",gone_404+no_snapshot,gone_404,no_snapshot,none_in_metadata
"djr2vs",gone_404+no_snapshot,gone_404,no_snapshot,none_in_metadata
"djr3bw",gone_404+no_snapshot,gone_404,no_snapshot,none_in_metadata
"djs08r",gone_404+no_snapshot,gone_404,no_snapshot,none_in_metadata
"djtn6j",gone_404+no_snapshot,gone_404,no_snapshot,none_in_metadata
"djugi9",gone_404+no_snapshot,gone_404,no_snapshot,none_in_metadata
"djvlwf",gone_404+no_snapshot,gone_404,no_snapshot,none_in_metadata
"djz14b",gone_404+no_snapshot,gone_404,no_snapshot,none_in_metadata
"djzi0t",gone_404+no_snapshot,gone_404,no_snapshot,none_in_metadata
"dk0f0nl",removed_by_host+no_snapshot,removed_by_host,no_snapshot,none_in_metadata
"dk2isp",gone_404+no_snapshot,gone_404,no_snapshot,none_in_metadata
"dk3tef",gone_404+no_snapshot,gone_404,no_snapshot,none_in_metadata
"dk47okk",removed_by_host+no_snapshot,removed_by_host,no_snapshot,none_in_metadata
"dk5vzy",gone_404+no_snapshot,gone_404,no_snapshot,none_in_metadata
"dk64l5",gone_404+no_snapshot,gone_404,no_snapshot,none_in_metadata
"dk7w6x",gone_404+no_snapshot,gone_404,no_snapshot,none_in_metadata
"dk8d32",gone_404+no_snapshot,gone_404,no_snapshot,none_in_metadata
"dk8jk9",gone_404+no_snapshot,gone_404,no_snapshot,none_in_metadata
"dk8sa9a",removed_by_host+no_snapshot,removed_by_host,no_snapshot,none_in_metadata
"dk9hz53",removed_by_host+no_snapshot,removed_by_host,no_snapshot,none_in_metadata
"dkahobx",removed_by_host+no_snapshot,removed_by_host,no_snapshot,none_in_metadata
"dkax0k",gone_404+no_snapshot,gone_404,no_snapshot,none_in_metadata
"dkb7e5",gone_404+no_snapshot,gone_404,no_snapshot,none_in_metadata
"dkbak6",gone_404+no_snapshot,gone_404,no_snapshot,none_in_metadata
"dkbied",gone_404+no_snapshot,gone_404,no_snapshot,none_in_metadata
"dkc50t",gone_404+no_snapshot,gone_404,no_snapshot,none_in_metadata
"dkd1wwh",removed_by_host+no_snapshot,removed_by_host,no_snapshot,none_in_metadata
"dkepm8t",removed_by_host+no_snapshot,removed_by_host,no_snapshot,none_in_metadata
"dkhv8cx",removed_by_host+no_snapshot,removed_by_host,no_snapshot,none_in_metadata
"dki1cn",gone_404+no_snapshot,gone_404,no_snapshot,none_in_metadata
"dkigb3",gone_404+no_snapshot,gone_404,no_snapshot,none_in_metadata
"dkikij",gone_404+no_snapshot,gone_404,no_snapshot,none_in_metadata
"dkj239b",removed_by_host+no_snapshot,removed_by_host,no_snapshot,none_in_metadata
"dkkts2",gone_404+no_snapshot,gone_404,no_snapshot,none_in_metadata
"dklh9d",gone_404+no_snapshot,gone_404,no_snapshot,none_in_metadata
"dklzql",gone_404+no_snapshot,gone_404,no_snapshot,none_in_metadata
"dkm973",gone_404+no_snapshot,gone_404,no_snapshot,none_in_metadata
"dkmntb",gone_404+no_snapshot,gone_404,no_snapshot,none_in_metadata
"dkp0cb",gone_404+no_snapshot,gone_404,no_snapshot,none_in_metadata
"dkp0ogr",host_serves_non_image+no_snapshot,host_serves_non_image,no_snapshot,none_in_metadata
"dkp4sb",gone_404+no_snapshot,gone_404,no_snapshot,none_in_metadata
"dkpg4fb",removed_by_host+no_snapshot,removed_by_host,no_snapshot,none_in_metadata
"dkpzyg",gone_404+no_snapshot,gone_404,no_snapshot,none_in_metadata
"dkq7au",gone_404+no_snapshot,gone_404,no_snapshot,none_in_metadata
"dkrzjx",gone_404+no_snapshot,gone_404,no_snapshot,none_in_metadata
"dks66u",gone_404+no_snapshot,gone_404,no_snapshot,none_in_metadata
"dks9h4",gone_404+no_snapshot,gone_404,no_snapshot,none_in_metadata
"dksahwv",removed_by_host+no_snapshot,removed_by_host,no_snapshot,none_in_metadata
"dksbdhk",removed_by_host+no_snapshot,removed_by_host,no_snapshot,none_in_metadata
"dkte64",gone_404+no_snapshot,gone_404,no_snapshot,none_in_metadata
"dktut9",gone_404+no_snapshot,gone_404,no_snapshot,none_in_metadata
"dkuhbl",gone_404+no_snapshot,gone_404,no_snapshot,none_in_metadata
"dkuytg8",blocked_403+no_snapshot,blocked_403,no_snapshot,none_in_metadata
"dkvxxd",gone_404+no_snapshot,gone_404,no_snapshot,none_in_metadata
"dkwu47w",host_serves_non_image+no_snapshot,host_serves_non_image,no_snapshot,none_in_metadata
"dkwv78q",removed_by_host+no_snapshot,removed_by_host,no_snapshot,none_in_metadata
"dl053sz",removed_by_host+no_snapshot,removed_by_host,no_snapshot,none_in_metadata
"dl0ftf",gone_404+no_snapshot,gone_404,no_snapshot,none_in_metadata
"dl2txoo",removed_by_host+no_snapshot,removed_by_host,no_snapshot,none_in_metadata
"dl3c6p",gone_404+no_snapshot,gone_404,no_snapshot,none_in_metadata
"dl3cp65",blocked_403+no_snapshot,blocked_403,no_snapshot,none_in_metadata
"dl3xdf",gone_404+no_snapshot,gone_404,no_snapshot,none_in_metadata
"dl42u6s",removed_by_host+no_snapshot,removed_by_host,no_snapshot,none_in_metadata
"dl6ghs",gone_404+no_snapshot,gone_404,no_snapshot,none_in_metadata
"dl83lf",gone_404+no_snapshot,gone_404,no_snapshot,none_in_metadata
"dl87q5",gone_404+no_snapshot,gone_404,no_snapshot,none_in_metadata
"dl9uim",gone_404+no_snapshot,gone_404,no_snapshot,none_in_metadata
"dl9ycn",gone_404+no_snapshot,gone_404,no_snapshot,none_in_metadata
"dlgjcvr",removed_by_host+no_snapshot,removed_by_host,no_snapshot,none_in_metadata
"dlh7vk8",removed_by_host+no_snapshot,removed_by_host,no_snapshot,none_in_metadata
"dlhvtu7",removed_by_host+no_snapshot,removed_by_host,no_snapshot,none_in_metadata
"dlj5fnk",removed_by_host+no_snapshot,removed_by_host,no_snapshot,none_in_metadata
"dllnxx",gone_404+no_snapshot,gone_404,no_snapshot,none_in_metadata
"dlm9q3m",removed_by_host+no_snapshot,removed_by_host,no_snapshot,none_in_metadata
"dlmbiz",gone_404+no_snapshot,gone_404,no_snapshot,none_in_metadata
"dlmck3",gone_404+no_snapshot,gone_404,no_snapshot,none_in_metadata
"dln0sxp",removed_by_host+no_snapshot,removed_by_host,no_snapshot,none_in_metadata
"dlotrd",gone_404+no_snapshot,gone_404,no_snapshot,none_in_metadata
"dlpfo6",gone_404+no_snapshot,gone_404,no_snapshot,none_in_metadata
"dlqtrd",gone_404+no_snapshot,gone_404,no_snapshot,none_in_metadata
"dlsnnj",gone_404+no_snapshot,gone_404,no_snapshot,none_in_metadata
"dlsqu9",gone_404+no_snapshot,gone_404,no_snapshot,none_in_metadata
"dlvtg89",removed_by_host+no_snapshot,removed_by_host,no_snapshot,none_in_metadata
"dm2wn6r",removed_by_host+no_snapshot,removed_by_host,no_snapshot,none_in_metadata
"dm315tt",removed_by_host+no_snapshot,removed_by_host,no_snapshot,none_in_metadata
"dm4e8o5",removed_by_host+no_snapshot,removed_by_host,no_snapshot,none_in_metadata
"dmpysrj",removed_by_host+no_snapshot,removed_by_host,no_snapshot,none_in_metadata
"dmurcpr",removed_by_host+no_snapshot,removed_by_host,no_snapshot,none_in_metadata
"dmuulls",removed_by_host+no_snapshot,removed_by_host,no_snapshot,none_in_metadata
"dmztsmd",removed_by_host+no_snapshot,removed_by_host,no_snapshot,none_in_metadata
"dn0f7nb",removed_by_host+no_snapshot,removed_by_host,no_snapshot,none_in_metadata
"dn5160i",gone_404+no_snapshot,gone_404,no_snapshot,none_in_metadata
"dn6cnme",removed_by_host+no_snapshot,removed_by_host,no_snapshot,none_in_metadata
"dn9c8pa",removed_by_host+no_snapshot,removed_by_host,no_snapshot,none_in_metadata
"dn9u61g",removed_by_host+no_snapshot,removed_by_host,no_snapshot,none_in_metadata
"dnagp3n",host_serves_non_image+no_snapshot,host_serves_non_image,no_snapshot,none_in_metadata
"dnhjoj8",removed_by_host+no_snapshot,removed_by_host,no_snapshot,none_in_metadata
"dniqode",removed_by_host+no_snapshot,removed_by_host,no_snapshot,none_in_metadata
"dnmecpj",gone_404+no_snapshot,gone_404,no_snapshot,none_in_metadata
"dnmfji9",removed_by_host+no_snapshot,removed_by_host,no_snapshot,none_in_metadata
"dnuyf7z",removed_by_host+no_snapshot,removed_by_host,no_snapshot,none_in_metadata
"do3lw0k",removed_by_host+no_snapshot,removed_by_host,no_snapshot,none_in_metadata
"do622po",removed_by_host+no_snapshot,removed_by_host,no_snapshot,none_in_metadata
"docf05a",removed_by_host+no_snapshot,removed_by_host,no_snapshot,none_in_metadata
"doe29vr",removed_by_host+no_snapshot,removed_by_host,no_snapshot,none_in_metadata
"doe83kc",removed_by_host+no_snapshot,removed_by_host,no_snapshot,none_in_metadata
"dofa9v2",removed_by_host+no_snapshot,removed_by_host,no_snapshot,none_in_metadata
"dop9hf9",removed_by_host+no_snapshot,removed_by_host,no_snapshot,none_in_metadata
"dou06v3",removed_by_host+no_snapshot,removed_by_host,no_snapshot,none_in_metadata
"dov99a2",removed_by_host+no_snapshot,removed_by_host,no_snapshot,none_in_metadata
"dowzk98",removed_by_host+no_snapshot,removed_by_host,no_snapshot,none_in_metadata
"doxn08m",removed_by_host+no_snapshot,removed_by_host,no_snapshot,none_in_metadata
"dpaixad",removed_by_host+no_snapshot,removed_by_host,no_snapshot,none_in_metadata
"dpfvhcu",removed_by_host+no_snapshot,removed_by_host,no_snapshot,none_in_metadata
"dpmo2kx",host_serves_non_image+no_snapshot,host_serves_non_image,no_snapshot,none_in_metadata
"dpquzz7",removed_by_host+no_snapshot,removed_by_host,no_snapshot,none_in_metadata
"dpsmowu",host_serves_non_image+no_snapshot,host_serves_non_image,no_snapshot,none_in_metadata
"dpsu6hj",removed_by_host+no_snapshot,removed_by_host,no_snapshot,none_in_metadata
"dpt0zou",removed_by_host+no_snapshot,removed_by_host,no_snapshot,none_in_metadata
"dpvrjn7",host_serves_non_image+no_snapshot,host_serves_non_image,no_snapshot,none_in_metadata
"dpz0aal",removed_by_host+no_snapshot,removed_by_host,no_snapshot,none_in_metadata
"dpzflp5",removed_by_host+no_snapshot,removed_by_host,no_snapshot,none_in_metadata
"dpzftzy",gone_404+no_snapshot,gone_404,no_snapshot,none_in_metadata
"dpzskg7",dns_failure+no_snapshot,dns_failure,no_snapshot,none_in_metadata
"dq3n83b",removed_by_host+no_snapshot,removed_by_host,no_snapshot,none_in_metadata
"dq4x5ki",host_serves_non_image+no_snapshot,host_serves_non_image,no_snapshot,none_in_metadata
"dq7t2ox",host_serves_non_image+no_snapshot,host_serves_non_image,no_snapshot,none_in_metadata
"dq8egwt",host_serves_non_image+no_snapshot,host_serves_non_image,no_snapshot,none_in_metadata
"dqfv3bo",gone_404+no_snapshot,gone_404,no_snapshot,none_in_metadata
"dqkworj",removed_by_host+no_snapshot,removed_by_host,no_snapshot,none_in_metadata
"dqmd836",removed_by_host+no_snapshot,removed_by_host,no_snapshot,none_in_metadata
"dqwl4d3",removed_by_host+no_snapshot,removed_by_host,no_snapshot,none_in_metadata
"dqwyi7l",removed_by_host+no_snapshot,removed_by_host,no_snapshot,none_in_metadata
"dqzen5i",removed_by_host+no_snapshot,removed_by_host,no_snapshot,none_in_metadata
"drjcz1l",removed_by_host+no_snapshot,removed_by_host,no_snapshot,none_in_metadata
"drlz7xk",removed_by_host+no_snapshot,removed_by_host,no_snapshot,none_in_metadata
"droubym",removed_by_host+no_snapshot,removed_by_host,no_snapshot,none_in_metadata
"ds2ymaw",removed_by_host+no_snapshot,removed_by_host,no_snapshot,none_in_metadata
"ds32t8y",removed_by_host+no_snapshot,removed_by_host,no_snapshot,none_in_metadata
"ds4mu90",host_serves_non_image+no_snapshot,host_serves_non_image,no_snapshot,none_in_metadata
"dsdzcdm",dns_failure+no_snapshot,dns_failure,no_snapshot,none_in_metadata
"dsie8cd",removed_by_host+no_snapshot,removed_by_host,no_snapshot,none_in_metadata
"dsotk30",removed_by_host+no_snapshot,removed_by_host,no_snapshot,none_in_metadata
"dt8vl1i",removed_by_host+no_snapshot,removed_by_host,no_snapshot,none_in_metadata
"dt9zzkr",dns_failure+no_snapshot,dns_failure,no_snapshot,none_in_metadata
"dtcv05u",removed_by_host+no_snapshot,removed_by_host,no_snapshot,none_in_metadata
"dteze1w",dns_failure+no_snapshot,dns_failure,no_snapshot,none_in_metadata
"dtmd23o",removed_by_host+no_snapshot,removed_by_host,no_snapshot,none_in_metadata
"dtq4wu2",removed_by_host+no_snapshot,removed_by_host,no_snapshot,none_in_metadata
"dtr8ar2",removed_by_host+no_snapshot,removed_by_host,no_snapshot,none_in_metadata
"dtt804m",removed_by_host+no_snapshot,removed_by_host,no_snapshot,none_in_metadata
"dtx8eub",host_serves_non_image+no_snapshot,host_serves_non_image,no_snapshot,none_in_metadata
"dtx8lvp",removed_by_host+no_snapshot,removed_by_host,no_snapshot,none_in_metadata
"dty4oer",removed_by_host+no_snapshot,removed_by_host,no_snapshot,none_in_metadata
"du5mxk3",removed_by_host+no_snapshot,removed_by_host,no_snapshot,none_in_metadata
"du5qh0p",host_serves_non_image+no_snapshot,host_serves_non_image,no_snapshot,none_in_metadata
"duk0c34",removed_by_host+no_snapshot,removed_by_host,no_snapshot,none_in_metadata
"dunvaja",removed_by_host+no_snapshot,removed_by_host,no_snapshot,none_in_metadata
"dupws69",removed_by_host+no_snapshot,removed_by_host,no_snapshot,none_in_metadata
"dus6g4r",removed_by_host+no_snapshot,removed_by_host,no_snapshot,none_in_metadata
"dv147wa",removed_by_host+no_snapshot,removed_by_host,no_snapshot,none_in_metadata
"dvorhu6",removed_by_host+no_snapshot,removed_by_host,no_snapshot,none_in_metadata
"dvredw9",removed_by_host+no_snapshot,removed_by_host,no_snapshot,none_in_metadata
"dvrw9al",removed_by_host+no_snapshot,removed_by_host,no_snapshot,none_in_metadata
"dw81cwn",server_error_5xx+no_snapshot,server_error_5xx,no_snapshot,none_in_metadata
"dwfioay",removed_by_host+no_snapshot,removed_by_host,no_snapshot,none_in_metadata
"dwmia4v",gone_404+no_snapshot,gone_404,no_snapshot,none_in_metadata
"dwsszv5",removed_by_host+no_snapshot,removed_by_host,no_snapshot,none_in_metadata
"dwur47g",removed_by_host+no_snapshot,removed_by_host,no_snapshot,none_in_metadata
"dwxmoig",removed_by_host+no_snapshot,removed_by_host,no_snapshot,none_in_metadata
"dx2ee17",removed_by_host+no_snapshot,removed_by_host,no_snapshot,none_in_metadata
"dx6cmqh",removed_by_host+no_snapshot,removed_by_host,no_snapshot,none_in_metadata
"dx8ts40",removed_by_host+no_snapshot,removed_by_host,no_snapshot,none_in_metadata
"dxxu3l0",dns_failure+no_snapshot,dns_failure,no_snapshot,none_in_metadata
"dy7knjz",removed_by_host+no_snapshot,removed_by_host,no_snapshot,none_in_metadata
"dyvm2g7",removed_by_host+no_snapshot,removed_by_host,no_snapshot,none_in_metadata
"dz47und",removed_by_host+no_snapshot,removed_by_host,no_snapshot,none_in_metadata
"dzf9bm5",removed_by_host+no_snapshot,removed_by_host,no_snapshot,none_in_metadata
"dzk7krm",gone_404+no_snapshot,gone_404,no_snapshot,none_in_metadata
"dzojcby",removed_by_host+no_snapshot,removed_by_host,no_snapshot,none_in_metadata
"dzp14sm",host_serves_non_image+no_snapshot,host_serves_non_image,no_snapshot,none_in_metadata
"dzrim71",gone_404+no_snapshot,gone_404,no_snapshot,none_in_metadata
"dzs40g7",host_serves_non_image+no_snapshot,host_serves_non_image,no_snapshot,none_in_metadata
"e016axh",gone_404+no_snapshot,gone_404,no_snapshot,none_in_metadata
"e05pk88",removed_by_host+no_snapshot,removed_by_host,no_snapshot,none_in_metadata
"e081dzj",removed_by_host+no_snapshot,removed_by_host,no_snapshot,none_in_metadata
"e0ddwlo",removed_by_host+no_snapshot,removed_by_host,no_snapshot,none_in_metadata
"e0t726p",removed_by_host+no_snapshot,removed_by_host,no_snapshot,none_in_metadata
"e0t84q3",removed_by_host+no_snapshot,removed_by_host,no_snapshot,none_in_metadata
"e0t9797",removed_by_host+no_snapshot,removed_by_host,no_snapshot,none_in_metadata
"e0t9lbj",removed_by_host+no_snapshot,removed_by_host,no_snapshot,none_in_metadata
"e0z11ff",removed_by_host+no_snapshot,removed_by_host,no_snapshot,none_in_metadata
"e19erut",removed_by_host+no_snapshot,removed_by_host,no_snapshot,none_in_metadata
"e1beizm",removed_by_host+no_snapshot,removed_by_host,no_snapshot,none_in_metadata
"e1cq6gm",host_serves_non_image+no_snapshot,host_serves_non_image,no_snapshot,none_in_metadata
"e1g2kg8",removed_by_host+no_snapshot,removed_by_host,no_snapshot,none_in_metadata
"e1mwc9v",removed_by_host+no_snapshot,removed_by_host,no_snapshot,none_in_metadata
"e1x3l5x",removed_by_host+no_snapshot,removed_by_host,no_snapshot,none_in_metadata
"e22kbn1",removed_by_host+no_snapshot,removed_by_host,no_snapshot,none_in_metadata
"e2allqi",removed_by_host+no_snapshot,removed_by_host,no_snapshot,none_in_metadata
"e2scrfo",removed_by_host+no_snapshot,removed_by_host,no_snapshot,none_in_metadata
"e2uyelb",removed_by_host+no_snapshot,removed_by_host,no_snapshot,none_in_metadata
"e2zinj7",removed_by_host+no_snapshot,removed_by_host,no_snapshot,none_in_metadata
"e30rdyz",dns_failure+no_snapshot,dns_failure,no_snapshot,none_in_metadata
"e363s1h",removed_by_host+no_snapshot,removed_by_host,no_snapshot,none_in_metadata
"e36fyjd",removed_by_host+no_snapshot,removed_by_host,no_snapshot,none_in_metadata
"e36h13z",removed_by_host+no_snapshot,removed_by_host,no_snapshot,none_in_metadata
"e3b3n9q",removed_by_host+no_snapshot,removed_by_host,no_snapshot,none_in_metadata
"e3gs2ww",removed_by_host+no_snapshot,removed_by_host,no_snapshot,none_in_metadata
"e3kmol6",removed_by_host+no_snapshot,removed_by_host,no_snapshot,none_in_metadata
"e3mug8z",removed_by_host+no_snapshot,removed_by_host,no_snapshot,none_in_metadata
"e43accs",removed_by_host+no_snapshot,removed_by_host,no_snapshot,none_in_metadata
"e4doe0o",removed_by_host+no_snapshot,removed_by_host,no_snapshot,none_in_metadata
"e4h7n9u",removed_by_host+no_snapshot,removed_by_host,no_snapshot,none_in_metadata
"e4wu6d9",removed_by_host+no_snapshot,removed_by_host,no_snapshot,none_in_metadata
"e59ye61",dns_failure+no_snapshot,dns_failure,no_snapshot,none_in_metadata
"e5c0d1e",dns_failure+no_snapshot,dns_failure,no_snapshot,none_in_metadata
"e5m08dn",removed_by_host+no_snapshot,removed_by_host,no_snapshot,none_in_metadata
"e5ylsyc",removed_by_host+no_snapshot,removed_by_host,no_snapshot,none_in_metadata
"e5yofj2",removed_by_host+no_snapshot,removed_by_host,no_snapshot,none_in_metadata
"e613vyj",removed_by_host+no_snapshot,removed_by_host,no_snapshot,none_in_metadata
"e627q3y",removed_by_host+no_snapshot,removed_by_host,no_snapshot,none_in_metadata
"e6d40fo",removed_by_host+no_snapshot,removed_by_host,no_snapshot,none_in_metadata
"e6i2txk",removed_by_host+no_snapshot,removed_by_host,no_snapshot,none_in_metadata
"e6q2gr8",removed_by_host+no_snapshot,removed_by_host,no_snapshot,none_in_metadata
"e6ualun",removed_by_host+no_snapshot,removed_by_host,no_snapshot,none_in_metadata
"e8xcmrb",removed_by_host+no_snapshot,removed_by_host,no_snapshot,none_in_metadata
"egv0oz6",removed_by_host+no_snapshot,removed_by_host,no_snapshot,none_in_metadata
"egzxrvr",removed_by_host+no_snapshot,removed_by_host,no_snapshot,none_in_metadata
"ehbv4oo",removed_by_host+no_snapshot,removed_by_host,no_snapshot,none_in_metadata
"ehcgdyy",removed_by_host+no_snapshot,removed_by_host,no_snapshot,none_in_metadata
"ehcuvfe",removed_by_host+no_snapshot,removed_by_host,no_snapshot,none_in_metadata
"ehnzeq0",removed_by_host+no_snapshot,removed_by_host,no_snapshot,none_in_metadata
"ehz6l88",refused_http_400+no_snapshot,refused_http_400,no_snapshot,none_in_metadata
"eijs6sa",removed_by_host+no_snapshot,removed_by_host,no_snapshot,none_in_metadata
"ej78j0t",removed_by_host+no_snapshot,removed_by_host,no_snapshot,none_in_metadata
"ejtu8iu",gone_404+no_snapshot,gone_404,no_snapshot,none_in_metadata
"ekb1gn9",removed_by_host+no_snapshot,removed_by_host,no_snapshot,none_in_metadata
"ekptytc",gone_404+no_snapshot,gone_404,no_snapshot,none_in_metadata
"ekq5mby",removed_by_host+no_snapshot,removed_by_host,no_snapshot,none_in_metadata
"ekquqj0",removed_by_host+no_snapshot,removed_by_host,no_snapshot,none_in_metadata
"ekqxk7m",removed_by_host+no_snapshot,removed_by_host,no_snapshot,none_in_metadata
"ekscdr9",removed_by_host+no_snapshot,removed_by_host,no_snapshot,none_in_metadata
"ekysf15",removed_by_host+no_snapshot,removed_by_host,no_snapshot,none_in_metadata
"ekyudiy",removed_by_host+no_snapshot,removed_by_host,no_snapshot,none_in_metadata
"el8jftr",host_serves_non_image+no_snapshot,host_serves_non_image,no_snapshot,none_in_metadata
"emaoduc",removed_by_host+no_snapshot,removed_by_host,no_snapshot,none_in_metadata
"emmblzl",removed_by_host+no_snapshot,removed_by_host,no_snapshot,none_in_metadata
"emnr31i",removed_by_host+no_snapshot,removed_by_host,no_snapshot,none_in_metadata
"enjlg50",removed_by_host+no_snapshot,removed_by_host,no_snapshot,none_in_metadata
"enjny23",removed_by_host+no_snapshot,removed_by_host,no_snapshot,none_in_metadata
"eo1agbp",gone_404+no_snapshot,gone_404,no_snapshot,none_in_metadata
"eo2xc8n",removed_by_host+no_snapshot,removed_by_host,no_snapshot,none_in_metadata
"epl67j6",removed_by_host+no_snapshot,removed_by_host,no_snapshot,none_in_metadata
"eplnqq3",removed_by_host+no_snapshot,removed_by_host,no_snapshot,none_in_metadata
"epsrvny",removed_by_host+no_snapshot,removed_by_host,no_snapshot,none_in_metadata
"eq4a7u6",removed_by_host+no_snapshot,removed_by_host,no_snapshot,none_in_metadata
"erkob07",gone_404+no_snapshot,gone_404,no_snapshot,none_in_metadata
"erlvdtw",removed_by_host+no_snapshot,removed_by_host,no_snapshot,none_in_metadata
"ernj5sr",removed_by_host+no_snapshot,removed_by_host,no_snapshot,none_in_metadata
"erulzyc",removed_by_host+no_snapshot,removed_by_host,no_snapshot,none_in_metadata
"eruno0y",gone_404+no_snapshot,gone_404,no_snapshot,none_in_metadata
"es68qt9",gone_404+no_snapshot,gone_404,no_snapshot,none_in_metadata
"es8xs6o",removed_by_host+no_snapshot,removed_by_host,no_snapshot,none_in_metadata
"et9j3ms",removed_by_host+no_snapshot,removed_by_host,no_snapshot,none_in_metadata
"etfrcl5",gone_404+no_snapshot,gone_404,no_snapshot,none_in_metadata
"eu272s2",gone_404+no_snapshot,gone_404,no_snapshot,none_in_metadata
"eubebv6",removed_by_host+no_snapshot,removed_by_host,no_snapshot,none_in_metadata
"euup3",fetched_furniture+snapshot_furniture,fetched_furniture,snapshot_furniture,none_in_metadata
"ev0jrr0",dns_failure+no_snapshot,dns_failure,no_snapshot,none_in_metadata
"ew18gha",removed_by_host+no_snapshot,removed_by_host,no_snapshot,none_in_metadata
"ew5qq1k",removed_by_host+no_snapshot,removed_by_host,no_snapshot,none_in_metadata
"ew81gmi",gone_404+no_snapshot,gone_404,no_snapshot,none_in_metadata
"ew8i1uv",removed_by_host+no_snapshot,removed_by_host,no_snapshot,none_in_metadata
"ewh7ac5",removed_by_host+no_snapshot,removed_by_host,no_snapshot,none_in_metadata
"exir3n7",gone_404+no_snapshot,gone_404,no_snapshot,none_in_metadata
"exjbm5j",gone_404+no_snapshot,gone_404,no_snapshot,none_in_metadata
"exrxrzu",removed_by_host+no_snapshot,removed_by_host,no_snapshot,none_in_metadata
"eyipyr9",removed_by_host+no_snapshot,removed_by_host,no_snapshot,none_in_metadata
"eyttb2b",removed_by_host+no_snapshot,removed_by_host,no_snapshot,none_in_metadata
"eyxefo6",removed_by_host+no_snapshot,removed_by_host,no_snapshot,none_in_metadata
"eyzjvir",gone_404+no_snapshot,gone_404,no_snapshot,none_in_metadata
"ez9j1hy",removed_by_host+no_snapshot,removed_by_host,no_snapshot,none_in_metadata
"ezdi9vi",removed_by_host+no_snapshot,removed_by_host,no_snapshot,none_in_metadata
"ezktlg7",gone_404+no_snapshot,gone_404,no_snapshot,none_in_metadata
"ezusrk5",removed_by_host+no_snapshot,removed_by_host,no_snapshot,none_in_metadata
"ezveg0g",dns_failure+no_snapshot,dns_failure,no_snapshot,none_in_metadata
"ezzwwcr",gone_404+no_snapshot,gone_404,no_snapshot,none_in_metadata
"f0720jh",host_serves_non_image+no_snapshot,host_serves_non_image,no_snapshot,none_in_metadata
"f084ty6",gone_404+no_snapshot,gone_404,no_snapshot,none_in_metadata
"f0to6ls",removed_by_host+no_snapshot,removed_by_host,no_snapshot,none_in_metadata
"f1dg6te",removed_by_host+no_snapshot,removed_by_host,no_snapshot,none_in_metadata
"f2403qy",removed_by_host+no_snapshot,removed_by_host,no_snapshot,none_in_metadata
"f24g304",removed_by_host+no_snapshot,removed_by_host,no_snapshot,none_in_metadata
"f2hbgm6",gone_404+no_snapshot,gone_404,no_snapshot,none_in_metadata
"f2zd5yw",gone_404+no_snapshot,gone_404,no_snapshot,none_in_metadata
"f32z84c",removed_by_host+no_snapshot,removed_by_host,no_snapshot,none_in_metadata
"f3snfue",gone_404+no_snapshot,gone_404,no_snapshot,none_in_metadata
"jxjnx",gone_404+snapshot_placeholder,gone_404,snapshot_placeholder,none_in_metadata
"k4fmm",gone_404+snapshot_placeholder,gone_404,snapshot_placeholder,none_in_metadata
"kb72d",gone_404+snapshot_placeholder,gone_404,snapshot_placeholder,none_in_metadata
"n17ni",gone_404+snapshot_placeholder,gone_404,snapshot_placeholder,none_in_metadata
"n4a3b",gone_404+snapshot_placeholder,gone_404,snapshot_placeholder,none_in_metadata
"ojhk5",gone_404+snapshot_placeholder,gone_404,snapshot_placeholder,none_in_metadata
"oo08t",gone_404+snapshot_placeholder,gone_404,snapshot_placeholder,none_in_metadata
"ot61e",gone_404+snapshot_placeholder,gone_404,snapshot_placeholder,none_in_metadata
"p4r9l",gone_404+snapshot_placeholder,gone_404,snapshot_placeholder,none_in_metadata
"r2cp8",gone_404+snapshot_placeholder,gone_404,snapshot_placeholder,none_in_metadata
"r2ozl",gone_404+snapshot_placeholder,gone_404,snapshot_placeholder,none_in_metadata
"r9wlt",gone_404+snapshot_placeholder,gone_404,snapshot_placeholder,none_in_metadata
"s1qvx",gone_404+snapshot_placeholder,gone_404,snapshot_placeholder,none_in_metadata
"s39pq",fetched_blank+snapshot_blank,fetched_blank,snapshot_blank,none_in_metadata
"s4u9u",gone_404+snapshot_furniture,gone_404,snapshot_furniture,none_in_metadata
"st5w9",fetched_furniture+snapshot_furniture,fetched_furniture,snapshot_furniture,none_in_metadata
"t1yda",gone_404+snapshot_furniture,gone_404,snapshot_furniture,none_in_metadata
"t40a0",gone_404+snapshot_placeholder,gone_404,snapshot_placeholder,none_in_metadata
"ths2g",gone_404+snapshot_placeholder,gone_404,snapshot_placeholder,none_in_metadata
"tmslh",fetched_furniture+snapshot_furniture,fetched_furniture,snapshot_furniture,none_in_metadata
"u4z7m",gone_404+snapshot_placeholder,gone_404,snapshot_placeholder,none_in_metadata
"usd6s",gone_404+snapshot_placeholder,gone_404,snapshot_placeholder,none_in_metadata
"uxfaj",gone_404+snapshot_placeholder,gone_404,snapshot_placeholder,none_in_metadata
"v025k",gone_404+snapshot_placeholder,gone_404,snapshot_placeholder,none_in_metadata
"v4pjo",gone_404+snapshot_placeholder,gone_404,snapshot_placeholder,none_in_metadata
"v7u3f",gone_404+snapshot_placeholder,gone_404,snapshot_placeholder,none_in_metadata
"v8m3y",fetched_blank+no_snapshot,fetched_blank,no_snapshot,none_in_metadata
"vudr5",gone_404+snapshot_furniture,gone_404,snapshot_furniture,none_in_metadata
"vz6ae",gone_404+snapshot_furniture,gone_404,snapshot_furniture,none_in_metadata
"w0rgs",fetched_furniture+snapshot_furniture,fetched_furniture,snapshot_furniture,none_in_metadata
"w59gz",fetched_placeholder+snapshot_placeholder,fetched_placeholder,snapshot_placeholder,none_in_metadata
"w64du",gone_404+snapshot_placeholder,gone_404,snapshot_placeholder,none_in_metadata
"wfwpe",fetched_furniture+snapshot_furniture,fetched_furniture,snapshot_furniture,none_in_metadata
"ws2pk",gone_404+snapshot_placeholder,gone_404,snapshot_placeholder,none_in_metadata
"x5xvh",fetched_furniture+snapshot_furniture,fetched_furniture,snapshot_furniture,none_in_metadata
"x9jhm",gone_404+snapshot_placeholder,gone_404,snapshot_placeholder,none_in_metadata
"xjgro",gone_404+snapshot_placeholder,gone_404,snapshot_placeholder,none_in_metadata
"xwxtd",gone_404+snapshot_furniture,gone_404,snapshot_furniture,none_in_metadata
"y097u",gone_404+snapshot_placeholder,gone_404,snapshot_placeholder,none_in_metadata
"y2l1y",gone_404+snapshot_furniture,gone_404,snapshot_furniture,none_in_metadata
"yc0gd",gone_404+snapshot_furniture,gone_404,snapshot_furniture,none_in_metadata
"yd36m",gone_404+snapshot_placeholder,gone_404,snapshot_placeholder,none_in_metadata
"ynzss",gone_404+snapshot_placeholder,gone_404,snapshot_placeholder,none_in_metadata
"yx694",fetched_furniture+snapshot_furniture,fetched_furniture,snapshot_furniture,none_in_metadata
"z0w2o",gone_404+snapshot_placeholder,gone_404,snapshot_placeholder,none_in_metadata
"z2nsd",gone_404+snapshot_placeholder,gone_404,snapshot_placeholder,none_in_metadata
"z2obx",fetched_furniture+snapshot_furniture,fetched_furniture,snapshot_furniture,none_in_metadata
"z55rb",gone_404+snapshot_blank,gone_404,snapshot_blank,none_in_metadata
"zchap",gone_404+snapshot_placeholder,gone_404,snapshot_placeholder,none_in_metadata
"zi37f",gone_404+snapshot_placeholder,gone_404,snapshot_placeholder,none_in_metadata
"zmhmx",gone_404+snapshot_placeholder,gone_404,snapshot_placeholder,none_in_metadata
"zogff",gone_404+snapshot_furniture,gone_404,snapshot_furniture,none_in_metadata
"zox9h",gone_404+snapshot_furniture,gone_404,snapshot_furniture,none_in_metadata
"zxpv4",fetched_furniture+snapshot_furniture,fetched_furniture,snapshot_furniture,none_in_metadata
"zxqt6",gone_404+snapshot_placeholder,gone_404,snapshot_placeholder,none_in_metadata
